{
"type": "FeatureCollection",
"name": "nigeria_borders",
"crs": { "type": "name", "properties": { "name": "urn:ogc:def:crs:OGC:1.3:CRS84" } },
"bbox": [ 2.66853356300004, 4.27300739000003, 14.6788162340001, 13.894419133 ],                                                    
"features": [
{ "type": "Feature", "properties": { "Shape_Leng": 47.959164290499999, "Shape_Area": 75.002123467499999, "ADM0_EN": "Nigeria", "ADM0_PCODE": "NG", "ADM0_REF": "Nigeria", "ADM0ALT1EN": null, "ADM0ALT2EN": null, "date": "2016-11-29", "validOn": "2019-04-17", "validTo": null }, "bbox": [ 2.6685, 4.273, 14.6788, 13.8944 ], "geometry": { "type": "MultiLineString", "coordinates": [ [ [ 8.3448, 4.6114 ], [ 8.345, 4.6096 ], [ 8.3447, 4.6092 ], [ 8.345, 4.6086 ], [ 8.345, 4.6069 ], [ 8.3448, 4.6052 ], [ 8.3446, 4.6044 ], [ 8.3446, 4.6026 ], [ 8.3443, 4.6016 ], [ 8.3435, 4.6008 ], [ 8.3418, 4.6007 ], [ 8.3406, 4.5996 ], [ 8.3391, 4.5967 ], [ 8.338, 4.5953 ], [ 8.3374, 4.5947 ], [ 8.3358, 4.5928 ], [ 8.3366, 4.592 ], [ 8.3396, 4.5913 ], [ 8.3399, 4.5908 ], [ 8.3398, 4.5898 ], [ 8.3389, 4.5892 ], [ 8.3376, 4.5891 ], [ 8.3362, 4.5885 ], [ 8.334, 4.5885 ], [ 8.3322, 4.5892 ], [ 8.3311, 4.5891 ], [ 8.3307, 4.5895 ], [ 8.3293, 4.5881 ], [ 8.327, 4.5876 ], [ 8.3255, 4.5867 ], [ 8.3231, 4.586 ], [ 8.3216, 4.586 ], [ 8.3199, 4.5866 ], [ 8.318, 4.5867 ], [ 8.3154, 4.5875 ], [ 8.3147, 4.5885 ], [ 8.3139, 4.5907 ], [ 8.3137, 4.5925 ], [ 8.3139, 4.5939 ], [ 8.3129, 4.5954 ], [ 8.3129, 4.5966 ], [ 8.3136, 4.5972 ], [ 8.3136, 4.5977 ], [ 8.3096, 4.6061 ], [ 8.3092, 4.6076 ], [ 8.3092, 4.6093 ], [ 8.3096, 4.6101 ], [ 8.3119, 4.6112 ], [ 8.3136, 4.6113 ], [ 8.3163, 4.6108 ], [ 8.3189, 4.6109 ], [ 8.3198, 4.6114 ], [ 8.3207, 4.6115 ], [ 8.322, 4.6127 ], [ 8.3224, 4.6137 ], [ 8.3225, 4.6166 ], [ 8.3222, 4.6203 ], [ 8.3214, 4.6236 ], [ 8.3215, 4.6257 ], [ 8.3225, 4.6277 ], [ 8.3234, 4.6283 ], [ 8.3247, 4.6295 ], [ 8.3256, 4.6317 ], [ 8.3266, 4.6331 ], [ 8.3271, 4.6346 ], [ 8.3285, 4.6361 ], [ 8.3304, 4.6367 ], [ 8.3322, 4.6366 ], [ 8.3337, 4.6349 ], [ 8.336, 4.6312 ], [ 8.3382, 4.628 ], [ 8.34, 4.6261 ], [ 8.3408, 4.625 ], [ 8.3418, 4.6231 ], [ 8.3433, 4.6143 ], [ 8.3448, 4.6114 ] ], [ [ 8.5607, 4.7985 ], [ 8.5594, 4.7985 ], [ 8.5578, 4.7996 ], [ 8.5563, 4.8003 ], [ 8.5535, 4.8036 ], [ 8.5535, 4.8051 ], [ 8.5538, 4.806 ], [ 8.5552, 4.8075 ], [ 8.5557, 4.8078 ], [ 8.5567, 4.8088 ], [ 8.5575, 4.8102 ], [ 8.5579, 4.8118 ], [ 8.5584, 4.8122 ], [ 8.5584, 4.8131 ], [ 8.5598, 4.8144 ], [ 8.5626, 4.8161 ], [ 8.564, 4.8164 ], [ 8.5656, 4.8162 ], [ 8.5663, 4.816 ], [ 8.5681, 4.8139 ], [ 8.5684, 4.8133 ], [ 8.5684, 4.8127 ], [ 8.5689, 4.812 ], [ 8.5691, 4.8096 ], [ 8.5696, 4.8077 ], [ 8.5702, 4.8067 ], [ 8.5715, 4.8055 ], [ 8.572, 4.8045 ], [ 8.572, 4.8037 ], [ 8.5713, 4.803 ], [ 8.5702, 4.8025 ], [ 8.5691, 4.8025 ], [ 8.5682, 4.8021 ], [ 8.5673, 4.8019 ], [ 8.5669, 4.8015 ], [ 8.5654, 4.801 ], [ 8.5649, 4.8005 ], [ 8.5643, 4.8004 ], [ 8.5622, 4.799 ], [ 8.5614, 4.7989 ], [ 8.5607, 4.7985 ] ], [ [ 8.5868, 4.8047 ], [ 8.5834, 4.8044 ], [ 8.5808, 4.8047 ], [ 8.5787, 4.8046 ], [ 8.5765, 4.8047 ], [ 8.5753, 4.805 ], [ 8.574, 4.8058 ], [ 8.5736, 4.8062 ], [ 8.5724, 4.8089 ], [ 8.5714, 4.8128 ], [ 8.5706, 4.8143 ], [ 8.5704, 4.8153 ], [ 8.5708, 4.8157 ], [ 8.5726, 4.8158 ], [ 8.5735, 4.8162 ], [ 8.5772, 4.8164 ], [ 8.5809, 4.8128 ], [ 8.5819, 4.8123 ], [ 8.5831, 4.811 ], [ 8.5849, 4.8101 ], [ 8.5878, 4.8073 ], [ 8.5884, 4.8072 ], [ 8.5889, 4.8066 ], [ 8.589, 4.8058 ], [ 8.5881, 4.8051 ], [ 8.5868, 4.8047 ] ], [ [ 8.3005, 4.7924 ], [ 8.2971, 4.7924 ], [ 8.2948, 4.793 ], [ 8.2924, 4.795 ], [ 8.2882, 4.7976 ], [ 8.2859, 4.7995 ], [ 8.2835, 4.8023 ], [ 8.282, 4.8047 ], [ 8.2806, 4.8079 ], [ 8.2788, 4.8102 ], [ 8.2767, 4.8143 ], [ 8.2757, 4.8192 ], [ 8.2755, 4.8201 ], [ 8.276, 4.8252 ], [ 8.2765, 4.8274 ], [ 8.2778, 4.8296 ], [ 8.2802, 4.8304 ], [ 8.2825, 4.8301 ], [ 8.2855, 4.8286 ], [ 8.293, 4.8224 ], [ 8.2985, 4.8163 ], [ 8.3013, 4.8127 ], [ 8.3035, 4.8088 ], [ 8.3063, 4.8039 ], [ 8.3061, 4.8012 ], [ 8.3056, 4.7999 ], [ 8.3048, 4.7969 ], [ 8.3031, 4.7947 ], [ 8.3023, 4.793 ], [ 8.3011, 4.793 ], [ 8.3005, 4.7924 ] ], [ [ 5.5146, 13.8944 ], [ 5.5291, 13.8923 ], [ 5.5362, 13.8913 ], [ 5.5598, 13.8781 ], [ 5.5908, 13.8624 ], [ 5.6103, 13.855 ], [ 5.6423, 13.8434 ], [ 5.667, 13.8303 ], [ 5.6833, 13.8256 ], [ 5.6991, 13.8203 ], [ 5.7214, 13.8072 ], [ 5.7488, 13.7946 ], [ 5.7792, 13.7851 ], [ 5.8402, 13.763 ], [ 5.8686, 13.7546 ], [ 5.8943, 13.7446 ], [ 5.9211, 13.7378 ], [ 5.9532, 13.7247 ], [ 5.9879, 13.7131 ], [ 6.0058, 13.7084 ], [ 6.0131, 13.7054 ], [ 6.0152, 13.7059 ], [ 6.0437, 13.6972 ], [ 6.0651, 13.6869 ], [ 6.0888, 13.6766 ], [ 6.1253, 13.6536 ], [ 6.1467, 13.6433 ], [ 6.1664, 13.6537 ], [ 6.2192, 13.6737 ], [ 6.2664, 13.6797 ], [ 6.295, 13.6771 ], [ 6.3367, 13.6592 ], [ 6.4416, 13.5967 ], [ 6.4848, 13.5563 ], [ 6.5843, 13.4531 ], [ 6.6045, 13.4294 ], [ 6.6133, 13.4172 ], [ 6.641, 13.3898 ], [ 6.6669, 13.3627 ], [ 6.6735, 13.3558 ], [ 6.6767, 13.3541 ], [ 6.6832, 13.3468 ], [ 6.6946, 13.3256 ], [ 6.7092, 13.3045 ], [ 6.7206, 13.2801 ], [ 6.7352, 13.2589 ], [ 6.7625, 13.2101 ], [ 6.7731, 13.1914 ], [ 6.7861, 13.1743 ], [ 6.7925, 13.161 ], [ 6.8015, 13.1426 ], [ 6.8219, 13.1149 ], [ 6.8487, 13.0824 ], [ 6.8731, 13.0531 ], [ 6.9105, 13.0133 ], [ 6.9276, 12.9905 ], [ 6.9357, 12.9905 ], [ 6.9788, 12.9921 ], [ 7.0138, 12.9913 ], [ 7.0317, 12.997 ], [ 7.0382, 12.9974 ], [ 7.0477, 12.9991 ], [ 7.049, 12.9993 ], [ 7.0539, 12.9998 ], [ 7.0593, 13.0004 ], [ 7.0634, 13.0008 ], [ 7.0673, 13.0022 ], [ 7.0723, 13.0039 ], [ 7.0823, 13.007 ], [ 7.088, 13.0087 ], [ 7.0949, 13.0106 ], [ 7.1027, 13.0128 ], [ 7.1115, 13.0181 ], [ 7.1162, 13.0192 ], [ 7.1232, 13.0239 ], [ 7.129, 13.0274 ], [ 7.1314, 13.0297 ], [ 7.1361, 13.0332 ], [ 7.1384, 13.0355 ], [ 7.1419, 13.0379 ], [ 7.1583, 13.0518 ], [ 7.1618, 13.0576 ], [ 7.17, 13.0668 ], [ 7.1771, 13.075 ], [ 7.1817, 13.0819 ], [ 7.1876, 13.0877 ], [ 7.1923, 13.0912 ], [ 7.1958, 13.0958 ], [ 7.2005, 13.1039 ], [ 7.204, 13.1074 ], [ 7.2087, 13.112 ], [ 7.2133, 13.1155 ], [ 7.22, 13.1208 ], [ 7.228, 13.1236 ], [ 7.2353, 13.1239 ], [ 7.2486, 13.1201 ], [ 7.2615, 13.1168 ], [ 7.2713, 13.1099 ], [ 7.2821, 13.1079 ], [ 7.2889, 13.1061 ], [ 7.299, 13.1031 ], [ 7.3002, 13.1027 ], [ 7.3037, 13.1023 ], [ 7.3143, 13.1001 ], [ 7.3202, 13.0978 ], [ 7.3331, 13.0968 ], [ 7.3379, 13.0952 ], [ 7.3405, 13.0952 ], [ 7.3503, 13.0937 ], [ 7.3641, 13.0926 ], [ 7.366, 13.0917 ], [ 7.3703, 13.0908 ], [ 7.3758, 13.0908 ], [ 7.3807, 13.0902 ], [ 7.3902, 13.0927 ], [ 7.3976, 13.0918 ], [ 7.4047, 13.0927 ], [ 7.411, 13.094 ], [ 7.4211, 13.0974 ], [ 7.4317, 13.1032 ], [ 7.4434, 13.1114 ], [ 7.454, 13.116 ], [ 7.461, 13.1219 ], [ 7.4809, 13.1324 ], [ 7.4938, 13.1382 ], [ 7.5032, 13.1429 ], [ 7.5137, 13.1499 ], [ 7.5208, 13.1545 ], [ 7.5266, 13.1592 ], [ 7.5337, 13.1615 ], [ 7.5399, 13.1648 ], [ 7.5536, 13.172 ], [ 7.5559, 13.1743 ], [ 7.5641, 13.1802 ], [ 7.5735, 13.1883 ], [ 7.5782, 13.1918 ], [ 7.5887, 13.1965 ], [ 7.5969, 13.2 ], [ 7.5993, 13.2034 ], [ 7.6051, 13.207 ], [ 7.611, 13.2116 ], [ 7.6192, 13.2128 ], [ 7.6216, 13.2151 ], [ 7.6274, 13.2186 ], [ 7.6354, 13.222 ], [ 7.6391, 13.2245 ], [ 7.6462, 13.228 ], [ 7.6544, 13.2338 ], [ 7.6614, 13.2384 ], [ 7.6649, 13.2396 ], [ 7.6731, 13.2443 ], [ 7.6802, 13.2489 ], [ 7.6884, 13.2501 ], [ 7.6931, 13.2559 ], [ 7.6966, 13.2583 ], [ 7.7024, 13.2629 ], [ 7.7106, 13.2676 ], [ 7.7165, 13.2711 ], [ 7.7282, 13.2781 ], [ 7.7341, 13.2804 ], [ 7.7388, 13.2851 ], [ 7.7446, 13.2886 ], [ 7.7528, 13.2932 ], [ 7.7575, 13.2967 ], [ 7.7657, 13.3014 ], [ 7.7716, 13.306 ], [ 7.7751, 13.3107 ], [ 7.7786, 13.313 ], [ 7.7845, 13.3176 ], [ 7.7892, 13.3211 ], [ 7.795, 13.3246 ], [ 7.7985, 13.3293 ], [ 7.802, 13.3316 ], [ 7.8067, 13.3328 ], [ 7.8114, 13.3328 ], [ 7.818, 13.3304 ], [ 7.8208, 13.3294 ], [ 7.8384, 13.3295 ], [ 7.8478, 13.3296 ], [ 7.8537, 13.3285 ], [ 7.8607, 13.3274 ], [ 7.8678, 13.3251 ], [ 7.8748, 13.324 ], [ 7.8797, 13.324 ], [ 7.883, 13.3241 ], [ 7.8913, 13.3241 ], [ 7.9042, 13.3219 ], [ 7.91, 13.322 ], [ 7.9194, 13.3209 ], [ 7.9253, 13.3198 ], [ 7.937, 13.3175 ], [ 7.9406, 13.3187 ], [ 7.9617, 13.3189 ], [ 7.9746, 13.3155 ], [ 7.9863, 13.3179 ], [ 7.9934, 13.3168 ], [ 8.0016, 13.3145 ], [ 8.011, 13.3146 ], [ 8.0157, 13.3146 ], [ 8.0216, 13.3135 ], [ 8.0263, 13.3124 ], [ 8.0427, 13.309 ], [ 8.0486, 13.3068 ], [ 8.0544, 13.3068 ], [ 8.0591, 13.3069 ], [ 8.066, 13.3042 ], [ 8.0709, 13.3023 ], [ 8.0751, 13.3013 ], [ 8.0798, 13.3011 ], [ 8.0898, 13.3023 ], [ 8.0936, 13.3023 ], [ 8.0974, 13.2974 ], [ 8.0992, 13.2925 ], [ 8.1023, 13.289 ], [ 8.1085, 13.2853 ], [ 8.1132, 13.2842 ], [ 8.1191, 13.2785 ], [ 8.1296, 13.2739 ], [ 8.1343, 13.274 ], [ 8.1414, 13.2717 ], [ 8.1449, 13.2717 ], [ 8.1496, 13.2706 ], [ 8.159, 13.2626 ], [ 8.1625, 13.2592 ], [ 8.1696, 13.2489 ], [ 8.172, 13.2454 ], [ 8.1819, 13.2375 ], [ 8.1995, 13.2289 ], [ 8.2132, 13.2222 ], [ 8.2301, 13.2136 ], [ 8.2389, 13.2112 ], [ 8.2545, 13.202 ], [ 8.2783, 13.183 ], [ 8.2921, 13.1714 ], [ 8.299, 13.1616 ], [ 8.3166, 13.1407 ], [ 8.3379, 13.1236 ], [ 8.3529, 13.1144 ], [ 8.361, 13.1083 ], [ 8.3829, 13.0917 ], [ 8.3904, 13.0875 ], [ 8.3992, 13.0758 ], [ 8.4011, 13.0709 ], [ 8.4048, 13.0639 ], [ 8.4083, 13.0627 ], [ 8.4142, 13.057 ], [ 8.418, 13.0539 ], [ 8.4258, 13.0563 ], [ 8.4525, 13.0655 ], [ 8.4815, 13.0701 ], [ 8.4991, 13.0678 ], [ 8.5016, 13.0667 ], [ 8.5151, 13.0681 ], [ 8.5245, 13.0635 ], [ 8.5292, 13.0624 ], [ 8.5351, 13.0578 ], [ 8.5445, 13.0533 ], [ 8.5515, 13.0476 ], [ 8.5598, 13.0419 ], [ 8.5715, 13.0305 ], [ 8.5762, 13.0247 ], [ 8.5786, 13.0213 ], [ 8.5903, 13.0145 ], [ 8.5927, 13.0122 ], [ 8.5974, 13.0087 ], [ 8.6033, 13.0042 ], [ 8.6115, 12.9973 ], [ 8.6174, 12.9916 ], [ 8.6197, 12.9893 ], [ 8.6327, 12.9779 ], [ 8.6344, 12.9724 ], [ 8.6398, 12.9618 ], [ 8.6428, 12.9564 ], [ 8.6451, 12.948 ], [ 8.6466, 12.9412 ], [ 8.6619, 12.9313 ], [ 8.6771, 12.9252 ], [ 8.6993, 12.9145 ], [ 8.7098, 12.9138 ], [ 8.7221, 12.9137 ], [ 8.7397, 12.9069 ], [ 8.7572, 12.9008 ], [ 8.7717, 12.8977 ], [ 8.7832, 12.8962 ], [ 8.7885, 12.8908 ], [ 8.8068, 12.8878 ], [ 8.8243, 12.8802 ], [ 8.8396, 12.8764 ], [ 8.8487, 12.8718 ], [ 8.867, 12.8695 ], [ 8.8854, 12.8603 ], [ 8.9227, 12.8504 ], [ 8.9441, 12.8428 ], [ 8.967, 12.8329 ], [ 8.9776, 12.8344 ], [ 8.9906, 12.839 ], [ 9.0127, 12.8382 ], [ 9.0371, 12.8375 ], [ 9.0452, 12.8372 ], [ 9.0615, 12.8367 ], [ 9.074, 12.8369 ], [ 9.0818, 12.8348 ], [ 9.0944, 12.8361 ], [ 9.1133, 12.8348 ], [ 9.1374, 12.8343 ], [ 9.1424, 12.8327 ], [ 9.1471, 12.8337 ], [ 9.1607, 12.8337 ], [ 9.1809, 12.8277 ], [ 9.2071, 12.828 ], [ 9.2255, 12.8283 ], [ 9.2305, 12.824 ], [ 9.2467, 12.8245 ], [ 9.2609, 12.8188 ], [ 9.272, 12.8176 ], [ 9.2871, 12.8125 ], [ 9.2972, 12.8123 ], [ 9.3123, 12.8112 ], [ 9.333, 12.8131 ], [ 9.3408, 12.8144 ], [ 9.3548, 12.8169 ], [ 9.375, 12.8184 ], [ 9.3813, 12.8187 ], [ 9.3899, 12.8225 ], [ 9.4153, 12.8214 ], [ 9.4292, 12.8219 ], [ 9.436, 12.8188 ], [ 9.4627, 12.8146 ], [ 9.4947, 12.81 ], [ 9.5336, 12.8085 ], [ 9.5496, 12.8077 ], [ 9.565, 12.8067 ], [ 9.57, 12.8078 ], [ 9.5746, 12.8072 ], [ 9.5793, 12.8072 ], [ 9.5828, 12.8073 ], [ 9.5969, 12.8051 ], [ 9.6016, 12.8052 ], [ 9.6067, 12.8061 ], [ 9.6167, 12.8051 ], [ 9.6285, 12.8051 ], [ 9.6474, 12.8036 ], [ 9.6537, 12.8044 ], [ 9.6559, 12.8072 ], [ 9.6581, 12.8091 ], [ 9.6921, 12.8394 ], [ 9.7077, 12.8563 ], [ 9.7189, 12.8675 ], [ 9.7244, 12.8731 ], [ 9.7245, 12.8769 ], [ 9.7255, 12.8841 ], [ 9.7297, 12.8851 ], [ 9.7366, 12.8856 ], [ 9.7407, 12.8888 ], [ 9.7446, 12.8927 ], [ 9.7478, 12.8956 ], [ 9.7499, 12.8977 ], [ 9.7521, 12.899 ], [ 9.7549, 12.9032 ], [ 9.758, 12.9058 ], [ 9.7609, 12.908 ], [ 9.7638, 12.911 ], [ 9.7657, 12.9153 ], [ 9.77, 12.9192 ], [ 9.7747, 12.9254 ], [ 9.7774, 12.9273 ], [ 9.7817, 12.9312 ], [ 9.786, 12.9351 ], [ 9.7887, 12.937 ], [ 9.7919, 12.9411 ], [ 9.7946, 12.943 ], [ 9.7975, 12.946 ], [ 9.8002, 12.9479 ], [ 9.8043, 12.9527 ], [ 9.809, 12.9629 ], [ 9.8201, 12.9736 ], [ 9.8278, 12.9915 ], [ 9.8428, 13.0103 ], [ 9.8431, 13.0106 ], [ 9.8438, 13.0152 ], [ 9.8448, 13.0193 ], [ 9.8448, 13.0264 ], [ 9.8543, 13.0346 ], [ 9.8657, 13.0377 ], [ 9.9051, 13.0642 ], [ 9.9059, 13.065 ], [ 9.9086, 13.0669 ], [ 9.9117, 13.071 ], [ 9.9146, 13.074 ], [ 9.9174, 13.0759 ], [ 9.9191, 13.0791 ], [ 9.9261, 13.0849 ], [ 9.9304, 13.0888 ], [ 9.9324, 13.0931 ], [ 9.9351, 13.095 ], [ 9.9378, 13.0969 ], [ 9.9396, 13.1001 ], [ 9.9452, 13.1049 ], [ 9.9482, 13.1079 ], [ 9.9526, 13.113 ], [ 9.956, 13.1182 ], [ 9.9579, 13.1226 ], [ 9.9608, 13.1256 ], [ 9.9636, 13.1274 ], [ 9.9663, 13.1293 ], [ 9.969, 13.1312 ], [ 9.9733, 13.1351 ], [ 9.9766, 13.1404 ], [ 9.9787, 13.1418 ], [ 9.9807, 13.1486 ], [ 9.9923, 13.1598 ], [ 10.0, 13.1675 ], [ 10.016, 13.1748 ], [ 10.0358, 13.1839 ], [ 10.0459, 13.1941 ], [ 10.0643, 13.2043 ], [ 10.0856, 13.2144 ], [ 10.1078, 13.2246 ], [ 10.1209, 13.2294 ], [ 10.1255, 13.2308 ], [ 10.1283, 13.2327 ], [ 10.1365, 13.2356 ], [ 10.1456, 13.2429 ], [ 10.1765, 13.256 ], [ 10.1983, 13.2642 ], [ 10.2012, 13.2662 ], [ 10.2084, 13.2676 ], [ 10.2331, 13.2681 ], [ 10.2524, 13.27 ], [ 10.2674, 13.2715 ], [ 10.2812, 13.2706 ], [ 10.2892, 13.27 ], [ 10.3279, 13.2729 ], [ 10.3656, 13.2758 ], [ 10.399, 13.2768 ], [ 10.4415, 13.2816 ], [ 10.4541, 13.2807 ], [ 10.4657, 13.2821 ], [ 10.4817, 13.2889 ], [ 10.4924, 13.2948 ], [ 10.498, 13.2966 ], [ 10.5019, 13.2983 ], [ 10.5056, 13.2989 ], [ 10.5094, 13.3006 ], [ 10.5133, 13.3022 ], [ 10.525, 13.3073 ], [ 10.5287, 13.3079 ], [ 10.5324, 13.3084 ], [ 10.5363, 13.3101 ], [ 10.5402, 13.3118 ], [ 10.5452, 13.3133 ], [ 10.5491, 13.315 ], [ 10.5528, 13.3155 ], [ 10.5591, 13.3168 ], [ 10.5632, 13.3196 ], [ 10.5659, 13.3215 ], [ 10.5711, 13.3241 ], [ 10.5748, 13.3247 ], [ 10.5785, 13.3252 ], [ 10.5834, 13.3256 ], [ 10.5861, 13.3275 ], [ 10.59, 13.3292 ], [ 10.5927, 13.331 ], [ 10.5962, 13.3305 ], [ 10.599, 13.3323 ], [ 10.6044, 13.3361 ], [ 10.6083, 13.3378 ], [ 10.6135, 13.3404 ], [ 10.6174, 13.3421 ], [ 10.6202, 13.344 ], [ 10.6252, 13.3455 ], [ 10.6289, 13.346 ], [ 10.6328, 13.3477 ], [ 10.6365, 13.3483 ], [ 10.6416, 13.3497 ], [ 10.6503, 13.3518 ], [ 10.654, 13.3524 ], [ 10.6567, 13.3542 ], [ 10.6608, 13.357 ], [ 10.6645, 13.3576 ], [ 10.6682, 13.3582 ], [ 10.6733, 13.3596 ], [ 10.677, 13.3602 ], [ 10.682, 13.3617 ], [ 10.6869, 13.3621 ], [ 10.6906, 13.3626 ], [ 10.6954, 13.363 ], [ 10.7005, 13.3645 ], [ 10.7042, 13.3651 ], [ 10.7077, 13.3645 ], [ 10.7114, 13.3651 ], [ 10.7188, 13.3662 ], [ 10.7234, 13.3654 ], [ 10.7295, 13.3656 ], [ 10.733, 13.365 ], [ 10.7376, 13.3643 ], [ 10.7423, 13.3635 ], [ 10.7458, 13.363 ], [ 10.7508, 13.3645 ], [ 10.7569, 13.3646 ], [ 10.7615, 13.3639 ], [ 10.7676, 13.364 ], [ 10.7722, 13.3633 ], [ 10.7759, 13.3638 ], [ 10.7808, 13.3642 ], [ 10.7854, 13.3635 ], [ 10.7891, 13.364 ], [ 10.7926, 13.3635 ], [ 10.7975, 13.3638 ], [ 10.8037, 13.3651 ], [ 10.8074, 13.3657 ], [ 10.8113, 13.3674 ], [ 10.815, 13.3679 ], [ 10.8199, 13.3683 ], [ 10.8236, 13.3689 ], [ 10.8306, 13.3677 ], [ 10.8339, 13.366 ], [ 10.8374, 13.3655 ], [ 10.8409, 13.3649 ], [ 10.8469, 13.3651 ], [ 10.8519, 13.3666 ], [ 10.8582, 13.3679 ], [ 10.8628, 13.3671 ], [ 10.8665, 13.3677 ], [ 10.8702, 13.3682 ], [ 10.8739, 13.3688 ], [ 10.8776, 13.3694 ], [ 10.8813, 13.3699 ], [ 10.885, 13.3705 ], [ 10.8885, 13.3699 ], [ 10.892, 13.3694 ], [ 10.8955, 13.3688 ], [ 10.9004, 13.3692 ], [ 10.904, 13.3697 ], [ 10.9078, 13.3703 ], [ 10.9114, 13.3708 ], [ 10.9151, 13.3714 ], [ 10.9214, 13.3727 ], [ 10.926, 13.3719 ], [ 10.9309, 13.3723 ], [ 10.9357, 13.3727 ], [ 10.9402, 13.3708 ], [ 10.9643, 13.3725 ], [ 10.988, 13.374 ], [ 11.0209, 13.374 ], [ 11.0388, 13.374 ], [ 11.0576, 13.374 ], [ 11.0659, 13.3745 ], [ 11.0862, 13.375 ], [ 11.2218, 13.374 ], [ 11.2552, 13.374 ], [ 11.2799, 13.3745 ], [ 11.2977, 13.375 ], [ 11.3403, 13.3735 ], [ 11.377, 13.3721 ], [ 11.4046, 13.3696 ], [ 11.4166, 13.3657 ], [ 11.4202, 13.3659 ], [ 11.4237, 13.3654 ], [ 11.4272, 13.3648 ], [ 11.4328, 13.3627 ], [ 11.4394, 13.3594 ], [ 11.4431, 13.3599 ], [ 11.4468, 13.3605 ], [ 11.4544, 13.3627 ], [ 11.4604, 13.3629 ], [ 11.4625, 13.3626 ], [ 11.4677, 13.3639 ], [ 11.475, 13.3679 ], [ 11.4855, 13.3658 ], [ 11.5084, 13.3544 ], [ 11.5086, 13.3542 ], [ 11.5209, 13.3522 ], [ 11.5436, 13.3469 ], [ 11.5669, 13.3353 ], [ 11.593, 13.3242 ], [ 11.6046, 13.3179 ], [ 11.6201, 13.3135 ], [ 11.6447, 13.3044 ], [ 11.6573, 13.3015 ], [ 11.6665, 13.2966 ], [ 11.6791, 13.2928 ], [ 11.7081, 13.285 ], [ 11.7303, 13.2802 ], [ 11.7414, 13.2749 ], [ 11.7492, 13.2763 ], [ 11.7637, 13.2739 ], [ 11.7724, 13.2715 ], [ 11.7835, 13.2686 ], [ 11.8024, 13.2662 ], [ 11.8483, 13.2555 ], [ 11.8793, 13.2487 ], [ 11.8909, 13.242 ], [ 11.9271, 13.2241 ], [ 11.947, 13.2081 ], [ 11.9794, 13.1854 ], [ 11.9987, 13.169 ], [ 12.0113, 13.1578 ], [ 12.0142, 13.1511 ], [ 12.0311, 13.1375 ], [ 12.0427, 13.1307 ], [ 12.0461, 13.1283 ], [ 12.0548, 13.1216 ], [ 12.0669, 13.1167 ], [ 12.0714, 13.1135 ], [ 12.0738, 13.1132 ], [ 12.0853, 13.108 ], [ 12.0967, 13.1048 ], [ 12.1061, 13.1037 ], [ 12.1186, 13.1015 ], [ 12.1291, 13.0994 ], [ 12.131, 13.0986 ], [ 12.1316, 13.1009 ], [ 12.1347, 13.1042 ], [ 12.1395, 13.0994 ], [ 12.1425, 13.099 ], [ 12.1493, 13.0969 ], [ 12.151, 13.0985 ], [ 12.149, 13.1053 ], [ 12.1509, 13.1086 ], [ 12.1576, 13.1081 ], [ 12.1618, 13.1032 ], [ 12.1636, 13.1021 ], [ 12.1704, 13.1037 ], [ 12.1728, 13.1008 ], [ 12.1776, 13.0983 ], [ 12.1803, 13.1039 ], [ 12.1874, 13.1066 ], [ 12.1793, 13.1151 ], [ 12.1769, 13.1204 ], [ 12.1785, 13.1252 ], [ 12.1838, 13.121 ], [ 12.1884, 13.1203 ], [ 12.1949, 13.122 ], [ 12.198, 13.1225 ], [ 12.2026, 13.1227 ], [ 12.2069, 13.1205 ], [ 12.211, 13.1148 ], [ 12.2183, 13.1141 ], [ 12.2269, 13.1096 ], [ 12.2302, 13.1077 ], [ 12.2337, 13.1073 ], [ 12.2357, 13.1099 ], [ 12.2382, 13.1134 ], [ 12.2411, 13.1146 ], [ 12.2511, 13.1144 ], [ 12.257, 13.1143 ], [ 12.2653, 13.1096 ], [ 12.2703, 13.1036 ], [ 12.273, 13.0956 ], [ 12.2724, 13.0888 ], [ 12.2746, 13.0834 ], [ 12.2776, 13.081 ], [ 12.2871, 13.08 ], [ 12.288, 13.0823 ], [ 12.2823, 13.0837 ], [ 12.2805, 13.0861 ], [ 12.282, 13.0875 ], [ 12.2835, 13.0888 ], [ 12.2869, 13.0919 ], [ 12.2895, 13.0931 ], [ 12.2935, 13.0958 ], [ 12.2975, 13.0962 ], [ 12.3021, 13.0961 ], [ 12.3062, 13.0958 ], [ 12.312, 13.0925 ], [ 12.3191, 13.0878 ], [ 12.3231, 13.0854 ], [ 12.3271, 13.0856 ], [ 12.3336, 13.0837 ], [ 12.3332, 13.0776 ], [ 12.3362, 13.0727 ], [ 12.3392, 13.073 ], [ 12.3408, 13.0837 ], [ 12.3436, 13.0859 ], [ 12.3477, 13.082 ], [ 12.3524, 13.0793 ], [ 12.3557, 13.079 ], [ 12.3615, 13.0804 ], [ 12.3623, 13.0878 ], [ 12.3634, 13.09 ], [ 12.3686, 13.0867 ], [ 12.3688, 13.0791 ], [ 12.3703, 13.0771 ], [ 12.3749, 13.0759 ], [ 12.3904, 13.0768 ], [ 12.3937, 13.0771 ], [ 12.3941, 13.0771 ], [ 12.4003, 13.0776 ], [ 12.4016, 13.0743 ], [ 12.4071, 13.0787 ], [ 12.4124, 13.0776 ], [ 12.4195, 13.0757 ], [ 12.4283, 13.073 ], [ 12.4295, 13.0727 ], [ 12.4324, 13.0719 ], [ 12.4345, 13.0719 ], [ 12.4385, 13.0719 ], [ 12.4478, 13.0716 ], [ 12.4539, 13.0716 ], [ 12.4583, 13.0708 ], [ 12.4614, 13.069 ], [ 12.466, 13.0664 ], [ 12.471, 13.0631 ], [ 12.4737, 13.0631 ], [ 12.4773, 13.0631 ], [ 12.48, 13.0644 ], [ 12.4809, 13.0666 ], [ 12.4825, 13.0691 ], [ 12.4822, 13.073 ], [ 12.4809, 13.076 ], [ 12.4795, 13.0804 ], [ 12.48, 13.0834 ], [ 12.4836, 13.0842 ], [ 12.4888, 13.0829 ], [ 12.4946, 13.0829 ], [ 12.4976, 13.0842 ], [ 12.4954, 13.0867 ], [ 12.4924, 13.0881 ], [ 12.491, 13.0897 ], [ 12.4932, 13.0917 ], [ 12.4971, 13.0933 ], [ 12.4957, 13.0952 ], [ 12.4935, 13.0969 ], [ 12.4921, 13.1005 ], [ 12.4927, 13.1017 ], [ 12.4946, 13.1057 ], [ 12.4963, 13.109 ], [ 12.4957, 13.1115 ], [ 12.4953, 13.1131 ], [ 12.4914, 13.1175 ], [ 12.4909, 13.1225 ], [ 12.4939, 13.1263 ], [ 12.4967, 13.1302 ], [ 12.5002, 13.1346 ], [ 12.5044, 13.1384 ], [ 12.5085, 13.1412 ], [ 12.5097, 13.142 ], [ 12.5129, 13.1442 ], [ 12.517, 13.1486 ], [ 12.5178, 13.1489 ], [ 12.5195, 13.1494 ], [ 12.5258, 13.1464 ], [ 12.5319, 13.1464 ], [ 12.5368, 13.1467 ], [ 12.5382, 13.1412 ], [ 12.5401, 13.1395 ], [ 12.5423, 13.1409 ], [ 12.544, 13.1439 ], [ 12.547, 13.1492 ], [ 12.5495, 13.1522 ], [ 12.5525, 13.1541 ], [ 12.5561, 13.1552 ], [ 12.5586, 13.1574 ], [ 12.5561, 13.1591 ], [ 12.5533, 13.1646 ], [ 12.5533, 13.1684 ], [ 12.5533, 13.175 ], [ 12.5558, 13.1802 ], [ 12.5577, 13.1841 ], [ 12.5602, 13.1866 ], [ 12.5643, 13.1918 ], [ 12.5619, 13.197 ], [ 12.5586, 13.1965 ], [ 12.5544, 13.1926 ], [ 12.5511, 13.1907 ], [ 12.547, 13.1921 ], [ 12.5423, 13.1934 ], [ 12.5407, 13.197 ], [ 12.5388, 13.1998 ], [ 12.5374, 13.2025 ], [ 12.5371, 13.2031 ], [ 12.5379, 13.2061 ], [ 12.536, 13.2108 ], [ 12.5366, 13.2127 ], [ 12.5406, 13.2122 ], [ 12.5412, 13.2121 ], [ 12.5434, 13.2083 ], [ 12.5476, 13.2017 ], [ 12.5511, 13.2014 ], [ 12.5533, 13.2055 ], [ 12.5542, 13.2135 ], [ 12.5536, 13.2187 ], [ 12.5576, 13.2218 ], [ 12.5617, 13.224 ], [ 12.5675, 13.2259 ], [ 12.57, 13.2278 ], [ 12.5722, 13.2308 ], [ 12.5689, 13.2344 ], [ 12.5661, 13.2374 ], [ 12.5661, 13.2399 ], [ 12.5697, 13.2435 ], [ 12.5727, 13.2485 ], [ 12.5755, 13.2507 ], [ 12.5766, 13.2534 ], [ 12.5771, 13.2564 ], [ 12.5779, 13.2603 ], [ 12.5785, 13.2633 ], [ 12.5788, 13.2666 ], [ 12.579, 13.2691 ], [ 12.5829, 13.2688 ], [ 12.5867, 13.2663 ], [ 12.5903, 13.2636 ], [ 12.5922, 13.2644 ], [ 12.5922, 13.2674 ], [ 12.5917, 13.2699 ], [ 12.5898, 13.2729 ], [ 12.5884, 13.2754 ], [ 12.5895, 13.2776 ], [ 12.5994, 13.2757 ], [ 12.6035, 13.276 ], [ 12.6088, 13.2765 ], [ 12.6121, 13.2749 ], [ 12.6181, 13.2716 ], [ 12.6266, 13.2721 ], [ 12.6297, 13.276 ], [ 12.6338, 13.279 ], [ 12.6352, 13.2828 ], [ 12.6365, 13.2859 ], [ 12.6376, 13.2892 ], [ 12.6387, 13.2925 ], [ 12.6412, 13.2977 ], [ 12.6431, 13.2999 ], [ 12.6432, 13.2999 ], [ 12.6464, 13.2999 ], [ 12.6475, 13.2958 ], [ 12.6475, 13.2941 ], [ 12.6475, 13.2925 ], [ 12.6484, 13.2903 ], [ 12.6489, 13.2853 ], [ 12.6506, 13.2834 ], [ 12.6524, 13.2835 ], [ 12.6544, 13.2837 ], [ 12.6577, 13.285 ], [ 12.6635, 13.2842 ], [ 12.666, 13.2809 ], [ 12.6671, 13.2768 ], [ 12.6687, 13.2732 ], [ 12.6739, 13.2727 ], [ 12.6759, 13.274 ], [ 12.6781, 13.276 ], [ 12.6797, 13.2787 ], [ 12.6833, 13.2834 ], [ 12.6904, 13.2925 ], [ 12.691, 13.2947 ], [ 12.6924, 13.2974 ], [ 12.6937, 13.2999 ], [ 12.6926, 13.3026 ], [ 12.6915, 13.3062 ], [ 12.6913, 13.3087 ], [ 12.6921, 13.3123 ], [ 12.6946, 13.3125 ], [ 12.6981, 13.3125 ], [ 12.7036, 13.3128 ], [ 12.7056, 13.3117 ], [ 12.7097, 13.3073 ], [ 12.713, 13.3051 ], [ 12.716, 13.304 ], [ 12.7207, 13.3054 ], [ 12.7199, 13.3095 ], [ 12.7152, 13.3134 ], [ 12.7138, 13.3161 ], [ 12.7168, 13.3172 ], [ 12.7232, 13.318 ], [ 12.7303, 13.3189 ], [ 12.7355, 13.3202 ], [ 12.7388, 13.3219 ], [ 12.7405, 13.323 ], [ 12.7408, 13.3233 ], [ 12.7411, 13.3239 ], [ 12.7413, 13.3246 ], [ 12.7419, 13.3253 ], [ 12.7427, 13.3261 ], [ 12.7427, 13.3296 ], [ 12.7383, 13.3318 ], [ 12.7386, 13.3345 ], [ 12.741, 13.3398 ], [ 12.7488, 13.3483 ], [ 12.7532, 13.353 ], [ 12.76, 13.3516 ], [ 12.7688, 13.3538 ], [ 12.7747, 13.3557 ], [ 12.7779, 13.3568 ], [ 12.7828, 13.3581 ], [ 12.7871, 13.3653 ], [ 12.7894, 13.3662 ], [ 12.7918, 13.368 ], [ 12.7918, 13.3712 ], [ 12.7918, 13.3735 ], [ 12.7931, 13.3775 ], [ 12.7933, 13.378 ], [ 12.7979, 13.3807 ], [ 12.7982, 13.3806 ], [ 12.7983, 13.3807 ], [ 12.8013, 13.381 ], [ 12.806, 13.384 ], [ 12.8082, 13.386 ], [ 12.8095, 13.3876 ], [ 12.8162, 13.391 ], [ 12.8189, 13.3929 ], [ 12.8208, 13.3967 ], [ 12.8197, 13.4006 ], [ 12.8208, 13.403 ], [ 12.823, 13.4058 ], [ 12.8258, 13.4058 ], [ 12.8263, 13.4036 ], [ 12.8266, 13.3995 ], [ 12.8277, 13.3967 ], [ 12.8307, 13.397 ], [ 12.8321, 13.3989 ], [ 12.8335, 13.4017 ], [ 12.8337, 13.4044 ], [ 12.8335, 13.4066 ], [ 12.8326, 13.4118 ], [ 12.8326, 13.4149 ], [ 12.8304, 13.4184 ], [ 12.8277, 13.4198 ], [ 12.8255, 13.4204 ], [ 12.8208, 13.4209 ], [ 12.8184, 13.4212 ], [ 12.8167, 13.4215 ], [ 12.8161, 13.4251 ], [ 12.822, 13.4251 ], [ 12.826, 13.425 ], [ 12.8288, 13.4267 ], [ 12.8302, 13.4303 ], [ 12.8332, 13.4303 ], [ 12.8348, 13.4286 ], [ 12.8381, 13.4292 ], [ 12.8387, 13.4316 ], [ 12.8373, 13.4338 ], [ 12.8359, 13.4371 ], [ 12.837, 13.4396 ], [ 12.8381, 13.4424 ], [ 12.8414, 13.4435 ], [ 12.8442, 13.4415 ], [ 12.8472, 13.4396 ], [ 12.85, 13.4391 ], [ 12.8568, 13.438 ], [ 12.8604, 13.4371 ], [ 12.8626, 13.4391 ], [ 12.861, 13.4415 ], [ 12.8582, 13.4451 ], [ 12.8566, 13.4479 ], [ 12.8582, 13.4564 ], [ 12.8612, 13.4624 ], [ 12.8621, 13.4663 ], [ 12.86, 13.4667 ], [ 12.8555, 13.4677 ], [ 12.8516, 13.4685 ], [ 12.8502, 13.4701 ], [ 12.8522, 13.4734 ], [ 12.8555, 13.4754 ], [ 12.8582, 13.4778 ], [ 12.8621, 13.4789 ], [ 12.8665, 13.4765 ], [ 12.8679, 13.4754 ], [ 12.8722, 13.4721 ], [ 12.8753, 13.4699 ], [ 12.8783, 13.4707 ], [ 12.8797, 13.4743 ], [ 12.8794, 13.4773 ], [ 12.8761, 13.4806 ], [ 12.8747, 13.483 ], [ 12.8739, 13.4844 ], [ 12.8728, 13.4902 ], [ 12.8744, 13.4949 ], [ 12.8777, 13.4968 ], [ 12.8849, 13.4949 ], [ 12.8918, 13.4932 ], [ 12.8919, 13.4918 ], [ 12.8923, 13.4872 ], [ 12.8937, 13.4853 ], [ 12.9003, 13.4853 ], [ 12.9042, 13.4831 ], [ 12.9072, 13.4814 ], [ 12.9193, 13.4828 ], [ 12.9248, 13.4833 ], [ 12.9284, 13.4899 ], [ 12.9369, 13.499 ], [ 12.9465, 13.5023 ], [ 12.95, 13.5057 ], [ 12.9534, 13.5089 ], [ 12.9545, 13.5076 ], [ 12.9589, 13.5023 ], [ 12.9608, 13.4982 ], [ 12.9649, 13.5067 ], [ 12.968, 13.5117 ], [ 12.97, 13.5141 ], [ 12.9707, 13.515 ], [ 12.9713, 13.5147 ], [ 12.9735, 13.5136 ], [ 12.9751, 13.5119 ], [ 12.9754, 13.5097 ], [ 12.9861, 13.5095 ], [ 12.993, 13.5125 ], [ 12.9982, 13.5136 ], [ 13.0018, 13.5136 ], [ 13.004, 13.5122 ], [ 13.0059, 13.5108 ], [ 13.0095, 13.5119 ], [ 13.0158, 13.5177 ], [ 13.026, 13.5298 ], [ 13.0279, 13.5315 ], [ 13.0332, 13.5304 ], [ 13.0398, 13.5262 ], [ 13.0425, 13.5255 ], [ 13.0461, 13.5246 ], [ 13.0466, 13.5268 ], [ 13.0461, 13.5312 ], [ 13.0466, 13.5359 ], [ 13.0471, 13.5384 ], [ 13.0475, 13.5408 ], [ 13.0494, 13.5417 ], [ 13.0528, 13.5403 ], [ 13.0563, 13.5389 ], [ 13.0601, 13.5425 ], [ 13.064, 13.5474 ], [ 13.0675, 13.5474 ], [ 13.0689, 13.5474 ], [ 13.075, 13.5472 ], [ 13.0813, 13.5458 ], [ 13.0802, 13.5413 ], [ 13.0764, 13.5368 ], [ 13.0725, 13.536 ], [ 13.0707, 13.5356 ], [ 13.0692, 13.5322 ], [ 13.0682, 13.5299 ], [ 13.0699, 13.5265 ], [ 13.0713, 13.5236 ], [ 13.0751, 13.5217 ], [ 13.079, 13.5212 ], [ 13.0816, 13.5208 ], [ 13.084, 13.5204 ], [ 13.0884, 13.5173 ], [ 13.0885, 13.5172 ], [ 13.0896, 13.5161 ], [ 13.0915, 13.5141 ], [ 13.0947, 13.5167 ], [ 13.1004, 13.5293 ], [ 13.1054, 13.535 ], [ 13.111, 13.5308 ], [ 13.1149, 13.528 ], [ 13.1185, 13.5232 ], [ 13.1186, 13.523 ], [ 13.1188, 13.5229 ], [ 13.12, 13.5221 ], [ 13.1237, 13.5198 ], [ 13.1268, 13.5192 ], [ 13.1264, 13.523 ], [ 13.1262, 13.5242 ], [ 13.1262, 13.5255 ], [ 13.1262, 13.5286 ], [ 13.1265, 13.5304 ], [ 13.1268, 13.532 ], [ 13.1268, 13.5324 ], [ 13.1255, 13.5336 ], [ 13.1231, 13.5356 ], [ 13.1238, 13.537 ], [ 13.125, 13.5394 ], [ 13.1388, 13.54 ], [ 13.1419, 13.5425 ], [ 13.1451, 13.545 ], [ 13.1495, 13.545 ], [ 13.1483, 13.5413 ], [ 13.1458, 13.5387 ], [ 13.1451, 13.5343 ], [ 13.1451, 13.5299 ], [ 13.1439, 13.5255 ], [ 13.1432, 13.5198 ], [ 13.1448, 13.5166 ], [ 13.1451, 13.516 ], [ 13.1461, 13.5159 ], [ 13.1527, 13.5148 ], [ 13.1577, 13.5129 ], [ 13.1596, 13.5186 ], [ 13.1622, 13.523 ], [ 13.1641, 13.5261 ], [ 13.171, 13.5299 ], [ 13.1767, 13.5318 ], [ 13.1855, 13.5312 ], [ 13.1861, 13.5295 ], [ 13.1899, 13.5192 ], [ 13.1918, 13.515 ], [ 13.1937, 13.511 ], [ 13.1987, 13.5097 ], [ 13.2006, 13.5167 ], [ 13.1994, 13.5211 ], [ 13.2063, 13.5261 ], [ 13.2101, 13.5299 ], [ 13.2106, 13.5329 ], [ 13.2107, 13.5336 ], [ 13.212, 13.5419 ], [ 13.2139, 13.5501 ], [ 13.2189, 13.545 ], [ 13.2221, 13.5501 ], [ 13.2277, 13.5532 ], [ 13.2366, 13.557 ], [ 13.2391, 13.5608 ], [ 13.2423, 13.5659 ], [ 13.2416, 13.5703 ], [ 13.2385, 13.5722 ], [ 13.2356, 13.5722 ], [ 13.2347, 13.5722 ], [ 13.2337, 13.5733 ], [ 13.2322, 13.5753 ], [ 13.2347, 13.581 ], [ 13.2378, 13.5854 ], [ 13.2416, 13.586 ], [ 13.2438, 13.5844 ], [ 13.2461, 13.5827 ], [ 13.2492, 13.5804 ], [ 13.2542, 13.5797 ], [ 13.2574, 13.586 ], [ 13.2618, 13.5891 ], [ 13.2637, 13.5904 ], [ 13.265, 13.5942 ], [ 13.2631, 13.598 ], [ 13.2605, 13.598 ], [ 13.2574, 13.598 ], [ 13.2555, 13.5993 ], [ 13.2555, 13.6003 ], [ 13.2555, 13.605 ], [ 13.2504, 13.6113 ], [ 13.2492, 13.6138 ], [ 13.2517, 13.6163 ], [ 13.2561, 13.6176 ], [ 13.2592, 13.6203 ], [ 13.2612, 13.622 ], [ 13.2614, 13.6228 ], [ 13.2637, 13.6296 ], [ 13.27, 13.6346 ], [ 13.2744, 13.6384 ], [ 13.2744, 13.6385 ], [ 13.2737, 13.6405 ], [ 13.2732, 13.6422 ], [ 13.2744, 13.6485 ], [ 13.2845, 13.6516 ], [ 13.2914, 13.6573 ], [ 13.2919, 13.6573 ], [ 13.293, 13.6575 ], [ 13.2977, 13.6579 ], [ 13.2996, 13.6655 ], [ 13.2991, 13.6678 ], [ 13.2983, 13.6708 ], [ 13.2977, 13.6731 ], [ 13.3022, 13.6742 ], [ 13.3028, 13.6743 ], [ 13.3031, 13.6745 ], [ 13.3091, 13.6768 ], [ 13.3104, 13.6825 ], [ 13.3129, 13.6876 ], [ 13.3148, 13.6907 ], [ 13.3163, 13.6908 ], [ 13.3198, 13.691 ], [ 13.3234, 13.6912 ], [ 13.3255, 13.6914 ], [ 13.3256, 13.6914 ], [ 13.3337, 13.6926 ], [ 13.3339, 13.693 ], [ 13.3351, 13.6963 ], [ 13.3368, 13.7008 ], [ 13.3394, 13.7077 ], [ 13.3425, 13.7109 ], [ 13.3495, 13.7115 ], [ 13.354, 13.7138 ], [ 13.3545, 13.7141 ], [ 13.3558, 13.7136 ], [ 13.3571, 13.7132 ], [ 13.3584, 13.7128 ], [ 13.3589, 13.7126 ], [ 13.3621, 13.7115 ], [ 13.3684, 13.7128 ], [ 13.3741, 13.7128 ], [ 13.3766, 13.7109 ], [ 13.3942, 13.7109 ], [ 13.4018, 13.7109 ], [ 13.4214, 13.709 ], [ 13.4497, 13.7109 ], [ 13.485, 13.709 ], [ 13.5569, 13.7115 ], [ 13.5998, 13.7109 ], [ 13.6105, 13.7084 ], [ 13.6181, 13.7096 ], [ 13.6316, 13.7117 ], [ 13.6359, 13.7071 ], [ 13.6432, 13.6997 ], [ 13.6469, 13.6959 ], [ 13.6501, 13.6911 ], [ 13.6527, 13.6878 ], [ 13.6539, 13.6858 ], [ 13.6574, 13.6801 ], [ 13.6613, 13.6738 ], [ 13.6646, 13.669 ], [ 13.6686, 13.6627 ], [ 13.6729, 13.6539 ], [ 13.6779, 13.6473 ], [ 13.6812, 13.6425 ], [ 13.6856, 13.6373 ], [ 13.6899, 13.6321 ], [ 13.6939, 13.6258 ], [ 13.6994, 13.6203 ], [ 13.7026, 13.6155 ], [ 13.7063, 13.6117 ], [ 13.7103, 13.6055 ], [ 13.7157, 13.5963 ], [ 13.7182, 13.5929 ], [ 13.7215, 13.5881 ], [ 13.7258, 13.583 ], [ 13.7298, 13.5767 ], [ 13.7374, 13.5667 ], [ 13.7407, 13.5619 ], [ 13.7465, 13.5538 ], [ 13.749, 13.5505 ], [ 13.7541, 13.5438 ], [ 13.7567, 13.5405 ], [ 13.7592, 13.5371 ], [ 13.7636, 13.532 ], [ 13.7638, 13.5316 ], [ 13.7676, 13.5257 ], [ 13.7701, 13.5224 ], [ 13.7726, 13.519 ], [ 13.7759, 13.5142 ], [ 13.7809, 13.5039 ], [ 13.7817, 13.5023 ], [ 13.7852, 13.4951 ], [ 13.791, 13.487 ], [ 13.7946, 13.4833 ], [ 13.7997, 13.4766 ], [ 13.8035, 13.4722 ], [ 13.8041, 13.4714 ], [ 13.8066, 13.4681 ], [ 13.8081, 13.4658 ], [ 13.8106, 13.4618 ], [ 13.8139, 13.4571 ], [ 13.816, 13.4548 ], [ 13.8167, 13.4541 ], [ 13.8177, 13.4526 ], [ 13.8243, 13.4416 ], [ 13.8348, 13.4234 ], [ 13.8369, 13.4195 ], [ 13.8502, 13.3994 ], [ 13.8579, 13.3952 ], [ 13.8704, 13.3787 ], [ 13.8729, 13.3754 ], [ 13.8776, 13.3677 ], [ 13.8802, 13.3643 ], [ 13.8834, 13.3595 ], [ 13.8896, 13.3525 ], [ 13.8922, 13.3492 ], [ 13.8923, 13.349 ], [ 13.8958, 13.3455 ], [ 13.899, 13.3398 ], [ 13.9034, 13.3318 ], [ 13.9081, 13.3241 ], [ 13.9124, 13.3189 ], [ 13.9157, 13.3141 ], [ 13.9182, 13.3108 ], [ 13.9226, 13.3056 ], [ 13.9277, 13.2989 ], [ 13.9317, 13.2927 ], [ 13.9338, 13.2883 ], [ 13.9378, 13.282 ], [ 13.9407, 13.2751 ], [ 13.9498, 13.2635 ], [ 13.9554, 13.257 ], [ 13.9594, 13.2489 ], [ 13.965, 13.2433 ], [ 13.969, 13.2383 ], [ 13.9737, 13.2329 ], [ 13.9788, 13.2262 ], [ 13.9809, 13.2218 ], [ 13.9835, 13.2185 ], [ 13.9914, 13.2059 ], [ 13.9946, 13.2011 ], [ 13.9983, 13.1974 ], [ 14.0016, 13.1926 ], [ 14.0041, 13.1893 ], [ 14.0055, 13.1873 ], [ 14.0124, 13.1778 ], [ 14.0164, 13.1717 ], [ 14.023, 13.1656 ], [ 14.0255, 13.1623 ], [ 14.0281, 13.1589 ], [ 14.0306, 13.1556 ], [ 14.0316, 13.15 ], [ 14.0386, 13.1404 ], [ 14.0427, 13.1344 ], [ 14.0447, 13.1303 ], [ 14.0494, 13.1283 ], [ 14.052, 13.125 ], [ 14.0549, 13.1191 ], [ 14.0595, 13.1114 ], [ 14.0621, 13.108 ], [ 14.0657, 13.1043 ], [ 14.0694, 13.1006 ], [ 14.0719, 13.0973 ], [ 14.0755, 13.0899 ], [ 14.0825, 13.0829 ], [ 14.0828, 13.0825 ], [ 14.0839, 13.0802 ], [ 14.0871, 13.0737 ], [ 14.087, 13.07 ], [ 14.0887, 13.0609 ], [ 14.0916, 13.055 ], [ 14.0918, 13.0488 ], [ 14.0924, 13.0437 ], [ 14.093, 13.0388 ], [ 14.0931, 13.0385 ], [ 14.0962, 13.0302 ], [ 14.0969, 13.025 ], [ 14.0975, 13.0199 ], [ 14.1017, 13.0075 ], [ 14.1012, 13.0027 ], [ 14.1016, 12.9996 ], [ 14.1019, 12.9976 ], [ 14.1025, 12.9925 ], [ 14.1039, 12.9859 ], [ 14.1052, 12.9794 ], [ 14.1057, 12.9749 ], [ 14.1052, 12.9689 ], [ 14.1062, 12.9613 ], [ 14.1108, 12.9432 ], [ 14.1118, 12.9371 ], [ 14.1123, 12.9341 ], [ 14.1128, 12.9331 ], [ 14.116, 12.9267 ], [ 14.1171, 12.9227 ], [ 14.1173, 12.9165 ], [ 14.1172, 12.9128 ], [ 14.119, 12.9073 ], [ 14.1199, 12.8997 ], [ 14.1191, 12.8939 ], [ 14.1197, 12.8888 ], [ 14.1207, 12.8847 ], [ 14.1229, 12.8803 ], [ 14.1246, 12.8748 ], [ 14.1253, 12.8697 ], [ 14.1263, 12.8657 ], [ 14.1276, 12.8591 ], [ 14.1305, 12.8532 ], [ 14.1311, 12.8481 ], [ 14.1306, 12.8398 ], [ 14.1319, 12.8332 ], [ 14.1326, 12.8281 ], [ 14.1328, 12.8219 ], [ 14.1353, 12.8149 ], [ 14.1372, 12.8083 ], [ 14.138, 12.8054 ], [ 14.1387, 12.8003 ], [ 14.1396, 12.7926 ], [ 14.1398, 12.7828 ], [ 14.1415, 12.7736 ], [ 14.1436, 12.7692 ], [ 14.1446, 12.7615 ], [ 14.1466, 12.7535 ], [ 14.1476, 12.7458 ], [ 14.1489, 12.7392 ], [ 14.1489, 12.7356 ], [ 14.1505, 12.7265 ], [ 14.1508, 12.7203 ], [ 14.151, 12.7196 ], [ 14.1518, 12.7166 ], [ 14.1506, 12.7111 ], [ 14.1528, 12.705 ], [ 14.1542, 12.701 ], [ 14.1557, 12.6874 ], [ 14.1592, 12.6702 ], [ 14.1632, 12.6485 ], [ 14.1663, 12.6278 ], [ 14.1683, 12.6137 ], [ 14.1708, 12.6006 ], [ 14.1726, 12.5907 ], [ 14.1733, 12.587 ], [ 14.1749, 12.5808 ], [ 14.1774, 12.5708 ], [ 14.1784, 12.5512 ], [ 14.1819, 12.5345 ], [ 14.1859, 12.5249 ], [ 14.1925, 12.5189 ], [ 14.195, 12.5169 ], [ 14.197, 12.5098 ], [ 14.197, 12.5042 ], [ 14.1967, 12.5021 ], [ 14.1965, 12.5012 ], [ 14.1922, 12.4982 ], [ 14.1915, 12.4977 ], [ 14.1904, 12.4936 ], [ 14.1903, 12.4933 ], [ 14.1895, 12.4901 ], [ 14.1869, 12.4836 ], [ 14.1834, 12.4808 ], [ 14.1804, 12.4785 ], [ 14.1772, 12.4745 ], [ 14.1764, 12.4735 ], [ 14.1753, 12.4694 ], [ 14.1789, 12.4634 ], [ 14.1799, 12.4558 ], [ 14.1789, 12.4513 ], [ 14.1789, 12.4512 ], [ 14.1799, 12.4472 ], [ 14.1814, 12.4452 ], [ 14.1869, 12.4467 ], [ 14.193, 12.4472 ], [ 14.1949, 12.4467 ], [ 14.1954, 12.4466 ], [ 14.1982, 12.4422 ], [ 14.192, 12.4383 ], [ 14.1922, 12.4377 ], [ 14.1937, 12.4336 ], [ 14.1954, 12.429 ], [ 14.1876, 12.4295 ], [ 14.1858, 12.4248 ], [ 14.1796, 12.4238 ], [ 14.1772, 12.4234 ], [ 14.1763, 12.4233 ], [ 14.1745, 12.4202 ], [ 14.1783, 12.4159 ], [ 14.1788, 12.4153 ], [ 14.1756, 12.4107 ], [ 14.1732, 12.4073 ], [ 14.1739, 12.4047 ], [ 14.1863, 12.4013 ], [ 14.1936, 12.3928 ], [ 14.1971, 12.387 ], [ 14.199, 12.3838 ], [ 14.1998, 12.3833 ], [ 14.2024, 12.3821 ], [ 14.2077, 12.3793 ], [ 14.2094, 12.3788 ], [ 14.2122, 12.377 ], [ 14.2136, 12.376 ], [ 14.2172, 12.3729 ], [ 14.2175, 12.372 ], [ 14.2185, 12.3683 ], [ 14.2185, 12.3682 ], [ 14.2194, 12.3647 ], [ 14.2215, 12.361 ], [ 14.2256, 12.3595 ], [ 14.2364, 12.362 ], [ 14.2483, 12.3647 ], [ 14.2538, 12.3639 ], [ 14.2744, 12.3688 ], [ 14.2798, 12.3675 ], [ 14.2845, 12.3649 ], [ 14.2925, 12.3492 ], [ 14.2969, 12.3536 ], [ 14.2946, 12.3581 ], [ 14.2915, 12.3641 ], [ 14.2946, 12.3671 ], [ 14.2948, 12.3672 ], [ 14.2974, 12.3665 ], [ 14.3034, 12.3556 ], [ 14.3114, 12.3574 ], [ 14.3178, 12.3634 ], [ 14.3211, 12.3656 ], [ 14.3245, 12.368 ], [ 14.3295, 12.3699 ], [ 14.3344, 12.367 ], [ 14.3413, 12.3639 ], [ 14.3483, 12.3592 ], [ 14.3528, 12.358 ], [ 14.3531, 12.3581 ], [ 14.3558, 12.3603 ], [ 14.3561, 12.3612 ], [ 14.3564, 12.3622 ], [ 14.3567, 12.3626 ], [ 14.3581, 12.3627 ], [ 14.3606, 12.362 ], [ 14.364, 12.3608 ], [ 14.3688, 12.3593 ], [ 14.369, 12.359 ], [ 14.3726, 12.3574 ], [ 14.3863, 12.3561 ], [ 14.3918, 12.3577 ], [ 14.4049, 12.3608 ], [ 14.4189, 12.3569 ], [ 14.4282, 12.3592 ], [ 14.4337, 12.3608 ], [ 14.44, 12.36 ], [ 14.4437, 12.3577 ], [ 14.4459, 12.3564 ], [ 14.4472, 12.351 ], [ 14.4479, 12.3503 ], [ 14.4515, 12.3468 ], [ 14.455, 12.3507 ], [ 14.4596, 12.3541 ], [ 14.4655, 12.3553 ], [ 14.4715, 12.3513 ], [ 14.4724, 12.3507 ], [ 14.4757, 12.3461 ], [ 14.4772, 12.344 ], [ 14.4816, 12.3474 ], [ 14.4873, 12.3482 ], [ 14.488, 12.3484 ], [ 14.4872, 12.3406 ], [ 14.4906, 12.3384 ], [ 14.4934, 12.3367 ], [ 14.4944, 12.3357 ], [ 14.4997, 12.3304 ], [ 14.5019, 12.3282 ], [ 14.5105, 12.3251 ], [ 14.519, 12.3243 ], [ 14.5221, 12.3185 ], [ 14.5229, 12.3171 ], [ 14.5247, 12.3125 ], [ 14.5237, 12.3096 ], [ 14.5143, 12.3111 ], [ 14.5143, 12.3076 ], [ 14.5143, 12.3065 ], [ 14.515, 12.304 ], [ 14.5159, 12.3003 ], [ 14.5147, 12.2967 ], [ 14.5143, 12.2956 ], [ 14.5174, 12.2933 ], [ 14.5247, 12.2934 ], [ 14.5252, 12.2934 ], [ 14.5274, 12.2906 ], [ 14.5309, 12.286 ], [ 14.5309, 12.286 ], [ 14.5327, 12.2874 ], [ 14.5339, 12.288 ], [ 14.5352, 12.288 ], [ 14.5368, 12.287 ], [ 14.5391, 12.2848 ], [ 14.5391, 12.2847 ], [ 14.5392, 12.2847 ], [ 14.5467, 12.2778 ], [ 14.5485, 12.2762 ], [ 14.5485, 12.2669 ], [ 14.551, 12.2573 ], [ 14.5516, 12.2553 ], [ 14.5547, 12.2505 ], [ 14.556, 12.2515 ], [ 14.5606, 12.2549 ], [ 14.5593, 12.2436 ], [ 14.5562, 12.2421 ], [ 14.5506, 12.2357 ], [ 14.55, 12.2351 ], [ 14.5555, 12.2304 ], [ 14.5616, 12.2293 ], [ 14.564, 12.2289 ], [ 14.5725, 12.2265 ], [ 14.578, 12.2227 ], [ 14.5828, 12.2226 ], [ 14.5932, 12.2213 ], [ 14.5946, 12.2209 ], [ 14.5978, 12.22 ], [ 14.5972, 12.2148 ], [ 14.5971, 12.2138 ], [ 14.6036, 12.2064 ], [ 14.6074, 12.1994 ], [ 14.6075, 12.1993 ], [ 14.61, 12.1962 ], [ 14.6067, 12.1947 ], [ 14.6051, 12.1935 ], [ 14.602, 12.1909 ], [ 14.604, 12.1877 ], [ 14.6129, 12.1873 ], [ 14.6157, 12.1872 ], [ 14.6166, 12.1862 ], [ 14.6214, 12.1816 ], [ 14.6245, 12.1784 ], [ 14.6315, 12.1777 ], [ 14.633, 12.1847 ], [ 14.6385, 12.187 ], [ 14.6424, 12.187 ], [ 14.6462, 12.1901 ], [ 14.6501, 12.1885 ], [ 14.6539, 12.1911 ], [ 14.6585, 12.1949 ], [ 14.6641, 12.1893 ], [ 14.6654, 12.1862 ], [ 14.6655, 12.1859 ], [ 14.6652, 12.1844 ], [ 14.6641, 12.1794 ], [ 14.664, 12.1787 ], [ 14.6738, 12.1748 ], [ 14.6775, 12.1665 ], [ 14.678, 12.1653 ], [ 14.6788, 12.1567 ], [ 14.6787, 12.1508 ], [ 14.6757, 12.149 ], [ 14.6664, 12.1412 ], [ 14.6563, 12.1342 ], [ 14.6559, 12.1314 ], [ 14.6548, 12.1226 ], [ 14.6538, 12.1143 ], [ 14.6532, 12.1094 ], [ 14.6478, 12.1016 ], [ 14.6436, 12.0959 ], [ 14.6416, 12.0931 ], [ 14.6402, 12.0888 ], [ 14.6416, 12.083 ], [ 14.6448, 12.0777 ], [ 14.6462, 12.0753 ], [ 14.6523, 12.0671 ], [ 14.6519, 12.0636 ], [ 14.6516, 12.0611 ], [ 14.6447, 12.0551 ], [ 14.6377, 12.0528 ], [ 14.6249, 12.0458 ], [ 14.6234, 12.0386 ], [ 14.6232, 12.0378 ], [ 14.6231, 12.0368 ], [ 14.623, 12.0359 ], [ 14.6231, 12.0342 ], [ 14.6232, 12.0318 ], [ 14.6232, 12.0314 ], [ 14.6234, 12.03 ], [ 14.624, 12.0262 ], [ 14.6241, 12.0257 ], [ 14.6238, 12.023 ], [ 14.6239, 12.0174 ], [ 14.6239, 12.0172 ], [ 14.6301, 12.0056 ], [ 14.6345, 11.996 ], [ 14.6358, 11.9932 ], [ 14.6366, 11.9914 ], [ 14.638, 11.9895 ], [ 14.6412, 11.9853 ], [ 14.6451, 11.9767 ], [ 14.6455, 11.9753 ], [ 14.6466, 11.972 ], [ 14.6479, 11.9679 ], [ 14.6564, 11.9627 ], [ 14.6575, 11.962 ], [ 14.658, 11.956 ], [ 14.6552, 11.9519 ], [ 14.6451, 11.9426 ], [ 14.6392, 11.9304 ], [ 14.6396, 11.924 ], [ 14.642, 11.9161 ], [ 14.6432, 11.9121 ], [ 14.6435, 11.9111 ], [ 14.6412, 11.9051 ], [ 14.6381, 11.9054 ], [ 14.6342, 11.9007 ], [ 14.6286, 11.8938 ], [ 14.6257, 11.8937 ], [ 14.6257, 11.8937 ], [ 14.6255, 11.8933 ], [ 14.6221, 11.8847 ], [ 14.6148, 11.8782 ], [ 14.6074, 11.8684 ], [ 14.607, 11.8659 ], [ 14.6061, 11.8599 ], [ 14.6144, 11.8532 ], [ 14.6095, 11.8455 ], [ 14.6068, 11.8412 ], [ 14.6058, 11.8398 ], [ 14.6059, 11.8378 ], [ 14.6059, 11.8366 ], [ 14.606, 11.8342 ], [ 14.606, 11.8332 ], [ 14.6061, 11.8305 ], [ 14.6101, 11.8191 ], [ 14.6109, 11.8169 ], [ 14.6069, 11.8077 ], [ 14.6063, 11.8006 ], [ 14.6078, 11.7867 ], [ 14.6102, 11.7798 ], [ 14.6086, 11.7766 ], [ 14.6025, 11.7677 ], [ 14.5971, 11.7584 ], [ 14.5929, 11.755 ], [ 14.5886, 11.7533 ], [ 14.5872, 11.7528 ], [ 14.583, 11.7511 ], [ 14.5776, 11.7448 ], [ 14.5676, 11.7341 ], [ 14.5555, 11.7292 ], [ 14.5537, 11.7264 ], [ 14.5535, 11.7176 ], [ 14.559, 11.7052 ], [ 14.5729, 11.692 ], [ 14.583, 11.6866 ], [ 14.6055, 11.6726 ], [ 14.6179, 11.6579 ], [ 14.6311, 11.6532 ], [ 14.6396, 11.6393 ], [ 14.6427, 11.6261 ], [ 14.6443, 11.6074 ], [ 14.6446, 11.607 ], [ 14.6474, 11.602 ], [ 14.6454, 11.5969 ], [ 14.6435, 11.5919 ], [ 14.6404, 11.5741 ], [ 14.639, 11.5716 ], [ 14.6367, 11.5687 ], [ 14.6351, 11.5644 ], [ 14.6339, 11.5611 ], [ 14.6314, 11.551 ], [ 14.6291, 11.5481 ], [ 14.6271, 11.5427 ], [ 14.6248, 11.5361 ], [ 14.6201, 11.5304 ], [ 14.6152, 11.5272 ], [ 14.6091, 11.5208 ], [ 14.6053, 11.5172 ], [ 14.6019, 11.5147 ], [ 14.5928, 11.5106 ], [ 14.5842, 11.5074 ], [ 14.5808, 11.505 ], [ 14.5747, 11.5022 ], [ 14.5687, 11.4994 ], [ 14.5585, 11.4919 ], [ 14.5543, 11.49 ], [ 14.5473, 11.4876 ], [ 14.5196, 11.4753 ], [ 14.5012, 11.4698 ], [ 14.476, 11.4667 ], [ 14.4579, 11.4627 ], [ 14.4539, 11.4618 ], [ 14.4465, 11.4489 ], [ 14.4416, 11.4305 ], [ 14.4299, 11.4151 ], [ 14.4197, 11.4089 ], [ 14.4133, 11.4044 ], [ 14.4005, 11.3953 ], [ 14.3703, 11.3745 ], [ 14.3683, 11.3731 ], [ 14.3451, 11.3533 ], [ 14.3104, 11.335 ], [ 14.2796, 11.3241 ], [ 14.2513, 11.3069 ], [ 14.2024, 11.2723 ], [ 14.1855, 11.2524 ], [ 14.1824, 11.2417 ], [ 14.1824, 11.2416 ], [ 14.1815, 11.2386 ], [ 14.1763, 11.2324 ], [ 14.1687, 11.2325 ], [ 14.165, 11.2344 ], [ 14.1535, 11.2403 ], [ 14.1141, 11.2484 ], [ 14.11, 11.2495 ], [ 14.1099, 11.2495 ], [ 14.1096, 11.2494 ], [ 14.1062, 11.2507 ], [ 14.1014, 11.2515 ], [ 14.0971, 11.2537 ], [ 14.0929, 11.256 ], [ 14.0924, 11.2563 ], [ 14.0894, 11.2584 ], [ 14.0855, 11.2614 ], [ 14.0782, 11.267 ], [ 14.0761, 11.2731 ], [ 14.0731, 11.2741 ], [ 14.0631, 11.2867 ], [ 14.0508, 11.291 ], [ 14.0462, 11.2924 ], [ 14.0348, 11.2959 ], [ 14.0274, 11.2978 ], [ 14.0145, 11.2996 ], [ 14.0041, 11.307 ], [ 13.9906, 11.3125 ], [ 13.9758, 11.3051 ], [ 13.975, 11.3036 ], [ 13.9737, 11.3013 ], [ 13.9715, 11.2971 ], [ 13.9672, 11.2849 ], [ 13.9635, 11.267 ], [ 13.958, 11.2541 ], [ 13.9468, 11.2425 ], [ 13.943, 11.2349 ], [ 13.9326, 11.2215 ], [ 13.9281, 11.2123 ], [ 13.9251, 11.2058 ], [ 13.9248, 11.2025 ], [ 13.9224, 11.1915 ], [ 13.9168, 11.1872 ], [ 13.9156, 11.181 ], [ 13.9116, 11.173 ], [ 13.9101, 11.1699 ], [ 13.8978, 11.157 ], [ 13.8919, 11.1552 ], [ 13.8861, 11.1534 ], [ 13.8849, 11.1513 ], [ 13.8816, 11.1453 ], [ 13.88, 11.1423 ], [ 13.8818, 11.1325 ], [ 13.8831, 11.1293 ], [ 13.8859, 11.1242 ], [ 13.88, 11.1208 ], [ 13.8726, 11.1189 ], [ 13.8658, 11.1103 ], [ 13.8638, 11.1069 ], [ 13.8548, 11.0913 ], [ 13.8515, 11.0885 ], [ 13.8462, 11.0878 ], [ 13.8443, 11.0876 ], [ 13.8369, 11.0796 ], [ 13.8253, 11.0692 ], [ 13.8247, 11.0681 ], [ 13.8237, 11.0663 ], [ 13.8148, 11.0501 ], [ 13.8103, 11.0382 ], [ 13.8048, 11.0352 ], [ 13.8017, 11.0334 ], [ 13.8004, 11.0228 ], [ 13.8002, 11.0213 ], [ 13.7985, 11.0136 ], [ 13.7968, 11.012 ], [ 13.7904, 11.0058 ], [ 13.7826, 11.0046 ], [ 13.7821, 11.0047 ], [ 13.7787, 11.0054 ], [ 13.7757, 11.0041 ], [ 13.7714, 11.0037 ], [ 13.7671, 11.0039 ], [ 13.7633, 11.0003 ], [ 13.7579, 10.996 ], [ 13.753, 10.9928 ], [ 13.7508, 10.9888 ], [ 13.7511, 10.9885 ], [ 13.7304, 10.9786 ], [ 13.7217, 10.9719 ], [ 13.713, 10.9618 ], [ 13.7052, 10.956 ], [ 13.7001, 10.9527 ], [ 13.6958, 10.9519 ], [ 13.6923, 10.9459 ], [ 13.6922, 10.9456 ], [ 13.691, 10.9348 ], [ 13.6901, 10.9198 ], [ 13.6897, 10.9043 ], [ 13.6892, 10.8931 ], [ 13.6832, 10.8789 ], [ 13.6789, 10.8725 ], [ 13.6755, 10.8634 ], [ 13.6716, 10.8544 ], [ 13.6651, 10.8436 ], [ 13.6608, 10.8367 ], [ 13.654, 10.8303 ], [ 13.6505, 10.8294 ], [ 13.6441, 10.8247 ], [ 13.6398, 10.8187 ], [ 13.6363, 10.8118 ], [ 13.6333, 10.8058 ], [ 13.6303, 10.8045 ], [ 13.6277, 10.7976 ], [ 13.62, 10.7847 ], [ 13.6148, 10.7778 ], [ 13.6109, 10.7744 ], [ 13.6075, 10.7623 ], [ 13.6058, 10.752 ], [ 13.6021, 10.7335 ], [ 13.5974, 10.715 ], [ 13.5918, 10.7016 ], [ 13.5883, 10.693 ], [ 13.5789, 10.6827 ], [ 13.5599, 10.6668 ], [ 13.5496, 10.6586 ], [ 13.5453, 10.6526 ], [ 13.5425, 10.6459 ], [ 13.5425, 10.6458 ], [ 13.5427, 10.6419 ], [ 13.5442, 10.6362 ], [ 13.5435, 10.6335 ], [ 13.5395, 10.6293 ], [ 13.534, 10.6151 ], [ 13.5324, 10.6083 ], [ 13.5298, 10.5984 ], [ 13.5307, 10.5846 ], [ 13.5343, 10.5713 ], [ 13.5348, 10.5549 ], [ 13.5391, 10.5399 ], [ 13.5417, 10.5313 ], [ 13.5477, 10.5257 ], [ 13.5507, 10.5222 ], [ 13.5552, 10.5088 ], [ 13.5549, 10.5073 ], [ 13.5546, 10.5036 ], [ 13.5543, 10.5 ], [ 13.5529, 10.4937 ], [ 13.5498, 10.4835 ], [ 13.5497, 10.4835 ], [ 13.5467, 10.4757 ], [ 13.5439, 10.4722 ], [ 13.5397, 10.4704 ], [ 13.532, 10.4645 ], [ 13.5283, 10.4603 ], [ 13.5246, 10.4551 ], [ 13.5219, 10.4413 ], [ 13.5206, 10.4327 ], [ 13.5201, 10.4233 ], [ 13.5213, 10.4155 ], [ 13.5219, 10.4112 ], [ 13.5232, 10.3987 ], [ 13.5232, 10.3908 ], [ 13.521, 10.3858 ], [ 13.5141, 10.3768 ], [ 13.5124, 10.3742 ], [ 13.5094, 10.3682 ], [ 13.5077, 10.3609 ], [ 13.5072, 10.3527 ], [ 13.5072, 10.3419 ], [ 13.5102, 10.3338 ], [ 13.5111, 10.3221 ], [ 13.5094, 10.3097 ], [ 13.5051, 10.2946 ], [ 13.5016, 10.283 ], [ 13.5012, 10.2824 ], [ 13.4938, 10.2559 ], [ 13.492, 10.2419 ], [ 13.4859, 10.2182 ], [ 13.4833, 10.2166 ], [ 13.4759, 10.2166 ], [ 13.4708, 10.2126 ], [ 13.4697, 10.2093 ], [ 13.4674, 10.2028 ], [ 13.4656, 10.1946 ], [ 13.4619, 10.1903 ], [ 13.4616, 10.1892 ], [ 13.4614, 10.189 ], [ 13.4614, 10.1889 ], [ 13.4538, 10.1775 ], [ 13.4479, 10.166 ], [ 13.4445, 10.162 ], [ 13.4403, 10.1571 ], [ 13.4335, 10.1465 ], [ 13.4292, 10.135 ], [ 13.4291, 10.1284 ], [ 13.4283, 10.1235 ], [ 13.4182, 10.1195 ], [ 13.4066, 10.1139 ], [ 13.3957, 10.1108 ], [ 13.3808, 10.1134 ], [ 13.3675, 10.1119 ], [ 13.36, 10.1095 ], [ 13.3517, 10.1096 ], [ 13.3368, 10.1106 ], [ 13.3285, 10.1107 ], [ 13.3226, 10.105 ], [ 13.3209, 10.096 ], [ 13.3126, 10.0945 ], [ 13.2867, 10.0703 ], [ 13.2828, 10.0614 ], [ 13.2802, 10.0554 ], [ 13.2788, 10.0519 ], [ 13.2727, 10.0459 ], [ 13.259, 10.0326 ], [ 13.2517, 10.0274 ], [ 13.2474, 10.0136 ], [ 13.2475, 10.0126 ], [ 13.2509, 10.0048 ], [ 13.2558, 9.999 ], [ 13.2616, 9.9956 ], [ 13.269, 9.9922 ], [ 13.2732, 9.9897 ], [ 13.2789, 9.9806 ], [ 13.2846, 9.9715 ], [ 13.2828, 9.9625 ], [ 13.2776, 9.9478 ], [ 13.2725, 9.9363 ], [ 13.2699, 9.9281 ], [ 13.2633, 9.9233 ], [ 13.2524, 9.9152 ], [ 13.2522, 9.9152 ], [ 13.2521, 9.9151 ], [ 13.2383, 9.9095 ], [ 13.2306, 9.9001 ], [ 13.2254, 9.8876 ], [ 13.228, 9.8773 ], [ 13.2267, 9.8699 ], [ 13.2306, 9.8674 ], [ 13.234, 9.8588 ], [ 13.2349, 9.8501 ], [ 13.2375, 9.845 ], [ 13.2392, 9.8428 ], [ 13.2426, 9.842 ], [ 13.2508, 9.8385 ], [ 13.259, 9.8334 ], [ 13.2663, 9.8342 ], [ 13.271, 9.8291 ], [ 13.2805, 9.8235 ], [ 13.2887, 9.8179 ], [ 13.2943, 9.8097 ], [ 13.2966, 9.8042 ], [ 13.2972, 9.7967 ], [ 13.2919, 9.79 ], [ 13.2879, 9.783 ], [ 13.2835, 9.7723 ], [ 13.2762, 9.7643 ], [ 13.2697, 9.7603 ], [ 13.2648, 9.7513 ], [ 13.2615, 9.734 ], [ 13.2602, 9.7256 ], [ 13.2591, 9.7179 ], [ 13.2605, 9.7116 ], [ 13.2579, 9.7065 ], [ 13.2545, 9.6989 ], [ 13.2518, 9.6892 ], [ 13.2555, 9.6749 ], [ 13.2545, 9.6689 ], [ 13.2452, 9.6619 ], [ 13.2395, 9.6492 ], [ 13.2435, 9.6395 ], [ 13.2432, 9.6332 ], [ 13.2398, 9.6265 ], [ 13.2418, 9.6199 ], [ 13.2412, 9.6139 ], [ 13.2472, 9.6042 ], [ 13.2448, 9.5952 ], [ 13.2368, 9.5832 ], [ 13.2351, 9.5688 ], [ 13.2295, 9.5635 ], [ 13.2265, 9.5538 ], [ 13.2201, 9.5425 ], [ 13.2158, 9.5415 ], [ 13.2041, 9.5445 ], [ 13.2016, 9.5419 ], [ 13.1894, 9.5288 ], [ 13.1824, 9.5271 ], [ 13.1774, 9.5231 ], [ 13.1635, 9.5236 ], [ 13.1571, 9.5238 ], [ 13.1571, 9.5238 ], [ 13.1482, 9.5203 ], [ 13.1355, 9.5169 ], [ 13.1221, 9.5161 ], [ 13.1131, 9.5164 ], [ 13.105, 9.5178 ], [ 13.1, 9.5161 ], [ 13.0897, 9.5118 ], [ 13.0727, 9.5134 ], [ 13.0593, 9.5094 ], [ 13.0473, 9.5098 ], [ 13.0427, 9.5044 ], [ 13.032, 9.4981 ], [ 13.0213, 9.4924 ], [ 13.011, 9.4827 ], [ 13.0016, 9.4747 ], [ 12.9919, 9.4741 ], [ 12.9849, 9.4711 ], [ 12.9763, 9.4704 ], [ 12.9573, 9.4517 ], [ 12.9416, 9.4434 ], [ 12.9326, 9.434 ], [ 12.9276, 9.424 ], [ 12.9166, 9.417 ], [ 12.8989, 9.41 ], [ 12.8725, 9.3963 ], [ 12.8642, 9.3933 ], [ 12.8555, 9.3843 ], [ 12.8568, 9.3793 ], [ 12.8552, 9.3733 ], [ 12.8568, 9.3633 ], [ 12.8618, 9.36 ], [ 12.8742, 9.3586 ], [ 12.8815, 9.36 ], [ 12.8859, 9.3586 ], [ 12.8949, 9.358 ], [ 12.9029, 9.3523 ], [ 12.9035, 9.3403 ], [ 12.9025, 9.3316 ], [ 12.9002, 9.3203 ], [ 12.9019, 9.3114 ], [ 12.9022, 9.3053 ], [ 12.9022, 9.2996 ], [ 12.9012, 9.2939 ], [ 12.9009, 9.2863 ], [ 12.9009, 9.2816 ], [ 12.9005, 9.2726 ], [ 12.9045, 9.2662 ], [ 12.9051, 9.2577 ], [ 12.9051, 9.2462 ], [ 12.9053, 9.2425 ], [ 12.9045, 9.2389 ], [ 12.9045, 9.2335 ], [ 12.9015, 9.2299 ], [ 12.8982, 9.2265 ], [ 12.8939, 9.2229 ], [ 12.8922, 9.2195 ], [ 12.8909, 9.2112 ], [ 12.8902, 9.2032 ], [ 12.8869, 9.1935 ], [ 12.8822, 9.1872 ], [ 12.8822, 9.1802 ], [ 12.8835, 9.1762 ], [ 12.8835, 9.1705 ], [ 12.8809, 9.1645 ], [ 12.8795, 9.1551 ], [ 12.8799, 9.1481 ], [ 12.8832, 9.1451 ], [ 12.8869, 9.1411 ], [ 12.8889, 9.1368 ], [ 12.8885, 9.1321 ], [ 12.8895, 9.1285 ], [ 12.8919, 9.1235 ], [ 12.8919, 9.1174 ], [ 12.8902, 9.1128 ], [ 12.8887, 9.1103 ], [ 12.8886, 9.1101 ], [ 12.8886, 9.1101 ], [ 12.8886, 9.11 ], [ 12.8886, 9.11 ], [ 12.8885, 9.1099 ], [ 12.8884, 9.1098 ], [ 12.8862, 9.1061 ], [ 12.8869, 9.0954 ], [ 12.8865, 9.0864 ], [ 12.8832, 9.0784 ], [ 12.8782, 9.0694 ], [ 12.8759, 9.0661 ], [ 12.8739, 9.0541 ], [ 12.8745, 9.0511 ], [ 12.8779, 9.0431 ], [ 12.8782, 9.0354 ], [ 12.878, 9.0301 ], [ 12.8728, 9.0209 ], [ 12.8681, 9.0129 ], [ 12.8623, 9.0049 ], [ 12.8553, 8.9935 ], [ 12.8494, 8.9809 ], [ 12.8408, 8.9667 ], [ 12.8331, 8.9543 ], [ 12.8283, 8.951 ], [ 12.8264, 8.9497 ], [ 12.8216, 8.9473 ], [ 12.8205, 8.9455 ], [ 12.8142, 8.9396 ], [ 12.8036, 8.9292 ], [ 12.799, 8.9275 ], [ 12.7903, 8.9172 ], [ 12.7902, 8.9012 ], [ 12.7957, 8.896 ], [ 12.8009, 8.891 ], [ 12.8016, 8.8855 ], [ 12.7969, 8.8768 ], [ 12.7897, 8.8606 ], [ 12.7884, 8.8524 ], [ 12.7894, 8.8455 ], [ 12.7964, 8.8315 ], [ 12.799, 8.8293 ], [ 12.8007, 8.8228 ], [ 12.8072, 8.8079 ], [ 12.808, 8.7973 ], [ 12.8087, 8.7897 ], [ 12.8015, 8.7732 ], [ 12.7959, 8.7664 ], [ 12.7903, 8.7588 ], [ 12.7839, 8.7535 ], [ 12.7723, 8.7545 ], [ 12.7576, 8.7576 ], [ 12.7461, 8.7577 ], [ 12.7313, 8.7535 ], [ 12.7224, 8.7483 ], [ 12.7132, 8.7311 ], [ 12.7135, 8.7188 ], [ 12.7145, 8.702 ], [ 12.7124, 8.6894 ], [ 12.6967, 8.6758 ], [ 12.6893, 8.6632 ], [ 12.6885, 8.6583 ], [ 12.6771, 8.6428 ], [ 12.6678, 8.6396 ], [ 12.661, 8.642 ], [ 12.6458, 8.6428 ], [ 12.6385, 8.6376 ], [ 12.6267, 8.6279 ], [ 12.614, 8.6167 ], [ 12.6016, 8.6083 ], [ 12.5851, 8.5962 ], [ 12.5751, 8.5966 ], [ 12.5675, 8.6002 ], [ 12.5518, 8.605 ], [ 12.5416, 8.6091 ], [ 12.5339, 8.6127 ], [ 12.5265, 8.6127 ], [ 12.5171, 8.6148 ], [ 12.5097, 8.6169 ], [ 12.4898, 8.6222 ], [ 12.4814, 8.6222 ], [ 12.4719, 8.6159 ], [ 12.4677, 8.6064 ], [ 12.4691, 8.5906 ], [ 12.4631, 8.5814 ], [ 12.4555, 8.5757 ], [ 12.4487, 8.5677 ], [ 12.4451, 8.5605 ], [ 12.4418, 8.5533 ], [ 12.439, 8.5412 ], [ 12.4378, 8.5304 ], [ 12.4334, 8.5159 ], [ 12.429, 8.5103 ], [ 12.4218, 8.5002 ], [ 12.4179, 8.4952 ], [ 12.4136, 8.4852 ], [ 12.4071, 8.4805 ], [ 12.4058, 8.4779 ], [ 12.3968, 8.4568 ], [ 12.3867, 8.4506 ], [ 12.3791, 8.4507 ], [ 12.3641, 8.4545 ], [ 12.349, 8.4609 ], [ 12.3479, 8.4624 ], [ 12.3419, 8.4617 ], [ 12.3321, 8.4631 ], [ 12.3228, 8.4667 ], [ 12.3124, 8.4674 ], [ 12.3047, 8.4641 ], [ 12.2892, 8.4537 ], [ 12.2792, 8.447 ], [ 12.2742, 8.4454 ], [ 12.2678, 8.4433 ], [ 12.2614, 8.4436 ], [ 12.2537, 8.4423 ], [ 12.247, 8.4399 ], [ 12.2406, 8.4349 ], [ 12.2346, 8.4215 ], [ 12.2309, 8.4051 ], [ 12.2259, 8.3783 ], [ 12.2269, 8.3675 ], [ 12.2282, 8.3538 ], [ 12.2333, 8.3417 ], [ 12.2383, 8.3266 ], [ 12.243, 8.3136 ], [ 12.245, 8.3038 ], [ 12.2456, 8.3018 ], [ 12.2459, 8.2986 ], [ 12.2505, 8.2715 ], [ 12.253, 8.2539 ], [ 12.2559, 8.2376 ], [ 12.2586, 8.2166 ], [ 12.2586, 8.1969 ], [ 12.2586, 8.1786 ], [ 12.2573, 8.1718 ], [ 12.2531, 8.168 ], [ 12.2519, 8.1657 ], [ 12.2482, 8.1637 ], [ 12.2458, 8.1617 ], [ 12.2448, 8.1584 ], [ 12.2425, 8.1537 ], [ 12.2425, 8.1507 ], [ 12.2405, 8.1473 ], [ 12.2395, 8.1443 ], [ 12.2358, 8.1399 ], [ 12.2301, 8.1346 ], [ 12.2271, 8.1292 ], [ 12.2207, 8.1228 ], [ 12.219, 8.1171 ], [ 12.2143, 8.1108 ], [ 12.2106, 8.1044 ], [ 12.2093, 8.0987 ], [ 12.2073, 8.0927 ], [ 12.2063, 8.0903 ], [ 12.2069, 8.0853 ], [ 12.2103, 8.0739 ], [ 12.2136, 8.0632 ], [ 12.215, 8.0555 ], [ 12.2157, 8.0498 ], [ 12.215, 8.0454 ], [ 12.2143, 8.034 ], [ 12.2141, 8.0273 ], [ 12.2148, 8.0233 ], [ 12.22, 8.0152 ], [ 12.22, 8.0064 ], [ 12.2213, 7.9975 ], [ 12.2206, 7.9881 ], [ 12.2105, 7.9704 ], [ 12.203, 7.9643 ], [ 12.1983, 7.9569 ], [ 12.1969, 7.946 ], [ 12.1894, 7.9385 ], [ 12.1793, 7.9304 ], [ 12.1725, 7.9209 ], [ 12.1677, 7.9094 ], [ 12.1623, 7.9026 ], [ 12.1549, 7.889 ], [ 12.144, 7.8775 ], [ 12.1162, 7.8538 ], [ 12.0972, 7.8382 ], [ 12.0891, 7.8185 ], [ 12.083, 7.8056 ], [ 12.0775, 7.8022 ], [ 12.0674, 7.788 ], [ 12.0674, 7.7799 ], [ 12.0647, 7.7738 ], [ 12.0606, 7.769 ], [ 12.0606, 7.7588 ], [ 12.0572, 7.75 ], [ 12.047, 7.7412 ], [ 12.0416, 7.7297 ], [ 12.0375, 7.7073 ], [ 12.0375, 7.6815 ], [ 12.0321, 7.668 ], [ 12.0219, 7.6619 ], [ 12.0192, 7.6517 ], [ 12.0206, 7.6449 ], [ 12.024, 7.6293 ], [ 12.0246, 7.611 ], [ 12.026, 7.5825 ], [ 12.028, 7.5588 ], [ 12.0321, 7.535 ], [ 12.0369, 7.5296 ], [ 12.0396, 7.5228 ], [ 12.0124, 7.5086 ], [ 12.0077, 7.5086 ], [ 11.9975, 7.5025 ], [ 11.9887, 7.4977 ], [ 11.9852, 7.4988 ], [ 11.9745, 7.4991 ], [ 11.9562, 7.493 ], [ 11.9412, 7.4767 ], [ 11.925, 7.4537 ], [ 11.9033, 7.4333 ], [ 11.8924, 7.4191 ], [ 11.889, 7.4164 ], [ 11.868, 7.3947 ], [ 11.854, 7.3787 ], [ 11.8443, 7.3675 ], [ 11.8226, 7.3323 ], [ 11.8144, 7.3126 ], [ 11.8049, 7.2733 ], [ 11.8029, 7.2482 ], [ 11.8056, 7.219 ], [ 11.8104, 7.1966 ], [ 11.811, 7.181 ], [ 11.8171, 7.1492 ], [ 11.8341, 7.1139 ], [ 11.8429, 7.0983 ], [ 11.8465, 7.0939 ], [ 11.8446, 7.0928 ], [ 11.8458, 7.0901 ], [ 11.8486, 7.0846 ], [ 11.8431, 7.0754 ], [ 11.8357, 7.0653 ], [ 11.8193, 7.058 ], [ 11.7973, 7.0608 ], [ 11.7886, 7.0629 ], [ 11.7853, 7.063 ], [ 11.771, 7.0671 ], [ 11.7629, 7.0664 ], [ 11.7595, 7.0651 ], [ 11.7527, 7.0603 ], [ 11.7466, 7.0583 ], [ 11.7425, 7.061 ], [ 11.7364, 7.061 ], [ 11.7283, 7.0597 ], [ 11.7181, 7.0583 ], [ 11.7154, 7.0549 ], [ 11.7154, 7.0441 ], [ 11.7159, 7.042 ], [ 11.7158, 7.0333 ], [ 11.7057, 7.0296 ], [ 11.6979, 7.0296 ], [ 11.6936, 7.0272 ], [ 11.6865, 7.015 ], [ 11.6801, 7.0058 ], [ 11.6737, 7.0003 ], [ 11.6618, 6.9967 ], [ 11.6636, 6.9902 ], [ 11.6607, 6.99 ], [ 11.6549, 6.9891 ], [ 11.6491, 6.9887 ], [ 11.6425, 6.9875 ], [ 11.6381, 6.9864 ], [ 11.6321, 6.9825 ], [ 11.6297, 6.9783 ], [ 11.626, 6.9721 ], [ 11.6254, 6.9539 ], [ 11.6225, 6.9469 ], [ 11.6215, 6.9371 ], [ 11.6197, 6.9236 ], [ 11.6143, 6.9143 ], [ 11.6033, 6.9123 ], [ 11.59, 6.9095 ], [ 11.5799, 6.9038 ], [ 11.5762, 6.8976 ], [ 11.5715, 6.8904 ], [ 11.5704, 6.8863 ], [ 11.5678, 6.8763 ], [ 11.5594, 6.8666 ], [ 11.5579, 6.8599 ], [ 11.559, 6.8518 ], [ 11.5742, 6.8527 ], [ 11.5781, 6.8501 ], [ 11.5816, 6.8455 ], [ 11.585, 6.8331 ], [ 11.583, 6.8218 ], [ 11.583, 6.8172 ], [ 11.5931, 6.8154 ], [ 11.5986, 6.8126 ], [ 11.5986, 6.8062 ], [ 11.5994, 6.8012 ], [ 11.5904, 6.7952 ], [ 11.583, 6.7925 ], [ 11.5766, 6.7778 ], [ 11.5757, 6.7723 ], [ 11.5858, 6.7595 ], [ 11.5897, 6.7501 ], [ 11.5904, 6.7421 ], [ 11.5877, 6.7341 ], [ 11.583, 6.7311 ], [ 11.5725, 6.7261 ], [ 11.5643, 6.7244 ], [ 11.5574, 6.7152 ], [ 11.5528, 6.6963 ], [ 11.5556, 6.6863 ], [ 11.5565, 6.6808 ], [ 11.5546, 6.6734 ], [ 11.5546, 6.6643 ], [ 11.5501, 6.6579 ], [ 11.5427, 6.657 ], [ 11.5373, 6.6478 ], [ 11.5308, 6.6423 ], [ 11.5235, 6.6267 ], [ 11.5253, 6.6194 ], [ 11.5217, 6.6093 ], [ 11.5098, 6.6093 ], [ 11.5061, 6.6048 ], [ 11.4979, 6.6039 ], [ 11.4909, 6.597 ], [ 11.4837, 6.5973 ], [ 11.4722, 6.6011 ], [ 11.4658, 6.6084 ], [ 11.4631, 6.6093 ], [ 11.4576, 6.6048 ], [ 11.4512, 6.6011 ], [ 11.4402, 6.5993 ], [ 11.4338, 6.599 ], [ 11.431, 6.5956 ], [ 11.4265, 6.5892 ], [ 11.432, 6.5764 ], [ 11.4329, 6.5617 ], [ 11.4298, 6.5465 ], [ 11.4265, 6.5416 ], [ 11.4246, 6.537 ], [ 11.4283, 6.5315 ], [ 11.4246, 6.5306 ], [ 11.4008, 6.5297 ], [ 11.3938, 6.5288 ], [ 11.3738, 6.5253 ], [ 11.3635, 6.5276 ], [ 11.3564, 6.5242 ], [ 11.3538, 6.5153 ], [ 11.355, 6.5085 ], [ 11.3532, 6.5022 ], [ 11.3395, 6.5031 ], [ 11.3248, 6.5086 ], [ 11.3166, 6.515 ], [ 11.3047, 6.5251 ], [ 11.2841, 6.5371 ], [ 11.273, 6.5373 ], [ 11.2622, 6.5262 ], [ 11.2522, 6.5262 ], [ 11.247, 6.5214 ], [ 11.2402, 6.5245 ], [ 11.2342, 6.5331 ], [ 11.2205, 6.5368 ], [ 11.2122, 6.5361 ], [ 11.193, 6.5398 ], [ 11.1838, 6.5462 ], [ 11.1631, 6.563 ], [ 11.1542, 6.5627 ], [ 11.149, 6.5599 ], [ 11.1426, 6.5471 ], [ 11.1307, 6.5388 ], [ 11.102, 6.5402 ], [ 11.0987, 6.5489 ], [ 11.1005, 6.57 ], [ 11.0996, 6.6075 ], [ 11.1005, 6.6423 ], [ 11.1032, 6.6606 ], [ 11.106, 6.6808 ], [ 11.0996, 6.6872 ], [ 11.0877, 6.7027 ], [ 11.0767, 6.7128 ], [ 11.0675, 6.7137 ], [ 11.0492, 6.7146 ], [ 11.0391, 6.7183 ], [ 11.0318, 6.7137 ], [ 11.0138, 6.6971 ], [ 11.0016, 6.6853 ], [ 10.9961, 6.6844 ], [ 10.9888, 6.6844 ], [ 10.9815, 6.689 ], [ 10.976, 6.6881 ], [ 10.9586, 6.6908 ], [ 10.9522, 6.6927 ], [ 10.9512, 6.6872 ], [ 10.9485, 6.6853 ], [ 10.9265, 6.7009 ], [ 10.9183, 6.7082 ], [ 10.9155, 6.7293 ], [ 10.9146, 6.7357 ], [ 10.9172, 6.7461 ], [ 10.9164, 6.7531 ], [ 10.9137, 6.7659 ], [ 10.9082, 6.7696 ], [ 10.9045, 6.7641 ], [ 10.8981, 6.7604 ], [ 10.8899, 6.7705 ], [ 10.8862, 6.7787 ], [ 10.8826, 6.7906 ], [ 10.8743, 6.7989 ], [ 10.8597, 6.8099 ], [ 10.8505, 6.8062 ], [ 10.8392, 6.811 ], [ 10.8391, 6.814 ], [ 10.8382, 6.8164 ], [ 10.8359, 6.8163 ], [ 10.8285, 6.8227 ], [ 10.824, 6.83 ], [ 10.8212, 6.8392 ], [ 10.8203, 6.8437 ], [ 10.8203, 6.8502 ], [ 10.8185, 6.8593 ], [ 10.817, 6.8631 ], [ 10.8204, 6.8654 ], [ 10.8241, 6.8677 ], [ 10.8216, 6.874 ], [ 10.8241, 6.8814 ], [ 10.8279, 6.8931 ], [ 10.8344, 6.912 ], [ 10.8401, 6.9251 ], [ 10.8418, 6.9311 ], [ 10.8395, 6.9371 ], [ 10.8348, 6.9401 ], [ 10.8221, 6.9445 ], [ 10.8102, 6.9509 ], [ 10.8066, 6.9591 ], [ 10.7992, 6.96 ], [ 10.7901, 6.96 ], [ 10.7846, 6.9674 ], [ 10.7791, 6.9664 ], [ 10.7745, 6.9573 ], [ 10.7681, 6.9536 ], [ 10.7645, 6.9582 ], [ 10.759, 6.9646 ], [ 10.7498, 6.971 ], [ 10.7489, 6.9774 ], [ 10.7361, 6.9893 ], [ 10.7168, 6.9912 ], [ 10.7123, 6.9994 ], [ 10.7068, 7.0076 ], [ 10.6976, 7.015 ], [ 10.6857, 7.0186 ], [ 10.6839, 7.026 ], [ 10.6848, 7.0379 ], [ 10.6775, 7.0452 ], [ 10.6628, 7.0525 ], [ 10.6601, 7.0461 ], [ 10.6527, 7.0452 ], [ 10.6317, 7.0498 ], [ 10.6216, 7.0571 ], [ 10.6024, 7.0736 ], [ 10.6042, 7.0754 ], [ 10.6033, 7.0827 ], [ 10.6079, 7.102 ], [ 10.6079, 7.1102 ], [ 10.6042, 7.1203 ], [ 10.6042, 7.1331 ], [ 10.5996, 7.145 ], [ 10.5923, 7.1468 ], [ 10.5841, 7.1532 ], [ 10.5783, 7.159 ], [ 10.5761, 7.1598 ], [ 10.5713, 7.1438 ], [ 10.5689, 7.1208 ], [ 10.5689, 7.0953 ], [ 10.5665, 7.085 ], [ 10.5641, 7.0739 ], [ 10.5633, 7.0516 ], [ 10.5657, 7.0373 ], [ 10.5609, 7.0206 ], [ 10.557, 6.9951 ], [ 10.5538, 6.9792 ], [ 10.5482, 6.9705 ], [ 10.5442, 6.953 ], [ 10.545, 6.945 ], [ 10.5379, 6.9363 ], [ 10.5307, 6.9299 ], [ 10.5291, 6.9243 ], [ 10.51, 6.9196 ], [ 10.5005, 6.9124 ], [ 10.4965, 6.9021 ], [ 10.4902, 6.9005 ], [ 10.4743, 6.9116 ], [ 10.4623, 6.9132 ], [ 10.4337, 6.914 ], [ 10.4265, 6.91 ], [ 10.3597, 6.9053 ], [ 10.316, 6.9005 ], [ 10.2277, 6.8909 ], [ 10.2142, 6.8909 ], [ 10.2031, 6.9053 ], [ 10.176, 6.9402 ], [ 10.1752, 6.9458 ], [ 10.18, 6.945 ], [ 10.1816, 6.953 ], [ 10.184, 6.9649 ], [ 10.184, 6.9737 ], [ 10.1816, 6.9848 ], [ 10.1808, 6.9896 ], [ 10.1752, 6.9896 ], [ 10.1728, 6.9975 ], [ 10.1744, 7.0039 ], [ 10.1776, 7.0126 ], [ 10.1792, 7.0166 ], [ 10.1736, 7.0214 ], [ 10.1681, 7.0222 ], [ 10.1673, 7.0285 ], [ 10.1673, 7.0341 ], [ 10.1617, 7.0381 ], [ 10.155, 7.0414 ], [ 10.1434, 7.0269 ], [ 10.11, 6.9919 ], [ 10.0623, 6.9538 ], [ 10.0321, 6.9275 ], [ 10.0178, 6.91 ], [ 10.013, 6.9013 ], [ 9.9987, 6.8973 ], [ 9.97, 6.8711 ], [ 9.9557, 6.844 ], [ 9.9279, 6.8217 ], [ 9.8953, 6.7899 ], [ 9.8841, 6.7732 ], [ 9.8738, 6.7724 ], [ 9.8619, 6.7804 ], [ 9.8452, 6.7812 ], [ 9.8205, 6.7812 ], [ 9.8168, 6.7883 ], [ 9.8138, 6.7872 ], [ 9.8067, 6.7913 ], [ 9.8047, 6.7862 ], [ 9.7986, 6.7852 ], [ 9.7935, 6.7893 ], [ 9.7855, 6.7953 ], [ 9.7794, 6.7862 ], [ 9.7784, 6.7761 ], [ 9.7743, 6.768 ], [ 9.7713, 6.762 ], [ 9.7753, 6.7569 ], [ 9.7753, 6.7498 ], [ 9.7652, 6.7377 ], [ 9.7602, 6.7215 ], [ 9.7551, 6.7043 ], [ 9.7612, 6.6921 ], [ 9.7571, 6.6871 ], [ 9.7622, 6.677 ], [ 9.7602, 6.6709 ], [ 9.7581, 6.6679 ], [ 9.7581, 6.6628 ], [ 9.7571, 6.6517 ], [ 9.748, 6.6517 ], [ 9.746, 6.6395 ], [ 9.7419, 6.6304 ], [ 9.7409, 6.6183 ], [ 9.7328, 6.6051 ], [ 9.7258, 6.5819 ], [ 9.7227, 6.5707 ], [ 9.7177, 6.5606 ], [ 9.7177, 6.5454 ], [ 9.7106, 6.5252 ], [ 9.7065, 6.512 ], [ 9.6964, 6.512 ], [ 9.6924, 6.5151 ], [ 9.6883, 6.5131 ], [ 9.6792, 6.512 ], [ 9.6721, 6.512 ], [ 9.6651, 6.5131 ], [ 9.661, 6.5242 ], [ 9.6559, 6.5303 ], [ 9.6529, 6.5292 ], [ 9.6489, 6.5252 ], [ 9.6438, 6.5252 ], [ 9.6377, 6.5232 ], [ 9.6317, 6.5211 ], [ 9.6205, 6.5252 ], [ 9.6124, 6.5272 ], [ 9.6084, 6.5292 ], [ 9.5991, 6.5309 ], [ 9.5887, 6.5085 ], [ 9.5879, 6.4945 ], [ 9.5862, 6.4748 ], [ 9.5747, 6.4665 ], [ 9.5434, 6.4434 ], [ 9.4915, 6.4459 ], [ 9.4676, 6.4509 ], [ 9.4656, 6.4556 ], [ 9.4648, 6.4503 ], [ 9.4636, 6.4434 ], [ 9.4625, 6.4365 ], [ 9.4601, 6.4297 ], [ 9.4578, 6.4228 ], [ 9.4566, 6.4171 ], [ 9.4531, 6.4113 ], [ 9.4508, 6.4045 ], [ 9.4496, 6.3999 ], [ 9.4484, 6.393 ], [ 9.4461, 6.3804 ], [ 9.446, 6.3712 ], [ 9.4448, 6.3643 ], [ 9.4436, 6.3552 ], [ 9.4424, 6.3494 ], [ 9.4378, 6.3414 ], [ 9.4355, 6.3357 ], [ 9.432, 6.3323 ], [ 9.4286, 6.3288 ], [ 9.424, 6.3254 ], [ 9.4194, 6.322 ], [ 9.4137, 6.3198 ], [ 9.4102, 6.3175 ], [ 9.4068, 6.3164 ], [ 9.4, 6.3164 ], [ 9.3977, 6.3187 ], [ 9.392, 6.3211 ], [ 9.3897, 6.3222 ], [ 9.384, 6.3246 ], [ 9.3784, 6.328 ], [ 9.3715, 6.3327 ], [ 9.3659, 6.3339 ], [ 9.3613, 6.3362 ], [ 9.3579, 6.3362 ], [ 9.3556, 6.3362 ], [ 9.351, 6.3363 ], [ 9.3465, 6.3363 ], [ 9.3442, 6.3363 ], [ 9.3408, 6.334 ], [ 9.3396, 6.3306 ], [ 9.3395, 6.3249 ], [ 9.3407, 6.3226 ], [ 9.3429, 6.3191 ], [ 9.3452, 6.3156 ], [ 9.3474, 6.3122 ], [ 9.3485, 6.3076 ], [ 9.3485, 6.3041 ], [ 9.3485, 6.2996 ], [ 9.3473, 6.2961 ], [ 9.3462, 6.2927 ], [ 9.3461, 6.2904 ], [ 9.3438, 6.287 ], [ 9.3427, 6.2835 ], [ 9.3392, 6.2767 ], [ 9.3346, 6.2709 ], [ 9.3346, 6.2686 ], [ 9.3323, 6.2664 ], [ 9.3276, 6.2572 ], [ 9.3253, 6.2492 ], [ 9.3218, 6.2412 ], [ 9.3149, 6.2309 ], [ 9.3114, 6.2252 ], [ 9.3091, 6.2183 ], [ 9.3056, 6.2091 ], [ 9.3021, 6.2023 ], [ 9.2998, 6.1977 ], [ 9.2963, 6.1908 ], [ 9.2917, 6.184 ], [ 9.2883, 6.1783 ], [ 9.2871, 6.1737 ], [ 9.2848, 6.1703 ], [ 9.2813, 6.1657 ], [ 9.279, 6.1634 ], [ 9.2767, 6.16 ], [ 9.2756, 6.1577 ], [ 9.2698, 6.1531 ], [ 9.2629, 6.1497 ], [ 9.2549, 6.1452 ], [ 9.2446, 6.1395 ], [ 9.2377, 6.135 ], [ 9.2286, 6.1305 ], [ 9.2251, 6.1293 ], [ 9.216, 6.1248 ], [ 9.2091, 6.1226 ], [ 9.2045, 6.1203 ], [ 9.1965, 6.1158 ], [ 9.1897, 6.1124 ], [ 9.1828, 6.1101 ], [ 9.1736, 6.1056 ], [ 9.1668, 6.1033 ], [ 9.1588, 6.0999 ], [ 9.1519, 6.0965 ], [ 9.1473, 6.0954 ], [ 9.1439, 6.0932 ], [ 9.1404, 6.0909 ], [ 9.1359, 6.0886 ], [ 9.1313, 6.0852 ], [ 9.1278, 6.0841 ], [ 9.1221, 6.0807 ], [ 9.1187, 6.0784 ], [ 9.1141, 6.075 ], [ 9.1072, 6.0693 ], [ 9.1014, 6.0636 ], [ 9.0946, 6.0591 ], [ 9.0877, 6.0534 ], [ 9.0785, 6.0454 ], [ 9.0728, 6.042 ], [ 9.0682, 6.0363 ], [ 9.0601, 6.0294 ], [ 9.0567, 6.0249 ], [ 9.0509, 6.0192 ], [ 9.044, 6.0123 ], [ 9.036, 6.0055 ], [ 9.0291, 5.9987 ], [ 9.0233, 5.9918 ], [ 9.0187, 5.9872 ], [ 9.0141, 5.9815 ], [ 9.0095, 5.977 ], [ 9.0061, 5.9713 ], [ 8.9992, 5.9633 ], [ 8.9957, 5.9598 ], [ 8.9934, 5.9564 ], [ 8.9911, 5.9553 ], [ 8.9899, 5.9518 ], [ 8.9785, 5.9427 ], [ 8.9716, 5.9359 ], [ 8.967, 5.9348 ], [ 8.9613, 5.9302 ], [ 8.9521, 5.9257 ], [ 8.9464, 5.9223 ], [ 8.9418, 5.92 ], [ 8.9409, 5.9171 ], [ 8.9396, 5.9119 ], [ 8.9355, 5.9106 ], [ 8.9301, 5.9078 ], [ 8.9232, 5.9026 ], [ 8.9156, 5.9042 ], [ 8.9123, 5.9031 ], [ 8.9108, 5.8996 ], [ 8.9136, 5.8923 ], [ 8.9117, 5.8858 ], [ 8.908, 5.8813 ], [ 8.9039, 5.8715 ], [ 8.9046, 5.865 ], [ 8.902, 5.8618 ], [ 8.8953, 5.8603 ], [ 8.8892, 5.8596 ], [ 8.8834, 5.8605 ], [ 8.8814, 5.8575 ], [ 8.8776, 5.8547 ], [ 8.8711, 5.8523 ], [ 8.8696, 5.8499 ], [ 8.8652, 5.8471 ], [ 8.8609, 5.8456 ], [ 8.8577, 5.8428 ], [ 8.8592, 5.8389 ], [ 8.859, 5.832 ], [ 8.8518, 5.8277 ], [ 8.8441, 5.8277 ], [ 8.8441, 5.8254 ], [ 8.8441, 5.8208 ], [ 8.8441, 5.8174 ], [ 8.844, 5.8139 ], [ 8.8463, 5.8082 ], [ 8.8485, 5.8036 ], [ 8.853, 5.7955 ], [ 8.8553, 5.7897 ], [ 8.8575, 5.784 ], [ 8.8586, 5.7782 ], [ 8.8586, 5.7759 ], [ 8.8562, 5.7679 ], [ 8.8539, 5.7622 ], [ 8.8527, 5.7588 ], [ 8.8527, 5.7542 ], [ 8.8527, 5.7484 ], [ 8.8515, 5.7416 ], [ 8.8503, 5.7381 ], [ 8.8491, 5.7335 ], [ 8.8457, 5.729 ], [ 8.8422, 5.7232 ], [ 8.8365, 5.7198 ], [ 8.8342, 5.7187 ], [ 8.8285, 5.7187 ], [ 8.8251, 5.7188 ], [ 8.8216, 5.7176 ], [ 8.8182, 5.7165 ], [ 8.8159, 5.7154 ], [ 8.8148, 5.7131 ], [ 8.8136, 5.7108 ], [ 8.8136, 5.7074 ], [ 8.8147, 5.7039 ], [ 8.8158, 5.7016 ], [ 8.818, 5.6936 ], [ 8.8197, 5.6923 ], [ 8.8263, 5.6906 ], [ 8.843, 5.6806 ], [ 8.8464, 5.6739 ], [ 8.8514, 5.654 ], [ 8.8595, 5.6482 ], [ 8.8675, 5.6413 ], [ 8.8721, 5.6368 ], [ 8.8778, 5.6287 ], [ 8.8859, 5.6207 ], [ 8.8916, 5.6104 ], [ 8.8951, 5.6024 ], [ 8.8963, 5.5932 ], [ 8.8963, 5.5852 ], [ 8.8952, 5.5783 ], [ 8.8929, 5.5702 ], [ 8.8907, 5.5633 ], [ 8.8873, 5.5552 ], [ 8.8862, 5.5483 ], [ 8.8828, 5.5426 ], [ 8.8783, 5.5356 ], [ 8.8737, 5.5276 ], [ 8.8715, 5.5207 ], [ 8.8681, 5.5149 ], [ 8.8647, 5.5091 ], [ 8.8624, 5.5034 ], [ 8.8602, 5.4988 ], [ 8.8591, 5.4896 ], [ 8.858, 5.4781 ], [ 8.858, 5.4712 ], [ 8.8558, 5.4631 ], [ 8.8535, 5.4551 ], [ 8.8501, 5.4482 ], [ 8.8467, 5.439 ], [ 8.8456, 5.432 ], [ 8.8445, 5.4274 ], [ 8.8434, 5.4205 ], [ 8.8434, 5.4102 ], [ 8.8423, 5.401 ], [ 8.8412, 5.3918 ], [ 8.839, 5.3837 ], [ 8.8379, 5.378 ], [ 8.8356, 5.3711 ], [ 8.8322, 5.3642 ], [ 8.8277, 5.355 ], [ 8.8255, 5.3492 ], [ 8.8221, 5.3434 ], [ 8.8187, 5.3331 ], [ 8.8164, 5.325 ], [ 8.8131, 5.3158 ], [ 8.8097, 5.3066 ], [ 8.8074, 5.2974 ], [ 8.8063, 5.2905 ], [ 8.8064, 5.2767 ], [ 8.8076, 5.2687 ], [ 8.8087, 5.2606 ], [ 8.8111, 5.2503 ], [ 8.8123, 5.2411 ], [ 8.8134, 5.233 ], [ 8.8123, 5.2238 ], [ 8.8112, 5.2147 ], [ 8.8102, 5.1974 ], [ 8.8079, 5.1882 ], [ 8.8057, 5.1744 ], [ 8.8035, 5.164 ], [ 8.8012, 5.1537 ], [ 8.7979, 5.1456 ], [ 8.7945, 5.1376 ], [ 8.7911, 5.1318 ], [ 8.7797, 5.1203 ], [ 8.7717, 5.1133 ], [ 8.7638, 5.1064 ], [ 8.7558, 5.0983 ], [ 8.7448, 5.0918 ], [ 8.7366, 5.0823 ], [ 8.7305, 5.0769 ], [ 8.7267, 5.0743 ], [ 8.7251, 5.0658 ], [ 8.721, 5.0594 ], [ 8.72, 5.0534 ], [ 8.7235, 5.0457 ], [ 8.7248, 5.0432 ], [ 8.7232, 5.0413 ], [ 8.7184, 5.0381 ], [ 8.7181, 5.0327 ], [ 8.7159, 5.0289 ], [ 8.7146, 5.0317 ], [ 8.7121, 5.0314 ], [ 8.7073, 5.0209 ], [ 8.7045, 5.0196 ], [ 8.7003, 5.0168 ], [ 8.6962, 5.0142 ], [ 8.6956, 5.0123 ], [ 8.694, 5.0072 ], [ 8.6895, 5.005 ], [ 8.6851, 5.0006 ], [ 8.6854, 4.9983 ], [ 8.6895, 4.9971 ], [ 8.6935, 4.9953 ], [ 8.6971, 4.9904 ], [ 8.6981, 4.9872 ], [ 8.6962, 4.985 ], [ 8.693, 4.9863 ], [ 8.6898, 4.9853 ], [ 8.6873, 4.9815 ], [ 8.6854, 4.9837 ], [ 8.6812, 4.9802 ], [ 8.6803, 4.9764 ], [ 8.679, 4.9716 ], [ 8.6669, 4.9637 ], [ 8.6663, 4.9586 ], [ 8.6685, 4.9548 ], [ 8.6688, 4.9522 ], [ 8.6603, 4.9446 ], [ 8.6529, 4.9459 ], [ 8.6494, 4.9424 ], [ 8.6485, 4.9357 ], [ 8.6501, 4.9319 ], [ 8.6533, 4.9258 ], [ 8.6542, 4.9208 ], [ 8.6523, 4.9157 ], [ 8.6472, 4.9106 ], [ 8.6391, 4.907 ], [ 8.6316, 4.9077 ], [ 8.6246, 4.9077 ], [ 8.6189, 4.9033 ], [ 8.6145, 4.8963 ], [ 8.6094, 4.889 ], [ 8.6047, 4.8799 ], [ 8.6047, 4.878 ], [ 8.6062, 4.8722 ], [ 8.6095, 4.8668 ], [ 8.6127, 4.8639 ], [ 8.6194, 4.8605 ], [ 8.6228, 4.8574 ], [ 8.6307, 4.8463 ], [ 8.6321, 4.8438 ], [ 8.6322, 4.8428 ], [ 8.6304, 4.8428 ], [ 8.6296, 4.843 ], [ 8.6266, 4.8427 ], [ 8.6274, 4.8411 ], [ 8.6274, 4.8404 ], [ 8.6241, 4.8423 ], [ 8.6211, 4.8426 ], [ 8.6252, 4.8383 ], [ 8.6265, 4.8364 ], [ 8.6274, 4.8344 ], [ 8.6278, 4.8326 ], [ 8.6278, 4.8312 ], [ 8.6281, 4.8305 ], [ 8.6281, 4.8265 ], [ 8.6269, 4.8229 ], [ 8.6255, 4.8214 ], [ 8.6241, 4.8206 ], [ 8.6217, 4.8203 ], [ 8.6188, 4.8207 ], [ 8.6174, 4.8204 ], [ 8.6159, 4.8197 ], [ 8.614, 4.8188 ], [ 8.6133, 4.8188 ], [ 8.6118, 4.818 ], [ 8.6101, 4.8171 ], [ 8.6087, 4.8156 ], [ 8.6045, 4.813 ], [ 8.6035, 4.812 ], [ 8.5992, 4.809 ], [ 8.5979, 4.8087 ], [ 8.597, 4.8083 ], [ 8.5933, 4.8077 ], [ 8.5922, 4.8073 ], [ 8.5912, 4.8076 ], [ 8.5886, 4.809 ], [ 8.5843, 4.8128 ], [ 8.5827, 4.8136 ], [ 8.5798, 4.8165 ], [ 8.5786, 4.8175 ], [ 8.5766, 4.818 ], [ 8.5751, 4.8189 ], [ 8.5739, 4.8189 ], [ 8.5724, 4.8193 ], [ 8.569, 4.8191 ], [ 8.5675, 4.8195 ], [ 8.5644, 4.8195 ], [ 8.5619, 4.8187 ], [ 8.5608, 4.8183 ], [ 8.5594, 4.8179 ], [ 8.5589, 4.8179 ], [ 8.5569, 4.8161 ], [ 8.5553, 4.8141 ], [ 8.5545, 4.8136 ], [ 8.5539, 4.8133 ], [ 8.5529, 4.8133 ], [ 8.552, 4.8128 ], [ 8.5514, 4.8128 ], [ 8.5507, 4.8124 ], [ 8.5495, 4.8121 ], [ 8.5477, 4.811 ], [ 8.5466, 4.8097 ], [ 8.5456, 4.8079 ], [ 8.544, 4.8059 ], [ 8.5411, 4.8035 ], [ 8.5404, 4.8026 ], [ 8.5385, 4.8006 ], [ 8.5364, 4.7965 ], [ 8.5336, 4.7874 ], [ 8.5327, 4.7861 ], [ 8.5327, 4.7854 ], [ 8.5319, 4.7838 ], [ 8.5308, 4.7805 ], [ 8.5297, 4.7785 ], [ 8.5288, 4.7774 ], [ 8.5271, 4.7742 ], [ 8.5255, 4.7721 ], [ 8.5245, 4.7698 ], [ 8.5237, 4.7611 ], [ 8.5237, 4.756 ], [ 8.5234, 4.754 ], [ 8.5229, 4.7522 ], [ 8.5215, 4.75 ], [ 8.5207, 4.7478 ], [ 8.5201, 4.7459 ], [ 8.52, 4.7445 ], [ 8.5203, 4.7372 ], [ 8.521, 4.7351 ], [ 8.5213, 4.7335 ], [ 8.5217, 4.7326 ], [ 8.5217, 4.7321 ], [ 8.5228, 4.7303 ], [ 8.5232, 4.7291 ], [ 8.5261, 4.7245 ], [ 8.5275, 4.7217 ], [ 8.5298, 4.7189 ], [ 8.5307, 4.7173 ], [ 8.5316, 4.714 ], [ 8.5316, 4.7122 ], [ 8.5314, 4.7105 ], [ 8.5305, 4.7086 ], [ 8.5297, 4.7079 ], [ 8.5271, 4.7075 ], [ 8.5241, 4.7067 ], [ 8.5201, 4.7042 ], [ 8.5172, 4.7036 ], [ 8.5147, 4.7043 ], [ 8.5107, 4.7047 ], [ 8.5085, 4.7057 ], [ 8.5077, 4.7065 ], [ 8.5046, 4.7083 ], [ 8.5015, 4.7106 ], [ 8.5013, 4.7125 ], [ 8.5016, 4.7136 ], [ 8.5012, 4.714 ], [ 8.5005, 4.7139 ], [ 8.5, 4.7134 ], [ 8.4995, 4.7121 ], [ 8.4996, 4.7095 ], [ 8.5009, 4.7078 ], [ 8.502, 4.7072 ], [ 8.5036, 4.7065 ], [ 8.5063, 4.7058 ], [ 8.5073, 4.7047 ], [ 8.508, 4.7028 ], [ 8.5084, 4.6971 ], [ 8.5089, 4.6942 ], [ 8.5081, 4.6933 ], [ 8.5072, 4.693 ], [ 8.5044, 4.6931 ], [ 8.5015, 4.6938 ], [ 8.4983, 4.6935 ], [ 8.4928, 4.6923 ], [ 8.489, 4.6908 ], [ 8.4864, 4.6904 ], [ 8.4835, 4.6902 ], [ 8.4831, 4.6899 ], [ 8.4809, 4.6894 ], [ 8.4799, 4.6894 ], [ 8.4792, 4.6901 ], [ 8.478, 4.6921 ], [ 8.4762, 4.6939 ], [ 8.4752, 4.6945 ], [ 8.4724, 4.6953 ], [ 8.469, 4.6955 ], [ 8.4679, 4.6961 ], [ 8.4651, 4.6969 ], [ 8.4638, 4.6971 ], [ 8.4617, 4.6979 ], [ 8.458, 4.6983 ], [ 8.4555, 4.6997 ], [ 8.4556, 4.701 ], [ 8.4584, 4.7056 ], [ 8.46, 4.7115 ], [ 8.4606, 4.7126 ], [ 8.4614, 4.7153 ], [ 8.4629, 4.7193 ], [ 8.463, 4.7204 ], [ 8.464, 4.7235 ], [ 8.4658, 4.7262 ], [ 8.467, 4.7275 ], [ 8.4689, 4.7282 ], [ 8.4707, 4.7282 ], [ 8.4716, 4.7275 ], [ 8.4718, 4.7269 ], [ 8.4718, 4.7262 ], [ 8.4725, 4.725 ], [ 8.4732, 4.7244 ], [ 8.4746, 4.7239 ], [ 8.4747, 4.7247 ], [ 8.4733, 4.7268 ], [ 8.4733, 4.7277 ], [ 8.4762, 4.7282 ], [ 8.4794, 4.7276 ], [ 8.4812, 4.7276 ], [ 8.483, 4.7279 ], [ 8.4849, 4.7279 ], [ 8.4862, 4.7283 ], [ 8.4884, 4.7294 ], [ 8.4897, 4.7307 ], [ 8.4917, 4.7336 ], [ 8.4919, 4.7345 ], [ 8.493, 4.7363 ], [ 8.4978, 4.7417 ], [ 8.5005, 4.7431 ], [ 8.502, 4.7436 ], [ 8.5042, 4.7438 ], [ 8.5053, 4.744 ], [ 8.5064, 4.7446 ], [ 8.5073, 4.7456 ], [ 8.508, 4.7475 ], [ 8.5079, 4.7516 ], [ 8.5081, 4.7522 ], [ 8.5081, 4.7531 ], [ 8.5084, 4.7539 ], [ 8.508, 4.7548 ], [ 8.5077, 4.7572 ], [ 8.507, 4.7594 ], [ 8.5062, 4.7607 ], [ 8.5032, 4.7638 ], [ 8.5003, 4.766 ], [ 8.4982, 4.7681 ], [ 8.4974, 4.7699 ], [ 8.497, 4.7703 ], [ 8.4964, 4.7699 ], [ 8.4964, 4.7693 ], [ 8.4972, 4.7669 ], [ 8.4999, 4.7641 ], [ 8.5012, 4.7633 ], [ 8.5029, 4.7618 ], [ 8.5039, 4.7601 ], [ 8.5047, 4.7592 ], [ 8.5058, 4.7568 ], [ 8.5062, 4.7549 ], [ 8.5057, 4.7538 ], [ 8.5057, 4.7511 ], [ 8.5051, 4.749 ], [ 8.5038, 4.7469 ], [ 8.5028, 4.7461 ], [ 8.4978, 4.7453 ], [ 8.4967, 4.7453 ], [ 8.4948, 4.7446 ], [ 8.4925, 4.7433 ], [ 8.4905, 4.741 ], [ 8.49, 4.7395 ], [ 8.4879, 4.7353 ], [ 8.4874, 4.7351 ], [ 8.485, 4.7327 ], [ 8.4839, 4.732 ], [ 8.4828, 4.7316 ], [ 8.4817, 4.7316 ], [ 8.4806, 4.7322 ], [ 8.4798, 4.7329 ], [ 8.4784, 4.7335 ], [ 8.4755, 4.7341 ], [ 8.474, 4.7353 ], [ 8.4724, 4.7386 ], [ 8.4719, 4.739 ], [ 8.4715, 4.7401 ], [ 8.4711, 4.7405 ], [ 8.4708, 4.7414 ], [ 8.4699, 4.7425 ], [ 8.4693, 4.7436 ], [ 8.4681, 4.7452 ], [ 8.4667, 4.7466 ], [ 8.466, 4.748 ], [ 8.465, 4.7491 ], [ 8.4649, 4.7496 ], [ 8.4642, 4.7504 ], [ 8.4616, 4.7528 ], [ 8.4612, 4.7537 ], [ 8.4612, 4.7563 ], [ 8.462, 4.7576 ], [ 8.4639, 4.7594 ], [ 8.4645, 4.7602 ], [ 8.4645, 4.7613 ], [ 8.4647, 4.7619 ], [ 8.4661, 4.7632 ], [ 8.4668, 4.7635 ], [ 8.4678, 4.7645 ], [ 8.4685, 4.7657 ], [ 8.4691, 4.7679 ], [ 8.4695, 4.7685 ], [ 8.4697, 4.7693 ], [ 8.4701, 4.77 ], [ 8.4708, 4.7733 ], [ 8.4708, 4.7742 ], [ 8.4715, 4.7766 ], [ 8.4717, 4.7788 ], [ 8.4726, 4.7811 ], [ 8.4731, 4.7817 ], [ 8.475, 4.7815 ], [ 8.4774, 4.78 ], [ 8.4786, 4.7799 ], [ 8.4799, 4.78 ], [ 8.481, 4.7809 ], [ 8.4818, 4.7811 ], [ 8.4847, 4.7836 ], [ 8.4848, 4.7842 ], [ 8.4834, 4.7844 ], [ 8.4812, 4.7825 ], [ 8.4804, 4.7821 ], [ 8.4772, 4.7826 ], [ 8.4753, 4.7836 ], [ 8.4739, 4.7836 ], [ 8.4719, 4.7828 ], [ 8.4712, 4.7821 ], [ 8.4702, 4.78 ], [ 8.4693, 4.7766 ], [ 8.4679, 4.7741 ], [ 8.4679, 4.7718 ], [ 8.4672, 4.7693 ], [ 8.466, 4.7678 ], [ 8.4643, 4.7664 ], [ 8.462, 4.7634 ], [ 8.4606, 4.7609 ], [ 8.4606, 4.7602 ], [ 8.4598, 4.7584 ], [ 8.4583, 4.7567 ], [ 8.4579, 4.7559 ], [ 8.457, 4.7532 ], [ 8.4561, 4.747 ], [ 8.4551, 4.7442 ], [ 8.4531, 4.7424 ], [ 8.4513, 4.7413 ], [ 8.4507, 4.7406 ], [ 8.4498, 4.7386 ], [ 8.4487, 4.7375 ], [ 8.4469, 4.7364 ], [ 8.4455, 4.7362 ], [ 8.4445, 4.7366 ], [ 8.4425, 4.7366 ], [ 8.4414, 4.7361 ], [ 8.4396, 4.7358 ], [ 8.4379, 4.7358 ], [ 8.4374, 4.7355 ], [ 8.4357, 4.7337 ], [ 8.4348, 4.7322 ], [ 8.4331, 4.7308 ], [ 8.4302, 4.7295 ], [ 8.4283, 4.7289 ], [ 8.4258, 4.7277 ], [ 8.4236, 4.7272 ], [ 8.421, 4.7275 ], [ 8.4184, 4.7285 ], [ 8.4148, 4.7287 ], [ 8.4129, 4.7297 ], [ 8.4111, 4.7316 ], [ 8.4109, 4.7323 ], [ 8.4101, 4.7331 ], [ 8.4094, 4.7346 ], [ 8.4082, 4.7401 ], [ 8.4067, 4.7418 ], [ 8.4061, 4.7421 ], [ 8.4044, 4.7437 ], [ 8.4038, 4.744 ], [ 8.4028, 4.745 ], [ 8.4021, 4.7447 ], [ 8.4021, 4.7441 ], [ 8.4025, 4.7432 ], [ 8.4042, 4.7418 ], [ 8.4065, 4.7404 ], [ 8.4071, 4.7395 ], [ 8.4075, 4.7368 ], [ 8.4075, 4.7355 ], [ 8.4069, 4.7348 ], [ 8.4042, 4.7333 ], [ 8.4036, 4.7327 ], [ 8.4027, 4.7323 ], [ 8.4017, 4.7324 ], [ 8.4001, 4.7346 ], [ 8.3951, 4.7371 ], [ 8.394, 4.7385 ], [ 8.3912, 4.7409 ], [ 8.391, 4.7416 ], [ 8.39, 4.7426 ], [ 8.3887, 4.7453 ], [ 8.3881, 4.7462 ], [ 8.3876, 4.7471 ], [ 8.386, 4.7489 ], [ 8.386, 4.7495 ], [ 8.3854, 4.7507 ], [ 8.3854, 4.7517 ], [ 8.3862, 4.753 ], [ 8.3886, 4.7554 ], [ 8.3893, 4.7565 ], [ 8.3911, 4.7583 ], [ 8.3926, 4.759 ], [ 8.3948, 4.7606 ], [ 8.396, 4.7619 ], [ 8.3966, 4.7631 ], [ 8.3975, 4.7639 ], [ 8.3986, 4.7645 ], [ 8.4019, 4.7652 ], [ 8.4059, 4.7656 ], [ 8.4074, 4.766 ], [ 8.411, 4.7662 ], [ 8.4127, 4.7667 ], [ 8.414, 4.7686 ], [ 8.414, 4.7701 ], [ 8.4135, 4.7708 ], [ 8.4125, 4.7714 ], [ 8.4117, 4.7726 ], [ 8.41, 4.7744 ], [ 8.41, 4.7754 ], [ 8.4103, 4.7759 ], [ 8.4113, 4.7769 ], [ 8.4121, 4.7772 ], [ 8.414, 4.7772 ], [ 8.4147, 4.7769 ], [ 8.4162, 4.7751 ], [ 8.4165, 4.7743 ], [ 8.4175, 4.7732 ], [ 8.4191, 4.7722 ], [ 8.42, 4.7721 ], [ 8.4206, 4.7717 ], [ 8.4217, 4.7718 ], [ 8.4239, 4.7736 ], [ 8.4256, 4.7744 ], [ 8.4272, 4.774 ], [ 8.4284, 4.7725 ], [ 8.4296, 4.7707 ], [ 8.431, 4.7698 ], [ 8.4321, 4.7694 ], [ 8.4337, 4.7692 ], [ 8.4358, 4.7702 ], [ 8.4366, 4.771 ], [ 8.4366, 4.772 ], [ 8.4362, 4.7732 ], [ 8.4351, 4.7745 ], [ 8.4352, 4.7753 ], [ 8.4361, 4.7753 ], [ 8.4372, 4.7738 ], [ 8.4387, 4.7728 ], [ 8.4401, 4.7728 ], [ 8.4412, 4.7734 ], [ 8.4409, 4.7738 ], [ 8.4395, 4.7743 ], [ 8.4377, 4.7757 ], [ 8.4379, 4.7771 ], [ 8.4374, 4.7779 ], [ 8.4351, 4.7801 ], [ 8.4345, 4.7811 ], [ 8.4345, 4.782 ], [ 8.4367, 4.7824 ], [ 8.4373, 4.7827 ], [ 8.4377, 4.7833 ], [ 8.4377, 4.7851 ], [ 8.4374, 4.7863 ], [ 8.4374, 4.7899 ], [ 8.4371, 4.7907 ], [ 8.4363, 4.7912 ], [ 8.4344, 4.7912 ], [ 8.4326, 4.7907 ], [ 8.4301, 4.7905 ], [ 8.4293, 4.79 ], [ 8.4293, 4.7893 ], [ 8.4307, 4.7892 ], [ 8.4326, 4.79 ], [ 8.4349, 4.7899 ], [ 8.4356, 4.7892 ], [ 8.4367, 4.7863 ], [ 8.4367, 4.7856 ], [ 8.4336, 4.7846 ], [ 8.4326, 4.7834 ], [ 8.4326, 4.7822 ], [ 8.4344, 4.7803 ], [ 8.435, 4.7789 ], [ 8.435, 4.7783 ], [ 8.4337, 4.7767 ], [ 8.4334, 4.7757 ], [ 8.4334, 4.7749 ], [ 8.4343, 4.7738 ], [ 8.4346, 4.7727 ], [ 8.4344, 4.7713 ], [ 8.4336, 4.7706 ], [ 8.4329, 4.7706 ], [ 8.4321, 4.771 ], [ 8.4303, 4.7731 ], [ 8.4297, 4.7746 ], [ 8.4292, 4.7754 ], [ 8.4283, 4.7761 ], [ 8.4272, 4.7765 ], [ 8.4252, 4.7762 ], [ 8.4238, 4.7751 ], [ 8.4227, 4.7739 ], [ 8.4216, 4.7733 ], [ 8.4211, 4.7733 ], [ 8.4195, 4.7746 ], [ 8.4186, 4.7748 ], [ 8.4179, 4.7754 ], [ 8.4173, 4.7761 ], [ 8.4171, 4.777 ], [ 8.4161, 4.778 ], [ 8.415, 4.7785 ], [ 8.4128, 4.7784 ], [ 8.4109, 4.7778 ], [ 8.4096, 4.7772 ], [ 8.4089, 4.7765 ], [ 8.4087, 4.7756 ], [ 8.4087, 4.774 ], [ 8.4089, 4.7734 ], [ 8.4099, 4.7728 ], [ 8.4124, 4.77 ], [ 8.4125, 4.7692 ], [ 8.4121, 4.7686 ], [ 8.4114, 4.7682 ], [ 8.4098, 4.7677 ], [ 8.4081, 4.7675 ], [ 8.4074, 4.7672 ], [ 8.4054, 4.7674 ], [ 8.404, 4.7683 ], [ 8.4029, 4.7688 ], [ 8.399, 4.7726 ], [ 8.3989, 4.7749 ], [ 8.3994, 4.7767 ], [ 8.4005, 4.7785 ], [ 8.4012, 4.7803 ], [ 8.4019, 4.7811 ], [ 8.4022, 4.7821 ], [ 8.4029, 4.7829 ], [ 8.4034, 4.7846 ], [ 8.405, 4.7879 ], [ 8.4052, 4.7886 ], [ 8.4064, 4.7908 ], [ 8.4068, 4.7923 ], [ 8.4079, 4.7944 ], [ 8.4087, 4.797 ], [ 8.409, 4.7994 ], [ 8.4109, 4.808 ], [ 8.4128, 4.8135 ], [ 8.4138, 4.8187 ], [ 8.4142, 4.823 ], [ 8.4142, 4.8272 ], [ 8.4139, 4.8285 ], [ 8.4138, 4.8327 ], [ 8.4131, 4.8351 ], [ 8.4115, 4.8393 ], [ 8.4082, 4.8393 ], [ 8.4041, 4.8392 ], [ 8.4044, 4.8381 ], [ 8.4061, 4.8344 ], [ 8.4062, 4.8336 ], [ 8.4077, 4.8305 ], [ 8.4091, 4.8252 ], [ 8.4094, 4.8197 ], [ 8.4093, 4.8168 ], [ 8.409, 4.816 ], [ 8.4082, 4.8148 ], [ 8.4066, 4.8136 ], [ 8.4051, 4.8118 ], [ 8.4017, 4.8055 ], [ 8.4009, 4.8029 ], [ 8.4005, 4.8008 ], [ 8.4005, 4.7963 ], [ 8.3999, 4.7925 ], [ 8.4, 4.7866 ], [ 8.3983, 4.7835 ], [ 8.3962, 4.7811 ], [ 8.3956, 4.7807 ], [ 8.395, 4.7807 ], [ 8.3936, 4.7802 ], [ 8.3931, 4.7797 ], [ 8.3927, 4.78 ], [ 8.3917, 4.7799 ], [ 8.3903, 4.7793 ], [ 8.3888, 4.7793 ], [ 8.3858, 4.7782 ], [ 8.3839, 4.7781 ], [ 8.3814, 4.7767 ], [ 8.3786, 4.7759 ], [ 8.3735, 4.7759 ], [ 8.3687, 4.7771 ], [ 8.3668, 4.7782 ], [ 8.3636, 4.7809 ], [ 8.3626, 4.782 ], [ 8.3622, 4.783 ], [ 8.3622, 4.785 ], [ 8.3641, 4.7871 ], [ 8.3641, 4.7879 ], [ 8.3629, 4.7882 ], [ 8.3625, 4.7878 ], [ 8.3619, 4.7864 ], [ 8.3614, 4.7859 ], [ 8.3601, 4.7853 ], [ 8.3577, 4.7853 ], [ 8.3563, 4.7857 ], [ 8.3541, 4.7868 ], [ 8.3516, 4.7887 ], [ 8.3505, 4.7893 ], [ 8.3488, 4.7905 ], [ 8.3465, 4.7916 ], [ 8.3464, 4.7926 ], [ 8.347, 4.7933 ], [ 8.3477, 4.7934 ], [ 8.3483, 4.7938 ], [ 8.348, 4.7944 ], [ 8.3448, 4.795 ], [ 8.3443, 4.7954 ], [ 8.3437, 4.7958 ], [ 8.3432, 4.796 ], [ 8.3424, 4.7966 ], [ 8.3413, 4.7976 ], [ 8.339, 4.8 ], [ 8.3367, 4.8019 ], [ 8.3353, 4.8026 ], [ 8.3345, 4.8034 ], [ 8.3339, 4.8044 ], [ 8.3341, 4.8065 ], [ 8.3346, 4.8087 ], [ 8.3345, 4.8114 ], [ 8.3342, 4.8121 ], [ 8.3343, 4.8158 ], [ 8.3353, 4.8188 ], [ 8.3354, 4.8205 ], [ 8.3366, 4.8241 ], [ 8.3375, 4.8248 ], [ 8.3388, 4.8254 ], [ 8.3406, 4.8256 ], [ 8.3411, 4.8249 ], [ 8.3409, 4.8195 ], [ 8.3413, 4.8179 ], [ 8.342, 4.8172 ], [ 8.3437, 4.8164 ], [ 8.346, 4.8162 ], [ 8.3477, 4.8169 ], [ 8.3484, 4.8175 ], [ 8.3503, 4.8198 ], [ 8.3513, 4.8218 ], [ 8.3525, 4.8257 ], [ 8.353, 4.8268 ], [ 8.3529, 4.8292 ], [ 8.3545, 4.8329 ], [ 8.3552, 4.8335 ], [ 8.3563, 4.8339 ], [ 8.3602, 4.8342 ], [ 8.3609, 4.8344 ], [ 8.3632, 4.8347 ], [ 8.3649, 4.8355 ], [ 8.3658, 4.8365 ], [ 8.3661, 4.8371 ], [ 8.3664, 4.8377 ], [ 8.3664, 4.8386 ], [ 8.3644, 4.8386 ], [ 8.3635, 4.8366 ], [ 8.3621, 4.8359 ], [ 8.3609, 4.8357 ], [ 8.3573, 4.8358 ], [ 8.3556, 4.8355 ], [ 8.3543, 4.8348 ], [ 8.3533, 4.8339 ], [ 8.3527, 4.8329 ], [ 8.3521, 4.8322 ], [ 8.3512, 4.8304 ], [ 8.3507, 4.8285 ], [ 8.35, 4.8242 ], [ 8.3488, 4.8211 ], [ 8.3474, 4.8194 ], [ 8.3455, 4.8183 ], [ 8.3445, 4.8184 ], [ 8.3435, 4.8194 ], [ 8.3435, 4.8213 ], [ 8.3439, 4.8237 ], [ 8.3439, 4.826 ], [ 8.3435, 4.827 ], [ 8.3428, 4.8277 ], [ 8.3417, 4.8281 ], [ 8.3397, 4.8281 ], [ 8.3386, 4.8275 ], [ 8.338, 4.8275 ], [ 8.3365, 4.8265 ], [ 8.3313, 4.8241 ], [ 8.3273, 4.8234 ], [ 8.3262, 4.8235 ], [ 8.3241, 4.8246 ], [ 8.323, 4.8258 ], [ 8.3229, 4.8264 ], [ 8.3162, 4.8331 ], [ 8.3154, 4.8334 ], [ 8.3138, 4.8346 ], [ 8.3129, 4.8347 ], [ 8.3125, 4.8352 ], [ 8.3115, 4.8354 ], [ 8.3106, 4.8361 ], [ 8.3099, 4.8377 ], [ 8.2775, 4.8372 ], [ 8.2687, 4.8291 ], [ 8.2657, 4.8263 ], [ 8.2652, 4.8247 ], [ 8.2634, 4.823 ], [ 8.2621, 4.8229 ], [ 8.2524, 4.8141 ], [ 8.2542, 4.8138 ], [ 8.2562, 4.8126 ], [ 8.2577, 4.8111 ], [ 8.2602, 4.8076 ], [ 8.2609, 4.8048 ], [ 8.2632, 4.7988 ], [ 8.2662, 4.7938 ], [ 8.2687, 4.79 ], [ 8.2707, 4.788 ], [ 8.2737, 4.7858 ], [ 8.2755, 4.7843 ], [ 8.2766, 4.7831 ], [ 8.2805, 4.781 ], [ 8.2839, 4.7796 ], [ 8.2881, 4.7779 ], [ 8.291, 4.7772 ], [ 8.2916, 4.7767 ], [ 8.2921, 4.7756 ], [ 8.2923, 4.7732 ], [ 8.2927, 4.7728 ], [ 8.2968, 4.7721 ], [ 8.2983, 4.7716 ], [ 8.2994, 4.7709 ], [ 8.3, 4.7703 ], [ 8.3003, 4.7695 ], [ 8.3004, 4.7679 ], [ 8.3102, 4.7584 ], [ 8.311, 4.7574 ], [ 8.312, 4.7554 ], [ 8.313, 4.754 ], [ 8.3164, 4.7503 ], [ 8.3175, 4.7482 ], [ 8.3175, 4.7464 ], [ 8.3167, 4.7444 ], [ 8.3156, 4.7431 ], [ 8.3141, 4.7404 ], [ 8.3133, 4.7376 ], [ 8.3132, 4.7339 ], [ 8.3141, 4.7313 ], [ 8.3143, 4.7295 ], [ 8.3147, 4.7285 ], [ 8.3151, 4.7258 ], [ 8.3154, 4.7252 ], [ 8.3151, 4.7241 ], [ 8.3143, 4.7233 ], [ 8.3136, 4.723 ], [ 8.3128, 4.723 ], [ 8.3118, 4.7233 ], [ 8.3107, 4.7239 ], [ 8.3099, 4.7248 ], [ 8.3092, 4.7277 ], [ 8.3076, 4.7313 ], [ 8.3062, 4.7337 ], [ 8.3053, 4.7346 ], [ 8.3047, 4.7361 ], [ 8.3038, 4.7377 ], [ 8.3035, 4.7393 ], [ 8.3027, 4.7412 ], [ 8.302, 4.7443 ], [ 8.3014, 4.7454 ], [ 8.301, 4.7459 ], [ 8.3002, 4.7461 ], [ 8.2988, 4.7461 ], [ 8.298, 4.7458 ], [ 8.2974, 4.7453 ], [ 8.2969, 4.7447 ], [ 8.2976, 4.7443 ], [ 8.2999, 4.7439 ], [ 8.3005, 4.7435 ], [ 8.302, 4.7368 ], [ 8.3032, 4.735 ], [ 8.3036, 4.7336 ], [ 8.3043, 4.732 ], [ 8.3054, 4.7296 ], [ 8.306, 4.7291 ], [ 8.3066, 4.7277 ], [ 8.3068, 4.7261 ], [ 8.3079, 4.7244 ], [ 8.3086, 4.7228 ], [ 8.3099, 4.7212 ], [ 8.3128, 4.7196 ], [ 8.3133, 4.7191 ], [ 8.3125, 4.7178 ], [ 8.311, 4.7164 ], [ 8.3102, 4.7159 ], [ 8.3091, 4.7163 ], [ 8.3073, 4.7184 ], [ 8.3064, 4.7188 ], [ 8.3057, 4.7188 ], [ 8.3052, 4.7183 ], [ 8.3044, 4.7185 ], [ 8.3035, 4.7178 ], [ 8.3029, 4.7175 ], [ 8.3013, 4.7156 ], [ 8.2971, 4.7157 ], [ 8.2963, 4.7156 ], [ 8.2953, 4.7139 ], [ 8.2953, 4.712 ], [ 8.2958, 4.7104 ], [ 8.2957, 4.7097 ], [ 8.2953, 4.7094 ], [ 8.2941, 4.7101 ], [ 8.2934, 4.7102 ], [ 8.2906, 4.712 ], [ 8.2881, 4.7121 ], [ 8.2873, 4.7118 ], [ 8.2863, 4.7106 ], [ 8.2857, 4.7107 ], [ 8.2852, 4.7113 ], [ 8.2849, 4.7136 ], [ 8.2845, 4.7143 ], [ 8.2835, 4.715 ], [ 8.2832, 4.7157 ], [ 8.2798, 4.7175 ], [ 8.278, 4.7168 ], [ 8.2777, 4.7165 ], [ 8.2777, 4.716 ], [ 8.2784, 4.7158 ], [ 8.279, 4.7161 ], [ 8.2804, 4.7161 ], [ 8.2814, 4.7157 ], [ 8.2835, 4.7136 ], [ 8.2841, 4.7126 ], [ 8.2841, 4.7107 ], [ 8.2837, 4.7099 ], [ 8.2837, 4.7083 ], [ 8.2844, 4.7079 ], [ 8.2852, 4.7079 ], [ 8.2865, 4.7087 ], [ 8.2876, 4.7091 ], [ 8.2885, 4.7109 ], [ 8.289, 4.7112 ], [ 8.2906, 4.7108 ], [ 8.2921, 4.7095 ], [ 8.2927, 4.7094 ], [ 8.2934, 4.7088 ], [ 8.2948, 4.7084 ], [ 8.2964, 4.7084 ], [ 8.297, 4.7088 ], [ 8.2972, 4.7095 ], [ 8.2967, 4.7117 ], [ 8.2967, 4.7131 ], [ 8.2969, 4.7137 ], [ 8.2989, 4.7138 ], [ 8.2998, 4.7135 ], [ 8.3012, 4.7135 ], [ 8.3029, 4.7145 ], [ 8.3045, 4.7166 ], [ 8.3062, 4.7166 ], [ 8.3073, 4.716 ], [ 8.3093, 4.7141 ], [ 8.3104, 4.7137 ], [ 8.3144, 4.716 ], [ 8.3159, 4.716 ], [ 8.3169, 4.7156 ], [ 8.3177, 4.7148 ], [ 8.3206, 4.7104 ], [ 8.322, 4.709 ], [ 8.3226, 4.7089 ], [ 8.3234, 4.7081 ], [ 8.3238, 4.7072 ], [ 8.3238, 4.7066 ], [ 8.3242, 4.7053 ], [ 8.3244, 4.7037 ], [ 8.3243, 4.6958 ], [ 8.3255, 4.6932 ], [ 8.3255, 4.6909 ], [ 8.3248, 4.6891 ], [ 8.3248, 4.6877 ], [ 8.3254, 4.6862 ], [ 8.3254, 4.6845 ], [ 8.3247, 4.6819 ], [ 8.3247, 4.681 ], [ 8.325, 4.68 ], [ 8.325, 4.6781 ], [ 8.3244, 4.6753 ], [ 8.3246, 4.6707 ], [ 8.3245, 4.6669 ], [ 8.3245, 4.6649 ], [ 8.3242, 4.6642 ], [ 8.3234, 4.6632 ], [ 8.3223, 4.6625 ], [ 8.3205, 4.6618 ], [ 8.3198, 4.6618 ], [ 8.3185, 4.6613 ], [ 8.3174, 4.6613 ], [ 8.3165, 4.6621 ], [ 8.3161, 4.6632 ], [ 8.3161, 4.6649 ], [ 8.3155, 4.6672 ], [ 8.3156, 4.6684 ], [ 8.3152, 4.6688 ], [ 8.3147, 4.6713 ], [ 8.313, 4.6753 ], [ 8.3109, 4.6783 ], [ 8.308, 4.6811 ], [ 8.3049, 4.6827 ], [ 8.3013, 4.6841 ], [ 8.2974, 4.6859 ], [ 8.2937, 4.6871 ], [ 8.2854, 4.6891 ], [ 8.2827, 4.6896 ], [ 8.2809, 4.6895 ], [ 8.2768, 4.6889 ], [ 8.2695, 4.6864 ], [ 8.264, 4.6855 ], [ 8.26, 4.6841 ], [ 8.2571, 4.6826 ], [ 8.255, 4.6814 ], [ 8.2518, 4.679 ], [ 8.2474, 4.675 ], [ 8.2462, 4.6734 ], [ 8.2451, 4.6712 ], [ 8.2448, 4.6695 ], [ 8.2433, 4.6662 ], [ 8.2418, 4.6643 ], [ 8.2393, 4.6639 ], [ 8.2371, 4.664 ], [ 8.2287, 4.6663 ], [ 8.2264, 4.6674 ], [ 8.2252, 4.6685 ], [ 8.2249, 4.671 ], [ 8.2251, 4.6718 ], [ 8.2264, 4.6735 ], [ 8.2268, 4.6749 ], [ 8.2273, 4.6755 ], [ 8.2273, 4.6772 ], [ 8.2277, 4.678 ], [ 8.2279, 4.6805 ], [ 8.2283, 4.6813 ], [ 8.2283, 4.6821 ], [ 8.2276, 4.6824 ], [ 8.2266, 4.6816 ], [ 8.2261, 4.6817 ], [ 8.2253, 4.6826 ], [ 8.2248, 4.6834 ], [ 8.2248, 4.6842 ], [ 8.2244, 4.6846 ], [ 8.2236, 4.6865 ], [ 8.2229, 4.6872 ], [ 8.2224, 4.6872 ], [ 8.2221, 4.6864 ], [ 8.2221, 4.6853 ], [ 8.2226, 4.6841 ], [ 8.2226, 4.6831 ], [ 8.222, 4.6825 ], [ 8.2211, 4.6824 ], [ 8.2209, 4.6816 ], [ 8.2217, 4.681 ], [ 8.225, 4.6798 ], [ 8.2257, 4.679 ], [ 8.2258, 4.6771 ], [ 8.2244, 4.6751 ], [ 8.2234, 4.6728 ], [ 8.2232, 4.672 ], [ 8.2228, 4.6715 ], [ 8.2221, 4.6714 ], [ 8.2212, 4.6717 ], [ 8.2205, 4.6724 ], [ 8.2199, 4.6725 ], [ 8.2194, 4.6731 ], [ 8.2187, 4.675 ], [ 8.2184, 4.6772 ], [ 8.2177, 4.6792 ], [ 8.217, 4.6803 ], [ 8.2166, 4.6816 ], [ 8.2162, 4.682 ], [ 8.2158, 4.6813 ], [ 8.2153, 4.6809 ], [ 8.2137, 4.6821 ], [ 8.2125, 4.6828 ], [ 8.2105, 4.6828 ], [ 8.21, 4.6824 ], [ 8.2112, 4.6813 ], [ 8.2122, 4.6812 ], [ 8.2142, 4.6794 ], [ 8.2148, 4.678 ], [ 8.2149, 4.6766 ], [ 8.2152, 4.6761 ], [ 8.2151, 4.6746 ], [ 8.2123, 4.6737 ], [ 8.2086, 4.6737 ], [ 8.2066, 4.6732 ], [ 8.205, 4.6727 ], [ 8.2041, 4.6727 ], [ 8.2031, 4.6736 ], [ 8.2027, 4.6745 ], [ 8.203, 4.6759 ], [ 8.2027, 4.6767 ], [ 8.2021, 4.6773 ], [ 8.2014, 4.6773 ], [ 8.2012, 4.6762 ], [ 8.2003, 4.6763 ], [ 8.1997, 4.6767 ], [ 8.1988, 4.6766 ], [ 8.1988, 4.6758 ], [ 8.1995, 4.6751 ], [ 8.2005, 4.6747 ], [ 8.201, 4.674 ], [ 8.202, 4.6733 ], [ 8.2021, 4.6719 ], [ 8.2015, 4.6703 ], [ 8.2011, 4.6678 ], [ 8.2004, 4.6661 ], [ 8.2004, 4.6643 ], [ 8.2009, 4.6639 ], [ 8.202, 4.6645 ], [ 8.2024, 4.6653 ], [ 8.2049, 4.6667 ], [ 8.2053, 4.6692 ], [ 8.206, 4.6709 ], [ 8.2104, 4.6708 ], [ 8.2123, 4.6703 ], [ 8.214, 4.6703 ], [ 8.2147, 4.6697 ], [ 8.2154, 4.6699 ], [ 8.2179, 4.6695 ], [ 8.2221, 4.6677 ], [ 8.2225, 4.6665 ], [ 8.2212, 4.6649 ], [ 8.2212, 4.6644 ], [ 8.2217, 4.664 ], [ 8.2227, 4.6638 ], [ 8.2236, 4.6641 ], [ 8.2245, 4.6647 ], [ 8.226, 4.6648 ], [ 8.2268, 4.6645 ], [ 8.2279, 4.6634 ], [ 8.2278, 4.6629 ], [ 8.2271, 4.6625 ], [ 8.2265, 4.6618 ], [ 8.2248, 4.6607 ], [ 8.2237, 4.6603 ], [ 8.2224, 4.6592 ], [ 8.2219, 4.659 ], [ 8.2215, 4.6593 ], [ 8.2208, 4.6592 ], [ 8.2206, 4.6579 ], [ 8.2213, 4.6561 ], [ 8.2217, 4.6532 ], [ 8.2231, 4.6511 ], [ 8.2244, 4.6495 ], [ 8.2248, 4.6486 ], [ 8.2249, 4.6479 ], [ 8.2248, 4.6453 ], [ 8.2253, 4.6446 ], [ 8.2256, 4.6431 ], [ 8.2255, 4.6411 ], [ 8.2263, 4.6412 ], [ 8.2273, 4.6425 ], [ 8.2282, 4.6451 ], [ 8.2286, 4.6471 ], [ 8.2286, 4.6483 ], [ 8.2278, 4.6505 ], [ 8.2259, 4.6535 ], [ 8.225, 4.6545 ], [ 8.2242, 4.6563 ], [ 8.2242, 4.6582 ], [ 8.2245, 4.6588 ], [ 8.226, 4.6599 ], [ 8.2282, 4.6604 ], [ 8.2289, 4.6608 ], [ 8.2325, 4.6611 ], [ 8.233, 4.6607 ], [ 8.2334, 4.661 ], [ 8.2345, 4.6607 ], [ 8.2366, 4.6608 ], [ 8.2384, 4.6606 ], [ 8.2413, 4.6607 ], [ 8.2432, 4.6615 ], [ 8.2446, 4.6626 ], [ 8.2453, 4.6629 ], [ 8.2482, 4.6666 ], [ 8.2491, 4.6688 ], [ 8.2514, 4.6728 ], [ 8.2556, 4.6773 ], [ 8.2562, 4.6775 ], [ 8.2576, 4.679 ], [ 8.26, 4.6806 ], [ 8.2609, 4.6808 ], [ 8.2634, 4.6807 ], [ 8.2638, 4.6804 ], [ 8.264, 4.6764 ], [ 8.2644, 4.6755 ], [ 8.2656, 4.6742 ], [ 8.2669, 4.6729 ], [ 8.2667, 4.6714 ], [ 8.2669, 4.6698 ], [ 8.2674, 4.6696 ], [ 8.2685, 4.6696 ], [ 8.2714, 4.6689 ], [ 8.2721, 4.6683 ], [ 8.2725, 4.6674 ], [ 8.2731, 4.6668 ], [ 8.2738, 4.6671 ], [ 8.2734, 4.6681 ], [ 8.2734, 4.6688 ], [ 8.2721, 4.6701 ], [ 8.2711, 4.6707 ], [ 8.2694, 4.6705 ], [ 8.2687, 4.6711 ], [ 8.2684, 4.673 ], [ 8.2681, 4.6736 ], [ 8.2662, 4.676 ], [ 8.2656, 4.6771 ], [ 8.2658, 4.6796 ], [ 8.2662, 4.6807 ], [ 8.2669, 4.6817 ], [ 8.268, 4.6826 ], [ 8.2693, 4.6828 ], [ 8.2699, 4.6831 ], [ 8.2735, 4.6829 ], [ 8.275, 4.6833 ], [ 8.2791, 4.6832 ], [ 8.2846, 4.682 ], [ 8.2874, 4.682 ], [ 8.2916, 4.6805 ], [ 8.2923, 4.6801 ], [ 8.2939, 4.6784 ], [ 8.2947, 4.6779 ], [ 8.2974, 4.6775 ], [ 8.2983, 4.6768 ], [ 8.2983, 4.6762 ], [ 8.2979, 4.6756 ], [ 8.293, 4.6711 ], [ 8.2914, 4.6704 ], [ 8.2895, 4.6706 ], [ 8.2882, 4.67 ], [ 8.2875, 4.67 ], [ 8.2859, 4.6692 ], [ 8.2851, 4.6684 ], [ 8.2844, 4.6662 ], [ 8.2844, 4.6642 ], [ 8.2848, 4.6637 ], [ 8.2873, 4.6623 ], [ 8.2888, 4.661 ], [ 8.2889, 4.6599 ], [ 8.2881, 4.6587 ], [ 8.2865, 4.6578 ], [ 8.2859, 4.6579 ], [ 8.2843, 4.6597 ], [ 8.2836, 4.6614 ], [ 8.2825, 4.6623 ], [ 8.2816, 4.6627 ], [ 8.2792, 4.6627 ], [ 8.2772, 4.6624 ], [ 8.2754, 4.6613 ], [ 8.2741, 4.6593 ], [ 8.2739, 4.6567 ], [ 8.2742, 4.6561 ], [ 8.2755, 4.655 ], [ 8.2792, 4.6542 ], [ 8.2797, 4.6535 ], [ 8.2797, 4.6519 ], [ 8.2789, 4.6508 ], [ 8.2778, 4.6503 ], [ 8.2768, 4.6502 ], [ 8.2753, 4.6503 ], [ 8.2734, 4.6499 ], [ 8.2727, 4.6501 ], [ 8.2705, 4.6494 ], [ 8.2697, 4.6484 ], [ 8.2697, 4.6469 ], [ 8.2702, 4.6463 ], [ 8.2712, 4.6476 ], [ 8.2724, 4.6487 ], [ 8.2751, 4.6488 ], [ 8.277, 4.6485 ], [ 8.2786, 4.6491 ], [ 8.28, 4.6491 ], [ 8.281, 4.6497 ], [ 8.2818, 4.6506 ], [ 8.2819, 4.6517 ], [ 8.2815, 4.6541 ], [ 8.2811, 4.6552 ], [ 8.2801, 4.6561 ], [ 8.2793, 4.6563 ], [ 8.2785, 4.6558 ], [ 8.2768, 4.6557 ], [ 8.2754, 4.6567 ], [ 8.2753, 4.6582 ], [ 8.2756, 4.6591 ], [ 8.2759, 4.6597 ], [ 8.2765, 4.6602 ], [ 8.2786, 4.6608 ], [ 8.2805, 4.6608 ], [ 8.282, 4.6605 ], [ 8.2827, 4.66 ], [ 8.2838, 4.6572 ], [ 8.2848, 4.6563 ], [ 8.2855, 4.656 ], [ 8.2865, 4.656 ], [ 8.2885, 4.6568 ], [ 8.2902, 4.6585 ], [ 8.2907, 4.6594 ], [ 8.2906, 4.6615 ], [ 8.2899, 4.6622 ], [ 8.2866, 4.6636 ], [ 8.2855, 4.6648 ], [ 8.2855, 4.666 ], [ 8.2859, 4.6673 ], [ 8.2866, 4.6678 ], [ 8.2871, 4.668 ], [ 8.2918, 4.6678 ], [ 8.2929, 4.6683 ], [ 8.2944, 4.6695 ], [ 8.2952, 4.6705 ], [ 8.2965, 4.6713 ], [ 8.2983, 4.6735 ], [ 8.299, 4.6738 ], [ 8.2999, 4.6747 ], [ 8.3002, 4.6756 ], [ 8.3002, 4.6767 ], [ 8.2996, 4.678 ], [ 8.2958, 4.6799 ], [ 8.2954, 4.6804 ], [ 8.2955, 4.681 ], [ 8.2973, 4.6805 ], [ 8.2981, 4.6798 ], [ 8.3017, 4.6782 ], [ 8.3029, 4.6772 ], [ 8.3043, 4.6765 ], [ 8.3063, 4.676 ], [ 8.308, 4.6752 ], [ 8.3096, 4.6735 ], [ 8.3101, 4.6721 ], [ 8.3101, 4.6712 ], [ 8.3098, 4.6702 ], [ 8.3099, 4.6677 ], [ 8.3096, 4.6672 ], [ 8.3096, 4.6651 ], [ 8.3092, 4.6622 ], [ 8.3092, 4.6596 ], [ 8.3097, 4.6582 ], [ 8.3115, 4.6562 ], [ 8.3119, 4.6554 ], [ 8.3125, 4.6552 ], [ 8.3151, 4.653 ], [ 8.3166, 4.6522 ], [ 8.3191, 4.6499 ], [ 8.3201, 4.6495 ], [ 8.3217, 4.648 ], [ 8.3223, 4.6479 ], [ 8.3244, 4.6467 ], [ 8.3274, 4.644 ], [ 8.3279, 4.6437 ], [ 8.3284, 4.643 ], [ 8.3285, 4.6422 ], [ 8.3286, 4.6414 ], [ 8.3265, 4.6381 ], [ 8.3255, 4.6365 ], [ 8.3247, 4.6357 ], [ 8.3234, 4.6334 ], [ 8.3222, 4.632 ], [ 8.3211, 4.6301 ], [ 8.3204, 4.6295 ], [ 8.3189, 4.6252 ], [ 8.3184, 4.6246 ], [ 8.3182, 4.6207 ], [ 8.3186, 4.6193 ], [ 8.3189, 4.6138 ], [ 8.3184, 4.6131 ], [ 8.3169, 4.613 ], [ 8.3155, 4.6135 ], [ 8.3141, 4.6135 ], [ 8.3136, 4.6133 ], [ 8.3108, 4.6133 ], [ 8.3101, 4.6128 ], [ 8.3079, 4.6105 ], [ 8.3069, 4.6105 ], [ 8.3064, 4.6115 ], [ 8.3065, 4.6153 ], [ 8.306, 4.6171 ], [ 8.3043, 4.6186 ], [ 8.3025, 4.6187 ], [ 8.3017, 4.6185 ], [ 8.3007, 4.6175 ], [ 8.2999, 4.6163 ], [ 8.2988, 4.6154 ], [ 8.2981, 4.6152 ], [ 8.2963, 4.6153 ], [ 8.2958, 4.6152 ], [ 8.2944, 4.6138 ], [ 8.294, 4.6127 ], [ 8.294, 4.6116 ], [ 8.2948, 4.6109 ], [ 8.2985, 4.6112 ], [ 8.2979, 4.6101 ], [ 8.2955, 4.6088 ], [ 8.2943, 4.6088 ], [ 8.293, 4.6092 ], [ 8.2915, 4.6091 ], [ 8.2908, 4.6088 ], [ 8.2893, 4.6076 ], [ 8.2885, 4.6072 ], [ 8.2873, 4.6073 ], [ 8.2857, 4.6084 ], [ 8.2863, 4.6125 ], [ 8.2857, 4.6133 ], [ 8.2852, 4.6133 ], [ 8.2848, 4.6105 ], [ 8.2842, 4.6092 ], [ 8.2842, 4.6077 ], [ 8.2859, 4.6062 ], [ 8.2873, 4.6058 ], [ 8.2888, 4.6058 ], [ 8.2919, 4.608 ], [ 8.2965, 4.6077 ], [ 8.2986, 4.6086 ], [ 8.3002, 4.6102 ], [ 8.3003, 4.6115 ], [ 8.2994, 4.6123 ], [ 8.2973, 4.6123 ], [ 8.2961, 4.612 ], [ 8.2955, 4.6125 ], [ 8.2955, 4.6134 ], [ 8.2981, 4.6135 ], [ 8.2992, 4.6138 ], [ 8.3009, 4.6149 ], [ 8.3014, 4.616 ], [ 8.3024, 4.6168 ], [ 8.3038, 4.6168 ], [ 8.3043, 4.6163 ], [ 8.3045, 4.6154 ], [ 8.3043, 4.6116 ], [ 8.3064, 4.6093 ], [ 8.3071, 4.6064 ], [ 8.3074, 4.6036 ], [ 8.3085, 4.5977 ], [ 8.3085, 4.5958 ], [ 8.3077, 4.5928 ], [ 8.3053, 4.5901 ], [ 8.3047, 4.5889 ], [ 8.3023, 4.5863 ], [ 8.3012, 4.5846 ], [ 8.3, 4.5837 ], [ 8.2982, 4.5816 ], [ 8.2974, 4.5812 ], [ 8.2938, 4.5769 ], [ 8.2913, 4.5786 ], [ 8.2899, 4.579 ], [ 8.2879, 4.5803 ], [ 8.2866, 4.5805 ], [ 8.2837, 4.582 ], [ 8.2829, 4.5827 ], [ 8.2789, 4.5866 ], [ 8.2774, 4.589 ], [ 8.2775, 4.5898 ], [ 8.2771, 4.5908 ], [ 8.2759, 4.592 ], [ 8.2746, 4.5928 ], [ 8.2734, 4.5932 ], [ 8.2726, 4.5931 ], [ 8.2705, 4.5932 ], [ 8.268, 4.5925 ], [ 8.2666, 4.5917 ], [ 8.2643, 4.5912 ], [ 8.2635, 4.5918 ], [ 8.2635, 4.5934 ], [ 8.264, 4.5947 ], [ 8.264, 4.5954 ], [ 8.2644, 4.5962 ], [ 8.2665, 4.5982 ], [ 8.267, 4.5993 ], [ 8.267, 4.6005 ], [ 8.2663, 4.602 ], [ 8.2647, 4.6037 ], [ 8.261, 4.6055 ], [ 8.2594, 4.6057 ], [ 8.2559, 4.6056 ], [ 8.2554, 4.6059 ], [ 8.2546, 4.6057 ], [ 8.2527, 4.6061 ], [ 8.2495, 4.606 ], [ 8.2466, 4.6064 ], [ 8.2454, 4.6062 ], [ 8.2424, 4.6068 ], [ 8.2395, 4.6082 ], [ 8.2385, 4.6082 ], [ 8.2375, 4.6075 ], [ 8.2353, 4.6066 ], [ 8.2322, 4.6069 ], [ 8.2315, 4.6064 ], [ 8.2314, 4.6054 ], [ 8.2318, 4.605 ], [ 8.2327, 4.6047 ], [ 8.2345, 4.6047 ], [ 8.2365, 4.6053 ], [ 8.2382, 4.6054 ], [ 8.2407, 4.6051 ], [ 8.2438, 4.6039 ], [ 8.2454, 4.6035 ], [ 8.252, 4.6036 ], [ 8.2537, 4.6035 ], [ 8.254, 4.6032 ], [ 8.2544, 4.6035 ], [ 8.255, 4.6035 ], [ 8.2561, 4.6031 ], [ 8.2571, 4.6035 ], [ 8.2593, 4.6035 ], [ 8.2623, 4.603 ], [ 8.2636, 4.6019 ], [ 8.2646, 4.6005 ], [ 8.2648, 4.5983 ], [ 8.2637, 4.5967 ], [ 8.2618, 4.5946 ], [ 8.2606, 4.5924 ], [ 8.2603, 4.5914 ], [ 8.2603, 4.5894 ], [ 8.2599, 4.5889 ], [ 8.2582, 4.5881 ], [ 8.2562, 4.5877 ], [ 8.2545, 4.5862 ], [ 8.2537, 4.5859 ], [ 8.2518, 4.5873 ], [ 8.25, 4.5895 ], [ 8.2496, 4.5886 ], [ 8.2504, 4.5873 ], [ 8.2505, 4.5866 ], [ 8.2511, 4.5856 ], [ 8.2518, 4.5849 ], [ 8.2526, 4.5844 ], [ 8.2539, 4.584 ], [ 8.2551, 4.5841 ], [ 8.2574, 4.5856 ], [ 8.2594, 4.5877 ], [ 8.2602, 4.588 ], [ 8.261, 4.588 ], [ 8.2638, 4.5868 ], [ 8.2654, 4.5857 ], [ 8.2675, 4.585 ], [ 8.2683, 4.5858 ], [ 8.2683, 4.5866 ], [ 8.2678, 4.5879 ], [ 8.2677, 4.5891 ], [ 8.2683, 4.5902 ], [ 8.2691, 4.5909 ], [ 8.271, 4.5919 ], [ 8.2721, 4.5919 ], [ 8.2738, 4.5913 ], [ 8.2752, 4.5898 ], [ 8.2773, 4.5854 ], [ 8.2778, 4.5838 ], [ 8.278, 4.5817 ], [ 8.276, 4.5804 ], [ 8.2751, 4.5803 ], [ 8.272, 4.5781 ], [ 8.2705, 4.5759 ], [ 8.2704, 4.5745 ], [ 8.2697, 4.5731 ], [ 8.2686, 4.572 ], [ 8.2637, 4.5704 ], [ 8.2623, 4.5707 ], [ 8.2615, 4.5715 ], [ 8.2602, 4.5756 ], [ 8.2599, 4.5762 ], [ 8.2594, 4.5766 ], [ 8.2581, 4.5764 ], [ 8.2558, 4.5756 ], [ 8.2548, 4.5748 ], [ 8.2542, 4.5735 ], [ 8.2529, 4.5723 ], [ 8.2517, 4.5717 ], [ 8.2503, 4.5719 ], [ 8.2495, 4.5724 ], [ 8.2486, 4.5726 ], [ 8.2455, 4.5745 ], [ 8.2435, 4.5749 ], [ 8.2424, 4.5771 ], [ 8.2416, 4.5782 ], [ 8.2424, 4.5798 ], [ 8.2424, 4.5804 ], [ 8.2418, 4.5807 ], [ 8.2412, 4.5794 ], [ 8.2401, 4.5782 ], [ 8.2395, 4.5772 ], [ 8.2393, 4.5758 ], [ 8.2393, 4.5746 ], [ 8.2415, 4.5742 ], [ 8.2439, 4.5732 ], [ 8.2447, 4.573 ], [ 8.248, 4.571 ], [ 8.2492, 4.5697 ], [ 8.2509, 4.569 ], [ 8.2517, 4.569 ], [ 8.2524, 4.5693 ], [ 8.2539, 4.5712 ], [ 8.2562, 4.5734 ], [ 8.2573, 4.5752 ], [ 8.2583, 4.5752 ], [ 8.2587, 4.5748 ], [ 8.2595, 4.5715 ], [ 8.2595, 4.5697 ], [ 8.259, 4.5684 ], [ 8.2579, 4.5676 ], [ 8.2565, 4.5672 ], [ 8.2554, 4.5661 ], [ 8.2542, 4.5654 ], [ 8.2488, 4.5656 ], [ 8.2484, 4.566 ], [ 8.2463, 4.5662 ], [ 8.2441, 4.5664 ], [ 8.243, 4.5665 ], [ 8.2408, 4.5666 ], [ 8.2392, 4.5672 ], [ 8.2364, 4.5687 ], [ 8.2345, 4.5694 ], [ 8.2339, 4.5694 ], [ 8.2323, 4.5691 ], [ 8.2303, 4.5684 ], [ 8.229, 4.5673 ], [ 8.2292, 4.5666 ], [ 8.2299, 4.5666 ], [ 8.2303, 4.5669 ], [ 8.2321, 4.5669 ], [ 8.2347, 4.5669 ], [ 8.2372, 4.5658 ], [ 8.2382, 4.565 ], [ 8.2414, 4.564 ], [ 8.2426, 4.5639 ], [ 8.243, 4.5641 ], [ 8.2452, 4.564 ], [ 8.2466, 4.5642 ], [ 8.2487, 4.564 ], [ 8.2498, 4.5637 ], [ 8.2518, 4.5631 ], [ 8.2542, 4.5633 ], [ 8.2547, 4.5631 ], [ 8.2555, 4.5638 ], [ 8.2572, 4.5654 ], [ 8.2604, 4.5676 ], [ 8.261, 4.5676 ], [ 8.2617, 4.568 ], [ 8.265, 4.5689 ], [ 8.2667, 4.569 ], [ 8.2696, 4.5701 ], [ 8.2714, 4.5716 ], [ 8.2722, 4.5729 ], [ 8.2726, 4.5762 ], [ 8.2731, 4.5778 ], [ 8.2742, 4.5787 ], [ 8.2774, 4.5785 ], [ 8.2789, 4.5788 ], [ 8.28, 4.5796 ], [ 8.2808, 4.5799 ], [ 8.2822, 4.5795 ], [ 8.2836, 4.5781 ], [ 8.284, 4.5772 ], [ 8.2849, 4.5762 ], [ 8.2872, 4.5748 ], [ 8.2915, 4.5739 ], [ 8.2934, 4.5731 ], [ 8.2946, 4.5731 ], [ 8.2967, 4.5724 ], [ 8.2975, 4.5717 ], [ 8.2975, 4.5702 ], [ 8.2945, 4.5667 ], [ 8.2918, 4.5625 ], [ 8.2915, 4.5615 ], [ 8.2909, 4.5609 ], [ 8.2897, 4.5604 ], [ 8.2887, 4.5593 ], [ 8.2871, 4.5557 ], [ 8.2845, 4.5513 ], [ 8.2842, 4.5503 ], [ 8.2842, 4.549 ], [ 8.2845, 4.5481 ], [ 8.2859, 4.5469 ], [ 8.286, 4.5453 ], [ 8.284, 4.5406 ], [ 8.2833, 4.5385 ], [ 8.2811, 4.5345 ], [ 8.2799, 4.5334 ], [ 8.2781, 4.5326 ], [ 8.2732, 4.5323 ], [ 8.2702, 4.5324 ], [ 8.2688, 4.5321 ], [ 8.2672, 4.5321 ], [ 8.265, 4.5327 ], [ 8.2635, 4.5328 ], [ 8.2613, 4.5338 ], [ 8.2597, 4.5339 ], [ 8.2566, 4.5349 ], [ 8.2507, 4.5357 ], [ 8.2467, 4.5368 ], [ 8.246, 4.5368 ], [ 8.244, 4.5375 ], [ 8.24, 4.538 ], [ 8.2389, 4.5384 ], [ 8.237, 4.5387 ], [ 8.2363, 4.5391 ], [ 8.2355, 4.5391 ], [ 8.2344, 4.5395 ], [ 8.2333, 4.5395 ], [ 8.2323, 4.5399 ], [ 8.231, 4.5399 ], [ 8.2301, 4.5403 ], [ 8.2278, 4.5406 ], [ 8.2271, 4.5409 ], [ 8.2259, 4.5409 ], [ 8.2209, 4.5421 ], [ 8.2179, 4.5424 ], [ 8.2172, 4.5426 ], [ 8.2158, 4.5426 ], [ 8.2085, 4.544 ], [ 8.2074, 4.544 ], [ 8.2052, 4.5444 ], [ 8.1998, 4.5441 ], [ 8.1931, 4.5446 ], [ 8.1923, 4.5449 ], [ 8.1866, 4.5455 ], [ 8.1797, 4.5457 ], [ 8.1761, 4.5461 ], [ 8.1666, 4.5461 ], [ 8.1593, 4.5458 ], [ 8.159, 4.5441 ], [ 8.1538, 4.5435 ], [ 8.1429, 4.544 ], [ 8.1336, 4.5427 ], [ 8.125, 4.5427 ], [ 8.1141, 4.542 ], [ 8.1045, 4.5437 ], [ 8.0925, 4.5433 ], [ 8.0839, 4.5435 ], [ 8.0753, 4.5435 ], [ 8.0672, 4.5427 ], [ 8.0576, 4.542 ], [ 8.0477, 4.5406 ], [ 8.0363, 4.5408 ], [ 8.03, 4.5419 ], [ 8.0231, 4.5403 ], [ 8.0152, 4.541 ], [ 8.0099, 4.5412 ], [ 8.0002, 4.5388 ], [ 7.9876, 4.5399 ], [ 7.9834, 4.5358 ], [ 7.9735, 4.5351 ], [ 7.9567, 4.5358 ], [ 7.9488, 4.5348 ], [ 7.9366, 4.5371 ], [ 7.9297, 4.5365 ], [ 7.929, 4.5334 ], [ 7.9174, 4.5307 ], [ 7.9091, 4.531 ], [ 7.8972, 4.529 ], [ 7.878, 4.5256 ], [ 7.8623, 4.5266 ], [ 7.8495, 4.5255 ], [ 7.8249, 4.523 ], [ 7.8071, 4.5199 ], [ 7.798, 4.5187 ], [ 7.7854, 4.518 ], [ 7.7699, 4.5144 ], [ 7.7636, 4.5132 ], [ 7.7528, 4.5114 ], [ 7.7436, 4.5096 ], [ 7.7361, 4.509 ], [ 7.7293, 4.5072 ], [ 7.7224, 4.5054 ], [ 7.7144, 4.5036 ], [ 7.7064, 4.503 ], [ 7.6966, 4.5029 ], [ 7.6909, 4.5011 ], [ 7.6835, 4.4982 ], [ 7.6772, 4.4975 ], [ 7.6646, 4.4934 ], [ 7.661, 4.49 ], [ 7.6542, 4.4857 ], [ 7.6453, 4.4815 ], [ 7.6343, 4.4758 ], [ 7.6265, 4.4738 ], [ 7.6231, 4.4717 ], [ 7.6159, 4.4721 ], [ 7.6082, 4.47 ], [ 7.6015, 4.4679 ], [ 7.5974, 4.4648 ], [ 7.5836, 4.4546 ], [ 7.5815, 4.4519 ], [ 7.5707, 4.4497 ], [ 7.5592, 4.4516 ], [ 7.5448, 4.4526 ], [ 7.5349, 4.4523 ], [ 7.5227, 4.4526 ], [ 7.5087, 4.4529 ], [ 7.4998, 4.4502 ], [ 7.4892, 4.449 ], [ 7.4776, 4.4463 ], [ 7.4617, 4.4435 ], [ 7.4494, 4.4396 ], [ 7.4429, 4.4392 ], [ 7.4366, 4.4374 ], [ 7.4291, 4.4376 ], [ 7.4166, 4.4336 ], [ 7.4142, 4.4292 ], [ 7.3968, 4.4369 ], [ 7.3807, 4.4391 ], [ 7.3717, 4.441 ], [ 7.3677, 4.4406 ], [ 7.3506, 4.441 ], [ 7.3397, 4.442 ], [ 7.3296, 4.4466 ], [ 7.3246, 4.4474 ], [ 7.3183, 4.4372 ], [ 7.3235, 4.4258 ], [ 7.3261, 4.4222 ], [ 7.327, 4.4186 ], [ 7.3203, 4.416 ], [ 7.3158, 4.4146 ], [ 7.3042, 4.4119 ], [ 7.292, 4.4065 ], [ 7.285, 4.4046 ], [ 7.2713, 4.4008 ], [ 7.2607, 4.3973 ], [ 7.2566, 4.3967 ], [ 7.2503, 4.3944 ], [ 7.2476, 4.3944 ], [ 7.231, 4.3868 ], [ 7.2236, 4.3844 ], [ 7.2135, 4.3818 ], [ 7.1978, 4.3791 ], [ 7.1843, 4.3791 ], [ 7.1758, 4.3796 ], [ 7.1638, 4.3803 ], [ 7.1522, 4.3822 ], [ 7.145, 4.3822 ], [ 7.139, 4.3814 ], [ 7.1351, 4.3825 ], [ 7.1327, 4.3854 ], [ 7.1318, 4.3922 ], [ 7.1322, 4.4027 ], [ 7.1349, 4.4073 ], [ 7.1375, 4.4128 ], [ 7.1426, 4.4184 ], [ 7.1506, 4.4249 ], [ 7.1574, 4.4335 ], [ 7.1636, 4.4415 ], [ 7.1697, 4.4513 ], [ 7.158, 4.4627 ], [ 7.1497, 4.4537 ], [ 7.1394, 4.4519 ], [ 7.1327, 4.4599 ], [ 7.1286, 4.4608 ], [ 7.1231, 4.4622 ], [ 7.1149, 4.4625 ], [ 7.1107, 4.4582 ], [ 7.1107, 4.4523 ], [ 7.1081, 4.4475 ], [ 7.0961, 4.4507 ], [ 7.0864, 4.4548 ], [ 7.0723, 4.456 ], [ 7.0779, 4.4519 ], [ 7.0792, 4.4487 ], [ 7.0775, 4.4465 ], [ 7.0715, 4.4418 ], [ 7.065, 4.4401 ], [ 7.0606, 4.4381 ], [ 7.0558, 4.4374 ], [ 7.0498, 4.4372 ], [ 7.0392, 4.4348 ], [ 7.0308, 4.4336 ], [ 7.0245, 4.4303 ], [ 7.0146, 4.4254 ], [ 7.0124, 4.4137 ], [ 7.0209, 4.4092 ], [ 7.0272, 4.4016 ], [ 7.0218, 4.3967 ], [ 7.0213, 4.3931 ], [ 7.0133, 4.3859 ], [ 7.0065, 4.38 ], [ 7.0011, 4.3778 ], [ 6.9944, 4.3751 ], [ 6.9859, 4.3774 ], [ 6.9769, 4.3845 ], [ 6.9699, 4.3836 ], [ 6.9747, 4.3782 ], [ 6.9765, 4.3733 ], [ 6.9693, 4.3738 ], [ 6.9585, 4.3747 ], [ 6.9473, 4.3765 ], [ 6.9401, 4.3805 ], [ 6.9208, 4.3859 ], [ 6.9105, 4.3895 ], [ 6.8983, 4.3926 ], [ 6.893, 4.3931 ], [ 6.8862, 4.3917 ], [ 6.8745, 4.3953 ], [ 6.8582, 4.3961 ], [ 6.8566, 4.3832 ], [ 6.8633, 4.3759 ], [ 6.8658, 4.3751 ], [ 6.8723, 4.3702 ], [ 6.8762, 4.3661 ], [ 6.877, 4.3614 ], [ 6.8757, 4.3592 ], [ 6.8716, 4.3576 ], [ 6.8628, 4.3581 ], [ 6.8543, 4.3576 ], [ 6.8458, 4.358 ], [ 6.8359, 4.3576 ], [ 6.82, 4.3549 ], [ 6.809, 4.3527 ], [ 6.7993, 4.3509 ], [ 6.7841, 4.3482 ], [ 6.7666, 4.348 ], [ 6.76, 4.3477 ], [ 6.7537, 4.3488 ], [ 6.7475, 4.3491 ], [ 6.737, 4.3507 ], [ 6.7263, 4.3552 ], [ 6.7231, 4.3575 ], [ 6.7086, 4.3481 ], [ 6.7085, 4.3457 ], [ 6.7092, 4.3435 ], [ 6.707, 4.3406 ], [ 6.7011, 4.3395 ], [ 6.6967, 4.3395 ], [ 6.6923, 4.3388 ], [ 6.6866, 4.339 ], [ 6.6839, 4.3388 ], [ 6.6806, 4.3383 ], [ 6.6732, 4.3378 ], [ 6.6641, 4.337 ], [ 6.6618, 4.3369 ], [ 6.6537, 4.3334 ], [ 6.6496, 4.328 ], [ 6.6492, 4.3212 ], [ 6.6444, 4.3187 ], [ 6.6395, 4.3171 ], [ 6.6339, 4.3185 ], [ 6.6317, 4.3226 ], [ 6.6281, 4.3262 ], [ 6.6258, 4.3285 ], [ 6.6219, 4.3324 ], [ 6.616, 4.3374 ], [ 6.6058, 4.3356 ], [ 6.6018, 4.3348 ], [ 6.5989, 4.3343 ], [ 6.5972, 4.332 ], [ 6.5949, 4.3303 ], [ 6.5919, 4.329 ], [ 6.5885, 4.3279 ], [ 6.586, 4.3273 ], [ 6.5801, 4.3272 ], [ 6.57, 4.3277 ], [ 6.5659, 4.3277 ], [ 6.561, 4.3276 ], [ 6.553, 4.3271 ], [ 6.5517, 4.3271 ], [ 6.5382, 4.325 ], [ 6.5282, 4.3235 ], [ 6.5234, 4.3235 ], [ 6.5183, 4.324 ], [ 6.5167, 4.3243 ], [ 6.5124, 4.3241 ], [ 6.5066, 4.3238 ], [ 6.4987, 4.3229 ], [ 6.4937, 4.3223 ], [ 6.4852, 4.3205 ], [ 6.4813, 4.319 ], [ 6.4692, 4.3154 ], [ 6.4631, 4.3154 ], [ 6.4548, 4.3176 ], [ 6.4516, 4.3172 ], [ 6.4472, 4.3176 ], [ 6.4434, 4.3211 ], [ 6.4415, 4.324 ], [ 6.4388, 4.3251 ], [ 6.4346, 4.3269 ], [ 6.4315, 4.3293 ], [ 6.4236, 4.3273 ], [ 6.4126, 4.3172 ], [ 6.4141, 4.3151 ], [ 6.4168, 4.3136 ], [ 6.4223, 4.3114 ], [ 6.4229, 4.3084 ], [ 6.4203, 4.3061 ], [ 6.4126, 4.305 ], [ 6.4083, 4.3045 ], [ 6.3996, 4.3057 ], [ 6.3907, 4.3044 ], [ 6.3844, 4.3035 ], [ 6.3786, 4.3033 ], [ 6.3734, 4.3024 ], [ 6.3641, 4.3022 ], [ 6.3516, 4.301 ], [ 6.3492, 4.3011 ], [ 6.3301, 4.2997 ], [ 6.327, 4.2992 ], [ 6.3202, 4.2986 ], [ 6.3135, 4.297 ], [ 6.3047, 4.296 ], [ 6.2972, 4.2947 ], [ 6.2942, 4.2943 ], [ 6.2921, 4.2938 ], [ 6.2921, 4.2938 ], [ 6.2907, 4.2933 ], [ 6.2895, 4.293 ], [ 6.2887, 4.293 ], [ 6.2869, 4.2933 ], [ 6.2774, 4.2935 ], [ 6.2767, 4.2935 ], [ 6.2732, 4.2928 ], [ 6.2686, 4.2926 ], [ 6.2574, 4.2925 ], [ 6.2539, 4.2926 ], [ 6.2496, 4.2934 ], [ 6.247, 4.2936 ], [ 6.2448, 4.2947 ], [ 6.2405, 4.2956 ], [ 6.2382, 4.2957 ], [ 6.2356, 4.2979 ], [ 6.2356, 4.3006 ], [ 6.2212, 4.2957 ], [ 6.2221, 4.2921 ], [ 6.2227, 4.2901 ], [ 6.2217, 4.2851 ], [ 6.2186, 4.2827 ], [ 6.2161, 4.2813 ], [ 6.2142, 4.2808 ], [ 6.2089, 4.2816 ], [ 6.2038, 4.2807 ], [ 6.1998, 4.2795 ], [ 6.194, 4.2788 ], [ 6.191, 4.2782 ], [ 6.1887, 4.2786 ], [ 6.1855, 4.2792 ], [ 6.182, 4.2792 ], [ 6.1785, 4.278 ], [ 6.1749, 4.278 ], [ 6.1709, 4.2772 ], [ 6.1684, 4.2774 ], [ 6.1647, 4.2774 ], [ 6.1617, 4.277 ], [ 6.1564, 4.2768 ], [ 6.1498, 4.275 ], [ 6.147, 4.2747 ], [ 6.1416, 4.2747 ], [ 6.1368, 4.2756 ], [ 6.1335, 4.2753 ], [ 6.1302, 4.2747 ], [ 6.1265, 4.2752 ], [ 6.1206, 4.2755 ], [ 6.1164, 4.275 ], [ 6.114, 4.275 ], [ 6.1073, 4.2751 ], [ 6.1031, 4.2734 ], [ 6.0996, 4.273 ], [ 6.0965, 4.274 ], [ 6.0918, 4.275 ], [ 6.0872, 4.2738 ], [ 6.0839, 4.274 ], [ 6.0823, 4.2757 ], [ 6.0823, 4.2788 ], [ 6.083, 4.2825 ], [ 6.074, 4.2908 ], [ 6.0703, 4.2897 ], [ 6.065, 4.2892 ], [ 6.06, 4.2895 ], [ 6.0556, 4.2914 ], [ 6.0486, 4.2932 ], [ 6.0414, 4.2943 ], [ 6.029, 4.2976 ], [ 6.0194, 4.3015 ], [ 6.0144, 4.3006 ], [ 6.0102, 4.302 ], [ 6.0076, 4.3044 ], [ 6.0039, 4.3063 ], [ 6.0008, 4.309 ], [ 5.9933, 4.3096 ], [ 5.9883, 4.3118 ], [ 5.9824, 4.3123 ], [ 5.9765, 4.3144 ], [ 5.9756, 4.3169 ], [ 5.9756, 4.3199 ], [ 5.9782, 4.3263 ], [ 5.9673, 4.3379 ], [ 5.9644, 4.3372 ], [ 5.9576, 4.3408 ], [ 5.9524, 4.3432 ], [ 5.9493, 4.3438 ], [ 5.9388, 4.3497 ], [ 5.928, 4.3559 ], [ 5.914, 4.3614 ], [ 5.9089, 4.3643 ], [ 5.9057, 4.3653 ], [ 5.8947, 4.3703 ], [ 5.8813, 4.3792 ], [ 5.8701, 4.3866 ], [ 5.8588, 4.3942 ], [ 5.8473, 4.4019 ], [ 5.8441, 4.4045 ], [ 5.8368, 4.4135 ], [ 5.8318, 4.4173 ], [ 5.8281, 4.4212 ], [ 5.8224, 4.4276 ], [ 5.8178, 4.4313 ], [ 5.8085, 4.4387 ], [ 5.7998, 4.4453 ], [ 5.795, 4.4484 ], [ 5.779, 4.4609 ], [ 5.7748, 4.4648 ], [ 5.7691, 4.4683 ], [ 5.7557, 4.4775 ], [ 5.7452, 4.4857 ], [ 5.7417, 4.4892 ], [ 5.7355, 4.4922 ], [ 5.7285, 4.4986 ], [ 5.7213, 4.5045 ], [ 5.7136, 4.5104 ], [ 5.7121, 4.5122 ], [ 5.7079, 4.5155 ], [ 5.7046, 4.5198 ], [ 5.702, 4.5321 ], [ 5.697, 4.5328 ], [ 5.6924, 4.5337 ], [ 5.688, 4.5374 ], [ 5.6821, 4.5521 ], [ 5.6757, 4.5549 ], [ 5.6711, 4.5582 ], [ 5.6663, 4.5622 ], [ 5.6634, 4.5672 ], [ 5.6626, 4.5703 ], [ 5.6543, 4.5793 ], [ 5.6479, 4.5887 ], [ 5.64, 4.5955 ], [ 5.6376, 4.6016 ], [ 5.6347, 4.6067 ], [ 5.6257, 4.6144 ], [ 5.6165, 4.6312 ], [ 5.6099, 4.6409 ], [ 5.6082, 4.6447 ], [ 5.6058, 4.6472 ], [ 5.6028, 4.6522 ], [ 5.5944, 4.6645 ], [ 5.5915, 4.6687 ], [ 5.588, 4.6737 ], [ 5.5814, 4.679 ], [ 5.5809, 4.6804 ], [ 5.5785, 4.6814 ], [ 5.573, 4.6862 ], [ 5.5711, 4.691 ], [ 5.5705, 4.6972 ], [ 5.568, 4.7003 ], [ 5.5611, 4.7086 ], [ 5.5569, 4.7118 ], [ 5.551, 4.7244 ], [ 5.5463, 4.7322 ], [ 5.5446, 4.7374 ], [ 5.546, 4.7429 ], [ 5.5484, 4.744 ], [ 5.5512, 4.7405 ], [ 5.554, 4.7336 ], [ 5.5536, 4.7304 ], [ 5.5589, 4.7245 ], [ 5.5627, 4.7232 ], [ 5.5667, 4.7272 ], [ 5.5648, 4.7374 ], [ 5.5599, 4.7412 ], [ 5.5456, 4.7496 ], [ 5.5397, 4.7527 ], [ 5.531, 4.7603 ], [ 5.5338, 4.7624 ], [ 5.5331, 4.7673 ], [ 5.531, 4.7742 ], [ 5.5262, 4.7847 ], [ 5.5203, 4.793 ], [ 5.514, 4.8055 ], [ 5.5105, 4.8125 ], [ 5.5053, 4.8188 ], [ 5.5001, 4.8264 ], [ 5.4928, 4.8375 ], [ 5.481, 4.8577 ], [ 5.4754, 4.8664 ], [ 5.4709, 4.8779 ], [ 5.4681, 4.8821 ], [ 5.4639, 4.8908 ], [ 5.4639, 4.8949 ], [ 5.465, 4.9168 ], [ 5.4573, 4.9266 ], [ 5.4514, 4.936 ], [ 5.4486, 4.9443 ], [ 5.4486, 4.9551 ], [ 5.4498, 4.9681 ], [ 5.4472, 4.9784 ], [ 5.442, 4.9902 ], [ 5.4396, 4.9996 ], [ 5.4367, 5.0059 ], [ 5.4264, 5.0168 ], [ 5.4054, 5.0585 ], [ 5.39, 5.0864 ], [ 5.3888, 5.0943 ], [ 5.387, 5.107 ], [ 5.386, 5.1082 ], [ 5.3812, 5.1194 ], [ 5.3802, 5.1267 ], [ 5.3826, 5.128 ], [ 5.3861, 5.1278 ], [ 5.3885, 5.1292 ], [ 5.3905, 5.1304 ], [ 5.3904, 5.1342 ], [ 5.3903, 5.1383 ], [ 5.388, 5.1393 ], [ 5.3838, 5.1419 ], [ 5.38, 5.144 ], [ 5.3776, 5.1466 ], [ 5.3764, 5.1495 ], [ 5.375, 5.1529 ], [ 5.3694, 5.1628 ], [ 5.3661, 5.1669 ], [ 5.3623, 5.1713 ], [ 5.3597, 5.174 ], [ 5.3556, 5.1796 ], [ 5.3575, 5.1817 ], [ 5.3581, 5.1846 ], [ 5.3608, 5.1847 ], [ 5.3612, 5.1878 ], [ 5.3617, 5.1923 ], [ 5.3599, 5.2 ], [ 5.3584, 5.208 ], [ 5.3582, 5.2109 ], [ 5.3584, 5.2141 ], [ 5.3575, 5.217 ], [ 5.3556, 5.2371 ], [ 5.3544, 5.2453 ], [ 5.3511, 5.2578 ], [ 5.3481, 5.2672 ], [ 5.3447, 5.2751 ], [ 5.3432, 5.2811 ], [ 5.3422, 5.2843 ], [ 5.3399, 5.2896 ], [ 5.3375, 5.294 ], [ 5.3373, 5.3003 ], [ 5.3361, 5.3034 ], [ 5.3345, 5.3087 ], [ 5.3323, 5.315 ], [ 5.3307, 5.3224 ], [ 5.3305, 5.3259 ], [ 5.3302, 5.3295 ], [ 5.3305, 5.3386 ], [ 5.3301, 5.3472 ], [ 5.3293, 5.3495 ], [ 5.3284, 5.3524 ], [ 5.3258, 5.3598 ], [ 5.3266, 5.3642 ], [ 5.3278, 5.366 ], [ 5.3278, 5.3744 ], [ 5.3283, 5.3835 ], [ 5.3248, 5.4064 ], [ 5.3151, 5.4115 ], [ 5.3093, 5.415 ], [ 5.3012, 5.4189 ], [ 5.2938, 5.4231 ], [ 5.2896, 5.425 ], [ 5.2834, 5.4272 ], [ 5.2813, 5.4277 ], [ 5.2779, 5.4288 ], [ 5.271, 5.431 ], [ 5.2686, 5.4321 ], [ 5.2589, 5.4362 ], [ 5.2559, 5.4377 ], [ 5.2525, 5.4401 ], [ 5.2472, 5.444 ], [ 5.2438, 5.446 ], [ 5.2392, 5.4504 ], [ 5.2303, 5.4569 ], [ 5.224, 5.4617 ], [ 5.2202, 5.4656 ], [ 5.2101, 5.4764 ], [ 5.2065, 5.4824 ], [ 5.2022, 5.4892 ], [ 5.1991, 5.4931 ], [ 5.1955, 5.4974 ], [ 5.1912, 5.5049 ], [ 5.1863, 5.5113 ], [ 5.1751, 5.5243 ], [ 5.1703, 5.5302 ], [ 5.1685, 5.5329 ], [ 5.1651, 5.5377 ], [ 5.1644, 5.5412 ], [ 5.1649, 5.5432 ], [ 5.1661, 5.5451 ], [ 5.1691, 5.5468 ], [ 5.1726, 5.555 ], [ 5.1748, 5.5592 ], [ 5.1773, 5.5652 ], [ 5.1793, 5.5681 ], [ 5.1839, 5.5706 ], [ 5.1877, 5.5737 ], [ 5.1933, 5.5795 ], [ 5.1774, 5.5944 ], [ 5.1662, 5.6012 ], [ 5.1563, 5.6099 ], [ 5.149, 5.6181 ], [ 5.1386, 5.6293 ], [ 5.1315, 5.6377 ], [ 5.126, 5.6467 ], [ 5.1186, 5.6656 ], [ 5.1169, 5.6787 ], [ 5.1121, 5.6899 ], [ 5.1073, 5.6982 ], [ 5.0986, 5.7087 ], [ 5.0947, 5.7174 ], [ 5.0869, 5.7256 ], [ 5.0851, 5.73 ], [ 5.0823, 5.7366 ], [ 5.0817, 5.7474 ], [ 5.0804, 5.7526 ], [ 5.0812, 5.7622 ], [ 5.0847, 5.7687 ], [ 5.073, 5.7822 ], [ 5.0656, 5.7804 ], [ 5.056, 5.7844 ], [ 5.0495, 5.7887 ], [ 5.0456, 5.7935 ], [ 5.0399, 5.8035 ], [ 5.0351, 5.8161 ], [ 5.0303, 5.8257 ], [ 5.0247, 5.8344 ], [ 5.0203, 5.8409 ], [ 5.0177, 5.8453 ], [ 5.0155, 5.8513 ], [ 5.0125, 5.8544 ], [ 5.0073, 5.8624 ], [ 4.9997, 5.8739 ], [ 4.9901, 5.8879 ], [ 4.9839, 5.8985 ], [ 4.9808, 5.9015 ], [ 4.9806, 5.9073 ], [ 4.9777, 5.91 ], [ 4.9751, 5.9123 ], [ 4.9755, 5.9191 ], [ 4.9762, 5.9235 ], [ 4.9719, 5.9253 ], [ 4.9703, 5.924 ], [ 4.9666, 5.9259 ], [ 4.9653, 5.93 ], [ 4.9635, 5.933 ], [ 4.9616, 5.9356 ], [ 4.9577, 5.9429 ], [ 4.955, 5.9435 ], [ 4.9518, 5.9414 ], [ 4.9498, 5.9439 ], [ 4.9455, 5.946 ], [ 4.9434, 5.948 ], [ 4.9399, 5.9502 ], [ 4.9352, 5.9551 ], [ 4.9304, 5.9596 ], [ 4.9274, 5.9626 ], [ 4.921, 5.9674 ], [ 4.9143, 5.9761 ], [ 4.9095, 5.9794 ], [ 4.9073, 5.9825 ], [ 4.9042, 5.9836 ], [ 4.9015, 5.9858 ], [ 4.8988, 5.99 ], [ 4.8947, 5.9954 ], [ 4.892, 5.9974 ], [ 4.8876, 6.0014 ], [ 4.8738, 6.0146 ], [ 4.8627, 6.0249 ], [ 4.8533, 6.0332 ], [ 4.8399, 6.0446 ], [ 4.83, 6.0545 ], [ 4.8217, 6.0632 ], [ 4.8032, 6.0796 ], [ 4.7981, 6.0847 ], [ 4.7805, 6.1008 ], [ 4.7749, 6.1064 ], [ 4.7686, 6.1104 ], [ 4.7612, 6.1187 ], [ 4.7509, 6.127 ], [ 4.7448, 6.132 ], [ 4.738, 6.1361 ], [ 4.732, 6.1421 ], [ 4.7246, 6.1483 ], [ 4.7148, 6.1549 ], [ 4.7058, 6.1631 ], [ 4.7006, 6.1679 ], [ 4.6954, 6.1738 ], [ 4.6874, 6.1795 ], [ 4.6774, 6.187 ], [ 4.6722, 6.1925 ], [ 4.6689, 6.1952 ], [ 4.666, 6.1969 ], [ 4.6617, 6.2011 ], [ 4.6576, 6.2059 ], [ 4.6534, 6.2089 ], [ 4.6497, 6.2116 ], [ 4.6465, 6.2141 ], [ 4.643, 6.2167 ], [ 4.6402, 6.2192 ], [ 4.6376, 6.2211 ], [ 4.6341, 6.2243 ], [ 4.631, 6.2265 ], [ 4.6249, 6.2298 ], [ 4.6212, 6.2324 ], [ 4.6193, 6.2353 ], [ 4.6148, 6.2393 ], [ 4.6103, 6.2427 ], [ 4.6046, 6.2462 ], [ 4.5995, 6.2498 ], [ 4.5941, 6.2535 ], [ 4.5888, 6.2579 ], [ 4.5842, 6.2614 ], [ 4.579, 6.2655 ], [ 4.5716, 6.2709 ], [ 4.5652, 6.2756 ], [ 4.5598, 6.2794 ], [ 4.553, 6.2843 ], [ 4.5501, 6.2871 ], [ 4.5479, 6.2876 ], [ 4.5452, 6.2882 ], [ 4.541, 6.2928 ], [ 4.5392, 6.2947 ], [ 4.536, 6.2964 ], [ 4.5313, 6.3011 ], [ 4.5274, 6.3051 ], [ 4.5218, 6.3073 ], [ 4.5129, 6.314 ], [ 4.5048, 6.319 ], [ 4.4987, 6.3239 ], [ 4.4891, 6.3292 ], [ 4.4848, 6.3317 ], [ 4.4815, 6.3331 ], [ 4.4768, 6.3359 ], [ 4.4742, 6.3375 ], [ 4.4723, 6.3385 ], [ 4.4674, 6.3406 ], [ 4.4605, 6.3433 ], [ 4.4409, 6.3492 ], [ 4.4154, 6.3581 ], [ 4.3942, 6.3628 ], [ 4.3736, 6.3668 ], [ 4.3549, 6.3698 ], [ 4.3508, 6.371 ], [ 4.3466, 6.3708 ], [ 4.3296, 6.3728 ], [ 4.3019, 6.376 ], [ 4.2771, 6.3783 ], [ 4.2488, 6.3813 ], [ 4.2411, 6.3823 ], [ 4.1977, 6.3882 ], [ 4.1508, 6.3971 ], [ 4.1067, 6.4053 ], [ 4.0762, 6.4118 ], [ 4.0514, 6.4162 ], [ 4.039, 6.4179 ], [ 4.0357, 6.4179 ], [ 4.0227, 6.4205 ], [ 4.0034, 6.4241 ], [ 3.9971, 6.4252 ], [ 3.9863, 6.427 ], [ 3.9634, 6.431 ], [ 3.9597, 6.4314 ], [ 3.9445, 6.4328 ], [ 3.9176, 6.4347 ], [ 3.9067, 6.4368 ], [ 3.8903, 6.4372 ], [ 3.8718, 6.4368 ], [ 3.855, 6.4376 ], [ 3.8354, 6.4379 ], [ 3.8212, 6.4379 ], [ 3.8103, 6.4379 ], [ 3.7991, 6.4376 ], [ 3.7841, 6.4354 ], [ 3.766, 6.4336 ], [ 3.7605, 6.4314 ], [ 3.7485, 6.4299 ], [ 3.7347, 6.4278 ], [ 3.7256, 6.4274 ], [ 3.6998, 6.4259 ], [ 3.6791, 6.423 ], [ 3.6616, 6.4234 ], [ 3.642, 6.4227 ], [ 3.6308, 6.4226 ], [ 3.618, 6.4223 ], [ 3.5747, 6.4212 ], [ 3.5398, 6.4216 ], [ 3.5089, 6.4194 ], [ 3.4878, 6.4201 ], [ 3.4675, 6.4201 ], [ 3.4468, 6.4194 ], [ 3.4191, 6.4187 ], [ 3.4129, 6.4172 ], [ 3.4053, 6.4121 ], [ 3.4049, 6.4093 ], [ 3.4047, 6.4064 ], [ 3.4038, 6.4045 ], [ 3.4023, 6.4007 ], [ 3.405, 6.396 ], [ 3.4054, 6.3932 ], [ 3.4064, 6.3902 ], [ 3.3995, 6.3903 ], [ 3.3959, 6.3914 ], [ 3.3827, 6.3924 ], [ 3.37, 6.3947 ], [ 3.3384, 6.3983 ], [ 3.313, 6.4001 ], [ 3.2664, 6.4008 ], [ 3.2355, 6.4008 ], [ 3.205, 6.4008 ], [ 3.2021, 6.4008 ], [ 3.2005, 6.4007 ], [ 3.1806, 6.4001 ], [ 3.165, 6.3998 ], [ 3.1508, 6.3987 ], [ 3.1294, 6.3983 ], [ 3.1137, 6.3987 ], [ 3.0952, 6.3972 ], [ 3.0769, 6.3969 ], [ 3.0727, 6.3994 ], [ 3.069, 6.3966 ], [ 3.0625, 6.3961 ], [ 3.0471, 6.3956 ], [ 3.0425, 6.3954 ], [ 3.0232, 6.3947 ], [ 3.0054, 6.3954 ], [ 2.9941, 6.3958 ], [ 2.9701, 6.3961 ], [ 2.9512, 6.3954 ], [ 2.9232, 6.3936 ], [ 2.901, 6.3936 ], [ 2.8781, 6.3925 ], [ 2.8505, 6.3918 ], [ 2.836, 6.3889 ], [ 2.8123, 6.3874 ], [ 2.7894, 6.3834 ], [ 2.7716, 6.3823 ], [ 2.7552, 6.3801 ], [ 2.7352, 6.3761 ], [ 2.7138, 6.3736 ], [ 2.704, 6.3726 ], [ 2.7041, 6.3756 ], [ 2.7035, 6.3796 ], [ 2.7036, 6.3831 ], [ 2.7037, 6.386 ], [ 2.7038, 6.3895 ], [ 2.7034, 6.3929 ], [ 2.7029, 6.3957 ], [ 2.7032, 6.3981 ], [ 2.7028, 6.4009 ], [ 2.703, 6.4033 ], [ 2.7032, 6.4062 ], [ 2.7028, 6.409 ], [ 2.7022, 6.4135 ], [ 2.7024, 6.4159 ], [ 2.7027, 6.4182 ], [ 2.7029, 6.4206 ], [ 2.7028, 6.4252 ], [ 2.7025, 6.4275 ], [ 2.7027, 6.4304 ], [ 2.7023, 6.4332 ], [ 2.7024, 6.4361 ], [ 2.7027, 6.4385 ], [ 2.7029, 6.4414 ], [ 2.7025, 6.4437 ], [ 2.7025, 6.4477 ], [ 2.7026, 6.4524 ], [ 2.7033, 6.4567 ], [ 2.7052, 6.4611 ], [ 2.7045, 6.4637 ], [ 2.7063, 6.4654 ], [ 2.7092, 6.4683 ], [ 2.7115, 6.4706 ], [ 2.7127, 6.4741 ], [ 2.714, 6.4799 ], [ 2.7134, 6.4839 ], [ 2.7105, 6.4863 ], [ 2.7106, 6.4903 ], [ 2.7112, 6.4944 ], [ 2.7095, 6.4955 ], [ 2.702, 6.5002 ], [ 2.7009, 6.5042 ], [ 2.7003, 6.5083 ], [ 2.7015, 6.5123 ], [ 2.7033, 6.5152 ], [ 2.7045, 6.5175 ], [ 2.7068, 6.5204 ], [ 2.7092, 6.5222 ], [ 2.7167, 6.5268 ], [ 2.7203, 6.5297 ], [ 2.7232, 6.5326 ], [ 2.7244, 6.5366 ], [ 2.7262, 6.5401 ], [ 2.7279, 6.5424 ], [ 2.7303, 6.5447 ], [ 2.7326, 6.547 ], [ 2.7344, 6.5499 ], [ 2.7373, 6.5539 ], [ 2.7403, 6.558 ], [ 2.7432, 6.5632 ], [ 2.7432, 6.5655 ], [ 2.7421, 6.5678 ], [ 2.7398, 6.5713 ], [ 2.7387, 6.5754 ], [ 2.737, 6.5812 ], [ 2.7353, 6.5864 ], [ 2.7336, 6.591 ], [ 2.7331, 6.5951 ], [ 2.732, 6.6009 ], [ 2.7315, 6.6038 ], [ 2.7309, 6.6078 ], [ 2.7304, 6.6119 ], [ 2.7298, 6.6148 ], [ 2.7293, 6.6177 ], [ 2.7281, 6.6206 ], [ 2.7282, 6.6241 ], [ 2.7299, 6.6264 ], [ 2.7323, 6.6304 ], [ 2.7341, 6.6362 ], [ 2.7365, 6.6408 ], [ 2.7388, 6.646 ], [ 2.7412, 6.6507 ], [ 2.7436, 6.6553 ], [ 2.7454, 6.6582 ], [ 2.7483, 6.6617 ], [ 2.7518, 6.6651 ], [ 2.7565, 6.6692 ], [ 2.7594, 6.6726 ], [ 2.7635, 6.6761 ], [ 2.7664, 6.679 ], [ 2.7694, 6.6813 ], [ 2.7723, 6.6836 ], [ 2.7752, 6.6871 ], [ 2.7782, 6.6917 ], [ 2.78, 6.6952 ], [ 2.78, 6.6992 ], [ 2.7795, 6.7033 ], [ 2.7795, 6.7079 ], [ 2.7796, 6.7137 ], [ 2.7796, 6.7183 ], [ 2.7802, 6.7235 ], [ 2.782, 6.7282 ], [ 2.7838, 6.7316 ], [ 2.7838, 6.7357 ], [ 2.7845, 6.7415 ], [ 2.7857, 6.7461 ], [ 2.7869, 6.7502 ], [ 2.7846, 6.7536 ], [ 2.7823, 6.756 ], [ 2.7777, 6.7566 ], [ 2.7655, 6.7572 ], [ 2.7632, 6.756 ], [ 2.7591, 6.756 ], [ 2.7522, 6.7584 ], [ 2.7481, 6.7595 ], [ 2.7429, 6.7625 ], [ 2.7406, 6.7642 ], [ 2.7366, 6.7671 ], [ 2.7326, 6.7689 ], [ 2.7291, 6.7723 ], [ 2.7268, 6.7764 ], [ 2.724, 6.7816 ], [ 2.7234, 6.7851 ], [ 2.7241, 6.7903 ], [ 2.7241, 6.7944 ], [ 2.7259, 6.8002 ], [ 2.7277, 6.8054 ], [ 2.7295, 6.81 ], [ 2.7307, 6.8146 ], [ 2.7313, 6.8181 ], [ 2.7331, 6.8233 ], [ 2.7355, 6.8268 ], [ 2.7372, 6.8279 ], [ 2.7384, 6.8297 ], [ 2.7402, 6.8343 ], [ 2.7408, 6.8383 ], [ 2.7421, 6.846 ], [ 2.7415, 6.8482 ], [ 2.7409, 6.853 ], [ 2.741, 6.8563 ], [ 2.741, 6.8593 ], [ 2.741, 6.8609 ], [ 2.7411, 6.8644 ], [ 2.7394, 6.8725 ], [ 2.7377, 6.8777 ], [ 2.7378, 6.8824 ], [ 2.739, 6.8893 ], [ 2.7402, 6.8934 ], [ 2.7408, 6.8974 ], [ 2.7409, 6.9021 ], [ 2.7403, 6.9073 ], [ 2.7392, 6.9131 ], [ 2.7399, 6.9177 ], [ 2.7376, 6.9212 ], [ 2.7353, 6.9218 ], [ 2.7312, 6.9241 ], [ 2.7266, 6.9264 ], [ 2.7237, 6.9287 ], [ 2.7174, 6.9357 ], [ 2.7146, 6.9398 ], [ 2.7123, 6.9433 ], [ 2.7117, 6.9473 ], [ 2.7118, 6.9531 ], [ 2.713, 6.9612 ], [ 2.7142, 6.9641 ], [ 2.7154, 6.9682 ], [ 2.7166, 6.9716 ], [ 2.7167, 6.9786 ], [ 2.7162, 6.9844 ], [ 2.7192, 6.9959 ], [ 2.7204, 7.0006 ], [ 2.721, 7.0035 ], [ 2.724, 7.0098 ], [ 2.7287, 7.015 ], [ 2.7339, 7.0202 ], [ 2.738, 7.0231 ], [ 2.7462, 7.0283 ], [ 2.7515, 7.0312 ], [ 2.7602, 7.0346 ], [ 2.7672, 7.0387 ], [ 2.7725, 7.0456 ], [ 2.7719, 7.0485 ], [ 2.7697, 7.052 ], [ 2.7668, 7.0543 ], [ 2.761, 7.059 ], [ 2.7587, 7.0607 ], [ 2.7564, 7.0619 ], [ 2.753, 7.0636 ], [ 2.7501, 7.0671 ], [ 2.7495, 7.0694 ], [ 2.7519, 7.0735 ], [ 2.7542, 7.0752 ], [ 2.7566, 7.0787 ], [ 2.7584, 7.0827 ], [ 2.7596, 7.0885 ], [ 2.7585, 7.0932 ], [ 2.7556, 7.0978 ], [ 2.7533, 7.1007 ], [ 2.751, 7.103 ], [ 2.7476, 7.1065 ], [ 2.7424, 7.1112 ], [ 2.7373, 7.121 ], [ 2.7373, 7.1262 ], [ 2.7385, 7.1303 ], [ 2.7398, 7.1366 ], [ 2.741, 7.1407 ], [ 2.7422, 7.1459 ], [ 2.7434, 7.1505 ], [ 2.7458, 7.1563 ], [ 2.7476, 7.1609 ], [ 2.7499, 7.1638 ], [ 2.7563, 7.1661 ], [ 2.7598, 7.1673 ], [ 2.7668, 7.1702 ], [ 2.7685, 7.1713 ], [ 2.7692, 7.1736 ], [ 2.7698, 7.1777 ], [ 2.771, 7.1835 ], [ 2.7722, 7.1887 ], [ 2.7717, 7.1939 ], [ 2.7706, 7.1991 ], [ 2.7706, 7.2032 ], [ 2.7707, 7.2078 ], [ 2.7702, 7.2153 ], [ 2.7685, 7.2217 ], [ 2.7656, 7.2275 ], [ 2.7628, 7.2327 ], [ 2.7599, 7.2368 ], [ 2.7576, 7.2403 ], [ 2.7554, 7.2438 ], [ 2.7531, 7.2472 ], [ 2.7468, 7.2577 ], [ 2.7463, 7.2635 ], [ 2.7463, 7.2693 ], [ 2.7464, 7.2768 ], [ 2.7459, 7.2838 ], [ 2.7454, 7.2919 ], [ 2.7455, 7.3 ], [ 2.7456, 7.3069 ], [ 2.7462, 7.3139 ], [ 2.7463, 7.3243 ], [ 2.7469, 7.3289 ], [ 2.747, 7.3347 ], [ 2.7467, 7.3386 ], [ 2.7465, 7.3405 ], [ 2.746, 7.348 ], [ 2.746, 7.3527 ], [ 2.7455, 7.3579 ], [ 2.7462, 7.3672 ], [ 2.7457, 7.3753 ], [ 2.7457, 7.3799 ], [ 2.7458, 7.3851 ], [ 2.7458, 7.3918 ], [ 2.7459, 7.399 ], [ 2.7466, 7.4042 ], [ 2.7466, 7.4048 ], [ 2.745, 7.4072 ], [ 2.7431, 7.4098 ], [ 2.7426, 7.4139 ], [ 2.7425, 7.4215 ], [ 2.7434, 7.4234 ], [ 2.7479, 7.4243 ], [ 2.7551, 7.4249 ], [ 2.7563, 7.4246 ], [ 2.7598, 7.425 ], [ 2.7667, 7.4251 ], [ 2.7691, 7.4239 ], [ 2.7737, 7.4228 ], [ 2.7778, 7.4222 ], [ 2.7836, 7.4217 ], [ 2.787, 7.4217 ], [ 2.7917, 7.4229 ], [ 2.7952, 7.4263 ], [ 2.7964, 7.4321 ], [ 2.7964, 7.4379 ], [ 2.7964, 7.4437 ], [ 2.7958, 7.4478 ], [ 2.7953, 7.4524 ], [ 2.7959, 7.4576 ], [ 2.7959, 7.4623 ], [ 2.7965, 7.4686 ], [ 2.7959, 7.4744 ], [ 2.7948, 7.4796 ], [ 2.7948, 7.4825 ], [ 2.7942, 7.4895 ], [ 2.7937, 7.4929 ], [ 2.7919, 7.497 ], [ 2.7867, 7.5086 ], [ 2.7856, 7.5114 ], [ 2.7839, 7.5143 ], [ 2.7804, 7.5161 ], [ 2.7752, 7.5178 ], [ 2.7699, 7.5201 ], [ 2.7653, 7.5224 ], [ 2.7636, 7.5253 ], [ 2.7578, 7.5287 ], [ 2.7543, 7.531 ], [ 2.7508, 7.5339 ], [ 2.7485, 7.5356 ], [ 2.748, 7.542 ], [ 2.7485, 7.5472 ], [ 2.7481, 7.549 ], [ 2.7476, 7.551 ], [ 2.7469, 7.5526 ], [ 2.7459, 7.5538 ], [ 2.7443, 7.5548 ], [ 2.7428, 7.556 ], [ 2.7422, 7.5566 ], [ 2.7419, 7.5578 ], [ 2.7416, 7.5595 ], [ 2.7412, 7.5604 ], [ 2.7411, 7.5605 ], [ 2.7387, 7.5634 ], [ 2.733, 7.5686 ], [ 2.7295, 7.5755 ], [ 2.7289, 7.5848 ], [ 2.729, 7.5923 ], [ 2.7284, 7.5998 ], [ 2.729, 7.6068 ], [ 2.729, 7.616 ], [ 2.7279, 7.623 ], [ 2.7268, 7.6317 ], [ 2.7268, 7.6357 ], [ 2.7274, 7.6421 ], [ 2.728, 7.6473 ], [ 2.728, 7.6537 ], [ 2.7286, 7.6618 ], [ 2.7298, 7.6693 ], [ 2.731, 7.6746 ], [ 2.7316, 7.6786 ], [ 2.7333, 7.6856 ], [ 2.7351, 7.6919 ], [ 2.7374, 7.6977 ], [ 2.7392, 7.7024 ], [ 2.7404, 7.707 ], [ 2.7392, 7.7146 ], [ 2.7375, 7.7198 ], [ 2.734, 7.7279 ], [ 2.7323, 7.736 ], [ 2.7318, 7.7423 ], [ 2.7318, 7.7487 ], [ 2.7324, 7.7516 ], [ 2.7341, 7.7562 ], [ 2.7347, 7.7609 ], [ 2.7365, 7.7667 ], [ 2.7377, 7.7701 ], [ 2.7383, 7.7736 ], [ 2.7383, 7.7788 ], [ 2.7377, 7.7817 ], [ 2.736, 7.7864 ], [ 2.7348, 7.791 ], [ 2.7343, 7.7956 ], [ 2.7331, 7.8002 ], [ 2.7325, 7.8037 ], [ 2.7326, 7.8084 ], [ 2.7308, 7.8124 ], [ 2.7256, 7.8141 ], [ 2.7216, 7.8153 ], [ 2.7187, 7.8164 ], [ 2.7163, 7.8176 ], [ 2.714, 7.8204 ], [ 2.7135, 7.8303 ], [ 2.7135, 7.8367 ], [ 2.7112, 7.843 ], [ 2.71, 7.8459 ], [ 2.7083, 7.85 ], [ 2.706, 7.8528 ], [ 2.7014, 7.8563 ], [ 2.6985, 7.8586 ], [ 2.6944, 7.8632 ], [ 2.6933, 7.8684 ], [ 2.6912, 7.8678 ], [ 2.6839, 7.8678 ], [ 2.6749, 7.8805 ], [ 2.6694, 7.8868 ], [ 2.6685, 7.8904 ], [ 2.6803, 7.8986 ], [ 2.6893, 7.9185 ], [ 2.6939, 7.9266 ], [ 2.6975, 7.9402 ], [ 2.6993, 7.9502 ], [ 2.7029, 7.9628 ], [ 2.7074, 7.98 ], [ 2.7065, 7.9927 ], [ 2.7147, 8.028 ], [ 2.7201, 8.0452 ], [ 2.7237, 8.0578 ], [ 2.7292, 8.0651 ], [ 2.7292, 8.0723 ], [ 2.7228, 8.0859 ], [ 2.731, 8.1022 ], [ 2.7319, 8.1167 ], [ 2.7319, 8.1302 ], [ 2.7319, 8.1375 ], [ 2.74, 8.1501 ], [ 2.7491, 8.1655 ], [ 2.7491, 8.1791 ], [ 2.75, 8.1963 ], [ 2.7515, 8.2063 ], [ 2.7532, 8.2107 ], [ 2.7455, 8.2191 ], [ 2.7391, 8.2256 ], [ 2.733, 8.2373 ], [ 2.727, 8.2457 ], [ 2.7213, 8.2514 ], [ 2.7149, 8.2598 ], [ 2.7125, 8.2723 ], [ 2.7093, 8.2804 ], [ 2.7012, 8.3005 ], [ 2.6976, 8.3122 ], [ 2.6956, 8.3215 ], [ 2.696, 8.3316 ], [ 2.696, 8.3453 ], [ 2.698, 8.3561 ], [ 2.698, 8.3586 ], [ 2.7093, 8.369 ], [ 2.7125, 8.3811 ], [ 2.7141, 8.3896 ], [ 2.7113, 8.4093 ], [ 2.7068, 8.4198 ], [ 2.7089, 8.4258 ], [ 2.7157, 8.4319 ], [ 2.7205, 8.4311 ], [ 2.7286, 8.4319 ], [ 2.7338, 8.4363 ], [ 2.7411, 8.4456 ], [ 2.7427, 8.452 ], [ 2.7431, 8.4597 ], [ 2.7447, 8.4649 ], [ 2.7475, 8.4657 ], [ 2.7478, 8.4693 ], [ 2.7566, 8.4823 ], [ 2.7532, 8.4859 ], [ 2.75, 8.4898 ], [ 2.7514, 8.4947 ], [ 2.7617, 8.5052 ], [ 2.761, 8.5085 ], [ 2.7619, 8.5222 ], [ 2.7578, 8.5258 ], [ 2.7501, 8.5335 ], [ 2.75, 8.5379 ], [ 2.7581, 8.5612 ], [ 2.7555, 8.5671 ], [ 2.7504, 8.5787 ], [ 2.7493, 8.5955 ], [ 2.7493, 8.6122 ], [ 2.75, 8.637 ], [ 2.7457, 8.6479 ], [ 2.7384, 8.6508 ], [ 2.7377, 8.6574 ], [ 2.7427, 8.6639 ], [ 2.7449, 8.6697 ], [ 2.7413, 8.6741 ], [ 2.7435, 8.6843 ], [ 2.7486, 8.693 ], [ 2.7493, 8.7018 ], [ 2.7457, 8.7098 ], [ 2.7442, 8.72 ], [ 2.7471, 8.7375 ], [ 2.742, 8.7455 ], [ 2.7311, 8.7622 ], [ 2.7296, 8.7739 ], [ 2.7333, 8.7826 ], [ 2.7377, 8.7884 ], [ 2.7398, 8.7979 ], [ 2.7471, 8.8008 ], [ 2.7537, 8.8008 ], [ 2.758, 8.8037 ], [ 2.7624, 8.8059 ], [ 2.7617, 8.8117 ], [ 2.7602, 8.8175 ], [ 2.7595, 8.8212 ], [ 2.7595, 8.8292 ], [ 2.7602, 8.8365 ], [ 2.7609, 8.8423 ], [ 2.7609, 8.8518 ], [ 2.758, 8.8576 ], [ 2.7595, 8.8649 ], [ 2.7668, 8.867 ], [ 2.7697, 8.8707 ], [ 2.7719, 8.8882 ], [ 2.7726, 8.8925 ], [ 2.7719, 8.8998 ], [ 2.7668, 8.9034 ], [ 2.7631, 8.9013 ], [ 2.7588, 8.9034 ], [ 2.7588, 8.9064 ], [ 2.7646, 8.9144 ], [ 2.7668, 8.9165 ], [ 2.7704, 8.9187 ], [ 2.7726, 8.9246 ], [ 2.7748, 8.9289 ], [ 2.7784, 8.9362 ], [ 2.7806, 8.9435 ], [ 2.7792, 8.9486 ], [ 2.7741, 8.9515 ], [ 2.7719, 8.9537 ], [ 2.7777, 8.958 ], [ 2.7872, 8.9631 ], [ 2.7879, 8.9697 ], [ 2.7857, 8.9748 ], [ 2.7835, 8.9806 ], [ 2.7842, 8.9828 ], [ 2.7872, 8.9879 ], [ 2.7842, 8.9901 ], [ 2.7792, 8.9923 ], [ 2.7792, 8.9981 ], [ 2.7806, 9.0032 ], [ 2.7777, 9.0068 ], [ 2.7733, 9.0076 ], [ 2.7733, 9.0112 ], [ 2.7828, 9.0148 ], [ 2.7835, 9.0177 ], [ 2.7821, 9.0221 ], [ 2.7784, 9.0221 ], [ 2.7748, 9.025 ], [ 2.7799, 9.0279 ], [ 2.7828, 9.0308 ], [ 2.7835, 9.0374 ], [ 2.7835, 9.0461 ], [ 2.7784, 9.0527 ], [ 2.7799, 9.0651 ], [ 2.8279, 9.0658 ], [ 2.8643, 9.0629 ], [ 2.8709, 9.0629 ], [ 2.8782, 9.0636 ], [ 2.8811, 9.0694 ], [ 2.8862, 9.0767 ], [ 2.8978, 9.084 ], [ 2.9124, 9.0891 ], [ 2.9546, 9.0913 ], [ 2.9597, 9.0869 ], [ 2.9648, 9.0796 ], [ 2.9764, 9.076 ], [ 2.9866, 9.0716 ], [ 2.9997, 9.0731 ], [ 3.0165, 9.076 ], [ 3.0303, 9.0811 ], [ 3.05, 9.0869 ], [ 3.0784, 9.0956 ], [ 3.0878, 9.1029 ], [ 3.0907, 9.1182 ], [ 3.0944, 9.1393 ], [ 3.1097, 9.1641 ], [ 3.1206, 9.1888 ], [ 3.1245, 9.1917 ], [ 3.1221, 9.2085 ], [ 3.1213, 9.2391 ], [ 3.1293, 9.2587 ], [ 3.1461, 9.2682 ], [ 3.1585, 9.2857 ], [ 3.1534, 9.3046 ], [ 3.1512, 9.3344 ], [ 3.1512, 9.3534 ], [ 3.1534, 9.3694 ], [ 3.1446, 9.3905 ], [ 3.1315, 9.4371 ], [ 3.1315, 9.4516 ], [ 3.1461, 9.48 ], [ 3.1585, 9.4939 ], [ 3.1752, 9.5026 ], [ 3.1912, 9.5106 ], [ 3.1992, 9.523 ], [ 3.2109, 9.547 ], [ 3.2218, 9.563 ], [ 3.2327, 9.5747 ], [ 3.2502, 9.6031 ], [ 3.2538, 9.6133 ], [ 3.2567, 9.6424 ], [ 3.2677, 9.6577 ], [ 3.2888, 9.6613 ], [ 3.307, 9.6577 ], [ 3.3172, 9.6599 ], [ 3.3317, 9.6715 ], [ 3.3485, 9.6861 ], [ 3.3521, 9.6984 ], [ 3.3492, 9.7035 ], [ 3.3466, 9.7108 ], [ 3.339, 9.7261 ], [ 3.3244, 9.7596 ], [ 3.3237, 9.78 ], [ 3.3317, 9.8026 ], [ 3.3536, 9.8237 ], [ 3.3783, 9.8331 ], [ 3.4184, 9.8499 ], [ 3.4475, 9.8579 ], [ 3.4679, 9.8637 ], [ 3.4861, 9.8608 ], [ 3.4992, 9.8557 ], [ 3.513, 9.8572 ], [ 3.5159, 9.8615 ], [ 3.5268, 9.8608 ], [ 3.5348, 9.8652 ], [ 3.5516, 9.8805 ], [ 3.564, 9.8972 ], [ 3.5632, 9.9169 ], [ 3.5756, 9.93 ], [ 3.6004, 9.954 ], [ 3.6069, 9.97 ], [ 3.6098, 9.994 ], [ 3.612, 10.0231 ], [ 3.612, 10.045 ], [ 3.6106, 10.0646 ], [ 3.6171, 10.0799 ], [ 3.6258, 10.0923 ], [ 3.6397, 10.0981 ], [ 3.6477, 10.1025 ], [ 3.6601, 10.1025 ], [ 3.6652, 10.1098 ], [ 3.671, 10.1258 ], [ 3.6739, 10.1389 ], [ 3.6775, 10.1542 ], [ 3.679, 10.1666 ], [ 3.6764, 10.1786 ], [ 3.6749, 10.1802 ], [ 3.6734, 10.183 ], [ 3.6528, 10.1842 ], [ 3.6441, 10.1905 ], [ 3.6341, 10.2023 ], [ 3.626, 10.2117 ], [ 3.6141, 10.2198 ], [ 3.6079, 10.2267 ], [ 3.601, 10.2367 ], [ 3.5935, 10.251 ], [ 3.5871, 10.2672 ], [ 3.5854, 10.2811 ], [ 3.6018, 10.3174 ], [ 3.6139, 10.352 ], [ 3.6312, 10.3841 ], [ 3.6338, 10.4083 ], [ 3.6364, 10.4274 ], [ 3.6494, 10.4369 ], [ 3.6814, 10.4525 ], [ 3.6918, 10.4576 ], [ 3.7308, 10.4334 ], [ 3.7602, 10.4196 ], [ 3.7706, 10.4144 ], [ 3.7819, 10.4057 ], [ 3.787, 10.4057 ], [ 3.8, 10.4421 ], [ 3.8026, 10.4654 ], [ 3.8026, 10.4853 ], [ 3.8182, 10.5373 ], [ 3.8329, 10.5684 ], [ 3.852, 10.5944 ], [ 3.8511, 10.6186 ], [ 3.8485, 10.6585 ], [ 3.845, 10.674 ], [ 3.8434, 10.6989 ], [ 3.8381, 10.7061 ], [ 3.8078, 10.726 ], [ 3.7914, 10.7398 ], [ 3.781, 10.7623 ], [ 3.7697, 10.7892 ], [ 3.7507, 10.8186 ], [ 3.7472, 10.8359 ], [ 3.7611, 10.8723 ], [ 3.7706, 10.9025 ], [ 3.7715, 10.9251 ], [ 3.7645, 10.9744 ], [ 3.7593, 10.9969 ], [ 3.7507, 11.0116 ], [ 3.736, 11.0203 ], [ 3.7204, 11.0229 ], [ 3.7169, 11.0281 ], [ 3.7213, 11.0445 ], [ 3.7256, 11.0514 ], [ 3.7195, 11.0783 ], [ 3.7239, 11.1016 ], [ 3.7265, 11.1181 ], [ 3.7233, 11.1251 ], [ 3.7047, 11.1261 ], [ 3.6854, 11.1153 ], [ 3.6536, 11.1109 ], [ 3.621, 11.1655 ], [ 3.5799, 11.2196 ], [ 3.5668, 11.2304 ], [ 3.5363, 11.258 ], [ 3.5182, 11.2733 ], [ 3.4973, 11.2909 ], [ 3.4973, 11.2975 ], [ 3.4982, 11.308 ], [ 3.5016, 11.3213 ], [ 3.5246, 11.4273 ], [ 3.5158, 11.5412 ], [ 3.5149, 11.6001 ], [ 3.5139, 11.663 ], [ 3.5652, 11.6991 ], [ 3.6249, 11.7279 ], [ 3.6338, 11.7337 ], [ 3.6439, 11.743 ], [ 3.6627, 11.7711 ], [ 3.6673, 11.7852 ], [ 3.6673, 11.8008 ], [ 3.665, 11.8063 ], [ 3.6478, 11.8226 ], [ 3.6299, 11.8344 ], [ 3.6221, 11.8507 ], [ 3.6174, 11.9171 ], [ 3.6205, 11.9272 ], [ 3.6299, 11.9343 ], [ 3.6408, 11.9468 ], [ 3.6627, 11.967 ], [ 3.6689, 11.9795 ], [ 3.6689, 11.9928 ], [ 3.647, 12.0677 ], [ 3.6408, 12.0826 ], [ 3.6369, 12.0943 ], [ 3.6346, 12.1052 ], [ 3.6299, 12.1122 ], [ 3.6314, 12.1567 ], [ 3.6346, 12.1817 ], [ 3.6369, 12.1973 ], [ 3.6416, 12.2121 ], [ 3.6478, 12.2356 ], [ 3.6533, 12.2566 ], [ 3.6564, 12.2847 ], [ 3.6556, 12.3175 ], [ 3.6533, 12.3331 ], [ 3.6502, 12.3644 ], [ 3.6494, 12.3807 ], [ 3.6478, 12.3971 ], [ 3.6478, 12.4081 ], [ 3.6424, 12.4791 ], [ 3.6424, 12.5033 ], [ 3.6431, 12.5119 ], [ 3.6439, 12.5213 ], [ 3.6595, 12.5353 ], [ 3.7298, 12.5962 ], [ 3.779, 12.636 ], [ 3.8535, 12.6961 ], [ 3.9167, 12.7398 ], [ 3.9347, 12.7585 ], [ 3.9402, 12.7624 ], [ 3.9823, 12.8304 ], [ 4.0143, 12.8764 ], [ 4.0299, 12.9029 ], [ 4.0447, 12.9256 ], [ 4.0814, 12.9732 ], [ 4.0967, 12.9974 ], [ 4.1029, 13.0161 ], [ 4.1107, 13.0614 ], [ 4.1201, 13.1004 ], [ 4.1255, 13.1324 ], [ 4.1302, 13.1535 ], [ 4.1271, 13.1894 ], [ 4.1287, 13.223 ], [ 4.1294, 13.2581 ], [ 4.1294, 13.2628 ], [ 4.1284, 13.2645 ], [ 4.1297, 13.27 ], [ 4.1297, 13.2795 ], [ 4.1297, 13.2951 ], [ 4.1291, 13.314 ], [ 4.1301, 13.3676 ], [ 4.1301, 13.3778 ], [ 4.1301, 13.3961 ], [ 4.1314, 13.4104 ], [ 4.1294, 13.4327 ], [ 4.1281, 13.449 ], [ 4.1287, 13.4619 ], [ 4.1294, 13.4728 ], [ 4.1403, 13.4741 ], [ 4.1728, 13.4755 ], [ 4.1905, 13.4755 ], [ 4.204, 13.4768 ], [ 4.2162, 13.4877 ], [ 4.2352, 13.504 ], [ 4.259, 13.523 ], [ 4.2969, 13.5555 ], [ 4.3275, 13.586 ], [ 4.3431, 13.5989 ], [ 4.3648, 13.6193 ], [ 4.395, 13.6491 ], [ 4.4153, 13.6634 ], [ 4.4323, 13.6796 ], [ 4.4648, 13.7027 ], [ 4.4784, 13.7074 ], [ 4.4879, 13.7095 ], [ 4.515, 13.7156 ], [ 4.5394, 13.719 ], [ 4.5544, 13.7217 ], [ 4.5774, 13.7237 ], [ 4.5971, 13.7305 ], [ 4.6222, 13.7373 ], [ 4.6486, 13.7407 ], [ 4.6649, 13.7441 ], [ 4.6981, 13.7488 ], [ 4.73, 13.7529 ], [ 4.7504, 13.759 ], [ 4.77, 13.7644 ], [ 4.787, 13.7699 ], [ 4.7975, 13.7725 ], [ 4.8196, 13.7746 ], [ 4.8244, 13.7753 ], [ 4.838, 13.7772 ], [ 4.8564, 13.7804 ], [ 4.8706, 13.782 ], [ 4.878, 13.773 ], [ 4.8932, 13.7604 ], [ 4.9042, 13.752 ], [ 4.9174, 13.7483 ], [ 4.9373, 13.7473 ], [ 4.9662, 13.7452 ], [ 4.9878, 13.741 ], [ 5.0198, 13.7467 ], [ 5.0482, 13.7499 ], [ 5.0766, 13.7536 ], [ 5.0924, 13.7557 ], [ 5.1024, 13.753 ], [ 5.126, 13.7499 ], [ 5.1344, 13.7504 ], [ 5.1397, 13.7499 ], [ 5.1559, 13.7458 ], [ 5.1604, 13.7446 ], [ 5.1723, 13.7456 ], [ 5.1893, 13.7441 ], [ 5.214, 13.7436 ], [ 5.2403, 13.7478 ], [ 5.2676, 13.7578 ], [ 5.2887, 13.7704 ], [ 5.3034, 13.7909 ], [ 5.3144, 13.8061 ], [ 5.3275, 13.8282 ], [ 5.3412, 13.8398 ], [ 5.3517, 13.8482 ], [ 5.3575, 13.8487 ], [ 5.3706, 13.855 ], [ 5.3822, 13.8618 ], [ 5.3995, 13.8676 ], [ 5.4069, 13.8708 ], [ 5.4248, 13.8766 ], [ 5.4317, 13.8784 ], [ 5.4489, 13.8829 ], [ 5.4889, 13.8939 ], [ 5.4939, 13.8939 ], [ 5.5146, 13.8944 ] ] ] } }
]
}
