{
"type": "FeatureCollection",
"name": "centroids_filtered",
"crs": { "type": "name", "properties": { "name": "urn:ogc:def:crs:OGC:1.3:CRS84" } },
"features": [
{ "type": "Feature", "properties": { "ADM3_FR": "Kouande", "ADM2_FR": "Kouande", "ADM1_FR": "Atakora", "ADM0_EN": "Benin", "Population": 111540, "Total_bran": 0.0, "Country": "benin", "Filter": 1.0, "ISIBF_base": 0.005, "Latitude": 10.426083, "Longitude": 1.721065 }, "geometry": { "type": "Point", "coordinates": [ 1.721065, 10.426083 ] } },
{ "type": "Feature", "properties": { "ADM3_FR": "Allada", "ADM2_FR": "Allada", "ADM1_FR": "Atlantique", "ADM0_EN": "Benin", "Population": 127512, "Total_bran": 0.0, "Country": "benin", "Filter": 1.0, "ISIBF_base": 0.017, "Latitude": 6.676563, "Longitude": 2.118622 }, "geometry": { "type": "Point", "coordinates": [ 2.118622, 6.676563 ] } },
{ "type": "Feature", "properties": { "ADM3_FR": "Kpomasse", "ADM2_FR": "Kpomasse", "ADM1_FR": "Atlantique", "ADM0_EN": "Benin", "Population": 67648, "Total_bran": 0.0, "Country": "benin", "Filter": 1.0, "ISIBF_base": 0.066, "Latitude": 6.453736, "Longitude": 2.012436 }, "geometry": { "type": "Point", "coordinates": [ 2.012436, 6.453736 ] } },
{ "type": "Feature", "properties": { "ADM3_FR": "Ouidah", "ADM2_FR": "Ouidah", "ADM1_FR": "Atlantique", "ADM0_EN": "Benin", "Population": 162034, "Total_bran": 0.0, "Country": "benin", "Filter": 1.0, "ISIBF_base": 0.044, "Latitude": 6.385304, "Longitude": 2.126119 }, "geometry": { "type": "Point", "coordinates": [ 2.126119, 6.385304 ] } },
{ "type": "Feature", "properties": { "ADM3_FR": "Ouidah", "ADM2_FR": "Ouidah", "ADM1_FR": "Atlantique", "ADM0_EN": "Benin", "Population": 162034, "Total_bran": 0.0, "Country": "benin", "Filter": 1.0, "ISIBF_base": 0.044, "Latitude": 6.328852, "Longitude": 2.073416 }, "geometry": { "type": "Point", "coordinates": [ 2.073416, 6.328852 ] } },
{ "type": "Feature", "properties": { "ADM3_FR": "Ouidah", "ADM2_FR": "Ouidah", "ADM1_FR": "Atlantique", "ADM0_EN": "Benin", "Population": 162034, "Total_bran": 0.0, "Country": "benin", "Filter": 1.0, "ISIBF_base": 0.044, "Latitude": 6.310311, "Longitude": 1.983474 }, "geometry": { "type": "Point", "coordinates": [ 1.983474, 6.310311 ] } },
{ "type": "Feature", "properties": { "ADM3_FR": "Ouidah", "ADM2_FR": "Ouidah", "ADM1_FR": "Atlantique", "ADM0_EN": "Benin", "Population": 162034, "Total_bran": 0.0, "Country": "benin", "Filter": 1.0, "ISIBF_base": 0.044, "Latitude": 6.330571, "Longitude": 2.080038 }, "geometry": { "type": "Point", "coordinates": [ 2.080038, 6.330571 ] } },
{ "type": "Feature", "properties": { "ADM3_FR": "Ouidah", "ADM2_FR": "Ouidah", "ADM1_FR": "Atlantique", "ADM0_EN": "Benin", "Population": 162034, "Total_bran": 0.0, "Country": "benin", "Filter": 1.0, "ISIBF_base": 0.044, "Latitude": 6.332216, "Longitude": 2.082705 }, "geometry": { "type": "Point", "coordinates": [ 2.082705, 6.332216 ] } },
{ "type": "Feature", "properties": { "ADM3_FR": "Ouidah", "ADM2_FR": "Ouidah", "ADM1_FR": "Atlantique", "ADM0_EN": "Benin", "Population": 162034, "Total_bran": 0.0, "Country": "benin", "Filter": 1.0, "ISIBF_base": 0.044, "Latitude": 6.310131, "Longitude": 1.998277 }, "geometry": { "type": "Point", "coordinates": [ 1.998277, 6.310131 ] } },
{ "type": "Feature", "properties": { "ADM3_FR": "Ouidah", "ADM2_FR": "Ouidah", "ADM1_FR": "Atlantique", "ADM0_EN": "Benin", "Population": 162034, "Total_bran": 0.0, "Country": "benin", "Filter": 1.0, "ISIBF_base": 0.044, "Latitude": 6.329307, "Longitude": 2.082185 }, "geometry": { "type": "Point", "coordinates": [ 2.082185, 6.329307 ] } },
{ "type": "Feature", "properties": { "ADM3_FR": "Ouidah", "ADM2_FR": "Ouidah", "ADM1_FR": "Atlantique", "ADM0_EN": "Benin", "Population": 162034, "Total_bran": 0.0, "Country": "benin", "Filter": 1.0, "ISIBF_base": 0.044, "Latitude": 6.316361, "Longitude": 2.036518 }, "geometry": { "type": "Point", "coordinates": [ 2.036518, 6.316361 ] } },
{ "type": "Feature", "properties": { "ADM3_FR": "Ouidah", "ADM2_FR": "Ouidah", "ADM1_FR": "Atlantique", "ADM0_EN": "Benin", "Population": 162034, "Total_bran": 0.0, "Country": "benin", "Filter": 1.0, "ISIBF_base": 0.044, "Latitude": 6.330415, "Longitude": 2.082929 }, "geometry": { "type": "Point", "coordinates": [ 2.082929, 6.330415 ] } },
{ "type": "Feature", "properties": { "ADM3_FR": "Ouidah", "ADM2_FR": "Ouidah", "ADM1_FR": "Atlantique", "ADM0_EN": "Benin", "Population": 162034, "Total_bran": 0.0, "Country": "benin", "Filter": 1.0, "ISIBF_base": 0.044, "Latitude": 6.311159, "Longitude": 2.012955 }, "geometry": { "type": "Point", "coordinates": [ 2.012955, 6.311159 ] } },
{ "type": "Feature", "properties": { "ADM3_FR": "Ouidah", "ADM2_FR": "Ouidah", "ADM1_FR": "Atlantique", "ADM0_EN": "Benin", "Population": 162034, "Total_bran": 0.0, "Country": "benin", "Filter": 1.0, "ISIBF_base": 0.044, "Latitude": 6.330984, "Longitude": 2.082404 }, "geometry": { "type": "Point", "coordinates": [ 2.082404, 6.330984 ] } },
{ "type": "Feature", "properties": { "ADM3_FR": "Ouidah", "ADM2_FR": "Ouidah", "ADM1_FR": "Atlantique", "ADM0_EN": "Benin", "Population": 162034, "Total_bran": 0.0, "Country": "benin", "Filter": 1.0, "ISIBF_base": 0.044, "Latitude": 6.324918, "Longitude": 2.062939 }, "geometry": { "type": "Point", "coordinates": [ 2.062939, 6.324918 ] } },
{ "type": "Feature", "properties": { "ADM3_FR": "Ouidah", "ADM2_FR": "Ouidah", "ADM1_FR": "Atlantique", "ADM0_EN": "Benin", "Population": 162034, "Total_bran": 0.0, "Country": "benin", "Filter": 1.0, "ISIBF_base": 0.044, "Latitude": 6.31107, "Longitude": 2.011921 }, "geometry": { "type": "Point", "coordinates": [ 2.011921, 6.31107 ] } },
{ "type": "Feature", "properties": { "ADM3_FR": "Ouidah", "ADM2_FR": "Ouidah", "ADM1_FR": "Atlantique", "ADM0_EN": "Benin", "Population": 162034, "Total_bran": 0.0, "Country": "benin", "Filter": 1.0, "ISIBF_base": 0.044, "Latitude": 6.330103, "Longitude": 2.082103 }, "geometry": { "type": "Point", "coordinates": [ 2.082103, 6.330103 ] } },
{ "type": "Feature", "properties": { "ADM3_FR": "Ouidah", "ADM2_FR": "Ouidah", "ADM1_FR": "Atlantique", "ADM0_EN": "Benin", "Population": 162034, "Total_bran": 0.0, "Country": "benin", "Filter": 1.0, "ISIBF_base": 0.044, "Latitude": 6.328452, "Longitude": 2.080797 }, "geometry": { "type": "Point", "coordinates": [ 2.080797, 6.328452 ] } },
{ "type": "Feature", "properties": { "ADM3_FR": "Toffo", "ADM2_FR": "Toffo", "ADM1_FR": "Atlantique", "ADM0_EN": "Benin", "Population": 101585, "Total_bran": 0.0, "Country": "benin", "Filter": 1.0, "ISIBF_base": 0.016, "Latitude": 6.850875, "Longitude": 2.17665 }, "geometry": { "type": "Point", "coordinates": [ 2.17665, 6.850875 ] } },
{ "type": "Feature", "properties": { "ADM3_FR": "Ze", "ADM2_FR": "Ze", "ADM1_FR": "Atlantique", "ADM0_EN": "Benin", "Population": 106913, "Total_bran": 0.0, "Country": "benin", "Filter": 1.0, "ISIBF_base": 0.021, "Latitude": 6.756384, "Longitude": 2.32246 }, "geometry": { "type": "Point", "coordinates": [ 2.32246, 6.756384 ] } },
{ "type": "Feature", "properties": { "ADM3_FR": "Perere", "ADM2_FR": "Perere", "ADM1_FR": "Borgou", "ADM0_EN": "Benin", "Population": 78988, "Total_bran": 0.0, "Country": "benin", "Filter": 1.0, "ISIBF_base": 0.004, "Latitude": 9.591649, "Longitude": 2.985783 }, "geometry": { "type": "Point", "coordinates": [ 2.985783, 9.591649 ] } },
{ "type": "Feature", "properties": { "ADM3_FR": "Sinende", "ADM2_FR": "Sinende", "ADM1_FR": "Borgou", "ADM0_EN": "Benin", "Population": 91672, "Total_bran": 0.0, "Country": "benin", "Filter": 1.0, "ISIBF_base": 0.002, "Latitude": 10.247066, "Longitude": 2.346393 }, "geometry": { "type": "Point", "coordinates": [ 2.346393, 10.247066 ] } },
{ "type": "Feature", "properties": { "ADM3_FR": "Tchaourou", "ADM2_FR": "Tchaourou", "ADM1_FR": "Borgou", "ADM0_EN": "Benin", "Population": 223138, "Total_bran": 0.0, "Country": "benin", "Filter": 1.0, "ISIBF_base": 0.056, "Latitude": 9.16169, "Longitude": 2.494565 }, "geometry": { "type": "Point", "coordinates": [ 2.494565, 9.16169 ] } },
{ "type": "Feature", "properties": { "ADM3_FR": "Bante", "ADM2_FR": "Bante", "ADM1_FR": "Collines", "ADM0_EN": "Benin", "Population": 107181, "Total_bran": 0.0, "Country": "benin", "Filter": 1.0, "ISIBF_base": 0.002, "Latitude": 8.33793, "Longitude": 1.867134 }, "geometry": { "type": "Point", "coordinates": [ 1.867134, 8.33793 ] } },
{ "type": "Feature", "properties": { "ADM3_FR": "Glazoue", "ADM2_FR": "Glazoue", "ADM1_FR": "Collines", "ADM0_EN": "Benin", "Population": 124431, "Total_bran": 1.0, "Country": "benin", "Filter": 1.0, "ISIBF_base": 0.182, "Latitude": 8.176927, "Longitude": 2.228957 }, "geometry": { "type": "Point", "coordinates": [ 2.228957, 8.176927 ] } },
{ "type": "Feature", "properties": { "ADM3_FR": "Ouesse", "ADM2_FR": "Ouesse", "ADM1_FR": "Collines", "ADM0_EN": "Benin", "Population": 142017, "Total_bran": 0.0, "Country": "benin", "Filter": 1.0, "ISIBF_base": 0.002, "Latitude": 8.523382, "Longitude": 2.485271 }, "geometry": { "type": "Point", "coordinates": [ 2.485271, 8.523382 ] } },
{ "type": "Feature", "properties": { "ADM3_FR": "Save", "ADM2_FR": "Save", "ADM1_FR": "Collines", "ADM0_EN": "Benin", "Population": 87177, "Total_bran": 1.0, "Country": "benin", "Filter": 1.0, "ISIBF_base": 0.182, "Latitude": 7.994993, "Longitude": 2.565964 }, "geometry": { "type": "Point", "coordinates": [ 2.494729299590737, 8.039798973756692 ] } },
{ "type": "Feature", "properties": { "ADM3_FR": "Aplahoue", "ADM2_FR": "Aplahoue", "ADM1_FR": "Couffo", "ADM0_EN": "Benin", "Population": 171109, "Total_bran": 1.0, "Country": "benin", "Filter": 1.0, "ISIBF_base": 0.199, "Latitude": 7.170161, "Longitude": 1.694059 }, "geometry": { "type": "Point", "coordinates": [ 1.694059, 7.170161 ] } },
{ "type": "Feature", "properties": { "ADM3_FR": "Klouekanme", "ADM2_FR": "Klouekanme", "ADM1_FR": "Couffo", "ADM0_EN": "Benin", "Population": 128597, "Total_bran": 0.0, "Country": "benin", "Filter": 1.0, "ISIBF_base": 0.077, "Latitude": 7.040312, "Longitude": 1.829273 }, "geometry": { "type": "Point", "coordinates": [ 1.829273, 7.040312 ] } },
{ "type": "Feature", "properties": { "ADM3_FR": "Lalo", "ADM2_FR": "Lalo", "ADM1_FR": "Couffo", "ADM0_EN": "Benin", "Population": 119926, "Total_bran": 0.0, "Country": "benin", "Filter": 1.0, "ISIBF_base": 0.04, "Latitude": 6.867402, "Longitude": 1.969703 }, "geometry": { "type": "Point", "coordinates": [ 1.969703, 6.867402 ] } },
{ "type": "Feature", "properties": { "ADM3_FR": "Toviklin", "ADM2_FR": "Toviklin", "ADM1_FR": "Couffo", "ADM0_EN": "Benin", "Population": 88611, "Total_bran": 0.0, "Country": "benin", "Filter": 1.0, "ISIBF_base": 0.056, "Latitude": 6.897723, "Longitude": 1.813835 }, "geometry": { "type": "Point", "coordinates": [ 1.835636819606138, 6.894529608537313 ] } },
{ "type": "Feature", "properties": { "ADM3_FR": "Ouake", "ADM2_FR": "Ouake", "ADM1_FR": "Donga", "ADM0_EN": "Benin", "Population": 74289, "Total_bran": 0.0, "Country": "benin", "Filter": 1.0, "ISIBF_base": 0.002, "Latitude": 9.590165, "Longitude": 1.438753 }, "geometry": { "type": "Point", "coordinates": [ 1.438753, 9.590165 ] } },
{ "type": "Feature", "properties": { "ADM3_FR": "Cotonou", "ADM2_FR": "Cotonou", "ADM1_FR": "Littoral", "ADM0_EN": "Benin", "Population": 679012, "Total_bran": 112.0, "Country": "benin", "Filter": 1.0, "ISIBF_base": 0.83, "Latitude": 6.3696, "Longitude": 2.399044 }, "geometry": { "type": "Point", "coordinates": [ 2.399044, 6.3696 ] } },
{ "type": "Feature", "properties": { "ADM3_FR": "Cotonou", "ADM2_FR": "Cotonou", "ADM1_FR": "Littoral", "ADM0_EN": "Benin", "Population": 679012, "Total_bran": 14.0, "Country": "benin", "Filter": 1.0, "ISIBF_base": 0.83, "Latitude": 6.368094, "Longitude": 2.462536 }, "geometry": { "type": "Point", "coordinates": [ 2.462536, 6.368094 ] } },
{ "type": "Feature", "properties": { "ADM3_FR": "Athieme", "ADM2_FR": "Athieme", "ADM1_FR": "Mono", "ADM0_EN": "Benin", "Population": 56483, "Total_bran": 0.0, "Country": "benin", "Filter": 1.0, "ISIBF_base": 0.122, "Latitude": 6.573296, "Longitude": 1.704715 }, "geometry": { "type": "Point", "coordinates": [ 1.704715, 6.573296 ] } },
{ "type": "Feature", "properties": { "ADM3_FR": "Bopa", "ADM2_FR": "Bopa", "ADM1_FR": "Mono", "ADM0_EN": "Benin", "Population": 96281, "Total_bran": 0.0, "Country": "benin", "Filter": 1.0, "ISIBF_base": 0.063, "Latitude": 6.66413, "Longitude": 1.930042 }, "geometry": { "type": "Point", "coordinates": [ 1.930042, 6.66413 ] } },
{ "type": "Feature", "properties": { "ADM3_FR": "Come", "ADM2_FR": "Come", "ADM1_FR": "Mono", "ADM0_EN": "Benin", "Population": 79989, "Total_bran": 1.0, "Country": "benin", "Filter": 1.0, "ISIBF_base": 0.193, "Latitude": 6.424559, "Longitude": 1.900686 }, "geometry": { "type": "Point", "coordinates": [ 1.900686, 6.424559 ] } },
{ "type": "Feature", "properties": { "ADM3_FR": "Houeyogbe", "ADM2_FR": "Houeyogbe", "ADM1_FR": "Mono", "ADM0_EN": "Benin", "Population": 101893, "Total_bran": 0.0, "Country": "benin", "Filter": 1.0, "ISIBF_base": 0.1, "Latitude": 6.548002, "Longitude": 1.847148 }, "geometry": { "type": "Point", "coordinates": [ 1.847148, 6.548002 ] } },
{ "type": "Feature", "properties": { "ADM3_FR": "Lokossa", "ADM2_FR": "Lokossa", "ADM1_FR": "Mono", "ADM0_EN": "Benin", "Population": 104961, "Total_bran": 4.0, "Country": "benin", "Filter": 1.0, "ISIBF_base": 0.423, "Latitude": 6.687856, "Longitude": 1.741069 }, "geometry": { "type": "Point", "coordinates": [ 1.741069, 6.687856 ] } },
{ "type": "Feature", "properties": { "ADM3_FR": "Adjohoun", "ADM2_FR": "Adjohoun", "ADM1_FR": "Oueme", "ADM0_EN": "Benin", "Population": 75323, "Total_bran": 0.0, "Country": "benin", "Filter": 1.0, "ISIBF_base": 0.073, "Latitude": 6.707174, "Longitude": 2.496367 }, "geometry": { "type": "Point", "coordinates": [ 2.484481129567414, 6.710780925264583 ] } },
{ "type": "Feature", "properties": { "ADM3_FR": "Avrankou", "ADM2_FR": "Avrankou", "ADM1_FR": "Oueme", "ADM0_EN": "Benin", "Population": 128050, "Total_bran": 0.0, "Country": "benin", "Filter": 1.0, "ISIBF_base": 0.378, "Latitude": 6.565954, "Longitude": 2.647815 }, "geometry": { "type": "Point", "coordinates": [ 2.647815, 6.565954 ] } },
{ "type": "Feature", "properties": { "ADM3_FR": "Bonou", "ADM2_FR": "Bonou", "ADM1_FR": "Oueme", "ADM0_EN": "Benin", "Population": 44349, "Total_bran": 0.0, "Country": "benin", "Filter": 1.0, "ISIBF_base": 0.007, "Latitude": 6.868291, "Longitude": 2.479091 }, "geometry": { "type": "Point", "coordinates": [ 2.479091, 6.868291 ] } },
{ "type": "Feature", "properties": { "ADM3_FR": "Dangbo", "ADM2_FR": "Dangbo", "ADM1_FR": "Oueme", "ADM0_EN": "Benin", "Population": 96426, "Total_bran": 0.0, "Country": "benin", "Filter": 1.0, "ISIBF_base": 0.248, "Latitude": 6.577716, "Longitude": 2.497665 }, "geometry": { "type": "Point", "coordinates": [ 2.497665, 6.577716 ] } },
{ "type": "Feature", "properties": { "ADM3_FR": "Ifangni", "ADM2_FR": "Ifangni", "ADM1_FR": "Plateau", "ADM0_EN": "Benin", "Population": 110973, "Total_bran": 0.0, "Country": "benin", "Filter": 1.0, "ISIBF_base": 0.119, "Latitude": 6.648552, "Longitude": 2.71811 }, "geometry": { "type": "Point", "coordinates": [ 2.71811, 6.648552 ] } },
{ "type": "Feature", "properties": { "ADM3_FR": "Sakete", "ADM2_FR": "Sakete", "ADM1_FR": "Plateau", "ADM0_EN": "Benin", "Population": 114088, "Total_bran": 0.0, "Country": "benin", "Filter": 1.0, "ISIBF_base": 0.037, "Latitude": 6.774215, "Longitude": 2.651804 }, "geometry": { "type": "Point", "coordinates": [ 2.651804, 6.774215 ] } },
{ "type": "Feature", "properties": { "ADM3_FR": "Abomey", "ADM2_FR": "Abomey", "ADM1_FR": "Zou", "ADM0_EN": "Benin", "Population": 92266, "Total_bran": 2.0, "Country": "benin", "Filter": 1.0, "ISIBF_base": 0.413, "Latitude": 7.188625, "Longitude": 1.970198 }, "geometry": { "type": "Point", "coordinates": [ 1.970198, 7.188625 ] } },
{ "type": "Feature", "properties": { "ADM3_FR": "Agbangnizoun", "ADM2_FR": "Agbangnizoun", "ADM1_FR": "Zou", "ADM0_EN": "Benin", "Population": 72549, "Total_bran": 0.0, "Country": "benin", "Filter": 1.0, "ISIBF_base": 0.181, "Latitude": 7.090482, "Longitude": 1.95458 }, "geometry": { "type": "Point", "coordinates": [ 1.95458, 7.090482 ] } },
{ "type": "Feature", "properties": { "ADM3_FR": "Bohicon", "ADM2_FR": "Bohicon", "ADM1_FR": "Zou", "ADM0_EN": "Benin", "Population": 171781, "Total_bran": 6.0, "Country": "benin", "Filter": 1.0, "ISIBF_base": 0.573, "Latitude": 7.177201, "Longitude": 2.099694 }, "geometry": { "type": "Point", "coordinates": [ 2.099694, 7.177201 ] } },
{ "type": "Feature", "properties": { "ADM3_FR": "Cove", "ADM2_FR": "Cove", "ADM1_FR": "Zou", "ADM0_EN": "Benin", "Population": 51247, "Total_bran": 0.0, "Country": "benin", "Filter": 1.0, "ISIBF_base": 0.04, "Latitude": 7.338364, "Longitude": 2.282382 }, "geometry": { "type": "Point", "coordinates": [ 2.282382, 7.338364 ] } },
{ "type": "Feature", "properties": { "ADM3_FR": "Djidja", "ADM2_FR": "Djidja", "ADM1_FR": "Zou", "ADM0_EN": "Benin", "Population": 123542, "Total_bran": 0.0, "Country": "benin", "Filter": 1.0, "ISIBF_base": 0.037, "Latitude": 7.439108, "Longitude": 1.923194 }, "geometry": { "type": "Point", "coordinates": [ 1.935087925040713, 7.344340631171431 ] } },
{ "type": "Feature", "properties": { "ADM3_FR": "Ouinhi", "ADM2_FR": "Ouinhi", "ADM1_FR": "Zou", "ADM0_EN": "Benin", "Population": 59381, "Total_bran": 0.0, "Country": "benin", "Filter": 1.0, "ISIBF_base": 0.007, "Latitude": 7.068574, "Longitude": 2.475237 }, "geometry": { "type": "Point", "coordinates": [ 2.51135149813244, 7.0911518213126 ] } },
{ "type": "Feature", "properties": { "ADM3_FR": "Zogbodomey", "ADM2_FR": "Zogbodomey", "ADM1_FR": "Zou", "ADM0_EN": "Benin", "Population": 92935, "Total_bran": 0.0, "Country": "benin", "Filter": 1.0, "ISIBF_base": 0.088, "Latitude": 7.022605, "Longitude": 2.180692 }, "geometry": { "type": "Point", "coordinates": [ 2.180692, 7.022605 ] } },
{ "type": "Feature", "properties": { "ADM3_FR": "Aguegues", "ADM2_FR": "Aguegues", "ADM1_FR": "Oueme", "ADM0_EN": "Benin", "Population": 44562, "Total_bran": 0.0, "Country": "benin", "Filter": 1.0, "ISIBF_base": 0.604, "Latitude": 6.484427, "Longitude": 2.54328 }, "geometry": { "type": "Point", "coordinates": [ 2.54328, 6.484427 ] } },
{ "type": "Feature", "properties": { "ADM3_FR": "Aguegues", "ADM2_FR": "Aguegues", "ADM1_FR": "Oueme", "ADM0_EN": "Benin", "Population": 44562, "Total_bran": 0.0, "Country": "benin", "Filter": 1.0, "ISIBF_base": 0.604, "Latitude": 6.47062, "Longitude": 2.518003 }, "geometry": { "type": "Point", "coordinates": [ 2.518003, 6.47062 ] } },
{ "type": "Feature", "properties": { "ADM3_FR": "Aguegues", "ADM2_FR": "Aguegues", "ADM1_FR": "Oueme", "ADM0_EN": "Benin", "Population": 44562, "Total_bran": 0.0, "Country": "benin", "Filter": 1.0, "ISIBF_base": 0.604, "Latitude": 6.474405, "Longitude": 2.509564 }, "geometry": { "type": "Point", "coordinates": [ 2.509564, 6.474405 ] } },
{ "type": "Feature", "properties": { "ADM3_FR": "Aguegues", "ADM2_FR": "Aguegues", "ADM1_FR": "Oueme", "ADM0_EN": "Benin", "Population": 44562, "Total_bran": 0.0, "Country": "benin", "Filter": 1.0, "ISIBF_base": 0.604, "Latitude": 6.489784, "Longitude": 2.505395 }, "geometry": { "type": "Point", "coordinates": [ 2.505395, 6.489784 ] } },
{ "type": "Feature", "properties": { "ADM3_FR": "Aguegues", "ADM2_FR": "Aguegues", "ADM1_FR": "Oueme", "ADM0_EN": "Benin", "Population": 44562, "Total_bran": 0.0, "Country": "benin", "Filter": 1.0, "ISIBF_base": 0.604, "Latitude": 6.480754, "Longitude": 2.498445 }, "geometry": { "type": "Point", "coordinates": [ 2.498445, 6.480754 ] } },
{ "type": "Feature", "properties": { "ADM3_FR": "Boukoumbe", "ADM2_FR": "Boukoumbe", "ADM1_FR": "Atakora", "ADM0_EN": "Benin", "Population": 82450, "Total_bran": 0.0, "Country": "benin", "Filter": 1.0, "ISIBF_base": 0.014, "Latitude": 10.250318, "Longitude": 1.133727 }, "geometry": { "type": "Point", "coordinates": [ 1.133727, 10.250318 ] } },
{ "type": "Feature", "properties": { "ADM3_FR": "Toukountouna", "ADM2_FR": "Toukountouna", "ADM1_FR": "Atakora", "ADM0_EN": "Benin", "Population": 39779, "Total_bran": 0.0, "Country": "benin", "Filter": 1.0, "ISIBF_base": 0.012, "Latitude": 10.525229, "Longitude": 1.464263 }, "geometry": { "type": "Point", "coordinates": [ 1.464263, 10.525229 ] } },
{ "type": "Feature", "properties": { "ADM3_FR": "Abomey-calavi", "ADM2_FR": "Abomey-calavi", "ADM1_FR": "Atlantique", "ADM0_EN": "Benin", "Population": 656358, "Total_bran": 14.0, "Country": "benin", "Filter": 1.0, "ISIBF_base": 0.166, "Latitude": 6.502492, "Longitude": 2.31992 }, "geometry": { "type": "Point", "coordinates": [ 2.31992, 6.502492 ] } },
{ "type": "Feature", "properties": { "ADM3_FR": "Abomey-calavi", "ADM2_FR": "Abomey-calavi", "ADM1_FR": "Atlantique", "ADM0_EN": "Benin", "Population": 656358, "Total_bran": 0.0, "Country": "benin", "Filter": 1.0, "ISIBF_base": 0.166, "Latitude": 6.464189, "Longitude": 2.376108 }, "geometry": { "type": "Point", "coordinates": [ 2.376108, 6.464189 ] } },
{ "type": "Feature", "properties": { "ADM3_FR": "Abomey-calavi", "ADM2_FR": "Abomey-calavi", "ADM1_FR": "Atlantique", "ADM0_EN": "Benin", "Population": 656358, "Total_bran": 0.0, "Country": "benin", "Filter": 1.0, "ISIBF_base": 0.166, "Latitude": 6.466896, "Longitude": 2.378299 }, "geometry": { "type": "Point", "coordinates": [ 2.378299, 6.466896 ] } },
{ "type": "Feature", "properties": { "ADM3_FR": "Abomey-calavi", "ADM2_FR": "Abomey-calavi", "ADM1_FR": "Atlantique", "ADM0_EN": "Benin", "Population": 656358, "Total_bran": 0.0, "Country": "benin", "Filter": 1.0, "ISIBF_base": 0.166, "Latitude": 6.470698, "Longitude": 2.376665 }, "geometry": { "type": "Point", "coordinates": [ 2.376665, 6.470698 ] } },
{ "type": "Feature", "properties": { "ADM3_FR": "Abomey-calavi", "ADM2_FR": "Abomey-calavi", "ADM1_FR": "Atlantique", "ADM0_EN": "Benin", "Population": 656358, "Total_bran": 0.0, "Country": "benin", "Filter": 1.0, "ISIBF_base": 0.166, "Latitude": 6.466285, "Longitude": 2.378682 }, "geometry": { "type": "Point", "coordinates": [ 2.378682, 6.466285 ] } },
{ "type": "Feature", "properties": { "ADM3_FR": "So-ava", "ADM2_FR": "So-ava", "ADM1_FR": "Atlantique", "ADM0_EN": "Benin", "Population": 118547, "Total_bran": 0.0, "Country": "benin", "Filter": 1.0, "ISIBF_base": 0.255, "Latitude": 6.46825, "Longitude": 2.393718 }, "geometry": { "type": "Point", "coordinates": [ 2.400172438956365, 6.494880335906905 ] } },
{ "type": "Feature", "properties": { "ADM3_FR": "Tori-bossito", "ADM2_FR": "Tori-bossito", "ADM1_FR": "Atlantique", "ADM0_EN": "Benin", "Population": 57632, "Total_bran": 0.0, "Country": "benin", "Filter": 1.0, "ISIBF_base": 0.034, "Latitude": 6.539704, "Longitude": 2.149111 }, "geometry": { "type": "Point", "coordinates": [ 2.149111, 6.539704 ] } },
{ "type": "Feature", "properties": { "ADM3_FR": "Ndali", "ADM2_FR": "Ndali", "ADM1_FR": "Borgou", "ADM0_EN": "Benin", "Population": 113604, "Total_bran": 0.0, "Country": "benin", "Filter": 1.0, "ISIBF_base": 0.007, "Latitude": 9.724711, "Longitude": 2.466899 }, "geometry": { "type": "Point", "coordinates": [ 2.466899, 9.724711 ] } },
{ "type": "Feature", "properties": { "ADM3_FR": "Dassa", "ADM2_FR": "Dassa", "ADM1_FR": "Collines", "ADM0_EN": "Benin", "Population": 132533, "Total_bran": 0.0, "Country": "benin", "Filter": 1.0, "ISIBF_base": 0.003, "Latitude": 7.696804, "Longitude": 2.268602 }, "geometry": { "type": "Point", "coordinates": [ 2.183558367121463, 7.780529053739386 ] } },
{ "type": "Feature", "properties": { "ADM3_FR": "Djakotome", "ADM2_FR": "Djakotome", "ADM1_FR": "Couffo", "ADM0_EN": "Benin", "Population": 134028, "Total_bran": 0.0, "Country": "benin", "Filter": 1.0, "ISIBF_base": 0.063, "Latitude": 6.863512, "Longitude": 1.687647 }, "geometry": { "type": "Point", "coordinates": [ 1.687647, 6.863512 ] } },
{ "type": "Feature", "properties": { "ADM3_FR": "Dogbo-tota", "ADM2_FR": "Dogbo-tota", "ADM1_FR": "Couffo", "ADM0_EN": "Benin", "Population": 103057, "Total_bran": 0.0, "Country": "benin", "Filter": 1.0, "ISIBF_base": 0.157, "Latitude": 6.778245, "Longitude": 1.752727 }, "geometry": { "type": "Point", "coordinates": [ 1.752727, 6.778245 ] } },
{ "type": "Feature", "properties": { "ADM3_FR": "Kopargo", "ADM2_FR": "Kopargo", "ADM1_FR": "Donga", "ADM0_EN": "Benin", "Population": 70938, "Total_bran": 0.0, "Country": "benin", "Filter": 1.0, "ISIBF_base": 0.007, "Latitude": 9.872806, "Longitude": 1.54338 }, "geometry": { "type": "Point", "coordinates": [ 1.54338, 9.872806 ] } },
{ "type": "Feature", "properties": { "ADM3_FR": "Grand-popo", "ADM2_FR": "Grand-popo", "ADM1_FR": "Mono", "ADM0_EN": "Benin", "Population": 57636, "Total_bran": 3.0, "Country": "benin", "Filter": 1.0, "ISIBF_base": 0.069, "Latitude": 6.352772, "Longitude": 1.831838 }, "geometry": { "type": "Point", "coordinates": [ 1.831838, 6.352772 ] } },
{ "type": "Feature", "properties": { "ADM3_FR": "Grand-popo", "ADM2_FR": "Grand-popo", "ADM1_FR": "Mono", "ADM0_EN": "Benin", "Population": 57636, "Total_bran": 0.0, "Country": "benin", "Filter": 1.0, "ISIBF_base": 0.069, "Latitude": 6.299608, "Longitude": 1.950406 }, "geometry": { "type": "Point", "coordinates": [ 1.950406, 6.299608 ] } },
{ "type": "Feature", "properties": { "ADM3_FR": "Grand-popo", "ADM2_FR": "Grand-popo", "ADM1_FR": "Mono", "ADM0_EN": "Benin", "Population": 57636, "Total_bran": 0.0, "Country": "benin", "Filter": 1.0, "ISIBF_base": 0.069, "Latitude": 6.304835, "Longitude": 1.967216 }, "geometry": { "type": "Point", "coordinates": [ 1.967216, 6.304835 ] } },
{ "type": "Feature", "properties": { "ADM3_FR": "Grand-popo", "ADM2_FR": "Grand-popo", "ADM1_FR": "Mono", "ADM0_EN": "Benin", "Population": 57636, "Total_bran": 0.0, "Country": "benin", "Filter": 1.0, "ISIBF_base": 0.069, "Latitude": 6.309641, "Longitude": 1.923033 }, "geometry": { "type": "Point", "coordinates": [ 1.923033, 6.309641 ] } },
{ "type": "Feature", "properties": { "ADM3_FR": "Grand-popo", "ADM2_FR": "Grand-popo", "ADM1_FR": "Mono", "ADM0_EN": "Benin", "Population": 57636, "Total_bran": 0.0, "Country": "benin", "Filter": 1.0, "ISIBF_base": 0.069, "Latitude": 6.295497, "Longitude": 1.922381 }, "geometry": { "type": "Point", "coordinates": [ 1.922381, 6.295497 ] } },
{ "type": "Feature", "properties": { "ADM3_FR": "Grand-popo", "ADM2_FR": "Grand-popo", "ADM1_FR": "Mono", "ADM0_EN": "Benin", "Population": 57636, "Total_bran": 0.0, "Country": "benin", "Filter": 1.0, "ISIBF_base": 0.069, "Latitude": 6.289765, "Longitude": 1.855934 }, "geometry": { "type": "Point", "coordinates": [ 1.855934, 6.289765 ] } },
{ "type": "Feature", "properties": { "ADM3_FR": "Grand-popo", "ADM2_FR": "Grand-popo", "ADM1_FR": "Mono", "ADM0_EN": "Benin", "Population": 57636, "Total_bran": 0.0, "Country": "benin", "Filter": 1.0, "ISIBF_base": 0.069, "Latitude": 6.304925, "Longitude": 1.941271 }, "geometry": { "type": "Point", "coordinates": [ 1.941271, 6.304925 ] } },
{ "type": "Feature", "properties": { "ADM3_FR": "Grand-popo", "ADM2_FR": "Grand-popo", "ADM1_FR": "Mono", "ADM0_EN": "Benin", "Population": 57636, "Total_bran": 0.0, "Country": "benin", "Filter": 1.0, "ISIBF_base": 0.069, "Latitude": 6.301116, "Longitude": 1.923542 }, "geometry": { "type": "Point", "coordinates": [ 1.923542, 6.301116 ] } },
{ "type": "Feature", "properties": { "ADM3_FR": "Grand-popo", "ADM2_FR": "Grand-popo", "ADM1_FR": "Mono", "ADM0_EN": "Benin", "Population": 57636, "Total_bran": 0.0, "Country": "benin", "Filter": 1.0, "ISIBF_base": 0.069, "Latitude": 6.308124, "Longitude": 1.913278 }, "geometry": { "type": "Point", "coordinates": [ 1.913278, 6.308124 ] } },
{ "type": "Feature", "properties": { "ADM3_FR": "Grand-popo", "ADM2_FR": "Grand-popo", "ADM1_FR": "Mono", "ADM0_EN": "Benin", "Population": 57636, "Total_bran": 0.0, "Country": "benin", "Filter": 1.0, "ISIBF_base": 0.069, "Latitude": 6.309873, "Longitude": 1.903514 }, "geometry": { "type": "Point", "coordinates": [ 1.903514, 6.309873 ] } },
{ "type": "Feature", "properties": { "ADM3_FR": "Grand-popo", "ADM2_FR": "Grand-popo", "ADM1_FR": "Mono", "ADM0_EN": "Benin", "Population": 57636, "Total_bran": 0.0, "Country": "benin", "Filter": 1.0, "ISIBF_base": 0.069, "Latitude": 6.306338, "Longitude": 1.910968 }, "geometry": { "type": "Point", "coordinates": [ 1.910968, 6.306338 ] } },
{ "type": "Feature", "properties": { "ADM3_FR": "Grand-popo", "ADM2_FR": "Grand-popo", "ADM1_FR": "Mono", "ADM0_EN": "Benin", "Population": 57636, "Total_bran": 0.0, "Country": "benin", "Filter": 1.0, "ISIBF_base": 0.069, "Latitude": 6.296371, "Longitude": 1.895128 }, "geometry": { "type": "Point", "coordinates": [ 1.895128, 6.296371 ] } },
{ "type": "Feature", "properties": { "ADM3_FR": "Grand-popo", "ADM2_FR": "Grand-popo", "ADM1_FR": "Mono", "ADM0_EN": "Benin", "Population": 57636, "Total_bran": 0.0, "Country": "benin", "Filter": 1.0, "ISIBF_base": 0.069, "Latitude": 6.291419, "Longitude": 1.886156 }, "geometry": { "type": "Point", "coordinates": [ 1.886156, 6.291419 ] } },
{ "type": "Feature", "properties": { "ADM3_FR": "Grand-popo", "ADM2_FR": "Grand-popo", "ADM1_FR": "Mono", "ADM0_EN": "Benin", "Population": 57636, "Total_bran": 0.0, "Country": "benin", "Filter": 1.0, "ISIBF_base": 0.069, "Latitude": 6.309674, "Longitude": 1.893991 }, "geometry": { "type": "Point", "coordinates": [ 1.893991, 6.309674 ] } },
{ "type": "Feature", "properties": { "ADM3_FR": "Grand-popo", "ADM2_FR": "Grand-popo", "ADM1_FR": "Mono", "ADM0_EN": "Benin", "Population": 57636, "Total_bran": 0.0, "Country": "benin", "Filter": 1.0, "ISIBF_base": 0.069, "Latitude": 6.299724, "Longitude": 1.900021 }, "geometry": { "type": "Point", "coordinates": [ 1.900021, 6.299724 ] } },
{ "type": "Feature", "properties": { "ADM3_FR": "Grand-popo", "ADM2_FR": "Grand-popo", "ADM1_FR": "Mono", "ADM0_EN": "Benin", "Population": 57636, "Total_bran": 0.0, "Country": "benin", "Filter": 1.0, "ISIBF_base": 0.069, "Latitude": 6.290069, "Longitude": 1.871028 }, "geometry": { "type": "Point", "coordinates": [ 1.871028, 6.290069 ] } },
{ "type": "Feature", "properties": { "ADM3_FR": "Grand-popo", "ADM2_FR": "Grand-popo", "ADM1_FR": "Mono", "ADM0_EN": "Benin", "Population": 57636, "Total_bran": 0.0, "Country": "benin", "Filter": 1.0, "ISIBF_base": 0.069, "Latitude": 6.313819, "Longitude": 1.912345 }, "geometry": { "type": "Point", "coordinates": [ 1.912345, 6.313819 ] } },
{ "type": "Feature", "properties": { "ADM3_FR": "Grand-popo", "ADM2_FR": "Grand-popo", "ADM1_FR": "Mono", "ADM0_EN": "Benin", "Population": 57636, "Total_bran": 0.0, "Country": "benin", "Filter": 1.0, "ISIBF_base": 0.069, "Latitude": 6.303607, "Longitude": 1.94564 }, "geometry": { "type": "Point", "coordinates": [ 1.94564, 6.303607 ] } },
{ "type": "Feature", "properties": { "ADM3_FR": "Grand-popo", "ADM2_FR": "Grand-popo", "ADM1_FR": "Mono", "ADM0_EN": "Benin", "Population": 57636, "Total_bran": 0.0, "Country": "benin", "Filter": 1.0, "ISIBF_base": 0.069, "Latitude": 6.29129, "Longitude": 1.883406 }, "geometry": { "type": "Point", "coordinates": [ 1.883406, 6.29129 ] } },
{ "type": "Feature", "properties": { "ADM3_FR": "Grand-popo", "ADM2_FR": "Grand-popo", "ADM1_FR": "Mono", "ADM0_EN": "Benin", "Population": 57636, "Total_bran": 0.0, "Country": "benin", "Filter": 1.0, "ISIBF_base": 0.069, "Latitude": 6.296186, "Longitude": 1.904384 }, "geometry": { "type": "Point", "coordinates": [ 1.904384, 6.296186 ] } },
{ "type": "Feature", "properties": { "ADM3_FR": "Grand-popo", "ADM2_FR": "Grand-popo", "ADM1_FR": "Mono", "ADM0_EN": "Benin", "Population": 57636, "Total_bran": 0.0, "Country": "benin", "Filter": 1.0, "ISIBF_base": 0.069, "Latitude": 6.298845, "Longitude": 1.916895 }, "geometry": { "type": "Point", "coordinates": [ 1.916895, 6.298845 ] } },
{ "type": "Feature", "properties": { "ADM3_FR": "Grand-popo", "ADM2_FR": "Grand-popo", "ADM1_FR": "Mono", "ADM0_EN": "Benin", "Population": 57636, "Total_bran": 0.0, "Country": "benin", "Filter": 1.0, "ISIBF_base": 0.069, "Latitude": 6.289174, "Longitude": 1.863369 }, "geometry": { "type": "Point", "coordinates": [ 1.863369, 6.289174 ] } },
{ "type": "Feature", "properties": { "ADM3_FR": "Grand-popo", "ADM2_FR": "Grand-popo", "ADM1_FR": "Mono", "ADM0_EN": "Benin", "Population": 57636, "Total_bran": 0.0, "Country": "benin", "Filter": 1.0, "ISIBF_base": 0.069, "Latitude": 6.302996, "Longitude": 1.906757 }, "geometry": { "type": "Point", "coordinates": [ 1.906757, 6.302996 ] } },
{ "type": "Feature", "properties": { "ADM3_FR": "Grand-popo", "ADM2_FR": "Grand-popo", "ADM1_FR": "Mono", "ADM0_EN": "Benin", "Population": 57636, "Total_bran": 0.0, "Country": "benin", "Filter": 1.0, "ISIBF_base": 0.069, "Latitude": 6.301959, "Longitude": 1.909078 }, "geometry": { "type": "Point", "coordinates": [ 1.909078, 6.301959 ] } },
{ "type": "Feature", "properties": { "ADM3_FR": "Grand-popo", "ADM2_FR": "Grand-popo", "ADM1_FR": "Mono", "ADM0_EN": "Benin", "Population": 57636, "Total_bran": 0.0, "Country": "benin", "Filter": 1.0, "ISIBF_base": 0.069, "Latitude": 6.313513, "Longitude": 1.89463 }, "geometry": { "type": "Point", "coordinates": [ 1.89463, 6.313513 ] } },
{ "type": "Feature", "properties": { "ADM3_FR": "Grand-popo", "ADM2_FR": "Grand-popo", "ADM1_FR": "Mono", "ADM0_EN": "Benin", "Population": 57636, "Total_bran": 0.0, "Country": "benin", "Filter": 1.0, "ISIBF_base": 0.069, "Latitude": 6.292306, "Longitude": 1.88858 }, "geometry": { "type": "Point", "coordinates": [ 1.88858, 6.292306 ] } },
{ "type": "Feature", "properties": { "ADM3_FR": "Adjara", "ADM2_FR": "Adjara", "ADM1_FR": "Oueme", "ADM0_EN": "Benin", "Population": 97424, "Total_bran": 0.0, "Country": "benin", "Filter": 1.0, "ISIBF_base": 0.552, "Latitude": 6.48566, "Longitude": 2.681312 }, "geometry": { "type": "Point", "coordinates": [ 2.681312, 6.48566 ] } },
{ "type": "Feature", "properties": { "ADM3_FR": "Akpro-misserete", "ADM2_FR": "Akpro-misserete", "ADM1_FR": "Oueme", "ADM0_EN": "Benin", "Population": 127249, "Total_bran": 0.0, "Country": "benin", "Filter": 1.0, "ISIBF_base": 0.364, "Latitude": 6.573969, "Longitude": 2.589073 }, "geometry": { "type": "Point", "coordinates": [ 2.589073, 6.573969 ] } },
{ "type": "Feature", "properties": { "ADM3_FR": "Porto-novo", "ADM2_FR": "Porto-novo", "ADM1_FR": "Oueme", "ADM0_EN": "Benin", "Population": 264320, "Total_bran": 13.0, "Country": "benin", "Filter": 1.0, "ISIBF_base": 0.989, "Latitude": 6.482279, "Longitude": 2.620619 }, "geometry": { "type": "Point", "coordinates": [ 2.620619, 6.482279 ] } },
{ "type": "Feature", "properties": { "ADM3_FR": "Seme-kpodji", "ADM2_FR": "Seme-kpodji", "ADM1_FR": "Oueme", "ADM0_EN": "Benin", "Population": 222701, "Total_bran": 11.0, "Country": "benin", "Filter": 1.0, "ISIBF_base": 1.0, "Latitude": 6.401225, "Longitude": 2.599572 }, "geometry": { "type": "Point", "coordinates": [ 2.599572, 6.401225 ] } },
{ "type": "Feature", "properties": { "ADM3_FR": "Za-kpota", "ADM2_FR": "Za-kpota", "ADM1_FR": "Zou", "ADM0_EN": "Benin", "Population": 132818, "Total_bran": 0.0, "Country": "benin", "Filter": 1.0, "ISIBF_base": 0.165, "Latitude": 7.233683, "Longitude": 2.198512 }, "geometry": { "type": "Point", "coordinates": [ 2.198512, 7.233683 ] } },
{ "type": "Feature", "properties": { "ADM3_FR": "Zangnanado", "ADM2_FR": "Zangnanado", "ADM1_FR": "Zou", "ADM0_EN": "Benin", "Population": 55061, "Total_bran": 0.0, "Country": "benin", "Filter": 1.0, "ISIBF_base": 0.019, "Latitude": 7.273219, "Longitude": 2.393759 }, "geometry": { "type": "Point", "coordinates": [ 2.393759, 7.273219 ] } },
{ "type": "Feature", "properties": { "ADM3_FR": "Ambsouya", "ADM2_FR": "Oubritenga", "ADM1_FR": "Plateau-Central", "ADM0_EN": "Burkina Faso", "Population": 35237, "Total_bran": 0.0, "Country": "burkina", "Filter": 1.0, "ISIBF_base": 0.006, "Latitude": 12.58364, "Longitude": -0.993621 }, "geometry": { "type": "Point", "coordinates": [ -1.051493445005619, 12.642052156572825 ] } },
{ "type": "Feature", "properties": { "ADM3_FR": "Andemtenga", "ADM2_FR": "Kourittenga", "ADM1_FR": "Centre-Est", "ADM0_EN": "Burkina Faso", "Population": 69428, "Total_bran": 0.0, "Country": "burkina", "Filter": 1.0, "ISIBF_base": 0.078, "Latitude": 12.380933, "Longitude": -0.286198 }, "geometry": { "type": "Point", "coordinates": [ -0.286198, 12.380933 ] } },
{ "type": "Feature", "properties": { "ADM3_FR": "Arbollé", "ADM2_FR": "Passoré", "ADM1_FR": "Nord", "ADM0_EN": "Burkina Faso", "Population": 60270, "Total_bran": 0.0, "Country": "burkina", "Filter": 1.0, "ISIBF_base": 0.01, "Latitude": 12.840475, "Longitude": -2.019413 }, "geometry": { "type": "Point", "coordinates": [ -2.019413, 12.840475 ] } },
{ "type": "Feature", "properties": { "ADM3_FR": "Bagaré", "ADM2_FR": "Passoré", "ADM1_FR": "Nord", "ADM0_EN": "Burkina Faso", "Population": 33334, "Total_bran": 0.0, "Country": "burkina", "Filter": 1.0, "ISIBF_base": 0.008, "Latitude": 12.890953, "Longitude": -2.635513 }, "geometry": { "type": "Point", "coordinates": [ -2.635513, 12.890953 ] } },
{ "type": "Feature", "properties": { "ADM3_FR": "Bagassi", "ADM2_FR": "Balé", "ADM1_FR": "Boucle du Mouhoun", "ADM0_EN": "Burkina Faso", "Population": 42424, "Total_bran": 0.0, "Country": "burkina", "Filter": 1.0, "ISIBF_base": 0.013, "Latitude": 11.743426, "Longitude": -3.262694 }, "geometry": { "type": "Point", "coordinates": [ -3.262694, 11.743426 ] } },
{ "type": "Feature", "properties": { "ADM3_FR": "Bagré", "ADM2_FR": "Boulgou", "ADM1_FR": "Centre-Est", "ADM0_EN": "Burkina Faso", "Population": 37855, "Total_bran": 1.0, "Country": "burkina", "Filter": 1.0, "ISIBF_base": 0.163, "Latitude": 11.520276, "Longitude": -0.473839 }, "geometry": { "type": "Point", "coordinates": [ -0.473839, 11.520276 ] } },
{ "type": "Feature", "properties": { "ADM3_FR": "Balavé", "ADM2_FR": "Banwa", "ADM1_FR": "Boucle du Mouhoun", "ADM0_EN": "Burkina Faso", "Population": 24103, "Total_bran": 0.0, "Country": "burkina", "Filter": 1.0, "ISIBF_base": 0.02, "Latitude": 12.380074, "Longitude": -4.195002 }, "geometry": { "type": "Point", "coordinates": [ -4.195002, 12.380074 ] } },
{ "type": "Feature", "properties": { "ADM3_FR": "Bama", "ADM2_FR": "Houet", "ADM1_FR": "Hauts-Bassins", "ADM0_EN": "Burkina Faso", "Population": 85834, "Total_bran": 0.0, "Country": "burkina", "Filter": 1.0, "ISIBF_base": 0.03, "Latitude": 11.432131, "Longitude": -4.395763 }, "geometry": { "type": "Point", "coordinates": [ -4.395763, 11.432131 ] } },
{ "type": "Feature", "properties": { "ADM3_FR": "Bana", "ADM2_FR": "Balé", "ADM1_FR": "Boucle du Mouhoun", "ADM0_EN": "Burkina Faso", "Population": 37915, "Total_bran": 0.0, "Country": "burkina", "Filter": 1.0, "ISIBF_base": 0.0, "Latitude": 11.943878, "Longitude": -3.406062 }, "geometry": { "type": "Point", "coordinates": [ -3.406062, 11.943878 ] } },
{ "type": "Feature", "properties": { "ADM3_FR": "Bané", "ADM2_FR": "Boulgou", "ADM1_FR": "Centre-Est", "ADM0_EN": "Burkina Faso", "Population": 34507, "Total_bran": 0.0, "Country": "burkina", "Filter": 1.0, "ISIBF_base": 0.052, "Latitude": 11.521292, "Longitude": -0.281776 }, "geometry": { "type": "Point", "coordinates": [ -0.332813165563458, 11.574987578703457 ] } },
{ "type": "Feature", "properties": { "ADM3_FR": "Banfora", "ADM2_FR": "Comoé", "ADM1_FR": "Cascades", "ADM0_EN": "Burkina Faso", "Population": 160302, "Total_bran": 8.0, "Country": "burkina", "Filter": 1.0, "ISIBF_base": 0.396, "Latitude": 10.583537, "Longitude": -4.815959 }, "geometry": { "type": "Point", "coordinates": [ -4.815959, 10.583537 ] } },
{ "type": "Feature", "properties": { "ADM3_FR": "Bani", "ADM2_FR": "Séno", "ADM1_FR": "Sahel", "ADM0_EN": "Burkina Faso", "Population": 88913, "Total_bran": 0.0, "Country": "burkina", "Filter": 1.0, "ISIBF_base": 0.014, "Latitude": 13.717045, "Longitude": -0.155778 }, "geometry": { "type": "Point", "coordinates": [ -0.155778, 13.717045 ] } },
{ "type": "Feature", "properties": { "ADM3_FR": "Banzon", "ADM2_FR": "Kénédougou", "ADM1_FR": "Hauts-Bassins", "ADM0_EN": "Burkina Faso", "Population": 20054, "Total_bran": 0.0, "Country": "burkina", "Filter": 1.0, "ISIBF_base": 0.005, "Latitude": 11.280882, "Longitude": -4.829186 }, "geometry": { "type": "Point", "coordinates": [ -4.829186, 11.280882 ] } },
{ "type": "Feature", "properties": { "ADM3_FR": "Barga", "ADM2_FR": "Yatenga", "ADM1_FR": "Nord", "ADM0_EN": "Burkina Faso", "Population": 51248, "Total_bran": 0.0, "Country": "burkina", "Filter": 1.0, "ISIBF_base": 0.035, "Latitude": 13.784709, "Longitude": -2.314842 }, "geometry": { "type": "Point", "coordinates": [ -2.314842, 13.784709 ] } },
{ "type": "Feature", "properties": { "ADM3_FR": "Barsalogho", "ADM2_FR": "Sanmatenga", "ADM1_FR": "Centre-Nord", "ADM0_EN": "Burkina Faso", "Population": 98553, "Total_bran": 0.0, "Country": "burkina", "Filter": 1.0, "ISIBF_base": 0.006, "Latitude": 13.528789, "Longitude": -1.04012 }, "geometry": { "type": "Point", "coordinates": [ -1.04012, 13.528789 ] } },
{ "type": "Feature", "properties": { "ADM3_FR": "Baskouré", "ADM2_FR": "Kourittenga", "ADM1_FR": "Centre-Est", "ADM0_EN": "Burkina Faso", "Population": 15889, "Total_bran": 0.0, "Country": "burkina", "Filter": 1.0, "ISIBF_base": 0.12, "Latitude": 12.190103, "Longitude": -0.20047 }, "geometry": { "type": "Point", "coordinates": [ -0.20047, 12.190103 ] } },
{ "type": "Feature", "properties": { "ADM3_FR": "Bassi", "ADM2_FR": "Zondoma", "ADM1_FR": "Nord", "ADM0_EN": "Burkina Faso", "Population": 34424, "Total_bran": 0.0, "Country": "burkina", "Filter": 1.0, "ISIBF_base": 0.012, "Latitude": 13.313547, "Longitude": -2.217611 }, "geometry": { "type": "Point", "coordinates": [ -2.217611, 13.313547 ] } },
{ "type": "Feature", "properties": { "ADM3_FR": "Béguédo", "ADM2_FR": "Boulgou", "ADM1_FR": "Centre-Est", "ADM0_EN": "Burkina Faso", "Population": 28094, "Total_bran": 1.0, "Country": "burkina", "Filter": 1.0, "ISIBF_base": 0.166, "Latitude": 11.799412, "Longitude": -0.751392 }, "geometry": { "type": "Point", "coordinates": [ -0.751392, 11.799412 ] } },
{ "type": "Feature", "properties": { "ADM3_FR": "Békui", "ADM2_FR": "Tuy", "ADM1_FR": "Hauts-Bassins", "ADM0_EN": "Burkina Faso", "Population": 19216, "Total_bran": 0.0, "Country": "burkina", "Filter": 1.0, "ISIBF_base": 0.013, "Latitude": 11.659213, "Longitude": -3.882493 }, "geometry": { "type": "Point", "coordinates": [ -3.882493, 11.659213 ] } },
{ "type": "Feature", "properties": { "ADM3_FR": "Béré", "ADM2_FR": "Zoundwéogo", "ADM1_FR": "Centre-Sud", "ADM0_EN": "Burkina Faso", "Population": 33489, "Total_bran": 0.0, "Country": "burkina", "Filter": 1.0, "ISIBF_base": 0.03, "Latitude": 11.901711, "Longitude": -1.067008 }, "geometry": { "type": "Point", "coordinates": [ -1.155048747869754, 11.829240393837374 ] } },
{ "type": "Feature", "properties": { "ADM3_FR": "Béréba", "ADM2_FR": "Tuy", "ADM1_FR": "Hauts-Bassins", "ADM0_EN": "Burkina Faso", "Population": 31264, "Total_bran": 0.0, "Country": "burkina", "Filter": 1.0, "ISIBF_base": 0.059, "Latitude": 11.643775, "Longitude": -3.694323 }, "geometry": { "type": "Point", "coordinates": [ -3.694323, 11.643775 ] } },
{ "type": "Feature", "properties": { "ADM3_FR": "Bérégadougou", "ADM2_FR": "Comoé", "ADM1_FR": "Cascades", "ADM0_EN": "Burkina Faso", "Population": 15164, "Total_bran": 0.0, "Country": "burkina", "Filter": 1.0, "ISIBF_base": 0.05, "Latitude": 10.758855, "Longitude": -4.72823 }, "geometry": { "type": "Point", "coordinates": [ -4.72823, 10.758855 ] } },
{ "type": "Feature", "properties": { "ADM3_FR": "Bieha", "ADM2_FR": "Sissili", "ADM1_FR": "Centre-Ouest", "ADM0_EN": "Burkina Faso", "Population": 52733, "Total_bran": 0.0, "Country": "burkina", "Filter": 1.0, "ISIBF_base": 0.003, "Latitude": 11.174019, "Longitude": -1.768072 }, "geometry": { "type": "Point", "coordinates": [ -1.768072, 11.174019 ] } },
{ "type": "Feature", "properties": { "ADM3_FR": "Bindé", "ADM2_FR": "Zoundwéogo", "ADM1_FR": "Centre-Sud", "ADM0_EN": "Burkina Faso", "Population": 42789, "Total_bran": 0.0, "Country": "burkina", "Filter": 1.0, "ISIBF_base": 0.061, "Latitude": 11.795023, "Longitude": -0.976519 }, "geometry": { "type": "Point", "coordinates": [ -0.976519, 11.795023 ] } },
{ "type": "Feature", "properties": { "ADM3_FR": "Bingo", "ADM2_FR": "Boulkiemdé", "ADM1_FR": "Centre-Ouest", "ADM0_EN": "Burkina Faso", "Population": 17154, "Total_bran": 0.0, "Country": "burkina", "Filter": 1.0, "ISIBF_base": 0.031, "Latitude": 12.300614, "Longitude": -1.91346 }, "geometry": { "type": "Point", "coordinates": [ -1.91346, 12.300614 ] } },
{ "type": "Feature", "properties": { "ADM3_FR": "Bissiga", "ADM2_FR": "Boulgou", "ADM1_FR": "Centre-Est", "ADM0_EN": "Burkina Faso", "Population": 26183, "Total_bran": 0.0, "Country": "burkina", "Filter": 1.0, "ISIBF_base": 0.03, "Latitude": 11.823396, "Longitude": -0.078515 }, "geometry": { "type": "Point", "coordinates": [ -0.078515, 11.823396 ] } },
{ "type": "Feature", "properties": { "ADM3_FR": "Bitou", "ADM2_FR": "Boulgou", "ADM1_FR": "Centre-Est", "ADM0_EN": "Burkina Faso", "Population": 102394, "Total_bran": 0.0, "Country": "burkina", "Filter": 1.0, "ISIBF_base": 0.005, "Latitude": 11.284469, "Longitude": -0.289075 }, "geometry": { "type": "Point", "coordinates": [ -0.289075, 11.284469 ] } },
{ "type": "Feature", "properties": { "ADM3_FR": "Boken", "ADM2_FR": "Passoré", "ADM1_FR": "Nord", "ADM0_EN": "Burkina Faso", "Population": 81194, "Total_bran": 0.0, "Country": "burkina", "Filter": 1.0, "ISIBF_base": 0.002, "Latitude": 13.008324, "Longitude": -1.746732 }, "geometry": { "type": "Point", "coordinates": [ -1.746732, 13.008324 ] } },
{ "type": "Feature", "properties": { "ADM3_FR": "Bondokui", "ADM2_FR": "Mouhoun", "ADM1_FR": "Boucle du Mouhoun", "ADM0_EN": "Burkina Faso", "Population": 62214, "Total_bran": 0.0, "Country": "burkina", "Filter": 1.0, "ISIBF_base": 0.005, "Latitude": 11.881487, "Longitude": -3.769726 }, "geometry": { "type": "Point", "coordinates": [ -3.769726, 11.881487 ] } },
{ "type": "Feature", "properties": { "ADM3_FR": "Boni", "ADM2_FR": "Tuy", "ADM1_FR": "Hauts-Bassins", "ADM0_EN": "Burkina Faso", "Population": 24447, "Total_bran": 0.0, "Country": "burkina", "Filter": 1.0, "ISIBF_base": 0.029, "Latitude": 11.509259, "Longitude": -3.398505 }, "geometry": { "type": "Point", "coordinates": [ -3.398505, 11.509259 ] } },
{ "type": "Feature", "properties": { "ADM3_FR": "Boudri", "ADM2_FR": "Ganzourgou", "ADM1_FR": "Plateau-Central", "ADM0_EN": "Burkina Faso", "Population": 123131, "Total_bran": 0.0, "Country": "burkina", "Filter": 1.0, "ISIBF_base": 0.038, "Latitude": 12.052676, "Longitude": -0.756016 }, "geometry": { "type": "Point", "coordinates": [ -0.756016, 12.052676 ] } },
{ "type": "Feature", "properties": { "ADM3_FR": "Boulsa", "ADM2_FR": "Namentenga", "ADM1_FR": "Centre-Nord", "ADM0_EN": "Burkina Faso", "Population": 113416, "Total_bran": 0.0, "Country": "burkina", "Filter": 1.0, "ISIBF_base": 0.004, "Latitude": 12.687748, "Longitude": -0.519888 }, "geometry": { "type": "Point", "coordinates": [ -0.519888, 12.687748 ] } },
{ "type": "Feature", "properties": { "ADM3_FR": "Boura", "ADM2_FR": "Sissili", "ADM1_FR": "Centre-Ouest", "ADM0_EN": "Burkina Faso", "Population": 62663, "Total_bran": 0.0, "Country": "burkina", "Filter": 1.0, "ISIBF_base": 0.002, "Latitude": 11.117928, "Longitude": -2.464058 }, "geometry": { "type": "Point", "coordinates": [ -2.464058, 11.117928 ] } },
{ "type": "Feature", "properties": { "ADM3_FR": "Bourasso", "ADM2_FR": "Kossi", "ADM1_FR": "Boucle du Mouhoun", "ADM0_EN": "Burkina Faso", "Population": 20115, "Total_bran": 0.0, "Country": "burkina", "Filter": 1.0, "ISIBF_base": 0.024, "Latitude": 12.609943, "Longitude": -3.672945 }, "geometry": { "type": "Point", "coordinates": [ -3.672945, 12.609943 ] } },
{ "type": "Feature", "properties": { "ADM3_FR": "Bouroum", "ADM2_FR": "Namentenga", "ADM1_FR": "Centre-Nord", "ADM0_EN": "Burkina Faso", "Population": 78149, "Total_bran": 0.0, "Country": "burkina", "Filter": 1.0, "ISIBF_base": 0.003, "Latitude": 13.68934, "Longitude": -0.625928 }, "geometry": { "type": "Point", "coordinates": [ -0.625928, 13.68934 ] } },
{ "type": "Feature", "properties": { "ADM3_FR": "Bouroum-Bouroum", "ADM2_FR": "Poni", "ADM1_FR": "Sud-Ouest", "ADM0_EN": "Burkina Faso", "Population": 13939, "Total_bran": 0.0, "Country": "burkina", "Filter": 1.0, "ISIBF_base": 0.037, "Latitude": 10.52567, "Longitude": -3.267765 }, "geometry": { "type": "Point", "coordinates": [ -3.267765, 10.52567 ] } },
{ "type": "Feature", "properties": { "ADM3_FR": "Bouroum-Bouroum", "ADM2_FR": "Poni", "ADM1_FR": "Sud-Ouest", "ADM0_EN": "Burkina Faso", "Population": 13939, "Total_bran": 0.0, "Country": "burkina", "Filter": 1.0, "ISIBF_base": 0.037, "Latitude": 10.527819, "Longitude": -3.089443 }, "geometry": { "type": "Point", "coordinates": [ -3.089443, 10.527819 ] } },
{ "type": "Feature", "properties": { "ADM3_FR": "Bouroum-Bouroum", "ADM2_FR": "Poni", "ADM1_FR": "Sud-Ouest", "ADM0_EN": "Burkina Faso", "Population": 13939, "Total_bran": 0.0, "Country": "burkina", "Filter": 1.0, "ISIBF_base": 0.037, "Latitude": 10.5, "Longitude": -3.074488 }, "geometry": { "type": "Point", "coordinates": [ -3.074488, 10.5 ] } },
{ "type": "Feature", "properties": { "ADM3_FR": "Bourzanga", "ADM2_FR": "Bam", "ADM1_FR": "Centre-Nord", "ADM0_EN": "Burkina Faso", "Population": 103266, "Total_bran": 0.0, "Country": "burkina", "Filter": 1.0, "ISIBF_base": 0.005, "Latitude": 13.715248, "Longitude": -1.536097 }, "geometry": { "type": "Point", "coordinates": [ -1.536097, 13.715248 ] } },
{ "type": "Feature", "properties": { "ADM3_FR": "Boussé", "ADM2_FR": "Kourwéogo", "ADM1_FR": "Plateau-Central", "ADM0_EN": "Burkina Faso", "Population": 58643, "Total_bran": 0.0, "Country": "burkina", "Filter": 1.0, "ISIBF_base": 0.016, "Latitude": 12.672951, "Longitude": -1.757394 }, "geometry": { "type": "Point", "coordinates": [ -1.757394, 12.672951 ] } },
{ "type": "Feature", "properties": { "ADM3_FR": "Bousséra", "ADM2_FR": "Poni", "ADM1_FR": "Sud-Ouest", "ADM0_EN": "Burkina Faso", "Population": 18133, "Total_bran": 0.0, "Country": "burkina", "Filter": 1.0, "ISIBF_base": 0.018, "Latitude": 10.365191, "Longitude": -2.949795 }, "geometry": { "type": "Point", "coordinates": [ -2.949795, 10.365191 ] } },
{ "type": "Feature", "properties": { "ADM3_FR": "Boussou", "ADM2_FR": "Zondoma", "ADM1_FR": "Nord", "ADM0_EN": "Burkina Faso", "Population": 32993, "Total_bran": 0.0, "Country": "burkina", "Filter": 1.0, "ISIBF_base": 0.01, "Latitude": 13.051829, "Longitude": -2.552932 }, "geometry": { "type": "Point", "coordinates": [ -2.552932, 13.051829 ] } },
{ "type": "Feature", "properties": { "ADM3_FR": "Boussouma", "ADM2_FR": "Boulgou", "ADM1_FR": "Centre-Est", "ADM0_EN": "Burkina Faso", "Population": 142145, "Total_bran": 0.0, "Country": "burkina", "Filter": 1.0, "ISIBF_base": 0.031, "Latitude": 11.65547, "Longitude": -0.692551 }, "geometry": { "type": "Point", "coordinates": [ -0.692551, 11.65547 ] } },
{ "type": "Feature", "properties": { "ADM3_FR": "Boussouma", "ADM2_FR": "Sanmatenga", "ADM1_FR": "Centre-Nord", "ADM0_EN": "Burkina Faso", "Population": 142145, "Total_bran": 0.0, "Country": "burkina", "Filter": 1.0, "ISIBF_base": 0.031, "Latitude": 12.95177, "Longitude": -1.085243 }, "geometry": { "type": "Point", "coordinates": [ -1.085243, 12.95177 ] } },
{ "type": "Feature", "properties": { "ADM3_FR": "Dakôrô", "ADM2_FR": "Léraba", "ADM1_FR": "Cascades", "ADM0_EN": "Burkina Faso", "Population": 18003, "Total_bran": 0.0, "Country": "burkina", "Filter": 1.0, "ISIBF_base": 0.012, "Latitude": 10.423275, "Longitude": -5.166634 }, "geometry": { "type": "Point", "coordinates": [ -5.166634, 10.423275 ] } },
{ "type": "Feature", "properties": { "ADM3_FR": "Dandé", "ADM2_FR": "Houet", "ADM1_FR": "Hauts-Bassins", "ADM0_EN": "Burkina Faso", "Population": 22054, "Total_bran": 0.0, "Country": "burkina", "Filter": 1.0, "ISIBF_base": 0.001, "Latitude": 11.594041, "Longitude": -4.525485 }, "geometry": { "type": "Point", "coordinates": [ -4.525485, 11.594041 ] } },
{ "type": "Feature", "properties": { "ADM3_FR": "Dapeolgo", "ADM2_FR": "Oubritenga", "ADM1_FR": "Plateau-Central", "ADM0_EN": "Burkina Faso", "Population": 44948, "Total_bran": 0.0, "Country": "burkina", "Filter": 1.0, "ISIBF_base": 0.021, "Latitude": 12.729692, "Longitude": -1.562514 }, "geometry": { "type": "Point", "coordinates": [ -1.53874809275634, 12.671399664416059 ] } },
{ "type": "Feature", "properties": { "ADM3_FR": "Dargo", "ADM2_FR": "Namentenga", "ADM1_FR": "Centre-Nord", "ADM0_EN": "Burkina Faso", "Population": 42905, "Total_bran": 0.0, "Country": "burkina", "Filter": 1.0, "ISIBF_base": 0.002, "Latitude": 12.703754, "Longitude": -0.313586 }, "geometry": { "type": "Point", "coordinates": [ -0.313586, 12.703754 ] } },
{ "type": "Feature", "properties": { "ADM3_FR": "Dassa", "ADM2_FR": "Sanguié", "ADM1_FR": "Centre-Ouest", "ADM0_EN": "Burkina Faso", "Population": 132533, "Total_bran": 0.0, "Country": "burkina", "Filter": 1.0, "ISIBF_base": 0.022, "Latitude": 12.41903, "Longitude": -2.728118 }, "geometry": { "type": "Point", "coordinates": [ -2.728118, 12.41903 ] } },
{ "type": "Feature", "properties": { "ADM3_FR": "Di", "ADM2_FR": "Sourou", "ADM1_FR": "Boucle du Mouhoun", "ADM0_EN": "Burkina Faso", "Population": 38087, "Total_bran": 0.0, "Country": "burkina", "Filter": 1.0, "ISIBF_base": 0.002, "Latitude": 13.170514, "Longitude": -3.389845 }, "geometry": { "type": "Point", "coordinates": [ -3.389845, 13.170514 ] } },
{ "type": "Feature", "properties": { "ADM3_FR": "Diabo", "ADM2_FR": "Gourma", "ADM1_FR": "Est", "ADM0_EN": "Burkina Faso", "Population": 93224, "Total_bran": 0.0, "Country": "burkina", "Filter": 1.0, "ISIBF_base": 0.021, "Latitude": 11.961628, "Longitude": 0.004812 }, "geometry": { "type": "Point", "coordinates": [ 0.004812, 11.961628 ] } },
{ "type": "Feature", "properties": { "ADM3_FR": "Dialgaye", "ADM2_FR": "Kourittenga", "ADM1_FR": "Centre-Est", "ADM0_EN": "Burkina Faso", "Population": 54073, "Total_bran": 0.0, "Country": "burkina", "Filter": 1.0, "ISIBF_base": 0.102, "Latitude": 11.926697, "Longitude": -0.377778 }, "geometry": { "type": "Point", "coordinates": [ -0.377778, 11.926697 ] } },
{ "type": "Feature", "properties": { "ADM3_FR": "Diapangou", "ADM2_FR": "Gourma", "ADM1_FR": "Est", "ADM0_EN": "Burkina Faso", "Population": 34087, "Total_bran": 0.0, "Country": "burkina", "Filter": 1.0, "ISIBF_base": 0.009, "Latitude": 12.104517, "Longitude": 0.181295 }, "geometry": { "type": "Point", "coordinates": [ 0.181295, 12.104517 ] } },
{ "type": "Feature", "properties": { "ADM3_FR": "Diapangou", "ADM2_FR": "Gourma", "ADM1_FR": "Est", "ADM0_EN": "Burkina Faso", "Population": 34087, "Total_bran": 0.0, "Country": "burkina", "Filter": 1.0, "ISIBF_base": 0.009, "Latitude": 12.092048, "Longitude": 0.000921 }, "geometry": { "type": "Point", "coordinates": [ 0.000921, 12.092048 ] } },
{ "type": "Feature", "properties": { "ADM3_FR": "Didyr", "ADM2_FR": "Sanguié", "ADM1_FR": "Centre-Ouest", "ADM0_EN": "Burkina Faso", "Population": 53361, "Total_bran": 0.0, "Country": "burkina", "Filter": 1.0, "ISIBF_base": 0.02, "Latitude": 12.570238, "Longitude": -2.612366 }, "geometry": { "type": "Point", "coordinates": [ -2.612366, 12.570238 ] } },
{ "type": "Feature", "properties": { "ADM3_FR": "Diébougou", "ADM2_FR": "Bougouriba", "ADM1_FR": "Sud-Ouest", "ADM0_EN": "Burkina Faso", "Population": 73816, "Total_bran": 4.0, "Country": "burkina", "Filter": 1.0, "ISIBF_base": 0.005, "Latitude": 10.928009, "Longitude": -3.261135 }, "geometry": { "type": "Point", "coordinates": [ -3.261135, 10.928009 ] } },
{ "type": "Feature", "properties": { "ADM3_FR": "Dissihn", "ADM2_FR": "Ioba", "ADM1_FR": "Sud-Ouest", "ADM0_EN": "Burkina Faso", "Population": 45578, "Total_bran": 0.0, "Country": "burkina", "Filter": 1.0, "ISIBF_base": 0.016, "Latitude": 10.933409, "Longitude": -2.96306 }, "geometry": { "type": "Point", "coordinates": [ -2.96306, 10.933409 ] } },
{ "type": "Feature", "properties": { "ADM3_FR": "Djigouèra", "ADM2_FR": "Kénédougou", "ADM1_FR": "Hauts-Bassins", "ADM0_EN": "Burkina Faso", "Population": 22766, "Total_bran": 0.0, "Country": "burkina", "Filter": 1.0, "ISIBF_base": 0.025, "Latitude": 11.165414, "Longitude": -4.919965 }, "geometry": { "type": "Point", "coordinates": [ -4.919965, 11.165414 ] } },
{ "type": "Feature", "properties": { "ADM3_FR": "Dokui", "ADM2_FR": "Kossi", "ADM1_FR": "Boucle du Mouhoun", "ADM0_EN": "Burkina Faso", "Population": 40588, "Total_bran": 0.0, "Country": "burkina", "Filter": 1.0, "ISIBF_base": 0.008, "Latitude": 12.562038, "Longitude": -4.058815 }, "geometry": { "type": "Point", "coordinates": [ -4.058815, 12.562038 ] } },
{ "type": "Feature", "properties": { "ADM3_FR": "Doulougou", "ADM2_FR": "Bazèga", "ADM1_FR": "Centre-Sud", "ADM0_EN": "Burkina Faso", "Population": 30155, "Total_bran": 0.0, "Country": "burkina", "Filter": 1.0, "ISIBF_base": 0.038, "Latitude": 11.909938, "Longitude": -1.476462 }, "geometry": { "type": "Point", "coordinates": [ -1.476462, 11.909938 ] } },
{ "type": "Feature", "properties": { "ADM3_FR": "Doumbala", "ADM2_FR": "Kossi", "ADM1_FR": "Boucle du Mouhoun", "ADM0_EN": "Burkina Faso", "Population": 33326, "Total_bran": 0.0, "Country": "burkina", "Filter": 1.0, "ISIBF_base": 0.002, "Latitude": 12.860888, "Longitude": -4.14104 }, "geometry": { "type": "Point", "coordinates": [ -4.14104, 12.860888 ] } },
{ "type": "Feature", "properties": { "ADM3_FR": "Doumbala", "ADM2_FR": "Kossi", "ADM1_FR": "Boucle du Mouhoun", "ADM0_EN": "Burkina Faso", "Population": 33326, "Total_bran": 0.0, "Country": "burkina", "Filter": 1.0, "ISIBF_base": 0.002, "Latitude": 12.658834, "Longitude": -4.140399 }, "geometry": { "type": "Point", "coordinates": [ -4.140399, 12.658834 ] } },
{ "type": "Feature", "properties": { "ADM3_FR": "Douna", "ADM2_FR": "Léraba", "ADM1_FR": "Cascades", "ADM0_EN": "Burkina Faso", "Population": 14195, "Total_bran": 0.0, "Country": "burkina", "Filter": 1.0, "ISIBF_base": 0.062, "Latitude": 10.64624, "Longitude": -5.091147 }, "geometry": { "type": "Point", "coordinates": [ -5.091147, 10.64624 ] } },
{ "type": "Feature", "properties": { "ADM3_FR": "Douroula", "ADM2_FR": "Mouhoun", "ADM1_FR": "Boucle du Mouhoun", "ADM0_EN": "Burkina Faso", "Population": 18418, "Total_bran": 0.0, "Country": "burkina", "Filter": 1.0, "ISIBF_base": 0.044, "Latitude": 12.534132, "Longitude": -3.304871 }, "geometry": { "type": "Point", "coordinates": [ -3.304871, 12.534132 ] } },
{ "type": "Feature", "properties": { "ADM3_FR": "Dourtenga", "ADM2_FR": "Koulpélogo", "ADM1_FR": "Centre-Est", "ADM0_EN": "Burkina Faso", "Population": 13770, "Total_bran": 0.0, "Country": "burkina", "Filter": 1.0, "ISIBF_base": 0.007, "Latitude": 11.605297, "Longitude": 0.008554 }, "geometry": { "type": "Point", "coordinates": [ 0.008554, 11.605297 ] } },
{ "type": "Feature", "properties": { "ADM3_FR": "Falagountou", "ADM2_FR": "Séno", "ADM1_FR": "Sahel", "ADM0_EN": "Burkina Faso", "Population": 33890, "Total_bran": 0.0, "Country": "burkina", "Filter": 1.0, "ISIBF_base": 0.005, "Latitude": 14.312113, "Longitude": 0.167134 }, "geometry": { "type": "Point", "coordinates": [ 0.167134, 14.312113 ] } },
{ "type": "Feature", "properties": { "ADM3_FR": "Fara", "ADM2_FR": "Balé", "ADM1_FR": "Boucle du Mouhoun", "ADM0_EN": "Burkina Faso", "Population": 61001, "Total_bran": 0.0, "Country": "burkina", "Filter": 1.0, "ISIBF_base": 0.01, "Latitude": 11.431763, "Longitude": -2.728882 }, "geometry": { "type": "Point", "coordinates": [ -2.728882, 11.431763 ] } },
{ "type": "Feature", "properties": { "ADM3_FR": "Faramana", "ADM2_FR": "Houet", "ADM1_FR": "Hauts-Bassins", "ADM0_EN": "Burkina Faso", "Population": 17997, "Total_bran": 0.0, "Country": "burkina", "Filter": 1.0, "ISIBF_base": 0.002, "Latitude": 12.034422, "Longitude": -4.556334 }, "geometry": { "type": "Point", "coordinates": [ -4.556334, 12.034422 ] } },
{ "type": "Feature", "properties": { "ADM3_FR": "Fo", "ADM2_FR": "Houet", "ADM1_FR": "Hauts-Bassins", "ADM0_EN": "Burkina Faso", "Population": 22471, "Total_bran": 0.0, "Country": "burkina", "Filter": 1.0, "ISIBF_base": 0.003, "Latitude": 11.89718, "Longitude": -4.546114 }, "geometry": { "type": "Point", "coordinates": [ -4.546114, 11.89718 ] } },
{ "type": "Feature", "properties": { "ADM3_FR": "Founzan", "ADM2_FR": "Tuy", "ADM1_FR": "Hauts-Bassins", "ADM0_EN": "Burkina Faso", "Population": 43725, "Total_bran": 0.0, "Country": "burkina", "Filter": 1.0, "ISIBF_base": 0.013, "Latitude": 11.369818, "Longitude": -3.272561 }, "geometry": { "type": "Point", "coordinates": [ -3.272561, 11.369818 ] } },
{ "type": "Feature", "properties": { "ADM3_FR": "Gaongo", "ADM2_FR": "Bazèga", "ADM1_FR": "Centre-Sud", "ADM0_EN": "Burkina Faso", "Population": 35765, "Total_bran": 0.0, "Country": "burkina", "Filter": 1.0, "ISIBF_base": 0.029, "Latitude": 12.054021, "Longitude": -1.1193 }, "geometry": { "type": "Point", "coordinates": [ -1.1193, 12.054021 ] } },
{ "type": "Feature", "properties": { "ADM3_FR": "Garango", "ADM2_FR": "Boulgou", "ADM1_FR": "Centre-Est", "ADM0_EN": "Burkina Faso", "Population": 91188, "Total_bran": 2.0, "Country": "burkina", "Filter": 1.0, "ISIBF_base": 0.253, "Latitude": 11.739812, "Longitude": -0.584869 }, "geometry": { "type": "Point", "coordinates": [ -0.584869, 11.739812 ] } },
{ "type": "Feature", "properties": { "ADM3_FR": "Gassan", "ADM2_FR": "Nayala", "ADM1_FR": "Boucle du Mouhoun", "ADM0_EN": "Burkina Faso", "Population": 44139, "Total_bran": 0.0, "Country": "burkina", "Filter": 1.0, "ISIBF_base": 0.006, "Latitude": 12.808189, "Longitude": -3.237162 }, "geometry": { "type": "Point", "coordinates": [ -3.237162, 12.808189 ] } },
{ "type": "Feature", "properties": { "ADM3_FR": "Gbomblora", "ADM2_FR": "Poni", "ADM1_FR": "Sud-Ouest", "ADM0_EN": "Burkina Faso", "Population": 25169, "Total_bran": 0.0, "Country": "burkina", "Filter": 1.0, "ISIBF_base": 0.015, "Latitude": 10.209318, "Longitude": -2.975977 }, "geometry": { "type": "Point", "coordinates": [ -2.975977, 10.209318 ] } },
{ "type": "Feature", "properties": { "ADM3_FR": "Godyr", "ADM2_FR": "Sanguié", "ADM1_FR": "Centre-Ouest", "ADM0_EN": "Burkina Faso", "Population": 23824, "Total_bran": 0.0, "Country": "burkina", "Filter": 1.0, "ISIBF_base": 0.007, "Latitude": 12.734704, "Longitude": -2.592389 }, "geometry": { "type": "Point", "coordinates": [ -2.592389, 12.734704 ] } },
{ "type": "Feature", "properties": { "ADM3_FR": "Gomboro", "ADM2_FR": "Sourou", "ADM1_FR": "Boucle du Mouhoun", "ADM0_EN": "Burkina Faso", "Population": 12656, "Total_bran": 0.0, "Country": "burkina", "Filter": 1.0, "ISIBF_base": 0.009, "Latitude": 13.448559, "Longitude": -2.827548 }, "geometry": { "type": "Point", "coordinates": [ -2.827548, 13.448559 ] } },
{ "type": "Feature", "properties": { "ADM3_FR": "Gomboussougou", "ADM2_FR": "Zoundwéogo", "ADM1_FR": "Centre-Sud", "ADM0_EN": "Burkina Faso", "Population": 70710, "Total_bran": 0.0, "Country": "burkina", "Filter": 1.0, "ISIBF_base": 0.012, "Latitude": 11.389558, "Longitude": -0.744729 }, "geometry": { "type": "Point", "coordinates": [ -0.744729, 11.389558 ] } },
{ "type": "Feature", "properties": { "ADM3_FR": "Gomponsom", "ADM2_FR": "Passoré", "ADM1_FR": "Nord", "ADM0_EN": "Burkina Faso", "Population": 144835, "Total_bran": 0.0, "Country": "burkina", "Filter": 1.0, "ISIBF_base": 0.033, "Latitude": 13.030093, "Longitude": -2.16643 }, "geometry": { "type": "Point", "coordinates": [ -2.16643, 13.030093 ] } },
{ "type": "Feature", "properties": { "ADM3_FR": "Gorgadji", "ADM2_FR": "Séno", "ADM1_FR": "Sahel", "ADM0_EN": "Burkina Faso", "Population": 34005, "Total_bran": 0.0, "Country": "burkina", "Filter": 1.0, "ISIBF_base": 0.003, "Latitude": 13.987313, "Longitude": -0.457648 }, "geometry": { "type": "Point", "coordinates": [ -0.457648, 13.987313 ] } },
{ "type": "Feature", "properties": { "ADM3_FR": "Gorom-Gorom", "ADM2_FR": "Oudalan", "ADM1_FR": "Sahel", "ADM0_EN": "Burkina Faso", "Population": 72454, "Total_bran": 0.0, "Country": "burkina", "Filter": 1.0, "ISIBF_base": 0.002, "Latitude": 14.398626, "Longitude": -0.256172 }, "geometry": { "type": "Point", "coordinates": [ -0.256172, 14.398626 ] } },
{ "type": "Feature", "properties": { "ADM3_FR": "Gossina", "ADM2_FR": "Nayala", "ADM1_FR": "Boucle du Mouhoun", "ADM0_EN": "Burkina Faso", "Population": 26241, "Total_bran": 0.0, "Country": "burkina", "Filter": 1.0, "ISIBF_base": 0.004, "Latitude": 12.509351, "Longitude": -2.839561 }, "geometry": { "type": "Point", "coordinates": [ -2.839561, 12.509351 ] } },
{ "type": "Feature", "properties": { "ADM3_FR": "Gounguen", "ADM2_FR": "Kourittenga", "ADM1_FR": "Centre-Est", "ADM0_EN": "Burkina Faso", "Population": 46379, "Total_bran": 1.0, "Country": "burkina", "Filter": 1.0, "ISIBF_base": 0.159, "Latitude": 12.11578, "Longitude": -0.128444 }, "geometry": { "type": "Point", "coordinates": [ -0.128444, 12.11578 ] } },
{ "type": "Feature", "properties": { "ADM3_FR": "Goursi", "ADM2_FR": "Zondoma", "ADM1_FR": "Nord", "ADM0_EN": "Burkina Faso", "Population": 117761, "Total_bran": 0.0, "Country": "burkina", "Filter": 1.0, "ISIBF_base": 0.013, "Latitude": 13.212247, "Longitude": -2.38876 }, "geometry": { "type": "Point", "coordinates": [ -2.38876, 13.212247 ] } },
{ "type": "Feature", "properties": { "ADM3_FR": "Goursi", "ADM2_FR": "Zondoma", "ADM1_FR": "Nord", "ADM0_EN": "Burkina Faso", "Population": 117761, "Total_bran": 0.0, "Country": "burkina", "Filter": 1.0, "ISIBF_base": 0.013, "Latitude": 13.366147, "Longitude": -2.346396 }, "geometry": { "type": "Point", "coordinates": [ -2.346396, 13.366147 ] } },
{ "type": "Feature", "properties": { "ADM3_FR": "Goursi", "ADM2_FR": "Zondoma", "ADM1_FR": "Nord", "ADM0_EN": "Burkina Faso", "Population": 117761, "Total_bran": 0.0, "Country": "burkina", "Filter": 1.0, "ISIBF_base": 0.013, "Latitude": 13.36152, "Longitude": -2.388952 }, "geometry": { "type": "Point", "coordinates": [ -2.388952, 13.36152 ] } },
{ "type": "Feature", "properties": { "ADM3_FR": "Guéguéré", "ADM2_FR": "Ioba", "ADM1_FR": "Sud-Ouest", "ADM0_EN": "Burkina Faso", "Population": 46988, "Total_bran": 0.0, "Country": "burkina", "Filter": 1.0, "ISIBF_base": 0.014, "Latitude": 11.123351, "Longitude": -3.252906 }, "geometry": { "type": "Point", "coordinates": [ -3.252906, 11.123351 ] } },
{ "type": "Feature", "properties": { "ADM3_FR": "Guiaro", "ADM2_FR": "Nahouri", "ADM1_FR": "Centre-Sud", "ADM0_EN": "Burkina Faso", "Population": 29231, "Total_bran": 0.0, "Country": "burkina", "Filter": 1.0, "ISIBF_base": 0.012, "Latitude": 11.295497, "Longitude": -1.422811 }, "geometry": { "type": "Point", "coordinates": [ -1.422811, 11.295497 ] } },
{ "type": "Feature", "properties": { "ADM3_FR": "Guiba", "ADM2_FR": "Zoundwéogo", "ADM1_FR": "Centre-Sud", "ADM0_EN": "Burkina Faso", "Population": 31872, "Total_bran": 0.0, "Country": "burkina", "Filter": 1.0, "ISIBF_base": 0.112, "Latitude": 11.633057, "Longitude": -1.142424 }, "geometry": { "type": "Point", "coordinates": [ -1.142424, 11.633057 ] } },
{ "type": "Feature", "properties": { "ADM3_FR": "Guibaré", "ADM2_FR": "Bam", "ADM1_FR": "Centre-Nord", "ADM0_EN": "Burkina Faso", "Population": 37431, "Total_bran": 0.0, "Country": "burkina", "Filter": 1.0, "ISIBF_base": 0.008, "Latitude": 13.105803, "Longitude": -1.627831 }, "geometry": { "type": "Point", "coordinates": [ -1.627831, 13.105803 ] } },
{ "type": "Feature", "properties": { "ADM3_FR": "Imasgho", "ADM2_FR": "Boulkiemdé", "ADM1_FR": "Centre-Ouest", "ADM0_EN": "Burkina Faso", "Population": 27762, "Total_bran": 0.0, "Country": "burkina", "Filter": 1.0, "ISIBF_base": 0.103, "Latitude": 12.457805, "Longitude": -2.323742 }, "geometry": { "type": "Point", "coordinates": [ -2.323742, 12.457805 ] } },
{ "type": "Feature", "properties": { "ADM3_FR": "Ipelsé", "ADM2_FR": "Bazèga", "ADM1_FR": "Centre-Sud", "ADM0_EN": "Burkina Faso", "Population": 13857, "Total_bran": 0.0, "Country": "burkina", "Filter": 1.0, "ISIBF_base": 0.026, "Latitude": 11.90194, "Longitude": -1.595346 }, "geometry": { "type": "Point", "coordinates": [ -1.595346, 11.90194 ] } },
{ "type": "Feature", "properties": { "ADM3_FR": "Kalsaka", "ADM2_FR": "Yatenga", "ADM1_FR": "Nord", "ADM0_EN": "Burkina Faso", "Population": 78184, "Total_bran": 0.0, "Country": "burkina", "Filter": 1.0, "ISIBF_base": 0.003, "Latitude": 13.123228, "Longitude": -2.225697 }, "geometry": { "type": "Point", "coordinates": [ -2.225697, 13.123228 ] } },
{ "type": "Feature", "properties": { "ADM3_FR": "Kalsaka", "ADM2_FR": "Yatenga", "ADM1_FR": "Nord", "ADM0_EN": "Burkina Faso", "Population": 78184, "Total_bran": 0.0, "Country": "burkina", "Filter": 1.0, "ISIBF_base": 0.003, "Latitude": 13.161645, "Longitude": -2.005659 }, "geometry": { "type": "Point", "coordinates": [ -2.005659, 13.161645 ] } },
{ "type": "Feature", "properties": { "ADM3_FR": "Kampti", "ADM2_FR": "Poni", "ADM1_FR": "Sud-Ouest", "ADM0_EN": "Burkina Faso", "Population": 65725, "Total_bran": 0.0, "Country": "burkina", "Filter": 1.0, "ISIBF_base": 0.004, "Latitude": 10.0632, "Longitude": -3.454981 }, "geometry": { "type": "Point", "coordinates": [ -3.454981, 10.0632 ] } },
{ "type": "Feature", "properties": { "ADM3_FR": "Kampti", "ADM2_FR": "Poni", "ADM1_FR": "Sud-Ouest", "ADM0_EN": "Burkina Faso", "Population": 65725, "Total_bran": 0.0, "Country": "burkina", "Filter": 1.0, "ISIBF_base": 0.004, "Latitude": 9.918531, "Longitude": -3.186944 }, "geometry": { "type": "Point", "coordinates": [ -3.186944, 9.918531 ] } },
{ "type": "Feature", "properties": { "ADM3_FR": "Kando", "ADM2_FR": "Kourittenga", "ADM1_FR": "Centre-Est", "ADM0_EN": "Burkina Faso", "Population": 38882, "Total_bran": 0.0, "Country": "burkina", "Filter": 1.0, "ISIBF_base": 0.079, "Latitude": 12.419557, "Longitude": -0.502018 }, "geometry": { "type": "Point", "coordinates": [ -0.502018, 12.419557 ] } },
{ "type": "Feature", "properties": { "ADM3_FR": "Kando", "ADM2_FR": "Kourittenga", "ADM1_FR": "Centre-Est", "ADM0_EN": "Burkina Faso", "Population": 38882, "Total_bran": 0.0, "Country": "burkina", "Filter": 1.0, "ISIBF_base": 0.079, "Latitude": 12.187398, "Longitude": -0.360884 }, "geometry": { "type": "Point", "coordinates": [ -0.360884, 12.187398 ] } },
{ "type": "Feature", "properties": { "ADM3_FR": "Kangala", "ADM2_FR": "Kénédougou", "ADM1_FR": "Hauts-Bassins", "ADM0_EN": "Burkina Faso", "Population": 33064, "Total_bran": 0.0, "Country": "burkina", "Filter": 1.0, "ISIBF_base": 0.018, "Latitude": 11.007753, "Longitude": -5.216897 }, "geometry": { "type": "Point", "coordinates": [ -5.216897, 11.007753 ] } },
{ "type": "Feature", "properties": { "ADM3_FR": "Kankalaba", "ADM2_FR": "Léraba", "ADM1_FR": "Cascades", "ADM0_EN": "Burkina Faso", "Population": 12592, "Total_bran": 0.0, "Country": "burkina", "Filter": 1.0, "ISIBF_base": 0.033, "Latitude": 10.759554, "Longitude": -5.29325 }, "geometry": { "type": "Point", "coordinates": [ -5.29325, 10.759554 ] } },
{ "type": "Feature", "properties": { "ADM3_FR": "Karangasso-Sambla", "ADM2_FR": "Houet", "ADM1_FR": "Hauts-Bassins", "ADM0_EN": "Burkina Faso", "Population": 29898, "Total_bran": 0.0, "Country": "burkina", "Filter": 1.0, "ISIBF_base": 0.011, "Latitude": 11.248851, "Longitude": -4.653174 }, "geometry": { "type": "Point", "coordinates": [ -4.653174, 11.248851 ] } },
{ "type": "Feature", "properties": { "ADM3_FR": "Karangasso-Vigué", "ADM2_FR": "Houet", "ADM1_FR": "Hauts-Bassins", "ADM0_EN": "Burkina Faso", "Population": 118402, "Total_bran": 0.0, "Country": "burkina", "Filter": 1.0, "ISIBF_base": 0.005, "Latitude": 10.942432, "Longitude": -3.908699 }, "geometry": { "type": "Point", "coordinates": [ -3.908699, 10.942432 ] } },
{ "type": "Feature", "properties": { "ADM3_FR": "Kassou", "ADM2_FR": "Ziro", "ADM1_FR": "Centre-Ouest", "ADM0_EN": "Burkina Faso", "Population": 54284, "Total_bran": 0.0, "Country": "burkina", "Filter": 1.0, "ISIBF_base": 0.001, "Latitude": 11.518758, "Longitude": -2.003837 }, "geometry": { "type": "Point", "coordinates": [ -2.003837, 11.518758 ] } },
{ "type": "Feature", "properties": { "ADM3_FR": "Kassoum", "ADM2_FR": "Sourou", "ADM1_FR": "Boucle du Mouhoun", "ADM0_EN": "Burkina Faso", "Population": 25694, "Total_bran": 0.0, "Country": "burkina", "Filter": 1.0, "ISIBF_base": 0.009, "Latitude": 13.103121, "Longitude": -3.261637 }, "geometry": { "type": "Point", "coordinates": [ -3.261637, 13.103121 ] } },
{ "type": "Feature", "properties": { "ADM3_FR": "Kayan", "ADM2_FR": "Kénédougou", "ADM1_FR": "Hauts-Bassins", "ADM0_EN": "Burkina Faso", "Population": 29425, "Total_bran": 0.0, "Country": "burkina", "Filter": 1.0, "ISIBF_base": 0.019, "Latitude": 11.856603, "Longitude": -4.716611 }, "geometry": { "type": "Point", "coordinates": [ -4.716611, 11.856603 ] } },
{ "type": "Feature", "properties": { "ADM3_FR": "Kayao", "ADM2_FR": "Bazèga", "ADM1_FR": "Centre-Sud", "ADM0_EN": "Burkina Faso", "Population": 40691, "Total_bran": 0.0, "Country": "burkina", "Filter": 1.0, "ISIBF_base": 0.016, "Latitude": 12.031825, "Longitude": -1.862964 }, "geometry": { "type": "Point", "coordinates": [ -1.862964, 12.031825 ] } },
{ "type": "Feature", "properties": { "ADM3_FR": "Kiembara", "ADM2_FR": "Sourou", "ADM1_FR": "Boucle du Mouhoun", "ADM0_EN": "Burkina Faso", "Population": 39289, "Total_bran": 0.0, "Country": "burkina", "Filter": 1.0, "ISIBF_base": 0.016, "Latitude": 13.28749, "Longitude": -2.766832 }, "geometry": { "type": "Point", "coordinates": [ -2.766832, 13.28749 ] } },
{ "type": "Feature", "properties": { "ADM3_FR": "Kindi", "ADM2_FR": "Boulkiemdé", "ADM1_FR": "Centre-Ouest", "ADM0_EN": "Burkina Faso", "Population": 41881, "Total_bran": 0.0, "Country": "burkina", "Filter": 1.0, "ISIBF_base": 0.02, "Latitude": 12.440778, "Longitude": -2.060706 }, "geometry": { "type": "Point", "coordinates": [ -2.060706, 12.440778 ] } },
{ "type": "Feature", "properties": { "ADM3_FR": "Kirsi", "ADM2_FR": "Passoré", "ADM1_FR": "Nord", "ADM0_EN": "Burkina Faso", "Population": 29816, "Total_bran": 0.0, "Country": "burkina", "Filter": 1.0, "ISIBF_base": 0.006, "Latitude": 12.996049, "Longitude": -1.964816 }, "geometry": { "type": "Point", "coordinates": [ -1.964816, 12.996049 ] } },
{ "type": "Feature", "properties": { "ADM3_FR": "Koala", "ADM2_FR": "Gnagna", "ADM1_FR": "Est", "ADM0_EN": "Burkina Faso", "Population": 86921, "Total_bran": 0.0, "Country": "burkina", "Filter": 1.0, "ISIBF_base": 0.005, "Latitude": 13.426986, "Longitude": -0.041856 }, "geometry": { "type": "Point", "coordinates": [ -0.041856, 13.426986 ] } },
{ "type": "Feature", "properties": { "ADM3_FR": "Kogho", "ADM2_FR": "Ganzourgou", "ADM1_FR": "Plateau-Central", "ADM0_EN": "Burkina Faso", "Population": 23435, "Total_bran": 0.0, "Country": "burkina", "Filter": 1.0, "ISIBF_base": 0.002, "Latitude": 12.631516, "Longitude": -0.70562 }, "geometry": { "type": "Point", "coordinates": [ -0.70562, 12.631516 ] } },
{ "type": "Feature", "properties": { "ADM3_FR": "Kokologo", "ADM2_FR": "Boulkiemdé", "ADM1_FR": "Centre-Ouest", "ADM0_EN": "Burkina Faso", "Population": 51670, "Total_bran": 0.0, "Country": "burkina", "Filter": 1.0, "ISIBF_base": 0.027, "Latitude": 12.302995, "Longitude": -1.909245 }, "geometry": { "type": "Point", "coordinates": [ -1.909245, 12.302995 ] } },
{ "type": "Feature", "properties": { "ADM3_FR": "Kokologo", "ADM2_FR": "Boulkiemdé", "ADM1_FR": "Centre-Ouest", "ADM0_EN": "Burkina Faso", "Population": 51670, "Total_bran": 0.0, "Country": "burkina", "Filter": 1.0, "ISIBF_base": 0.027, "Latitude": 12.187278, "Longitude": -1.921596 }, "geometry": { "type": "Point", "coordinates": [ -1.921596, 12.187278 ] } },
{ "type": "Feature", "properties": { "ADM3_FR": "Kôlôkô", "ADM2_FR": "Kénédougou", "ADM1_FR": "Hauts-Bassins", "ADM0_EN": "Burkina Faso", "Population": 28626, "Total_bran": 0.0, "Country": "burkina", "Filter": 1.0, "ISIBF_base": 0.005, "Latitude": 11.179758, "Longitude": -5.252928 }, "geometry": { "type": "Point", "coordinates": [ -5.252928, 11.179758 ] } },
{ "type": "Feature", "properties": { "ADM3_FR": "Kombissiri", "ADM2_FR": "Bazèga", "ADM1_FR": "Centre-Sud", "ADM0_EN": "Burkina Faso", "Population": 77756, "Total_bran": 1.0, "Country": "burkina", "Filter": 1.0, "ISIBF_base": 0.149, "Latitude": 11.984075, "Longitude": -1.336525 }, "geometry": { "type": "Point", "coordinates": [ -1.336525, 11.984075 ] } },
{ "type": "Feature", "properties": { "ADM3_FR": "Komin-Yanga", "ADM2_FR": "Koulpélogo", "ADM1_FR": "Centre-Est", "ADM0_EN": "Burkina Faso", "Population": 48260, "Total_bran": 0.0, "Country": "burkina", "Filter": 1.0, "ISIBF_base": 0.003, "Latitude": 11.689511, "Longitude": 0.191725 }, "geometry": { "type": "Point", "coordinates": [ 0.191725, 11.689511 ] } },
{ "type": "Feature", "properties": { "ADM3_FR": "Komki-Ipala", "ADM2_FR": "Kadiogo", "ADM1_FR": "Centre", "ADM0_EN": "Burkina Faso", "Population": 22553, "Total_bran": 0.0, "Country": "burkina", "Filter": 1.0, "ISIBF_base": 0.126, "Latitude": 12.172219, "Longitude": -1.746662 }, "geometry": { "type": "Point", "coordinates": [ -1.746662, 12.172219 ] } },
{ "type": "Feature", "properties": { "ADM3_FR": "Komsilga", "ADM2_FR": "Kadiogo", "ADM1_FR": "Centre", "ADM0_EN": "Burkina Faso", "Population": 137278, "Total_bran": 9.0, "Country": "burkina", "Filter": 1.0, "ISIBF_base": 0.514, "Latitude": 12.177484, "Longitude": -1.603913 }, "geometry": { "type": "Point", "coordinates": [ -1.603913, 12.177484 ] } },
{ "type": "Feature", "properties": { "ADM3_FR": "Komtoèga", "ADM2_FR": "Boulgou", "ADM1_FR": "Centre-Est", "ADM0_EN": "Burkina Faso", "Population": 27144, "Total_bran": 0.0, "Country": "burkina", "Filter": 1.0, "ISIBF_base": 0.092, "Latitude": 11.87, "Longitude": -0.676012 }, "geometry": { "type": "Point", "coordinates": [ -0.678722044866983, 11.826747000941349 ] } },
{ "type": "Feature", "properties": { "ADM3_FR": "Kona", "ADM2_FR": "Mouhoun", "ADM1_FR": "Boucle du Mouhoun", "ADM0_EN": "Burkina Faso", "Population": 27164, "Total_bran": 0.0, "Country": "burkina", "Filter": 1.0, "ISIBF_base": 0.014, "Latitude": 12.127427, "Longitude": -3.446903 }, "geometry": { "type": "Point", "coordinates": [ -3.446903, 12.127427 ] } },
{ "type": "Feature", "properties": { "ADM3_FR": "Koper", "ADM2_FR": "Ioba", "ADM1_FR": "Sud-Ouest", "ADM0_EN": "Burkina Faso", "Population": 28651, "Total_bran": 0.0, "Country": "burkina", "Filter": 1.0, "ISIBF_base": 0.044, "Latitude": 11.113263, "Longitude": -2.881387 }, "geometry": { "type": "Point", "coordinates": [ -2.881387, 11.113263 ] } },
{ "type": "Feature", "properties": { "ADM3_FR": "Kordié", "ADM2_FR": "Sanguié", "ADM1_FR": "Centre-Ouest", "ADM0_EN": "Burkina Faso", "Population": 26227, "Total_bran": 0.0, "Country": "burkina", "Filter": 1.0, "ISIBF_base": 0.044, "Latitude": 12.556992, "Longitude": -2.392852 }, "geometry": { "type": "Point", "coordinates": [ -2.392852, 12.556992 ] } },
{ "type": "Feature", "properties": { "ADM3_FR": "Korsimoro", "ADM2_FR": "Sanmatenga", "ADM1_FR": "Centre-Nord", "ADM0_EN": "Burkina Faso", "Population": 64349, "Total_bran": 0.0, "Country": "burkina", "Filter": 1.0, "ISIBF_base": 0.008, "Latitude": 12.814305, "Longitude": -1.150498 }, "geometry": { "type": "Point", "coordinates": [ -1.150498, 12.814305 ] } },
{ "type": "Feature", "properties": { "ADM3_FR": "Kossouka", "ADM2_FR": "Yatenga", "ADM1_FR": "Nord", "ADM0_EN": "Burkina Faso", "Population": 26926, "Total_bran": 0.0, "Country": "burkina", "Filter": 1.0, "ISIBF_base": 0.008, "Latitude": 13.347574, "Longitude": -1.893681 }, "geometry": { "type": "Point", "coordinates": [ -1.893681, 13.347574 ] } },
{ "type": "Feature", "properties": { "ADM3_FR": "Koti", "ADM2_FR": "Tuy", "ADM1_FR": "Hauts-Bassins", "ADM0_EN": "Burkina Faso", "Population": 31179, "Total_bran": 0.0, "Country": "burkina", "Filter": 1.0, "ISIBF_base": 0.029, "Latitude": 11.432744, "Longitude": -2.968614 }, "geometry": { "type": "Point", "coordinates": [ -2.968614, 11.432744 ] } },
{ "type": "Feature", "properties": { "ADM3_FR": "Koubri", "ADM2_FR": "Kadiogo", "ADM1_FR": "Centre", "ADM0_EN": "Burkina Faso", "Population": 60817, "Total_bran": 0.0, "Country": "burkina", "Filter": 1.0, "ISIBF_base": 0.09, "Latitude": 12.218852, "Longitude": -1.2691 }, "geometry": { "type": "Point", "coordinates": [ -1.2691, 12.218852 ] } },
{ "type": "Feature", "properties": { "ADM3_FR": "Koudougou", "ADM2_FR": "Boulkiemdé", "ADM1_FR": "Centre-Ouest", "ADM0_EN": "Burkina Faso", "Population": 216830, "Total_bran": 13.0, "Country": "burkina", "Filter": 1.0, "ISIBF_base": 0.507, "Latitude": 12.295035, "Longitude": -2.324108 }, "geometry": { "type": "Point", "coordinates": [ -2.324108, 12.295035 ] } },
{ "type": "Feature", "properties": { "ADM3_FR": "Kougny", "ADM2_FR": "Nayala", "ADM1_FR": "Boucle du Mouhoun", "ADM0_EN": "Burkina Faso", "Population": 22323, "Total_bran": 0.0, "Country": "burkina", "Filter": 1.0, "ISIBF_base": 0.003, "Latitude": 12.711793, "Longitude": -3.054791 }, "geometry": { "type": "Point", "coordinates": [ -3.054791, 12.711793 ] } },
{ "type": "Feature", "properties": { "ADM3_FR": "Kouka", "ADM2_FR": "Banwa", "ADM1_FR": "Boucle du Mouhoun", "ADM0_EN": "Burkina Faso", "Population": 73747, "Total_bran": 0.0, "Country": "burkina", "Filter": 1.0, "ISIBF_base": 0.002, "Latitude": 11.886746, "Longitude": -4.361788 }, "geometry": { "type": "Point", "coordinates": [ -4.361788, 11.886746 ] } },
{ "type": "Feature", "properties": { "ADM3_FR": "Koumbia", "ADM2_FR": "Tuy", "ADM1_FR": "Hauts-Bassins", "ADM0_EN": "Burkina Faso", "Population": 71454, "Total_bran": 0.0, "Country": "burkina", "Filter": 1.0, "ISIBF_base": 0.017, "Latitude": 11.222322, "Longitude": -3.641914 }, "geometry": { "type": "Point", "coordinates": [ -3.641914, 11.222322 ] } },
{ "type": "Feature", "properties": { "ADM3_FR": "Koumbri", "ADM2_FR": "Yatenga", "ADM1_FR": "Nord", "ADM0_EN": "Burkina Faso", "Population": 61818, "Total_bran": 0.0, "Country": "burkina", "Filter": 1.0, "ISIBF_base": 0.022, "Latitude": 13.856557, "Longitude": -2.435808 }, "geometry": { "type": "Point", "coordinates": [ -2.435808, 13.856557 ] } },
{ "type": "Feature", "properties": { "ADM3_FR": "Koumbri", "ADM2_FR": "Yatenga", "ADM1_FR": "Nord", "ADM0_EN": "Burkina Faso", "Population": 61818, "Total_bran": 0.0, "Country": "burkina", "Filter": 1.0, "ISIBF_base": 0.022, "Latitude": 13.978144, "Longitude": -2.539064 }, "geometry": { "type": "Point", "coordinates": [ -2.539064, 13.978144 ] } },
{ "type": "Feature", "properties": { "ADM3_FR": "Koundougou", "ADM2_FR": "Houet", "ADM1_FR": "Hauts-Bassins", "ADM0_EN": "Burkina Faso", "Population": 21226, "Total_bran": 0.0, "Country": "burkina", "Filter": 1.0, "ISIBF_base": 0.002, "Latitude": 11.716702, "Longitude": -4.508821 }, "geometry": { "type": "Point", "coordinates": [ -4.508821, 11.716702 ] } },
{ "type": "Feature", "properties": { "ADM3_FR": "Koupèla", "ADM2_FR": "Kourittenga", "ADM1_FR": "Centre-Est", "ADM0_EN": "Burkina Faso", "Population": 91023, "Total_bran": 0.0, "Country": "burkina", "Filter": 1.0, "ISIBF_base": 0.386, "Latitude": 12.369431, "Longitude": -0.396134 }, "geometry": { "type": "Point", "coordinates": [ -0.396134, 12.369431 ] } },
{ "type": "Feature", "properties": { "ADM3_FR": "Koupèla", "ADM2_FR": "Kourittenga", "ADM1_FR": "Centre-Est", "ADM0_EN": "Burkina Faso", "Population": 91023, "Total_bran": 3.0, "Country": "burkina", "Filter": 1.0, "ISIBF_base": 0.386, "Latitude": 12.161257, "Longitude": -0.343025 }, "geometry": { "type": "Point", "coordinates": [ -0.343025, 12.161257 ] } },
{ "type": "Feature", "properties": { "ADM3_FR": "Kourinion", "ADM2_FR": "Kénédougou", "ADM1_FR": "Hauts-Bassins", "ADM0_EN": "Burkina Faso", "Population": 17885, "Total_bran": 0.0, "Country": "burkina", "Filter": 1.0, "ISIBF_base": 0.024, "Latitude": 11.025633, "Longitude": -4.778107 }, "geometry": { "type": "Point", "coordinates": [ -4.778107, 11.025633 ] } },
{ "type": "Feature", "properties": { "ADM3_FR": "Kyon", "ADM2_FR": "Sanguié", "ADM1_FR": "Centre-Ouest", "ADM0_EN": "Burkina Faso", "Population": 24484, "Total_bran": 0.0, "Country": "burkina", "Filter": 1.0, "ISIBF_base": 0.065, "Latitude": 12.324064, "Longitude": -2.642171 }, "geometry": { "type": "Point", "coordinates": [ -2.642171, 12.324064 ] } },
{ "type": "Feature", "properties": { "ADM3_FR": "La-Toden", "ADM2_FR": "Passoré", "ADM1_FR": "Nord", "ADM0_EN": "Burkina Faso", "Population": 39128, "Total_bran": 0.0, "Country": "burkina", "Filter": 1.0, "ISIBF_base": 0.028, "Latitude": 12.858653, "Longitude": -2.452388 }, "geometry": { "type": "Point", "coordinates": [ -2.452388, 12.858653 ] } },
{ "type": "Feature", "properties": { "ADM3_FR": "Lalgaye", "ADM2_FR": "Koulpélogo", "ADM1_FR": "Centre-Est", "ADM0_EN": "Burkina Faso", "Population": 19436, "Total_bran": 0.0, "Country": "burkina", "Filter": 1.0, "ISIBF_base": 0.02, "Latitude": 11.555602, "Longitude": -0.11349 }, "geometry": { "type": "Point", "coordinates": [ -0.11349, 11.555602 ] } },
{ "type": "Feature", "properties": { "ADM3_FR": "Lankoué", "ADM2_FR": "Sourou", "ADM1_FR": "Boucle du Mouhoun", "ADM0_EN": "Burkina Faso", "Population": 21910, "Total_bran": 0.0, "Country": "burkina", "Filter": 1.0, "ISIBF_base": 0.011, "Latitude": 13.222028, "Longitude": -2.570479 }, "geometry": { "type": "Point", "coordinates": [ -2.570479, 13.222028 ] } },
{ "type": "Feature", "properties": { "ADM3_FR": "Laye", "ADM2_FR": "Kourwéogo", "ADM1_FR": "Plateau-Central", "ADM0_EN": "Burkina Faso", "Population": 16630, "Total_bran": 0.0, "Country": "burkina", "Filter": 1.0, "ISIBF_base": 0.043, "Latitude": 12.549027, "Longitude": -1.772982 }, "geometry": { "type": "Point", "coordinates": [ -1.772982, 12.549027 ] } },
{ "type": "Feature", "properties": { "ADM3_FR": "Lèba", "ADM2_FR": "Zondoma", "ADM1_FR": "Nord", "ADM0_EN": "Burkina Faso", "Population": 13562, "Total_bran": 0.0, "Country": "burkina", "Filter": 1.0, "ISIBF_base": 0.034, "Latitude": 13.363044, "Longitude": -2.394474 }, "geometry": { "type": "Point", "coordinates": [ -2.394474, 13.363044 ] } },
{ "type": "Feature", "properties": { "ADM3_FR": "Legmoin", "ADM2_FR": "Noumbiel", "ADM1_FR": "Sud-Ouest", "ADM0_EN": "Burkina Faso", "Population": 19031, "Total_bran": 0.0, "Country": "burkina", "Filter": 1.0, "ISIBF_base": 0.004, "Latitude": 10.117356, "Longitude": -2.879569 }, "geometry": { "type": "Point", "coordinates": [ -2.879569, 10.117356 ] } },
{ "type": "Feature", "properties": { "ADM3_FR": "Lèna", "ADM2_FR": "Houet", "ADM1_FR": "Hauts-Bassins", "ADM0_EN": "Burkina Faso", "Population": 25393, "Total_bran": 0.0, "Country": "burkina", "Filter": 1.0, "ISIBF_base": 0.022, "Latitude": 11.261594, "Longitude": -3.958781 }, "geometry": { "type": "Point", "coordinates": [ -3.958781, 11.261594 ] } },
{ "type": "Feature", "properties": { "ADM3_FR": "Liptougou", "ADM2_FR": "Gnagna", "ADM1_FR": "Est", "ADM0_EN": "Burkina Faso", "Population": 75570, "Total_bran": 0.0, "Country": "burkina", "Filter": 1.0, "ISIBF_base": 0.001, "Latitude": 13.085467, "Longitude": 0.343341 }, "geometry": { "type": "Point", "coordinates": [ 0.343341, 13.085467 ] } },
{ "type": "Feature", "properties": { "ADM3_FR": "Loropéni", "ADM2_FR": "Poni", "ADM1_FR": "Sud-Ouest", "ADM0_EN": "Burkina Faso", "Population": 61952, "Total_bran": 0.0, "Country": "burkina", "Filter": 1.0, "ISIBF_base": 0.006, "Latitude": 10.425703, "Longitude": -3.556365 }, "geometry": { "type": "Point", "coordinates": [ -3.556365, 10.425703 ] } },
{ "type": "Feature", "properties": { "ADM3_FR": "Loumana", "ADM2_FR": "Léraba", "ADM1_FR": "Cascades", "ADM0_EN": "Burkina Faso", "Population": 33787, "Total_bran": 0.0, "Country": "burkina", "Filter": 1.0, "ISIBF_base": 0.01, "Latitude": 10.57776, "Longitude": -5.384674 }, "geometry": { "type": "Point", "coordinates": [ -5.384674, 10.57776 ] } },
{ "type": "Feature", "properties": { "ADM3_FR": "Loumbila", "ADM2_FR": "Oubritenga", "ADM1_FR": "Plateau-Central", "ADM0_EN": "Burkina Faso", "Population": 36465, "Total_bran": 0.0, "Country": "burkina", "Filter": 1.0, "ISIBF_base": 0.13, "Latitude": 12.544177, "Longitude": -1.412299 }, "geometry": { "type": "Point", "coordinates": [ -1.412299, 12.544177 ] } },
{ "type": "Feature", "properties": { "ADM3_FR": "Malba", "ADM2_FR": "Poni", "ADM1_FR": "Sud-Ouest", "ADM0_EN": "Burkina Faso", "Population": 12681, "Total_bran": 0.0, "Country": "burkina", "Filter": 1.0, "ISIBF_base": 0.022, "Latitude": 10.615644, "Longitude": -3.04118 }, "geometry": { "type": "Point", "coordinates": [ -3.04118, 10.615644 ] } },
{ "type": "Feature", "properties": { "ADM3_FR": "Malba", "ADM2_FR": "Poni", "ADM1_FR": "Sud-Ouest", "ADM0_EN": "Burkina Faso", "Population": 12681, "Total_bran": 0.0, "Country": "burkina", "Filter": 1.0, "ISIBF_base": 0.022, "Latitude": 10.47107, "Longitude": -2.996048 }, "geometry": { "type": "Point", "coordinates": [ -2.996048, 10.47107 ] } },
{ "type": "Feature", "properties": { "ADM3_FR": "Malba", "ADM2_FR": "Poni", "ADM1_FR": "Sud-Ouest", "ADM0_EN": "Burkina Faso", "Population": 12681, "Total_bran": 0.0, "Country": "burkina", "Filter": 1.0, "ISIBF_base": 0.022, "Latitude": 10.503036, "Longitude": -3.384681 }, "geometry": { "type": "Point", "coordinates": [ -3.384681, 10.503036 ] } },
{ "type": "Feature", "properties": { "ADM3_FR": "Mané", "ADM2_FR": "Sanmatenga", "ADM1_FR": "Centre-Nord", "ADM0_EN": "Burkina Faso", "Population": 72901, "Total_bran": 0.0, "Country": "burkina", "Filter": 1.0, "ISIBF_base": 0.016, "Latitude": 13.021999, "Longitude": -1.415411 }, "geometry": { "type": "Point", "coordinates": [ -1.415411, 13.021999 ] } },
{ "type": "Feature", "properties": { "ADM3_FR": "Manga", "ADM2_FR": "Zoundwéogo", "ADM1_FR": "Centre-Sud", "ADM0_EN": "Burkina Faso", "Population": 44074, "Total_bran": 4.0, "Country": "burkina", "Filter": 1.0, "ISIBF_base": 0.292, "Latitude": 11.645733, "Longitude": -1.054549 }, "geometry": { "type": "Point", "coordinates": [ -1.054549, 11.645733 ] } },
{ "type": "Feature", "properties": { "ADM3_FR": "Mangodara", "ADM2_FR": "Comoé", "ADM1_FR": "Cascades", "ADM0_EN": "Burkina Faso", "Population": 67598, "Total_bran": 0.0, "Country": "burkina", "Filter": 1.0, "ISIBF_base": 0.002, "Latitude": 9.944855, "Longitude": -4.412098 }, "geometry": { "type": "Point", "coordinates": [ -4.412098, 9.944855 ] } },
{ "type": "Feature", "properties": { "ADM3_FR": "Mangodara", "ADM2_FR": "Comoé", "ADM1_FR": "Cascades", "ADM0_EN": "Burkina Faso", "Population": 67598, "Total_bran": 0.0, "Country": "burkina", "Filter": 1.0, "ISIBF_base": 0.002, "Latitude": 9.958348, "Longitude": -4.124676 }, "geometry": { "type": "Point", "coordinates": [ -4.124676, 9.958348 ] } },
{ "type": "Feature", "properties": { "ADM3_FR": "Mani", "ADM2_FR": "Gnagna", "ADM1_FR": "Est", "ADM0_EN": "Burkina Faso", "Population": 124433, "Total_bran": 0.0, "Country": "burkina", "Filter": 1.0, "ISIBF_base": 0.01, "Latitude": 13.187326, "Longitude": -0.073619 }, "geometry": { "type": "Point", "coordinates": [ -0.073619, 13.187326 ] } },
{ "type": "Feature", "properties": { "ADM3_FR": "Mégué", "ADM2_FR": "Ganzourgou", "ADM1_FR": "Plateau-Central", "ADM0_EN": "Burkina Faso", "Population": 50258, "Total_bran": 0.0, "Country": "burkina", "Filter": 1.0, "ISIBF_base": 0.038, "Latitude": 12.406259, "Longitude": -0.702587 }, "geometry": { "type": "Point", "coordinates": [ -0.702587, 12.406259 ] } },
{ "type": "Feature", "properties": { "ADM3_FR": "Midebdo", "ADM2_FR": "Noumbiel", "ADM1_FR": "Sud-Ouest", "ADM0_EN": "Burkina Faso", "Population": 15347, "Total_bran": 0.0, "Country": "burkina", "Filter": 1.0, "ISIBF_base": 0.01, "Latitude": 10.04652, "Longitude": -3.174116 }, "geometry": { "type": "Point", "coordinates": [ -3.174116, 10.04652 ] } },
{ "type": "Feature", "properties": { "ADM3_FR": "Môgtédo", "ADM2_FR": "Ganzourgou", "ADM1_FR": "Plateau-Central", "ADM0_EN": "Burkina Faso", "Population": 73244, "Total_bran": 1.0, "Country": "burkina", "Filter": 1.0, "ISIBF_base": 0.131, "Latitude": 12.204825, "Longitude": -0.965364 }, "geometry": { "type": "Point", "coordinates": [ -0.965364, 12.204825 ] } },
{ "type": "Feature", "properties": { "ADM3_FR": "Morlaba", "ADM2_FR": "Kénédougou", "ADM1_FR": "Hauts-Bassins", "ADM0_EN": "Burkina Faso", "Population": 30051, "Total_bran": 0.0, "Country": "burkina", "Filter": 1.0, "ISIBF_base": 0.01, "Latitude": 11.823235, "Longitude": -5.120662 }, "geometry": { "type": "Point", "coordinates": [ -5.120662, 11.823235 ] } },
{ "type": "Feature", "properties": { "ADM3_FR": "Moussodougou", "ADM2_FR": "Comoé", "ADM1_FR": "Cascades", "ADM0_EN": "Burkina Faso", "Population": 17288, "Total_bran": 0.0, "Country": "burkina", "Filter": 1.0, "ISIBF_base": 0.055, "Latitude": 10.828005, "Longitude": -4.898516 }, "geometry": { "type": "Point", "coordinates": [ -4.898516, 10.828005 ] } },
{ "type": "Feature", "properties": { "ADM3_FR": "Nagbingou", "ADM2_FR": "Namentenga", "ADM1_FR": "Centre-Nord", "ADM0_EN": "Burkina Faso", "Population": 32210, "Total_bran": 0.0, "Country": "burkina", "Filter": 1.0, "ISIBF_base": 0.021, "Latitude": 13.572792, "Longitude": -0.481133 }, "geometry": { "type": "Point", "coordinates": [ -0.481133, 13.572792 ] } },
{ "type": "Feature", "properties": { "ADM3_FR": "Nagréongo", "ADM2_FR": "Oubritenga", "ADM1_FR": "Plateau-Central", "ADM0_EN": "Burkina Faso", "Population": 35451, "Total_bran": 0.0, "Country": "burkina", "Filter": 1.0, "ISIBF_base": 0.055, "Latitude": 12.423576, "Longitude": -1.15305 }, "geometry": { "type": "Point", "coordinates": [ -1.15305, 12.423576 ] } },
{ "type": "Feature", "properties": { "ADM3_FR": "Nako", "ADM2_FR": "Poni", "ADM1_FR": "Sud-Ouest", "ADM0_EN": "Burkina Faso", "Population": 32078, "Total_bran": 0.0, "Country": "burkina", "Filter": 1.0, "ISIBF_base": 0.01, "Latitude": 10.613204, "Longitude": -3.049316 }, "geometry": { "type": "Point", "coordinates": [ -3.049316, 10.613204 ] } },
{ "type": "Feature", "properties": { "ADM3_FR": "Namissiguima", "ADM2_FR": "Sanmatenga", "ADM1_FR": "Centre-Nord", "ADM0_EN": "Burkina Faso", "Population": 75389, "Total_bran": 0.0, "Country": "burkina", "Filter": 1.0, "ISIBF_base": 0.053, "Latitude": 13.471759, "Longitude": -1.30825 }, "geometry": { "type": "Point", "coordinates": [ -1.30825, 13.471759 ] } },
{ "type": "Feature", "properties": { "ADM3_FR": "Namissiguima", "ADM2_FR": "Yatenga", "ADM1_FR": "Nord", "ADM0_EN": "Burkina Faso", "Population": 75389, "Total_bran": 0.0, "Country": "burkina", "Filter": 1.0, "ISIBF_base": 0.053, "Latitude": 13.632927, "Longitude": -2.244297 }, "geometry": { "type": "Point", "coordinates": [ -2.244297, 13.632927 ] } },
{ "type": "Feature", "properties": { "ADM3_FR": "Namouno", "ADM2_FR": "Tapoa", "ADM1_FR": "Est", "ADM0_EN": "Burkina Faso", "Population": 29298, "Total_bran": 0.0, "Country": "burkina", "Filter": 1.0, "ISIBF_base": 0.001, "Latitude": 11.834571, "Longitude": 1.61422 }, "geometry": { "type": "Point", "coordinates": [ 1.61422, 11.834571 ] } },
{ "type": "Feature", "properties": { "ADM3_FR": "Nandiala", "ADM2_FR": "Boulkiemdé", "ADM1_FR": "Centre-Ouest", "ADM0_EN": "Burkina Faso", "Population": 31314, "Total_bran": 0.0, "Country": "burkina", "Filter": 1.0, "ISIBF_base": 0.082, "Latitude": 12.357889, "Longitude": -2.167903 }, "geometry": { "type": "Point", "coordinates": [ -2.167903, 12.357889 ] } },
{ "type": "Feature", "properties": { "ADM3_FR": "Nanoro", "ADM2_FR": "Boulkiemdé", "ADM1_FR": "Centre-Ouest", "ADM0_EN": "Burkina Faso", "Population": 47914, "Total_bran": 0.0, "Country": "burkina", "Filter": 1.0, "ISIBF_base": 0.013, "Latitude": 12.650758, "Longitude": -2.142462 }, "geometry": { "type": "Point", "coordinates": [ -2.142462, 12.650758 ] } },
{ "type": "Feature", "properties": { "ADM3_FR": "Nasséré", "ADM2_FR": "Bam", "ADM1_FR": "Centre-Nord", "ADM0_EN": "Burkina Faso", "Population": 13154, "Total_bran": 0.0, "Country": "burkina", "Filter": 1.0, "ISIBF_base": 0.035, "Latitude": 13.319497, "Longitude": -1.36695 }, "geometry": { "type": "Point", "coordinates": [ -1.36695, 13.319497 ] } },
{ "type": "Feature", "properties": { "ADM3_FR": "Niabouri", "ADM2_FR": "Sissili", "ADM1_FR": "Centre-Ouest", "ADM0_EN": "Burkina Faso", "Population": 30371, "Total_bran": 0.0, "Country": "burkina", "Filter": 1.0, "ISIBF_base": 0.002, "Latitude": 11.272269, "Longitude": -2.623665 }, "geometry": { "type": "Point", "coordinates": [ -2.623665, 11.272269 ] } },
{ "type": "Feature", "properties": { "ADM3_FR": "Niankôrôdougou", "ADM2_FR": "Léraba", "ADM1_FR": "Cascades", "ADM0_EN": "Burkina Faso", "Population": 51601, "Total_bran": 0.0, "Country": "burkina", "Filter": 1.0, "ISIBF_base": 0.003, "Latitude": 10.403809, "Longitude": -5.343902 }, "geometry": { "type": "Point", "coordinates": [ -5.343902, 10.403809 ] } },
{ "type": "Feature", "properties": { "ADM3_FR": "Niaogho", "ADM2_FR": "Boulgou", "ADM1_FR": "Centre-Est", "ADM0_EN": "Burkina Faso", "Population": 25547, "Total_bran": 0.0, "Country": "burkina", "Filter": 1.0, "ISIBF_base": 0.083, "Latitude": 11.750112, "Longitude": -0.822202 }, "geometry": { "type": "Point", "coordinates": [ -0.822202, 11.750112 ] } },
{ "type": "Feature", "properties": { "ADM3_FR": "Niaogho", "ADM2_FR": "Boulgou", "ADM1_FR": "Centre-Est", "ADM0_EN": "Burkina Faso", "Population": 25547, "Total_bran": 0.0, "Country": "burkina", "Filter": 1.0, "ISIBF_base": 0.083, "Latitude": 11.764039, "Longitude": -0.717313 }, "geometry": { "type": "Point", "coordinates": [ -0.717313, 11.764039 ] } },
{ "type": "Feature", "properties": { "ADM3_FR": "Niégo", "ADM2_FR": "Ioba", "ADM1_FR": "Sud-Ouest", "ADM0_EN": "Burkina Faso", "Population": 12344, "Total_bran": 0.0, "Country": "burkina", "Filter": 1.0, "ISIBF_base": 0.005, "Latitude": 11.129458, "Longitude": -2.674006 }, "geometry": { "type": "Point", "coordinates": [ -2.674006, 11.129458 ] } },
{ "type": "Feature", "properties": { "ADM3_FR": "Niou", "ADM2_FR": "Kourwéogo", "ADM1_FR": "Plateau-Central", "ADM0_EN": "Burkina Faso", "Population": 35171, "Total_bran": 0.0, "Country": "burkina", "Filter": 1.0, "ISIBF_base": 0.001, "Latitude": 12.798912, "Longitude": -1.846945 }, "geometry": { "type": "Point", "coordinates": [ -1.846945, 12.798912 ] } },
{ "type": "Feature", "properties": { "ADM3_FR": "Niou", "ADM2_FR": "Kourwéogo", "ADM1_FR": "Plateau-Central", "ADM0_EN": "Burkina Faso", "Population": 35171, "Total_bran": 0.0, "Country": "burkina", "Filter": 1.0, "ISIBF_base": 0.001, "Latitude": 12.839846, "Longitude": -1.640138 }, "geometry": { "type": "Point", "coordinates": [ -1.640138, 12.839846 ] } },
{ "type": "Feature", "properties": { "ADM3_FR": "Nobéré", "ADM2_FR": "Zoundwéogo", "ADM1_FR": "Centre-Sud", "ADM0_EN": "Burkina Faso", "Population": 39492, "Total_bran": 0.0, "Country": "burkina", "Filter": 1.0, "ISIBF_base": 0.045, "Latitude": 11.587332, "Longitude": -1.223891 }, "geometry": { "type": "Point", "coordinates": [ -1.223891, 11.587332 ] } },
{ "type": "Feature", "properties": { "ADM3_FR": "Orodara", "ADM2_FR": "Kénédougou", "ADM1_FR": "Hauts-Bassins", "ADM0_EN": "Burkina Faso", "Population": 44679, "Total_bran": 2.0, "Country": "burkina", "Filter": 1.0, "ISIBF_base": 0.202, "Latitude": 10.985887, "Longitude": -4.976177 }, "geometry": { "type": "Point", "coordinates": [ -4.976177, 10.985887 ] } },
{ "type": "Feature", "properties": { "ADM3_FR": "Oronkua", "ADM2_FR": "Ioba", "ADM1_FR": "Sud-Ouest", "ADM0_EN": "Burkina Faso", "Population": 30692, "Total_bran": 0.0, "Country": "burkina", "Filter": 1.0, "ISIBF_base": 0.028, "Latitude": 11.282137, "Longitude": -3.147357 }, "geometry": { "type": "Point", "coordinates": [ -3.147357, 11.282137 ] } },
{ "type": "Feature", "properties": { "ADM3_FR": "Ouagadougou", "ADM2_FR": "Kadiogo", "ADM1_FR": "Centre", "ADM0_EN": "Burkina Faso", "Population": 2415266, "Total_bran": 184.0, "Country": "burkina", "Filter": 1.0, "ISIBF_base": 1.0, "Latitude": 12.375487, "Longitude": -1.538121 }, "geometry": { "type": "Point", "coordinates": [ -1.538121, 12.375487 ] } },
{ "type": "Feature", "properties": { "ADM3_FR": "Ouarkoye", "ADM2_FR": "Mouhoun", "ADM1_FR": "Boucle du Mouhoun", "ADM0_EN": "Burkina Faso", "Population": 44616, "Total_bran": 0.0, "Country": "burkina", "Filter": 1.0, "ISIBF_base": 0.008, "Latitude": 12.122918, "Longitude": -3.700718 }, "geometry": { "type": "Point", "coordinates": [ -3.700718, 12.122918 ] } },
{ "type": "Feature", "properties": { "ADM3_FR": "Ouéléni", "ADM2_FR": "Léraba", "ADM1_FR": "Cascades", "ADM0_EN": "Burkina Faso", "Population": 17993, "Total_bran": 0.0, "Country": "burkina", "Filter": 1.0, "ISIBF_base": 0.008, "Latitude": 10.882273, "Longitude": -5.380673 }, "geometry": { "type": "Point", "coordinates": [ -5.380673, 10.882273 ] } },
{ "type": "Feature", "properties": { "ADM3_FR": "Ouéssa", "ADM2_FR": "Ioba", "ADM1_FR": "Sud-Ouest", "ADM0_EN": "Burkina Faso", "Population": 17233, "Total_bran": 0.0, "Country": "burkina", "Filter": 1.0, "ISIBF_base": 0.011, "Latitude": 11.067356, "Longitude": -2.759194 }, "geometry": { "type": "Point", "coordinates": [ -2.759194, 11.067356 ] } },
{ "type": "Feature", "properties": { "ADM3_FR": "Ouindigui", "ADM2_FR": "Loroum", "ADM1_FR": "Nord", "ADM0_EN": "Burkina Faso", "Population": 32855, "Total_bran": 0.0, "Country": "burkina", "Filter": 1.0, "ISIBF_base": 0.002, "Latitude": 13.702238, "Longitude": -1.90982 }, "geometry": { "type": "Point", "coordinates": [ -1.90982, 13.702238 ] } },
{ "type": "Feature", "properties": { "ADM3_FR": "Oula", "ADM2_FR": "Yatenga", "ADM1_FR": "Nord", "ADM0_EN": "Burkina Faso", "Population": 62832, "Total_bran": 0.0, "Country": "burkina", "Filter": 1.0, "ISIBF_base": 0.037, "Latitude": 13.450382, "Longitude": -2.255955 }, "geometry": { "type": "Point", "coordinates": [ -2.255955, 13.450382 ] } },
{ "type": "Feature", "properties": { "ADM3_FR": "Ourgou-Manéga", "ADM2_FR": "Oubritenga", "ADM1_FR": "Plateau-Central", "ADM0_EN": "Burkina Faso", "Population": 24030, "Total_bran": 0.0, "Country": "burkina", "Filter": 1.0, "ISIBF_base": 0.007, "Latitude": 12.821561, "Longitude": -1.494054 }, "geometry": { "type": "Point", "coordinates": [ -1.494054, 12.821561 ] } },
{ "type": "Feature", "properties": { "ADM3_FR": "Ouri", "ADM2_FR": "Balé", "ADM1_FR": "Boucle du Mouhoun", "ADM0_EN": "Burkina Faso", "Population": 35964, "Total_bran": 0.0, "Country": "burkina", "Filter": 1.0, "ISIBF_base": 0.009, "Latitude": 11.975827, "Longitude": -3.060354 }, "geometry": { "type": "Point", "coordinates": [ -3.060354, 11.975827 ] } },
{ "type": "Feature", "properties": { "ADM3_FR": "Pâ", "ADM2_FR": "Balé", "ADM1_FR": "Boucle du Mouhoun", "ADM0_EN": "Burkina Faso", "Population": 27011, "Total_bran": 0.0, "Country": "burkina", "Filter": 1.0, "ISIBF_base": 0.015, "Latitude": 11.583183, "Longitude": -3.263094 }, "geometry": { "type": "Point", "coordinates": [ -3.263094, 11.583183 ] } },
{ "type": "Feature", "properties": { "ADM3_FR": "Pabré", "ADM2_FR": "Kadiogo", "ADM1_FR": "Centre", "ADM0_EN": "Burkina Faso", "Population": 40387, "Total_bran": 0.0, "Country": "burkina", "Filter": 1.0, "ISIBF_base": 0.144, "Latitude": 12.540708, "Longitude": -1.607322 }, "geometry": { "type": "Point", "coordinates": [ -1.607322, 12.540708 ] } },
{ "type": "Feature", "properties": { "ADM3_FR": "Padéma", "ADM2_FR": "Houet", "ADM1_FR": "Hauts-Bassins", "ADM0_EN": "Burkina Faso", "Population": 61859, "Total_bran": 0.0, "Country": "burkina", "Filter": 1.0, "ISIBF_base": 0.002, "Latitude": 11.766926, "Longitude": -4.194335 }, "geometry": { "type": "Point", "coordinates": [ -4.194335, 11.766926 ] } },
{ "type": "Feature", "properties": { "ADM3_FR": "Pella", "ADM2_FR": "Boulkiemdé", "ADM1_FR": "Centre-Ouest", "ADM0_EN": "Burkina Faso", "Population": 24606, "Total_bran": 0.0, "Country": "burkina", "Filter": 1.0, "ISIBF_base": 0.008, "Latitude": 12.577286, "Longitude": -2.047507 }, "geometry": { "type": "Point", "coordinates": [ -2.047507, 12.577286 ] } },
{ "type": "Feature", "properties": { "ADM3_FR": "Péni", "ADM2_FR": "Houet", "ADM1_FR": "Hauts-Bassins", "ADM0_EN": "Burkina Faso", "Population": 51212, "Total_bran": 0.0, "Country": "burkina", "Filter": 1.0, "ISIBF_base": 0.024, "Latitude": 10.899844, "Longitude": -4.346633 }, "geometry": { "type": "Point", "coordinates": [ -4.346633, 10.899844 ] } },
{ "type": "Feature", "properties": { "ADM3_FR": "Périgban", "ADM2_FR": "Poni", "ADM1_FR": "Sud-Ouest", "ADM0_EN": "Burkina Faso", "Population": 9922, "Total_bran": 0.0, "Country": "burkina", "Filter": 1.0, "ISIBF_base": 0.035, "Latitude": 10.210357, "Longitude": -3.33869 }, "geometry": { "type": "Point", "coordinates": [ -3.33869, 10.210357 ] } },
{ "type": "Feature", "properties": { "ADM3_FR": "Piéla", "ADM2_FR": "Gnagna", "ADM1_FR": "Est", "ADM0_EN": "Burkina Faso", "Population": 79488, "Total_bran": 0.0, "Country": "burkina", "Filter": 1.0, "ISIBF_base": 0.012, "Latitude": 12.735324, "Longitude": -0.023685 }, "geometry": { "type": "Point", "coordinates": [ -0.023685, 12.735324 ] } },
{ "type": "Feature", "properties": { "ADM3_FR": "Pilimpikou", "ADM2_FR": "Passoré", "ADM1_FR": "Nord", "ADM0_EN": "Burkina Faso", "Population": 23445, "Total_bran": 0.0, "Country": "burkina", "Filter": 1.0, "ISIBF_base": 0.021, "Latitude": 12.739629, "Longitude": -2.191881 }, "geometry": { "type": "Point", "coordinates": [ -2.191881, 12.739629 ] } },
{ "type": "Feature", "properties": { "ADM3_FR": "Pissila", "ADM2_FR": "Sanmatenga", "ADM1_FR": "Centre-Nord", "ADM0_EN": "Burkina Faso", "Population": 146671, "Total_bran": 0.0, "Country": "burkina", "Filter": 1.0, "ISIBF_base": 0.011, "Latitude": 13.216369, "Longitude": -0.829639 }, "geometry": { "type": "Point", "coordinates": [ -0.829639, 13.216369 ] } },
{ "type": "Feature", "properties": { "ADM3_FR": "Poa", "ADM2_FR": "Boulkiemdé", "ADM1_FR": "Centre-Ouest", "ADM0_EN": "Burkina Faso", "Population": 32097, "Total_bran": 0.0, "Country": "burkina", "Filter": 1.0, "ISIBF_base": 0.04, "Latitude": 12.224378, "Longitude": -2.102132 }, "geometry": { "type": "Point", "coordinates": [ -2.102132, 12.224378 ] } },
{ "type": "Feature", "properties": { "ADM3_FR": "Pompoï", "ADM2_FR": "Balé", "ADM1_FR": "Boucle du Mouhoun", "ADM0_EN": "Burkina Faso", "Population": 14067, "Total_bran": 0.0, "Country": "burkina", "Filter": 1.0, "ISIBF_base": 0.006, "Latitude": 11.878875, "Longitude": -3.247606 }, "geometry": { "type": "Point", "coordinates": [ -3.247606, 11.878875 ] } },
{ "type": "Feature", "properties": { "ADM3_FR": "Pouni", "ADM2_FR": "Sanguié", "ADM1_FR": "Centre-Ouest", "ADM0_EN": "Burkina Faso", "Population": 57067, "Total_bran": 0.0, "Country": "burkina", "Filter": 1.0, "ISIBF_base": 0.009, "Latitude": 11.944626, "Longitude": -2.509611 }, "geometry": { "type": "Point", "coordinates": [ -2.509611, 11.944626 ] } },
{ "type": "Feature", "properties": { "ADM3_FR": "Poura", "ADM2_FR": "Balé", "ADM1_FR": "Boucle du Mouhoun", "ADM0_EN": "Burkina Faso", "Population": 19056, "Total_bran": 0.0, "Country": "burkina", "Filter": 1.0, "ISIBF_base": 0.029, "Latitude": 11.627429, "Longitude": -2.755162 }, "geometry": { "type": "Point", "coordinates": [ -2.755162, 11.627429 ] } },
{ "type": "Feature", "properties": { "ADM3_FR": "Pouytenga", "ADM2_FR": "Kourittenga", "ADM1_FR": "Centre-Est", "ADM0_EN": "Burkina Faso", "Population": 118495, "Total_bran": 6.0, "Country": "burkina", "Filter": 1.0, "ISIBF_base": 0.464, "Latitude": 12.251749, "Longitude": -0.422875 }, "geometry": { "type": "Point", "coordinates": [ -0.422875, 12.251749 ] } },
{ "type": "Feature", "properties": { "ADM3_FR": "Rambo", "ADM2_FR": "Yatenga", "ADM1_FR": "Nord", "ADM0_EN": "Burkina Faso", "Population": 46957, "Total_bran": 0.0, "Country": "burkina", "Filter": 1.0, "ISIBF_base": 0.009, "Latitude": 13.212161, "Longitude": -1.814815 }, "geometry": { "type": "Point", "coordinates": [ -1.814815, 13.212161 ] } },
{ "type": "Feature", "properties": { "ADM3_FR": "Ramongo", "ADM2_FR": "Boulkiemdé", "ADM1_FR": "Centre-Ouest", "ADM0_EN": "Burkina Faso", "Population": 29524, "Total_bran": 0.0, "Country": "burkina", "Filter": 1.0, "ISIBF_base": 0.146, "Latitude": 12.184901, "Longitude": -2.288227 }, "geometry": { "type": "Point", "coordinates": [ -2.288227, 12.184901 ] } },
{ "type": "Feature", "properties": { "ADM3_FR": "Réo", "ADM2_FR": "Sanguié", "ADM1_FR": "Centre-Ouest", "ADM0_EN": "Burkina Faso", "Population": 75866, "Total_bran": 3.0, "Country": "burkina", "Filter": 1.0, "ISIBF_base": 0.316, "Latitude": 12.339489, "Longitude": -2.496797 }, "geometry": { "type": "Point", "coordinates": [ -2.472090504236736, 12.319576264336767 ] } },
{ "type": "Feature", "properties": { "ADM3_FR": "Rollo", "ADM2_FR": "Bam", "ADM1_FR": "Centre-Nord", "ADM0_EN": "Burkina Faso", "Population": 42191, "Total_bran": 0.0, "Country": "burkina", "Filter": 1.0, "ISIBF_base": 0.013, "Latitude": 13.584929, "Longitude": -1.749548 }, "geometry": { "type": "Point", "coordinates": [ -1.749548, 13.584929 ] } },
{ "type": "Feature", "properties": { "ADM3_FR": "Roukô", "ADM2_FR": "Bam", "ADM1_FR": "Centre-Nord", "ADM0_EN": "Burkina Faso", "Population": 21025, "Total_bran": 0.0, "Country": "burkina", "Filter": 1.0, "ISIBF_base": 0.024, "Latitude": 13.209935, "Longitude": -1.65083 }, "geometry": { "type": "Point", "coordinates": [ -1.65083, 13.209935 ] } },
{ "type": "Feature", "properties": { "ADM3_FR": "Saaba", "ADM2_FR": "Kadiogo", "ADM1_FR": "Centre", "ADM0_EN": "Burkina Faso", "Population": 285235, "Total_bran": 3.0, "Country": "burkina", "Filter": 1.0, "ISIBF_base": 0.352, "Latitude": 12.385597, "Longitude": -1.325339 }, "geometry": { "type": "Point", "coordinates": [ -1.325339, 12.385597 ] } },
{ "type": "Feature", "properties": { "ADM3_FR": "Sabou", "ADM2_FR": "Boulkiemdé", "ADM1_FR": "Centre-Ouest", "ADM0_EN": "Burkina Faso", "Population": 61836, "Total_bran": 0.0, "Country": "burkina", "Filter": 1.0, "ISIBF_base": 0.033, "Latitude": 12.079612, "Longitude": -2.193259 }, "geometry": { "type": "Point", "coordinates": [ -2.193259, 12.079612 ] } },
{ "type": "Feature", "properties": { "ADM3_FR": "Sabou", "ADM2_FR": "Boulkiemdé", "ADM1_FR": "Centre-Ouest", "ADM0_EN": "Burkina Faso", "Population": 61836, "Total_bran": 0.0, "Country": "burkina", "Filter": 1.0, "ISIBF_base": 0.033, "Latitude": 12.096658, "Longitude": -2.452388 }, "geometry": { "type": "Point", "coordinates": [ -2.452388, 12.096658 ] } },
{ "type": "Feature", "properties": { "ADM3_FR": "Sabsé", "ADM2_FR": "Bam", "ADM1_FR": "Centre-Nord", "ADM0_EN": "Burkina Faso", "Population": 35742, "Total_bran": 0.0, "Country": "burkina", "Filter": 1.0, "ISIBF_base": 0.028, "Latitude": 13.20632, "Longitude": -1.472137 }, "geometry": { "type": "Point", "coordinates": [ -1.472137, 13.20632 ] } },
{ "type": "Feature", "properties": { "ADM3_FR": "Safané", "ADM2_FR": "Mouhoun", "ADM1_FR": "Boucle du Mouhoun", "ADM0_EN": "Burkina Faso", "Population": 62048, "Total_bran": 0.0, "Country": "burkina", "Filter": 1.0, "ISIBF_base": 0.005, "Latitude": 12.123118, "Longitude": -3.236097 }, "geometry": { "type": "Point", "coordinates": [ -3.236097, 12.123118 ] } },
{ "type": "Feature", "properties": { "ADM3_FR": "Samba", "ADM2_FR": "Passoré", "ADM1_FR": "Nord", "ADM0_EN": "Burkina Faso", "Population": 46247, "Total_bran": 0.0, "Country": "burkina", "Filter": 1.0, "ISIBF_base": 0.023, "Latitude": 12.711047, "Longitude": -2.39788 }, "geometry": { "type": "Point", "coordinates": [ -2.39788, 12.711047 ] } },
{ "type": "Feature", "properties": { "ADM3_FR": "Sami", "ADM2_FR": "Banwa", "ADM1_FR": "Boucle du Mouhoun", "ADM0_EN": "Burkina Faso", "Population": 13596, "Total_bran": 0.0, "Country": "burkina", "Filter": 1.0, "ISIBF_base": 0.004, "Latitude": 12.165484, "Longitude": -4.458756 }, "geometry": { "type": "Point", "coordinates": [ -4.458756, 12.165484 ] } },
{ "type": "Feature", "properties": { "ADM3_FR": "Samôgôgouan", "ADM2_FR": "Kénédougou", "ADM1_FR": "Hauts-Bassins", "ADM0_EN": "Burkina Faso", "Population": 45428, "Total_bran": 0.0, "Country": "burkina", "Filter": 1.0, "ISIBF_base": 0.003, "Latitude": 11.427795, "Longitude": -4.970479 }, "geometry": { "type": "Point", "coordinates": [ -4.970479, 11.427795 ] } },
{ "type": "Feature", "properties": { "ADM3_FR": "Samôgôyiri", "ADM2_FR": "Kénédougou", "ADM1_FR": "Hauts-Bassins", "ADM0_EN": "Burkina Faso", "Population": 10189, "Total_bran": 0.0, "Country": "burkina", "Filter": 1.0, "ISIBF_base": 0.051, "Latitude": 10.935829, "Longitude": -5.10338 }, "geometry": { "type": "Point", "coordinates": [ -5.10338, 10.935829 ] } },
{ "type": "Feature", "properties": { "ADM3_FR": "Sampelga", "ADM2_FR": "Séno", "ADM1_FR": "Sahel", "ADM0_EN": "Burkina Faso", "Population": 20940, "Total_bran": 0.0, "Country": "burkina", "Filter": 1.0, "ISIBF_base": 0.003, "Latitude": 13.775704, "Longitude": 0.265732 }, "geometry": { "type": "Point", "coordinates": [ 0.265732, 13.775704 ] } },
{ "type": "Feature", "properties": { "ADM3_FR": "Sanaba", "ADM2_FR": "Banwa", "ADM1_FR": "Boucle du Mouhoun", "ADM0_EN": "Burkina Faso", "Population": 38037, "Total_bran": 0.0, "Country": "burkina", "Filter": 1.0, "ISIBF_base": 0.015, "Latitude": 12.420287, "Longitude": -3.795937 }, "geometry": { "type": "Point", "coordinates": [ -3.795937, 12.420287 ] } },
{ "type": "Feature", "properties": { "ADM3_FR": "Sangha", "ADM2_FR": "Koulpélogo", "ADM1_FR": "Centre-Est", "ADM0_EN": "Burkina Faso", "Population": 85445, "Total_bran": 0.0, "Country": "burkina", "Filter": 1.0, "ISIBF_base": 0.0, "Latitude": 11.171878, "Longitude": 0.154596 }, "geometry": { "type": "Point", "coordinates": [ 0.154596, 11.171878 ] } },
{ "type": "Feature", "properties": { "ADM3_FR": "Saolgo", "ADM2_FR": "Ganzourgou", "ADM1_FR": "Plateau-Central", "ADM0_EN": "Burkina Faso", "Population": 30692, "Total_bran": 0.0, "Country": "burkina", "Filter": 1.0, "ISIBF_base": 0.017, "Latitude": 12.498352, "Longitude": -0.694758 }, "geometry": { "type": "Point", "coordinates": [ -0.694758, 12.498352 ] } },
{ "type": "Feature", "properties": { "ADM3_FR": "Saponé", "ADM2_FR": "Bazèga", "ADM1_FR": "Centre-Sud", "ADM0_EN": "Burkina Faso", "Population": 44140, "Total_bran": 0.0, "Country": "burkina", "Filter": 1.0, "ISIBF_base": 0.121, "Latitude": 12.040761, "Longitude": -1.573857 }, "geometry": { "type": "Point", "coordinates": [ -1.573857, 12.040761 ] } },
{ "type": "Feature", "properties": { "ADM3_FR": "Satiri", "ADM2_FR": "Houet", "ADM1_FR": "Hauts-Bassins", "ADM0_EN": "Burkina Faso", "Population": 48111, "Total_bran": 0.0, "Country": "burkina", "Filter": 1.0, "ISIBF_base": 0.008, "Latitude": 11.558409, "Longitude": -4.05064 }, "geometry": { "type": "Point", "coordinates": [ -4.05064, 11.558409 ] } },
{ "type": "Feature", "properties": { "ADM3_FR": "Senguènèga", "ADM2_FR": "Yatenga", "ADM1_FR": "Nord", "ADM0_EN": "Burkina Faso", "Population": 98637, "Total_bran": 0.0, "Country": "burkina", "Filter": 1.0, "ISIBF_base": 0.005, "Latitude": 13.44191, "Longitude": -2.002716 }, "geometry": { "type": "Point", "coordinates": [ -2.002716, 13.44191 ] } },
{ "type": "Feature", "properties": { "ADM3_FR": "Seytenga", "ADM2_FR": "Séno", "ADM1_FR": "Sahel", "ADM0_EN": "Burkina Faso", "Population": 46409, "Total_bran": 0.0, "Country": "burkina", "Filter": 1.0, "ISIBF_base": 0.004, "Latitude": 13.986717, "Longitude": 0.341557 }, "geometry": { "type": "Point", "coordinates": [ 0.341557, 13.986717 ] } },
{ "type": "Feature", "properties": { "ADM3_FR": "Siby", "ADM2_FR": "Balé", "ADM1_FR": "Boucle du Mouhoun", "ADM0_EN": "Burkina Faso", "Population": 42814, "Total_bran": 0.0, "Country": "burkina", "Filter": 1.0, "ISIBF_base": 0.035, "Latitude": 11.861594, "Longitude": -2.93286 }, "geometry": { "type": "Point", "coordinates": [ -2.93286, 11.861594 ] } },
{ "type": "Feature", "properties": { "ADM3_FR": "Siglé", "ADM2_FR": "Boulkiemdé", "ADM1_FR": "Centre-Ouest", "ADM0_EN": "Burkina Faso", "Population": 35287, "Total_bran": 0.0, "Country": "burkina", "Filter": 1.0, "ISIBF_base": 0.013, "Latitude": 12.546622, "Longitude": -1.889672 }, "geometry": { "type": "Point", "coordinates": [ -1.889672, 12.546622 ] } },
{ "type": "Feature", "properties": { "ADM3_FR": "Sindo", "ADM2_FR": "Kénédougou", "ADM1_FR": "Hauts-Bassins", "ADM0_EN": "Burkina Faso", "Population": 26404, "Total_bran": 0.0, "Country": "burkina", "Filter": 1.0, "ISIBF_base": 0.002, "Latitude": 11.527313, "Longitude": -5.154058 }, "geometry": { "type": "Point", "coordinates": [ -5.154058, 11.527313 ] } },
{ "type": "Feature", "properties": { "ADM3_FR": "Sindou", "ADM2_FR": "Léraba", "ADM1_FR": "Cascades", "ADM0_EN": "Burkina Faso", "Population": 25748, "Total_bran": 1.0, "Country": "burkina", "Filter": 1.0, "ISIBF_base": 0.134, "Latitude": 10.689514, "Longitude": -5.183815 }, "geometry": { "type": "Point", "coordinates": [ -5.162911018630139, 10.659539101189658 ] } },
{ "type": "Feature", "properties": { "ADM3_FR": "Soa", "ADM2_FR": "Boulkiemdé", "ADM1_FR": "Centre-Ouest", "ADM0_EN": "Burkina Faso", "Population": 22039, "Total_bran": 0.0, "Country": "burkina", "Filter": 1.0, "ISIBF_base": 0.031, "Latitude": 12.525146, "Longitude": -2.184078 }, "geometry": { "type": "Point", "coordinates": [ -2.184078, 12.525146 ] } },
{ "type": "Feature", "properties": { "ADM3_FR": "Sônô", "ADM2_FR": "Kossi", "ADM1_FR": "Boucle du Mouhoun", "ADM0_EN": "Burkina Faso", "Population": 10115, "Total_bran": 0.0, "Country": "burkina", "Filter": 1.0, "ISIBF_base": 0.004, "Latitude": 12.847067, "Longitude": -3.509123 }, "geometry": { "type": "Point", "coordinates": [ -3.509123, 12.847067 ] } },
{ "type": "Feature", "properties": { "ADM3_FR": "Soubakaniédougou", "ADM2_FR": "Comoé", "ADM1_FR": "Cascades", "ADM0_EN": "Burkina Faso", "Population": 37500, "Total_bran": 0.0, "Country": "burkina", "Filter": 1.0, "ISIBF_base": 0.028, "Latitude": 10.411953, "Longitude": -5.00559 }, "geometry": { "type": "Point", "coordinates": [ -5.00559, 10.411953 ] } },
{ "type": "Feature", "properties": { "ADM3_FR": "Sourgou", "ADM2_FR": "Boulkiemdé", "ADM1_FR": "Centre-Ouest", "ADM0_EN": "Burkina Faso", "Population": 17532, "Total_bran": 0.0, "Country": "burkina", "Filter": 1.0, "ISIBF_base": 0.052, "Latitude": 12.08141, "Longitude": -2.378719 }, "geometry": { "type": "Point", "coordinates": [ -2.378719, 12.08141 ] } },
{ "type": "Feature", "properties": { "ADM3_FR": "Sourgoubila", "ADM2_FR": "Kourwéogo", "ADM1_FR": "Plateau-Central", "ADM0_EN": "Burkina Faso", "Population": 48654, "Total_bran": 0.0, "Country": "burkina", "Filter": 1.0, "ISIBF_base": 0.029, "Latitude": 12.406711, "Longitude": -1.897807 }, "geometry": { "type": "Point", "coordinates": [ -1.897807, 12.406711 ] } },
{ "type": "Feature", "properties": { "ADM3_FR": "Tambaga", "ADM2_FR": "Tapoa", "ADM1_FR": "Est", "ADM0_EN": "Burkina Faso", "Population": 75307, "Total_bran": 0.0, "Country": "burkina", "Filter": 1.0, "ISIBF_base": 0.0, "Latitude": 11.757562, "Longitude": 1.550154 }, "geometry": { "type": "Point", "coordinates": [ 1.550154, 11.757562 ] } },
{ "type": "Feature", "properties": { "ADM3_FR": "Tangaye", "ADM2_FR": "Yatenga", "ADM1_FR": "Nord", "ADM0_EN": "Burkina Faso", "Population": 39262, "Total_bran": 0.0, "Country": "burkina", "Filter": 1.0, "ISIBF_base": 0.051, "Latitude": 13.572973, "Longitude": -2.628483 }, "geometry": { "type": "Point", "coordinates": [ -2.628483, 13.572973 ] } },
{ "type": "Feature", "properties": { "ADM3_FR": "Tanguen-Dassouri", "ADM2_FR": "Kadiogo", "ADM1_FR": "Centre", "ADM0_EN": "Burkina Faso", "Population": 68848, "Total_bran": 0.0, "Country": "burkina", "Filter": 1.0, "ISIBF_base": 0.173, "Latitude": 12.315442, "Longitude": -1.723845 }, "geometry": { "type": "Point", "coordinates": [ -1.723845, 12.315442 ] } },
{ "type": "Feature", "properties": { "ADM3_FR": "Tanguen-Dassouri", "ADM2_FR": "Kadiogo", "ADM1_FR": "Centre", "ADM0_EN": "Burkina Faso", "Population": 68848, "Total_bran": 0.0, "Country": "burkina", "Filter": 1.0, "ISIBF_base": 0.173, "Latitude": 12.198681, "Longitude": -1.653442 }, "geometry": { "type": "Point", "coordinates": [ -1.653442, 12.198681 ] } },
{ "type": "Feature", "properties": { "ADM3_FR": "Tansarga", "ADM2_FR": "Tapoa", "ADM1_FR": "Est", "ADM0_EN": "Burkina Faso", "Population": 63524, "Total_bran": 0.0, "Country": "burkina", "Filter": 1.0, "ISIBF_base": 0.013, "Latitude": 11.800231, "Longitude": 1.94878 }, "geometry": { "type": "Point", "coordinates": [ 1.94878, 11.800231 ] } },
{ "type": "Feature", "properties": { "ADM3_FR": "Ténado", "ADM2_FR": "Sanguié", "ADM1_FR": "Centre-Ouest", "ADM0_EN": "Burkina Faso", "Population": 60190, "Total_bran": 0.0, "Country": "burkina", "Filter": 1.0, "ISIBF_base": 0.032, "Latitude": 12.200619, "Longitude": -2.668267 }, "geometry": { "type": "Point", "coordinates": [ -2.668267, 12.200619 ] } },
{ "type": "Feature", "properties": { "ADM3_FR": "Tenkodogo", "ADM2_FR": "Boulgou", "ADM1_FR": "Centre-Est", "ADM0_EN": "Burkina Faso", "Population": 159105, "Total_bran": 11.0, "Country": "burkina", "Filter": 1.0, "ISIBF_base": 0.469, "Latitude": 11.747368, "Longitude": -0.338319 }, "geometry": { "type": "Point", "coordinates": [ -0.338319, 11.747368 ] } },
{ "type": "Feature", "properties": { "ADM3_FR": "Tensobentenga", "ADM2_FR": "Kourittenga", "ADM1_FR": "Centre-Est", "ADM0_EN": "Burkina Faso", "Population": 25887, "Total_bran": 0.0, "Country": "burkina", "Filter": 1.0, "ISIBF_base": 0.082, "Latitude": 11.965882, "Longitude": -0.264325 }, "geometry": { "type": "Point", "coordinates": [ -0.264325, 11.965882 ] } },
{ "type": "Feature", "properties": { "ADM3_FR": "Thion", "ADM2_FR": "Gnagna", "ADM1_FR": "Est", "ADM0_EN": "Burkina Faso", "Population": 41216, "Total_bran": 0.0, "Country": "burkina", "Filter": 1.0, "ISIBF_base": 0.006, "Latitude": 13.05674, "Longitude": -0.307954 }, "geometry": { "type": "Point", "coordinates": [ -0.307954, 13.05674 ] } },
{ "type": "Feature", "properties": { "ADM3_FR": "Thiou", "ADM2_FR": "Boulkiemdé", "ADM1_FR": "Centre-Ouest", "ADM0_EN": "Burkina Faso", "Population": 98852, "Total_bran": 0.0, "Country": "burkina", "Filter": 1.0, "ISIBF_base": 0.013, "Latitude": 12.014643, "Longitude": -2.154761 }, "geometry": { "type": "Point", "coordinates": [ -2.154761, 12.014643 ] } },
{ "type": "Feature", "properties": { "ADM3_FR": "Thiou", "ADM2_FR": "Yatenga", "ADM1_FR": "Nord", "ADM0_EN": "Burkina Faso", "Population": 98852, "Total_bran": 0.0, "Country": "burkina", "Filter": 1.0, "ISIBF_base": 0.013, "Latitude": 13.745797, "Longitude": -2.711644 }, "geometry": { "type": "Point", "coordinates": [ -2.711644, 13.745797 ] } },
{ "type": "Feature", "properties": { "ADM3_FR": "Thiou", "ADM2_FR": "Yatenga", "ADM1_FR": "Nord", "ADM0_EN": "Burkina Faso", "Population": 98852, "Total_bran": 0.0, "Country": "burkina", "Filter": 1.0, "ISIBF_base": 0.013, "Latitude": 13.647741, "Longitude": -2.647094 }, "geometry": { "type": "Point", "coordinates": [ -2.647094, 13.647741 ] } },
{ "type": "Feature", "properties": { "ADM3_FR": "Tiankoura", "ADM2_FR": "Bougouriba", "ADM1_FR": "Sud-Ouest", "ADM0_EN": "Burkina Faso", "Population": 14681, "Total_bran": 0.0, "Country": "burkina", "Filter": 1.0, "ISIBF_base": 0.004, "Latitude": 10.724064, "Longitude": -3.237259 }, "geometry": { "type": "Point", "coordinates": [ -3.237259, 10.724064 ] } },
{ "type": "Feature", "properties": { "ADM3_FR": "Tibga", "ADM2_FR": "Gourma", "ADM1_FR": "Est", "ADM0_EN": "Burkina Faso", "Population": 45463, "Total_bran": 0.0, "Country": "burkina", "Filter": 1.0, "ISIBF_base": 0.01, "Latitude": 12.272419, "Longitude": 0.067376 }, "geometry": { "type": "Point", "coordinates": [ 0.067376, 12.272419 ] } },
{ "type": "Feature", "properties": { "ADM3_FR": "Tiébélé", "ADM2_FR": "Nahouri", "ADM1_FR": "Centre-Sud", "ADM0_EN": "Burkina Faso", "Population": 61007, "Total_bran": 0.0, "Country": "burkina", "Filter": 1.0, "ISIBF_base": 0.023, "Latitude": 11.09364, "Longitude": -0.938359 }, "geometry": { "type": "Point", "coordinates": [ -0.938359, 11.09364 ] } },
{ "type": "Feature", "properties": { "ADM3_FR": "Tiéfora", "ADM2_FR": "Comoé", "ADM1_FR": "Cascades", "ADM0_EN": "Burkina Faso", "Population": 75423, "Total_bran": 0.0, "Country": "burkina", "Filter": 1.0, "ISIBF_base": 0.02, "Latitude": 10.588663, "Longitude": -4.545486 }, "geometry": { "type": "Point", "coordinates": [ -4.545486, 10.588663 ] } },
{ "type": "Feature", "properties": { "ADM3_FR": "Tikaré", "ADM2_FR": "Bam", "ADM1_FR": "Centre-Nord", "ADM0_EN": "Burkina Faso", "Population": 52263, "Total_bran": 0.0, "Country": "burkina", "Filter": 1.0, "ISIBF_base": 0.031, "Latitude": 13.358958, "Longitude": -1.762694 }, "geometry": { "type": "Point", "coordinates": [ -1.762694, 13.358958 ] } },
{ "type": "Feature", "properties": { "ADM3_FR": "Titao", "ADM2_FR": "Loroum", "ADM1_FR": "Nord", "ADM0_EN": "Burkina Faso", "Population": 104977, "Total_bran": 0.0, "Country": "burkina", "Filter": 1.0, "ISIBF_base": 0.004, "Latitude": 13.85555, "Longitude": -2.082632 }, "geometry": { "type": "Point", "coordinates": [ -2.082632, 13.85555 ] } },
{ "type": "Feature", "properties": { "ADM3_FR": "To", "ADM2_FR": "Sissili", "ADM1_FR": "Centre-Ouest", "ADM0_EN": "Burkina Faso", "Population": 64020, "Total_bran": 0.0, "Country": "burkina", "Filter": 1.0, "ISIBF_base": 0.004, "Latitude": 11.357719, "Longitude": -2.263769 }, "geometry": { "type": "Point", "coordinates": [ -2.263769, 11.357719 ] } },
{ "type": "Feature", "properties": { "ADM3_FR": "Toécé", "ADM2_FR": "Bazèga", "ADM1_FR": "Centre-Sud", "ADM0_EN": "Burkina Faso", "Population": 38506, "Total_bran": 0.0, "Country": "burkina", "Filter": 1.0, "ISIBF_base": 0.023, "Latitude": 11.781552, "Longitude": -1.332608 }, "geometry": { "type": "Point", "coordinates": [ -1.332608, 11.781552 ] } },
{ "type": "Feature", "properties": { "ADM3_FR": "Toèguen", "ADM2_FR": "Kourwéogo", "ADM1_FR": "Plateau-Central", "ADM0_EN": "Burkina Faso", "Population": 22144, "Total_bran": 0.0, "Country": "burkina", "Filter": 1.0, "ISIBF_base": 0.007, "Latitude": 12.784176, "Longitude": -1.70607 }, "geometry": { "type": "Point", "coordinates": [ -1.70607, 12.784176 ] } },
{ "type": "Feature", "properties": { "ADM3_FR": "Toéni", "ADM2_FR": "Sourou", "ADM1_FR": "Boucle du Mouhoun", "ADM0_EN": "Burkina Faso", "Population": 32708, "Total_bran": 0.0, "Country": "burkina", "Filter": 1.0, "ISIBF_base": 0.003, "Latitude": 13.488107, "Longitude": -3.103776 }, "geometry": { "type": "Point", "coordinates": [ -3.103776, 13.488107 ] } },
{ "type": "Feature", "properties": { "ADM3_FR": "Toma", "ADM2_FR": "Nayala", "ADM1_FR": "Boucle du Mouhoun", "ADM0_EN": "Burkina Faso", "Population": 39109, "Total_bran": 0.0, "Country": "burkina", "Filter": 1.0, "ISIBF_base": 0.002, "Latitude": 12.686276, "Longitude": -2.885188 }, "geometry": { "type": "Point", "coordinates": [ -2.885188, 12.686276 ] } },
{ "type": "Feature", "properties": { "ADM3_FR": "Tougo", "ADM2_FR": "Zondoma", "ADM1_FR": "Nord", "ADM0_EN": "Burkina Faso", "Population": 41278, "Total_bran": 0.0, "Country": "burkina", "Filter": 1.0, "ISIBF_base": 0.006, "Latitude": 13.202018, "Longitude": -2.160997 }, "geometry": { "type": "Point", "coordinates": [ -2.160997, 13.202018 ] } },
{ "type": "Feature", "properties": { "ADM3_FR": "Tougouri", "ADM2_FR": "Namentenga", "ADM1_FR": "Centre-Nord", "ADM0_EN": "Burkina Faso", "Population": 116140, "Total_bran": 0.0, "Country": "burkina", "Filter": 1.0, "ISIBF_base": 0.003, "Latitude": 13.22296, "Longitude": -0.51077 }, "geometry": { "type": "Point", "coordinates": [ -0.51077, 13.22296 ] } },
{ "type": "Feature", "properties": { "ADM3_FR": "Tougouri", "ADM2_FR": "Namentenga", "ADM1_FR": "Centre-Nord", "ADM0_EN": "Burkina Faso", "Population": 116140, "Total_bran": 0.0, "Country": "burkina", "Filter": 1.0, "ISIBF_base": 0.003, "Latitude": 13.424921, "Longitude": -0.317011 }, "geometry": { "type": "Point", "coordinates": [ -0.317011, 13.424921 ] } },
{ "type": "Feature", "properties": { "ADM3_FR": "Toussiana", "ADM2_FR": "Houet", "ADM1_FR": "Hauts-Bassins", "ADM0_EN": "Burkina Faso", "Population": 21578, "Total_bran": 0.0, "Country": "burkina", "Filter": 1.0, "ISIBF_base": 0.012, "Latitude": 10.901597, "Longitude": -4.649598 }, "geometry": { "type": "Point", "coordinates": [ -4.620100075221003, 10.838088924887948 ] } },
{ "type": "Feature", "properties": { "ADM3_FR": "Wolonkoto", "ADM2_FR": "Léraba", "ADM1_FR": "Cascades", "ADM0_EN": "Burkina Faso", "Population": 5504, "Total_bran": 0.0, "Country": "burkina", "Filter": 1.0, "ISIBF_base": 0.06, "Latitude": 10.705634, "Longitude": -5.002707 }, "geometry": { "type": "Point", "coordinates": [ -5.002707, 10.705634 ] } },
{ "type": "Feature", "properties": { "ADM3_FR": "Yaba", "ADM2_FR": "Nayala", "ADM1_FR": "Boucle du Mouhoun", "ADM0_EN": "Burkina Faso", "Population": 41381, "Total_bran": 0.0, "Country": "burkina", "Filter": 1.0, "ISIBF_base": 0.011, "Latitude": 12.831663, "Longitude": -2.860274 }, "geometry": { "type": "Point", "coordinates": [ -2.860274, 12.831663 ] } },
{ "type": "Feature", "properties": { "ADM3_FR": "Yaho", "ADM2_FR": "Balé", "ADM1_FR": "Boucle du Mouhoun", "ADM0_EN": "Burkina Faso", "Population": 19370, "Total_bran": 0.0, "Country": "burkina", "Filter": 1.0, "ISIBF_base": 0.007, "Latitude": 11.819633, "Longitude": -3.485747 }, "geometry": { "type": "Point", "coordinates": [ -3.485747, 11.819633 ] } },
{ "type": "Feature", "properties": { "ADM3_FR": "Yamba", "ADM2_FR": "Gourma", "ADM1_FR": "Est", "ADM0_EN": "Burkina Faso", "Population": 37943, "Total_bran": 0.0, "Country": "burkina", "Filter": 1.0, "ISIBF_base": 0.005, "Latitude": 12.289673, "Longitude": 0.426087 }, "geometry": { "type": "Point", "coordinates": [ 0.426087, 12.289673 ] } },
{ "type": "Feature", "properties": { "ADM3_FR": "Yargo", "ADM2_FR": "Kourittenga", "ADM1_FR": "Centre-Est", "ADM0_EN": "Burkina Faso", "Population": 19965, "Total_bran": 0.0, "Country": "burkina", "Filter": 1.0, "ISIBF_base": 0.126, "Latitude": 12.07978, "Longitude": -0.27161 }, "geometry": { "type": "Point", "coordinates": [ -0.27161, 12.07978 ] } },
{ "type": "Feature", "properties": { "ADM3_FR": "Yargo", "ADM2_FR": "Kourittenga", "ADM1_FR": "Centre-Est", "ADM0_EN": "Burkina Faso", "Population": 19965, "Total_bran": 0.0, "Country": "burkina", "Filter": 1.0, "ISIBF_base": 0.126, "Latitude": 11.98672, "Longitude": -0.214388 }, "geometry": { "type": "Point", "coordinates": [ -0.214388, 11.98672 ] } },
{ "type": "Feature", "properties": { "ADM3_FR": "Yé", "ADM2_FR": "Nayala", "ADM1_FR": "Boucle du Mouhoun", "ADM0_EN": "Burkina Faso", "Population": 49958, "Total_bran": 0.0, "Country": "burkina", "Filter": 1.0, "ISIBF_base": 0.004, "Latitude": 12.520461, "Longitude": -3.072655 }, "geometry": { "type": "Point", "coordinates": [ -3.072655, 12.520461 ] } },
{ "type": "Feature", "properties": { "ADM3_FR": "Zabré", "ADM2_FR": "Boulgou", "ADM1_FR": "Centre-Est", "ADM0_EN": "Burkina Faso", "Population": 119374, "Total_bran": 0.0, "Country": "burkina", "Filter": 1.0, "ISIBF_base": 0.003, "Latitude": 11.189195, "Longitude": -0.578076 }, "geometry": { "type": "Point", "coordinates": [ -0.578076, 11.189195 ] } },
{ "type": "Feature", "properties": { "ADM3_FR": "Zam", "ADM2_FR": "Ganzourgou", "ADM1_FR": "Plateau-Central", "ADM0_EN": "Burkina Faso", "Population": 62525, "Total_bran": 0.0, "Country": "burkina", "Filter": 1.0, "ISIBF_base": 0.022, "Latitude": 12.389445, "Longitude": -0.928929 }, "geometry": { "type": "Point", "coordinates": [ -0.928929, 12.389445 ] } },
{ "type": "Feature", "properties": { "ADM3_FR": "Zambo", "ADM2_FR": "Ioba", "ADM1_FR": "Sud-Ouest", "ADM0_EN": "Burkina Faso", "Population": 20233, "Total_bran": 0.0, "Country": "burkina", "Filter": 1.0, "ISIBF_base": 0.006, "Latitude": 10.83168, "Longitude": -3.03364 }, "geometry": { "type": "Point", "coordinates": [ -3.03364, 10.83168 ] } },
{ "type": "Feature", "properties": { "ADM3_FR": "Zamo", "ADM2_FR": "Sanguié", "ADM1_FR": "Centre-Ouest", "ADM0_EN": "Burkina Faso", "Population": 22865, "Total_bran": 0.0, "Country": "burkina", "Filter": 1.0, "ISIBF_base": 0.007, "Latitude": 11.999094, "Longitude": -2.76346 }, "geometry": { "type": "Point", "coordinates": [ -2.76346, 11.999094 ] } },
{ "type": "Feature", "properties": { "ADM3_FR": "Zawara", "ADM2_FR": "Sanguié", "ADM1_FR": "Centre-Ouest", "ADM0_EN": "Burkina Faso", "Population": 27322, "Total_bran": 0.0, "Country": "burkina", "Filter": 1.0, "ISIBF_base": 0.013, "Latitude": 11.761798, "Longitude": -2.692546 }, "geometry": { "type": "Point", "coordinates": [ -2.692546, 11.761798 ] } },
{ "type": "Feature", "properties": { "ADM3_FR": "Zecco", "ADM2_FR": "Nahouri", "ADM1_FR": "Centre-Sud", "ADM0_EN": "Burkina Faso", "Population": 13440, "Total_bran": 0.0, "Country": "burkina", "Filter": 1.0, "ISIBF_base": 0.008, "Latitude": 11.0229, "Longitude": -0.870339 }, "geometry": { "type": "Point", "coordinates": [ -0.870339, 11.0229 ] } },
{ "type": "Feature", "properties": { "ADM3_FR": "Zéguédéguen", "ADM2_FR": "Namentenga", "ADM1_FR": "Centre-Nord", "ADM0_EN": "Burkina Faso", "Population": 37377, "Total_bran": 0.0, "Country": "burkina", "Filter": 1.0, "ISIBF_base": 0.002, "Latitude": 12.918185, "Longitude": -0.426416 }, "geometry": { "type": "Point", "coordinates": [ -0.426416, 12.918185 ] } },
{ "type": "Feature", "properties": { "ADM3_FR": "Zimtanga", "ADM2_FR": "Bam", "ADM1_FR": "Centre-Nord", "ADM0_EN": "Burkina Faso", "Population": 49387, "Total_bran": 0.0, "Country": "burkina", "Filter": 1.0, "ISIBF_base": 0.037, "Latitude": 13.598679, "Longitude": -1.382059 }, "geometry": { "type": "Point", "coordinates": [ -1.382059, 13.598679 ] } },
{ "type": "Feature", "properties": { "ADM3_FR": "Zimtanga", "ADM2_FR": "Bam", "ADM1_FR": "Centre-Nord", "ADM0_EN": "Burkina Faso", "Population": 49387, "Total_bran": 0.0, "Country": "burkina", "Filter": 1.0, "ISIBF_base": 0.037, "Latitude": 13.471056, "Longitude": -1.453636 }, "geometry": { "type": "Point", "coordinates": [ -1.453636, 13.471056 ] } },
{ "type": "Feature", "properties": { "ADM3_FR": "Ziniaré", "ADM2_FR": "Oubritenga", "ADM1_FR": "Plateau-Central", "ADM0_EN": "Burkina Faso", "Population": 88316, "Total_bran": 3.0, "Country": "burkina", "Filter": 1.0, "ISIBF_base": 0.035, "Latitude": 12.615376, "Longitude": -1.262272 }, "geometry": { "type": "Point", "coordinates": [ -1.262272, 12.615376 ] } },
{ "type": "Feature", "properties": { "ADM3_FR": "Ziniaré", "ADM2_FR": "Oubritenga", "ADM1_FR": "Plateau-Central", "ADM0_EN": "Burkina Faso", "Population": 88316, "Total_bran": 0.0, "Country": "burkina", "Filter": 1.0, "ISIBF_base": 0.035, "Latitude": 12.716166, "Longitude": -1.288234 }, "geometry": { "type": "Point", "coordinates": [ -1.288234, 12.716166 ] } },
{ "type": "Feature", "properties": { "ADM3_FR": "Ziniaré", "ADM2_FR": "Oubritenga", "ADM1_FR": "Plateau-Central", "ADM0_EN": "Burkina Faso", "Population": 88316, "Total_bran": 0.0, "Country": "burkina", "Filter": 1.0, "ISIBF_base": 0.035, "Latitude": 12.701301, "Longitude": -1.213905 }, "geometry": { "type": "Point", "coordinates": [ -1.213905, 12.701301 ] } },
{ "type": "Feature", "properties": { "ADM3_FR": "Ziou", "ADM2_FR": "Nahouri", "ADM1_FR": "Centre-Sud", "ADM0_EN": "Burkina Faso", "Population": 27529, "Total_bran": 0.0, "Country": "burkina", "Filter": 1.0, "ISIBF_base": 0.004, "Latitude": 11.075817, "Longitude": -0.772055 }, "geometry": { "type": "Point", "coordinates": [ -0.772055, 11.075817 ] } },
{ "type": "Feature", "properties": { "ADM3_FR": "Ziou", "ADM2_FR": "Nahouri", "ADM1_FR": "Centre-Sud", "ADM0_EN": "Burkina Faso", "Population": 27529, "Total_bran": 0.0, "Country": "burkina", "Filter": 1.0, "ISIBF_base": 0.004, "Latitude": 11.006202, "Longitude": -0.912877 }, "geometry": { "type": "Point", "coordinates": [ -0.912877, 11.006202 ] } },
{ "type": "Feature", "properties": { "ADM3_FR": "Zitenga", "ADM2_FR": "Oubritenga", "ADM1_FR": "Plateau-Central", "ADM0_EN": "Burkina Faso", "Population": 50162, "Total_bran": 0.0, "Country": "burkina", "Filter": 1.0, "ISIBF_base": 0.014, "Latitude": 12.741278, "Longitude": -1.27666 }, "geometry": { "type": "Point", "coordinates": [ -1.27666, 12.741278 ] } },
{ "type": "Feature", "properties": { "ADM3_FR": "Zogoré", "ADM2_FR": "Yatenga", "ADM1_FR": "Nord", "ADM0_EN": "Burkina Faso", "Population": 23478, "Total_bran": 0.0, "Country": "burkina", "Filter": 1.0, "ISIBF_base": 0.034, "Latitude": 13.410938, "Longitude": -2.57756 }, "geometry": { "type": "Point", "coordinates": [ -2.57756, 13.410938 ] } },
{ "type": "Feature", "properties": { "ADM3_FR": "Zonsé", "ADM2_FR": "Boulgou", "ADM1_FR": "Centre-Est", "ADM0_EN": "Burkina Faso", "Population": 37327, "Total_bran": 0.0, "Country": "burkina", "Filter": 1.0, "ISIBF_base": 0.025, "Latitude": 11.37947, "Longitude": -0.586268 }, "geometry": { "type": "Point", "coordinates": [ -0.586268, 11.37947 ] } },
{ "type": "Feature", "properties": { "ADM3_FR": "Zôrgho", "ADM2_FR": "Ganzourgou", "ADM1_FR": "Plateau-Central", "ADM0_EN": "Burkina Faso", "Population": 76431, "Total_bran": 2.0, "Country": "burkina", "Filter": 1.0, "ISIBF_base": 0.273, "Latitude": 12.243715, "Longitude": -0.587143 }, "geometry": { "type": "Point", "coordinates": [ -0.587143, 12.243715 ] } },
{ "type": "Feature", "properties": { "ADM3_FR": "Zoungou", "ADM2_FR": "Ganzourgou", "ADM1_FR": "Plateau-Central", "ADM0_EN": "Burkina Faso", "Population": 43047, "Total_bran": 0.0, "Country": "burkina", "Filter": 1.0, "ISIBF_base": 0.121, "Latitude": 12.094582, "Longitude": -0.52215 }, "geometry": { "type": "Point", "coordinates": [ -0.52215, 12.094582 ] } },
{ "type": "Feature", "properties": { "ADM3_FR": "Abengourou", "ADM2_FR": "Abengourou", "ADM1_FR": "Indenie-Djuablin", "ADM0_EN": "Ivory Coast", "Population": 164424, "Total_bran": 8.0, "Country": "civ", "Filter": 1.0, "ISIBF_base": 0.344, "Latitude": 6.67704, "Longitude": -3.507131 }, "geometry": { "type": "Point", "coordinates": [ -3.507131, 6.67704 ] } },
{ "type": "Feature", "properties": { "ADM3_FR": "Abidjan", "ADM2_FR": "Abidjan", "ADM1_FR": "District Autonome D'Abidjan", "ADM0_EN": "Ivory Coast", "Population": 5616633, "Total_bran": 393.0, "Country": "civ", "Filter": 1.0, "ISIBF_base": 1.0, "Latitude": 5.336806, "Longitude": -4.013484 }, "geometry": { "type": "Point", "coordinates": [ -4.013484, 5.336806 ] } },
{ "type": "Feature", "properties": { "ADM3_FR": "Abigui", "ADM2_FR": "Dimbokro", "ADM1_FR": "N'Zi", "ADM0_EN": "Ivory Coast", "Population": 8665, "Total_bran": 0.0, "Country": "civ", "Filter": 1.0, "ISIBF_base": 0.035, "Latitude": 6.749545, "Longitude": -4.865498 }, "geometry": { "type": "Point", "coordinates": [ -4.865498, 6.749545 ] } },
{ "type": "Feature", "properties": { "ADM3_FR": "Aboisso", "ADM2_FR": "Aboisso", "ADM1_FR": "Sud-Comoe", "ADM0_EN": "Ivory Coast", "Population": 100903, "Total_bran": 4.0, "Country": "civ", "Filter": 1.0, "ISIBF_base": 0.257, "Latitude": 5.487697, "Longitude": -3.23441 }, "geometry": { "type": "Point", "coordinates": [ -3.23441, 5.487697 ] } },
{ "type": "Feature", "properties": { "ADM3_FR": "Aboisso-Comoé", "ADM2_FR": "Alépé", "ADM1_FR": "Me", "ADM0_EN": "Ivory Coast", "Population": 33471, "Total_bran": 0.0, "Country": "civ", "Filter": 1.0, "ISIBF_base": 0.035, "Latitude": 5.691276, "Longitude": -3.411871 }, "geometry": { "type": "Point", "coordinates": [ -3.411871, 5.691276 ] } },
{ "type": "Feature", "properties": { "ADM3_FR": "Abongoua", "ADM2_FR": "Yakassé-Attobrou", "ADM1_FR": "Me", "ADM0_EN": "Ivory Coast", "Population": 17497, "Total_bran": 0.0, "Country": "civ", "Filter": 1.0, "ISIBF_base": 0.016, "Latitude": 6.275879, "Longitude": -3.535075 }, "geometry": { "type": "Point", "coordinates": [ -3.535075, 6.275879 ] } },
{ "type": "Feature", "properties": { "ADM3_FR": "Aboudé", "ADM2_FR": "Agboville", "ADM1_FR": "Agneby-Tiassa", "ADM0_EN": "Ivory Coast", "Population": 28315, "Total_bran": 0.0, "Country": "civ", "Filter": 1.0, "ISIBF_base": 0.017, "Latitude": 5.879271, "Longitude": -4.547154 }, "geometry": { "type": "Point", "coordinates": [ -4.547154, 5.879271 ] } },
{ "type": "Feature", "properties": { "ADM3_FR": "Adaou", "ADM2_FR": "Aboisso", "ADM1_FR": "Sud-Comoe", "ADM0_EN": "Ivory Coast", "Population": 51050, "Total_bran": 0.0, "Country": "civ", "Filter": 1.0, "ISIBF_base": 0.079, "Latitude": 5.430459, "Longitude": -3.376347 }, "geometry": { "type": "Point", "coordinates": [ -3.376347, 5.430459 ] } },
{ "type": "Feature", "properties": { "ADM3_FR": "Adiake", "ADM2_FR": "Adiaké", "ADM1_FR": "Sud-Comoe", "ADM0_EN": "Ivory Coast", "Population": 50556, "Total_bran": 0.0, "Country": "civ", "Filter": 1.0, "ISIBF_base": 0.071, "Latitude": 5.266134, "Longitude": -3.310645 }, "geometry": { "type": "Point", "coordinates": [ -3.310645, 5.266134 ] } },
{ "type": "Feature", "properties": { "ADM3_FR": "Adjouan", "ADM2_FR": "Aboisso", "ADM1_FR": "Sud-Comoe", "ADM0_EN": "Ivory Coast", "Population": 28663, "Total_bran": 1.0, "Country": "civ", "Filter": 1.0, "ISIBF_base": 0.122, "Latitude": 5.276933, "Longitude": -3.08099 }, "geometry": { "type": "Point", "coordinates": [ -3.08099, 5.276933 ] } },
{ "type": "Feature", "properties": { "ADM3_FR": "Afféry", "ADM2_FR": "Akoupé", "ADM1_FR": "Me", "ADM0_EN": "Ivory Coast", "Population": 47109, "Total_bran": 0.0, "Country": "civ", "Filter": 1.0, "ISIBF_base": 0.016, "Latitude": 6.32255, "Longitude": -4.027347 }, "geometry": { "type": "Point", "coordinates": [ -4.027347, 6.32255 ] } },
{ "type": "Feature", "properties": { "ADM3_FR": "Agboville", "ADM2_FR": "Agboville", "ADM1_FR": "Agneby-Tiassa", "ADM0_EN": "Ivory Coast", "Population": 135082, "Total_bran": 3.0, "Country": "civ", "Filter": 1.0, "ISIBF_base": 0.215, "Latitude": 5.866957, "Longitude": -4.231001 }, "geometry": { "type": "Point", "coordinates": [ -4.231001, 5.866957 ] } },
{ "type": "Feature", "properties": { "ADM3_FR": "Agou", "ADM2_FR": "Adzopé", "ADM1_FR": "Me", "ADM0_EN": "Ivory Coast", "Population": 31091, "Total_bran": 0.0, "Country": "civ", "Filter": 1.0, "ISIBF_base": 0.017, "Latitude": 5.985011, "Longitude": -3.962074 }, "geometry": { "type": "Point", "coordinates": [ -3.962074, 5.985011 ] } },
{ "type": "Feature", "properties": { "ADM3_FR": "Ahouanou", "ADM2_FR": "Grand-Lahou", "ADM1_FR": "Grands Ponts", "ADM0_EN": "Ivory Coast", "Population": 33939, "Total_bran": 0.0, "Country": "civ", "Filter": 1.0, "ISIBF_base": 0.02, "Latitude": 5.465102, "Longitude": -4.819321 }, "geometry": { "type": "Point", "coordinates": [ -4.819321, 5.465102 ] } },
{ "type": "Feature", "properties": { "ADM3_FR": "Akoboissué", "ADM2_FR": "Agnibilékrou", "ADM1_FR": "Indenie-Djuablin", "ADM0_EN": "Ivory Coast", "Population": 36022, "Total_bran": 0.0, "Country": "civ", "Filter": 1.0, "ISIBF_base": 0.028, "Latitude": 6.909027, "Longitude": -3.253609 }, "geometry": { "type": "Point", "coordinates": [ -3.253609, 6.909027 ] } },
{ "type": "Feature", "properties": { "ADM3_FR": "Akoupé", "ADM2_FR": "Akoupé", "ADM1_FR": "Me", "ADM0_EN": "Ivory Coast", "Population": 79065, "Total_bran": 0.0, "Country": "civ", "Filter": 1.0, "ISIBF_base": 0.022, "Latitude": 6.428026, "Longitude": -3.871518 }, "geometry": { "type": "Point", "coordinates": [ -3.871518, 6.428026 ] } },
{ "type": "Feature", "properties": { "ADM3_FR": "Alépé", "ADM2_FR": "Alépé", "ADM1_FR": "Me", "ADM0_EN": "Ivory Coast", "Population": 60468, "Total_bran": 0.0, "Country": "civ", "Filter": 1.0, "ISIBF_base": 0.068, "Latitude": 5.538645, "Longitude": -3.703844 }, "geometry": { "type": "Point", "coordinates": [ -3.703844, 5.538645 ] } },
{ "type": "Feature", "properties": { "ADM3_FR": "Allosso", "ADM2_FR": "Alépé", "ADM1_FR": "Me", "ADM0_EN": "Ivory Coast", "Population": 13860, "Total_bran": 1.0, "Country": "civ", "Filter": 1.0, "ISIBF_base": 0.123, "Latitude": 5.603829, "Longitude": -3.52793 }, "geometry": { "type": "Point", "coordinates": [ -3.52793, 5.603829 ] } },
{ "type": "Feature", "properties": { "ADM3_FR": "Amanvi", "ADM2_FR": "Tanda", "ADM1_FR": "Gontougo", "ADM0_EN": "Ivory Coast", "Population": 10141, "Total_bran": 0.0, "Country": "civ", "Filter": 1.0, "ISIBF_base": 0.004, "Latitude": 7.967636, "Longitude": -3.143269 }, "geometry": { "type": "Point", "coordinates": [ -3.143269, 7.967636 ] } },
{ "type": "Feature", "properties": { "ADM3_FR": "Amélékia", "ADM2_FR": "Abengourou", "ADM1_FR": "Indenie-Djuablin", "ADM0_EN": "Ivory Coast", "Population": 25387, "Total_bran": 0.0, "Country": "civ", "Filter": 1.0, "ISIBF_base": 0.022, "Latitude": 6.893004, "Longitude": -3.659429 }, "geometry": { "type": "Point", "coordinates": [ -3.659429, 6.893004 ] } },
{ "type": "Feature", "properties": { "ADM3_FR": "Ananda", "ADM2_FR": "Daoukro", "ADM1_FR": "Iffou", "ADM0_EN": "Ivory Coast", "Population": 13166, "Total_bran": 0.0, "Country": "civ", "Filter": 1.0, "ISIBF_base": 0.002, "Latitude": 7.29627, "Longitude": -4.292637 }, "geometry": { "type": "Point", "coordinates": [ -4.292637, 7.29627 ] } },
{ "type": "Feature", "properties": { "ADM3_FR": "Ananguié", "ADM2_FR": "Agboville", "ADM1_FR": "Agneby-Tiassa", "ADM0_EN": "Ivory Coast", "Population": 18311, "Total_bran": 0.0, "Country": "civ", "Filter": 1.0, "ISIBF_base": 0.011, "Latitude": 6.044753, "Longitude": -4.450615 }, "geometry": { "type": "Point", "coordinates": [ -4.450615, 6.044753 ] } },
{ "type": "Feature", "properties": { "ADM3_FR": "Andé", "ADM2_FR": "Bongouanou", "ADM1_FR": "Moronou", "ADM0_EN": "Ivory Coast", "Population": 58287, "Total_bran": 0.0, "Country": "civ", "Filter": 1.0, "ISIBF_base": 0.019, "Latitude": 6.868641, "Longitude": -4.107862 }, "geometry": { "type": "Point", "coordinates": [ -4.107862, 6.868641 ] } },
{ "type": "Feature", "properties": { "ADM3_FR": "Angoda", "ADM2_FR": "Toumodi", "ADM1_FR": "Belier", "ADM0_EN": "Ivory Coast", "Population": 11819, "Total_bran": 0.0, "Country": "civ", "Filter": 1.0, "ISIBF_base": 0.043, "Latitude": 6.685851, "Longitude": -5.015682 }, "geometry": { "type": "Point", "coordinates": [ -5.015682, 6.685851 ] } },
{ "type": "Feature", "properties": { "ADM3_FR": "Aniassué", "ADM2_FR": "Abengourou", "ADM1_FR": "Indenie-Djuablin", "ADM0_EN": "Ivory Coast", "Population": 42729, "Total_bran": 0.0, "Country": "civ", "Filter": 1.0, "ISIBF_base": 0.057, "Latitude": 6.650386, "Longitude": -3.669372 }, "geometry": { "type": "Point", "coordinates": [ -3.669372, 6.650386 ] } },
{ "type": "Feature", "properties": { "ADM3_FR": "Annepé", "ADM2_FR": "Adzopé", "ADM1_FR": "Me", "ADM0_EN": "Ivory Coast", "Population": 25367, "Total_bran": 0.0, "Country": "civ", "Filter": 1.0, "ISIBF_base": 0.009, "Latitude": 5.91803, "Longitude": -3.781274 }, "geometry": { "type": "Point", "coordinates": [ -3.781274, 5.91803 ] } },
{ "type": "Feature", "properties": { "ADM3_FR": "Anoumaba", "ADM2_FR": "M'Batto", "ADM1_FR": "Moronou", "ADM0_EN": "Ivory Coast", "Population": 22572, "Total_bran": 0.0, "Country": "civ", "Filter": 1.0, "ISIBF_base": 0.005, "Latitude": 6.344727, "Longitude": -4.480177 }, "geometry": { "type": "Point", "coordinates": [ -4.480177, 6.344727 ] } },
{ "type": "Feature", "properties": { "ADM3_FR": "Anyama", "ADM2_FR": "Abidjan", "ADM1_FR": "District Autonome D'Abidjan", "ADM0_EN": "Ivory Coast", "Population": 389592, "Total_bran": 5.0, "Country": "civ", "Filter": 1.0, "ISIBF_base": 0.399, "Latitude": 5.510826, "Longitude": -4.126691 }, "geometry": { "type": "Point", "coordinates": [ -4.126691, 5.510826 ] } },
{ "type": "Feature", "properties": { "ADM3_FR": "Appimadoum", "ADM2_FR": "Bondoukou", "ADM1_FR": "Gontougo", "ADM0_EN": "Ivory Coast", "Population": 9920, "Total_bran": 0.0, "Country": "civ", "Filter": 1.0, "ISIBF_base": 0.016, "Latitude": 7.865961, "Longitude": -2.863497 }, "geometry": { "type": "Point", "coordinates": [ -2.863497, 7.865961 ] } },
{ "type": "Feature", "properties": { "ADM3_FR": "Arrah", "ADM2_FR": "Arrah", "ADM1_FR": "Moronou", "ADM0_EN": "Ivory Coast", "Population": 45625, "Total_bran": 0.0, "Country": "civ", "Filter": 1.0, "ISIBF_base": 0.015, "Latitude": 6.677445, "Longitude": -3.911306 }, "geometry": { "type": "Point", "coordinates": [ -3.911306, 6.677445 ] } },
{ "type": "Feature", "properties": { "ADM3_FR": "Assahara", "ADM2_FR": "M'Batto", "ADM1_FR": "Moronou", "ADM0_EN": "Ivory Coast", "Population": 11495, "Total_bran": 0.0, "Country": "civ", "Filter": 1.0, "ISIBF_base": 0.023, "Latitude": 6.660643, "Longitude": -4.459546 }, "geometry": { "type": "Point", "coordinates": [ -4.459546, 6.660643 ] } },
{ "type": "Feature", "properties": { "ADM3_FR": "Assié-Koumassi", "ADM2_FR": "Bongouanou", "ADM1_FR": "Moronou", "ADM0_EN": "Ivory Coast", "Population": 21962, "Total_bran": 0.0, "Country": "civ", "Filter": 1.0, "ISIBF_base": 0.017, "Latitude": 6.814648, "Longitude": -4.248613 }, "geometry": { "type": "Point", "coordinates": [ -4.248613, 6.814648 ] } },
{ "type": "Feature", "properties": { "ADM3_FR": "Assikoi", "ADM2_FR": "Adzopé", "ADM1_FR": "Me", "ADM0_EN": "Ivory Coast", "Population": 20899, "Total_bran": 0.0, "Country": "civ", "Filter": 1.0, "ISIBF_base": 0.018, "Latitude": 5.984273, "Longitude": -3.811715 }, "geometry": { "type": "Point", "coordinates": [ -3.811715, 5.984273 ] } },
{ "type": "Feature", "properties": { "ADM3_FR": "Assinie-Mafia", "ADM2_FR": "Adiaké", "ADM1_FR": "Sud-Comoe", "ADM0_EN": "Ivory Coast", "Population": 21941, "Total_bran": 1.0, "Country": "civ", "Filter": 1.0, "ISIBF_base": 0.136, "Latitude": 5.156338, "Longitude": -3.361501 }, "geometry": { "type": "Point", "coordinates": [ -3.361501, 5.156338 ] } },
{ "type": "Feature", "properties": { "ADM3_FR": "Assuéfry", "ADM2_FR": "Transua", "ADM1_FR": "Gontougo", "ADM0_EN": "Ivory Coast", "Population": 45293, "Total_bran": 0.0, "Country": "civ", "Filter": 1.0, "ISIBF_base": 0.002, "Latitude": 7.713228, "Longitude": -2.97045 }, "geometry": { "type": "Point", "coordinates": [ -2.97045, 7.713228 ] } },
{ "type": "Feature", "properties": { "ADM3_FR": "Attiégouakro", "ADM2_FR": "Attiégouakro", "ADM1_FR": "District Autonome De Yamoussoukro", "ADM0_EN": "Ivory Coast", "Population": 14863, "Total_bran": 0.0, "Country": "civ", "Filter": 1.0, "ISIBF_base": 0.036, "Latitude": 6.819906, "Longitude": -5.077769 }, "geometry": { "type": "Point", "coordinates": [ -5.077769, 6.819906 ] } },
{ "type": "Feature", "properties": { "ADM3_FR": "Attobrou", "ADM2_FR": "Agboville", "ADM1_FR": "Agneby-Tiassa", "ADM0_EN": "Ivory Coast", "Population": 25972, "Total_bran": 0.0, "Country": "civ", "Filter": 1.0, "ISIBF_base": 0.013, "Latitude": 6.138251, "Longitude": -4.106247 }, "geometry": { "type": "Point", "coordinates": [ -4.106247, 6.138251 ] } },
{ "type": "Feature", "properties": { "ADM3_FR": "Attoutou", "ADM2_FR": "Jacqueville", "ADM1_FR": "Grands Ponts", "ADM0_EN": "Ivory Coast", "Population": 30899, "Total_bran": 0.0, "Country": "civ", "Filter": 1.0, "ISIBF_base": 0.077, "Latitude": 5.245429, "Longitude": -4.462829 }, "geometry": { "type": "Point", "coordinates": [ -4.462829, 5.245429 ] } },
{ "type": "Feature", "properties": { "ADM3_FR": "Ayamé", "ADM2_FR": "Aboisso", "ADM1_FR": "Sud-Comoe", "ADM0_EN": "Ivory Coast", "Population": 28272, "Total_bran": 0.0, "Country": "civ", "Filter": 1.0, "ISIBF_base": 0.057, "Latitude": 5.617695, "Longitude": -3.188758 }, "geometry": { "type": "Point", "coordinates": [ -3.188758, 5.617695 ] } },
{ "type": "Feature", "properties": { "ADM3_FR": "Ayaou-Sran", "ADM2_FR": "Sakassou", "ADM1_FR": "Gbeke", "ADM0_EN": "Ivory Coast", "Population": 16278, "Total_bran": 0.0, "Country": "civ", "Filter": 1.0, "ISIBF_base": 0.002, "Latitude": 7.369956, "Longitude": -5.648987 }, "geometry": { "type": "Point", "coordinates": [ -5.648987, 7.369956 ] } },
{ "type": "Feature", "properties": { "ADM3_FR": "Azaguié", "ADM2_FR": "Agboville", "ADM1_FR": "Agneby-Tiassa", "ADM0_EN": "Ivory Coast", "Population": 38066, "Total_bran": 0.0, "Country": "civ", "Filter": 1.0, "ISIBF_base": 0.091, "Latitude": 5.649367, "Longitude": -4.041013 }, "geometry": { "type": "Point", "coordinates": [ -4.041013, 5.649367 ] } },
{ "type": "Feature", "properties": { "ADM3_FR": "Bacanda", "ADM2_FR": "Grand-Lahou", "ADM1_FR": "Grands Ponts", "ADM0_EN": "Ivory Coast", "Population": 22926, "Total_bran": 0.0, "Country": "civ", "Filter": 1.0, "ISIBF_base": 0.016, "Latitude": 5.680584, "Longitude": -4.899216 }, "geometry": { "type": "Point", "coordinates": [ -4.899216, 5.680584 ] } },
{ "type": "Feature", "properties": { "ADM3_FR": "Badikaha", "ADM2_FR": "Niakaramandougou", "ADM1_FR": "Hambol", "ADM0_EN": "Ivory Coast", "Population": 27498, "Total_bran": 0.0, "Country": "civ", "Filter": 1.0, "ISIBF_base": 0.002, "Latitude": 9.281396, "Longitude": -5.213681 }, "geometry": { "type": "Point", "coordinates": [ -5.213681, 9.281396 ] } },
{ "type": "Feature", "properties": { "ADM3_FR": "Bagohouo", "ADM2_FR": "Duékoué", "ADM1_FR": "Guemon", "ADM0_EN": "Ivory Coast", "Population": 30001, "Total_bran": 0.0, "Country": "civ", "Filter": 1.0, "ISIBF_base": 0.013, "Latitude": 6.875912, "Longitude": -7.18413 }, "geometry": { "type": "Point", "coordinates": [ -7.18413, 6.875912 ] } },
{ "type": "Feature", "properties": { "ADM3_FR": "Bahouakaha", "ADM2_FR": "Sinématiali", "ADM1_FR": "Poro", "ADM0_EN": "Ivory Coast", "Population": 6300, "Total_bran": 0.0, "Country": "civ", "Filter": 1.0, "ISIBF_base": 0.021, "Latitude": 9.50994, "Longitude": -5.429379 }, "geometry": { "type": "Point", "coordinates": [ -5.429379, 9.50994 ] } },
{ "type": "Feature", "properties": { "ADM3_FR": "Bangolo", "ADM2_FR": "Bangolo", "ADM1_FR": "Guemon", "ADM0_EN": "Ivory Coast", "Population": 56415, "Total_bran": 0.0, "Country": "civ", "Filter": 1.0, "ISIBF_base": 0.013, "Latitude": 7.001282, "Longitude": -7.485499 }, "geometry": { "type": "Point", "coordinates": [ -7.485499, 7.001282 ] } },
{ "type": "Feature", "properties": { "ADM3_FR": "Banneu", "ADM2_FR": "Zouan-Hounien", "ADM1_FR": "Tonkpi", "ADM0_EN": "Ivory Coast", "Population": 20393, "Total_bran": 0.0, "Country": "civ", "Filter": 1.0, "ISIBF_base": 0.006, "Latitude": 7.057076, "Longitude": -8.257461 }, "geometry": { "type": "Point", "coordinates": [ -8.257461, 7.057076 ] } },
{ "type": "Feature", "properties": { "ADM3_FR": "Baya", "ADM2_FR": "Boundiali", "ADM1_FR": "Bagoue", "ADM0_EN": "Ivory Coast", "Population": 41179, "Total_bran": 0.0, "Country": "civ", "Filter": 1.0, "ISIBF_base": 0.018, "Latitude": 9.978694, "Longitude": -6.233522 }, "geometry": { "type": "Point", "coordinates": [ -6.233522, 9.978694 ] } },
{ "type": "Feature", "properties": { "ADM3_FR": "Bayota", "ADM2_FR": "Gagnoa", "ADM1_FR": "Goh", "ADM0_EN": "Ivory Coast", "Population": 54139, "Total_bran": 0.0, "Country": "civ", "Filter": 1.0, "ISIBF_base": 0.022, "Latitude": 6.464074, "Longitude": -5.961514 }, "geometry": { "type": "Point", "coordinates": [ -5.961514, 6.464074 ] } },
{ "type": "Feature", "properties": { "ADM3_FR": "Bazra-Nattis", "ADM2_FR": "Vavoua", "ADM1_FR": "Haut-Sassandra", "ADM0_EN": "Ivory Coast", "Population": 67048, "Total_bran": 0.0, "Country": "civ", "Filter": 1.0, "ISIBF_base": 0.01, "Latitude": 7.663018, "Longitude": -6.636499 }, "geometry": { "type": "Point", "coordinates": [ -6.636499, 7.663018 ] } },
{ "type": "Feature", "properties": { "ADM3_FR": "Bazré", "ADM2_FR": "Sinfra", "ADM1_FR": "Marahoue", "ADM0_EN": "Ivory Coast", "Population": 30562, "Total_bran": 0.0, "Country": "civ", "Filter": 1.0, "ISIBF_base": 0.057, "Latitude": 6.712145, "Longitude": -5.497707 }, "geometry": { "type": "Point", "coordinates": [ -5.497707, 6.712145 ] } },
{ "type": "Feature", "properties": { "ADM3_FR": "Bécédi-Brignan", "ADM2_FR": "Adzopé", "ADM1_FR": "Me", "ADM0_EN": "Ivory Coast", "Population": 22614, "Total_bran": 0.0, "Country": "civ", "Filter": 1.0, "ISIBF_base": 0.026, "Latitude": 5.876987, "Longitude": -4.017397 }, "geometry": { "type": "Point", "coordinates": [ -4.017397, 5.876987 ] } },
{ "type": "Feature", "properties": { "ADM3_FR": "Bécouéfin", "ADM2_FR": "Akoupé", "ADM1_FR": "Me", "ADM0_EN": "Ivory Coast", "Population": 30525, "Total_bran": 0.0, "Country": "civ", "Filter": 1.0, "ISIBF_base": 0.022, "Latitude": 6.534544, "Longitude": -3.750174 }, "geometry": { "type": "Point", "coordinates": [ -3.750174, 6.534544 ] } },
{ "type": "Feature", "properties": { "ADM3_FR": "Bédi-Gaozon", "ADM2_FR": "Guiglo", "ADM1_FR": "Cavally", "ADM0_EN": "Ivory Coast", "Population": 26618, "Total_bran": 0.0, "Country": "civ", "Filter": 1.0, "ISIBF_base": 0.01, "Latitude": 6.68987, "Longitude": -7.760653 }, "geometry": { "type": "Point", "coordinates": [ -7.760653, 6.68987 ] } },
{ "type": "Feature", "properties": { "ADM3_FR": "Bédiala", "ADM2_FR": "Daloa", "ADM1_FR": "Haut-Sassandra", "ADM0_EN": "Ivory Coast", "Population": 84474, "Total_bran": 0.0, "Country": "civ", "Filter": 1.0, "ISIBF_base": 0.013, "Latitude": 7.134186, "Longitude": -6.235626 }, "geometry": { "type": "Point", "coordinates": [ -6.235626, 7.134186 ] } },
{ "type": "Feature", "properties": { "ADM3_FR": "Bégbéssou", "ADM2_FR": "Bouaflé", "ADM1_FR": "Marahoue", "ADM0_EN": "Ivory Coast", "Population": 24476, "Total_bran": 0.0, "Country": "civ", "Filter": 1.0, "ISIBF_base": 0.028, "Latitude": 7.068261, "Longitude": -5.552813 }, "geometry": { "type": "Point", "coordinates": [ -5.552813, 7.068261 ] } },
{ "type": "Feature", "properties": { "ADM3_FR": "Bengassou", "ADM2_FR": "Bocanda", "ADM1_FR": "N'Zi", "ADM0_EN": "Ivory Coast", "Population": 24655, "Total_bran": 0.0, "Country": "civ", "Filter": 1.0, "ISIBF_base": 0.012, "Latitude": 6.823667, "Longitude": -4.453822 }, "geometry": { "type": "Point", "coordinates": [ -4.453822, 6.823667 ] } },
{ "type": "Feature", "properties": { "ADM3_FR": "Béoué-Zibiao", "ADM2_FR": "Bangolo", "ADM1_FR": "Guemon", "ADM0_EN": "Ivory Coast", "Population": 18297, "Total_bran": 0.0, "Country": "civ", "Filter": 1.0, "ISIBF_base": 0.008, "Latitude": 7.155147, "Longitude": -7.374474 }, "geometry": { "type": "Point", "coordinates": [ -7.374474, 7.155147 ] } },
{ "type": "Feature", "properties": { "ADM3_FR": "Biankouma", "ADM2_FR": "Biankouma", "ADM1_FR": "Tonkpi", "ADM0_EN": "Ivory Coast", "Population": 71470, "Total_bran": 0.0, "Country": "civ", "Filter": 1.0, "ISIBF_base": 0.008, "Latitude": 7.734899, "Longitude": -7.670667 }, "geometry": { "type": "Point", "coordinates": [ -7.670667, 7.734899 ] } },
{ "type": "Feature", "properties": { "ADM3_FR": "Biéby", "ADM2_FR": "Yakassé-Attobrou", "ADM1_FR": "Me", "ADM0_EN": "Ivory Coast", "Population": 24178, "Total_bran": 0.0, "Country": "civ", "Filter": 1.0, "ISIBF_base": 0.008, "Latitude": 5.969568, "Longitude": -3.584783 }, "geometry": { "type": "Point", "coordinates": [ -3.584783, 5.969568 ] } },
{ "type": "Feature", "properties": { "ADM3_FR": "Bingerville", "ADM2_FR": "Abidjan", "ADM1_FR": "District Autonome D'Abidjan", "ADM0_EN": "Ivory Coast", "Population": 204656, "Total_bran": 6.0, "Country": "civ", "Filter": 1.0, "ISIBF_base": 0.516, "Latitude": 5.343973, "Longitude": -3.845493 }, "geometry": { "type": "Point", "coordinates": [ -3.845493, 5.343973 ] } },
{ "type": "Feature", "properties": { "ADM3_FR": "Blapleu", "ADM2_FR": "Biankouma", "ADM1_FR": "Tonkpi", "ADM0_EN": "Ivory Coast", "Population": 25371, "Total_bran": 0.0, "Country": "civ", "Filter": 1.0, "ISIBF_base": 0.021, "Latitude": 7.60088, "Longitude": -7.740563 }, "geometry": { "type": "Point", "coordinates": [ -7.740563, 7.60088 ] } },
{ "type": "Feature", "properties": { "ADM3_FR": "Blességué", "ADM2_FR": "Kouto", "ADM1_FR": "Bagoue", "ADM0_EN": "Ivory Coast", "Population": 21345, "Total_bran": 0.0, "Country": "civ", "Filter": 1.0, "ISIBF_base": 0.012, "Latitude": 10.174569, "Longitude": -6.31459 }, "geometry": { "type": "Point", "coordinates": [ -6.31459, 10.174569 ] } },
{ "type": "Feature", "properties": { "ADM3_FR": "Bobi-Diarabana", "ADM2_FR": "Séguéla", "ADM1_FR": "Worodougou", "ADM0_EN": "Ivory Coast", "Population": 32201, "Total_bran": 0.0, "Country": "civ", "Filter": 1.0, "ISIBF_base": 0.006, "Latitude": 8.197742, "Longitude": -6.576607 }, "geometry": { "type": "Point", "coordinates": [ -6.576607, 8.197742 ] } },
{ "type": "Feature", "properties": { "ADM3_FR": "Bocanda", "ADM2_FR": "Bocanda", "ADM1_FR": "N'Zi", "ADM0_EN": "Ivory Coast", "Population": 59242, "Total_bran": 0.0, "Country": "civ", "Filter": 1.0, "ISIBF_base": 0.002, "Latitude": 7.060766, "Longitude": -4.532106 }, "geometry": { "type": "Point", "coordinates": [ -4.532106, 7.060766 ] } },
{ "type": "Feature", "properties": { "ADM3_FR": "Bodokro", "ADM2_FR": "Béoumi", "ADM1_FR": "Gbeke", "ADM0_EN": "Ivory Coast", "Population": 37048, "Total_bran": 0.0, "Country": "civ", "Filter": 1.0, "ISIBF_base": 0.001, "Latitude": 7.892348, "Longitude": -5.509728 }, "geometry": { "type": "Point", "coordinates": [ -5.509728, 7.892348 ] } },
{ "type": "Feature", "properties": { "ADM3_FR": "Bogouiné", "ADM2_FR": "Man", "ADM1_FR": "Tonkpi", "ADM0_EN": "Ivory Coast", "Population": 21096, "Total_bran": 0.0, "Country": "civ", "Filter": 1.0, "ISIBF_base": 0.033, "Latitude": 7.242025, "Longitude": -7.59825 }, "geometry": { "type": "Point", "coordinates": [ -7.59825, 7.242025 ] } },
{ "type": "Feature", "properties": { "ADM3_FR": "Boguédia", "ADM2_FR": "Issia", "ADM1_FR": "Haut-Sassandra", "ADM0_EN": "Ivory Coast", "Population": 26336, "Total_bran": 0.0, "Country": "civ", "Filter": 1.0, "ISIBF_base": 0.052, "Latitude": 6.633181, "Longitude": -6.502159 }, "geometry": { "type": "Point", "coordinates": [ -6.502159, 6.633181 ] } },
{ "type": "Feature", "properties": { "ADM3_FR": "Boli", "ADM2_FR": "Didievi", "ADM1_FR": "Belier", "ADM0_EN": "Ivory Coast", "Population": 14006, "Total_bran": 0.0, "Country": "civ", "Filter": 1.0, "ISIBF_base": 0.003, "Latitude": 7.262671, "Longitude": -4.82693 }, "geometry": { "type": "Point", "coordinates": [ -4.82693, 7.262671 ] } },
{ "type": "Feature", "properties": { "ADM3_FR": "Bongo", "ADM2_FR": "Grand-Bassam", "ADM1_FR": "Sud-Comoe", "ADM0_EN": "Ivory Coast", "Population": 24148, "Total_bran": 0.0, "Country": "civ", "Filter": 1.0, "ISIBF_base": 0.071, "Latitude": 5.479627, "Longitude": -3.511488 }, "geometry": { "type": "Point", "coordinates": [ -3.511488, 5.479627 ] } },
{ "type": "Feature", "properties": { "ADM3_FR": "Bonieredougou", "ADM2_FR": "Dabakala", "ADM1_FR": "Hambol", "ADM0_EN": "Ivory Coast", "Population": 27696, "Total_bran": 0.0, "Country": "civ", "Filter": 1.0, "ISIBF_base": 0.001, "Latitude": 8.308647, "Longitude": -4.753175 }, "geometry": { "type": "Point", "coordinates": [ -4.753175, 8.308647 ] } },
{ "type": "Feature", "properties": { "ADM3_FR": "Bonikro", "ADM2_FR": "Djekanou", "ADM1_FR": "Belier", "ADM0_EN": "Ivory Coast", "Population": 10337, "Total_bran": 0.0, "Country": "civ", "Filter": 1.0, "ISIBF_base": 0.023, "Latitude": 6.384735, "Longitude": -5.146111 }, "geometry": { "type": "Point", "coordinates": [ -5.146111, 6.384735 ] } },
{ "type": "Feature", "properties": { "ADM3_FR": "Bonon", "ADM2_FR": "Bouaflé", "ADM1_FR": "Marahoue", "ADM0_EN": "Ivory Coast", "Population": 116871, "Total_bran": 0.0, "Country": "civ", "Filter": 1.0, "ISIBF_base": 0.013, "Latitude": 6.958188, "Longitude": -6.045318 }, "geometry": { "type": "Point", "coordinates": [ -6.045318, 6.958188 ] } },
{ "type": "Feature", "properties": { "ADM3_FR": "Bonoua", "ADM2_FR": "Grand-Bassam", "ADM1_FR": "Sud-Comoe", "ADM0_EN": "Ivory Coast", "Population": 118388, "Total_bran": 3.0, "Country": "civ", "Filter": 1.0, "ISIBF_base": 0.261, "Latitude": 5.268955, "Longitude": -3.540767 }, "geometry": { "type": "Point", "coordinates": [ -3.540767, 5.268955 ] } },
{ "type": "Feature", "properties": { "ADM3_FR": "Botro", "ADM2_FR": "Botro", "ADM1_FR": "Gbeke", "ADM0_EN": "Ivory Coast", "Population": 36461, "Total_bran": 0.0, "Country": "civ", "Filter": 1.0, "ISIBF_base": 0.011, "Latitude": 7.855715, "Longitude": -5.325579 }, "geometry": { "type": "Point", "coordinates": [ -5.325579, 7.855715 ] } },
{ "type": "Feature", "properties": { "ADM3_FR": "Bouaflé", "ADM2_FR": "Bouaflé", "ADM1_FR": "Marahoue", "ADM0_EN": "Ivory Coast", "Population": 213967, "Total_bran": 2.0, "Country": "civ", "Filter": 1.0, "ISIBF_base": 0.173, "Latitude": 6.947036, "Longitude": -5.689904 }, "geometry": { "type": "Point", "coordinates": [ -5.689904, 6.947036 ] } },
{ "type": "Feature", "properties": { "ADM3_FR": "Bouaké", "ADM2_FR": "Bouaké", "ADM1_FR": "Gbeke", "ADM0_EN": "Ivory Coast", "Population": 832371, "Total_bran": 17.0, "Country": "civ", "Filter": 1.0, "ISIBF_base": 0.44, "Latitude": 7.796676, "Longitude": -4.937707 }, "geometry": { "type": "Point", "coordinates": [ -4.937707, 7.796676 ] } },
{ "type": "Feature", "properties": { "ADM3_FR": "Bougousso", "ADM2_FR": "Odienne", "ADM1_FR": "Kabadougou", "ADM0_EN": "Ivory Coast", "Population": 10151, "Total_bran": 0.0, "Country": "civ", "Filter": 1.0, "ISIBF_base": 0.006, "Latitude": 9.272112, "Longitude": -7.795969 }, "geometry": { "type": "Point", "coordinates": [ -7.795969, 9.272112 ] } },
{ "type": "Feature", "properties": { "ADM3_FR": "Bounda", "ADM2_FR": "Bouaké", "ADM1_FR": "Gbeke", "ADM0_EN": "Ivory Coast", "Population": 15710, "Total_bran": 0.0, "Country": "civ", "Filter": 1.0, "ISIBF_base": 0.011, "Latitude": 7.623079, "Longitude": -4.654401 }, "geometry": { "type": "Point", "coordinates": [ -4.654401, 7.623079 ] } },
{ "type": "Feature", "properties": { "ADM3_FR": "Brobo", "ADM2_FR": "Bouaké", "ADM1_FR": "Gbeke", "ADM0_EN": "Ivory Coast", "Population": 22780, "Total_bran": 0.0, "Country": "civ", "Filter": 1.0, "ISIBF_base": 0.054, "Latitude": 7.636473, "Longitude": -4.835946 }, "geometry": { "type": "Point", "coordinates": [ -4.835946, 7.636473 ] } },
{ "type": "Feature", "properties": { "ADM3_FR": "Brofodoumé", "ADM2_FR": "Abidjan", "ADM1_FR": "District Autonome D'Abidjan", "ADM0_EN": "Ivory Coast", "Population": 20357, "Total_bran": 0.0, "Country": "civ", "Filter": 1.0, "ISIBF_base": 0.186, "Latitude": 5.508264, "Longitude": -3.921368 }, "geometry": { "type": "Point", "coordinates": [ -3.921368, 5.508264 ] } },
{ "type": "Feature", "properties": { "ADM3_FR": "Cechi", "ADM2_FR": "Agboville", "ADM1_FR": "Agneby-Tiassa", "ADM0_EN": "Ivory Coast", "Population": 25967, "Total_bran": 0.0, "Country": "civ", "Filter": 1.0, "ISIBF_base": 0.003, "Latitude": 6.190412, "Longitude": -4.416158 }, "geometry": { "type": "Point", "coordinates": [ -4.416158, 6.190412 ] } },
{ "type": "Feature", "properties": { "ADM3_FR": "Chiépo", "ADM2_FR": "Divo", "ADM1_FR": "Loh-Djiboua", "ADM0_EN": "Ivory Coast", "Population": 26330, "Total_bran": 0.0, "Country": "civ", "Filter": 1.0, "ISIBF_base": 0.018, "Latitude": 5.732319, "Longitude": -5.07896 }, "geometry": { "type": "Point", "coordinates": [ -5.07896, 5.732319 ] } },
{ "type": "Feature", "properties": { "ADM3_FR": "Dabou", "ADM2_FR": "Dabou", "ADM1_FR": "Grands Ponts", "ADM0_EN": "Ivory Coast", "Population": 138083, "Total_bran": 3.0, "Country": "civ", "Filter": 1.0, "ISIBF_base": 0.263, "Latitude": 5.373984, "Longitude": -4.390478 }, "geometry": { "type": "Point", "coordinates": [ -4.390478, 5.373984 ] } },
{ "type": "Feature", "properties": { "ADM3_FR": "Dahiépa-Kéhi", "ADM2_FR": "Gagnoa", "ADM1_FR": "Goh", "ADM0_EN": "Ivory Coast", "Population": 20827, "Total_bran": 0.0, "Country": "civ", "Filter": 1.0, "ISIBF_base": 0.03, "Latitude": 6.267959, "Longitude": -5.821928 }, "geometry": { "type": "Point", "coordinates": [ -5.821928, 6.267959 ] } },
{ "type": "Feature", "properties": { "ADM3_FR": "Dairo Didizo", "ADM2_FR": "Guitry", "ADM1_FR": "Loh-Djiboua", "ADM0_EN": "Ivory Coast", "Population": 59267, "Total_bran": 0.0, "Country": "civ", "Filter": 1.0, "ISIBF_base": 0.017, "Latitude": 5.569236, "Longitude": -5.434259 }, "geometry": { "type": "Point", "coordinates": [ -5.434259, 5.569236 ] } },
{ "type": "Feature", "properties": { "ADM3_FR": "Dakpadou", "ADM2_FR": "Sassandra", "ADM1_FR": "Gbokle", "ADM0_EN": "Ivory Coast", "Population": 71998, "Total_bran": 0.0, "Country": "civ", "Filter": 1.0, "ISIBF_base": 0.006, "Latitude": 5.246518, "Longitude": -6.058355 }, "geometry": { "type": "Point", "coordinates": [ -6.058355, 5.246518 ] } },
{ "type": "Feature", "properties": { "ADM3_FR": "Daleu", "ADM2_FR": "Danané", "ADM1_FR": "Tonkpi", "ADM0_EN": "Ivory Coast", "Population": 56653, "Total_bran": 0.0, "Country": "civ", "Filter": 1.0, "ISIBF_base": 0.004, "Latitude": 7.566274, "Longitude": -8.079422 }, "geometry": { "type": "Point", "coordinates": [ -8.079422, 7.566274 ] } },
{ "type": "Feature", "properties": { "ADM3_FR": "Daloa", "ADM2_FR": "Daloa", "ADM1_FR": "Haut-Sassandra", "ADM0_EN": "Ivory Coast", "Population": 421879, "Total_bran": 13.0, "Country": "civ", "Filter": 1.0, "ISIBF_base": 0.4, "Latitude": 6.871151, "Longitude": -6.402347 }, "geometry": { "type": "Point", "coordinates": [ -6.402347, 6.871151 ] } },
{ "type": "Feature", "properties": { "ADM3_FR": "Damé", "ADM2_FR": "Agnibilékrou", "ADM1_FR": "Indenie-Djuablin", "ADM0_EN": "Ivory Coast", "Population": 23691, "Total_bran": 0.0, "Country": "civ", "Filter": 1.0, "ISIBF_base": 0.032, "Latitude": 7.009822, "Longitude": -3.159993 }, "geometry": { "type": "Point", "coordinates": [ -3.159993, 7.009822 ] } },
{ "type": "Feature", "properties": { "ADM3_FR": "Dananon", "ADM2_FR": "Vavoua", "ADM1_FR": "Haut-Sassandra", "ADM0_EN": "Ivory Coast", "Population": 36746, "Total_bran": 0.0, "Country": "civ", "Filter": 1.0, "ISIBF_base": 0.001, "Latitude": 7.628884, "Longitude": -6.344909 }, "geometry": { "type": "Point", "coordinates": [ -6.344909, 7.628884 ] } },
{ "type": "Feature", "properties": { "ADM3_FR": "Danguira", "ADM2_FR": "Alépé", "ADM1_FR": "Me", "ADM0_EN": "Ivory Coast", "Population": 55413, "Total_bran": 0.0, "Country": "civ", "Filter": 1.0, "ISIBF_base": 0.012, "Latitude": 5.737316, "Longitude": -3.703783 }, "geometry": { "type": "Point", "coordinates": [ -3.703783, 5.737316 ] } },
{ "type": "Feature", "properties": { "ADM3_FR": "Dapéoua", "ADM2_FR": "Buyo", "ADM1_FR": "Nawa", "ADM0_EN": "Ivory Coast", "Population": 75721, "Total_bran": 0.0, "Country": "civ", "Filter": 1.0, "ISIBF_base": 0.01, "Latitude": 6.046555, "Longitude": -6.885843 }, "geometry": { "type": "Point", "coordinates": [ -6.885843, 6.046555 ] } },
{ "type": "Feature", "properties": { "ADM3_FR": "Dassoungboho", "ADM2_FR": "Korhogo", "ADM1_FR": "Poro", "ADM0_EN": "Ivory Coast", "Population": 8703, "Total_bran": 0.0, "Country": "civ", "Filter": 1.0, "ISIBF_base": 0.104, "Latitude": 9.382245, "Longitude": -5.788822 }, "geometry": { "type": "Point", "coordinates": [ -5.788822, 9.382245 ] } },
{ "type": "Feature", "properties": { "ADM3_FR": "Diabo", "ADM2_FR": "Botro", "ADM1_FR": "Gbeke", "ADM0_EN": "Ivory Coast", "Population": 93224, "Total_bran": 0.0, "Country": "civ", "Filter": 1.0, "ISIBF_base": 0.042, "Latitude": 7.844846, "Longitude": -5.169861 }, "geometry": { "type": "Point", "coordinates": [ -5.169861, 7.844846 ] } },
{ "type": "Feature", "properties": { "ADM3_FR": "Diamarakro", "ADM2_FR": "Béttié", "ADM1_FR": "Indenie-Djuablin", "ADM0_EN": "Ivory Coast", "Population": 36621, "Total_bran": 0.0, "Country": "civ", "Filter": 1.0, "ISIBF_base": 0.001, "Latitude": 6.253996, "Longitude": -3.286216 }, "geometry": { "type": "Point", "coordinates": [ -3.286216, 6.253996 ] } },
{ "type": "Feature", "properties": { "ADM3_FR": "Diangokro", "ADM2_FR": "Dimbokro", "ADM1_FR": "N'Zi", "ADM0_EN": "Ivory Coast", "Population": 16135, "Total_bran": 0.0, "Country": "civ", "Filter": 1.0, "ISIBF_base": 0.043, "Latitude": 6.771194, "Longitude": -4.588921 }, "geometry": { "type": "Point", "coordinates": [ -4.588921, 6.771194 ] } },
{ "type": "Feature", "properties": { "ADM3_FR": "Diawala", "ADM2_FR": "Ouangolodougou", "ADM1_FR": "Tchologo", "ADM0_EN": "Ivory Coast", "Population": 85334, "Total_bran": 0.0, "Country": "civ", "Filter": 1.0, "ISIBF_base": 0.004, "Latitude": 10.01474, "Longitude": -5.510531 }, "geometry": { "type": "Point", "coordinates": [ -5.510531, 10.01474 ] } },
{ "type": "Feature", "properties": { "ADM3_FR": "Dibri-Assirikro", "ADM2_FR": "Sakassou", "ADM1_FR": "Gbeke", "ADM0_EN": "Ivory Coast", "Population": 18405, "Total_bran": 0.0, "Country": "civ", "Filter": 1.0, "ISIBF_base": 0.012, "Latitude": 7.568274, "Longitude": -5.189795 }, "geometry": { "type": "Point", "coordinates": [ -5.189795, 7.568274 ] } },
{ "type": "Feature", "properties": { "ADM3_FR": "Didievi", "ADM2_FR": "Didievi", "ADM1_FR": "Belier", "ADM0_EN": "Ivory Coast", "Population": 26500, "Total_bran": 0.0, "Country": "civ", "Filter": 1.0, "ISIBF_base": 0.004, "Latitude": 7.084067, "Longitude": -4.845659 }, "geometry": { "type": "Point", "coordinates": [ -4.845659, 7.084067 ] } },
{ "type": "Feature", "properties": { "ADM3_FR": "Didoko", "ADM2_FR": "Divo", "ADM1_FR": "Loh-Djiboua", "ADM0_EN": "Ivory Coast", "Population": 34280, "Total_bran": 0.0, "Country": "civ", "Filter": 1.0, "ISIBF_base": 0.036, "Latitude": 6.01402, "Longitude": -5.262902 }, "geometry": { "type": "Point", "coordinates": [ -5.262902, 6.01402 ] } },
{ "type": "Feature", "properties": { "ADM3_FR": "Diégonéfla", "ADM2_FR": "Oumé", "ADM1_FR": "Goh", "ADM0_EN": "Ivory Coast", "Population": 74076, "Total_bran": 0.0, "Country": "civ", "Filter": 1.0, "ISIBF_base": 0.022, "Latitude": 6.238021, "Longitude": -5.583867 }, "geometry": { "type": "Point", "coordinates": [ -5.583867, 6.238021 ] } },
{ "type": "Feature", "properties": { "ADM3_FR": "Diéouzon", "ADM2_FR": "Bangolo", "ADM1_FR": "Guemon", "ADM0_EN": "Ivory Coast", "Population": 18316, "Total_bran": 0.0, "Country": "civ", "Filter": 1.0, "ISIBF_base": 0.003, "Latitude": 7.161123, "Longitude": -7.295329 }, "geometry": { "type": "Point", "coordinates": [ -7.295329, 7.161123 ] } },
{ "type": "Feature", "properties": { "ADM3_FR": "Dignago", "ADM2_FR": "Gagnoa", "ADM1_FR": "Goh", "ADM0_EN": "Ivory Coast", "Population": 35712, "Total_bran": 0.0, "Country": "civ", "Filter": 1.0, "ISIBF_base": 0.008, "Latitude": 6.217331, "Longitude": -6.321795 }, "geometry": { "type": "Point", "coordinates": [ -6.321795, 6.217331 ] } },
{ "type": "Feature", "properties": { "ADM3_FR": "Dimbokro", "ADM2_FR": "Dimbokro", "ADM1_FR": "N'Zi", "ADM0_EN": "Ivory Coast", "Population": 70198, "Total_bran": 3.0, "Country": "civ", "Filter": 1.0, "ISIBF_base": 0.212, "Latitude": 6.667232, "Longitude": -4.688289 }, "geometry": { "type": "Point", "coordinates": [ -4.688289, 6.667232 ] } },
{ "type": "Feature", "properties": { "ADM3_FR": "Divo", "ADM2_FR": "Divo", "ADM1_FR": "Loh-Djiboua", "ADM0_EN": "Ivory Coast", "Population": 294559, "Total_bran": 3.0, "Country": "civ", "Filter": 1.0, "ISIBF_base": 0.213, "Latitude": 5.790387, "Longitude": -5.356951 }, "geometry": { "type": "Point", "coordinates": [ -5.356951, 5.790387 ] } },
{ "type": "Feature", "properties": { "ADM3_FR": "Djamandioké", "ADM2_FR": "Tabou", "ADM1_FR": "San Pedro", "ADM0_EN": "Ivory Coast", "Population": 22824, "Total_bran": 0.0, "Country": "civ", "Filter": 1.0, "ISIBF_base": 0.008, "Latitude": 4.507285, "Longitude": -7.501286 }, "geometry": { "type": "Point", "coordinates": [ -7.501286, 4.507285 ] } },
{ "type": "Feature", "properties": { "ADM3_FR": "Djébonoua", "ADM2_FR": "Bouaké", "ADM1_FR": "Gbeke", "ADM0_EN": "Ivory Coast", "Population": 40481, "Total_bran": 0.0, "Country": "civ", "Filter": 1.0, "ISIBF_base": 0.013, "Latitude": 7.461026, "Longitude": -5.098546 }, "geometry": { "type": "Point", "coordinates": [ -5.098546, 7.461026 ] } },
{ "type": "Feature", "properties": { "ADM3_FR": "Djékanou", "ADM2_FR": "Djekanou", "ADM1_FR": "Belier", "ADM0_EN": "Ivory Coast", "Population": 26944, "Total_bran": 0.0, "Country": "civ", "Filter": 1.0, "ISIBF_base": 0.032, "Latitude": 6.445656, "Longitude": -5.081638 }, "geometry": { "type": "Point", "coordinates": [ -5.081638, 6.445656 ] } },
{ "type": "Feature", "properties": { "ADM3_FR": "Djidji", "ADM2_FR": "Lakota", "ADM1_FR": "Loh-Djiboua", "ADM0_EN": "Ivory Coast", "Population": 16114, "Total_bran": 0.0, "Country": "civ", "Filter": 1.0, "ISIBF_base": 0.025, "Latitude": 6.139794, "Longitude": -5.691599 }, "geometry": { "type": "Point", "coordinates": [ -5.691599, 6.139794 ] } },
{ "type": "Feature", "properties": { "ADM3_FR": "Doba", "ADM2_FR": "San Pédro", "ADM1_FR": "San Pedro", "ADM0_EN": "Ivory Coast", "Population": 95246, "Total_bran": 0.0, "Country": "civ", "Filter": 1.0, "ISIBF_base": 0.014, "Latitude": 5.198802, "Longitude": -6.813429 }, "geometry": { "type": "Point", "coordinates": [ -6.813429, 5.198802 ] } },
{ "type": "Feature", "properties": { "ADM3_FR": "Dougroupalégnoa", "ADM2_FR": "Gagnoa", "ADM1_FR": "Goh", "ADM0_EN": "Ivory Coast", "Population": 58655, "Total_bran": 0.0, "Country": "civ", "Filter": 1.0, "ISIBF_base": 0.104, "Latitude": 5.99725, "Longitude": -5.936467 }, "geometry": { "type": "Point", "coordinates": [ -5.936467, 5.99725 ] } },
{ "type": "Feature", "properties": { "ADM3_FR": "Doukouyo", "ADM2_FR": "Gagnoa", "ADM1_FR": "Goh", "ADM0_EN": "Ivory Coast", "Population": 18867, "Total_bran": 0.0, "Country": "civ", "Filter": 1.0, "ISIBF_base": 0.012, "Latitude": 5.788885, "Longitude": -6.01222 }, "geometry": { "type": "Point", "coordinates": [ -6.01222, 5.788885 ] } },
{ "type": "Feature", "properties": { "ADM3_FR": "Dualla", "ADM2_FR": "Séguéla", "ADM1_FR": "Worodougou", "ADM0_EN": "Ivory Coast", "Population": 9996, "Total_bran": 0.0, "Country": "civ", "Filter": 1.0, "ISIBF_base": 0.008, "Latitude": 8.140558, "Longitude": -6.44201 }, "geometry": { "type": "Point", "coordinates": [ -6.44201, 8.140558 ] } },
{ "type": "Feature", "properties": { "ADM3_FR": "Duékoué", "ADM2_FR": "Duékoué", "ADM1_FR": "Guemon", "ADM0_EN": "Ivory Coast", "Population": 220953, "Total_bran": 5.0, "Country": "civ", "Filter": 1.0, "ISIBF_base": 0.273, "Latitude": 6.720156, "Longitude": -7.407172 }, "geometry": { "type": "Point", "coordinates": [ -7.407172, 6.720156 ] } },
{ "type": "Feature", "properties": { "ADM3_FR": "Duffrebo", "ADM2_FR": "Agnibilékrou", "ADM1_FR": "Indenie-Djuablin", "ADM0_EN": "Ivory Coast", "Population": 44107, "Total_bran": 0.0, "Country": "civ", "Filter": 1.0, "ISIBF_base": 0.014, "Latitude": 7.176515, "Longitude": -3.504641 }, "geometry": { "type": "Point", "coordinates": [ -3.504641, 7.176515 ] } },
{ "type": "Feature", "properties": { "ADM3_FR": "Ebilassokro", "ADM2_FR": "Abengourou", "ADM1_FR": "Indenie-Djuablin", "ADM0_EN": "Ivory Coast", "Population": 28331, "Total_bran": 0.0, "Country": "civ", "Filter": 1.0, "ISIBF_base": 0.009, "Latitude": 6.366177, "Longitude": -3.307525 }, "geometry": { "type": "Point", "coordinates": [ -3.307525, 6.366177 ] } },
{ "type": "Feature", "properties": { "ADM3_FR": "Ebonou", "ADM2_FR": "Grand-Lahou", "ADM1_FR": "Grands Ponts", "ADM0_EN": "Ivory Coast", "Population": 18552, "Total_bran": 0.0, "Country": "civ", "Filter": 1.0, "ISIBF_base": 0.001, "Latitude": 5.160955, "Longitude": -5.34971 }, "geometry": { "type": "Point", "coordinates": [ -5.34971, 5.160955 ] } },
{ "type": "Feature", "properties": { "ADM3_FR": "Ettrokro", "ADM2_FR": "Daoukro", "ADM1_FR": "Iffou", "ADM0_EN": "Ivory Coast", "Population": 22963, "Total_bran": 0.0, "Country": "civ", "Filter": 1.0, "ISIBF_base": 0.005, "Latitude": 7.265451, "Longitude": -3.704678 }, "geometry": { "type": "Point", "coordinates": [ -3.704678, 7.265451 ] } },
{ "type": "Feature", "properties": { "ADM3_FR": "Etuéboué", "ADM2_FR": "Adiaké", "ADM1_FR": "Sud-Comoe", "ADM0_EN": "Ivory Coast", "Population": 15510, "Total_bran": 0.0, "Country": "civ", "Filter": 1.0, "ISIBF_base": 0.048, "Latitude": 5.183235, "Longitude": -3.167047 }, "geometry": { "type": "Point", "coordinates": [ -3.167047, 5.183235 ] } },
{ "type": "Feature", "properties": { "ADM3_FR": "Facobly", "ADM2_FR": "Facobly", "ADM1_FR": "Guemon", "ADM0_EN": "Ivory Coast", "Population": 27352, "Total_bran": 0.0, "Country": "civ", "Filter": 1.0, "ISIBF_base": 0.027, "Latitude": 7.408985, "Longitude": -7.376165 }, "geometry": { "type": "Point", "coordinates": [ -7.376165, 7.408985 ] } },
{ "type": "Feature", "properties": { "ADM3_FR": "Fagnampleu", "ADM2_FR": "Man", "ADM1_FR": "Tonkpi", "ADM0_EN": "Ivory Coast", "Population": 3149, "Total_bran": 0.0, "Country": "civ", "Filter": 1.0, "ISIBF_base": 0.058, "Latitude": 7.454001, "Longitude": -7.447349 }, "geometry": { "type": "Point", "coordinates": [ -7.447349, 7.454001 ] } },
{ "type": "Feature", "properties": { "ADM3_FR": "Ferkéssédougou", "ADM2_FR": "Ferkessédougou", "ADM1_FR": "Tchologo", "ADM0_EN": "Ivory Coast", "Population": 160267, "Total_bran": 4.0, "Country": "civ", "Filter": 1.0, "ISIBF_base": 0.248, "Latitude": 9.720046, "Longitude": -5.18591 }, "geometry": { "type": "Point", "coordinates": [ -5.18591, 9.720046 ] } },
{ "type": "Feature", "properties": { "ADM3_FR": "Fronan", "ADM2_FR": "Katiola", "ADM1_FR": "Hambol", "ADM0_EN": "Ivory Coast", "Population": 56796, "Total_bran": 0.0, "Country": "civ", "Filter": 1.0, "ISIBF_base": 0.011, "Latitude": 8.315669, "Longitude": -5.231659 }, "geometry": { "type": "Point", "coordinates": [ -5.231659, 8.315669 ] } },
{ "type": "Feature", "properties": { "ADM3_FR": "Gabiadji", "ADM2_FR": "San Pédro", "ADM1_FR": "San Pedro", "ADM0_EN": "Ivory Coast", "Population": 113369, "Total_bran": 0.0, "Country": "civ", "Filter": 1.0, "ISIBF_base": 0.032, "Latitude": 5.098041, "Longitude": -6.502055 }, "geometry": { "type": "Point", "coordinates": [ -6.502055, 5.098041 ] } },
{ "type": "Feature", "properties": { "ADM3_FR": "Gadouan", "ADM2_FR": "Daloa", "ADM1_FR": "Haut-Sassandra", "ADM0_EN": "Ivory Coast", "Population": 62056, "Total_bran": 0.0, "Country": "civ", "Filter": 1.0, "ISIBF_base": 0.025, "Latitude": 6.687739, "Longitude": -6.205274 }, "geometry": { "type": "Point", "coordinates": [ -6.205274, 6.687739 ] } },
{ "type": "Feature", "properties": { "ADM3_FR": "Gagnoa", "ADM2_FR": "Gagnoa", "ADM1_FR": "Goh", "ADM0_EN": "Ivory Coast", "Population": 277044, "Total_bran": 7.0, "Country": "civ", "Filter": 1.0, "ISIBF_base": 0.316, "Latitude": 6.094648, "Longitude": -5.974081 }, "geometry": { "type": "Point", "coordinates": [ -5.974081, 6.094648 ] } },
{ "type": "Feature", "properties": { "ADM3_FR": "Galébouo", "ADM2_FR": "Gagnoa", "ADM1_FR": "Goh", "ADM0_EN": "Ivory Coast", "Population": 38550, "Total_bran": 0.0, "Country": "civ", "Filter": 1.0, "ISIBF_base": 0.017, "Latitude": 6.01859, "Longitude": -6.256721 }, "geometry": { "type": "Point", "coordinates": [ -6.256721, 6.01859 ] } },
{ "type": "Feature", "properties": { "ADM3_FR": "Ganaoni", "ADM2_FR": "Boundiali", "ADM1_FR": "Bagoue", "ADM0_EN": "Ivory Coast", "Population": 25216, "Total_bran": 0.0, "Country": "civ", "Filter": 1.0, "ISIBF_base": 0.017, "Latitude": 9.253337, "Longitude": -6.459986 }, "geometry": { "type": "Point", "coordinates": [ -6.459986, 9.253337 ] } },
{ "type": "Feature", "properties": { "ADM3_FR": "Gbagbam", "ADM2_FR": "Fresco", "ADM1_FR": "Gbokle", "ADM0_EN": "Ivory Coast", "Population": 24832, "Total_bran": 0.0, "Country": "civ", "Filter": 1.0, "ISIBF_base": 0.003, "Latitude": 5.489383, "Longitude": -5.637045 }, "geometry": { "type": "Point", "coordinates": [ -5.637045, 5.489383 ] } },
{ "type": "Feature", "properties": { "ADM3_FR": "Gbangbégouiné", "ADM2_FR": "Biankouma", "ADM1_FR": "Tonkpi", "ADM0_EN": "Ivory Coast", "Population": 4132, "Total_bran": 0.0, "Country": "civ", "Filter": 1.0, "ISIBF_base": 0.015, "Latitude": 7.676615, "Longitude": -7.49301 }, "geometry": { "type": "Point", "coordinates": [ -7.49301, 7.676615 ] } },
{ "type": "Feature", "properties": { "ADM3_FR": "Gbangbegouiné-Yati", "ADM2_FR": "Man", "ADM1_FR": "Tonkpi", "ADM0_EN": "Ivory Coast", "Population": 25660, "Total_bran": 0.0, "Country": "civ", "Filter": 1.0, "ISIBF_base": 0.079, "Latitude": 7.390883, "Longitude": -7.688528 }, "geometry": { "type": "Point", "coordinates": [ -7.688528, 7.390883 ] } },
{ "type": "Feature", "properties": { "ADM3_FR": "Gbapleu", "ADM2_FR": "Duékoué", "ADM1_FR": "Guemon", "ADM0_EN": "Ivory Coast", "Population": 60833, "Total_bran": 0.0, "Country": "civ", "Filter": 1.0, "ISIBF_base": 0.012, "Latitude": 6.524064, "Longitude": -7.189128 }, "geometry": { "type": "Point", "coordinates": [ -7.189128, 6.524064 ] } },
{ "type": "Feature", "properties": { "ADM3_FR": "Gboguhé", "ADM2_FR": "Daloa", "ADM1_FR": "Haut-Sassandra", "ADM0_EN": "Ivory Coast", "Population": 69020, "Total_bran": 0.0, "Country": "civ", "Filter": 1.0, "ISIBF_base": 0.048, "Latitude": 6.805606, "Longitude": -6.594179 }, "geometry": { "type": "Point", "coordinates": [ -6.594179, 6.805606 ] } },
{ "type": "Feature", "properties": { "ADM3_FR": "Gbolouville", "ADM2_FR": "Tiassalé", "ADM1_FR": "Agneby-Tiassa", "ADM0_EN": "Ivory Coast", "Population": 42476, "Total_bran": 0.0, "Country": "civ", "Filter": 1.0, "ISIBF_base": 0.027, "Latitude": 5.714444, "Longitude": -4.727756 }, "geometry": { "type": "Point", "coordinates": [ -4.727756, 5.714444 ] } },
{ "type": "Feature", "properties": { "ADM3_FR": "Gbon", "ADM2_FR": "Kouto", "ADM1_FR": "Bagoue", "ADM0_EN": "Ivory Coast", "Population": 32189, "Total_bran": 0.0, "Country": "civ", "Filter": 1.0, "ISIBF_base": 0.021, "Latitude": 10.024213, "Longitude": -6.538101 }, "geometry": { "type": "Point", "coordinates": [ -6.538101, 10.024213 ] } },
{ "type": "Feature", "properties": { "ADM3_FR": "Gbon-Houyé", "ADM2_FR": "Danané", "ADM1_FR": "Tonkpi", "ADM0_EN": "Ivory Coast", "Population": 19090, "Total_bran": 0.0, "Country": "civ", "Filter": 1.0, "ISIBF_base": 0.004, "Latitude": 7.454538, "Longitude": -8.384456 }, "geometry": { "type": "Point", "coordinates": [ -8.384456, 7.454538 ] } },
{ "type": "Feature", "properties": { "ADM3_FR": "Gbongaha", "ADM2_FR": "Séguélon", "ADM1_FR": "Kabadougou", "ADM0_EN": "Ivory Coast", "Population": 12372, "Total_bran": 0.0, "Country": "civ", "Filter": 1.0, "ISIBF_base": 0.003, "Latitude": 9.169782, "Longitude": -6.921648 }, "geometry": { "type": "Point", "coordinates": [ -6.921648, 9.169782 ] } },
{ "type": "Feature", "properties": { "ADM3_FR": "Gbonné", "ADM2_FR": "Biankouma", "ADM1_FR": "Tonkpi", "ADM0_EN": "Ivory Coast", "Population": 54809, "Total_bran": 0.0, "Country": "civ", "Filter": 1.0, "ISIBF_base": 0.004, "Latitude": 7.669782, "Longitude": -7.290571 }, "geometry": { "type": "Point", "coordinates": [ -7.290571, 7.669782 ] } },
{ "type": "Feature", "properties": { "ADM3_FR": "Gnagbodougnoa", "ADM2_FR": "Gagnoa", "ADM1_FR": "Goh", "ADM0_EN": "Ivory Coast", "Population": 17196, "Total_bran": 0.0, "Country": "civ", "Filter": 1.0, "ISIBF_base": 0.053, "Latitude": 5.949516, "Longitude": -5.853199 }, "geometry": { "type": "Point", "coordinates": [ -5.853199, 5.949516 ] } },
{ "type": "Feature", "properties": { "ADM3_FR": "Gnanmangui", "ADM2_FR": "Soubré", "ADM1_FR": "Nawa", "ADM0_EN": "Ivory Coast", "Population": 83794, "Total_bran": 0.0, "Country": "civ", "Filter": 1.0, "ISIBF_base": 0.017, "Latitude": 5.737543, "Longitude": -6.869465 }, "geometry": { "type": "Point", "coordinates": [ -6.869465, 5.737543 ] } },
{ "type": "Feature", "properties": { "ADM3_FR": "Gohouo-Zagna", "ADM2_FR": "Bangolo", "ADM1_FR": "Guemon", "ADM0_EN": "Ivory Coast", "Population": 15564, "Total_bran": 0.0, "Country": "civ", "Filter": 1.0, "ISIBF_base": 0.008, "Latitude": 7.033618, "Longitude": -7.336225 }, "geometry": { "type": "Point", "coordinates": [ -7.336225, 7.033618 ] } },
{ "type": "Feature", "properties": { "ADM3_FR": "Gomon", "ADM2_FR": "Sikensi", "ADM1_FR": "Agneby-Tiassa", "ADM0_EN": "Ivory Coast", "Population": 34865, "Total_bran": 0.0, "Country": "civ", "Filter": 1.0, "ISIBF_base": 0.045, "Latitude": 5.675177, "Longitude": -4.470904 }, "geometry": { "type": "Point", "coordinates": [ -4.470904, 5.675177 ] } },
{ "type": "Feature", "properties": { "ADM3_FR": "Gonaté", "ADM2_FR": "Daloa", "ADM1_FR": "Haut-Sassandra", "ADM0_EN": "Ivory Coast", "Population": 44611, "Total_bran": 0.0, "Country": "civ", "Filter": 1.0, "ISIBF_base": 0.062, "Latitude": 6.937557, "Longitude": -6.247882 }, "geometry": { "type": "Point", "coordinates": [ -6.247882, 6.937557 ] } },
{ "type": "Feature", "properties": { "ADM3_FR": "Goudouko", "ADM2_FR": "Lakota", "ADM1_FR": "Loh-Djiboua", "ADM0_EN": "Ivory Coast", "Population": 32677, "Total_bran": 0.0, "Country": "civ", "Filter": 1.0, "ISIBF_base": 0.016, "Latitude": 5.674017, "Longitude": -5.621251 }, "geometry": { "type": "Point", "coordinates": [ -5.621251, 5.674017 ] } },
{ "type": "Feature", "properties": { "ADM3_FR": "Gouméré", "ADM2_FR": "Bondoukou", "ADM1_FR": "Gontougo", "ADM0_EN": "Ivory Coast", "Population": 23870, "Total_bran": 0.0, "Country": "civ", "Filter": 1.0, "ISIBF_base": 0.02, "Latitude": 7.952042, "Longitude": -2.960771 }, "geometry": { "type": "Point", "coordinates": [ -2.960771, 7.952042 ] } },
{ "type": "Feature", "properties": { "ADM3_FR": "Grabo", "ADM2_FR": "Tabou", "ADM1_FR": "San Pedro", "ADM0_EN": "Ivory Coast", "Population": 53824, "Total_bran": 0.0, "Country": "civ", "Filter": 1.0, "ISIBF_base": 0.009, "Latitude": 4.933736, "Longitude": -7.391653 }, "geometry": { "type": "Point", "coordinates": [ -7.391653, 4.933736 ] } },
{ "type": "Feature", "properties": { "ADM3_FR": "Grand-Bassam", "ADM2_FR": "Grand-Bassam", "ADM1_FR": "Sud-Comoe", "ADM0_EN": "Ivory Coast", "Population": 124567, "Total_bran": 7.0, "Country": "civ", "Filter": 1.0, "ISIBF_base": 0.44, "Latitude": 5.232578, "Longitude": -3.761245 }, "geometry": { "type": "Point", "coordinates": [ -3.761245, 5.232578 ] } },
{ "type": "Feature", "properties": { "ADM3_FR": "Grand-Béréby", "ADM2_FR": "San Pédro", "ADM1_FR": "San Pedro", "ADM0_EN": "Ivory Coast", "Population": 129340, "Total_bran": 0.0, "Country": "civ", "Filter": 1.0, "ISIBF_base": 0.002, "Latitude": 4.715306, "Longitude": -7.048008 }, "geometry": { "type": "Point", "coordinates": [ -7.048008, 4.715306 ] } },
{ "type": "Feature", "properties": { "ADM3_FR": "Grand-Morié", "ADM2_FR": "Agboville", "ADM1_FR": "Agneby-Tiassa", "ADM0_EN": "Ivory Coast", "Population": 25302, "Total_bran": 0.0, "Country": "civ", "Filter": 1.0, "ISIBF_base": 0.033, "Latitude": 5.996003, "Longitude": -4.114265 }, "geometry": { "type": "Point", "coordinates": [ -4.114265, 5.996003 ] } },
{ "type": "Feature", "properties": { "ADM3_FR": "Grand-Zatry", "ADM2_FR": "Soubré", "ADM1_FR": "Nawa", "ADM0_EN": "Ivory Coast", "Population": 112049, "Total_bran": 0.0, "Country": "civ", "Filter": 1.0, "ISIBF_base": 0.017, "Latitude": 6.158286, "Longitude": -6.590589 }, "geometry": { "type": "Point", "coordinates": [ -6.590589, 6.158286 ] } },
{ "type": "Feature", "properties": { "ADM3_FR": "Grand Lahou", "ADM2_FR": "Grand-Lahou", "ADM1_FR": "Grands Ponts", "ADM0_EN": "Ivory Coast", "Population": 77479, "Total_bran": 1.0, "Country": "civ", "Filter": 1.0, "ISIBF_base": 0.106, "Latitude": 5.32256, "Longitude": -4.962725 }, "geometry": { "type": "Point", "coordinates": [ -4.962725, 5.32256 ] } },
{ "type": "Feature", "properties": { "ADM3_FR": "Grégbeu", "ADM2_FR": "Zoukougbeu", "ADM1_FR": "Haut-Sassandra", "ADM0_EN": "Ivory Coast", "Population": 26505, "Total_bran": 0.0, "Country": "civ", "Filter": 1.0, "ISIBF_base": 0.013, "Latitude": 6.843586, "Longitude": -6.734154 }, "geometry": { "type": "Point", "coordinates": [ -6.734154, 6.843586 ] } },
{ "type": "Feature", "properties": { "ADM3_FR": "Grihiri", "ADM2_FR": "Sassandra", "ADM1_FR": "Gbokle", "ADM0_EN": "Ivory Coast", "Population": 41965, "Total_bran": 0.0, "Country": "civ", "Filter": 1.0, "ISIBF_base": 0.019, "Latitude": 5.456489, "Longitude": -6.318181 }, "geometry": { "type": "Point", "coordinates": [ -6.318181, 5.456489 ] } },
{ "type": "Feature", "properties": { "ADM3_FR": "Guéhiébly", "ADM2_FR": "Duékoué", "ADM1_FR": "Guemon", "ADM0_EN": "Ivory Coast", "Population": 52689, "Total_bran": 0.0, "Country": "civ", "Filter": 1.0, "ISIBF_base": 0.038, "Latitude": 6.889016, "Longitude": -7.461316 }, "geometry": { "type": "Point", "coordinates": [ -7.461316, 6.889016 ] } },
{ "type": "Feature", "properties": { "ADM3_FR": "Guépahouo", "ADM2_FR": "Oumé", "ADM1_FR": "Goh", "ADM0_EN": "Ivory Coast", "Population": 28007, "Total_bran": 0.0, "Country": "civ", "Filter": 1.0, "ISIBF_base": 0.023, "Latitude": 6.474711, "Longitude": -5.689771 }, "geometry": { "type": "Point", "coordinates": [ -5.689771, 6.474711 ] } },
{ "type": "Feature", "properties": { "ADM3_FR": "Guéssabo", "ADM2_FR": "Zoukougbeu", "ADM1_FR": "Haut-Sassandra", "ADM0_EN": "Ivory Coast", "Population": 41931, "Total_bran": 0.0, "Country": "civ", "Filter": 1.0, "ISIBF_base": 0.003, "Latitude": 6.709489, "Longitude": -6.90178 }, "geometry": { "type": "Point", "coordinates": [ -6.90178, 6.709489 ] } },
{ "type": "Feature", "properties": { "ADM3_FR": "Guessiguié", "ADM2_FR": "Agboville", "ADM1_FR": "Agneby-Tiassa", "ADM0_EN": "Ivory Coast", "Population": 26167, "Total_bran": 0.0, "Country": "civ", "Filter": 1.0, "ISIBF_base": 0.074, "Latitude": 5.683495, "Longitude": -4.248769 }, "geometry": { "type": "Point", "coordinates": [ -4.248769, 5.683495 ] } },
{ "type": "Feature", "properties": { "ADM3_FR": "Guéyo", "ADM2_FR": "Guéyo", "ADM1_FR": "Nawa", "ADM0_EN": "Ivory Coast", "Population": 56462, "Total_bran": 0.0, "Country": "civ", "Filter": 1.0, "ISIBF_base": 0.003, "Latitude": 5.686848, "Longitude": -6.129164 }, "geometry": { "type": "Point", "coordinates": [ -6.129164, 5.686848 ] } },
{ "type": "Feature", "properties": { "ADM3_FR": "Guézon", "ADM2_FR": "Duékoué", "ADM1_FR": "Guemon", "ADM0_EN": "Ivory Coast", "Population": 66643, "Total_bran": 0.0, "Country": "civ", "Filter": 1.0, "ISIBF_base": 0.01, "Latitude": 6.702813, "Longitude": -7.116853 }, "geometry": { "type": "Point", "coordinates": [ -7.116853, 6.702813 ] } },
{ "type": "Feature", "properties": { "ADM3_FR": "Guézon", "ADM2_FR": "Facobly", "ADM1_FR": "Guemon", "ADM0_EN": "Ivory Coast", "Population": 66643, "Total_bran": 0.0, "Country": "civ", "Filter": 1.0, "ISIBF_base": 0.01, "Latitude": 7.417048, "Longitude": -7.285647 }, "geometry": { "type": "Point", "coordinates": [ -7.285647, 7.417048 ] } },
{ "type": "Feature", "properties": { "ADM3_FR": "Guiberoua", "ADM2_FR": "Gagnoa", "ADM1_FR": "Goh", "ADM0_EN": "Ivory Coast", "Population": 77669, "Total_bran": 0.0, "Country": "civ", "Filter": 1.0, "ISIBF_base": 0.02, "Latitude": 6.247576, "Longitude": -6.16931 }, "geometry": { "type": "Point", "coordinates": [ -6.16931, 6.247576 ] } },
{ "type": "Feature", "properties": { "ADM3_FR": "Guiembé", "ADM2_FR": "Dikodougou", "ADM1_FR": "Poro", "ADM0_EN": "Ivory Coast", "Population": 19872, "Total_bran": 0.0, "Country": "civ", "Filter": 1.0, "ISIBF_base": 0.023, "Latitude": 9.239159, "Longitude": -5.782009 }, "geometry": { "type": "Point", "coordinates": [ -5.782009, 9.239159 ] } },
{ "type": "Feature", "properties": { "ADM3_FR": "Guiglo", "ADM2_FR": "Guiglo", "ADM1_FR": "Cavally", "ADM0_EN": "Ivory Coast", "Population": 171454, "Total_bran": 2.0, "Country": "civ", "Filter": 1.0, "ISIBF_base": 0.17, "Latitude": 6.403273, "Longitude": -7.595261 }, "geometry": { "type": "Point", "coordinates": [ -7.595261, 6.403273 ] } },
{ "type": "Feature", "properties": { "ADM3_FR": "Guinglo-Tahouaké", "ADM2_FR": "Bangolo", "ADM1_FR": "Guemon", "ADM0_EN": "Ivory Coast", "Population": 17999, "Total_bran": 0.0, "Country": "civ", "Filter": 1.0, "ISIBF_base": 0.004, "Latitude": 7.021977, "Longitude": -7.165543 }, "geometry": { "type": "Point", "coordinates": [ -7.165543, 7.021977 ] } },
{ "type": "Feature", "properties": { "ADM3_FR": "Guitry", "ADM2_FR": "Guitry", "ADM1_FR": "Loh-Djiboua", "ADM0_EN": "Ivory Coast", "Population": 79231, "Total_bran": 0.0, "Country": "civ", "Filter": 1.0, "ISIBF_base": 0.01, "Latitude": 5.521525, "Longitude": -5.176265 }, "geometry": { "type": "Point", "coordinates": [ -5.176265, 5.521525 ] } },
{ "type": "Feature", "properties": { "ADM3_FR": "Hiré", "ADM2_FR": "Divo", "ADM1_FR": "Loh-Djiboua", "ADM0_EN": "Ivory Coast", "Population": 78139, "Total_bran": 1.0, "Country": "civ", "Filter": 1.0, "ISIBF_base": 0.116, "Latitude": 6.162133, "Longitude": -5.331644 }, "geometry": { "type": "Point", "coordinates": [ -5.331644, 6.162133 ] } },
{ "type": "Feature", "properties": { "ADM3_FR": "Iboguhé", "ADM2_FR": "Issia", "ADM1_FR": "Haut-Sassandra", "ADM0_EN": "Ivory Coast", "Population": 56481, "Total_bran": 0.0, "Country": "civ", "Filter": 1.0, "ISIBF_base": 0.008, "Latitude": 6.532608, "Longitude": -6.865436 }, "geometry": { "type": "Point", "coordinates": [ -6.865436, 6.532608 ] } },
{ "type": "Feature", "properties": { "ADM3_FR": "Issia", "ADM2_FR": "Issia", "ADM1_FR": "Haut-Sassandra", "ADM0_EN": "Ivory Coast", "Population": 126252, "Total_bran": 2.0, "Country": "civ", "Filter": 1.0, "ISIBF_base": 0.17, "Latitude": 6.502537, "Longitude": -6.588194 }, "geometry": { "type": "Point", "coordinates": [ -6.588194, 6.502537 ] } },
{ "type": "Feature", "properties": { "ADM3_FR": "Jacqueville", "ADM2_FR": "Jacqueville", "ADM1_FR": "Grands Ponts", "ADM0_EN": "Ivory Coast", "Population": 49694, "Total_bran": 1.0, "Country": "civ", "Filter": 1.0, "ISIBF_base": 0.123, "Latitude": 5.229697, "Longitude": -4.583764 }, "geometry": { "type": "Point", "coordinates": [ -4.583764, 5.229697 ] } },
{ "type": "Feature", "properties": { "ADM3_FR": "Kaadé", "ADM2_FR": "Guiglo", "ADM1_FR": "Cavally", "ADM0_EN": "Ivory Coast", "Population": 39413, "Total_bran": 0.0, "Country": "civ", "Filter": 1.0, "ISIBF_base": 0.022, "Latitude": 6.67241, "Longitude": -7.666527 }, "geometry": { "type": "Point", "coordinates": [ -7.666527, 6.67241 ] } },
{ "type": "Feature", "properties": { "ADM3_FR": "Kadéko", "ADM2_FR": "Lakota", "ADM1_FR": "Loh-Djiboua", "ADM0_EN": "Ivory Coast", "Population": 19959, "Total_bran": 0.0, "Country": "civ", "Filter": 1.0, "ISIBF_base": 0.026, "Latitude": 6.090786, "Longitude": -5.570608 }, "geometry": { "type": "Point", "coordinates": [ -5.570608, 6.090786 ] } },
{ "type": "Feature", "properties": { "ADM3_FR": "Kagbolodougou", "ADM2_FR": "Sinématiali", "ADM1_FR": "Poro", "ADM0_EN": "Ivory Coast", "Population": 10153, "Total_bran": 0.0, "Country": "civ", "Filter": 1.0, "ISIBF_base": 0.013, "Latitude": 9.4286, "Longitude": -5.381281 }, "geometry": { "type": "Point", "coordinates": [ -5.381281, 9.4286 ] } },
{ "type": "Feature", "properties": { "ADM3_FR": "Kahin-Zarabaon", "ADM2_FR": "Bangolo", "ADM1_FR": "Guemon", "ADM0_EN": "Ivory Coast", "Population": 59759, "Total_bran": 0.0, "Country": "civ", "Filter": 1.0, "ISIBF_base": 0.004, "Latitude": 6.91414, "Longitude": -7.724102 }, "geometry": { "type": "Point", "coordinates": [ -7.724102, 6.91414 ] } },
{ "type": "Feature", "properties": { "ADM3_FR": "Kamalo", "ADM2_FR": "Séguéla", "ADM1_FR": "Worodougou", "ADM0_EN": "Ivory Coast", "Population": 13584, "Total_bran": 0.0, "Country": "civ", "Filter": 1.0, "ISIBF_base": 0.006, "Latitude": 7.86199, "Longitude": -6.968063 }, "geometry": { "type": "Point", "coordinates": [ -6.968063, 7.86199 ] } },
{ "type": "Feature", "properties": { "ADM3_FR": "Kanakono", "ADM2_FR": "Tengrela", "ADM1_FR": "Bagoue", "ADM0_EN": "Ivory Coast", "Population": 30630, "Total_bran": 0.0, "Country": "civ", "Filter": 1.0, "ISIBF_base": 0.001, "Latitude": 10.359343, "Longitude": -6.269634 }, "geometry": { "type": "Point", "coordinates": [ -6.269634, 10.359343 ] } },
{ "type": "Feature", "properties": { "ADM3_FR": "Kaniasso", "ADM2_FR": "Kaniasso", "ADM1_FR": "Folon", "ADM0_EN": "Ivory Coast", "Population": 18639, "Total_bran": 0.0, "Country": "civ", "Filter": 1.0, "ISIBF_base": 0.003, "Latitude": 9.872733, "Longitude": -7.48497 }, "geometry": { "type": "Point", "coordinates": [ -7.48497, 9.872733 ] } },
{ "type": "Feature", "properties": { "ADM3_FR": "Kaouara", "ADM2_FR": "Ouangolodougou", "ADM1_FR": "Tchologo", "ADM0_EN": "Ivory Coast", "Population": 33558, "Total_bran": 0.0, "Country": "civ", "Filter": 1.0, "ISIBF_base": 0.012, "Latitude": 10.19054, "Longitude": -5.210812 }, "geometry": { "type": "Point", "coordinates": [ -5.210812, 10.19054 ] } },
{ "type": "Feature", "properties": { "ADM3_FR": "Kasséré", "ADM2_FR": "Boundiali", "ADM1_FR": "Bagoue", "ADM0_EN": "Ivory Coast", "Population": 39106, "Total_bran": 0.0, "Country": "civ", "Filter": 1.0, "ISIBF_base": 0.005, "Latitude": 9.784559, "Longitude": -6.206981 }, "geometry": { "type": "Point", "coordinates": [ -6.206981, 9.784559 ] } },
{ "type": "Feature", "properties": { "ADM3_FR": "Katiali", "ADM2_FR": "M'Bengué", "ADM1_FR": "Poro", "ADM0_EN": "Ivory Coast", "Population": 13074, "Total_bran": 0.0, "Country": "civ", "Filter": 1.0, "ISIBF_base": 0.006, "Latitude": 9.814711, "Longitude": -5.937419 }, "geometry": { "type": "Point", "coordinates": [ -5.937419, 9.814711 ] } },
{ "type": "Feature", "properties": { "ADM3_FR": "Katiola", "ADM2_FR": "Katiola", "ADM1_FR": "Hambol", "ADM0_EN": "Ivory Coast", "Population": 90641, "Total_bran": 2.0, "Country": "civ", "Filter": 1.0, "ISIBF_base": 0.175, "Latitude": 8.09333, "Longitude": -5.130385 }, "geometry": { "type": "Point", "coordinates": [ -5.130385, 8.09333 ] } },
{ "type": "Feature", "properties": { "ADM3_FR": "Katogo", "ADM2_FR": "M'Bengué", "ADM1_FR": "Poro", "ADM0_EN": "Ivory Coast", "Population": 19749, "Total_bran": 0.0, "Country": "civ", "Filter": 1.0, "ISIBF_base": 0.004, "Latitude": 10.13334, "Longitude": -6.14271 }, "geometry": { "type": "Point", "coordinates": [ -6.14271, 10.13334 ] } },
{ "type": "Feature", "properties": { "ADM3_FR": "Kétro-Bassam", "ADM2_FR": "Vavoua", "ADM1_FR": "Haut-Sassandra", "ADM0_EN": "Ivory Coast", "Population": 24968, "Total_bran": 0.0, "Country": "civ", "Filter": 1.0, "ISIBF_base": 0.005, "Latitude": 7.201795, "Longitude": -6.631592 }, "geometry": { "type": "Point", "coordinates": [ -6.631592, 7.201795 ] } },
{ "type": "Feature", "properties": { "ADM3_FR": "Kimbirila Sud", "ADM2_FR": "Samatiguila", "ADM1_FR": "Kabadougou", "ADM0_EN": "Ivory Coast", "Population": 11933, "Total_bran": 0.0, "Country": "civ", "Filter": 1.0, "ISIBF_base": 0.009, "Latitude": 9.785687, "Longitude": -7.670029 }, "geometry": { "type": "Point", "coordinates": [ -7.670029, 9.785687 ] } },
{ "type": "Feature", "properties": { "ADM3_FR": "Koffi-Amonkro", "ADM2_FR": "Prikro", "ADM1_FR": "Iffou", "ADM0_EN": "Ivory Coast", "Population": 12933, "Total_bran": 0.0, "Country": "civ", "Filter": 1.0, "ISIBF_base": 0.001, "Latitude": 7.520599, "Longitude": -3.920479 }, "geometry": { "type": "Point", "coordinates": [ -3.920479, 7.520599 ] } },
{ "type": "Feature", "properties": { "ADM3_FR": "Kokomian", "ADM2_FR": "Koun Fao", "ADM1_FR": "Gontougo", "ADM0_EN": "Ivory Coast", "Population": 15090, "Total_bran": 0.0, "Country": "civ", "Filter": 1.0, "ISIBF_base": 0.013, "Latitude": 7.272461, "Longitude": -3.035032 }, "geometry": { "type": "Point", "coordinates": [ -3.035032, 7.272461 ] } },
{ "type": "Feature", "properties": { "ADM3_FR": "Kokoumbo", "ADM2_FR": "Toumodi", "ADM1_FR": "Belier", "ADM0_EN": "Ivory Coast", "Population": 34575, "Total_bran": 0.0, "Country": "civ", "Filter": 1.0, "ISIBF_base": 0.043, "Latitude": 6.512903, "Longitude": -5.227438 }, "geometry": { "type": "Point", "coordinates": [ -5.227438, 6.512903 ] } },
{ "type": "Feature", "properties": { "ADM3_FR": "Kolia", "ADM2_FR": "Kouto", "ADM1_FR": "Bagoue", "ADM0_EN": "Ivory Coast", "Population": 32113, "Total_bran": 0.0, "Country": "civ", "Filter": 1.0, "ISIBF_base": 0.011, "Latitude": 9.722282, "Longitude": -6.577515 }, "geometry": { "type": "Point", "coordinates": [ -6.577515, 9.722282 ] } },
{ "type": "Feature", "properties": { "ADM3_FR": "Kombolokoura", "ADM2_FR": "Korhogo", "ADM1_FR": "Poro", "ADM0_EN": "Ivory Coast", "Population": 8930, "Total_bran": 0.0, "Country": "civ", "Filter": 1.0, "ISIBF_base": 0.035, "Latitude": 9.359718, "Longitude": -5.912433 }, "geometry": { "type": "Point", "coordinates": [ -5.912433, 9.359718 ] } },
{ "type": "Feature", "properties": { "ADM3_FR": "Komborodougou", "ADM2_FR": "Korhogo", "ADM1_FR": "Poro", "ADM0_EN": "Ivory Coast", "Population": 16703, "Total_bran": 0.0, "Country": "civ", "Filter": 1.0, "ISIBF_base": 0.008, "Latitude": 9.293895, "Longitude": -5.43325 }, "geometry": { "type": "Point", "coordinates": [ -5.43325, 9.293895 ] } },
{ "type": "Feature", "properties": { "ADM3_FR": "Kongasso", "ADM2_FR": "Kounahiri", "ADM1_FR": "Bere", "ADM0_EN": "Ivory Coast", "Population": 37281, "Total_bran": 0.0, "Country": "civ", "Filter": 1.0, "ISIBF_base": 0.004, "Latitude": 7.807884, "Longitude": -6.05954 }, "geometry": { "type": "Point", "coordinates": [ -6.05954, 7.807884 ] } },
{ "type": "Feature", "properties": { "ADM3_FR": "Koni", "ADM2_FR": "Korhogo", "ADM1_FR": "Poro", "ADM0_EN": "Ivory Coast", "Population": 17054, "Total_bran": 0.0, "Country": "civ", "Filter": 1.0, "ISIBF_base": 0.071, "Latitude": 9.652153, "Longitude": -5.741237 }, "geometry": { "type": "Point", "coordinates": [ -5.741237, 9.652153 ] } },
{ "type": "Feature", "properties": { "ADM3_FR": "Kononfla", "ADM2_FR": "Sinfra", "ADM1_FR": "Marahoue", "ADM0_EN": "Ivory Coast", "Population": 55427, "Total_bran": 0.0, "Country": "civ", "Filter": 1.0, "ISIBF_base": 0.036, "Latitude": 6.657061, "Longitude": -5.634645 }, "geometry": { "type": "Point", "coordinates": [ -5.634645, 6.657061 ] } },
{ "type": "Feature", "properties": { "ADM3_FR": "Kossou", "ADM2_FR": "Yamoussoukro", "ADM1_FR": "District Autonome De Yamoussoukro", "ADM0_EN": "Ivory Coast", "Population": 32326, "Total_bran": 0.0, "Country": "civ", "Filter": 1.0, "ISIBF_base": 0.048, "Latitude": 6.938507, "Longitude": -5.424751 }, "geometry": { "type": "Point", "coordinates": [ -5.424751, 6.938507 ] } },
{ "type": "Feature", "properties": { "ADM3_FR": "Kotobi", "ADM2_FR": "Arrah", "ADM1_FR": "Moronou", "ADM0_EN": "Ivory Coast", "Population": 37595, "Total_bran": 0.0, "Country": "civ", "Filter": 1.0, "ISIBF_base": 0.039, "Latitude": 6.703415, "Longitude": -4.0567 }, "geometry": { "type": "Point", "coordinates": [ -4.0567, 6.703415 ] } },
{ "type": "Feature", "properties": { "ADM3_FR": "Koua", "ADM2_FR": "Facobly", "ADM1_FR": "Guemon", "ADM0_EN": "Ivory Coast", "Population": 11892, "Total_bran": 0.0, "Country": "civ", "Filter": 1.0, "ISIBF_base": 0.004, "Latitude": 7.56064, "Longitude": -7.235995 }, "geometry": { "type": "Point", "coordinates": [ -7.235995, 7.56064 ] } },
{ "type": "Feature", "properties": { "ADM3_FR": "Kouadioblékro", "ADM2_FR": "Bocanda", "ADM1_FR": "N'Zi", "ADM0_EN": "Ivory Coast", "Population": 20455, "Total_bran": 0.0, "Country": "civ", "Filter": 1.0, "ISIBF_base": 0.009, "Latitude": 6.956453, "Longitude": -4.247386 }, "geometry": { "type": "Point", "coordinates": [ -4.247386, 6.956453 ] } },
{ "type": "Feature", "properties": { "ADM3_FR": "Kouakro", "ADM2_FR": "Aboisso", "ADM1_FR": "Sud-Comoe", "ADM0_EN": "Ivory Coast", "Population": 34685, "Total_bran": 0.0, "Country": "civ", "Filter": 1.0, "ISIBF_base": 0.007, "Latitude": 5.485746, "Longitude": -2.860258 }, "geometry": { "type": "Point", "coordinates": [ -2.860258, 5.485746 ] } },
{ "type": "Feature", "properties": { "ADM3_FR": "Kouan-Houlé", "ADM2_FR": "Danané", "ADM1_FR": "Tonkpi", "ADM0_EN": "Ivory Coast", "Population": 36769, "Total_bran": 0.0, "Country": "civ", "Filter": 1.0, "ISIBF_base": 0.012, "Latitude": 7.434602, "Longitude": -8.27792 }, "geometry": { "type": "Point", "coordinates": [ -8.27792, 7.434602 ] } },
{ "type": "Feature", "properties": { "ADM3_FR": "Kouassia-Niaguini", "ADM2_FR": "Transua", "ADM1_FR": "Gontougo", "ADM0_EN": "Ivory Coast", "Population": 21522, "Total_bran": 0.0, "Country": "civ", "Filter": 1.0, "ISIBF_base": 0.006, "Latitude": 7.403854, "Longitude": -3.046052 }, "geometry": { "type": "Point", "coordinates": [ -3.046052, 7.403854 ] } },
{ "type": "Feature", "properties": { "ADM3_FR": "Kouétinfla", "ADM2_FR": "Sinfra", "ADM1_FR": "Marahoue", "ADM0_EN": "Ivory Coast", "Population": 22028, "Total_bran": 0.0, "Country": "civ", "Filter": 1.0, "ISIBF_base": 0.02, "Latitude": 6.602753, "Longitude": -6.049726 }, "geometry": { "type": "Point", "coordinates": [ -6.049726, 6.602753 ] } },
{ "type": "Feature", "properties": { "ADM3_FR": "Kouibly", "ADM2_FR": "Kouibly", "ADM1_FR": "Guemon", "ADM0_EN": "Ivory Coast", "Population": 49047, "Total_bran": 0.0, "Country": "civ", "Filter": 1.0, "ISIBF_base": 0.004, "Latitude": 7.253954, "Longitude": -7.249176 }, "geometry": { "type": "Point", "coordinates": [ -7.249176, 7.253954 ] } },
{ "type": "Feature", "properties": { "ADM3_FR": "Koumbala", "ADM2_FR": "Ferkessédougou", "ADM1_FR": "Tchologo", "ADM0_EN": "Ivory Coast", "Population": 14531, "Total_bran": 0.0, "Country": "civ", "Filter": 1.0, "ISIBF_base": 0.005, "Latitude": 9.387106, "Longitude": -5.060603 }, "geometry": { "type": "Point", "coordinates": [ -5.060603, 9.387106 ] } },
{ "type": "Feature", "properties": { "ADM3_FR": "Koun-Fao", "ADM2_FR": "Koun Fao", "ADM1_FR": "Gontougo", "ADM0_EN": "Ivory Coast", "Population": 49280, "Total_bran": 0.0, "Country": "civ", "Filter": 1.0, "ISIBF_base": 0.003, "Latitude": 7.51693, "Longitude": -3.33057 }, "geometry": { "type": "Point", "coordinates": [ -3.33057, 7.51693 ] } },
{ "type": "Feature", "properties": { "ADM3_FR": "Kounahiri", "ADM2_FR": "Kounahiri", "ADM1_FR": "Bere", "ADM0_EN": "Ivory Coast", "Population": 63830, "Total_bran": 0.0, "Country": "civ", "Filter": 1.0, "ISIBF_base": 0.001, "Latitude": 7.798746, "Longitude": -5.817343 }, "geometry": { "type": "Point", "coordinates": [ -5.817343, 7.798746 ] } },
{ "type": "Feature", "properties": { "ADM3_FR": "Kpata", "ADM2_FR": "Biankouma", "ADM1_FR": "Tonkpi", "ADM0_EN": "Ivory Coast", "Population": 9278, "Total_bran": 0.0, "Country": "civ", "Filter": 1.0, "ISIBF_base": 0.006, "Latitude": 7.766021, "Longitude": -7.521802 }, "geometry": { "type": "Point", "coordinates": [ -7.521802, 7.766021 ] } },
{ "type": "Feature", "properties": { "ADM3_FR": "Kpouèbo", "ADM2_FR": "Toumodi", "ADM1_FR": "Belier", "ADM0_EN": "Ivory Coast", "Population": 33388, "Total_bran": 0.0, "Country": "civ", "Filter": 1.0, "ISIBF_base": 0.012, "Latitude": 6.347762, "Longitude": -4.859855 }, "geometry": { "type": "Point", "coordinates": [ -4.859855, 6.347762 ] } },
{ "type": "Feature", "properties": { "ADM3_FR": "Krégbé", "ADM2_FR": "Arrah", "ADM1_FR": "Moronou", "ADM0_EN": "Ivory Coast", "Population": 20626, "Total_bran": 0.0, "Country": "civ", "Filter": 1.0, "ISIBF_base": 0.021, "Latitude": 6.887397, "Longitude": -3.891988 }, "geometry": { "type": "Point", "coordinates": [ -3.891988, 6.887397 ] } },
{ "type": "Feature", "properties": { "ADM3_FR": "Krofoinsou", "ADM2_FR": "Botro", "ADM1_FR": "Gbeke", "ADM0_EN": "Ivory Coast", "Population": 13402, "Total_bran": 0.0, "Country": "civ", "Filter": 1.0, "ISIBF_base": 0.025, "Latitude": 8.009333, "Longitude": -5.299361 }, "geometry": { "type": "Point", "coordinates": [ -5.299361, 8.009333 ] } },
{ "type": "Feature", "properties": { "ADM3_FR": "Lakota", "ADM2_FR": "Lakota", "ADM1_FR": "Loh-Djiboua", "ADM0_EN": "Ivory Coast", "Population": 169330, "Total_bran": 1.0, "Country": "civ", "Filter": 1.0, "ISIBF_base": 0.117, "Latitude": 5.903977, "Longitude": -5.677965 }, "geometry": { "type": "Point", "coordinates": [ -5.677965, 5.903977 ] } },
{ "type": "Feature", "properties": { "ADM3_FR": "Languibonou", "ADM2_FR": "Botro", "ADM1_FR": "Gbeke", "ADM0_EN": "Ivory Coast", "Population": 32300, "Total_bran": 0.0, "Country": "civ", "Filter": 1.0, "ISIBF_base": 0.01, "Latitude": 7.694383, "Longitude": -5.278493 }, "geometry": { "type": "Point", "coordinates": [ -5.278493, 7.694383 ] } },
{ "type": "Feature", "properties": { "ADM3_FR": "Laoudi-Ba", "ADM2_FR": "Bondoukou", "ADM1_FR": "Gontougo", "ADM0_EN": "Ivory Coast", "Population": 98053, "Total_bran": 0.0, "Country": "civ", "Filter": 1.0, "ISIBF_base": 0.002, "Latitude": 8.423705, "Longitude": -3.020358 }, "geometry": { "type": "Point", "coordinates": [ -3.020358, 8.423705 ] } },
{ "type": "Feature", "properties": { "ADM3_FR": "Lataha", "ADM2_FR": "Korhogo", "ADM1_FR": "Poro", "ADM0_EN": "Ivory Coast", "Population": 26895, "Total_bran": 0.0, "Country": "civ", "Filter": 1.0, "ISIBF_base": 0.032, "Latitude": 9.639727, "Longitude": -5.536766 }, "geometry": { "type": "Point", "coordinates": [ -5.536766, 9.639727 ] } },
{ "type": "Feature", "properties": { "ADM3_FR": "Lauzoua", "ADM2_FR": "Guitry", "ADM1_FR": "Loh-Djiboua", "ADM0_EN": "Ivory Coast", "Population": 32024, "Total_bran": 0.0, "Country": "civ", "Filter": 1.0, "ISIBF_base": 0.002, "Latitude": 5.308454, "Longitude": -5.320259 }, "geometry": { "type": "Point", "coordinates": [ -5.320259, 5.308454 ] } },
{ "type": "Feature", "properties": { "ADM3_FR": "Liliyo", "ADM2_FR": "Soubré", "ADM1_FR": "Nawa", "ADM0_EN": "Ivory Coast", "Population": 82566, "Total_bran": 0.0, "Country": "civ", "Filter": 1.0, "ISIBF_base": 0.033, "Latitude": 5.947453, "Longitude": -6.426912 }, "geometry": { "type": "Point", "coordinates": [ -6.426912, 5.947453 ] } },
{ "type": "Feature", "properties": { "ADM3_FR": "Lobakuya", "ADM2_FR": "Sassandra", "ADM1_FR": "Gbokle", "ADM0_EN": "Ivory Coast", "Population": 42746, "Total_bran": 0.0, "Country": "civ", "Filter": 1.0, "ISIBF_base": 0.014, "Latitude": 5.194376, "Longitude": -6.319504 }, "geometry": { "type": "Point", "coordinates": [ -6.319504, 5.194376 ] } },
{ "type": "Feature", "properties": { "ADM3_FR": "Logoualé", "ADM2_FR": "Man", "ADM1_FR": "Tonkpi", "ADM0_EN": "Ivory Coast", "Population": 32854, "Total_bran": 0.0, "Country": "civ", "Filter": 1.0, "ISIBF_base": 0.011, "Latitude": 7.127416, "Longitude": -7.557981 }, "geometry": { "type": "Point", "coordinates": [ -7.557981, 7.127416 ] } },
{ "type": "Feature", "properties": { "ADM3_FR": "Lolobo", "ADM2_FR": "Attiégouakro", "ADM1_FR": "District Autonome De Yamoussoukro", "ADM0_EN": "Ivory Coast", "Population": 46236, "Total_bran": 0.0, "Country": "civ", "Filter": 1.0, "ISIBF_base": 0.001, "Latitude": 6.972933, "Longitude": -5.199492 }, "geometry": { "type": "Point", "coordinates": [ -5.199492, 6.972933 ] } },
{ "type": "Feature", "properties": { "ADM3_FR": "Lolobo", "ADM2_FR": "Béoumi", "ADM1_FR": "Gbeke", "ADM0_EN": "Ivory Coast", "Population": 46236, "Total_bran": 0.0, "Country": "civ", "Filter": 1.0, "ISIBF_base": 0.001, "Latitude": 7.736216, "Longitude": -5.40592 }, "geometry": { "type": "Point", "coordinates": [ -5.40592, 7.736216 ] } },
{ "type": "Feature", "properties": { "ADM3_FR": "Lomokankro", "ADM2_FR": "Tiébissou", "ADM1_FR": "Belier", "ADM0_EN": "Ivory Coast", "Population": 14988, "Total_bran": 0.0, "Country": "civ", "Filter": 1.0, "ISIBF_base": 0.02, "Latitude": 7.067284, "Longitude": -5.045294 }, "geometry": { "type": "Point", "coordinates": [ -5.045294, 7.067284 ] } },
{ "type": "Feature", "properties": { "ADM3_FR": "Lopou", "ADM2_FR": "Dabou", "ADM1_FR": "Grands Ponts", "ADM0_EN": "Ivory Coast", "Population": 35286, "Total_bran": 0.0, "Country": "civ", "Filter": 1.0, "ISIBF_base": 0.063, "Latitude": 5.46773, "Longitude": -4.528098 }, "geometry": { "type": "Point", "coordinates": [ -4.528098, 5.46773 ] } },
{ "type": "Feature", "properties": { "ADM3_FR": "Loviguié", "ADM2_FR": "Agboville", "ADM1_FR": "Agneby-Tiassa", "ADM0_EN": "Ivory Coast", "Population": 19771, "Total_bran": 0.0, "Country": "civ", "Filter": 1.0, "ISIBF_base": 0.064, "Latitude": 5.818637, "Longitude": -4.343159 }, "geometry": { "type": "Point", "coordinates": [ -4.343159, 5.818637 ] } },
{ "type": "Feature", "properties": { "ADM3_FR": "M'Batto", "ADM2_FR": "M'Batto", "ADM1_FR": "Moronou", "ADM0_EN": "Ivory Coast", "Population": 76129, "Total_bran": 0.0, "Country": "civ", "Filter": 1.0, "ISIBF_base": 0.009, "Latitude": 6.391228, "Longitude": -4.298855 }, "geometry": { "type": "Point", "coordinates": [ -4.298855, 6.391228 ] } },
{ "type": "Feature", "properties": { "ADM3_FR": "Madinani", "ADM2_FR": "Madinani", "ADM1_FR": "Kabadougou", "ADM0_EN": "Ivory Coast", "Population": 32751, "Total_bran": 0.0, "Country": "civ", "Filter": 1.0, "ISIBF_base": 0.005, "Latitude": 9.569111, "Longitude": -6.95822 }, "geometry": { "type": "Point", "coordinates": [ -6.95822, 9.569111 ] } },
{ "type": "Feature", "properties": { "ADM3_FR": "Maféré", "ADM2_FR": "Aboisso", "ADM1_FR": "Sud-Comoe", "ADM0_EN": "Ivory Coast", "Population": 46410, "Total_bran": 0.0, "Country": "civ", "Filter": 1.0, "ISIBF_base": 0.027, "Latitude": 5.471748, "Longitude": -2.994326 }, "geometry": { "type": "Point", "coordinates": [ -2.994326, 5.471748 ] } },
{ "type": "Feature", "properties": { "ADM3_FR": "Mahapleu", "ADM2_FR": "Danané", "ADM1_FR": "Tonkpi", "ADM0_EN": "Ivory Coast", "Population": 66898, "Total_bran": 0.0, "Country": "civ", "Filter": 1.0, "ISIBF_base": 0.014, "Latitude": 7.234748, "Longitude": -7.95613 }, "geometry": { "type": "Point", "coordinates": [ -7.95613, 7.234748 ] } },
{ "type": "Feature", "properties": { "ADM3_FR": "Mamini", "ADM2_FR": "Bouaké", "ADM1_FR": "Gbeke", "ADM0_EN": "Ivory Coast", "Population": 20509, "Total_bran": 0.0, "Country": "civ", "Filter": 1.0, "ISIBF_base": 0.031, "Latitude": 7.781359, "Longitude": -4.699194 }, "geometry": { "type": "Point", "coordinates": [ -4.699194, 7.781359 ] } },
{ "type": "Feature", "properties": { "ADM3_FR": "Marabadiassa", "ADM2_FR": "Béoumi", "ADM1_FR": "Gbeke", "ADM0_EN": "Ivory Coast", "Population": 10664, "Total_bran": 0.0, "Country": "civ", "Filter": 1.0, "ISIBF_base": 0.004, "Latitude": 8.080489, "Longitude": -5.479367 }, "geometry": { "type": "Point", "coordinates": [ -5.479367, 8.080489 ] } },
{ "type": "Feature", "properties": { "ADM3_FR": "Massala", "ADM2_FR": "Séguéla", "ADM1_FR": "Worodougou", "ADM0_EN": "Ivory Coast", "Population": 47951, "Total_bran": 0.0, "Country": "civ", "Filter": 1.0, "ISIBF_base": 0.01, "Latitude": 7.902338, "Longitude": -6.393973 }, "geometry": { "type": "Point", "coordinates": [ -6.393973, 7.902338 ] } },
{ "type": "Feature", "properties": { "ADM3_FR": "Medon", "ADM2_FR": "Sassandra", "ADM1_FR": "Gbokle", "ADM0_EN": "Ivory Coast", "Population": 17437, "Total_bran": 0.0, "Country": "civ", "Filter": 1.0, "ISIBF_base": 0.013, "Latitude": 5.183837, "Longitude": -6.174759 }, "geometry": { "type": "Point", "coordinates": [ -6.174759, 5.183837 ] } },
{ "type": "Feature", "properties": { "ADM3_FR": "Molonou", "ADM2_FR": "Tiébissou", "ADM1_FR": "Belier", "ADM0_EN": "Ivory Coast", "Population": 23062, "Total_bran": 0.0, "Country": "civ", "Filter": 1.0, "ISIBF_base": 0.01, "Latitude": 7.182376, "Longitude": -5.467787 }, "geometry": { "type": "Point", "coordinates": [ -5.467787, 7.182376 ] } },
{ "type": "Feature", "properties": { "ADM3_FR": "Molonou-Blé", "ADM2_FR": "Didievi", "ADM1_FR": "Belier", "ADM0_EN": "Ivory Coast", "Population": 22431, "Total_bran": 0.0, "Country": "civ", "Filter": 1.0, "ISIBF_base": 0.012, "Latitude": 7.3684, "Longitude": -4.972864 }, "geometry": { "type": "Point", "coordinates": [ -4.972864, 7.3684 ] } },
{ "type": "Feature", "properties": { "ADM3_FR": "Morokro", "ADM2_FR": "Tiassalé", "ADM1_FR": "Agneby-Tiassa", "ADM0_EN": "Ivory Coast", "Population": 55636, "Total_bran": 0.0, "Country": "civ", "Filter": 1.0, "ISIBF_base": 0.007, "Latitude": 6.111641, "Longitude": -4.657485 }, "geometry": { "type": "Point", "coordinates": [ -4.657485, 6.111641 ] } },
{ "type": "Feature", "properties": { "ADM3_FR": "N'Douci", "ADM2_FR": "Tiassalé", "ADM1_FR": "Agneby-Tiassa", "ADM0_EN": "Ivory Coast", "Population": 97194, "Total_bran": 0.0, "Country": "civ", "Filter": 1.0, "ISIBF_base": 0.032, "Latitude": 5.88241, "Longitude": -4.731022 }, "geometry": { "type": "Point", "coordinates": [ -4.731022, 5.88241 ] } },
{ "type": "Feature", "properties": { "ADM3_FR": "N'Douffoukankro", "ADM2_FR": "Bouaflé", "ADM1_FR": "Marahoue", "ADM0_EN": "Ivory Coast", "Population": 20025, "Total_bran": 0.0, "Country": "civ", "Filter": 1.0, "ISIBF_base": 0.037, "Latitude": 6.857351, "Longitude": -5.846998 }, "geometry": { "type": "Point", "coordinates": [ -5.846998, 6.857351 ] } },
{ "type": "Feature", "properties": { "ADM3_FR": "N'Ganon", "ADM2_FR": "Korhogo", "ADM1_FR": "Poro", "ADM0_EN": "Ivory Coast", "Population": 9181, "Total_bran": 0.0, "Country": "civ", "Filter": 1.0, "ISIBF_base": 0.013, "Latitude": 9.709172, "Longitude": -5.961309 }, "geometry": { "type": "Point", "coordinates": [ -5.961309, 9.709172 ] } },
{ "type": "Feature", "properties": { "ADM3_FR": "N'Gattakro", "ADM2_FR": "Daoukro", "ADM1_FR": "Iffou", "ADM0_EN": "Ivory Coast", "Population": 11707, "Total_bran": 0.0, "Country": "civ", "Filter": 1.0, "ISIBF_base": 0.011, "Latitude": 7.09652, "Longitude": -3.714531 }, "geometry": { "type": "Point", "coordinates": [ -3.714531, 7.09652 ] } },
{ "type": "Feature", "properties": { "ADM3_FR": "N'Guessankro", "ADM2_FR": "Bongouanou", "ADM1_FR": "Moronou", "ADM0_EN": "Ivory Coast", "Population": 38629, "Total_bran": 0.0, "Country": "civ", "Filter": 1.0, "ISIBF_base": 0.03, "Latitude": 6.645539, "Longitude": -4.326858 }, "geometry": { "type": "Point", "coordinates": [ -4.326858, 6.645539 ] } },
{ "type": "Feature", "properties": { "ADM3_FR": "N'Guéssankro", "ADM2_FR": "Béoumi", "ADM1_FR": "Gbeke", "ADM0_EN": "Ivory Coast", "Population": 15239, "Total_bran": 0.0, "Country": "civ", "Filter": 1.0, "ISIBF_base": 0.004, "Latitude": 8.005368, "Longitude": -5.447872 }, "geometry": { "type": "Point", "coordinates": [ -5.447872, 8.005368 ] } },
{ "type": "Feature", "properties": { "ADM3_FR": "N'Zécrezessou", "ADM2_FR": "Bocanda", "ADM1_FR": "N'Zi", "ADM0_EN": "Ivory Coast", "Population": 17118, "Total_bran": 0.0, "Country": "civ", "Filter": 1.0, "ISIBF_base": 0.006, "Latitude": 7.089694, "Longitude": -4.261377 }, "geometry": { "type": "Point", "coordinates": [ -4.261377, 7.089694 ] } },
{ "type": "Feature", "properties": { "ADM3_FR": "Nafoun", "ADM2_FR": "Korhogo", "ADM1_FR": "Poro", "ADM0_EN": "Ivory Coast", "Population": 10206, "Total_bran": 0.0, "Country": "civ", "Filter": 1.0, "ISIBF_base": 0.002, "Latitude": 9.340382, "Longitude": -6.197617 }, "geometry": { "type": "Point", "coordinates": [ -6.197617, 9.340382 ] } },
{ "type": "Feature", "properties": { "ADM3_FR": "Nahio", "ADM2_FR": "Issia", "ADM1_FR": "Haut-Sassandra", "ADM0_EN": "Ivory Coast", "Population": 22943, "Total_bran": 0.0, "Country": "civ", "Filter": 1.0, "ISIBF_base": 0.007, "Latitude": 6.385938, "Longitude": -6.235394 }, "geometry": { "type": "Point", "coordinates": [ -6.235394, 6.385938 ] } },
{ "type": "Feature", "properties": { "ADM3_FR": "Namané", "ADM2_FR": "Issia", "ADM1_FR": "Haut-Sassandra", "ADM0_EN": "Ivory Coast", "Population": 44527, "Total_bran": 0.0, "Country": "civ", "Filter": 1.0, "ISIBF_base": 0.016, "Latitude": 6.369807, "Longitude": -6.749212 }, "geometry": { "type": "Point", "coordinates": [ -6.749212, 6.369807 ] } },
{ "type": "Feature", "properties": { "ADM3_FR": "Napiéléodougou", "ADM2_FR": "Korhogo", "ADM1_FR": "Poro", "ADM0_EN": "Ivory Coast", "Population": 31004, "Total_bran": 0.0, "Country": "civ", "Filter": 1.0, "ISIBF_base": 0.016, "Latitude": 9.257189, "Longitude": -5.555653 }, "geometry": { "type": "Point", "coordinates": [ -5.555653, 9.257189 ] } },
{ "type": "Feature", "properties": { "ADM3_FR": "Nébo", "ADM2_FR": "Divo", "ADM1_FR": "Loh-Djiboua", "ADM0_EN": "Ivory Coast", "Population": 32516, "Total_bran": 0.0, "Country": "civ", "Filter": 1.0, "ISIBF_base": 0.036, "Latitude": 6.009111, "Longitude": -5.442713 }, "geometry": { "type": "Point", "coordinates": [ -5.442713, 6.009111 ] } },
{ "type": "Feature", "properties": { "ADM3_FR": "Niable", "ADM2_FR": "Abengourou", "ADM1_FR": "Indenie-Djuablin", "ADM0_EN": "Ivory Coast", "Population": 57081, "Total_bran": 1.0, "Country": "civ", "Filter": 1.0, "ISIBF_base": 0.142, "Latitude": 6.671087, "Longitude": -3.310482 }, "geometry": { "type": "Point", "coordinates": [ -3.310482, 6.671087 ] } },
{ "type": "Feature", "properties": { "ADM3_FR": "Niambézaria", "ADM2_FR": "Lakota", "ADM1_FR": "Loh-Djiboua", "ADM0_EN": "Ivory Coast", "Population": 84303, "Total_bran": 0.0, "Country": "civ", "Filter": 1.0, "ISIBF_base": 0.006, "Latitude": 5.666837, "Longitude": -5.861671 }, "geometry": { "type": "Point", "coordinates": [ -5.861671, 5.666837 ] } },
{ "type": "Feature", "properties": { "ADM3_FR": "Nidrou", "ADM2_FR": "Kouibly", "ADM1_FR": "Guemon", "ADM0_EN": "Ivory Coast", "Population": 12953, "Total_bran": 0.0, "Country": "civ", "Filter": 1.0, "ISIBF_base": 0.033, "Latitude": 7.282933, "Longitude": -7.468014 }, "geometry": { "type": "Point", "coordinates": [ -7.468014, 7.282933 ] } },
{ "type": "Feature", "properties": { "ADM3_FR": "Niofoin", "ADM2_FR": "Korhogo", "ADM1_FR": "Poro", "ADM0_EN": "Ivory Coast", "Population": 36772, "Total_bran": 0.0, "Country": "civ", "Filter": 1.0, "ISIBF_base": 0.016, "Latitude": 9.520783, "Longitude": -6.02608 }, "geometry": { "type": "Point", "coordinates": [ -6.02608, 9.520783 ] } },
{ "type": "Feature", "properties": { "ADM3_FR": "Nizahon", "ADM2_FR": "Guiglo", "ADM1_FR": "Cavally", "ADM0_EN": "Ivory Coast", "Population": 21897, "Total_bran": 0.0, "Country": "civ", "Filter": 1.0, "ISIBF_base": 0.024, "Latitude": 6.364025, "Longitude": -7.402841 }, "geometry": { "type": "Point", "coordinates": [ -7.402841, 6.364025 ] } },
{ "type": "Feature", "properties": { "ADM3_FR": "Noé", "ADM2_FR": "Tiapoum", "ADM1_FR": "Sud-Comoe", "ADM0_EN": "Ivory Coast", "Population": 24651, "Total_bran": 0.0, "Country": "civ", "Filter": 1.0, "ISIBF_base": 0.005, "Latitude": 5.289328, "Longitude": -2.814246 }, "geometry": { "type": "Point", "coordinates": [ -2.814246, 5.289328 ] } },
{ "type": "Feature", "properties": { "ADM3_FR": "Nofou", "ADM2_FR": "Dimbokro", "ADM1_FR": "N'Zi", "ADM0_EN": "Ivory Coast", "Population": 7194, "Total_bran": 0.0, "Country": "civ", "Filter": 1.0, "ISIBF_base": 0.016, "Latitude": 6.902335, "Longitude": -4.724891 }, "geometry": { "type": "Point", "coordinates": [ -4.724891, 6.902335 ] } },
{ "type": "Feature", "properties": { "ADM3_FR": "Nouamou", "ADM2_FR": "Tiapoum", "ADM1_FR": "Sud-Comoe", "ADM0_EN": "Ivory Coast", "Population": 17403, "Total_bran": 0.0, "Country": "civ", "Filter": 1.0, "ISIBF_base": 0.017, "Latitude": 5.209881, "Longitude": -2.914907 }, "geometry": { "type": "Point", "coordinates": [ -2.914907, 5.209881 ] } },
{ "type": "Feature", "properties": { "ADM3_FR": "Oghlwapo", "ADM2_FR": "Alépé", "ADM1_FR": "Me", "ADM0_EN": "Ivory Coast", "Population": 17041, "Total_bran": 0.0, "Country": "civ", "Filter": 1.0, "ISIBF_base": 0.152, "Latitude": 5.371872, "Longitude": -3.669866 }, "geometry": { "type": "Point", "coordinates": [ -3.669866, 5.371872 ] } },
{ "type": "Feature", "properties": { "ADM3_FR": "Ogoudou", "ADM2_FR": "Divo", "ADM1_FR": "Loh-Djiboua", "ADM0_EN": "Ivory Coast", "Population": 72586, "Total_bran": 0.0, "Country": "civ", "Filter": 1.0, "ISIBF_base": 0.026, "Latitude": 5.911422, "Longitude": -5.108928 }, "geometry": { "type": "Point", "coordinates": [ -5.108928, 5.911422 ] } },
{ "type": "Feature", "properties": { "ADM3_FR": "Okrouyo", "ADM2_FR": "Soubré", "ADM1_FR": "Nawa", "ADM0_EN": "Ivory Coast", "Population": 120053, "Total_bran": 0.0, "Country": "civ", "Filter": 1.0, "ISIBF_base": 0.02, "Latitude": 5.704492, "Longitude": -6.380897 }, "geometry": { "type": "Point", "coordinates": [ -6.380897, 5.704492 ] } },
{ "type": "Feature", "properties": { "ADM3_FR": "Olodio", "ADM2_FR": "Tabou", "ADM1_FR": "San Pedro", "ADM0_EN": "Ivory Coast", "Population": 19429, "Total_bran": 0.0, "Country": "civ", "Filter": 1.0, "ISIBF_base": 0.039, "Latitude": 4.671917, "Longitude": -7.467024 }, "geometry": { "type": "Point", "coordinates": [ -7.467024, 4.671917 ] } },
{ "type": "Feature", "properties": { "ADM3_FR": "Oress-Krobou", "ADM2_FR": "Agboville", "ADM1_FR": "Agneby-Tiassa", "ADM0_EN": "Ivory Coast", "Population": 8611, "Total_bran": 0.0, "Country": "civ", "Filter": 1.0, "ISIBF_base": 0.04, "Latitude": 5.738937, "Longitude": -4.397581 }, "geometry": { "type": "Point", "coordinates": [ -4.397581, 5.738937 ] } },
{ "type": "Feature", "properties": { "ADM3_FR": "Ouangolodougou", "ADM2_FR": "Ouangolodougou", "ADM1_FR": "Tchologo", "ADM0_EN": "Ivory Coast", "Population": 82801, "Total_bran": 1.0, "Country": "civ", "Filter": 1.0, "ISIBF_base": 0.115, "Latitude": 10.000698, "Longitude": -5.16648 }, "geometry": { "type": "Point", "coordinates": [ -5.16648, 10.000698 ] } },
{ "type": "Feature", "properties": { "ADM3_FR": "Ouellé", "ADM2_FR": "Daoukro", "ADM1_FR": "Iffou", "ADM0_EN": "Ivory Coast", "Population": 37641, "Total_bran": 0.0, "Country": "civ", "Filter": 1.0, "ISIBF_base": 0.019, "Latitude": 7.276195, "Longitude": -4.023166 }, "geometry": { "type": "Point", "coordinates": [ -4.023166, 7.276195 ] } },
{ "type": "Feature", "properties": { "ADM3_FR": "Oumé", "ADM2_FR": "Oumé", "ADM1_FR": "Goh", "ADM0_EN": "Ivory Coast", "Population": 127153, "Total_bran": 2.0, "Country": "civ", "Filter": 1.0, "ISIBF_base": 0.177, "Latitude": 6.430608, "Longitude": -5.431813 }, "geometry": { "type": "Point", "coordinates": [ -5.431813, 6.430608 ] } },
{ "type": "Feature", "properties": { "ADM3_FR": "Oupoyo", "ADM2_FR": "Méagui", "ADM1_FR": "Nawa", "ADM0_EN": "Ivory Coast", "Population": 61973, "Total_bran": 0.0, "Country": "civ", "Filter": 1.0, "ISIBF_base": 0.035, "Latitude": 5.546503, "Longitude": -6.757543 }, "geometry": { "type": "Point", "coordinates": [ -6.757543, 5.546503 ] } },
{ "type": "Feature", "properties": { "ADM3_FR": "Ouragahio", "ADM2_FR": "Gagnoa", "ADM1_FR": "Goh", "ADM0_EN": "Ivory Coast", "Population": 50150, "Total_bran": 0.0, "Country": "civ", "Filter": 1.0, "ISIBF_base": 0.03, "Latitude": 6.316517, "Longitude": -5.981439 }, "geometry": { "type": "Point", "coordinates": [ -5.981439, 6.316517 ] } },
{ "type": "Feature", "properties": { "ADM3_FR": "Ouyably-Gnondrou", "ADM2_FR": "Kouibly", "ADM1_FR": "Guemon", "ADM0_EN": "Ivory Coast", "Population": 61786, "Total_bran": 0.0, "Country": "civ", "Filter": 1.0, "ISIBF_base": 0.002, "Latitude": 7.345489, "Longitude": -7.145697 }, "geometry": { "type": "Point", "coordinates": [ -7.145697, 7.345489 ] } },
{ "type": "Feature", "properties": { "ADM3_FR": "Pacobo", "ADM2_FR": "Taabo", "ADM1_FR": "Agneby-Tiassa", "ADM0_EN": "Ivory Coast", "Population": 19572, "Total_bran": 0.0, "Country": "civ", "Filter": 1.0, "ISIBF_base": 0.016, "Latitude": 6.150329, "Longitude": -4.868745 }, "geometry": { "type": "Point", "coordinates": [ -4.868745, 6.150329 ] } },
{ "type": "Feature", "properties": { "ADM3_FR": "Pakouabo", "ADM2_FR": "Bouaflé", "ADM1_FR": "Marahoue", "ADM0_EN": "Ivory Coast", "Population": 19597, "Total_bran": 0.0, "Country": "civ", "Filter": 1.0, "ISIBF_base": 0.021, "Latitude": 7.127425, "Longitude": -5.744748 }, "geometry": { "type": "Point", "coordinates": [ -5.744748, 7.127425 ] } },
{ "type": "Feature", "properties": { "ADM3_FR": "Pinda-Boroko", "ADM2_FR": "Bondoukou", "ADM1_FR": "Gontougo", "ADM0_EN": "Ivory Coast", "Population": 5951, "Total_bran": 0.0, "Country": "civ", "Filter": 1.0, "ISIBF_base": 0.023, "Latitude": 7.897071, "Longitude": -2.819352 }, "geometry": { "type": "Point", "coordinates": [ -2.819352, 7.897071 ] } },
{ "type": "Feature", "properties": { "ADM3_FR": "Podiagouiné", "ADM2_FR": "Man", "ADM1_FR": "Tonkpi", "ADM0_EN": "Ivory Coast", "Population": 32607, "Total_bran": 0.0, "Country": "civ", "Filter": 1.0, "ISIBF_base": 0.006, "Latitude": 7.127602, "Longitude": -7.795831 }, "geometry": { "type": "Point", "coordinates": [ -7.795831, 7.127602 ] } },
{ "type": "Feature", "properties": { "ADM3_FR": "Raviart", "ADM2_FR": "Didievi", "ADM1_FR": "Belier", "ADM0_EN": "Ivory Coast", "Population": 18339, "Total_bran": 0.0, "Country": "civ", "Filter": 1.0, "ISIBF_base": 0.013, "Latitude": 7.472694, "Longitude": -4.88118 }, "geometry": { "type": "Point", "coordinates": [ -4.88118, 7.472694 ] } },
{ "type": "Feature", "properties": { "ADM3_FR": "Rubino", "ADM2_FR": "Agboville", "ADM1_FR": "Agneby-Tiassa", "ADM0_EN": "Ivory Coast", "Population": 32775, "Total_bran": 0.0, "Country": "civ", "Filter": 1.0, "ISIBF_base": 0.015, "Latitude": 6.095072, "Longitude": -4.290091 }, "geometry": { "type": "Point", "coordinates": [ -4.290091, 6.095072 ] } },
{ "type": "Feature", "properties": { "ADM3_FR": "Sago", "ADM2_FR": "Sassandra", "ADM1_FR": "Gbokle", "ADM0_EN": "Ivory Coast", "Population": 91140, "Total_bran": 0.0, "Country": "civ", "Filter": 1.0, "ISIBF_base": 0.001, "Latitude": 5.314948, "Longitude": -5.867063 }, "geometry": { "type": "Point", "coordinates": [ -5.867063, 5.314948 ] } },
{ "type": "Feature", "properties": { "ADM3_FR": "Saïoua", "ADM2_FR": "Issia", "ADM1_FR": "Haut-Sassandra", "ADM0_EN": "Ivory Coast", "Population": 100085, "Total_bran": 0.0, "Country": "civ", "Filter": 1.0, "ISIBF_base": 0.012, "Latitude": 6.510663, "Longitude": -6.284741 }, "geometry": { "type": "Point", "coordinates": [ -6.284741, 6.510663 ] } },
{ "type": "Feature", "properties": { "ADM3_FR": "Sakassou", "ADM2_FR": "Sakassou", "ADM1_FR": "Gbeke", "ADM0_EN": "Ivory Coast", "Population": 69386, "Total_bran": 0.0, "Country": "civ", "Filter": 1.0, "ISIBF_base": 0.004, "Latitude": 7.425343, "Longitude": -5.332088 }, "geometry": { "type": "Point", "coordinates": [ -5.332088, 7.425343 ] } },
{ "type": "Feature", "properties": { "ADM3_FR": "Samango", "ADM2_FR": "Gbeleban", "ADM1_FR": "Kabadougou", "ADM0_EN": "Ivory Coast", "Population": 17219, "Total_bran": 0.0, "Country": "civ", "Filter": 1.0, "ISIBF_base": 0.003, "Latitude": 9.743752, "Longitude": -7.912135 }, "geometry": { "type": "Point", "coordinates": [ -7.912135, 9.743752 ] } },
{ "type": "Feature", "properties": { "ADM3_FR": "Samanza", "ADM2_FR": "Daoukro", "ADM1_FR": "Iffou", "ADM0_EN": "Ivory Coast", "Population": 12290, "Total_bran": 0.0, "Country": "civ", "Filter": 1.0, "ISIBF_base": 0.002, "Latitude": 7.407435, "Longitude": -3.698892 }, "geometry": { "type": "Point", "coordinates": [ -3.698892, 7.407435 ] } },
{ "type": "Feature", "properties": { "ADM3_FR": "Samatiguila", "ADM2_FR": "Samatiguila", "ADM1_FR": "Kabadougou", "ADM0_EN": "Ivory Coast", "Population": 7777, "Total_bran": 0.0, "Country": "civ", "Filter": 1.0, "ISIBF_base": 0.003, "Latitude": 9.886624, "Longitude": -7.61064 }, "geometry": { "type": "Point", "coordinates": [ -7.61064, 9.886624 ] } },
{ "type": "Feature", "properties": { "ADM3_FR": "Sandougou-Soba", "ADM2_FR": "Man", "ADM1_FR": "Tonkpi", "ADM0_EN": "Ivory Coast", "Population": 7347, "Total_bran": 0.0, "Country": "civ", "Filter": 1.0, "ISIBF_base": 0.045, "Latitude": 7.582522, "Longitude": -7.52409 }, "geometry": { "type": "Point", "coordinates": [ -7.52409, 7.582522 ] } },
{ "type": "Feature", "properties": { "ADM3_FR": "Sangouiné", "ADM2_FR": "Man", "ADM1_FR": "Tonkpi", "ADM0_EN": "Ivory Coast", "Population": 63521, "Total_bran": 0.0, "Country": "civ", "Filter": 1.0, "ISIBF_base": 0.02, "Latitude": 7.370066, "Longitude": -7.823316 }, "geometry": { "type": "Point", "coordinates": [ -7.823316, 7.370066 ] } },
{ "type": "Feature", "properties": { "ADM3_FR": "Santa", "ADM2_FR": "Ouaninou", "ADM1_FR": "Bafing", "ADM0_EN": "Ivory Coast", "Population": 63725, "Total_bran": 0.0, "Country": "civ", "Filter": 1.0, "ISIBF_base": 0.007, "Latitude": 8.257808, "Longitude": -8.107731 }, "geometry": { "type": "Point", "coordinates": [ -8.107731, 8.257808 ] } },
{ "type": "Feature", "properties": { "ADM3_FR": "Santa", "ADM2_FR": "Biankouma", "ADM1_FR": "Tonkpi", "ADM0_EN": "Ivory Coast", "Population": 63725, "Total_bran": 0.0, "Country": "civ", "Filter": 1.0, "ISIBF_base": 0.007, "Latitude": 7.596861, "Longitude": -7.898698 }, "geometry": { "type": "Point", "coordinates": [ -7.898698, 7.596861 ] } },
{ "type": "Feature", "properties": { "ADM3_FR": "Sapli-Sépingo", "ADM2_FR": "Bondoukou", "ADM1_FR": "Gontougo", "ADM0_EN": "Ivory Coast", "Population": 12403, "Total_bran": 0.0, "Country": "civ", "Filter": 1.0, "ISIBF_base": 0.011, "Latitude": 8.17558, "Longitude": -3.043321 }, "geometry": { "type": "Point", "coordinates": [ -3.043321, 8.17558 ] } },
{ "type": "Feature", "properties": { "ADM3_FR": "Sarhala", "ADM2_FR": "Mankono", "ADM1_FR": "Bere", "ADM0_EN": "Ivory Coast", "Population": 42450, "Total_bran": 0.0, "Country": "civ", "Filter": 1.0, "ISIBF_base": 0.002, "Latitude": 8.462639, "Longitude": -6.144301 }, "geometry": { "type": "Point", "coordinates": [ -6.144301, 8.462639 ] } },
{ "type": "Feature", "properties": { "ADM3_FR": "Sédiogo", "ADM2_FR": "Sinématiali", "ADM1_FR": "Poro", "ADM0_EN": "Ivory Coast", "Population": 6600, "Total_bran": 0.0, "Country": "civ", "Filter": 1.0, "ISIBF_base": 0.03, "Latitude": 9.526612, "Longitude": -5.479454 }, "geometry": { "type": "Point", "coordinates": [ -5.479454, 9.526612 ] } },
{ "type": "Feature", "properties": { "ADM3_FR": "Séguélon", "ADM2_FR": "Séguélon", "ADM1_FR": "Kabadougou", "ADM0_EN": "Ivory Coast", "Population": 21213, "Total_bran": 0.0, "Country": "civ", "Filter": 1.0, "ISIBF_base": 0.002, "Latitude": 9.358059, "Longitude": -7.170269 }, "geometry": { "type": "Point", "coordinates": [ -7.170269, 9.358059 ] } },
{ "type": "Feature", "properties": { "ADM3_FR": "Seileu", "ADM2_FR": "Danané", "ADM1_FR": "Tonkpi", "ADM0_EN": "Ivory Coast", "Population": 23525, "Total_bran": 0.0, "Country": "civ", "Filter": 1.0, "ISIBF_base": 0.017, "Latitude": 7.130136, "Longitude": -8.193463 }, "geometry": { "type": "Point", "coordinates": [ -8.193463, 7.130136 ] } },
{ "type": "Feature", "properties": { "ADM3_FR": "Seitifla", "ADM2_FR": "Vavoua", "ADM1_FR": "Haut-Sassandra", "ADM0_EN": "Ivory Coast", "Population": 109252, "Total_bran": 0.0, "Country": "civ", "Filter": 1.0, "ISIBF_base": 0.002, "Latitude": 7.542524, "Longitude": -6.823973 }, "geometry": { "type": "Point", "coordinates": [ -6.823973, 7.542524 ] } },
{ "type": "Feature", "properties": { "ADM3_FR": "Sérihio", "ADM2_FR": "Gagnoa", "ADM1_FR": "Goh", "ADM0_EN": "Ivory Coast", "Population": 46320, "Total_bran": 0.0, "Country": "civ", "Filter": 1.0, "ISIBF_base": 0.012, "Latitude": 5.867399, "Longitude": -6.157736 }, "geometry": { "type": "Point", "coordinates": [ -6.157736, 5.867399 ] } },
{ "type": "Feature", "properties": { "ADM3_FR": "Seydougou", "ADM2_FR": "Gbeleban", "ADM1_FR": "Kabadougou", "ADM0_EN": "Ivory Coast", "Population": 7806, "Total_bran": 0.0, "Country": "civ", "Filter": 1.0, "ISIBF_base": 0.005, "Latitude": 9.501221, "Longitude": -7.92864 }, "geometry": { "type": "Point", "coordinates": [ -7.92864, 9.501221 ] } },
{ "type": "Feature", "properties": { "ADM3_FR": "Sianhala", "ADM2_FR": "Kouto", "ADM1_FR": "Bagoue", "ADM0_EN": "Ivory Coast", "Population": 34048, "Total_bran": 0.0, "Country": "civ", "Filter": 1.0, "ISIBF_base": 0.002, "Latitude": 9.996805, "Longitude": -6.768864 }, "geometry": { "type": "Point", "coordinates": [ -6.768864, 9.996805 ] } },
{ "type": "Feature", "properties": { "ADM3_FR": "Siempurgo", "ADM2_FR": "Boundiali", "ADM1_FR": "Bagoue", "ADM0_EN": "Ivory Coast", "Population": 24713, "Total_bran": 0.0, "Country": "civ", "Filter": 1.0, "ISIBF_base": 0.004, "Latitude": 9.559066, "Longitude": -6.271818 }, "geometry": { "type": "Point", "coordinates": [ -6.271818, 9.559066 ] } },
{ "type": "Feature", "properties": { "ADM3_FR": "Sifié", "ADM2_FR": "Séguéla", "ADM1_FR": "Worodougou", "ADM0_EN": "Ivory Coast", "Population": 31264, "Total_bran": 0.0, "Country": "civ", "Filter": 1.0, "ISIBF_base": 0.008, "Latitude": 7.987202, "Longitude": -6.945404 }, "geometry": { "type": "Point", "coordinates": [ -6.945404, 7.987202 ] } },
{ "type": "Feature", "properties": { "ADM3_FR": "Sikensi", "ADM2_FR": "Sikensi", "ADM1_FR": "Agneby-Tiassa", "ADM0_EN": "Ivory Coast", "Population": 91032, "Total_bran": 1.0, "Country": "civ", "Filter": 1.0, "ISIBF_base": 0.116, "Latitude": 5.631536, "Longitude": -4.593114 }, "geometry": { "type": "Point", "coordinates": [ -4.593114, 5.631536 ] } },
{ "type": "Feature", "properties": { "ADM3_FR": "Sinématiali", "ADM2_FR": "Sinématiali", "ADM1_FR": "Poro", "ADM0_EN": "Ivory Coast", "Population": 51929, "Total_bran": 0.0, "Country": "civ", "Filter": 1.0, "ISIBF_base": 0.025, "Latitude": 9.579983, "Longitude": -5.382178 }, "geometry": { "type": "Point", "coordinates": [ -5.382178, 9.579983 ] } },
{ "type": "Feature", "properties": { "ADM3_FR": "Sinfra", "ADM2_FR": "Sinfra", "ADM1_FR": "Marahoue", "ADM0_EN": "Ivory Coast", "Population": 137210, "Total_bran": 2.0, "Country": "civ", "Filter": 1.0, "ISIBF_base": 0.169, "Latitude": 6.638382, "Longitude": -5.847522 }, "geometry": { "type": "Point", "coordinates": [ -5.847522, 6.638382 ] } },
{ "type": "Feature", "properties": { "ADM3_FR": "Sirasso", "ADM2_FR": "Korhogo", "ADM1_FR": "Poro", "ADM0_EN": "Ivory Coast", "Population": 29633, "Total_bran": 0.0, "Country": "civ", "Filter": 1.0, "ISIBF_base": 0.004, "Latitude": 9.23933, "Longitude": -6.072273 }, "geometry": { "type": "Point", "coordinates": [ -6.072273, 9.23933 ] } },
{ "type": "Feature", "properties": { "ADM3_FR": "Sohouo", "ADM2_FR": "Korhogo", "ADM1_FR": "Poro", "ADM0_EN": "Ivory Coast", "Population": 11434, "Total_bran": 0.0, "Country": "civ", "Filter": 1.0, "ISIBF_base": 0.043, "Latitude": 9.677473, "Longitude": -5.63899 }, "geometry": { "type": "Point", "coordinates": [ -5.63899, 9.677473 ] } },
{ "type": "Feature", "properties": { "ADM3_FR": "Songon", "ADM2_FR": "Abidjan", "ADM1_FR": "District Autonome D'Abidjan", "ADM0_EN": "Ivory Coast", "Population": 89778, "Total_bran": 1.0, "Country": "civ", "Filter": 1.0, "ISIBF_base": 0.258, "Latitude": 5.412504, "Longitude": -4.248184 }, "geometry": { "type": "Point", "coordinates": [ -4.248184, 5.412504 ] } },
{ "type": "Feature", "properties": { "ADM3_FR": "Sorobango", "ADM2_FR": "Bondoukou", "ADM1_FR": "Gontougo", "ADM0_EN": "Ivory Coast", "Population": 34797, "Total_bran": 0.0, "Country": "civ", "Filter": 1.0, "ISIBF_base": 0.014, "Latitude": 8.2491, "Longitude": -2.67127 }, "geometry": { "type": "Point", "coordinates": [ -2.67127, 8.2491 ] } },
{ "type": "Feature", "properties": { "ADM3_FR": "Taabo", "ADM2_FR": "Taabo", "ADM1_FR": "Agneby-Tiassa", "ADM0_EN": "Ivory Coast", "Population": 57189, "Total_bran": 0.0, "Country": "civ", "Filter": 1.0, "ISIBF_base": 0.014, "Latitude": 6.209513, "Longitude": -5.080254 }, "geometry": { "type": "Point", "coordinates": [ -5.080254, 6.209513 ] } },
{ "type": "Feature", "properties": { "ADM3_FR": "Tabagne", "ADM2_FR": "Bondoukou", "ADM1_FR": "Gontougo", "ADM0_EN": "Ivory Coast", "Population": 26909, "Total_bran": 0.0, "Country": "civ", "Filter": 1.0, "ISIBF_base": 0.01, "Latitude": 8.069433, "Longitude": -3.072098 }, "geometry": { "type": "Point", "coordinates": [ -3.072098, 8.069433 ] } },
{ "type": "Feature", "properties": { "ADM3_FR": "Tabou", "ADM2_FR": "Tabou", "ADM1_FR": "San Pedro", "ADM0_EN": "Ivory Coast", "Population": 62719, "Total_bran": 0.0, "Country": "civ", "Filter": 1.0, "ISIBF_base": 0.015, "Latitude": 4.551451, "Longitude": -7.319072 }, "geometry": { "type": "Point", "coordinates": [ -7.319072, 4.551451 ] } },
{ "type": "Feature", "properties": { "ADM3_FR": "Tanda", "ADM2_FR": "Tanda", "ADM1_FR": "Gontougo", "ADM0_EN": "Ivory Coast", "Population": 119570, "Total_bran": 0.0, "Country": "civ", "Filter": 1.0, "ISIBF_base": 0.002, "Latitude": 7.794045, "Longitude": -3.11819 }, "geometry": { "type": "Point", "coordinates": [ -3.11819, 7.794045 ] } },
{ "type": "Feature", "properties": { "ADM3_FR": "Tanguélan", "ADM2_FR": "Agnibilékrou", "ADM1_FR": "Indenie-Djuablin", "ADM0_EN": "Ivory Coast", "Population": 12944, "Total_bran": 0.0, "Country": "civ", "Filter": 1.0, "ISIBF_base": 0.066, "Latitude": 7.150817, "Longitude": -3.362895 }, "geometry": { "type": "Point", "coordinates": [ -3.362895, 7.150817 ] } },
{ "type": "Feature", "properties": { "ADM3_FR": "Tankessé", "ADM2_FR": "Koun Fao", "ADM1_FR": "Gontougo", "ADM0_EN": "Ivory Coast", "Population": 35940, "Total_bran": 0.0, "Country": "civ", "Filter": 1.0, "ISIBF_base": 0.031, "Latitude": 7.324382, "Longitude": -3.233433 }, "geometry": { "type": "Point", "coordinates": [ -3.233433, 7.324382 ] } },
{ "type": "Feature", "properties": { "ADM3_FR": "Tapéguia", "ADM2_FR": "Issia", "ADM1_FR": "Haut-Sassandra", "ADM0_EN": "Ivory Coast", "Population": 34004, "Total_bran": 0.0, "Country": "civ", "Filter": 1.0, "ISIBF_base": 0.018, "Latitude": 6.347991, "Longitude": -6.463718 }, "geometry": { "type": "Point", "coordinates": [ -6.463718, 6.347991 ] } },
{ "type": "Feature", "properties": { "ADM3_FR": "Téapleu", "ADM2_FR": "Zouan-Hounien", "ADM1_FR": "Tonkpi", "ADM0_EN": "Ivory Coast", "Population": 42814, "Total_bran": 0.0, "Country": "civ", "Filter": 1.0, "ISIBF_base": 0.006, "Latitude": 7.030782, "Longitude": -8.135059 }, "geometry": { "type": "Point", "coordinates": [ -8.135059, 7.030782 ] } },
{ "type": "Feature", "properties": { "ADM3_FR": "Tengrela", "ADM2_FR": "Tengrela", "ADM1_FR": "Bagoue", "ADM0_EN": "Ivory Coast", "Population": 92454, "Total_bran": 0.0, "Country": "civ", "Filter": 1.0, "ISIBF_base": 0.001, "Latitude": 10.407246, "Longitude": -6.461092 }, "geometry": { "type": "Point", "coordinates": [ -6.461092, 10.407246 ] } },
{ "type": "Feature", "properties": { "ADM3_FR": "Tiapoum", "ADM2_FR": "Tiapoum", "ADM1_FR": "Sud-Comoe", "ADM0_EN": "Ivory Coast", "Population": 25887, "Total_bran": 0.0, "Country": "civ", "Filter": 1.0, "ISIBF_base": 0.013, "Latitude": 5.139438, "Longitude": -2.943301 }, "geometry": { "type": "Point", "coordinates": [ -2.943301, 5.139438 ] } },
{ "type": "Feature", "properties": { "ADM3_FR": "Tiassalé", "ADM2_FR": "Tiassalé", "ADM1_FR": "Agneby-Tiassa", "ADM0_EN": "Ivory Coast", "Population": 83648, "Total_bran": 2.0, "Country": "civ", "Filter": 1.0, "ISIBF_base": 0.167, "Latitude": 5.931874, "Longitude": -4.884355 }, "geometry": { "type": "Point", "coordinates": [ -4.884355, 5.931874 ] } },
{ "type": "Feature", "properties": { "ADM3_FR": "Tibéita", "ADM2_FR": "Bouaflé", "ADM1_FR": "Marahoue", "ADM0_EN": "Ivory Coast", "Population": 22239, "Total_bran": 0.0, "Country": "civ", "Filter": 1.0, "ISIBF_base": 0.004, "Latitude": 7.264426, "Longitude": -5.794133 }, "geometry": { "type": "Point", "coordinates": [ -5.794133, 7.264426 ] } },
{ "type": "Feature", "properties": { "ADM3_FR": "Tie N'Diékro", "ADM2_FR": "Didievi", "ADM1_FR": "Belier", "ADM0_EN": "Ivory Coast", "Population": 12353, "Total_bran": 0.0, "Country": "civ", "Filter": 1.0, "ISIBF_base": 0.007, "Latitude": 7.450456, "Longitude": -4.784356 }, "geometry": { "type": "Point", "coordinates": [ -4.784356, 7.450456 ] } },
{ "type": "Feature", "properties": { "ADM3_FR": "Tiémé", "ADM2_FR": "Odienne", "ADM1_FR": "Kabadougou", "ADM0_EN": "Ivory Coast", "Population": 11644, "Total_bran": 0.0, "Country": "civ", "Filter": 1.0, "ISIBF_base": 0.013, "Latitude": 9.525183, "Longitude": -7.333517 }, "geometry": { "type": "Point", "coordinates": [ -7.333517, 9.525183 ] } },
{ "type": "Feature", "properties": { "ADM3_FR": "Tiémélékro", "ADM2_FR": "M'Batto", "ADM1_FR": "Moronou", "ADM0_EN": "Ivory Coast", "Population": 32554, "Total_bran": 0.0, "Country": "civ", "Filter": 1.0, "ISIBF_base": 0.02, "Latitude": 6.462885, "Longitude": -4.612933 }, "geometry": { "type": "Point", "coordinates": [ -4.612933, 6.462885 ] } },
{ "type": "Feature", "properties": { "ADM3_FR": "Tiéningboué", "ADM2_FR": "Mankono", "ADM1_FR": "Bere", "ADM0_EN": "Ivory Coast", "Population": 67055, "Total_bran": 0.0, "Country": "civ", "Filter": 1.0, "ISIBF_base": 0.004, "Latitude": 8.161567, "Longitude": -5.824734 }, "geometry": { "type": "Point", "coordinates": [ -5.824734, 8.161567 ] } },
{ "type": "Feature", "properties": { "ADM3_FR": "Tienkoikro", "ADM2_FR": "Koun Fao", "ADM1_FR": "Gontougo", "ADM0_EN": "Ivory Coast", "Population": 25409, "Total_bran": 0.0, "Country": "civ", "Filter": 1.0, "ISIBF_base": 0.03, "Latitude": 7.166146, "Longitude": -3.082537 }, "geometry": { "type": "Point", "coordinates": [ -3.082537, 7.166146 ] } },
{ "type": "Feature", "properties": { "ADM3_FR": "Tiény-Séably", "ADM2_FR": "Facobly", "ADM1_FR": "Guemon", "ADM0_EN": "Ivory Coast", "Population": 9522, "Total_bran": 0.0, "Country": "civ", "Filter": 1.0, "ISIBF_base": 0.045, "Latitude": 7.359165, "Longitude": -7.43989 }, "geometry": { "type": "Point", "coordinates": [ -7.43989, 7.359165 ] } },
{ "type": "Feature", "properties": { "ADM3_FR": "Timbé", "ADM2_FR": "Katiola", "ADM1_FR": "Hambol", "ADM0_EN": "Ivory Coast", "Population": 15035, "Total_bran": 0.0, "Country": "civ", "Filter": 1.0, "ISIBF_base": 0.026, "Latitude": 8.105657, "Longitude": -4.894944 }, "geometry": { "type": "Point", "coordinates": [ -4.894944, 8.105657 ] } },
{ "type": "Feature", "properties": { "ADM3_FR": "Tioroniaradougou", "ADM2_FR": "Korhogo", "ADM1_FR": "Poro", "ADM0_EN": "Ivory Coast", "Population": 21464, "Total_bran": 0.0, "Country": "civ", "Filter": 1.0, "ISIBF_base": 0.067, "Latitude": 9.340223, "Longitude": -5.678024 }, "geometry": { "type": "Point", "coordinates": [ -5.678024, 9.340223 ] } },
{ "type": "Feature", "properties": { "ADM3_FR": "Togoniéré", "ADM2_FR": "Ferkessédougou", "ADM1_FR": "Tchologo", "ADM0_EN": "Ivory Coast", "Population": 15342, "Total_bran": 0.0, "Country": "civ", "Filter": 1.0, "ISIBF_base": 0.008, "Latitude": 9.613518, "Longitude": -4.892769 }, "geometry": { "type": "Point", "coordinates": [ -4.892769, 9.613518 ] } },
{ "type": "Feature", "properties": { "ADM3_FR": "Tonla", "ADM2_FR": "Oumé", "ADM1_FR": "Goh", "ADM0_EN": "Ivory Coast", "Population": 31550, "Total_bran": 0.0, "Country": "civ", "Filter": 1.0, "ISIBF_base": 0.02, "Latitude": 6.341357, "Longitude": -5.669949 }, "geometry": { "type": "Point", "coordinates": [ -5.669949, 6.341357 ] } },
{ "type": "Feature", "properties": { "ADM3_FR": "Totrodrou", "ADM2_FR": "Kouibly", "ADM1_FR": "Guemon", "ADM0_EN": "Ivory Coast", "Population": 20936, "Total_bran": 0.0, "Country": "civ", "Filter": 1.0, "ISIBF_base": 0.016, "Latitude": 7.248677, "Longitude": -7.403873 }, "geometry": { "type": "Point", "coordinates": [ -7.403873, 7.248677 ] } },
{ "type": "Feature", "properties": { "ADM3_FR": "Toukouzou", "ADM2_FR": "Grand-Lahou", "ADM1_FR": "Grands Ponts", "ADM0_EN": "Ivory Coast", "Population": 2935, "Total_bran": 0.0, "Country": "civ", "Filter": 1.0, "ISIBF_base": 0.016, "Latitude": 5.152262, "Longitude": -4.865684 }, "geometry": { "type": "Point", "coordinates": [ -4.865684, 5.152262 ] } },
{ "type": "Feature", "properties": { "ADM3_FR": "Toumodi", "ADM2_FR": "Toumodi", "ADM1_FR": "Belier", "ADM0_EN": "Ivory Coast", "Population": 88580, "Total_bran": 1.0, "Country": "civ", "Filter": 1.0, "ISIBF_base": 0.116, "Latitude": 6.556929, "Longitude": -4.985489 }, "geometry": { "type": "Point", "coordinates": [ -4.985489, 6.556929 ] } },
{ "type": "Feature", "properties": { "ADM3_FR": "Toumodi-Sakassou", "ADM2_FR": "Sakassou", "ADM1_FR": "Gbeke", "ADM0_EN": "Ivory Coast", "Population": 4041, "Total_bran": 0.0, "Country": "civ", "Filter": 1.0, "ISIBF_base": 0.002, "Latitude": 7.353384, "Longitude": -5.535156 }, "geometry": { "type": "Point", "coordinates": [ -5.535156, 7.353384 ] } },
{ "type": "Feature", "properties": { "ADM3_FR": "Toupah", "ADM2_FR": "Dabou", "ADM1_FR": "Grands Ponts", "ADM0_EN": "Ivory Coast", "Population": 40212, "Total_bran": 0.0, "Country": "civ", "Filter": 1.0, "ISIBF_base": 0.039, "Latitude": 5.377773, "Longitude": -4.654281 }, "geometry": { "type": "Point", "coordinates": [ -4.654281, 5.377773 ] } },
{ "type": "Feature", "properties": { "ADM3_FR": "Transua", "ADM2_FR": "Transua", "ADM1_FR": "Gontougo", "ADM0_EN": "Ivory Coast", "Population": 46026, "Total_bran": 0.0, "Country": "civ", "Filter": 1.0, "ISIBF_base": 0.002, "Latitude": 7.548601, "Longitude": -3.053201 }, "geometry": { "type": "Point", "coordinates": [ -3.053201, 7.548601 ] } },
{ "type": "Feature", "properties": { "ADM3_FR": "Vavoua", "ADM2_FR": "Vavoua", "ADM1_FR": "Haut-Sassandra", "ADM0_EN": "Ivory Coast", "Population": 132528, "Total_bran": 0.0, "Country": "civ", "Filter": 1.0, "ISIBF_base": 0.003, "Latitude": 7.307582, "Longitude": -6.495107 }, "geometry": { "type": "Point", "coordinates": [ -6.495107, 7.307582 ] } },
{ "type": "Feature", "properties": { "ADM3_FR": "Yakasse-Attobrou", "ADM2_FR": "Yakassé-Attobrou", "ADM1_FR": "Me", "ADM0_EN": "Ivory Coast", "Population": 64311, "Total_bran": 0.0, "Country": "civ", "Filter": 1.0, "ISIBF_base": 0.015, "Latitude": 6.143246, "Longitude": -3.557752 }, "geometry": { "type": "Point", "coordinates": [ -3.557752, 6.143246 ] } },
{ "type": "Feature", "properties": { "ADM3_FR": "Yakasse-Féyassé", "ADM2_FR": "Abengourou", "ADM1_FR": "Indenie-Djuablin", "ADM0_EN": "Ivory Coast", "Population": 52445, "Total_bran": 0.0, "Country": "civ", "Filter": 1.0, "ISIBF_base": 0.029, "Latitude": 6.936529, "Longitude": -3.466886 }, "geometry": { "type": "Point", "coordinates": [ -3.466886, 6.936529 ] } },
{ "type": "Feature", "properties": { "ADM3_FR": "Yakassé-Mé", "ADM2_FR": "Adzopé", "ADM1_FR": "Me", "ADM0_EN": "Ivory Coast", "Population": 27268, "Total_bran": 0.0, "Country": "civ", "Filter": 1.0, "ISIBF_base": 0.016, "Latitude": 5.814528, "Longitude": -3.948428 }, "geometry": { "type": "Point", "coordinates": [ -3.948428, 5.814528 ] } },
{ "type": "Feature", "properties": { "ADM3_FR": "Yakpabo-Sakassou", "ADM2_FR": "Tiébissou", "ADM1_FR": "Belier", "ADM0_EN": "Ivory Coast", "Population": 13020, "Total_bran": 0.0, "Country": "civ", "Filter": 1.0, "ISIBF_base": 0.011, "Latitude": 6.937189, "Longitude": -4.931882 }, "geometry": { "type": "Point", "coordinates": [ -4.931882, 6.937189 ] } },
{ "type": "Feature", "properties": { "ADM3_FR": "Yamoussoukro", "ADM2_FR": "Yamoussoukro", "ADM1_FR": "District Autonome De Yamoussoukro", "ADM0_EN": "Ivory Coast", "Population": 340234, "Total_bran": 11.0, "Country": "civ", "Filter": 1.0, "ISIBF_base": 0.381, "Latitude": 6.766808, "Longitude": -5.30679 }, "geometry": { "type": "Point", "coordinates": [ -5.30679, 6.766808 ] } },
{ "type": "Feature", "properties": { "ADM3_FR": "Yaou", "ADM2_FR": "Aboisso", "ADM1_FR": "Sud-Comoe", "ADM0_EN": "Ivory Coast", "Population": 22213, "Total_bran": 0.0, "Country": "civ", "Filter": 1.0, "ISIBF_base": 0.01, "Latitude": 5.794276, "Longitude": -3.198133 }, "geometry": { "type": "Point", "coordinates": [ -3.198133, 5.794276 ] } },
{ "type": "Feature", "properties": { "ADM3_FR": "Yapleu", "ADM2_FR": "Man", "ADM1_FR": "Tonkpi", "ADM0_EN": "Ivory Coast", "Population": 11145, "Total_bran": 0.0, "Country": "civ", "Filter": 1.0, "ISIBF_base": 0.004, "Latitude": 7.080109, "Longitude": -7.716884 }, "geometry": { "type": "Point", "coordinates": [ -7.716884, 7.080109 ] } },
{ "type": "Feature", "properties": { "ADM3_FR": "Yelleu", "ADM2_FR": "Zouan-Hounien", "ADM1_FR": "Tonkpi", "ADM0_EN": "Ivory Coast", "Population": 15586, "Total_bran": 0.0, "Country": "civ", "Filter": 1.0, "ISIBF_base": 0.003, "Latitude": 6.967963, "Longitude": -8.062073 }, "geometry": { "type": "Point", "coordinates": [ -8.062073, 6.967963 ] } },
{ "type": "Feature", "properties": { "ADM3_FR": "Yézimala", "ADM2_FR": "Bondoukou", "ADM1_FR": "Gontougo", "ADM0_EN": "Ivory Coast", "Population": 8829, "Total_bran": 0.0, "Country": "civ", "Filter": 1.0, "ISIBF_base": 0.017, "Latitude": 8.218071, "Longitude": -2.966605 }, "geometry": { "type": "Point", "coordinates": [ -2.966605, 8.218071 ] } },
{ "type": "Feature", "properties": { "ADM3_FR": "Yocoboué", "ADM2_FR": "Guitry", "ADM1_FR": "Loh-Djiboua", "ADM0_EN": "Ivory Coast", "Population": 26713, "Total_bran": 0.0, "Country": "civ", "Filter": 1.0, "ISIBF_base": 0.015, "Latitude": 5.296636, "Longitude": -5.13502 }, "geometry": { "type": "Point", "coordinates": [ -5.13502, 5.296636 ] } },
{ "type": "Feature", "properties": { "ADM3_FR": "Yopohue", "ADM2_FR": "Gagnoa", "ADM1_FR": "Goh", "ADM0_EN": "Ivory Coast", "Population": 29367, "Total_bran": 0.0, "Country": "civ", "Filter": 1.0, "ISIBF_base": 0.024, "Latitude": 6.429481, "Longitude": -5.821062 }, "geometry": { "type": "Point", "coordinates": [ -5.821062, 6.429481 ] } },
{ "type": "Feature", "properties": { "ADM3_FR": "Zagné", "ADM2_FR": "Taï", "ADM1_FR": "Cavally", "ADM0_EN": "Ivory Coast", "Population": 74478, "Total_bran": 0.0, "Country": "civ", "Filter": 1.0, "ISIBF_base": 0.006, "Latitude": 6.114618, "Longitude": -7.507834 }, "geometry": { "type": "Point", "coordinates": [ -7.507834, 6.114618 ] } },
{ "type": "Feature", "properties": { "ADM3_FR": "Zagoué", "ADM2_FR": "Man", "ADM1_FR": "Tonkpi", "ADM0_EN": "Ivory Coast", "Population": 5822, "Total_bran": 0.0, "Country": "civ", "Filter": 1.0, "ISIBF_base": 0.094, "Latitude": 7.486919, "Longitude": -7.506819 }, "geometry": { "type": "Point", "coordinates": [ -7.506819, 7.486919 ] } },
{ "type": "Feature", "properties": { "ADM3_FR": "Zaguiéta", "ADM2_FR": "Bouaflé", "ADM1_FR": "Marahoue", "ADM0_EN": "Ivory Coast", "Population": 50525, "Total_bran": 0.0, "Country": "civ", "Filter": 1.0, "ISIBF_base": 0.023, "Latitude": 6.762412, "Longitude": -6.024241 }, "geometry": { "type": "Point", "coordinates": [ -6.024241, 6.762412 ] } },
{ "type": "Feature", "properties": { "ADM3_FR": "Zaibo", "ADM2_FR": "Daloa", "ADM1_FR": "Haut-Sassandra", "ADM0_EN": "Ivory Coast", "Population": 23338, "Total_bran": 0.0, "Country": "civ", "Filter": 1.0, "ISIBF_base": 0.014, "Latitude": 7.008677, "Longitude": -6.6709 }, "geometry": { "type": "Point", "coordinates": [ -6.6709, 7.008677 ] } },
{ "type": "Feature", "properties": { "ADM3_FR": "Zaranou", "ADM2_FR": "Abengourou", "ADM1_FR": "Indenie-Djuablin", "ADM0_EN": "Ivory Coast", "Population": 60142, "Total_bran": 0.0, "Country": "civ", "Filter": 1.0, "ISIBF_base": 0.027, "Latitude": 6.436184, "Longitude": -3.408353 }, "geometry": { "type": "Point", "coordinates": [ -3.408353, 6.436184 ] } },
{ "type": "Feature", "properties": { "ADM3_FR": "Zéaglo", "ADM2_FR": "Bloléquin", "ADM1_FR": "Cavally", "ADM0_EN": "Ivory Coast", "Population": 31631, "Total_bran": 0.0, "Country": "civ", "Filter": 1.0, "ISIBF_base": 0.007, "Latitude": 6.512543, "Longitude": -7.858432 }, "geometry": { "type": "Point", "coordinates": [ -7.858432, 6.512543 ] } },
{ "type": "Feature", "properties": { "ADM3_FR": "Zégo", "ADM2_FR": "Divo", "ADM1_FR": "Loh-Djiboua", "ADM0_EN": "Ivory Coast", "Population": 33278, "Total_bran": 0.0, "Country": "civ", "Filter": 1.0, "ISIBF_base": 0.019, "Latitude": 6.095649, "Longitude": -5.126563 }, "geometry": { "type": "Point", "coordinates": [ -5.126563, 6.095649 ] } },
{ "type": "Feature", "properties": { "ADM3_FR": "Zéo", "ADM2_FR": "Bangolo", "ADM1_FR": "Guemon", "ADM0_EN": "Ivory Coast", "Population": 12822, "Total_bran": 0.0, "Country": "civ", "Filter": 1.0, "ISIBF_base": 0.01, "Latitude": 7.123128, "Longitude": -7.458897 }, "geometry": { "type": "Point", "coordinates": [ -7.458897, 7.123128 ] } },
{ "type": "Feature", "properties": { "ADM3_FR": "Zikisso", "ADM2_FR": "Lakota", "ADM1_FR": "Loh-Djiboua", "ADM0_EN": "Ivory Coast", "Population": 11851, "Total_bran": 0.0, "Country": "civ", "Filter": 1.0, "ISIBF_base": 0.036, "Latitude": 6.065488, "Longitude": -5.705256 }, "geometry": { "type": "Point", "coordinates": [ -5.705256, 6.065488 ] } },
{ "type": "Feature", "properties": { "ADM3_FR": "Ziogouiné", "ADM2_FR": "Man", "ADM1_FR": "Tonkpi", "ADM0_EN": "Ivory Coast", "Population": 15966, "Total_bran": 0.0, "Country": "civ", "Filter": 1.0, "ISIBF_base": 0.013, "Latitude": 7.16561, "Longitude": -7.647654 }, "geometry": { "type": "Point", "coordinates": [ -7.647654, 7.16561 ] } },
{ "type": "Feature", "properties": { "ADM3_FR": "Zonneu", "ADM2_FR": "Danané", "ADM1_FR": "Tonkpi", "ADM0_EN": "Ivory Coast", "Population": 29491, "Total_bran": 0.0, "Country": "civ", "Filter": 1.0, "ISIBF_base": 0.009, "Latitude": 7.115928, "Longitude": -8.015851 }, "geometry": { "type": "Point", "coordinates": [ -8.015851, 7.115928 ] } },
{ "type": "Feature", "properties": { "ADM3_FR": "Zouan Hounien", "ADM2_FR": "Zouan-Hounien", "ADM1_FR": "Tonkpi", "ADM0_EN": "Ivory Coast", "Population": 111099, "Total_bran": 0.0, "Country": "civ", "Filter": 1.0, "ISIBF_base": 0.001, "Latitude": 6.891425, "Longitude": -8.208241 }, "geometry": { "type": "Point", "coordinates": [ -8.208241, 6.891425 ] } },
{ "type": "Feature", "properties": { "ADM3_FR": "Zoukougbeu", "ADM2_FR": "Zoukougbeu", "ADM1_FR": "Haut-Sassandra", "ADM0_EN": "Ivory Coast", "Population": 59918, "Total_bran": 0.0, "Country": "civ", "Filter": 1.0, "ISIBF_base": 0.005, "Latitude": 6.854789, "Longitude": -6.835135 }, "geometry": { "type": "Point", "coordinates": [ -6.835135, 6.854789 ] } },
{ "type": "Feature", "properties": { "ADM3_FR": "Bambadinca", "ADM2_FR": "Bambadinca", "ADM1_FR": "Bafata", "ADM0_EN": "Guinea-Bissau", "Population": 31834, "Total_bran": 0.0, "Country": "guinee", "Filter": 1.0, "ISIBF_base": 0.046, "Latitude": 12.022863, "Longitude": -14.901329 }, "geometry": { "type": "Point", "coordinates": [ -14.901329, 12.022863 ] } },
{ "type": "Feature", "properties": { "ADM3_FR": "Bedanda", "ADM2_FR": "Bedanda", "ADM1_FR": "Tombali", "ADM0_EN": "Guinea-Bissau", "Population": 24293, "Total_bran": 0.0, "Country": "guinee", "Filter": 1.0, "ISIBF_base": 0.009, "Latitude": 11.280279, "Longitude": -15.034462 }, "geometry": { "type": "Point", "coordinates": [ -15.034462, 11.280279 ] } },
{ "type": "Feature", "properties": { "ADM3_FR": "Bedanda", "ADM2_FR": "Bedanda", "ADM1_FR": "Tombali", "ADM0_EN": "Guinea-Bissau", "Population": 24293, "Total_bran": 0.0, "Country": "guinee", "Filter": 1.0, "ISIBF_base": 0.009, "Latitude": 11.03959, "Longitude": -15.220819 }, "geometry": { "type": "Point", "coordinates": [ -15.220819, 11.03959 ] } },
{ "type": "Feature", "properties": { "ADM3_FR": "Bedanda", "ADM2_FR": "Bedanda", "ADM1_FR": "Tombali", "ADM0_EN": "Guinea-Bissau", "Population": 24293, "Total_bran": 0.0, "Country": "guinee", "Filter": 1.0, "ISIBF_base": 0.009, "Latitude": 11.027006, "Longitude": -15.275888 }, "geometry": { "type": "Point", "coordinates": [ -15.275888, 11.027006 ] } },
{ "type": "Feature", "properties": { "ADM3_FR": "Bigene", "ADM2_FR": "Bigene", "ADM1_FR": "Cacheu", "ADM0_EN": "Guinea-Bissau", "Population": 51412, "Total_bran": 0.0, "Country": "guinee", "Filter": 1.0, "ISIBF_base": 0.034, "Latitude": 12.370437, "Longitude": -15.791389 }, "geometry": { "type": "Point", "coordinates": [ -15.791389, 12.370437 ] } },
{ "type": "Feature", "properties": { "ADM3_FR": "Sector Autonomo de Bissau", "ADM2_FR": "Sector Autonomo de Bissau", "ADM1_FR": "Bissau", "ADM0_EN": "Guinea-Bissau", "Population": 365097, "Total_bran": 13.0, "Country": "guinee", "Filter": 1.0, "ISIBF_base": 0.271, "Latitude": 11.875773, "Longitude": -15.611011 }, "geometry": { "type": "Point", "coordinates": [ -15.611011, 11.875773 ] } },
{ "type": "Feature", "properties": { "ADM3_FR": "Sector Autonomo de Bissau", "ADM2_FR": "Sector Autonomo de Bissau", "ADM1_FR": "Bissau", "ADM0_EN": "Guinea-Bissau", "Population": 365097, "Total_bran": 0.0, "Country": "guinee", "Filter": 1.0, "ISIBF_base": 0.271, "Latitude": 11.852244, "Longitude": -15.57185 }, "geometry": { "type": "Point", "coordinates": [ -15.57185, 11.852244 ] } },
{ "type": "Feature", "properties": { "ADM3_FR": "Bissora", "ADM2_FR": "Bissora", "ADM1_FR": "Bissora", "ADM0_EN": "Guinea-Bissau", "Population": 56585, "Total_bran": 0.0, "Country": "guinee", "Filter": 1.0, "ISIBF_base": 0.047, "Latitude": 12.208643, "Longitude": -15.53555 }, "geometry": { "type": "Point", "coordinates": [ -15.53555, 12.208643 ] } },
{ "type": "Feature", "properties": { "ADM3_FR": "Boe", "ADM2_FR": "Boe", "ADM1_FR": "Oio", "ADM0_EN": "Guinea-Bissau", "Population": 10878, "Total_bran": 0.0, "Country": "guinee", "Filter": 1.0, "ISIBF_base": 0.02, "Latitude": 11.830584, "Longitude": -14.076275 }, "geometry": { "type": "Point", "coordinates": [ -14.076275, 11.830584 ] } },
{ "type": "Feature", "properties": { "ADM3_FR": "Buba", "ADM2_FR": "Buba", "ADM1_FR": "Quinara", "ADM0_EN": "Guinea-Bissau", "Population": 17123, "Total_bran": 1.0, "Country": "guinee", "Filter": 1.0, "ISIBF_base": 0.457, "Latitude": 11.612929, "Longitude": -14.984198 }, "geometry": { "type": "Point", "coordinates": [ -14.984198, 11.612929 ] } },
{ "type": "Feature", "properties": { "ADM3_FR": "Bula", "ADM2_FR": "Bula", "ADM1_FR": "Cacheu", "ADM0_EN": "Guinea-Bissau", "Population": 29557, "Total_bran": 1.0, "Country": "guinee", "Filter": 1.0, "ISIBF_base": 0.481, "Latitude": 12.127897, "Longitude": -15.78866 }, "geometry": { "type": "Point", "coordinates": [ -15.78866, 12.127897 ] } },
{ "type": "Feature", "properties": { "ADM3_FR": "Cacheu/Calequisse", "ADM2_FR": "Cacheu/Calequisse", "ADM1_FR": "Cacheu", "ADM0_EN": "Guinea-Bissau", "Population": 18563, "Total_bran": 0.0, "Country": "guinee", "Filter": 1.0, "ISIBF_base": 0.041, "Latitude": 12.17141, "Longitude": -16.148064 }, "geometry": { "type": "Point", "coordinates": [ -16.148064, 12.17141 ] } },
{ "type": "Feature", "properties": { "ADM3_FR": "Caio", "ADM2_FR": "Caio", "ADM1_FR": "Cacheu", "ADM0_EN": "Guinea-Bissau", "Population": 12696, "Total_bran": 0.0, "Country": "guinee", "Filter": 1.0, "ISIBF_base": 0.006, "Latitude": 11.962419, "Longitude": -16.178346 }, "geometry": { "type": "Point", "coordinates": [ -16.178346, 11.962419 ] } },
{ "type": "Feature", "properties": { "ADM3_FR": "Caio", "ADM2_FR": "Caio", "ADM1_FR": "Cacheu", "ADM0_EN": "Guinea-Bissau", "Population": 12696, "Total_bran": 0.0, "Country": "guinee", "Filter": 1.0, "ISIBF_base": 0.006, "Latitude": 11.889692, "Longitude": -16.271523 }, "geometry": { "type": "Point", "coordinates": [ -16.271523, 11.889692 ] } },
{ "type": "Feature", "properties": { "ADM3_FR": "Caio", "ADM2_FR": "Caio", "ADM1_FR": "Cacheu", "ADM0_EN": "Guinea-Bissau", "Population": 12696, "Total_bran": 0.0, "Country": "guinee", "Filter": 1.0, "ISIBF_base": 0.006, "Latitude": 11.829167, "Longitude": -16.084093 }, "geometry": { "type": "Point", "coordinates": [ -16.084093, 11.829167 ] } },
{ "type": "Feature", "properties": { "ADM3_FR": "Caio", "ADM2_FR": "Caio", "ADM1_FR": "Cacheu", "ADM0_EN": "Guinea-Bissau", "Population": 12696, "Total_bran": 0.0, "Country": "guinee", "Filter": 1.0, "ISIBF_base": 0.006, "Latitude": 11.824662, "Longitude": -16.000246 }, "geometry": { "type": "Point", "coordinates": [ -16.000246, 11.824662 ] } },
{ "type": "Feature", "properties": { "ADM3_FR": "Canchungo", "ADM2_FR": "Canchungo", "ADM1_FR": "Cacheu", "ADM0_EN": "Guinea-Bissau", "Population": 43709, "Total_bran": 3.0, "Country": "guinee", "Filter": 1.0, "ISIBF_base": 0.052, "Latitude": 12.041135, "Longitude": -16.00421 }, "geometry": { "type": "Point", "coordinates": [ -16.00421, 12.041135 ] } },
{ "type": "Feature", "properties": { "ADM3_FR": "Canchungo", "ADM2_FR": "Canchungo", "ADM1_FR": "Cacheu", "ADM0_EN": "Guinea-Bissau", "Population": 43709, "Total_bran": 0.0, "Country": "guinee", "Filter": 1.0, "ISIBF_base": 0.052, "Latitude": 11.900111, "Longitude": -16.007768 }, "geometry": { "type": "Point", "coordinates": [ -16.007768, 11.900111 ] } },
{ "type": "Feature", "properties": { "ADM3_FR": "Contuboel", "ADM2_FR": "Contuboel", "ADM1_FR": "Bafata", "ADM0_EN": "Guinea-Bissau", "Population": 44048, "Total_bran": 0.0, "Country": "guinee", "Filter": 1.0, "ISIBF_base": 0.019, "Latitude": 12.535103, "Longitude": -14.636602 }, "geometry": { "type": "Point", "coordinates": [ -14.636602, 12.535103 ] } },
{ "type": "Feature", "properties": { "ADM3_FR": "Empada", "ADM2_FR": "Empada", "ADM1_FR": "Quinara", "ADM0_EN": "Guinea-Bissau", "Population": 17517, "Total_bran": 0.0, "Country": "guinee", "Filter": 1.0, "ISIBF_base": 0.022, "Latitude": 11.496098, "Longitude": -15.292728 }, "geometry": { "type": "Point", "coordinates": [ -15.292728, 11.496098 ] } },
{ "type": "Feature", "properties": { "ADM3_FR": "Fulacunda", "ADM2_FR": "Fulacunda", "ADM1_FR": "Quinara", "ADM0_EN": "Guinea-Bissau", "Population": 11275, "Total_bran": 1.0, "Country": "guinee", "Filter": 1.0, "ISIBF_base": 0.457, "Latitude": 11.790035, "Longitude": -15.129491 }, "geometry": { "type": "Point", "coordinates": [ -15.129491, 11.790035 ] } },
{ "type": "Feature", "properties": { "ADM3_FR": "Gabu", "ADM2_FR": "Gabu", "ADM1_FR": "Gabu", "ADM0_EN": "Guinea-Bissau", "Population": 81495, "Total_bran": 4.0, "Country": "guinee", "Filter": 1.0, "ISIBF_base": 1.0, "Latitude": 12.134859, "Longitude": -14.252897 }, "geometry": { "type": "Point", "coordinates": [ -14.252897, 12.134859 ] } },
{ "type": "Feature", "properties": { "ADM3_FR": "Gamamudo/Ganadu", "ADM2_FR": "Gamamudo/Ganadu", "ADM1_FR": "Bafata", "ADM0_EN": "Guinea-Bissau", "Population": 24564, "Total_bran": 0.0, "Country": "guinee", "Filter": 1.0, "ISIBF_base": 0.077, "Latitude": 12.293292, "Longitude": -14.823749 }, "geometry": { "type": "Point", "coordinates": [ -14.823749, 12.293292 ] } },
{ "type": "Feature", "properties": { "ADM3_FR": "Mansoa", "ADM2_FR": "Mansoa", "ADM1_FR": "Oio", "ADM0_EN": "Guinea-Bissau", "Population": 46046, "Total_bran": 0.0, "Country": "guinee", "Filter": 1.0, "ISIBF_base": 0.018, "Latitude": 12.06164, "Longitude": -15.217075 }, "geometry": { "type": "Point", "coordinates": [ -15.217075, 12.06164 ] } },
{ "type": "Feature", "properties": { "ADM3_FR": "Nhacra", "ADM2_FR": "Nhacra", "ADM1_FR": "Oio", "ADM0_EN": "Guinea-Bissau", "Population": 20639, "Total_bran": 0.0, "Country": "guinee", "Filter": 1.0, "ISIBF_base": 0.13, "Latitude": 11.979063, "Longitude": -15.514538 }, "geometry": { "type": "Point", "coordinates": [ -15.514538, 11.979063 ] } },
{ "type": "Feature", "properties": { "ADM3_FR": "Prabis", "ADM2_FR": "Prabis", "ADM1_FR": "Biombo", "ADM0_EN": "Guinea-Bissau", "Population": 33024, "Total_bran": 0.0, "Country": "guinee", "Filter": 1.0, "ISIBF_base": 0.153, "Latitude": 11.818107, "Longitude": -15.753051 }, "geometry": { "type": "Point", "coordinates": [ -15.753051, 11.818107 ] } },
{ "type": "Feature", "properties": { "ADM3_FR": "Quebo", "ADM2_FR": "Quebo", "ADM1_FR": "Tombali", "ADM0_EN": "Guinea-Bissau", "Population": 15372, "Total_bran": 0.0, "Country": "guinee", "Filter": 1.0, "ISIBF_base": 0.021, "Latitude": 11.53182, "Longitude": -14.722124 }, "geometry": { "type": "Point", "coordinates": [ -14.722124, 11.53182 ] } },
{ "type": "Feature", "properties": { "ADM3_FR": "Quinhamel", "ADM2_FR": "Quinhamel", "ADM1_FR": "Biombo", "ADM0_EN": "Guinea-Bissau", "Population": 42659, "Total_bran": 0.0, "Country": "guinee", "Filter": 1.0, "ISIBF_base": 0.127, "Latitude": 11.886682, "Longitude": -15.840109 }, "geometry": { "type": "Point", "coordinates": [ -15.840109, 11.886682 ] } },
{ "type": "Feature", "properties": { "ADM3_FR": "Quinhamel", "ADM2_FR": "Quinhamel", "ADM1_FR": "Biombo", "ADM0_EN": "Guinea-Bissau", "Population": 42659, "Total_bran": 0.0, "Country": "guinee", "Filter": 1.0, "ISIBF_base": 0.127, "Latitude": 11.878887, "Longitude": -15.943971 }, "geometry": { "type": "Point", "coordinates": [ -15.943971, 11.878887 ] } },
{ "type": "Feature", "properties": { "ADM3_FR": "Quinhamel", "ADM2_FR": "Quinhamel", "ADM1_FR": "Biombo", "ADM0_EN": "Guinea-Bissau", "Population": 42659, "Total_bran": 0.0, "Country": "guinee", "Filter": 1.0, "ISIBF_base": 0.127, "Latitude": 11.757324, "Longitude": -15.875712 }, "geometry": { "type": "Point", "coordinates": [ -15.875712, 11.757324 ] } },
{ "type": "Feature", "properties": { "ADM3_FR": "Safim", "ADM2_FR": "Safim", "ADM1_FR": "Biombo", "ADM0_EN": "Guinea-Bissau", "Population": 17356, "Total_bran": 2.0, "Country": "guinee", "Filter": 1.0, "ISIBF_base": 0.707, "Latitude": 11.936624, "Longitude": -15.673262 }, "geometry": { "type": "Point", "coordinates": [ -15.673262, 11.936624 ] } },
{ "type": "Feature", "properties": { "ADM3_FR": "Sonaco", "ADM2_FR": "Sonaco", "ADM1_FR": "Gabu", "ADM0_EN": "Guinea-Bissau", "Population": 37804, "Total_bran": 0.0, "Country": "guinee", "Filter": 1.0, "ISIBF_base": 0.055, "Latitude": 12.419298, "Longitude": -14.400261 }, "geometry": { "type": "Point", "coordinates": [ -14.400261, 12.419298 ] } },
{ "type": "Feature", "properties": { "ADM3_FR": "Xitole", "ADM2_FR": "Xitole", "ADM1_FR": "Bafata", "ADM0_EN": "Guinea-Bissau", "Population": 16928, "Total_bran": 0.0, "Country": "guinee", "Filter": 1.0, "ISIBF_base": 0.025, "Latitude": 11.766, "Longitude": -14.69221 }, "geometry": { "type": "Point", "coordinates": [ -14.69221, 11.766 ] } },
{ "type": "Feature", "properties": { "ADM3_FR": "Catio", "ADM2_FR": "Catio", "ADM1_FR": "Tombali", "ADM0_EN": "Guinea-Bissau", "Population": 26999, "Total_bran": 0.0, "Country": "guinee", "Filter": 1.0, "ISIBF_base": 0.006, "Latitude": 11.344151, "Longitude": -15.253956 }, "geometry": { "type": "Point", "coordinates": [ -15.253956, 11.344151 ] } },
{ "type": "Feature", "properties": { "ADM3_FR": "Bafata", "ADM2_FR": "Bafata", "ADM1_FR": "Bafata", "ADM0_EN": "Guinea-Bissau", "Population": 83510, "Total_bran": 4.0, "Country": "guinee", "Filter": 1.0, "ISIBF_base": 1.0, "Latitude": 12.17643, "Longitude": -14.621959 }, "geometry": { "type": "Point", "coordinates": [ -14.621959, 12.17643 ] } },
{ "type": "Feature", "properties": { "ADM3_FR": "Galomaro/Cosse", "ADM2_FR": "Galomaro/Cosse", "ADM1_FR": "Bafata", "ADM0_EN": "Guinea-Bissau", "Population": 14554, "Total_bran": 0.0, "Country": "guinee", "Filter": 1.0, "ISIBF_base": 0.102, "Latitude": 11.959016, "Longitude": -14.585376 }, "geometry": { "type": "Point", "coordinates": [ -14.585376, 11.959016 ] } },
{ "type": "Feature", "properties": { "ADM3_FR": "Tite", "ADM2_FR": "Tite", "ADM1_FR": "Quinara", "ADM0_EN": "Guinea-Bissau", "Population": 14862, "Total_bran": 0.0, "Country": "guinee", "Filter": 1.0, "ISIBF_base": 0.045, "Latitude": 11.760832, "Longitude": -15.399922 }, "geometry": { "type": "Point", "coordinates": [ -15.399922, 11.760832 ] } },
{ "type": "Feature", "properties": { "ADM3_FR": "Tite", "ADM2_FR": "Tite", "ADM1_FR": "Quinara", "ADM0_EN": "Guinea-Bissau", "Population": 14862, "Total_bran": 0.0, "Country": "guinee", "Filter": 1.0, "ISIBF_base": 0.045, "Latitude": 11.874224, "Longitude": -15.411364 }, "geometry": { "type": "Point", "coordinates": [ -15.411364, 11.874224 ] } },
{ "type": "Feature", "properties": { "ADM3_FR": "Tite", "ADM2_FR": "Tite", "ADM1_FR": "Quinara", "ADM0_EN": "Guinea-Bissau", "Population": 14862, "Total_bran": 0.0, "Country": "guinee", "Filter": 1.0, "ISIBF_base": 0.045, "Latitude": 11.862179, "Longitude": -15.438493 }, "geometry": { "type": "Point", "coordinates": [ -15.438493, 11.862179 ] } },
{ "type": "Feature", "properties": { "ADM3_FR": "Tite", "ADM2_FR": "Tite", "ADM1_FR": "Quinara", "ADM0_EN": "Guinea-Bissau", "Population": 14862, "Total_bran": 0.0, "Country": "guinee", "Filter": 1.0, "ISIBF_base": 0.045, "Latitude": 11.698471, "Longitude": -15.61968 }, "geometry": { "type": "Point", "coordinates": [ -15.61968, 11.698471 ] } },
{ "type": "Feature", "properties": { "ADM3_FR": "Bolama", "ADM2_FR": "Bolama", "ADM1_FR": "Bolama/Bijagos", "ADM0_EN": "Guinea-Bissau", "Population": 10206, "Total_bran": 0.0, "Country": "guinee", "Filter": 1.0, "ISIBF_base": 0.012, "Latitude": 11.628522, "Longitude": -15.400609 }, "geometry": { "type": "Point", "coordinates": [ -15.400609, 11.628522 ] } },
{ "type": "Feature", "properties": { "ADM3_FR": "Bolama", "ADM2_FR": "Bolama", "ADM1_FR": "Bolama/Bijagos", "ADM0_EN": "Guinea-Bissau", "Population": 10206, "Total_bran": 0.0, "Country": "guinee", "Filter": 1.0, "ISIBF_base": 0.012, "Latitude": 11.565915, "Longitude": -15.545453 }, "geometry": { "type": "Point", "coordinates": [ -15.545453, 11.565915 ] } },
{ "type": "Feature", "properties": { "ADM3_FR": "Bolama", "ADM2_FR": "Bolama", "ADM1_FR": "Bolama/Bijagos", "ADM0_EN": "Guinea-Bissau", "Population": 10206, "Total_bran": 0.0, "Country": "guinee", "Filter": 1.0, "ISIBF_base": 0.012, "Latitude": 11.466701, "Longitude": -15.69428 }, "geometry": { "type": "Point", "coordinates": [ -15.69428, 11.466701 ] } },
{ "type": "Feature", "properties": { "ADM3_FR": "Tomora", "ADM2_FR": "Bafoulabe", "ADM1_FR": "Kayes", "ADM0_EN": "Mali", "Population": 32211, "Total_bran": 0.0, "Country": "mali", "Filter": 1.0, "ISIBF_base": 0.001, "Latitude": 14.204341, "Longitude": -10.53474 }, "geometry": { "type": "Point", "coordinates": [ -10.53474, 14.204341 ] } },
{ "type": "Feature", "properties": { "ADM3_FR": "Sidibela", "ADM2_FR": "Bafoulabe", "ADM1_FR": "Kayes", "ADM0_EN": "Mali", "Population": 7557, "Total_bran": 0.0, "Country": "mali", "Filter": 1.0, "ISIBF_base": 0.001, "Latitude": 14.252947, "Longitude": -10.768394 }, "geometry": { "type": "Point", "coordinates": [ -10.768394, 14.252947 ] } },
{ "type": "Feature", "properties": { "ADM3_FR": "Kontéla", "ADM2_FR": "Bafoulabe", "ADM1_FR": "Kayes", "ADM0_EN": "Mali", "Population": 21510, "Total_bran": 0.0, "Country": "mali", "Filter": 1.0, "ISIBF_base": 0.0, "Latitude": 14.000134, "Longitude": -10.343055 }, "geometry": { "type": "Point", "coordinates": [ -10.343055, 14.000134 ] } },
{ "type": "Feature", "properties": { "ADM3_FR": "Bafoulabe", "ADM2_FR": "Bafoulabe", "ADM1_FR": "Kayes", "ADM0_EN": "Mali", "Population": 19766, "Total_bran": 1.0, "Country": "mali", "Filter": 1.0, "ISIBF_base": 0.052, "Latitude": 13.9263, "Longitude": -10.789104 }, "geometry": { "type": "Point", "coordinates": [ -10.789104, 13.9263 ] } },
{ "type": "Feature", "properties": { "ADM3_FR": "Sitakily", "ADM2_FR": "Kéniéba", "ADM1_FR": "Kayes", "ADM0_EN": "Mali", "Population": 30154, "Total_bran": 0.0, "Country": "mali", "Filter": 1.0, "ISIBF_base": 0.004, "Latitude": 13.073705, "Longitude": -11.278239 }, "geometry": { "type": "Point", "coordinates": [ -11.278239, 13.073705 ] } },
{ "type": "Feature", "properties": { "ADM3_FR": "Kita", "ADM2_FR": "Kita", "ADM1_FR": "Kayes", "ADM0_EN": "Mali", "Population": 49043, "Total_bran": 4.0, "Country": "mali", "Filter": 1.0, "ISIBF_base": 0.124, "Latitude": 13.036584, "Longitude": -9.487416 }, "geometry": { "type": "Point", "coordinates": [ -9.487416, 13.036584 ] } },
{ "type": "Feature", "properties": { "ADM3_FR": "Niantanso", "ADM2_FR": "Kita", "ADM1_FR": "Kayes", "ADM0_EN": "Mali", "Population": 5130, "Total_bran": 0.0, "Country": "mali", "Filter": 1.0, "ISIBF_base": 0.002, "Latitude": 13.212635, "Longitude": -10.132314 }, "geometry": { "type": "Point", "coordinates": [ -10.132314, 13.212635 ] } },
{ "type": "Feature", "properties": { "ADM3_FR": "Bossofala", "ADM2_FR": "Kati", "ADM1_FR": "Koulikoro", "ADM0_EN": "Mali", "Population": 16898, "Total_bran": 0.0, "Country": "mali", "Filter": 1.0, "ISIBF_base": 0.001, "Latitude": 12.792012, "Longitude": -8.490097 }, "geometry": { "type": "Point", "coordinates": [ -8.490097, 12.792012 ] } },
{ "type": "Feature", "properties": { "ADM3_FR": "Mountougoula", "ADM2_FR": "Kati", "ADM1_FR": "Koulikoro", "ADM0_EN": "Mali", "Population": 16228, "Total_bran": 0.0, "Country": "mali", "Filter": 1.0, "ISIBF_base": 0.109, "Latitude": 12.45976, "Longitude": -7.768709 }, "geometry": { "type": "Point", "coordinates": [ -7.768709, 12.45976 ] } },
{ "type": "Feature", "properties": { "ADM3_FR": "N'gouraba", "ADM2_FR": "Kati", "ADM1_FR": "Koulikoro", "ADM0_EN": "Mali", "Population": 17695, "Total_bran": 0.0, "Country": "mali", "Filter": 1.0, "ISIBF_base": 0.008, "Latitude": 12.440063, "Longitude": -7.496165 }, "geometry": { "type": "Point", "coordinates": [ -7.496165, 12.440063 ] } },
{ "type": "Feature", "properties": { "ADM3_FR": "Tiémala Banimonitié", "ADM2_FR": "Bougouni", "ADM1_FR": "Sikasso", "ADM0_EN": "Mali", "Population": 16773, "Total_bran": 0.0, "Country": "mali", "Filter": 1.0, "ISIBF_base": 0.007, "Latitude": 11.184248, "Longitude": -7.52889 }, "geometry": { "type": "Point", "coordinates": [ -7.52889, 11.184248 ] } },
{ "type": "Feature", "properties": { "ADM3_FR": "Tougouni", "ADM2_FR": "Koulikoro", "ADM1_FR": "Koulikoro", "ADM0_EN": "Mali", "Population": 12580, "Total_bran": 0.0, "Country": "mali", "Filter": 1.0, "ISIBF_base": 0.001, "Latitude": 13.229162, "Longitude": -7.234154 }, "geometry": { "type": "Point", "coordinates": [ -7.234154, 13.229162 ] } },
{ "type": "Feature", "properties": { "ADM3_FR": "Dinandougou", "ADM2_FR": "Koulikoro", "ADM1_FR": "Koulikoro", "ADM0_EN": "Mali", "Population": 21360, "Total_bran": 0.0, "Country": "mali", "Filter": 1.0, "ISIBF_base": 0.002, "Latitude": 13.060702, "Longitude": -7.170507 }, "geometry": { "type": "Point", "coordinates": [ -7.170507, 13.060702 ] } },
{ "type": "Feature", "properties": { "ADM3_FR": "Boidié", "ADM2_FR": "Baraouéli", "ADM1_FR": "Ségou", "ADM0_EN": "Mali", "Population": 22056, "Total_bran": 0.0, "Country": "mali", "Filter": 1.0, "ISIBF_base": 0.011, "Latitude": 13.228045, "Longitude": -6.855727 }, "geometry": { "type": "Point", "coordinates": [ -6.855727, 13.228045 ] } },
{ "type": "Feature", "properties": { "ADM3_FR": "Nyamina", "ADM2_FR": "Koulikoro", "ADM1_FR": "Koulikoro", "ADM0_EN": "Mali", "Population": 35785, "Total_bran": 0.0, "Country": "mali", "Filter": 1.0, "ISIBF_base": 0.001, "Latitude": 13.448382, "Longitude": -6.975444 }, "geometry": { "type": "Point", "coordinates": [ -6.975444, 13.448382 ] } },
{ "type": "Feature", "properties": { "ADM3_FR": "Tamani", "ADM2_FR": "Baraouéli", "ADM1_FR": "Ségou", "ADM0_EN": "Mali", "Population": 13059, "Total_bran": 0.0, "Country": "mali", "Filter": 1.0, "ISIBF_base": 0.004, "Latitude": 13.318704, "Longitude": -6.796156 }, "geometry": { "type": "Point", "coordinates": [ -6.796156, 13.318704 ] } },
{ "type": "Feature", "properties": { "ADM3_FR": "Bougarybaya", "ADM2_FR": "Kita", "ADM1_FR": "Kayes", "ADM0_EN": "Mali", "Population": 10085, "Total_bran": 0.0, "Country": "mali", "Filter": 1.0, "ISIBF_base": 0.007, "Latitude": 12.83084, "Longitude": -9.772002 }, "geometry": { "type": "Point", "coordinates": [ -9.772002, 12.83084 ] } },
{ "type": "Feature", "properties": { "ADM3_FR": "Badia", "ADM2_FR": "Kita", "ADM1_FR": "Kayes", "ADM0_EN": "Mali", "Population": 7137, "Total_bran": 0.0, "Country": "mali", "Filter": 1.0, "ISIBF_base": 0.028, "Latitude": 12.948908, "Longitude": -9.378297 }, "geometry": { "type": "Point", "coordinates": [ -9.378297, 12.948908 ] } },
{ "type": "Feature", "properties": { "ADM3_FR": "Fégui", "ADM2_FR": "Kayes", "ADM1_FR": "Kayes", "ADM0_EN": "Mali", "Population": 3933, "Total_bran": 0.0, "Country": "mali", "Filter": 1.0, "ISIBF_base": 0.014, "Latitude": 14.606074, "Longitude": -12.120937 }, "geometry": { "type": "Point", "coordinates": [ -12.120937, 14.606074 ] } },
{ "type": "Feature", "properties": { "ADM3_FR": "Tafacirga", "ADM2_FR": "Kayes", "ADM1_FR": "Kayes", "ADM0_EN": "Mali", "Population": 9126, "Total_bran": 0.0, "Country": "mali", "Filter": 1.0, "ISIBF_base": 0.004, "Latitude": 14.718568, "Longitude": -12.164343 }, "geometry": { "type": "Point", "coordinates": [ -12.164343, 14.718568 ] } },
{ "type": "Feature", "properties": { "ADM3_FR": "Logo", "ADM2_FR": "Kayes", "ADM1_FR": "Kayes", "ADM0_EN": "Mali", "Population": 11989, "Total_bran": 0.0, "Country": "mali", "Filter": 1.0, "ISIBF_base": 0.018, "Latitude": 14.288709, "Longitude": -11.282633 }, "geometry": { "type": "Point", "coordinates": [ -11.282633, 14.288709 ] } },
{ "type": "Feature", "properties": { "ADM3_FR": "Hawa Dembaya", "ADM2_FR": "Kayes", "ADM1_FR": "Kayes", "ADM0_EN": "Mali", "Population": 6851, "Total_bran": 0.0, "Country": "mali", "Filter": 1.0, "ISIBF_base": 0.059, "Latitude": 14.352621, "Longitude": -11.375916 }, "geometry": { "type": "Point", "coordinates": [ -11.375916, 14.352621 ] } },
{ "type": "Feature", "properties": { "ADM3_FR": "Diamou", "ADM2_FR": "Kayes", "ADM1_FR": "Kayes", "ADM0_EN": "Mali", "Population": 14130, "Total_bran": 0.0, "Country": "mali", "Filter": 1.0, "ISIBF_base": 0.001, "Latitude": 14.033909, "Longitude": -11.167641 }, "geometry": { "type": "Point", "coordinates": [ -11.167641, 14.033909 ] } },
{ "type": "Feature", "properties": { "ADM3_FR": "Souba", "ADM2_FR": "Ségou", "ADM1_FR": "Ségou", "ADM0_EN": "Mali", "Population": 20050, "Total_bran": 0.0, "Country": "mali", "Filter": 1.0, "ISIBF_base": 0.002, "Latitude": 13.544114, "Longitude": -6.687215 }, "geometry": { "type": "Point", "coordinates": [ -6.687215, 13.544114 ] } },
{ "type": "Feature", "properties": { "ADM3_FR": "Somo", "ADM2_FR": "Baraouéli", "ADM1_FR": "Ségou", "ADM0_EN": "Mali", "Population": 10619, "Total_bran": 0.0, "Country": "mali", "Filter": 1.0, "ISIBF_base": 0.031, "Latitude": 13.297719, "Longitude": -6.700529 }, "geometry": { "type": "Point", "coordinates": [ -6.700529, 13.297719 ] } },
{ "type": "Feature", "properties": { "ADM3_FR": "Sido", "ADM2_FR": "Bougouni", "ADM1_FR": "Sikasso", "ADM0_EN": "Mali", "Population": 20822, "Total_bran": 0.0, "Country": "mali", "Filter": 1.0, "ISIBF_base": 0.009, "Latitude": 11.631446, "Longitude": -7.625419 }, "geometry": { "type": "Point", "coordinates": [ -7.625419, 11.631446 ] } },
{ "type": "Feature", "properties": { "ADM3_FR": "Colimbiné", "ADM2_FR": "Kayes", "ADM1_FR": "Kayes", "ADM0_EN": "Mali", "Population": 12497, "Total_bran": 0.0, "Country": "mali", "Filter": 1.0, "ISIBF_base": 0.013, "Latitude": 14.463212, "Longitude": -11.195904 }, "geometry": { "type": "Point", "coordinates": [ -11.195904, 14.463212 ] } },
{ "type": "Feature", "properties": { "ADM3_FR": "Gouméra", "ADM2_FR": "Kayes", "ADM1_FR": "Kayes", "ADM0_EN": "Mali", "Population": 3821, "Total_bran": 0.0, "Country": "mali", "Filter": 1.0, "ISIBF_base": 0.015, "Latitude": 14.575953, "Longitude": -11.25199 }, "geometry": { "type": "Point", "coordinates": [ -11.25199, 14.575953 ] } },
{ "type": "Feature", "properties": { "ADM3_FR": "Madiga Sacko", "ADM2_FR": "Diéma", "ADM1_FR": "Kayes", "ADM0_EN": "Mali", "Population": 13936, "Total_bran": 0.0, "Country": "mali", "Filter": 1.0, "ISIBF_base": 0.005, "Latitude": 14.37942, "Longitude": -9.296856 }, "geometry": { "type": "Point", "coordinates": [ -9.296856, 14.37942 ] } },
{ "type": "Feature", "properties": { "ADM3_FR": "Diangounté Camara", "ADM2_FR": "Diéma", "ADM1_FR": "Kayes", "ADM0_EN": "Mali", "Population": 28467, "Total_bran": 0.0, "Country": "mali", "Filter": 1.0, "ISIBF_base": 0.002, "Latitude": 14.594353, "Longitude": -9.493788 }, "geometry": { "type": "Point", "coordinates": [ -9.493788, 14.594353 ] } },
{ "type": "Feature", "properties": { "ADM3_FR": "Béma", "ADM2_FR": "Diéma", "ADM1_FR": "Kayes", "ADM0_EN": "Mali", "Population": 25429, "Total_bran": 0.0, "Country": "mali", "Filter": 1.0, "ISIBF_base": 0.002, "Latitude": 14.944614, "Longitude": -9.32264 }, "geometry": { "type": "Point", "coordinates": [ -9.32264, 14.944614 ] } },
{ "type": "Feature", "properties": { "ADM3_FR": "Fatao", "ADM2_FR": "Diéma", "ADM1_FR": "Kayes", "ADM0_EN": "Mali", "Population": 8339, "Total_bran": 0.0, "Country": "mali", "Filter": 1.0, "ISIBF_base": 0.001, "Latitude": 14.29338, "Longitude": -9.453286 }, "geometry": { "type": "Point", "coordinates": [ -9.453286, 14.29338 ] } },
{ "type": "Feature", "properties": { "ADM3_FR": "Toya", "ADM2_FR": "Yélimané", "ADM1_FR": "Kayes", "ADM0_EN": "Mali", "Population": 12601, "Total_bran": 0.0, "Country": "mali", "Filter": 1.0, "ISIBF_base": 0.009, "Latitude": 15.145247, "Longitude": -10.70764 }, "geometry": { "type": "Point", "coordinates": [ -10.70764, 15.145247 ] } },
{ "type": "Feature", "properties": { "ADM3_FR": "Tringa", "ADM2_FR": "Yélimané", "ADM1_FR": "Kayes", "ADM0_EN": "Mali", "Population": 12542, "Total_bran": 0.0, "Country": "mali", "Filter": 1.0, "ISIBF_base": 0.001, "Latitude": 14.734177, "Longitude": -10.65645 }, "geometry": { "type": "Point", "coordinates": [ -10.701470322640048, 14.641536597905542 ] } },
{ "type": "Feature", "properties": { "ADM3_FR": "Kremis", "ADM2_FR": "Yélimané", "ADM1_FR": "Kayes", "ADM0_EN": "Mali", "Population": 11044, "Total_bran": 0.0, "Country": "mali", "Filter": 1.0, "ISIBF_base": 0.003, "Latitude": 15.368528, "Longitude": -10.472324 }, "geometry": { "type": "Point", "coordinates": [ -10.472324, 15.368528 ] } },
{ "type": "Feature", "properties": { "ADM3_FR": "Kirané Kaniaga", "ADM2_FR": "Yélimané", "ADM1_FR": "Kayes", "ADM0_EN": "Mali", "Population": 34897, "Total_bran": 0.0, "Country": "mali", "Filter": 1.0, "ISIBF_base": 0.001, "Latitude": 15.289171, "Longitude": -10.189 }, "geometry": { "type": "Point", "coordinates": [ -10.189, 15.289171 ] } },
{ "type": "Feature", "properties": { "ADM3_FR": "Fanga", "ADM2_FR": "Yélimané", "ADM1_FR": "Kayes", "ADM0_EN": "Mali", "Population": 7933, "Total_bran": 0.0, "Country": "mali", "Filter": 1.0, "ISIBF_base": 0.007, "Latitude": 15.084341, "Longitude": -10.378595 }, "geometry": { "type": "Point", "coordinates": [ -10.378595, 15.084341 ] } },
{ "type": "Feature", "properties": { "ADM3_FR": "Diafounou Gory", "ADM2_FR": "Yélimané", "ADM1_FR": "Kayes", "ADM0_EN": "Mali", "Population": 20250, "Total_bran": 0.0, "Country": "mali", "Filter": 1.0, "ISIBF_base": 0.002, "Latitude": 14.98627, "Longitude": -10.802774 }, "geometry": { "type": "Point", "coordinates": [ -10.802774, 14.98627 ] } },
{ "type": "Feature", "properties": { "ADM3_FR": "Yéréré", "ADM2_FR": "Nioro", "ADM1_FR": "Kayes", "ADM0_EN": "Mali", "Population": 13487, "Total_bran": 0.0, "Country": "mali", "Filter": 1.0, "ISIBF_base": 0.023, "Latitude": 15.292118, "Longitude": -9.457148 }, "geometry": { "type": "Point", "coordinates": [ -9.457148, 15.292118 ] } },
{ "type": "Feature", "properties": { "ADM3_FR": "Simbi", "ADM2_FR": "Nioro", "ADM1_FR": "Kayes", "ADM0_EN": "Mali", "Population": 20093, "Total_bran": 0.0, "Country": "mali", "Filter": 1.0, "ISIBF_base": 0.002, "Latitude": 14.87822, "Longitude": -9.662082 }, "geometry": { "type": "Point", "coordinates": [ -9.662082, 14.87822 ] } },
{ "type": "Feature", "properties": { "ADM3_FR": "Sandaré", "ADM2_FR": "Nioro", "ADM1_FR": "Kayes", "ADM0_EN": "Mali", "Population": 25616, "Total_bran": 0.0, "Country": "mali", "Filter": 1.0, "ISIBF_base": 0.0, "Latitude": 14.823417, "Longitude": -10.203276 }, "geometry": { "type": "Point", "coordinates": [ -10.203276, 14.823417 ] } },
{ "type": "Feature", "properties": { "ADM3_FR": "Guétéma", "ADM2_FR": "Nioro", "ADM1_FR": "Kayes", "ADM0_EN": "Mali", "Population": 9332, "Total_bran": 0.0, "Country": "mali", "Filter": 1.0, "ISIBF_base": 0.031, "Latitude": 15.106764, "Longitude": -9.561643 }, "geometry": { "type": "Point", "coordinates": [ -9.561643, 15.106764 ] } },
{ "type": "Feature", "properties": { "ADM3_FR": "Gogui", "ADM2_FR": "Nioro", "ADM1_FR": "Kayes", "ADM0_EN": "Mali", "Population": 12947, "Total_bran": 0.0, "Country": "mali", "Filter": 1.0, "ISIBF_base": 0.002, "Latitude": 15.49715, "Longitude": -9.326542 }, "geometry": { "type": "Point", "coordinates": [ -9.326542, 15.49715 ] } },
{ "type": "Feature", "properties": { "ADM3_FR": "Gavinané", "ADM2_FR": "Nioro", "ADM1_FR": "Kayes", "ADM0_EN": "Mali", "Population": 15679, "Total_bran": 0.0, "Country": "mali", "Filter": 1.0, "ISIBF_base": 0.005, "Latitude": 15.138393, "Longitude": -9.857296 }, "geometry": { "type": "Point", "coordinates": [ -9.857296, 15.138393 ] } },
{ "type": "Feature", "properties": { "ADM3_FR": "Diarra", "ADM2_FR": "Nioro", "ADM1_FR": "Kayes", "ADM0_EN": "Mali", "Population": 7137, "Total_bran": 0.0, "Country": "mali", "Filter": 1.0, "ISIBF_base": 0.002, "Latitude": 15.372143, "Longitude": -9.217026 }, "geometry": { "type": "Point", "coordinates": [ -9.217026, 15.372143 ] } },
{ "type": "Feature", "properties": { "ADM3_FR": "Diabigué", "ADM2_FR": "Nioro", "ADM1_FR": "Kayes", "ADM0_EN": "Mali", "Population": 9408, "Total_bran": 0.0, "Country": "mali", "Filter": 1.0, "ISIBF_base": 0.002, "Latitude": 15.183992, "Longitude": -9.226789 }, "geometry": { "type": "Point", "coordinates": [ -9.226789, 15.183992 ] } },
{ "type": "Feature", "properties": { "ADM3_FR": "Toukoroba", "ADM2_FR": "Banamba", "ADM1_FR": "Koulikoro", "ADM0_EN": "Mali", "Population": 11955, "Total_bran": 0.0, "Country": "mali", "Filter": 1.0, "ISIBF_base": 0.001, "Latitude": 13.685039, "Longitude": -7.099733 }, "geometry": { "type": "Point", "coordinates": [ -7.099733, 13.685039 ] } },
{ "type": "Feature", "properties": { "ADM3_FR": "Madina Sacko", "ADM2_FR": "Banamba", "ADM1_FR": "Koulikoro", "ADM0_EN": "Mali", "Population": 26143, "Total_bran": 0.0, "Country": "mali", "Filter": 1.0, "ISIBF_base": 0.004, "Latitude": 13.78752, "Longitude": -7.531245 }, "geometry": { "type": "Point", "coordinates": [ -7.531245, 13.78752 ] } },
{ "type": "Feature", "properties": { "ADM3_FR": "Kiban", "ADM2_FR": "Banamba", "ADM1_FR": "Koulikoro", "ADM0_EN": "Mali", "Population": 12389, "Total_bran": 0.0, "Country": "mali", "Filter": 1.0, "ISIBF_base": 0.008, "Latitude": 13.594605, "Longitude": -7.268367 }, "geometry": { "type": "Point", "coordinates": [ -7.268367, 13.594605 ] } },
{ "type": "Feature", "properties": { "ADM3_FR": "Duguwolowula", "ADM2_FR": "Banamba", "ADM1_FR": "Koulikoro", "ADM0_EN": "Mali", "Population": 43026, "Total_bran": 0.0, "Country": "mali", "Filter": 1.0, "ISIBF_base": 0.006, "Latitude": 13.430384, "Longitude": -7.328091 }, "geometry": { "type": "Point", "coordinates": [ -7.328091, 13.430384 ] } },
{ "type": "Feature", "properties": { "ADM3_FR": "Ben Kadi", "ADM2_FR": "Banamba", "ADM1_FR": "Koulikoro", "ADM0_EN": "Mali", "Population": 9072, "Total_bran": 0.0, "Country": "mali", "Filter": 1.0, "ISIBF_base": 0.009, "Latitude": 13.561151, "Longitude": -7.597851 }, "geometry": { "type": "Point", "coordinates": [ -7.597851, 13.561151 ] } },
{ "type": "Feature", "properties": { "ADM3_FR": "Karan", "ADM2_FR": "Kangaba", "ADM1_FR": "Koulikoro", "ADM0_EN": "Mali", "Population": 6376, "Total_bran": 0.0, "Country": "mali", "Filter": 1.0, "ISIBF_base": 0.008, "Latitude": 12.118733, "Longitude": -8.492211 }, "geometry": { "type": "Point", "coordinates": [ -8.492211, 12.118733 ] } },
{ "type": "Feature", "properties": { "ADM3_FR": "Nouga", "ADM2_FR": "Kangaba", "ADM1_FR": "Koulikoro", "ADM0_EN": "Mali", "Population": 11057, "Total_bran": 0.0, "Country": "mali", "Filter": 1.0, "ISIBF_base": 0.001, "Latitude": 11.639732, "Longitude": -8.633886 }, "geometry": { "type": "Point", "coordinates": [ -8.633886, 11.639732 ] } },
{ "type": "Feature", "properties": { "ADM3_FR": "Narena", "ADM2_FR": "Kangaba", "ADM1_FR": "Koulikoro", "ADM0_EN": "Mali", "Population": 12553, "Total_bran": 0.0, "Country": "mali", "Filter": 1.0, "ISIBF_base": 0.002, "Latitude": 12.238144, "Longitude": -8.609418 }, "geometry": { "type": "Point", "coordinates": [ -8.609418, 12.238144 ] } },
{ "type": "Feature", "properties": { "ADM3_FR": "Benkadi", "ADM2_FR": "Kangaba", "ADM1_FR": "Koulikoro", "ADM0_EN": "Mali", "Population": 25298, "Total_bran": 0.0, "Country": "mali", "Filter": 1.0, "ISIBF_base": 0.001, "Latitude": 12.035952, "Longitude": -8.676169 }, "geometry": { "type": "Point", "coordinates": [ -8.676169, 12.035952 ] } },
{ "type": "Feature", "properties": { "ADM3_FR": "Kati", "ADM2_FR": "Kati", "ADM1_FR": "Koulikoro", "ADM0_EN": "Mali", "Population": 84500, "Total_bran": 6.0, "Country": "mali", "Filter": 1.0, "ISIBF_base": 0.468, "Latitude": 12.755796, "Longitude": -8.054553 }, "geometry": { "type": "Point", "coordinates": [ -8.054553, 12.755796 ] } },
{ "type": "Feature", "properties": { "ADM3_FR": "Siby", "ADM2_FR": "Kati", "ADM1_FR": "Koulikoro", "ADM0_EN": "Mali", "Population": 42814, "Total_bran": 0.0, "Country": "mali", "Filter": 1.0, "ISIBF_base": 0.004, "Latitude": 12.439765, "Longitude": -8.426251 }, "geometry": { "type": "Point", "coordinates": [ -8.426251, 12.439765 ] } },
{ "type": "Feature", "properties": { "ADM3_FR": "Konodimini", "ADM2_FR": "Ségou", "ADM1_FR": "Ségou", "ADM0_EN": "Mali", "Population": 15913, "Total_bran": 0.0, "Country": "mali", "Filter": 1.0, "ISIBF_base": 0.013, "Latitude": 13.220813, "Longitude": -6.47821 }, "geometry": { "type": "Point", "coordinates": [ -6.47821, 13.220813 ] } },
{ "type": "Feature", "properties": { "ADM3_FR": "Kéléya", "ADM2_FR": "Bougouni", "ADM1_FR": "Sikasso", "ADM0_EN": "Mali", "Population": 20529, "Total_bran": 0.0, "Country": "mali", "Filter": 1.0, "ISIBF_base": 0.005, "Latitude": 11.811822, "Longitude": -7.720651 }, "geometry": { "type": "Point", "coordinates": [ -7.720651, 11.811822 ] } },
{ "type": "Feature", "properties": { "ADM3_FR": "Danou", "ADM2_FR": "Bougouni", "ADM1_FR": "Sikasso", "ADM0_EN": "Mali", "Population": 13464, "Total_bran": 0.0, "Country": "mali", "Filter": 1.0, "ISIBF_base": 0.003, "Latitude": 11.42409, "Longitude": -7.989147 }, "geometry": { "type": "Point", "coordinates": [ -7.989147, 11.42409 ] } },
{ "type": "Feature", "properties": { "ADM3_FR": "Niantjila", "ADM2_FR": "Dioila", "ADM1_FR": "Koulikoro", "ADM0_EN": "Mali", "Population": 14303, "Total_bran": 0.0, "Country": "mali", "Filter": 1.0, "ISIBF_base": 0.002, "Latitude": 11.79233, "Longitude": -6.517539 }, "geometry": { "type": "Point", "coordinates": [ -6.517539, 11.79233 ] } },
{ "type": "Feature", "properties": { "ADM3_FR": "Kalifabougou", "ADM2_FR": "Kati", "ADM1_FR": "Koulikoro", "ADM0_EN": "Mali", "Population": 11621, "Total_bran": 0.0, "Country": "mali", "Filter": 1.0, "ISIBF_base": 0.029, "Latitude": 12.964033, "Longitude": -8.190968 }, "geometry": { "type": "Point", "coordinates": [ -8.190968, 12.964033 ] } },
{ "type": "Feature", "properties": { "ADM3_FR": "Doubabougou", "ADM2_FR": "Kati", "ADM1_FR": "Koulikoro", "ADM0_EN": "Mali", "Population": 9855, "Total_bran": 0.0, "Country": "mali", "Filter": 1.0, "ISIBF_base": 0.19, "Latitude": 12.666204, "Longitude": -8.195632 }, "geometry": { "type": "Point", "coordinates": [ -8.195632, 12.666204 ] } },
{ "type": "Feature", "properties": { "ADM3_FR": "Dio Gare", "ADM2_FR": "Kati", "ADM1_FR": "Koulikoro", "ADM0_EN": "Mali", "Population": 12742, "Total_bran": 0.0, "Country": "mali", "Filter": 1.0, "ISIBF_base": 0.049, "Latitude": 12.847774, "Longitude": -8.256881 }, "geometry": { "type": "Point", "coordinates": [ -8.256881, 12.847774 ] } },
{ "type": "Feature", "properties": { "ADM3_FR": "Diébougou", "ADM2_FR": "Kati", "ADM1_FR": "Koulikoro", "ADM0_EN": "Mali", "Population": 73816, "Total_bran": 0.0, "Country": "mali", "Filter": 1.0, "ISIBF_base": 0.003, "Latitude": 13.082178, "Longitude": -8.192895 }, "geometry": { "type": "Point", "coordinates": [ -8.192895, 13.082178 ] } },
{ "type": "Feature", "properties": { "ADM3_FR": "Moribabougou", "ADM2_FR": "Kati", "ADM1_FR": "Koulikoro", "ADM0_EN": "Mali", "Population": 27059, "Total_bran": 0.0, "Country": "mali", "Filter": 1.0, "ISIBF_base": 0.338, "Latitude": 12.718807, "Longitude": -7.858616 }, "geometry": { "type": "Point", "coordinates": [ -7.858616, 12.718807 ] } },
{ "type": "Feature", "properties": { "ADM3_FR": "Ouolodo", "ADM2_FR": "Kolokani", "ADM1_FR": "Koulikoro", "ADM0_EN": "Mali", "Population": 9962, "Total_bran": 0.0, "Country": "mali", "Filter": 1.0, "ISIBF_base": 0.001, "Latitude": 13.198554, "Longitude": -8.007701 }, "geometry": { "type": "Point", "coordinates": [ -8.007701, 13.198554 ] } },
{ "type": "Feature", "properties": { "ADM3_FR": "Nossombougou", "ADM2_FR": "Kolokani", "ADM1_FR": "Koulikoro", "ADM0_EN": "Mali", "Population": 20745, "Total_bran": 0.0, "Country": "mali", "Filter": 1.0, "ISIBF_base": 0.012, "Latitude": 13.084022, "Longitude": -7.945383 }, "geometry": { "type": "Point", "coordinates": [ -7.945383, 13.084022 ] } },
{ "type": "Feature", "properties": { "ADM3_FR": "Massantola", "ADM2_FR": "Kolokani", "ADM1_FR": "Koulikoro", "ADM0_EN": "Mali", "Population": 35363, "Total_bran": 0.0, "Country": "mali", "Filter": 1.0, "ISIBF_base": 0.001, "Latitude": 13.570169, "Longitude": -7.76475 }, "geometry": { "type": "Point", "coordinates": [ -7.76475, 13.570169 ] } },
{ "type": "Feature", "properties": { "ADM3_FR": "Koulikoro", "ADM2_FR": "Koulikoro", "ADM1_FR": "Koulikoro", "ADM0_EN": "Mali", "Population": 41602, "Total_bran": 4.0, "Country": "mali", "Filter": 1.0, "ISIBF_base": 0.13, "Latitude": 12.846374, "Longitude": -7.580194 }, "geometry": { "type": "Point", "coordinates": [ -7.580194, 12.846374 ] } },
{ "type": "Feature", "properties": { "ADM3_FR": "Ségou", "ADM2_FR": "Ségou", "ADM1_FR": "Ségou", "ADM0_EN": "Mali", "Population": 133501, "Total_bran": 14.0, "Country": "mali", "Filter": 1.0, "ISIBF_base": 0.211, "Latitude": 13.433138, "Longitude": -6.257648 }, "geometry": { "type": "Point", "coordinates": [ -6.257648, 13.433138 ] } },
{ "type": "Feature", "properties": { "ADM3_FR": "Sanankoro Djitoumou", "ADM2_FR": "Kati", "ADM1_FR": "Koulikoro", "ADM0_EN": "Mali", "Population": 13327, "Total_bran": 0.0, "Country": "mali", "Filter": 1.0, "ISIBF_base": 0.006, "Latitude": 12.072849, "Longitude": -7.64639 }, "geometry": { "type": "Point", "coordinates": [ -7.64639, 12.072849 ] } },
{ "type": "Feature", "properties": { "ADM3_FR": "Zangasso", "ADM2_FR": "Koutiala", "ADM1_FR": "Sikasso", "ADM0_EN": "Mali", "Population": 19496, "Total_bran": 0.0, "Country": "mali", "Filter": 1.0, "ISIBF_base": 0.006, "Latitude": 12.16728, "Longitude": -5.620649 }, "geometry": { "type": "Point", "coordinates": [ -5.620649, 12.16728 ] } },
{ "type": "Feature", "properties": { "ADM3_FR": "Zan Coulibaly", "ADM2_FR": "Dioila", "ADM1_FR": "Koulikoro", "ADM0_EN": "Mali", "Population": 18490, "Total_bran": 0.0, "Country": "mali", "Filter": 1.0, "ISIBF_base": 0.011, "Latitude": 12.801289, "Longitude": -7.325697 }, "geometry": { "type": "Point", "coordinates": [ -7.325697, 12.801289 ] } },
{ "type": "Feature", "properties": { "ADM3_FR": "N'golobougou", "ADM2_FR": "Dioila", "ADM1_FR": "Koulikoro", "ADM0_EN": "Mali", "Population": 21848, "Total_bran": 0.0, "Country": "mali", "Filter": 1.0, "ISIBF_base": 0.001, "Latitude": 12.149151, "Longitude": -6.70154 }, "geometry": { "type": "Point", "coordinates": [ -6.70154, 12.149151 ] } },
{ "type": "Feature", "properties": { "ADM3_FR": "Kerela", "ADM2_FR": "Dioila", "ADM1_FR": "Koulikoro", "ADM0_EN": "Mali", "Population": 12626, "Total_bran": 0.0, "Country": "mali", "Filter": 1.0, "ISIBF_base": 0.033, "Latitude": 12.720585, "Longitude": -6.832965 }, "geometry": { "type": "Point", "coordinates": [ -6.832965, 12.720585 ] } },
{ "type": "Feature", "properties": { "ADM3_FR": "Dégnékoro", "ADM2_FR": "Dioila", "ADM1_FR": "Koulikoro", "ADM0_EN": "Mali", "Population": 10082, "Total_bran": 0.0, "Country": "mali", "Filter": 1.0, "ISIBF_base": 0.004, "Latitude": 12.302908, "Longitude": -6.672251 }, "geometry": { "type": "Point", "coordinates": [ -6.672251, 12.302908 ] } },
{ "type": "Feature", "properties": { "ADM3_FR": "Binko", "ADM2_FR": "Dioila", "ADM1_FR": "Koulikoro", "ADM0_EN": "Mali", "Population": 19897, "Total_bran": 0.0, "Country": "mali", "Filter": 1.0, "ISIBF_base": 0.014, "Latitude": 12.821421, "Longitude": -7.127564 }, "geometry": { "type": "Point", "coordinates": [ -7.127564, 12.821421 ] } },
{ "type": "Feature", "properties": { "ADM3_FR": "Ouagadou", "ADM2_FR": "Nara", "ADM1_FR": "Koulikoro", "ADM0_EN": "Mali", "Population": 18230, "Total_bran": 0.0, "Country": "mali", "Filter": 1.0, "ISIBF_base": 0.002, "Latitude": 14.949573, "Longitude": -7.410512 }, "geometry": { "type": "Point", "coordinates": [ -7.410512, 14.949573 ] } },
{ "type": "Feature", "properties": { "ADM3_FR": "Niamana", "ADM2_FR": "Nara", "ADM1_FR": "Koulikoro", "ADM0_EN": "Mali", "Population": 37663, "Total_bran": 0.0, "Country": "mali", "Filter": 1.0, "ISIBF_base": 0.051, "Latitude": 14.447541, "Longitude": -7.332017 }, "geometry": { "type": "Point", "coordinates": [ -7.332017, 14.447541 ] } },
{ "type": "Feature", "properties": { "ADM3_FR": "Koronga", "ADM2_FR": "Nara", "ADM1_FR": "Koulikoro", "ADM0_EN": "Mali", "Population": 11011, "Total_bran": 0.0, "Country": "mali", "Filter": 1.0, "ISIBF_base": 0.001, "Latitude": 15.347439, "Longitude": -7.472595 }, "geometry": { "type": "Point", "coordinates": [ -7.472595, 15.347439 ] } },
{ "type": "Feature", "properties": { "ADM3_FR": "Guéneibe", "ADM2_FR": "Nara", "ADM1_FR": "Koulikoro", "ADM0_EN": "Mali", "Population": 8751, "Total_bran": 0.0, "Country": "mali", "Filter": 1.0, "ISIBF_base": 0.003, "Latitude": 15.273781, "Longitude": -6.961052 }, "geometry": { "type": "Point", "coordinates": [ -6.961052, 15.273781 ] } },
{ "type": "Feature", "properties": { "ADM3_FR": "Gouanan", "ADM2_FR": "Yanfolila", "ADM1_FR": "Sikasso", "ADM0_EN": "Mali", "Population": 25119, "Total_bran": 0.0, "Country": "mali", "Filter": 1.0, "ISIBF_base": 0.002, "Latitude": 10.836492, "Longitude": -7.923643 }, "geometry": { "type": "Point", "coordinates": [ -7.923643, 10.836492 ] } },
{ "type": "Feature", "properties": { "ADM3_FR": "Tiélé", "ADM2_FR": "Kati", "ADM1_FR": "Koulikoro", "ADM0_EN": "Mali", "Population": 18494, "Total_bran": 0.0, "Country": "mali", "Filter": 1.0, "ISIBF_base": 0.002, "Latitude": 12.267176, "Longitude": -7.545334 }, "geometry": { "type": "Point", "coordinates": [ -7.545334, 12.267176 ] } },
{ "type": "Feature", "properties": { "ADM3_FR": "Kémékafo", "ADM2_FR": "Dioila", "ADM1_FR": "Koulikoro", "ADM0_EN": "Mali", "Population": 24434, "Total_bran": 0.0, "Country": "mali", "Filter": 1.0, "ISIBF_base": 0.001, "Latitude": 12.16443, "Longitude": -6.974983 }, "geometry": { "type": "Point", "coordinates": [ -6.974983, 12.16443 ] } },
{ "type": "Feature", "properties": { "ADM3_FR": "Sere Moussa Ani Samo de Siékorolé", "ADM2_FR": "Yanfolila", "ADM1_FR": "Sikasso", "ADM0_EN": "Mali", "Population": 18784, "Total_bran": 0.0, "Country": "mali", "Filter": 1.0, "ISIBF_base": 0.005, "Latitude": 11.367384, "Longitude": -8.257982 }, "geometry": { "type": "Point", "coordinates": [ -8.257982, 11.367384 ] } },
{ "type": "Feature", "properties": { "ADM3_FR": "Nangola", "ADM2_FR": "Dioila", "ADM1_FR": "Koulikoro", "ADM0_EN": "Mali", "Population": 18605, "Total_bran": 0.0, "Country": "mali", "Filter": 1.0, "ISIBF_base": 0.007, "Latitude": 12.701713, "Longitude": -6.62391 }, "geometry": { "type": "Point", "coordinates": [ -6.62391, 12.701713 ] } },
{ "type": "Feature", "properties": { "ADM3_FR": "Faragouaran", "ADM2_FR": "Bougouni", "ADM1_FR": "Sikasso", "ADM0_EN": "Mali", "Population": 10525, "Total_bran": 0.0, "Country": "mali", "Filter": 1.0, "ISIBF_base": 0.005, "Latitude": 11.323893, "Longitude": -7.833972 }, "geometry": { "type": "Point", "coordinates": [ -7.833972, 11.323893 ] } },
{ "type": "Feature", "properties": { "ADM3_FR": "Monimpébougou", "ADM2_FR": "Macina", "ADM1_FR": "Ségou", "ADM0_EN": "Mali", "Population": 33954, "Total_bran": 0.0, "Country": "mali", "Filter": 1.0, "ISIBF_base": 0.001, "Latitude": 14.235403, "Longitude": -5.528613 }, "geometry": { "type": "Point", "coordinates": [ -5.528613, 14.235403 ] } },
{ "type": "Feature", "properties": { "ADM3_FR": "Kolongo", "ADM2_FR": "Macina", "ADM1_FR": "Ségou", "ADM0_EN": "Mali", "Population": 34174, "Total_bran": 0.0, "Country": "mali", "Filter": 1.0, "ISIBF_base": 0.003, "Latitude": 13.894999, "Longitude": -5.704843 }, "geometry": { "type": "Point", "coordinates": [ -5.704843, 13.894999 ] } },
{ "type": "Feature", "properties": { "ADM3_FR": "Folomana", "ADM2_FR": "Macina", "ADM1_FR": "Ségou", "ADM0_EN": "Mali", "Population": 8411, "Total_bran": 0.0, "Country": "mali", "Filter": 1.0, "ISIBF_base": 0.002, "Latitude": 13.63587, "Longitude": -5.115684 }, "geometry": { "type": "Point", "coordinates": [ -5.115684, 13.63587 ] } },
{ "type": "Feature", "properties": { "ADM3_FR": "Boky Were", "ADM2_FR": "Macina", "ADM1_FR": "Ségou", "ADM0_EN": "Mali", "Population": 15402, "Total_bran": 0.0, "Country": "mali", "Filter": 1.0, "ISIBF_base": 0.003, "Latitude": 14.005003, "Longitude": -5.657915 }, "geometry": { "type": "Point", "coordinates": [ -5.657915, 14.005003 ] } },
{ "type": "Feature", "properties": { "ADM3_FR": "Tominian", "ADM2_FR": "Tominian", "ADM1_FR": "Ségou", "ADM0_EN": "Mali", "Population": 25053, "Total_bran": 0.0, "Country": "mali", "Filter": 1.0, "ISIBF_base": 0.003, "Latitude": 13.289158, "Longitude": -4.548063 }, "geometry": { "type": "Point", "coordinates": [ -4.548063, 13.289158 ] } },
{ "type": "Feature", "properties": { "ADM3_FR": "Pondori", "ADM2_FR": "Djenné", "ADM1_FR": "Mopti", "ADM0_EN": "Mali", "Population": 9991, "Total_bran": 0.0, "Country": "mali", "Filter": 1.0, "ISIBF_base": 0.013, "Latitude": 13.84297, "Longitude": -4.624291 }, "geometry": { "type": "Point", "coordinates": [ -4.624291, 13.84297 ] } },
{ "type": "Feature", "properties": { "ADM3_FR": "Néma Badenyakafo", "ADM2_FR": "Djenné", "ADM1_FR": "Mopti", "ADM0_EN": "Mali", "Population": 46399, "Total_bran": 0.0, "Country": "mali", "Filter": 1.0, "ISIBF_base": 0.003, "Latitude": 13.811532, "Longitude": -4.766657 }, "geometry": { "type": "Point", "coordinates": [ -4.766657, 13.811532 ] } },
{ "type": "Feature", "properties": { "ADM3_FR": "Madiama", "ADM2_FR": "Djenné", "ADM1_FR": "Mopti", "ADM0_EN": "Mali", "Population": 11833, "Total_bran": 0.0, "Country": "mali", "Filter": 1.0, "ISIBF_base": 0.011, "Latitude": 13.831491, "Longitude": -4.376548 }, "geometry": { "type": "Point", "coordinates": [ -4.376548, 13.831491 ] } },
{ "type": "Feature", "properties": { "ADM3_FR": "Derrary", "ADM2_FR": "Djenné", "ADM1_FR": "Mopti", "ADM0_EN": "Mali", "Population": 6962, "Total_bran": 0.0, "Country": "mali", "Filter": 1.0, "ISIBF_base": 0.007, "Latitude": 14.036496, "Longitude": -4.472162 }, "geometry": { "type": "Point", "coordinates": [ -4.472162, 14.036496 ] } },
{ "type": "Feature", "properties": { "ADM3_FR": "Tedie", "ADM2_FR": "Douentza", "ADM1_FR": "Mopti", "ADM0_EN": "Mali", "Population": 8792, "Total_bran": 0.0, "Country": "mali", "Filter": 1.0, "ISIBF_base": 0.007, "Latitude": 14.884571, "Longitude": -3.08218 }, "geometry": { "type": "Point", "coordinates": [ -3.08218, 14.884571 ] } },
{ "type": "Feature", "properties": { "ADM3_FR": "Korarou", "ADM2_FR": "Douentza", "ADM1_FR": "Mopti", "ADM0_EN": "Mali", "Population": 3449, "Total_bran": 0.0, "Country": "mali", "Filter": 1.0, "ISIBF_base": 0.001, "Latitude": 15.308695, "Longitude": -3.079624 }, "geometry": { "type": "Point", "coordinates": [ -3.079624, 15.308695 ] } },
{ "type": "Feature", "properties": { "ADM3_FR": "Kéréna", "ADM2_FR": "Douentza", "ADM1_FR": "Mopti", "ADM0_EN": "Mali", "Population": 3903, "Total_bran": 0.0, "Country": "mali", "Filter": 1.0, "ISIBF_base": 0.007, "Latitude": 14.93215, "Longitude": -2.748903 }, "geometry": { "type": "Point", "coordinates": [ -2.748903, 14.93215 ] } },
{ "type": "Feature", "properties": { "ADM3_FR": "Gandamia", "ADM2_FR": "Douentza", "ADM1_FR": "Mopti", "ADM0_EN": "Mali", "Population": 5961, "Total_bran": 0.0, "Country": "mali", "Filter": 1.0, "ISIBF_base": 0.001, "Latitude": 15.283964, "Longitude": -2.704778 }, "geometry": { "type": "Point", "coordinates": [ -2.704778, 15.283964 ] } },
{ "type": "Feature", "properties": { "ADM3_FR": "Dianwély", "ADM2_FR": "Douentza", "ADM1_FR": "Mopti", "ADM0_EN": "Mali", "Population": 8649, "Total_bran": 0.0, "Country": "mali", "Filter": 1.0, "ISIBF_base": 0.013, "Latitude": 14.864569, "Longitude": -2.925568 }, "geometry": { "type": "Point", "coordinates": [ -2.925568, 14.864569 ] } },
{ "type": "Feature", "properties": { "ADM3_FR": "Débéré", "ADM2_FR": "Douentza", "ADM1_FR": "Mopti", "ADM0_EN": "Mali", "Population": 6953, "Total_bran": 0.0, "Country": "mali", "Filter": 1.0, "ISIBF_base": 0.007, "Latitude": 15.14186, "Longitude": -3.018674 }, "geometry": { "type": "Point", "coordinates": [ -3.018674, 15.14186 ] } },
{ "type": "Feature", "properties": { "ADM3_FR": "Sasalbe", "ADM2_FR": "Mopti", "ADM1_FR": "Mopti", "ADM0_EN": "Mali", "Population": 5996, "Total_bran": 0.0, "Country": "mali", "Filter": 1.0, "ISIBF_base": 0.003, "Latitude": 14.432927, "Longitude": -4.560105 }, "geometry": { "type": "Point", "coordinates": [ -4.560105, 14.432927 ] } },
{ "type": "Feature", "properties": { "ADM3_FR": "Zantiébougou", "ADM2_FR": "Bougouni", "ADM1_FR": "Sikasso", "ADM0_EN": "Mali", "Population": 35767, "Total_bran": 0.0, "Country": "mali", "Filter": 1.0, "ISIBF_base": 0.008, "Latitude": 11.421397, "Longitude": -7.221839 }, "geometry": { "type": "Point", "coordinates": [ -7.221839, 11.421397 ] } },
{ "type": "Feature", "properties": { "ADM3_FR": "Kolélé", "ADM2_FR": "Bougouni", "ADM1_FR": "Sikasso", "ADM0_EN": "Mali", "Population": 6477, "Total_bran": 0.0, "Country": "mali", "Filter": 1.0, "ISIBF_base": 0.03, "Latitude": 11.572639, "Longitude": -7.457331 }, "geometry": { "type": "Point", "coordinates": [ -7.457331, 11.572639 ] } },
{ "type": "Feature", "properties": { "ADM3_FR": "Mandé", "ADM2_FR": "Kati", "ADM1_FR": "Koulikoro", "ADM0_EN": "Mali", "Population": 57349, "Total_bran": 0.0, "Country": "mali", "Filter": 1.0, "ISIBF_base": 0.093, "Latitude": 12.424442, "Longitude": -8.169449 }, "geometry": { "type": "Point", "coordinates": [ -8.169449, 12.424442 ] } },
{ "type": "Feature", "properties": { "ADM3_FR": "Koporokendie Na", "ADM2_FR": "Koro", "ADM1_FR": "Mopti", "ADM0_EN": "Mali", "Population": 18504, "Total_bran": 0.0, "Country": "mali", "Filter": 1.0, "ISIBF_base": 0.003, "Latitude": 14.153782, "Longitude": -3.377666 }, "geometry": { "type": "Point", "coordinates": [ -3.377666, 14.153782 ] } },
{ "type": "Feature", "properties": { "ADM3_FR": "Koporo Pen", "ADM2_FR": "Koro", "ADM1_FR": "Mopti", "ADM0_EN": "Mali", "Population": 18766, "Total_bran": 0.0, "Country": "mali", "Filter": 1.0, "ISIBF_base": 0.002, "Latitude": 14.237779, "Longitude": -3.282896 }, "geometry": { "type": "Point", "coordinates": [ -3.282896, 14.237779 ] } },
{ "type": "Feature", "properties": { "ADM3_FR": "Kassa", "ADM2_FR": "Koro", "ADM1_FR": "Mopti", "ADM0_EN": "Mali", "Population": 18901, "Total_bran": 0.0, "Country": "mali", "Filter": 1.0, "ISIBF_base": 0.003, "Latitude": 14.758556, "Longitude": -3.025911 }, "geometry": { "type": "Point", "coordinates": [ -3.025911, 14.758556 ] } },
{ "type": "Feature", "properties": { "ADM3_FR": "Diankabou", "ADM2_FR": "Koro", "ADM1_FR": "Mopti", "ADM0_EN": "Mali", "Population": 11615, "Total_bran": 0.0, "Country": "mali", "Filter": 1.0, "ISIBF_base": 0.001, "Latitude": 14.620141, "Longitude": -2.936426 }, "geometry": { "type": "Point", "coordinates": [ -2.936426, 14.620141 ] } },
{ "type": "Feature", "properties": { "ADM3_FR": "Bankass", "ADM2_FR": "Bankass", "ADM1_FR": "Mopti", "ADM0_EN": "Mali", "Population": 30476, "Total_bran": 0.0, "Country": "mali", "Filter": 1.0, "ISIBF_base": 0.002, "Latitude": 14.043339, "Longitude": -3.497971 }, "geometry": { "type": "Point", "coordinates": [ -3.497971, 14.043339 ] } },
{ "type": "Feature", "properties": { "ADM3_FR": "Dimbal Habé", "ADM2_FR": "Bankass", "ADM1_FR": "Mopti", "ADM0_EN": "Mali", "Population": 17682, "Total_bran": 0.0, "Country": "mali", "Filter": 1.0, "ISIBF_base": 0.001, "Latitude": 14.00062, "Longitude": -3.650955 }, "geometry": { "type": "Point", "coordinates": [ -3.650955, 14.00062 ] } },
{ "type": "Feature", "properties": { "ADM3_FR": "Kani Bozon", "ADM2_FR": "Bankass", "ADM1_FR": "Mopti", "ADM0_EN": "Mali", "Population": 13082, "Total_bran": 0.0, "Country": "mali", "Filter": 1.0, "ISIBF_base": 0.004, "Latitude": 14.133308, "Longitude": -3.586605 }, "geometry": { "type": "Point", "coordinates": [ -3.586605, 14.133308 ] } },
{ "type": "Feature", "properties": { "ADM3_FR": "Bandiagara", "ADM2_FR": "Bandiagara", "ADM1_FR": "Mopti", "ADM0_EN": "Mali", "Population": 17166, "Total_bran": 0.0, "Country": "mali", "Filter": 1.0, "ISIBF_base": 0.023, "Latitude": 14.341425, "Longitude": -3.609178 }, "geometry": { "type": "Point", "coordinates": [ -3.609178, 14.341425 ] } },
{ "type": "Feature", "properties": { "ADM3_FR": "Soroly", "ADM2_FR": "Bandiagara", "ADM1_FR": "Mopti", "ADM0_EN": "Mali", "Population": 7296, "Total_bran": 0.0, "Country": "mali", "Filter": 1.0, "ISIBF_base": 0.019, "Latitude": 14.439676, "Longitude": -3.5297 }, "geometry": { "type": "Point", "coordinates": [ -3.5297, 14.439676 ] } },
{ "type": "Feature", "properties": { "ADM3_FR": "Sangha", "ADM2_FR": "Bandiagara", "ADM1_FR": "Mopti", "ADM0_EN": "Mali", "Population": 85445, "Total_bran": 0.0, "Country": "mali", "Filter": 1.0, "ISIBF_base": 0.002, "Latitude": 14.466104, "Longitude": -3.280059 }, "geometry": { "type": "Point", "coordinates": [ -3.280059, 14.466104 ] } },
{ "type": "Feature", "properties": { "ADM3_FR": "Pignari Bana", "ADM2_FR": "Bandiagara", "ADM1_FR": "Mopti", "ADM0_EN": "Mali", "Population": 30079, "Total_bran": 0.0, "Country": "mali", "Filter": 1.0, "ISIBF_base": 0.008, "Latitude": 14.530791, "Longitude": -3.831388 }, "geometry": { "type": "Point", "coordinates": [ -3.831388, 14.530791 ] } },
{ "type": "Feature", "properties": { "ADM3_FR": "Pignari", "ADM2_FR": "Bandiagara", "ADM1_FR": "Mopti", "ADM0_EN": "Mali", "Population": 16063, "Total_bran": 0.0, "Country": "mali", "Filter": 1.0, "ISIBF_base": 0.006, "Latitude": 14.242126, "Longitude": -3.916032 }, "geometry": { "type": "Point", "coordinates": [ -3.916032, 14.242126 ] } },
{ "type": "Feature", "properties": { "ADM3_FR": "Kendié", "ADM2_FR": "Bandiagara", "ADM1_FR": "Mopti", "ADM0_EN": "Mali", "Population": 25482, "Total_bran": 0.0, "Country": "mali", "Filter": 1.0, "ISIBF_base": 0.001, "Latitude": 14.709363, "Longitude": -3.557693 }, "geometry": { "type": "Point", "coordinates": [ -3.557693, 14.709363 ] } },
{ "type": "Feature", "properties": { "ADM3_FR": "Dourou", "ADM2_FR": "Bandiagara", "ADM1_FR": "Mopti", "ADM0_EN": "Mali", "Population": 19524, "Total_bran": 0.0, "Country": "mali", "Filter": 1.0, "ISIBF_base": 0.012, "Latitude": 14.296426, "Longitude": -3.418934 }, "geometry": { "type": "Point", "coordinates": [ -3.418934, 14.296426 ] } },
{ "type": "Feature", "properties": { "ADM3_FR": "Bara Sara", "ADM2_FR": "Bandiagara", "ADM1_FR": "Mopti", "ADM0_EN": "Mali", "Population": 15033, "Total_bran": 0.0, "Country": "mali", "Filter": 1.0, "ISIBF_base": 0.001, "Latitude": 14.140693, "Longitude": -3.818594 }, "geometry": { "type": "Point", "coordinates": [ -3.818594, 14.140693 ] } },
{ "type": "Feature", "properties": { "ADM3_FR": "Ségué Iré", "ADM2_FR": "Bandiagara", "ADM1_FR": "Mopti", "ADM0_EN": "Mali", "Population": 14861, "Total_bran": 0.0, "Country": "mali", "Filter": 1.0, "ISIBF_base": 0.001, "Latitude": 14.673438, "Longitude": -3.288285 }, "geometry": { "type": "Point", "coordinates": [ -3.288285, 14.673438 ] } },
{ "type": "Feature", "properties": { "ADM3_FR": "Togoro Kotia", "ADM2_FR": "Ténenkou", "ADM1_FR": "Mopti", "ADM0_EN": "Mali", "Population": 13655, "Total_bran": 0.0, "Country": "mali", "Filter": 1.0, "ISIBF_base": 0.007, "Latitude": 14.623339, "Longitude": -4.443138 }, "geometry": { "type": "Point", "coordinates": [ -4.443138, 14.623339 ] } },
{ "type": "Feature", "properties": { "ADM3_FR": "Dombia", "ADM2_FR": "Kéniéba", "ADM1_FR": "Kayes", "ADM0_EN": "Mali", "Population": 7582, "Total_bran": 0.0, "Country": "mali", "Filter": 1.0, "ISIBF_base": 0.001, "Latitude": 12.762588, "Longitude": -11.066522 }, "geometry": { "type": "Point", "coordinates": [ -11.066522, 12.762588 ] } },
{ "type": "Feature", "properties": { "ADM3_FR": "Souransan Tomoto", "ADM2_FR": "Kita", "ADM1_FR": "Kayes", "ADM0_EN": "Mali", "Population": 8520, "Total_bran": 0.0, "Country": "mali", "Filter": 1.0, "ISIBF_base": 0.005, "Latitude": 13.345811, "Longitude": -9.483465 }, "geometry": { "type": "Point", "coordinates": [ -9.483465, 13.345811 ] } },
{ "type": "Feature", "properties": { "ADM3_FR": "Kita Nord", "ADM2_FR": "Kita", "ADM1_FR": "Kayes", "ADM0_EN": "Mali", "Population": 8568, "Total_bran": 0.0, "Country": "mali", "Filter": 1.0, "ISIBF_base": 0.042, "Latitude": 13.121837, "Longitude": -9.434161 }, "geometry": { "type": "Point", "coordinates": [ -9.434161, 13.121837 ] } },
{ "type": "Feature", "properties": { "ADM3_FR": "Maréna Diombougou", "ADM2_FR": "Kayes", "ADM1_FR": "Kayes", "ADM0_EN": "Mali", "Population": 18672, "Total_bran": 0.0, "Country": "mali", "Filter": 1.0, "ISIBF_base": 0.004, "Latitude": 14.571983, "Longitude": -11.09664 }, "geometry": { "type": "Point", "coordinates": [ -11.09664, 14.571983 ] } },
{ "type": "Feature", "properties": { "ADM3_FR": "Khouloum", "ADM2_FR": "Kayes", "ADM1_FR": "Kayes", "ADM0_EN": "Mali", "Population": 18994, "Total_bran": 0.0, "Country": "mali", "Filter": 1.0, "ISIBF_base": 0.061, "Latitude": 14.485884, "Longitude": -11.346775 }, "geometry": { "type": "Point", "coordinates": [ -11.346775, 14.485884 ] } },
{ "type": "Feature", "properties": { "ADM3_FR": "Kouroulamini", "ADM2_FR": "Bougouni", "ADM1_FR": "Sikasso", "ADM0_EN": "Mali", "Population": 6245, "Total_bran": 0.0, "Country": "mali", "Filter": 1.0, "ISIBF_base": 0.009, "Latitude": 11.362426, "Longitude": -7.718422 }, "geometry": { "type": "Point", "coordinates": [ -7.718422, 11.362426 ] } },
{ "type": "Feature", "properties": { "ADM3_FR": "Farédiélé", "ADM2_FR": "Bougouni", "ADM1_FR": "Sikasso", "ADM0_EN": "Mali", "Population": 2689, "Total_bran": 0.0, "Country": "mali", "Filter": 1.0, "ISIBF_base": 0.016, "Latitude": 11.352746, "Longitude": -7.643417 }, "geometry": { "type": "Point", "coordinates": [ -7.643417, 11.352746 ] } },
{ "type": "Feature", "properties": { "ADM3_FR": "Dougoufié", "ADM2_FR": "Baraouéli", "ADM1_FR": "Ségou", "ADM0_EN": "Mali", "Population": 9260, "Total_bran": 0.0, "Country": "mali", "Filter": 1.0, "ISIBF_base": 0.006, "Latitude": 13.312909, "Longitude": -6.628044 }, "geometry": { "type": "Point", "coordinates": [ -6.628044, 13.312909 ] } },
{ "type": "Feature", "properties": { "ADM3_FR": "Sama Foulala", "ADM2_FR": "Ségou", "ADM1_FR": "Ségou", "ADM0_EN": "Mali", "Population": 7032, "Total_bran": 0.0, "Country": "mali", "Filter": 1.0, "ISIBF_base": 0.015, "Latitude": 13.444259, "Longitude": -6.502091 }, "geometry": { "type": "Point", "coordinates": [ -6.502091, 13.444259 ] } },
{ "type": "Feature", "properties": { "ADM3_FR": "Benkadi", "ADM2_FR": "Sikasso", "ADM1_FR": "Sikasso", "ADM0_EN": "Mali", "Population": 25298, "Total_bran": 0.0, "Country": "mali", "Filter": 1.0, "ISIBF_base": 0.001, "Latitude": 11.621851, "Longitude": -6.472274 }, "geometry": { "type": "Point", "coordinates": [ -6.472274, 11.621851 ] } },
{ "type": "Feature", "properties": { "ADM3_FR": "Gory Gopéla", "ADM2_FR": "Kayes", "ADM1_FR": "Kayes", "ADM0_EN": "Mali", "Population": 7866, "Total_bran": 0.0, "Country": "mali", "Filter": 1.0, "ISIBF_base": 0.018, "Latitude": 14.639982, "Longitude": -11.362905 }, "geometry": { "type": "Point", "coordinates": [ -11.362905, 14.639982 ] } },
{ "type": "Feature", "properties": { "ADM3_FR": "Guédébiné", "ADM2_FR": "Diéma", "ADM1_FR": "Kayes", "ADM0_EN": "Mali", "Population": 5089, "Total_bran": 0.0, "Country": "mali", "Filter": 1.0, "ISIBF_base": 0.011, "Latitude": 15.142543, "Longitude": -9.384832 }, "geometry": { "type": "Point", "coordinates": [ -9.384832, 15.142543 ] } },
{ "type": "Feature", "properties": { "ADM3_FR": "Grouméra", "ADM2_FR": "Diéma", "ADM1_FR": "Kayes", "ADM0_EN": "Mali", "Population": 11519, "Total_bran": 0.0, "Country": "mali", "Filter": 1.0, "ISIBF_base": 0.002, "Latitude": 14.843425, "Longitude": -9.139643 }, "geometry": { "type": "Point", "coordinates": [ -9.139643, 14.843425 ] } },
{ "type": "Feature", "properties": { "ADM3_FR": "Fassoudebé", "ADM2_FR": "Diéma", "ADM1_FR": "Kayes", "ADM0_EN": "Mali", "Population": 5470, "Total_bran": 0.0, "Country": "mali", "Filter": 1.0, "ISIBF_base": 0.01, "Latitude": 15.029952, "Longitude": -9.472593 }, "geometry": { "type": "Point", "coordinates": [ -9.472593, 15.029952 ] } },
{ "type": "Feature", "properties": { "ADM3_FR": "Lambidou", "ADM2_FR": "Diéma", "ADM1_FR": "Kayes", "ADM0_EN": "Mali", "Population": 14791, "Total_bran": 0.0, "Country": "mali", "Filter": 1.0, "ISIBF_base": 0.0, "Latitude": 14.372661, "Longitude": -9.586014 }, "geometry": { "type": "Point", "coordinates": [ -9.586014, 14.372661 ] } },
{ "type": "Feature", "properties": { "ADM3_FR": "Soumpou", "ADM2_FR": "Yélimané", "ADM1_FR": "Kayes", "ADM0_EN": "Mali", "Population": 4853, "Total_bran": 0.0, "Country": "mali", "Filter": 1.0, "ISIBF_base": 0.005, "Latitude": 14.927113, "Longitude": -10.476144 }, "geometry": { "type": "Point", "coordinates": [ -10.476144, 14.927113 ] } },
{ "type": "Feature", "properties": { "ADM3_FR": "Marekaffo", "ADM2_FR": "Yélimané", "ADM1_FR": "Kayes", "ADM0_EN": "Mali", "Population": 5324, "Total_bran": 0.0, "Country": "mali", "Filter": 1.0, "ISIBF_base": 0.001, "Latitude": 14.994649, "Longitude": -10.911001 }, "geometry": { "type": "Point", "coordinates": [ -10.911001, 14.994649 ] } },
{ "type": "Feature", "properties": { "ADM3_FR": "Gory", "ADM2_FR": "Yélimané", "ADM1_FR": "Kayes", "ADM0_EN": "Mali", "Population": 12644, "Total_bran": 0.0, "Country": "mali", "Filter": 1.0, "ISIBF_base": 0.009, "Latitude": 15.139032, "Longitude": -10.709873 }, "geometry": { "type": "Point", "coordinates": [ -10.709873, 15.139032 ] } },
{ "type": "Feature", "properties": { "ADM3_FR": "Diafounou Diongaga", "ADM2_FR": "Yélimané", "ADM1_FR": "Kayes", "ADM0_EN": "Mali", "Population": 9678, "Total_bran": 0.0, "Country": "mali", "Filter": 1.0, "ISIBF_base": 0.001, "Latitude": 15.108677, "Longitude": -10.956994 }, "geometry": { "type": "Point", "coordinates": [ -10.956994, 15.108677 ] } },
{ "type": "Feature", "properties": { "ADM3_FR": "Youri", "ADM2_FR": "Nioro", "ADM1_FR": "Kayes", "ADM0_EN": "Mali", "Population": 38714, "Total_bran": 0.0, "Country": "mali", "Filter": 1.0, "ISIBF_base": 0.009, "Latitude": 15.11307, "Longitude": -9.799294 }, "geometry": { "type": "Point", "coordinates": [ -9.799294, 15.11307 ] } },
{ "type": "Feature", "properties": { "ADM3_FR": "Troungoumbé", "ADM2_FR": "Nioro", "ADM1_FR": "Kayes", "ADM0_EN": "Mali", "Population": 12488, "Total_bran": 0.0, "Country": "mali", "Filter": 1.0, "ISIBF_base": 0.003, "Latitude": 15.286008, "Longitude": -9.256346 }, "geometry": { "type": "Point", "coordinates": [ -9.256346, 15.286008 ] } },
{ "type": "Feature", "properties": { "ADM3_FR": "Nioro Tougouné Rangaba", "ADM2_FR": "Nioro", "ADM1_FR": "Kayes", "ADM0_EN": "Mali", "Population": 13201, "Total_bran": 0.0, "Country": "mali", "Filter": 1.0, "ISIBF_base": 0.026, "Latitude": 15.33876, "Longitude": -9.651848 }, "geometry": { "type": "Point", "coordinates": [ -9.651848, 15.33876 ] } },
{ "type": "Feature", "properties": { "ADM3_FR": "Kadiaba Kadiel", "ADM2_FR": "Nioro", "ADM1_FR": "Kayes", "ADM0_EN": "Mali", "Population": 9926, "Total_bran": 0.0, "Country": "mali", "Filter": 1.0, "ISIBF_base": 0.032, "Latitude": 15.154791, "Longitude": -9.684329 }, "geometry": { "type": "Point", "coordinates": [ -9.684329, 15.154791 ] } },
{ "type": "Feature", "properties": { "ADM3_FR": "Diaye Coura", "ADM2_FR": "Nioro", "ADM1_FR": "Kayes", "ADM0_EN": "Mali", "Population": 13717, "Total_bran": 0.0, "Country": "mali", "Filter": 1.0, "ISIBF_base": 0.002, "Latitude": 15.238457, "Longitude": -9.989391 }, "geometry": { "type": "Point", "coordinates": [ -9.989391, 15.238457 ] } },
{ "type": "Feature", "properties": { "ADM3_FR": "Sangarébougou", "ADM2_FR": "Kati", "ADM1_FR": "Koulikoro", "ADM0_EN": "Mali", "Population": 47192, "Total_bran": 0.0, "Country": "mali", "Filter": 1.0, "ISIBF_base": 0.617, "Latitude": 12.705634, "Longitude": -7.937003 }, "geometry": { "type": "Point", "coordinates": [ -7.937003, 12.705634 ] } },
{ "type": "Feature", "properties": { "ADM3_FR": "Dialakorodji", "ADM2_FR": "Kati", "ADM1_FR": "Koulikoro", "ADM0_EN": "Mali", "Population": 47486, "Total_bran": 1.0, "Country": "mali", "Filter": 1.0, "ISIBF_base": 0.68, "Latitude": 12.713085, "Longitude": -7.991277 }, "geometry": { "type": "Point", "coordinates": [ -7.991277, 12.713085 ] } },
{ "type": "Feature", "properties": { "ADM3_FR": "Diago", "ADM2_FR": "Kati", "ADM1_FR": "Koulikoro", "ADM0_EN": "Mali", "Population": 9412, "Total_bran": 0.0, "Country": "mali", "Filter": 1.0, "ISIBF_base": 0.152, "Latitude": 12.824342, "Longitude": -8.137564 }, "geometry": { "type": "Point", "coordinates": [ -8.137564, 12.824342 ] } },
{ "type": "Feature", "properties": { "ADM3_FR": "Dombila", "ADM2_FR": "Kati", "ADM1_FR": "Koulikoro", "ADM0_EN": "Mali", "Population": 13452, "Total_bran": 0.0, "Country": "mali", "Filter": 1.0, "ISIBF_base": 0.063, "Latitude": 12.686096, "Longitude": -8.297852 }, "geometry": { "type": "Point", "coordinates": [ -8.297852, 12.686096 ] } },
{ "type": "Feature", "properties": { "ADM3_FR": "Sébougou", "ADM2_FR": "Ségou", "ADM1_FR": "Ségou", "ADM0_EN": "Mali", "Population": 16250, "Total_bran": 0.0, "Country": "mali", "Filter": 1.0, "ISIBF_base": 0.059, "Latitude": 13.362025, "Longitude": -6.353221 }, "geometry": { "type": "Point", "coordinates": [ -6.353221, 13.362025 ] } },
{ "type": "Feature", "properties": { "ADM3_FR": "Diganibougou", "ADM2_FR": "Ségou", "ADM1_FR": "Ségou", "ADM0_EN": "Mali", "Population": 15620, "Total_bran": 0.0, "Country": "mali", "Filter": 1.0, "ISIBF_base": 0.028, "Latitude": 13.56743, "Longitude": -6.394736 }, "geometry": { "type": "Point", "coordinates": [ -6.394736, 13.56743 ] } },
{ "type": "Feature", "properties": { "ADM3_FR": "N'golonianasso", "ADM2_FR": "Koutiala", "ADM1_FR": "Sikasso", "ADM0_EN": "Mali", "Population": 19802, "Total_bran": 0.0, "Country": "mali", "Filter": 1.0, "ISIBF_base": 0.027, "Latitude": 12.420716, "Longitude": -5.662588 }, "geometry": { "type": "Point", "coordinates": [ -5.662588, 12.420716 ] } },
{ "type": "Feature", "properties": { "ADM3_FR": "Fagui", "ADM2_FR": "Koutiala", "ADM1_FR": "Sikasso", "ADM0_EN": "Mali", "Population": 10949, "Total_bran": 0.0, "Country": "mali", "Filter": 1.0, "ISIBF_base": 0.003, "Latitude": 12.195931, "Longitude": -5.762935 }, "geometry": { "type": "Point", "coordinates": [ -5.762935, 12.195931 ] } },
{ "type": "Feature", "properties": { "ADM3_FR": "Wacoro", "ADM2_FR": "Dioila", "ADM1_FR": "Koulikoro", "ADM0_EN": "Mali", "Population": 15000, "Total_bran": 0.0, "Country": "mali", "Filter": 1.0, "ISIBF_base": 0.017, "Latitude": 12.634949, "Longitude": -6.722517 }, "geometry": { "type": "Point", "coordinates": [ -6.722517, 12.634949 ] } },
{ "type": "Feature", "properties": { "ADM3_FR": "Diouman", "ADM2_FR": "Dioila", "ADM1_FR": "Koulikoro", "ADM0_EN": "Mali", "Population": 19176, "Total_bran": 0.0, "Country": "mali", "Filter": 1.0, "ISIBF_base": 0.004, "Latitude": 12.509289, "Longitude": -7.324085 }, "geometry": { "type": "Point", "coordinates": [ -7.324085, 12.509289 ] } },
{ "type": "Feature", "properties": { "ADM3_FR": "Kilidougou", "ADM2_FR": "Dioila", "ADM1_FR": "Koulikoro", "ADM0_EN": "Mali", "Population": 15508, "Total_bran": 0.0, "Country": "mali", "Filter": 1.0, "ISIBF_base": 0.004, "Latitude": 12.421173, "Longitude": -6.597854 }, "geometry": { "type": "Point", "coordinates": [ -6.597854, 12.421173 ] } },
{ "type": "Feature", "properties": { "ADM3_FR": "Syen Toula", "ADM2_FR": "Bougouni", "ADM1_FR": "Sikasso", "ADM0_EN": "Mali", "Population": 9455, "Total_bran": 0.0, "Country": "mali", "Filter": 1.0, "ISIBF_base": 0.001, "Latitude": 11.601788, "Longitude": -8.014932 }, "geometry": { "type": "Point", "coordinates": [ -8.014932, 11.601788 ] } },
{ "type": "Feature", "properties": { "ADM3_FR": "Tagandougou", "ADM2_FR": "Yanfolila", "ADM1_FR": "Sikasso", "ADM0_EN": "Mali", "Population": 15111, "Total_bran": 0.0, "Country": "mali", "Filter": 1.0, "ISIBF_base": 0.0, "Latitude": 11.559625, "Longitude": -8.349307 }, "geometry": { "type": "Point", "coordinates": [ -8.349307, 11.559625 ] } },
{ "type": "Feature", "properties": { "ADM3_FR": "Sinkolo", "ADM2_FR": "Koutiala", "ADM1_FR": "Sikasso", "ADM0_EN": "Mali", "Population": 12415, "Total_bran": 0.0, "Country": "mali", "Filter": 1.0, "ISIBF_base": 0.002, "Latitude": 12.048689, "Longitude": -5.529509 }, "geometry": { "type": "Point", "coordinates": [ -5.529509, 12.048689 ] } },
{ "type": "Feature", "properties": { "ADM3_FR": "Dolendougou", "ADM2_FR": "Dioila", "ADM1_FR": "Koulikoro", "ADM0_EN": "Mali", "Population": 14220, "Total_bran": 0.0, "Country": "mali", "Filter": 1.0, "ISIBF_base": 0.002, "Latitude": 12.598669, "Longitude": -6.488569 }, "geometry": { "type": "Point", "coordinates": [ -6.488569, 12.598669 ] } },
{ "type": "Feature", "properties": { "ADM3_FR": "Benkadi", "ADM2_FR": "Dioila", "ADM1_FR": "Koulikoro", "ADM0_EN": "Mali", "Population": 25298, "Total_bran": 0.0, "Country": "mali", "Filter": 1.0, "ISIBF_base": 0.001, "Latitude": 12.350757, "Longitude": -6.449586 }, "geometry": { "type": "Point", "coordinates": [ -6.449586, 12.350757 ] } },
{ "type": "Feature", "properties": { "ADM3_FR": "Fakolo", "ADM2_FR": "Koutiala", "ADM1_FR": "Sikasso", "ADM0_EN": "Mali", "Population": 11254, "Total_bran": 0.0, "Country": "mali", "Filter": 1.0, "ISIBF_base": 0.03, "Latitude": 12.612449, "Longitude": -5.541851 }, "geometry": { "type": "Point", "coordinates": [ -5.541851, 12.612449 ] } },
{ "type": "Feature", "properties": { "ADM3_FR": "Gouadji Kao", "ADM2_FR": "Koutiala", "ADM1_FR": "Sikasso", "ADM0_EN": "Mali", "Population": 10714, "Total_bran": 0.0, "Country": "mali", "Filter": 1.0, "ISIBF_base": 0.005, "Latitude": 12.529728, "Longitude": -5.167269 }, "geometry": { "type": "Point", "coordinates": [ -5.167269, 12.529728 ] } },
{ "type": "Feature", "properties": { "ADM3_FR": "Karagouana Mallé", "ADM2_FR": "Koutiala", "ADM1_FR": "Sikasso", "ADM0_EN": "Mali", "Population": 7359, "Total_bran": 0.0, "Country": "mali", "Filter": 1.0, "ISIBF_base": 0.005, "Latitude": 12.59217, "Longitude": -5.820415 }, "geometry": { "type": "Point", "coordinates": [ -5.820415, 12.59217 ] } },
{ "type": "Feature", "properties": { "ADM3_FR": "Koningué", "ADM2_FR": "Koutiala", "ADM1_FR": "Sikasso", "ADM0_EN": "Mali", "Population": 16117, "Total_bran": 0.0, "Country": "mali", "Filter": 1.0, "ISIBF_base": 0.002, "Latitude": 12.173901, "Longitude": -5.181926 }, "geometry": { "type": "Point", "coordinates": [ -5.181926, 12.173901 ] } },
{ "type": "Feature", "properties": { "ADM3_FR": "Logouana", "ADM2_FR": "Koutiala", "ADM1_FR": "Sikasso", "ADM0_EN": "Mali", "Population": 8401, "Total_bran": 0.0, "Country": "mali", "Filter": 1.0, "ISIBF_base": 0.012, "Latitude": 12.422, "Longitude": -5.237826 }, "geometry": { "type": "Point", "coordinates": [ -5.237826, 12.422 ] } },
{ "type": "Feature", "properties": { "ADM3_FR": "Nafanga", "ADM2_FR": "Koutiala", "ADM1_FR": "Sikasso", "ADM0_EN": "Mali", "Population": 8794, "Total_bran": 0.0, "Country": "mali", "Filter": 1.0, "ISIBF_base": 0.008, "Latitude": 12.306789, "Longitude": -5.234967 }, "geometry": { "type": "Point", "coordinates": [ -5.234967, 12.306789 ] } },
{ "type": "Feature", "properties": { "ADM3_FR": "Nampé", "ADM2_FR": "Koutiala", "ADM1_FR": "Sikasso", "ADM0_EN": "Mali", "Population": 4826, "Total_bran": 0.0, "Country": "mali", "Filter": 1.0, "ISIBF_base": 0.033, "Latitude": 12.595257, "Longitude": -5.424259 }, "geometry": { "type": "Point", "coordinates": [ -5.424259, 12.595257 ] } },
{ "type": "Feature", "properties": { "ADM3_FR": "N'goutjina", "ADM2_FR": "Koutiala", "ADM1_FR": "Sikasso", "ADM0_EN": "Mali", "Population": 19575, "Total_bran": 0.0, "Country": "mali", "Filter": 1.0, "ISIBF_base": 0.043, "Latitude": 12.320658, "Longitude": -5.517008 }, "geometry": { "type": "Point", "coordinates": [ -5.517008, 12.320658 ] } },
{ "type": "Feature", "properties": { "ADM3_FR": "Sincina", "ADM2_FR": "Koutiala", "ADM1_FR": "Sikasso", "ADM0_EN": "Mali", "Population": 19046, "Total_bran": 0.0, "Country": "mali", "Filter": 1.0, "ISIBF_base": 0.033, "Latitude": 12.336744, "Longitude": -5.378774 }, "geometry": { "type": "Point", "coordinates": [ -5.378774, 12.336744 ] } },
{ "type": "Feature", "properties": { "ADM3_FR": "Songo Doubacoro", "ADM2_FR": "Koutiala", "ADM1_FR": "Sikasso", "ADM0_EN": "Mali", "Population": 14760, "Total_bran": 0.0, "Country": "mali", "Filter": 1.0, "ISIBF_base": 0.018, "Latitude": 12.593552, "Longitude": -5.323586 }, "geometry": { "type": "Point", "coordinates": [ -5.323586, 12.593552 ] } },
{ "type": "Feature", "properties": { "ADM3_FR": "Sorobasso", "ADM2_FR": "Koutiala", "ADM1_FR": "Sikasso", "ADM0_EN": "Mali", "Population": 5716, "Total_bran": 0.0, "Country": "mali", "Filter": 1.0, "ISIBF_base": 0.013, "Latitude": 12.518845, "Longitude": -5.251267 }, "geometry": { "type": "Point", "coordinates": [ -5.251267, 12.518845 ] } },
{ "type": "Feature", "properties": { "ADM3_FR": "Tao", "ADM2_FR": "Koutiala", "ADM1_FR": "Sikasso", "ADM0_EN": "Mali", "Population": 5947, "Total_bran": 0.0, "Country": "mali", "Filter": 1.0, "ISIBF_base": 0.016, "Latitude": 12.664864, "Longitude": -5.587738 }, "geometry": { "type": "Point", "coordinates": [ -5.587738, 12.664864 ] } },
{ "type": "Feature", "properties": { "ADM3_FR": "Zanina", "ADM2_FR": "Koutiala", "ADM1_FR": "Sikasso", "ADM0_EN": "Mali", "Population": 7425, "Total_bran": 0.0, "Country": "mali", "Filter": 1.0, "ISIBF_base": 0.012, "Latitude": 12.762638, "Longitude": -5.627048 }, "geometry": { "type": "Point", "coordinates": [ -5.627048, 12.762638 ] } },
{ "type": "Feature", "properties": { "ADM3_FR": "Zanférébougou", "ADM2_FR": "Sikasso", "ADM1_FR": "Sikasso", "ADM0_EN": "Mali", "Population": 4653, "Total_bran": 0.0, "Country": "mali", "Filter": 1.0, "ISIBF_base": 0.004, "Latitude": 11.266313, "Longitude": -6.090083 }, "geometry": { "type": "Point", "coordinates": [ -6.090083, 11.266313 ] } },
{ "type": "Feature", "properties": { "ADM3_FR": "Tiankadi", "ADM2_FR": "Sikasso", "ADM1_FR": "Sikasso", "ADM0_EN": "Mali", "Population": 4708, "Total_bran": 0.0, "Country": "mali", "Filter": 1.0, "ISIBF_base": 0.001, "Latitude": 11.629758, "Longitude": -6.081064 }, "geometry": { "type": "Point", "coordinates": [ -6.081064, 11.629758 ] } },
{ "type": "Feature", "properties": { "ADM3_FR": "Sokourani Missirikoro", "ADM2_FR": "Sikasso", "ADM1_FR": "Sikasso", "ADM0_EN": "Mali", "Population": 3372, "Total_bran": 0.0, "Country": "mali", "Filter": 1.0, "ISIBF_base": 0.034, "Latitude": 11.19774, "Longitude": -5.773216 }, "geometry": { "type": "Point", "coordinates": [ -5.773216, 11.19774 ] } },
{ "type": "Feature", "properties": { "ADM3_FR": "Pimperna", "ADM2_FR": "Sikasso", "ADM1_FR": "Sikasso", "ADM0_EN": "Mali", "Population": 9308, "Total_bran": 0.0, "Country": "mali", "Filter": 1.0, "ISIBF_base": 0.034, "Latitude": 11.431717, "Longitude": -5.779095 }, "geometry": { "type": "Point", "coordinates": [ -5.779095, 11.431717 ] } },
{ "type": "Feature", "properties": { "ADM3_FR": "Yallankoro-Soloba", "ADM2_FR": "Yanfolila", "ADM1_FR": "Sikasso", "ADM0_EN": "Mali", "Population": 11276, "Total_bran": 0.0, "Country": "mali", "Filter": 1.0, "ISIBF_base": 0.004, "Latitude": 11.193823, "Longitude": -8.405207 }, "geometry": { "type": "Point", "coordinates": [ -8.405207, 11.193823 ] } },
{ "type": "Feature", "properties": { "ADM3_FR": "Tesserla", "ADM2_FR": "Baraouéli", "ADM1_FR": "Ségou", "ADM0_EN": "Mali", "Population": 6118, "Total_bran": 0.0, "Country": "mali", "Filter": 1.0, "ISIBF_base": 0.014, "Latitude": 13.163639, "Longitude": -6.217583 }, "geometry": { "type": "Point", "coordinates": [ -6.217583, 13.163639 ] } },
{ "type": "Feature", "properties": { "ADM3_FR": "Yeredon Saniona", "ADM2_FR": "Niono", "ADM1_FR": "Ségou", "ADM0_EN": "Mali", "Population": 17310, "Total_bran": 0.0, "Country": "mali", "Filter": 1.0, "ISIBF_base": 0.019, "Latitude": 14.300989, "Longitude": -5.830572 }, "geometry": { "type": "Point", "coordinates": [ -5.830572, 14.300989 ] } },
{ "type": "Feature", "properties": { "ADM3_FR": "Toridaga Ko", "ADM2_FR": "Niono", "ADM1_FR": "Ségou", "ADM0_EN": "Mali", "Population": 29766, "Total_bran": 0.0, "Country": "mali", "Filter": 1.0, "ISIBF_base": 0.003, "Latitude": 14.481459, "Longitude": -5.794318 }, "geometry": { "type": "Point", "coordinates": [ -5.794318, 14.481459 ] } },
{ "type": "Feature", "properties": { "ADM3_FR": "Diakourouna", "ADM2_FR": "San", "ADM1_FR": "Ségou", "ADM0_EN": "Mali", "Population": 11699, "Total_bran": 0.0, "Country": "mali", "Filter": 1.0, "ISIBF_base": 0.012, "Latitude": 12.897997, "Longitude": -5.151095 }, "geometry": { "type": "Point", "coordinates": [ -5.151095, 12.897997 ] } },
{ "type": "Feature", "properties": { "ADM3_FR": "Djéguena", "ADM2_FR": "San", "ADM1_FR": "Ségou", "ADM0_EN": "Mali", "Population": 4039, "Total_bran": 0.0, "Country": "mali", "Filter": 1.0, "ISIBF_base": 0.013, "Latitude": 13.190384, "Longitude": -5.162204 }, "geometry": { "type": "Point", "coordinates": [ -5.162204, 13.190384 ] } },
{ "type": "Feature", "properties": { "ADM3_FR": "Karaba", "ADM2_FR": "San", "ADM1_FR": "Ségou", "ADM0_EN": "Mali", "Population": 8691, "Total_bran": 0.0, "Country": "mali", "Filter": 1.0, "ISIBF_base": 0.006, "Latitude": 12.931862, "Longitude": -4.909255 }, "geometry": { "type": "Point", "coordinates": [ -4.909255, 12.931862 ] } },
{ "type": "Feature", "properties": { "ADM3_FR": "Niamana", "ADM2_FR": "San", "ADM1_FR": "Ségou", "ADM0_EN": "Mali", "Population": 37663, "Total_bran": 1.0, "Country": "mali", "Filter": 1.0, "ISIBF_base": 0.051, "Latitude": 13.022011, "Longitude": -5.18892 }, "geometry": { "type": "Point", "coordinates": [ -5.18892, 13.022011 ] } },
{ "type": "Feature", "properties": { "ADM3_FR": "N'torosso", "ADM2_FR": "San", "ADM1_FR": "Ségou", "ADM0_EN": "Mali", "Population": 10199, "Total_bran": 0.0, "Country": "mali", "Filter": 1.0, "ISIBF_base": 0.016, "Latitude": 13.133128, "Longitude": -5.062018 }, "geometry": { "type": "Point", "coordinates": [ -5.062018, 13.133128 ] } },
{ "type": "Feature", "properties": { "ADM3_FR": "Sourountouna", "ADM2_FR": "San", "ADM1_FR": "Ségou", "ADM0_EN": "Mali", "Population": 12371, "Total_bran": 0.0, "Country": "mali", "Filter": 1.0, "ISIBF_base": 0.009, "Latitude": 13.018613, "Longitude": -4.905773 }, "geometry": { "type": "Point", "coordinates": [ -4.905773, 13.018613 ] } },
{ "type": "Feature", "properties": { "ADM3_FR": "Téné", "ADM2_FR": "San", "ADM1_FR": "Ségou", "ADM0_EN": "Mali", "Population": 20658, "Total_bran": 0.0, "Country": "mali", "Filter": 1.0, "ISIBF_base": 0.004, "Latitude": 13.427161, "Longitude": -4.609364 }, "geometry": { "type": "Point", "coordinates": [ -4.609364, 13.427161 ] } },
{ "type": "Feature", "properties": { "ADM3_FR": "Waki", "ADM2_FR": "San", "ADM1_FR": "Ségou", "ADM0_EN": "Mali", "Population": 8884, "Total_bran": 0.0, "Country": "mali", "Filter": 1.0, "ISIBF_base": 0.01, "Latitude": 12.860371, "Longitude": -4.794983 }, "geometry": { "type": "Point", "coordinates": [ -4.794983, 12.860371 ] } },
{ "type": "Feature", "properties": { "ADM3_FR": "Kassorola", "ADM2_FR": "San", "ADM1_FR": "Ségou", "ADM0_EN": "Mali", "Population": 16342, "Total_bran": 0.0, "Country": "mali", "Filter": 1.0, "ISIBF_base": 0.002, "Latitude": 12.711779, "Longitude": -4.916568 }, "geometry": { "type": "Point", "coordinates": [ -4.916568, 12.711779 ] } },
{ "type": "Feature", "properties": { "ADM3_FR": "Kaniégue", "ADM2_FR": "San", "ADM1_FR": "Ségou", "ADM0_EN": "Mali", "Population": 7120, "Total_bran": 0.0, "Country": "mali", "Filter": 1.0, "ISIBF_base": 0.005, "Latitude": 12.854114, "Longitude": -5.041291 }, "geometry": { "type": "Point", "coordinates": [ -5.041291, 12.854114 ] } },
{ "type": "Feature", "properties": { "ADM3_FR": "Diéli", "ADM2_FR": "San", "ADM1_FR": "Ségou", "ADM0_EN": "Mali", "Population": 13984, "Total_bran": 0.0, "Country": "mali", "Filter": 1.0, "ISIBF_base": 0.022, "Latitude": 13.066109, "Longitude": -5.110096 }, "geometry": { "type": "Point", "coordinates": [ -5.110096, 13.066109 ] } },
{ "type": "Feature", "properties": { "ADM3_FR": "Koulandougou", "ADM2_FR": "Bla", "ADM1_FR": "Ségou", "ADM0_EN": "Mali", "Population": 4710, "Total_bran": 0.0, "Country": "mali", "Filter": 1.0, "ISIBF_base": 0.009, "Latitude": 13.163504, "Longitude": -5.284844 }, "geometry": { "type": "Point", "coordinates": [ -5.284844, 13.163504 ] } },
{ "type": "Feature", "properties": { "ADM3_FR": "Samabogo", "ADM2_FR": "Bla", "ADM1_FR": "Ségou", "ADM0_EN": "Mali", "Population": 13210, "Total_bran": 0.0, "Country": "mali", "Filter": 1.0, "ISIBF_base": 0.009, "Latitude": 12.826428, "Longitude": -5.495056 }, "geometry": { "type": "Point", "coordinates": [ -5.495056, 12.826428 ] } },
{ "type": "Feature", "properties": { "ADM3_FR": "Tiemena", "ADM2_FR": "Bla", "ADM1_FR": "Ségou", "ADM0_EN": "Mali", "Population": 11169, "Total_bran": 0.0, "Country": "mali", "Filter": 1.0, "ISIBF_base": 0.005, "Latitude": 12.940635, "Longitude": -5.95871 }, "geometry": { "type": "Point", "coordinates": [ -5.95871, 12.940635 ] } },
{ "type": "Feature", "properties": { "ADM3_FR": "Sakoiba", "ADM2_FR": "Ségou", "ADM1_FR": "Ségou", "ADM0_EN": "Mali", "Population": 18286, "Total_bran": 0.0, "Country": "mali", "Filter": 1.0, "ISIBF_base": 0.053, "Latitude": 13.30058, "Longitude": -6.231883 }, "geometry": { "type": "Point", "coordinates": [ -6.231883, 13.30058 ] } },
{ "type": "Feature", "properties": { "ADM3_FR": "Pelengana", "ADM2_FR": "Ségou", "ADM1_FR": "Ségou", "ADM0_EN": "Mali", "Population": 55847, "Total_bran": 1.0, "Country": "mali", "Filter": 1.0, "ISIBF_base": 0.115, "Latitude": 13.44543, "Longitude": -6.151684 }, "geometry": { "type": "Point", "coordinates": [ -6.151684, 13.44543 ] } },
{ "type": "Feature", "properties": { "ADM3_FR": "N'gara", "ADM2_FR": "Ségou", "ADM1_FR": "Ségou", "ADM0_EN": "Mali", "Population": 11706, "Total_bran": 0.0, "Country": "mali", "Filter": 1.0, "ISIBF_base": 0.009, "Latitude": 13.304637, "Longitude": -6.551844 }, "geometry": { "type": "Point", "coordinates": [ -6.551844, 13.304637 ] } },
{ "type": "Feature", "properties": { "ADM3_FR": "Markala", "ADM2_FR": "Ségou", "ADM1_FR": "Ségou", "ADM0_EN": "Mali", "Population": 45926, "Total_bran": 1.0, "Country": "mali", "Filter": 1.0, "ISIBF_base": 0.069, "Latitude": 13.658296, "Longitude": -6.07581 }, "geometry": { "type": "Point", "coordinates": [ -6.07581, 13.658296 ] } },
{ "type": "Feature", "properties": { "ADM3_FR": "Farakou Massa", "ADM2_FR": "Ségou", "ADM1_FR": "Ségou", "ADM0_EN": "Mali", "Population": 14710, "Total_bran": 0.0, "Country": "mali", "Filter": 1.0, "ISIBF_base": 0.013, "Latitude": 13.626213, "Longitude": -5.901776 }, "geometry": { "type": "Point", "coordinates": [ -5.901776, 13.626213 ] } },
{ "type": "Feature", "properties": { "ADM3_FR": "Dougabougou", "ADM2_FR": "Ségou", "ADM1_FR": "Ségou", "ADM0_EN": "Mali", "Population": 27951, "Total_bran": 1.0, "Country": "mali", "Filter": 1.0, "ISIBF_base": 0.061, "Latitude": 13.815992, "Longitude": -6.12232 }, "geometry": { "type": "Point", "coordinates": [ -6.12232, 13.815992 ] } },
{ "type": "Feature", "properties": { "ADM3_FR": "Diouna", "ADM2_FR": "Ségou", "ADM1_FR": "Ségou", "ADM0_EN": "Mali", "Population": 9142, "Total_bran": 0.0, "Country": "mali", "Filter": 1.0, "ISIBF_base": 0.004, "Latitude": 13.447058, "Longitude": -5.82015 }, "geometry": { "type": "Point", "coordinates": [ -5.82015, 13.447058 ] } },
{ "type": "Feature", "properties": { "ADM3_FR": "Dioro", "ADM2_FR": "Ségou", "ADM1_FR": "Ségou", "ADM0_EN": "Mali", "Population": 46621, "Total_bran": 0.0, "Country": "mali", "Filter": 1.0, "ISIBF_base": 0.002, "Latitude": 13.650731, "Longitude": -5.746453 }, "geometry": { "type": "Point", "coordinates": [ -5.746453, 13.650731 ] } },
{ "type": "Feature", "properties": { "ADM3_FR": "Matomo", "ADM2_FR": "Macina", "ADM1_FR": "Ségou", "ADM0_EN": "Mali", "Population": 15027, "Total_bran": 0.0, "Country": "mali", "Filter": 1.0, "ISIBF_base": 0.001, "Latitude": 13.916287, "Longitude": -4.926157 }, "geometry": { "type": "Point", "coordinates": [ -4.926157, 13.916287 ] } },
{ "type": "Feature", "properties": { "ADM3_FR": "Benena", "ADM2_FR": "Tominian", "ADM1_FR": "Ségou", "ADM0_EN": "Mali", "Population": 17932, "Total_bran": 0.0, "Country": "mali", "Filter": 1.0, "ISIBF_base": 0.001, "Latitude": 13.142959, "Longitude": -4.417555 }, "geometry": { "type": "Point", "coordinates": [ -4.417555, 13.142959 ] } },
{ "type": "Feature", "properties": { "ADM3_FR": "Fangasso", "ADM2_FR": "Tominian", "ADM1_FR": "Ségou", "ADM0_EN": "Mali", "Population": 23815, "Total_bran": 0.0, "Country": "mali", "Filter": 1.0, "ISIBF_base": 0.001, "Latitude": 13.51618, "Longitude": -4.399572 }, "geometry": { "type": "Point", "coordinates": [ -4.399572, 13.51618 ] } },
{ "type": "Feature", "properties": { "ADM3_FR": "Koula", "ADM2_FR": "Tominian", "ADM1_FR": "Ségou", "ADM0_EN": "Mali", "Population": 41537, "Total_bran": 0.0, "Country": "mali", "Filter": 1.0, "ISIBF_base": 0.007, "Latitude": 13.343332, "Longitude": -4.26408 }, "geometry": { "type": "Point", "coordinates": [ -4.26408, 13.343332 ] } },
{ "type": "Feature", "properties": { "ADM3_FR": "Mafouné", "ADM2_FR": "Tominian", "ADM1_FR": "Ségou", "ADM0_EN": "Mali", "Population": 23283, "Total_bran": 0.0, "Country": "mali", "Filter": 1.0, "ISIBF_base": 0.003, "Latitude": 12.814077, "Longitude": -4.375664 }, "geometry": { "type": "Point", "coordinates": [ -4.375664, 12.814077 ] } },
{ "type": "Feature", "properties": { "ADM3_FR": "Ouan", "ADM2_FR": "Tominian", "ADM1_FR": "Ségou", "ADM0_EN": "Mali", "Population": 9108, "Total_bran": 0.0, "Country": "mali", "Filter": 1.0, "ISIBF_base": 0.004, "Latitude": 13.678863, "Longitude": -4.36378 }, "geometry": { "type": "Point", "coordinates": [ -4.36378, 13.678863 ] } },
{ "type": "Feature", "properties": { "ADM3_FR": "Mandiakuy", "ADM2_FR": "Tominian", "ADM1_FR": "Ségou", "ADM0_EN": "Mali", "Population": 21087, "Total_bran": 0.0, "Country": "mali", "Filter": 1.0, "ISIBF_base": 0.004, "Latitude": 12.97555, "Longitude": -4.436717 }, "geometry": { "type": "Point", "coordinates": [ -4.436717, 12.97555 ] } },
{ "type": "Feature", "properties": { "ADM3_FR": "Ouroun", "ADM2_FR": "Bougouni", "ADM1_FR": "Sikasso", "ADM0_EN": "Mali", "Population": 5545, "Total_bran": 0.0, "Country": "mali", "Filter": 1.0, "ISIBF_base": 0.003, "Latitude": 11.726161, "Longitude": -7.889662 }, "geometry": { "type": "Point", "coordinates": [ -7.889662, 11.726161 ] } },
{ "type": "Feature", "properties": { "ADM3_FR": "Diou", "ADM2_FR": "Kadiolo", "ADM1_FR": "Sikasso", "ADM0_EN": "Mali", "Population": 3504, "Total_bran": 0.0, "Country": "mali", "Filter": 1.0, "ISIBF_base": 0.016, "Latitude": 10.599577, "Longitude": -5.986943 }, "geometry": { "type": "Point", "coordinates": [ -5.986943, 10.599577 ] } },
{ "type": "Feature", "properties": { "ADM3_FR": "Kai", "ADM2_FR": "Kadiolo", "ADM1_FR": "Sikasso", "ADM0_EN": "Mali", "Population": 8185, "Total_bran": 0.0, "Country": "mali", "Filter": 1.0, "ISIBF_base": 0.004, "Latitude": 10.939459, "Longitude": -5.730243 }, "geometry": { "type": "Point", "coordinates": [ -5.730243, 10.939459 ] } },
{ "type": "Feature", "properties": { "ADM3_FR": "Domba", "ADM2_FR": "Bougouni", "ADM1_FR": "Sikasso", "ADM0_EN": "Mali", "Population": 13847, "Total_bran": 0.0, "Country": "mali", "Filter": 1.0, "ISIBF_base": 0.004, "Latitude": 11.82098, "Longitude": -7.016431 }, "geometry": { "type": "Point", "coordinates": [ -7.016431, 11.82098 ] } },
{ "type": "Feature", "properties": { "ADM3_FR": "Sankarani", "ADM2_FR": "Yanfolila", "ADM1_FR": "Sikasso", "ADM0_EN": "Mali", "Population": 7563, "Total_bran": 0.0, "Country": "mali", "Filter": 1.0, "ISIBF_base": 0.001, "Latitude": 11.429718, "Longitude": -8.40426 }, "geometry": { "type": "Point", "coordinates": [ -8.40426, 11.429718 ] } },
{ "type": "Feature", "properties": { "ADM3_FR": "Kaniogo", "ADM2_FR": "Kangaba", "ADM1_FR": "Koulikoro", "ADM0_EN": "Mali", "Population": 16785, "Total_bran": 0.0, "Country": "mali", "Filter": 1.0, "ISIBF_base": 0.005, "Latitude": 11.824775, "Longitude": -8.644415 }, "geometry": { "type": "Point", "coordinates": [ -8.644415, 11.824775 ] } },
{ "type": "Feature", "properties": { "ADM3_FR": "Maramandougou", "ADM2_FR": "Kangaba", "ADM1_FR": "Koulikoro", "ADM0_EN": "Mali", "Population": 14539, "Total_bran": 0.0, "Country": "mali", "Filter": 1.0, "ISIBF_base": 0.006, "Latitude": 11.854741, "Longitude": -8.303916 }, "geometry": { "type": "Point", "coordinates": [ -8.303916, 11.854741 ] } },
{ "type": "Feature", "properties": { "ADM3_FR": "Nimbougou", "ADM2_FR": "Kadiolo", "ADM1_FR": "Sikasso", "ADM0_EN": "Mali", "Population": 8423, "Total_bran": 0.0, "Country": "mali", "Filter": 1.0, "ISIBF_base": 0.001, "Latitude": 10.842557, "Longitude": -5.474996 }, "geometry": { "type": "Point", "coordinates": [ -5.474996, 10.842557 ] } },
{ "type": "Feature", "properties": { "ADM3_FR": "Zégoua", "ADM2_FR": "Kadiolo", "ADM1_FR": "Sikasso", "ADM0_EN": "Mali", "Population": 33118, "Total_bran": 0.0, "Country": "mali", "Filter": 1.0, "ISIBF_base": 0.006, "Latitude": 10.534904, "Longitude": -5.588661 }, "geometry": { "type": "Point", "coordinates": [ -5.588661, 10.534904 ] } },
{ "type": "Feature", "properties": { "ADM3_FR": "Kafo Faboli", "ADM2_FR": "Koutiala", "ADM1_FR": "Sikasso", "ADM0_EN": "Mali", "Population": 14206, "Total_bran": 0.0, "Country": "mali", "Filter": 1.0, "ISIBF_base": 0.002, "Latitude": 12.702075, "Longitude": -5.936002 }, "geometry": { "type": "Point", "coordinates": [ -5.936002, 12.702075 ] } },
{ "type": "Feature", "properties": { "ADM3_FR": "Kapala", "ADM2_FR": "Koutiala", "ADM1_FR": "Sikasso", "ADM0_EN": "Mali", "Population": 18578, "Total_bran": 0.0, "Country": "mali", "Filter": 1.0, "ISIBF_base": 0.022, "Latitude": 12.164786, "Longitude": -5.458743 }, "geometry": { "type": "Point", "coordinates": [ -5.458743, 12.164786 ] } },
{ "type": "Feature", "properties": { "ADM3_FR": "Kolonigué", "ADM2_FR": "Koutiala", "ADM1_FR": "Sikasso", "ADM0_EN": "Mali", "Population": 22960, "Total_bran": 0.0, "Country": "mali", "Filter": 1.0, "ISIBF_base": 0.004, "Latitude": 12.136958, "Longitude": -5.322286 }, "geometry": { "type": "Point", "coordinates": [ -5.322286, 12.136958 ] } },
{ "type": "Feature", "properties": { "ADM3_FR": "Kouniana", "ADM2_FR": "Koutiala", "ADM1_FR": "Sikasso", "ADM0_EN": "Mali", "Population": 4645, "Total_bran": 0.0, "Country": "mali", "Filter": 1.0, "ISIBF_base": 0.002, "Latitude": 12.571438, "Longitude": -5.099242 }, "geometry": { "type": "Point", "coordinates": [ -5.099242, 12.571438 ] } },
{ "type": "Feature", "properties": { "ADM3_FR": "Miena", "ADM2_FR": "Koutiala", "ADM1_FR": "Sikasso", "ADM0_EN": "Mali", "Population": 13034, "Total_bran": 0.0, "Country": "mali", "Filter": 1.0, "ISIBF_base": 0.001, "Latitude": 12.614084, "Longitude": -5.977969 }, "geometry": { "type": "Point", "coordinates": [ -5.977969, 12.614084 ] } },
{ "type": "Feature", "properties": { "ADM3_FR": "M'pessoba", "ADM2_FR": "Koutiala", "ADM1_FR": "Sikasso", "ADM0_EN": "Mali", "Population": 35331, "Total_bran": 0.0, "Country": "mali", "Filter": 1.0, "ISIBF_base": 0.01, "Latitude": 12.659312, "Longitude": -5.700833 }, "geometry": { "type": "Point", "coordinates": [ -5.700833, 12.659312 ] } },
{ "type": "Feature", "properties": { "ADM3_FR": "N'tossoni", "ADM2_FR": "Koutiala", "ADM1_FR": "Sikasso", "ADM0_EN": "Mali", "Population": 6742, "Total_bran": 0.0, "Country": "mali", "Filter": 1.0, "ISIBF_base": 0.006, "Latitude": 12.514006, "Longitude": -5.804245 }, "geometry": { "type": "Point", "coordinates": [ -5.804245, 12.514006 ] } },
{ "type": "Feature", "properties": { "ADM3_FR": "Songoua", "ADM2_FR": "Koutiala", "ADM1_FR": "Sikasso", "ADM0_EN": "Mali", "Population": 6199, "Total_bran": 0.0, "Country": "mali", "Filter": 1.0, "ISIBF_base": 0.08, "Latitude": 12.518258, "Longitude": -5.447974 }, "geometry": { "type": "Point", "coordinates": [ -5.447974, 12.518258 ] } },
{ "type": "Feature", "properties": { "ADM3_FR": "Yognogo", "ADM2_FR": "Koutiala", "ADM1_FR": "Sikasso", "ADM0_EN": "Mali", "Population": 4768, "Total_bran": 0.0, "Country": "mali", "Filter": 1.0, "ISIBF_base": 0.034, "Latitude": 12.448503, "Longitude": -5.3314 }, "geometry": { "type": "Point", "coordinates": [ -5.3314, 12.448503 ] } },
{ "type": "Feature", "properties": { "ADM3_FR": "Zebala", "ADM2_FR": "Koutiala", "ADM1_FR": "Sikasso", "ADM0_EN": "Mali", "Population": 17290, "Total_bran": 0.0, "Country": "mali", "Filter": 1.0, "ISIBF_base": 0.003, "Latitude": 12.386437, "Longitude": -5.099849 }, "geometry": { "type": "Point", "coordinates": [ -5.099849, 12.386437 ] } },
{ "type": "Feature", "properties": { "ADM3_FR": "Ména", "ADM2_FR": "Kolondieba", "ADM1_FR": "Sikasso", "ADM0_EN": "Mali", "Population": 6157, "Total_bran": 0.0, "Country": "mali", "Filter": 1.0, "ISIBF_base": 0.001, "Latitude": 11.296251, "Longitude": -6.695598 }, "geometry": { "type": "Point", "coordinates": [ -6.695598, 11.296251 ] } },
{ "type": "Feature", "properties": { "ADM3_FR": "Natien", "ADM2_FR": "Sikasso", "ADM1_FR": "Sikasso", "ADM0_EN": "Mali", "Population": 6917, "Total_bran": 0.0, "Country": "mali", "Filter": 1.0, "ISIBF_base": 0.021, "Latitude": 11.360101, "Longitude": -5.869129 }, "geometry": { "type": "Point", "coordinates": [ -5.869129, 11.360101 ] } },
{ "type": "Feature", "properties": { "ADM3_FR": "N'tjikouna", "ADM2_FR": "Sikasso", "ADM1_FR": "Sikasso", "ADM0_EN": "Mali", "Population": 3834, "Total_bran": 0.0, "Country": "mali", "Filter": 1.0, "ISIBF_base": 0.002, "Latitude": 11.105071, "Longitude": -6.220973 }, "geometry": { "type": "Point", "coordinates": [ -6.220973, 11.105071 ] } },
{ "type": "Feature", "properties": { "ADM3_FR": "Missirikoro", "ADM2_FR": "Sikasso", "ADM1_FR": "Sikasso", "ADM0_EN": "Mali", "Population": 4405, "Total_bran": 0.0, "Country": "mali", "Filter": 1.0, "ISIBF_base": 0.032, "Latitude": 11.245901, "Longitude": -5.819763 }, "geometry": { "type": "Point", "coordinates": [ -5.819763, 11.245901 ] } },
{ "type": "Feature", "properties": { "ADM3_FR": "Miria", "ADM2_FR": "Sikasso", "ADM1_FR": "Sikasso", "ADM0_EN": "Mali", "Population": 9989, "Total_bran": 0.0, "Country": "mali", "Filter": 1.0, "ISIBF_base": 0.001, "Latitude": 11.695017, "Longitude": -6.160017 }, "geometry": { "type": "Point", "coordinates": [ -6.160017, 11.695017 ] } },
{ "type": "Feature", "properties": { "ADM3_FR": "Kolokoba", "ADM2_FR": "Sikasso", "ADM1_FR": "Sikasso", "ADM0_EN": "Mali", "Population": 7703, "Total_bran": 0.0, "Country": "mali", "Filter": 1.0, "ISIBF_base": 0.005, "Latitude": 11.181808, "Longitude": -6.002863 }, "geometry": { "type": "Point", "coordinates": [ -6.002863, 11.181808 ] } },
{ "type": "Feature", "properties": { "ADM3_FR": "Kofan", "ADM2_FR": "Sikasso", "ADM1_FR": "Sikasso", "ADM0_EN": "Mali", "Population": 10298, "Total_bran": 0.0, "Country": "mali", "Filter": 1.0, "ISIBF_base": 0.003, "Latitude": 11.533931, "Longitude": -6.130611 }, "geometry": { "type": "Point", "coordinates": [ -6.130611, 11.533931 ] } },
{ "type": "Feature", "properties": { "ADM3_FR": "Kléla", "ADM2_FR": "Sikasso", "ADM1_FR": "Sikasso", "ADM0_EN": "Mali", "Population": 24870, "Total_bran": 0.0, "Country": "mali", "Filter": 1.0, "ISIBF_base": 0.002, "Latitude": 11.726213, "Longitude": -5.659366 }, "geometry": { "type": "Point", "coordinates": [ -5.659366, 11.726213 ] } },
{ "type": "Feature", "properties": { "ADM3_FR": "Tiakadougou Dialakoro", "ADM2_FR": "Kati", "ADM1_FR": "Koulikoro", "ADM0_EN": "Mali", "Population": 7698, "Total_bran": 0.0, "Country": "mali", "Filter": 1.0, "ISIBF_base": 0.003, "Latitude": 11.761835, "Longitude": -8.090498 }, "geometry": { "type": "Point", "coordinates": [ -8.090498, 11.761835 ] } },
{ "type": "Feature", "properties": { "ADM3_FR": "Baya", "ADM2_FR": "Yanfolila", "ADM1_FR": "Sikasso", "ADM0_EN": "Mali", "Population": 41179, "Total_bran": 0.0, "Country": "mali", "Filter": 1.0, "ISIBF_base": 0.0, "Latitude": 11.642121, "Longitude": -8.174728 }, "geometry": { "type": "Point", "coordinates": [ -8.174728, 11.642121 ] } },
{ "type": "Feature", "properties": { "ADM3_FR": "Séléfougou", "ADM2_FR": "Kangaba", "ADM1_FR": "Koulikoro", "ADM0_EN": "Mali", "Population": 4637, "Total_bran": 0.0, "Country": "mali", "Filter": 1.0, "ISIBF_base": 0.003, "Latitude": 11.719393, "Longitude": -8.379264 }, "geometry": { "type": "Point", "coordinates": [ -8.379264, 11.719393 ] } },
{ "type": "Feature", "properties": { "ADM3_FR": "Dembela", "ADM2_FR": "Sikasso", "ADM1_FR": "Sikasso", "ADM0_EN": "Mali", "Population": 12503, "Total_bran": 0.0, "Country": "mali", "Filter": 1.0, "ISIBF_base": 0.001, "Latitude": 11.761613, "Longitude": -6.355738 }, "geometry": { "type": "Point", "coordinates": [ -6.355738, 11.761613 ] } },
{ "type": "Feature", "properties": { "ADM3_FR": "Kapolondougou", "ADM2_FR": "Sikasso", "ADM1_FR": "Sikasso", "ADM0_EN": "Mali", "Population": 14669, "Total_bran": 0.0, "Country": "mali", "Filter": 1.0, "ISIBF_base": 0.005, "Latitude": 11.390911, "Longitude": -6.064642 }, "geometry": { "type": "Point", "coordinates": [ -6.064642, 11.390911 ] } },
{ "type": "Feature", "properties": { "ADM3_FR": "Kapala", "ADM2_FR": "Sikasso", "ADM1_FR": "Sikasso", "ADM0_EN": "Mali", "Population": 18578, "Total_bran": 0.0, "Country": "mali", "Filter": 1.0, "ISIBF_base": 0.022, "Latitude": 11.128911, "Longitude": -5.719943 }, "geometry": { "type": "Point", "coordinates": [ -5.719943, 11.128911 ] } },
{ "type": "Feature", "properties": { "ADM3_FR": "Gongasso", "ADM2_FR": "Sikasso", "ADM1_FR": "Sikasso", "ADM0_EN": "Mali", "Population": 8806, "Total_bran": 0.0, "Country": "mali", "Filter": 1.0, "ISIBF_base": 0.007, "Latitude": 11.568528, "Longitude": -5.828826 }, "geometry": { "type": "Point", "coordinates": [ -5.828826, 11.568528 ] } },
{ "type": "Feature", "properties": { "ADM3_FR": "Farakala", "ADM2_FR": "Sikasso", "ADM1_FR": "Sikasso", "ADM0_EN": "Mali", "Population": 7588, "Total_bran": 0.0, "Country": "mali", "Filter": 1.0, "ISIBF_base": 0.009, "Latitude": 11.376968, "Longitude": -5.958921 }, "geometry": { "type": "Point", "coordinates": [ -5.958921, 11.376968 ] } },
{ "type": "Feature", "properties": { "ADM3_FR": "Doumanaba", "ADM2_FR": "Sikasso", "ADM1_FR": "Sikasso", "ADM0_EN": "Mali", "Population": 13862, "Total_bran": 0.0, "Country": "mali", "Filter": 1.0, "ISIBF_base": 0.002, "Latitude": 11.6425, "Longitude": -5.974735 }, "geometry": { "type": "Point", "coordinates": [ -5.974735, 11.6425 ] } },
{ "type": "Feature", "properties": { "ADM3_FR": "Blendio", "ADM2_FR": "Sikasso", "ADM1_FR": "Sikasso", "ADM0_EN": "Mali", "Population": 12255, "Total_bran": 0.0, "Country": "mali", "Filter": 1.0, "ISIBF_base": 0.004, "Latitude": 11.595073, "Longitude": -6.308539 }, "geometry": { "type": "Point", "coordinates": [ -6.308539, 11.595073 ] } },
{ "type": "Feature", "properties": { "ADM3_FR": "Finkolo", "ADM2_FR": "Sikasso", "ADM1_FR": "Sikasso", "ADM0_EN": "Mali", "Population": 14179, "Total_bran": 0.0, "Country": "mali", "Filter": 1.0, "ISIBF_base": 0.009, "Latitude": 11.218256, "Longitude": -5.416872 }, "geometry": { "type": "Point", "coordinates": [ -5.416872, 11.218256 ] } },
{ "type": "Feature", "properties": { "ADM3_FR": "Bolo-Fouta", "ADM2_FR": "Yanfolila", "ADM1_FR": "Sikasso", "ADM0_EN": "Mali", "Population": 4428, "Total_bran": 0.0, "Country": "mali", "Filter": 1.0, "ISIBF_base": 0.005, "Latitude": 11.154748, "Longitude": -7.812683 }, "geometry": { "type": "Point", "coordinates": [ -7.812683, 11.154748 ] } },
{ "type": "Feature", "properties": { "ADM3_FR": "Djallon-Foula", "ADM2_FR": "Yanfolila", "ADM1_FR": "Sikasso", "ADM0_EN": "Mali", "Population": 11197, "Total_bran": 0.0, "Country": "mali", "Filter": 1.0, "ISIBF_base": 0.001, "Latitude": 11.072909, "Longitude": -8.535368 }, "geometry": { "type": "Point", "coordinates": [ -8.535368, 11.072909 ] } },
{ "type": "Feature", "properties": { "ADM3_FR": "Boura", "ADM2_FR": "Yorosso", "ADM1_FR": "Sikasso", "ADM0_EN": "Mali", "Population": 62663, "Total_bran": 0.0, "Country": "mali", "Filter": 1.0, "ISIBF_base": 0.0, "Latitude": 12.435198, "Longitude": -4.522995 }, "geometry": { "type": "Point", "coordinates": [ -4.522995, 12.435198 ] } },
{ "type": "Feature", "properties": { "ADM3_FR": "Kiffosso I", "ADM2_FR": "Yorosso", "ADM1_FR": "Sikasso", "ADM0_EN": "Mali", "Population": 19438, "Total_bran": 0.0, "Country": "mali", "Filter": 1.0, "ISIBF_base": 0.001, "Latitude": 12.514351, "Longitude": -4.871873 }, "geometry": { "type": "Point", "coordinates": [ -4.871873, 12.514351 ] } },
{ "type": "Feature", "properties": { "ADM3_FR": "Koumbia", "ADM2_FR": "Yorosso", "ADM1_FR": "Sikasso", "ADM0_EN": "Mali", "Population": 71454, "Total_bran": 0.0, "Country": "mali", "Filter": 1.0, "ISIBF_base": 0.005, "Latitude": 12.653586, "Longitude": -4.660726 }, "geometry": { "type": "Point", "coordinates": [ -4.660726, 12.653586 ] } },
{ "type": "Feature", "properties": { "ADM3_FR": "Guémoukouraba", "ADM2_FR": "Kita", "ADM1_FR": "Kayes", "ADM0_EN": "Mali", "Population": 10129, "Total_bran": 0.0, "Country": "mali", "Filter": 1.0, "ISIBF_base": 0.0, "Latitude": 14.115924, "Longitude": -9.214151 }, "geometry": { "type": "Point", "coordinates": [ -9.214151, 14.115924 ] } },
{ "type": "Feature", "properties": { "ADM3_FR": "Dianguirdé", "ADM2_FR": "Diéma", "ADM1_FR": "Kayes", "ADM0_EN": "Mali", "Population": 11988, "Total_bran": 0.0, "Country": "mali", "Filter": 1.0, "ISIBF_base": 0.003, "Latitude": 14.41299, "Longitude": -8.989262 }, "geometry": { "type": "Point", "coordinates": [ -8.989262, 14.41299 ] } },
{ "type": "Feature", "properties": { "ADM3_FR": "Djiguiya De Koloni", "ADM2_FR": "Yanfolila", "ADM1_FR": "Sikasso", "ADM0_EN": "Mali", "Population": 6864, "Total_bran": 0.0, "Country": "mali", "Filter": 1.0, "ISIBF_base": 0.001, "Latitude": 11.028121, "Longitude": -7.747129 }, "geometry": { "type": "Point", "coordinates": [ -7.747129, 11.028121 ] } },
{ "type": "Feature", "properties": { "ADM3_FR": "Konobougou", "ADM2_FR": "Baraouéli", "ADM1_FR": "Ségou", "ADM0_EN": "Mali", "Population": 37236, "Total_bran": 0.0, "Country": "mali", "Filter": 1.0, "ISIBF_base": 0.011, "Latitude": 12.898827, "Longitude": -6.710238 }, "geometry": { "type": "Point", "coordinates": [ -6.710238, 12.898827 ] } },
{ "type": "Feature", "properties": { "ADM3_FR": "Kalake", "ADM2_FR": "Baraouéli", "ADM1_FR": "Ségou", "ADM0_EN": "Mali", "Population": 16509, "Total_bran": 0.0, "Country": "mali", "Filter": 1.0, "ISIBF_base": 0.014, "Latitude": 12.953207, "Longitude": -6.941968 }, "geometry": { "type": "Point", "coordinates": [ -6.941968, 12.953207 ] } },
{ "type": "Feature", "properties": { "ADM3_FR": "Baraouéli", "ADM2_FR": "Baraouéli", "ADM1_FR": "Ségou", "ADM0_EN": "Mali", "Population": 42862, "Total_bran": 1.0, "Country": "mali", "Filter": 1.0, "ISIBF_base": 0.051, "Latitude": 13.09263, "Longitude": -6.819201 }, "geometry": { "type": "Point", "coordinates": [ -6.819201, 13.09263 ] } },
{ "type": "Feature", "properties": { "ADM3_FR": "Pogo", "ADM2_FR": "Niono", "ADM1_FR": "Ségou", "ADM0_EN": "Mali", "Population": 16325, "Total_bran": 0.0, "Country": "mali", "Filter": 1.0, "ISIBF_base": 0.013, "Latitude": 13.963156, "Longitude": -5.913557 }, "geometry": { "type": "Point", "coordinates": [ -5.913557, 13.963156 ] } },
{ "type": "Feature", "properties": { "ADM3_FR": "Kava", "ADM2_FR": "San", "ADM1_FR": "Ségou", "ADM0_EN": "Mali", "Population": 18356, "Total_bran": 0.0, "Country": "mali", "Filter": 1.0, "ISIBF_base": 0.004, "Latitude": 12.83459, "Longitude": -4.907399 }, "geometry": { "type": "Point", "coordinates": [ -4.907399, 12.83459 ] } },
{ "type": "Feature", "properties": { "ADM3_FR": "Beguene", "ADM2_FR": "Bla", "ADM1_FR": "Ségou", "ADM0_EN": "Mali", "Population": 11900, "Total_bran": 0.0, "Country": "mali", "Filter": 1.0, "ISIBF_base": 0.006, "Latitude": 12.799422, "Longitude": -5.879275 }, "geometry": { "type": "Point", "coordinates": [ -5.879275, 12.799422 ] } },
{ "type": "Feature", "properties": { "ADM3_FR": "Diaramana", "ADM2_FR": "Bla", "ADM1_FR": "Ségou", "ADM0_EN": "Mali", "Population": 20053, "Total_bran": 0.0, "Country": "mali", "Filter": 1.0, "ISIBF_base": 0.008, "Latitude": 12.770862, "Longitude": -5.414562 }, "geometry": { "type": "Point", "coordinates": [ -5.414562, 12.770862 ] } },
{ "type": "Feature", "properties": { "ADM3_FR": "Dougouolo", "ADM2_FR": "Bla", "ADM1_FR": "Ségou", "ADM0_EN": "Mali", "Population": 8711, "Total_bran": 0.0, "Country": "mali", "Filter": 1.0, "ISIBF_base": 0.018, "Latitude": 12.911207, "Longitude": -5.573848 }, "geometry": { "type": "Point", "coordinates": [ -5.573848, 12.911207 ] } },
{ "type": "Feature", "properties": { "ADM3_FR": "Kazangasso", "ADM2_FR": "Bla", "ADM1_FR": "Ségou", "ADM0_EN": "Mali", "Population": 6001, "Total_bran": 0.0, "Country": "mali", "Filter": 1.0, "ISIBF_base": 0.008, "Latitude": 13.134478, "Longitude": -5.586927 }, "geometry": { "type": "Point", "coordinates": [ -5.586927, 13.134478 ] } },
{ "type": "Feature", "properties": { "ADM3_FR": "Kemeni", "ADM2_FR": "Bla", "ADM1_FR": "Ségou", "ADM0_EN": "Mali", "Population": 13422, "Total_bran": 0.0, "Country": "mali", "Filter": 1.0, "ISIBF_base": 0.009, "Latitude": 12.958381, "Longitude": -5.487231 }, "geometry": { "type": "Point", "coordinates": [ -5.487231, 12.958381 ] } },
{ "type": "Feature", "properties": { "ADM3_FR": "Niala", "ADM2_FR": "Bla", "ADM1_FR": "Ségou", "ADM0_EN": "Mali", "Population": 10262, "Total_bran": 0.0, "Country": "mali", "Filter": 1.0, "ISIBF_base": 0.015, "Latitude": 12.913406, "Longitude": -5.848244 }, "geometry": { "type": "Point", "coordinates": [ -5.848244, 12.913406 ] } },
{ "type": "Feature", "properties": { "ADM3_FR": "Somasso", "ADM2_FR": "Bla", "ADM1_FR": "Ségou", "ADM0_EN": "Mali", "Population": 10948, "Total_bran": 0.0, "Country": "mali", "Filter": 1.0, "ISIBF_base": 0.021, "Latitude": 12.842171, "Longitude": -5.651139 }, "geometry": { "type": "Point", "coordinates": [ -5.651139, 12.842171 ] } },
{ "type": "Feature", "properties": { "ADM3_FR": "Yangasso", "ADM2_FR": "Bla", "ADM1_FR": "Ségou", "ADM0_EN": "Mali", "Population": 21616, "Total_bran": 0.0, "Country": "mali", "Filter": 1.0, "ISIBF_base": 0.013, "Latitude": 13.025617, "Longitude": -5.319466 }, "geometry": { "type": "Point", "coordinates": [ -5.319466, 13.025617 ] } },
{ "type": "Feature", "properties": { "ADM3_FR": "Togou", "ADM2_FR": "Ségou", "ADM1_FR": "Ségou", "ADM0_EN": "Mali", "Population": 11061, "Total_bran": 0.0, "Country": "mali", "Filter": 1.0, "ISIBF_base": 0.032, "Latitude": 13.565555, "Longitude": -6.010337 }, "geometry": { "type": "Point", "coordinates": [ -6.010337, 13.565555 ] } },
{ "type": "Feature", "properties": { "ADM3_FR": "Soignébougou", "ADM2_FR": "Ségou", "ADM1_FR": "Ségou", "ADM0_EN": "Mali", "Population": 3099, "Total_bran": 0.0, "Country": "mali", "Filter": 1.0, "ISIBF_base": 0.022, "Latitude": 13.230981, "Longitude": -6.344544 }, "geometry": { "type": "Point", "coordinates": [ -6.344544, 13.230981 ] } },
{ "type": "Feature", "properties": { "ADM3_FR": "Sibila", "ADM2_FR": "Ségou", "ADM1_FR": "Ségou", "ADM0_EN": "Mali", "Population": 19105, "Total_bran": 0.0, "Country": "mali", "Filter": 1.0, "ISIBF_base": 0.006, "Latitude": 13.766094, "Longitude": -5.830423 }, "geometry": { "type": "Point", "coordinates": [ -5.830423, 13.766094 ] } },
{ "type": "Feature", "properties": { "ADM3_FR": "Sansanding", "ADM2_FR": "Ségou", "ADM1_FR": "Ségou", "ADM0_EN": "Mali", "Population": 23399, "Total_bran": 0.0, "Country": "mali", "Filter": 1.0, "ISIBF_base": 0.025, "Latitude": 13.776151, "Longitude": -5.991961 }, "geometry": { "type": "Point", "coordinates": [ -5.991961, 13.776151 ] } },
{ "type": "Feature", "properties": { "ADM3_FR": "N'koumandougou", "ADM2_FR": "Ségou", "ADM1_FR": "Ségou", "ADM0_EN": "Mali", "Population": 13656, "Total_bran": 0.0, "Country": "mali", "Filter": 1.0, "ISIBF_base": 0.003, "Latitude": 13.930765, "Longitude": -6.391128 }, "geometry": { "type": "Point", "coordinates": [ -6.391128, 13.930765 ] } },
{ "type": "Feature", "properties": { "ADM3_FR": "Massala", "ADM2_FR": "Ségou", "ADM1_FR": "Ségou", "ADM0_EN": "Mali", "Population": 47951, "Total_bran": 0.0, "Country": "mali", "Filter": 1.0, "ISIBF_base": 0.012, "Latitude": 13.235053, "Longitude": -6.499399 }, "geometry": { "type": "Point", "coordinates": [ -6.499399, 13.235053 ] } },
{ "type": "Feature", "properties": { "ADM3_FR": "Kourouba", "ADM2_FR": "Kati", "ADM1_FR": "Koulikoro", "ADM0_EN": "Mali", "Population": 5829, "Total_bran": 0.0, "Country": "mali", "Filter": 1.0, "ISIBF_base": 0.005, "Latitude": 12.031171, "Longitude": -8.242681 }, "geometry": { "type": "Point", "coordinates": [ -8.242681, 12.031171 ] } },
{ "type": "Feature", "properties": { "ADM3_FR": "Bancoumana", "ADM2_FR": "Kati", "ADM1_FR": "Koulikoro", "ADM0_EN": "Mali", "Population": 23577, "Total_bran": 0.0, "Country": "mali", "Filter": 1.0, "ISIBF_base": 0.003, "Latitude": 12.188174, "Longitude": -8.348785 }, "geometry": { "type": "Point", "coordinates": [ -8.348785, 12.188174 ] } },
{ "type": "Feature", "properties": { "ADM3_FR": "Niagadina", "ADM2_FR": "Kati", "ADM1_FR": "Koulikoro", "ADM0_EN": "Mali", "Population": 10442, "Total_bran": 0.0, "Country": "mali", "Filter": 1.0, "ISIBF_base": 0.003, "Latitude": 12.118539, "Longitude": -8.23006 }, "geometry": { "type": "Point", "coordinates": [ -8.23006, 12.118539 ] } },
{ "type": "Feature", "properties": { "ADM3_FR": "Boussin", "ADM2_FR": "Ségou", "ADM1_FR": "Ségou", "ADM0_EN": "Mali", "Population": 11504, "Total_bran": 0.0, "Country": "mali", "Filter": 1.0, "ISIBF_base": 0.028, "Latitude": 13.49871, "Longitude": -6.000268 }, "geometry": { "type": "Point", "coordinates": [ -6.000268, 13.49871 ] } },
{ "type": "Feature", "properties": { "ADM3_FR": "Baguindabougou", "ADM2_FR": "Ségou", "ADM1_FR": "Ségou", "ADM0_EN": "Mali", "Population": 10391, "Total_bran": 0.0, "Country": "mali", "Filter": 1.0, "ISIBF_base": 0.021, "Latitude": 13.689149, "Longitude": -6.310858 }, "geometry": { "type": "Point", "coordinates": [ -6.310858, 13.689149 ] } },
{ "type": "Feature", "properties": { "ADM3_FR": "Ouro Ali", "ADM2_FR": "Djenné", "ADM1_FR": "Mopti", "ADM0_EN": "Mali", "Population": 10826, "Total_bran": 0.0, "Country": "mali", "Filter": 1.0, "ISIBF_base": 0.009, "Latitude": 13.995796, "Longitude": -4.593964 }, "geometry": { "type": "Point", "coordinates": [ -4.593964, 13.995796 ] } },
{ "type": "Feature", "properties": { "ADM3_FR": "Dandougou Fakala", "ADM2_FR": "Djenné", "ADM1_FR": "Mopti", "ADM0_EN": "Mali", "Population": 9410, "Total_bran": 0.0, "Country": "mali", "Filter": 1.0, "ISIBF_base": 0.009, "Latitude": 13.72051, "Longitude": -4.499758 }, "geometry": { "type": "Point", "coordinates": [ -4.499758, 13.72051 ] } },
{ "type": "Feature", "properties": { "ADM3_FR": "Pétaka", "ADM2_FR": "Douentza", "ADM1_FR": "Mopti", "ADM0_EN": "Mali", "Population": 5553, "Total_bran": 0.0, "Country": "mali", "Filter": 1.0, "ISIBF_base": 0.008, "Latitude": 15.071598, "Longitude": -2.792658 }, "geometry": { "type": "Point", "coordinates": [ -2.792658, 15.071598 ] } },
{ "type": "Feature", "properties": { "ADM3_FR": "Koubéwel Koundia", "ADM2_FR": "Douentza", "ADM1_FR": "Mopti", "ADM0_EN": "Mali", "Population": 13180, "Total_bran": 0.0, "Country": "mali", "Filter": 1.0, "ISIBF_base": 0.008, "Latitude": 15.000607, "Longitude": -3.097726 }, "geometry": { "type": "Point", "coordinates": [ -3.097726, 15.000607 ] } },
{ "type": "Feature", "properties": { "ADM3_FR": "Dallah", "ADM2_FR": "Douentza", "ADM1_FR": "Mopti", "ADM0_EN": "Mali", "Population": 8103, "Total_bran": 0.0, "Country": "mali", "Filter": 1.0, "ISIBF_base": 0.001, "Latitude": 14.972948, "Longitude": -2.591155 }, "geometry": { "type": "Point", "coordinates": [ -2.591155, 14.972948 ] } },
{ "type": "Feature", "properties": { "ADM3_FR": "Kounari", "ADM2_FR": "Mopti", "ADM1_FR": "Mopti", "ADM0_EN": "Mali", "Population": 15487, "Total_bran": 0.0, "Country": "mali", "Filter": 1.0, "ISIBF_base": 0.011, "Latitude": 14.707515, "Longitude": -3.982308 }, "geometry": { "type": "Point", "coordinates": [ -3.982308, 14.707515 ] } },
{ "type": "Feature", "properties": { "ADM3_FR": "Fatoma", "ADM2_FR": "Mopti", "ADM1_FR": "Mopti", "ADM0_EN": "Mali", "Population": 14910, "Total_bran": 0.0, "Country": "mali", "Filter": 1.0, "ISIBF_base": 0.024, "Latitude": 14.616908, "Longitude": -3.989561 }, "geometry": { "type": "Point", "coordinates": [ -3.989561, 14.616908 ] } },
{ "type": "Feature", "properties": { "ADM3_FR": "Dialloube", "ADM2_FR": "Mopti", "ADM1_FR": "Mopti", "ADM0_EN": "Mali", "Population": 30948, "Total_bran": 0.0, "Country": "mali", "Filter": 1.0, "ISIBF_base": 0.002, "Latitude": 14.940955, "Longitude": -4.195619 }, "geometry": { "type": "Point", "coordinates": [ -4.195619, 14.940955 ] } },
{ "type": "Feature", "properties": { "ADM3_FR": "Borondougou", "ADM2_FR": "Mopti", "ADM1_FR": "Mopti", "ADM0_EN": "Mali", "Population": 8070, "Total_bran": 0.0, "Country": "mali", "Filter": 1.0, "ISIBF_base": 0.004, "Latitude": 14.815738, "Longitude": -3.995401 }, "geometry": { "type": "Point", "coordinates": [ -3.995401, 14.815738 ] } },
{ "type": "Feature", "properties": { "ADM3_FR": "Bassirou", "ADM2_FR": "Mopti", "ADM1_FR": "Mopti", "ADM0_EN": "Mali", "Population": 1718, "Total_bran": 0.0, "Country": "mali", "Filter": 1.0, "ISIBF_base": 0.015, "Latitude": 14.695552, "Longitude": -4.016932 }, "geometry": { "type": "Point", "coordinates": [ -4.016932, 14.695552 ] } },
{ "type": "Feature", "properties": { "ADM3_FR": "Kola", "ADM2_FR": "Bougouni", "ADM1_FR": "Sikasso", "ADM0_EN": "Mali", "Population": 4488, "Total_bran": 0.0, "Country": "mali", "Filter": 1.0, "ISIBF_base": 0.044, "Latitude": 11.380558, "Longitude": -7.404807 }, "geometry": { "type": "Point", "coordinates": [ -7.404807, 11.380558 ] } },
{ "type": "Feature", "properties": { "ADM3_FR": "Sanankoroba", "ADM2_FR": "Kati", "ADM1_FR": "Koulikoro", "ADM0_EN": "Mali", "Population": 37361, "Total_bran": 0.0, "Country": "mali", "Filter": 1.0, "ISIBF_base": 0.117, "Latitude": 12.367287, "Longitude": -7.991312 }, "geometry": { "type": "Point", "coordinates": [ -7.991312, 12.367287 ] } },
{ "type": "Feature", "properties": { "ADM3_FR": "Youdiou", "ADM2_FR": "Koro", "ADM1_FR": "Mopti", "ADM0_EN": "Mali", "Population": 16478, "Total_bran": 0.0, "Country": "mali", "Filter": 1.0, "ISIBF_base": 0.001, "Latitude": 14.243848, "Longitude": -3.178348 }, "geometry": { "type": "Point", "coordinates": [ -3.178348, 14.243848 ] } },
{ "type": "Feature", "properties": { "ADM3_FR": "Pel Maoude", "ADM2_FR": "Koro", "ADM1_FR": "Mopti", "ADM0_EN": "Mali", "Population": 13659, "Total_bran": 0.0, "Country": "mali", "Filter": 1.0, "ISIBF_base": 0.001, "Latitude": 14.063124, "Longitude": -3.299716 }, "geometry": { "type": "Point", "coordinates": [ -3.299716, 14.063124 ] } },
{ "type": "Feature", "properties": { "ADM3_FR": "Wadouba", "ADM2_FR": "Bandiagara", "ADM1_FR": "Mopti", "ADM0_EN": "Mali", "Population": 27859, "Total_bran": 0.0, "Country": "mali", "Filter": 1.0, "ISIBF_base": 0.004, "Latitude": 14.535337, "Longitude": -3.38083 }, "geometry": { "type": "Point", "coordinates": [ -3.38083, 14.535337 ] } },
{ "type": "Feature", "properties": { "ADM3_FR": "Pélou", "ADM2_FR": "Bandiagara", "ADM1_FR": "Mopti", "ADM0_EN": "Mali", "Population": 4347, "Total_bran": 0.0, "Country": "mali", "Filter": 1.0, "ISIBF_base": 0.02, "Latitude": 14.355679, "Longitude": -3.453569 }, "geometry": { "type": "Point", "coordinates": [ -3.453569, 14.355679 ] } },
{ "type": "Feature", "properties": { "ADM3_FR": "Ondougou", "ADM2_FR": "Bandiagara", "ADM1_FR": "Mopti", "ADM0_EN": "Mali", "Population": 5657, "Total_bran": 0.0, "Country": "mali", "Filter": 1.0, "ISIBF_base": 0.001, "Latitude": 14.66835, "Longitude": -3.213991 }, "geometry": { "type": "Point", "coordinates": [ -3.213991, 14.66835 ] } },
{ "type": "Feature", "properties": { "ADM3_FR": "Métoumou", "ADM2_FR": "Bandiagara", "ADM1_FR": "Mopti", "ADM0_EN": "Mali", "Population": 14016, "Total_bran": 0.0, "Country": "mali", "Filter": 1.0, "ISIBF_base": 0.002, "Latitude": 14.767948, "Longitude": -3.115162 }, "geometry": { "type": "Point", "coordinates": [ -3.115162, 14.767948 ] } },
{ "type": "Feature", "properties": { "ADM3_FR": "Kendé", "ADM2_FR": "Bandiagara", "ADM1_FR": "Mopti", "ADM0_EN": "Mali", "Population": 3726, "Total_bran": 0.0, "Country": "mali", "Filter": 1.0, "ISIBF_base": 0.0, "Latitude": 14.754236, "Longitude": -3.405256 }, "geometry": { "type": "Point", "coordinates": [ -3.405256, 14.754236 ] } },
{ "type": "Feature", "properties": { "ADM3_FR": "Doucoumbo", "ADM2_FR": "Bandiagara", "ADM1_FR": "Mopti", "ADM0_EN": "Mali", "Population": 20835, "Total_bran": 0.0, "Country": "mali", "Filter": 1.0, "ISIBF_base": 0.012, "Latitude": 14.373423, "Longitude": -3.667032 }, "geometry": { "type": "Point", "coordinates": [ -3.667032, 14.373423 ] } },
{ "type": "Feature", "properties": { "ADM3_FR": "Borko", "ADM2_FR": "Bandiagara", "ADM1_FR": "Mopti", "ADM0_EN": "Mali", "Population": 7031, "Total_bran": 0.0, "Country": "mali", "Filter": 1.0, "ISIBF_base": 0.0, "Latitude": 14.974497, "Longitude": -3.379409 }, "geometry": { "type": "Point", "coordinates": [ -3.379409, 14.974497 ] } },
{ "type": "Feature", "properties": { "ADM3_FR": "Kalabancoro", "ADM2_FR": "Kati", "ADM1_FR": "Koulikoro", "ADM0_EN": "Mali", "Population": 161882, "Total_bran": 5.0, "Country": "mali", "Filter": 1.0, "ISIBF_base": 0.624, "Latitude": 12.526366, "Longitude": -7.9505 }, "geometry": { "type": "Point", "coordinates": [ -7.9505, 12.526366 ] } },
{ "type": "Feature", "properties": { "ADM3_FR": "Dogodouman", "ADM2_FR": "Kati", "ADM1_FR": "Koulikoro", "ADM0_EN": "Mali", "Population": 11784, "Total_bran": 0.0, "Country": "mali", "Filter": 1.0, "ISIBF_base": 0.644, "Latitude": 12.655733, "Longitude": -8.071465 }, "geometry": { "type": "Point", "coordinates": [ -8.071465, 12.655733 ] } },
{ "type": "Feature", "properties": { "ADM3_FR": "Commune IV", "ADM2_FR": "Bamako", "ADM1_FR": "Bamako", "ADM0_EN": "Mali", "Population": 304526, "Total_bran": 32.0, "Country": "mali", "Filter": 1.0, "ISIBF_base": 0.86, "Latitude": 12.613643, "Longitude": -8.0461 }, "geometry": { "type": "Point", "coordinates": [ -8.0461, 12.613643 ] } },
{ "type": "Feature", "properties": { "ADM3_FR": "Commune III", "ADM2_FR": "Bamako", "ADM1_FR": "Bamako", "ADM0_EN": "Mali", "Population": 128666, "Total_bran": 53.0, "Country": "mali", "Filter": 1.0, "ISIBF_base": 0.982, "Latitude": 12.656482, "Longitude": -8.009193 }, "geometry": { "type": "Point", "coordinates": [ -8.009193, 12.656482 ] } },
{ "type": "Feature", "properties": { "ADM3_FR": "Commune II", "ADM2_FR": "Bamako", "ADM1_FR": "Bamako", "ADM0_EN": "Mali", "Population": 159360, "Total_bran": 27.0, "Country": "mali", "Filter": 1.0, "ISIBF_base": 1.0, "Latitude": 12.648338, "Longitude": -7.975536 }, "geometry": { "type": "Point", "coordinates": [ -7.975536, 12.648338 ] } },
{ "type": "Feature", "properties": { "ADM3_FR": "Commune VI", "ADM2_FR": "Bamako", "ADM1_FR": "Bamako", "ADM0_EN": "Mali", "Population": 469662, "Total_bran": 33.0, "Country": "mali", "Filter": 1.0, "ISIBF_base": 0.836, "Latitude": 12.571904, "Longitude": -7.948949 }, "geometry": { "type": "Point", "coordinates": [ -7.948949, 12.571904 ] } },
{ "type": "Feature", "properties": { "ADM3_FR": "Guégnéka", "ADM2_FR": "Dioila", "ADM1_FR": "Koulikoro", "ADM0_EN": "Mali", "Population": 48041, "Total_bran": 3.0, "Country": "mali", "Filter": 1.0, "ISIBF_base": 0.105, "Latitude": 12.718146, "Longitude": -6.960671 }, "geometry": { "type": "Point", "coordinates": [ -6.960671, 12.718146 ] } },
{ "type": "Feature", "properties": { "ADM3_FR": "Tiongui", "ADM2_FR": "Kolondieba", "ADM1_FR": "Sikasso", "ADM0_EN": "Mali", "Population": 9193, "Total_bran": 0.0, "Country": "mali", "Filter": 1.0, "ISIBF_base": 0.002, "Latitude": 10.760682, "Longitude": -6.35069 }, "geometry": { "type": "Point", "coordinates": [ -6.35069, 10.760682 ] } },
{ "type": "Feature", "properties": { "ADM3_FR": "Loulouni", "ADM2_FR": "Kadiolo", "ADM1_FR": "Sikasso", "ADM0_EN": "Mali", "Population": 41086, "Total_bran": 0.0, "Country": "mali", "Filter": 1.0, "ISIBF_base": 0.003, "Latitude": 10.804649, "Longitude": -5.639387 }, "geometry": { "type": "Point", "coordinates": [ -5.639387, 10.804649 ] } },
{ "type": "Feature", "properties": { "ADM3_FR": "Fourou", "ADM2_FR": "Kadiolo", "ADM1_FR": "Sikasso", "ADM0_EN": "Mali", "Population": 41543, "Total_bran": 1.0, "Country": "mali", "Filter": 1.0, "ISIBF_base": 0.051, "Latitude": 10.704357, "Longitude": -6.071656 }, "geometry": { "type": "Point", "coordinates": [ -6.071656, 10.704357 ] } },
{ "type": "Feature", "properties": { "ADM3_FR": "Kaladougou", "ADM2_FR": "Dioila", "ADM1_FR": "Koulikoro", "ADM0_EN": "Mali", "Population": 39171, "Total_bran": 2.0, "Country": "mali", "Filter": 1.0, "ISIBF_base": 0.085, "Latitude": 12.505902, "Longitude": -6.851196 }, "geometry": { "type": "Point", "coordinates": [ -6.851196, 12.505902 ] } },
{ "type": "Feature", "properties": { "ADM3_FR": "Diamnati", "ADM2_FR": "Bandiagara", "ADM1_FR": "Mopti", "ADM0_EN": "Mali", "Population": 13148, "Total_bran": 0.0, "Country": "mali", "Filter": 1.0, "ISIBF_base": 0.001, "Latitude": 14.826412, "Longitude": -3.247562 }, "geometry": { "type": "Point", "coordinates": [ -3.247562, 14.826412 ] } },
{ "type": "Feature", "properties": { "ADM3_FR": "Gounfan", "ADM2_FR": "Bafoulabe", "ADM1_FR": "Kayes", "ADM0_EN": "Mali", "Population": 6998, "Total_bran": 0.0, "Country": "mali", "Filter": 1.0, "ISIBF_base": 0.004, "Latitude": 13.429586, "Longitude": -11.047191 }, "geometry": { "type": "Point", "coordinates": [ -11.047191, 13.429586 ] } },
{ "type": "Feature", "properties": { "ADM3_FR": "Finkolo Ganadougou", "ADM2_FR": "Sikasso", "ADM1_FR": "Sikasso", "ADM0_EN": "Mali", "Population": 17333, "Total_bran": 0.0, "Country": "mali", "Filter": 1.0, "ISIBF_base": 0.002, "Latitude": 11.127181, "Longitude": -6.241296 }, "geometry": { "type": "Point", "coordinates": [ -6.241296, 11.127181 ] } },
{ "type": "Feature", "properties": { "ADM3_FR": "Lobougoula", "ADM2_FR": "Sikasso", "ADM1_FR": "Sikasso", "ADM0_EN": "Mali", "Population": 31218, "Total_bran": 0.0, "Country": "mali", "Filter": 1.0, "ISIBF_base": 0.003, "Latitude": 11.000455, "Longitude": -5.98822 }, "geometry": { "type": "Point", "coordinates": [ -5.98822, 11.000455 ] } },
{ "type": "Feature", "properties": { "ADM3_FR": "Nangalasso", "ADM2_FR": "Kolondieba", "ADM1_FR": "Sikasso", "ADM0_EN": "Mali", "Population": 11684, "Total_bran": 0.0, "Country": "mali", "Filter": 1.0, "ISIBF_base": 0.001, "Latitude": 10.96772, "Longitude": -6.368728 }, "geometry": { "type": "Point", "coordinates": [ -6.368728, 10.96772 ] } },
{ "type": "Feature", "properties": { "ADM3_FR": "Fion", "ADM2_FR": "San", "ADM1_FR": "Ségou", "ADM0_EN": "Mali", "Population": 6504, "Total_bran": 0.0, "Country": "mali", "Filter": 1.0, "ISIBF_base": 0.01, "Latitude": 13.44606, "Longitude": -4.723766 }, "geometry": { "type": "Point", "coordinates": [ -4.723766, 13.44606 ] } },
{ "type": "Feature", "properties": { "ADM3_FR": "Niansanari", "ADM2_FR": "Djenné", "ADM1_FR": "Mopti", "ADM0_EN": "Mali", "Population": 4743, "Total_bran": 0.0, "Country": "mali", "Filter": 1.0, "ISIBF_base": 0.004, "Latitude": 13.665565, "Longitude": -4.6176 }, "geometry": { "type": "Point", "coordinates": [ -4.6176, 13.665565 ] } },
{ "type": "Feature", "properties": { "ADM3_FR": "Soye", "ADM2_FR": "Mopti", "ADM1_FR": "Mopti", "ADM0_EN": "Mali", "Population": 21223, "Total_bran": 0.0, "Country": "mali", "Filter": 1.0, "ISIBF_base": 0.007, "Latitude": 14.216544, "Longitude": -4.313776 }, "geometry": { "type": "Point", "coordinates": [ -4.313776, 14.216544 ] } },
{ "type": "Feature", "properties": { "ADM3_FR": "Femaye", "ADM2_FR": "Djenné", "ADM1_FR": "Mopti", "ADM0_EN": "Mali", "Population": 16324, "Total_bran": 0.0, "Country": "mali", "Filter": 1.0, "ISIBF_base": 0.007, "Latitude": 13.987453, "Longitude": -4.367771 }, "geometry": { "type": "Point", "coordinates": [ -4.367771, 13.987453 ] } },
{ "type": "Feature", "properties": { "ADM3_FR": "Koundian", "ADM2_FR": "Bafoulabe", "ADM1_FR": "Kayes", "ADM0_EN": "Mali", "Population": 13857, "Total_bran": 0.0, "Country": "mali", "Filter": 1.0, "ISIBF_base": 0.003, "Latitude": 13.046475, "Longitude": -10.725842 }, "geometry": { "type": "Point", "coordinates": [ -10.725842, 13.046475 ] } },
{ "type": "Feature", "properties": { "ADM3_FR": "Mahina", "ADM2_FR": "Bafoulabe", "ADM1_FR": "Kayes", "ADM0_EN": "Mali", "Population": 25902, "Total_bran": 2.0, "Country": "mali", "Filter": 1.0, "ISIBF_base": 0.08, "Latitude": 13.606163, "Longitude": -10.781732 }, "geometry": { "type": "Point", "coordinates": [ -10.781732, 13.606163 ] } },
{ "type": "Feature", "properties": { "ADM3_FR": "Zaniena", "ADM2_FR": "Sikasso", "ADM1_FR": "Sikasso", "ADM0_EN": "Mali", "Population": 7118, "Total_bran": 0.0, "Country": "mali", "Filter": 1.0, "ISIBF_base": 0.01, "Latitude": 11.251069, "Longitude": -6.411499 }, "geometry": { "type": "Point", "coordinates": [ -6.411499, 11.251069 ] } },
{ "type": "Feature", "properties": { "ADM3_FR": "Miniko", "ADM2_FR": "Sikasso", "ADM1_FR": "Sikasso", "ADM0_EN": "Mali", "Population": 3293, "Total_bran": 0.0, "Country": "mali", "Filter": 1.0, "ISIBF_base": 0.005, "Latitude": 11.180731, "Longitude": -6.356887 }, "geometry": { "type": "Point", "coordinates": [ -6.356887, 11.180731 ] } },
{ "type": "Feature", "properties": { "ADM3_FR": "Tousseguela", "ADM2_FR": "Kolondieba", "ADM1_FR": "Sikasso", "ADM0_EN": "Mali", "Population": 5547, "Total_bran": 0.0, "Country": "mali", "Filter": 1.0, "ISIBF_base": 0.0, "Latitude": 11.018425, "Longitude": -6.581702 }, "geometry": { "type": "Point", "coordinates": [ -6.581702, 11.018425 ] } },
{ "type": "Feature", "properties": { "ADM3_FR": "Kolosso", "ADM2_FR": "Kolondieba", "ADM1_FR": "Sikasso", "ADM0_EN": "Mali", "Population": 6200, "Total_bran": 0.0, "Country": "mali", "Filter": 1.0, "ISIBF_base": 0.002, "Latitude": 11.171204, "Longitude": -6.529546 }, "geometry": { "type": "Point", "coordinates": [ -6.529546, 11.171204 ] } },
{ "type": "Feature", "properties": { "ADM3_FR": "Kobri", "ADM2_FR": "Kita", "ADM1_FR": "Kayes", "ADM0_EN": "Mali", "Population": 15204, "Total_bran": 0.0, "Country": "mali", "Filter": 1.0, "ISIBF_base": 0.002, "Latitude": 13.065006, "Longitude": -10.035245 }, "geometry": { "type": "Point", "coordinates": [ -10.035245, 13.065006 ] } },
{ "type": "Feature", "properties": { "ADM3_FR": "Diokeli", "ADM2_FR": "Bafoulabe", "ADM1_FR": "Kayes", "ADM0_EN": "Mali", "Population": 13097, "Total_bran": 0.0, "Country": "mali", "Filter": 1.0, "ISIBF_base": 0.004, "Latitude": 13.310346, "Longitude": -10.661725 }, "geometry": { "type": "Point", "coordinates": [ -10.661725, 13.310346 ] } },
{ "type": "Feature", "properties": { "ADM3_FR": "Koumantou", "ADM2_FR": "Bougouni", "ADM1_FR": "Sikasso", "ADM0_EN": "Mali", "Population": 51209, "Total_bran": 0.0, "Country": "mali", "Filter": 1.0, "ISIBF_base": 0.003, "Latitude": 11.460006, "Longitude": -6.794525 }, "geometry": { "type": "Point", "coordinates": [ -6.794525, 11.460006 ] } },
{ "type": "Feature", "properties": { "ADM3_FR": "Débélin", "ADM2_FR": "Bougouni", "ADM1_FR": "Sikasso", "ADM0_EN": "Mali", "Population": 8281, "Total_bran": 0.0, "Country": "mali", "Filter": 1.0, "ISIBF_base": 0.004, "Latitude": 11.612081, "Longitude": -7.032168 }, "geometry": { "type": "Point", "coordinates": [ -7.032168, 11.612081 ] } },
{ "type": "Feature", "properties": { "ADM3_FR": "San", "ADM2_FR": "San", "ADM1_FR": "Ségou", "ADM0_EN": "Mali", "Population": 66967, "Total_bran": 4.0, "Country": "mali", "Filter": 1.0, "ISIBF_base": 0.115, "Latitude": 13.306777, "Longitude": -4.899478 }, "geometry": { "type": "Point", "coordinates": [ -4.899478, 13.306777 ] } },
{ "type": "Feature", "properties": { "ADM3_FR": "Djidian", "ADM2_FR": "Kita", "ADM1_FR": "Kayes", "ADM0_EN": "Mali", "Population": 16392, "Total_bran": 0.0, "Country": "mali", "Filter": 1.0, "ISIBF_base": 0.009, "Latitude": 13.252643, "Longitude": -9.38255 }, "geometry": { "type": "Point", "coordinates": [ -9.38255, 13.252643 ] } },
{ "type": "Feature", "properties": { "ADM3_FR": "Sébékoro", "ADM2_FR": "Kita", "ADM1_FR": "Kayes", "ADM0_EN": "Mali", "Population": 32815, "Total_bran": 0.0, "Country": "mali", "Filter": 1.0, "ISIBF_base": 0.002, "Latitude": 13.096216, "Longitude": -9.097536 }, "geometry": { "type": "Point", "coordinates": [ -9.097536, 13.096216 ] } },
{ "type": "Feature", "properties": { "ADM3_FR": "Wola", "ADM2_FR": "Bougouni", "ADM1_FR": "Sikasso", "ADM0_EN": "Mali", "Population": 11382, "Total_bran": 0.0, "Country": "mali", "Filter": 1.0, "ISIBF_base": 0.008, "Latitude": 11.678136, "Longitude": -6.645626 }, "geometry": { "type": "Point", "coordinates": [ -6.645626, 11.678136 ] } },
{ "type": "Feature", "properties": { "ADM3_FR": "Massigui", "ADM2_FR": "Dioila", "ADM1_FR": "Koulikoro", "ADM0_EN": "Mali", "Population": 54252, "Total_bran": 0.0, "Country": "mali", "Filter": 1.0, "ISIBF_base": 0.004, "Latitude": 11.930879, "Longitude": -6.744197 }, "geometry": { "type": "Point", "coordinates": [ -6.744197, 11.930879 ] } },
{ "type": "Feature", "properties": { "ADM3_FR": "Waténi", "ADM2_FR": "Sikasso", "ADM1_FR": "Sikasso", "ADM0_EN": "Mali", "Population": 6207, "Total_bran": 0.0, "Country": "mali", "Filter": 1.0, "ISIBF_base": 0.005, "Latitude": 11.525951, "Longitude": -6.503991 }, "geometry": { "type": "Point", "coordinates": [ -6.503991, 11.525951 ] } },
{ "type": "Feature", "properties": { "ADM3_FR": "Benkadi Founia", "ADM2_FR": "Kita", "ADM1_FR": "Kayes", "ADM0_EN": "Mali", "Population": 9284, "Total_bran": 0.0, "Country": "mali", "Filter": 1.0, "ISIBF_base": 0.029, "Latitude": 12.893379, "Longitude": -9.480482 }, "geometry": { "type": "Point", "coordinates": [ -9.480482, 12.893379 ] } },
{ "type": "Feature", "properties": { "ADM3_FR": "Senko", "ADM2_FR": "Kita", "ADM1_FR": "Kayes", "ADM0_EN": "Mali", "Population": 8281, "Total_bran": 0.0, "Country": "mali", "Filter": 1.0, "ISIBF_base": 0.005, "Latitude": 12.833512, "Longitude": -9.277266 }, "geometry": { "type": "Point", "coordinates": [ -9.277266, 12.833512 ] } },
{ "type": "Feature", "properties": { "ADM3_FR": "Tambaga", "ADM2_FR": "Kita", "ADM1_FR": "Kayes", "ADM0_EN": "Mali", "Population": 75307, "Total_bran": 0.0, "Country": "mali", "Filter": 1.0, "ISIBF_base": 0.009, "Latitude": 13.004683, "Longitude": -9.826026 }, "geometry": { "type": "Point", "coordinates": [ -9.826026, 13.004683 ] } },
{ "type": "Feature", "properties": { "ADM3_FR": "Toukoto", "ADM2_FR": "Kita", "ADM1_FR": "Kayes", "ADM0_EN": "Mali", "Population": 6962, "Total_bran": 0.0, "Country": "mali", "Filter": 1.0, "ISIBF_base": 0.001, "Latitude": 13.363645, "Longitude": -9.824466 }, "geometry": { "type": "Point", "coordinates": [ -9.824466, 13.363645 ] } },
{ "type": "Feature", "properties": { "ADM3_FR": "Commune I", "ADM2_FR": "Bamako", "ADM1_FR": "Bamako", "ADM0_EN": "Mali", "Population": 334886, "Total_bran": 14.0, "Country": "mali", "Filter": 1.0, "ISIBF_base": 0.828, "Latitude": 12.669737, "Longitude": -7.943464 }, "geometry": { "type": "Point", "coordinates": [ -7.943464, 12.669737 ] } },
{ "type": "Feature", "properties": { "ADM3_FR": "Sony Aliber", "ADM2_FR": "Gao", "ADM1_FR": "Gao", "ADM0_EN": "Mali", "Population": 47618, "Total_bran": 0.0, "Country": "mali", "Filter": 1.0, "ISIBF_base": 0.01, "Latitude": 16.494173, "Longitude": -0.089526 }, "geometry": { "type": "Point", "coordinates": [ -0.089526, 16.494173 ] } },
{ "type": "Feature", "properties": { "ADM3_FR": "Gabéro", "ADM2_FR": "Gao", "ADM1_FR": "Gao", "ADM0_EN": "Mali", "Population": 25621, "Total_bran": 0.0, "Country": "mali", "Filter": 1.0, "ISIBF_base": 0.003, "Latitude": 15.97034, "Longitude": 0.139536 }, "geometry": { "type": "Point", "coordinates": [ 0.139536, 15.97034 ] } },
{ "type": "Feature", "properties": { "ADM3_FR": "Gounzoureye", "ADM2_FR": "Gao", "ADM1_FR": "Gao", "ADM0_EN": "Mali", "Population": 27249, "Total_bran": 0.0, "Country": "mali", "Filter": 1.0, "ISIBF_base": 0.077, "Latitude": 16.217746, "Longitude": -0.001505 }, "geometry": { "type": "Point", "coordinates": [ -0.001505, 16.217746 ] } },
{ "type": "Feature", "properties": { "ADM3_FR": "Bendougouba", "ADM2_FR": "Kita", "ADM1_FR": "Kayes", "ADM0_EN": "Mali", "Population": 11925, "Total_bran": 0.0, "Country": "mali", "Filter": 1.0, "ISIBF_base": 0.027, "Latitude": 13.040096, "Longitude": -9.346641 }, "geometry": { "type": "Point", "coordinates": [ -9.346641, 13.040096 ] } },
{ "type": "Feature", "properties": { "ADM3_FR": "Boudofo", "ADM2_FR": "Kita", "ADM1_FR": "Kayes", "ADM0_EN": "Mali", "Population": 4477, "Total_bran": 0.0, "Country": "mali", "Filter": 1.0, "ISIBF_base": 0.029, "Latitude": 13.153878, "Longitude": -9.60114 }, "geometry": { "type": "Point", "coordinates": [ -9.60114, 13.153878 ] } },
{ "type": "Feature", "properties": { "ADM3_FR": "Kita Ouest", "ADM2_FR": "Kita", "ADM1_FR": "Kayes", "ADM0_EN": "Mali", "Population": 16762, "Total_bran": 1.0, "Country": "mali", "Filter": 1.0, "ISIBF_base": 0.072, "Latitude": 13.010872, "Longitude": -9.634106 }, "geometry": { "type": "Point", "coordinates": [ -9.634106, 13.010872 ] } },
{ "type": "Feature", "properties": { "ADM3_FR": "Doumba", "ADM2_FR": "Koulikoro", "ADM1_FR": "Koulikoro", "ADM0_EN": "Mali", "Population": 7463, "Total_bran": 0.0, "Country": "mali", "Filter": 1.0, "ISIBF_base": 0.005, "Latitude": 13.125165, "Longitude": -7.568199 }, "geometry": { "type": "Point", "coordinates": [ -7.568199, 13.125165 ] } },
{ "type": "Feature", "properties": { "ADM3_FR": "Yélékedougou", "ADM2_FR": "Kati", "ADM1_FR": "Koulikoro", "ADM0_EN": "Mali", "Population": 12780, "Total_bran": 0.0, "Country": "mali", "Filter": 1.0, "ISIBF_base": 0.043, "Latitude": 12.985563, "Longitude": -7.998662 }, "geometry": { "type": "Point", "coordinates": [ -7.998662, 12.985563 ] } },
{ "type": "Feature", "properties": { "ADM3_FR": "N'garadougou", "ADM2_FR": "Dioila", "ADM1_FR": "Koulikoro", "ADM0_EN": "Mali", "Population": 15593, "Total_bran": 0.0, "Country": "mali", "Filter": 1.0, "ISIBF_base": 0.015, "Latitude": 12.365386, "Longitude": -6.939598 }, "geometry": { "type": "Point", "coordinates": [ -6.939598, 12.365386 ] } },
{ "type": "Feature", "properties": { "ADM3_FR": "Baguinéda Camp", "ADM2_FR": "Kati", "ADM1_FR": "Koulikoro", "ADM0_EN": "Mali", "Population": 51821, "Total_bran": 3.0, "Country": "mali", "Filter": 1.0, "ISIBF_base": 0.16, "Latitude": 12.635524, "Longitude": -7.645846 }, "geometry": { "type": "Point", "coordinates": [ -7.645846, 12.635524 ] } },
{ "type": "Feature", "properties": { "ADM3_FR": "Tienfala", "ADM2_FR": "Koulikoro", "ADM1_FR": "Koulikoro", "ADM0_EN": "Mali", "Population": 6988, "Total_bran": 0.0, "Country": "mali", "Filter": 1.0, "ISIBF_base": 0.089, "Latitude": 12.845377, "Longitude": -7.762648 }, "geometry": { "type": "Point", "coordinates": [ -7.762648, 12.845377 ] } },
{ "type": "Feature", "properties": { "ADM3_FR": "Gouendo", "ADM2_FR": "Baraouéli", "ADM1_FR": "Ségou", "ADM0_EN": "Mali", "Population": 10588, "Total_bran": 0.0, "Country": "mali", "Filter": 1.0, "ISIBF_base": 0.005, "Latitude": 12.799721, "Longitude": -6.432806 }, "geometry": { "type": "Point", "coordinates": [ -6.432806, 12.799721 ] } },
{ "type": "Feature", "properties": { "ADM3_FR": "Falo", "ADM2_FR": "Bla", "ADM1_FR": "Ségou", "ADM0_EN": "Mali", "Population": 41144, "Total_bran": 0.0, "Country": "mali", "Filter": 1.0, "ISIBF_base": 0.001, "Latitude": 12.807607, "Longitude": -6.200429 }, "geometry": { "type": "Point", "coordinates": [ -6.200429, 12.807607 ] } },
{ "type": "Feature", "properties": { "ADM3_FR": "Sanando", "ADM2_FR": "Baraouéli", "ADM1_FR": "Ségou", "ADM0_EN": "Mali", "Population": 32643, "Total_bran": 1.0, "Country": "mali", "Filter": 1.0, "ISIBF_base": 0.05, "Latitude": 13.007865, "Longitude": -6.457139 }, "geometry": { "type": "Point", "coordinates": [ -6.457139, 13.007865 ] } },
{ "type": "Feature", "properties": { "ADM3_FR": "N'gassola", "ADM2_FR": "Baraouéli", "ADM1_FR": "Ségou", "ADM0_EN": "Mali", "Population": 5660, "Total_bran": 0.0, "Country": "mali", "Filter": 1.0, "ISIBF_base": 0.01, "Latitude": 13.095231, "Longitude": -6.250415 }, "geometry": { "type": "Point", "coordinates": [ -6.250415, 13.095231 ] } },
{ "type": "Feature", "properties": { "ADM3_FR": "Diena", "ADM2_FR": "Bla", "ADM1_FR": "Ségou", "ADM0_EN": "Mali", "Population": 9502, "Total_bran": 0.0, "Country": "mali", "Filter": 1.0, "ISIBF_base": 0.004, "Latitude": 13.065532, "Longitude": -5.981045 }, "geometry": { "type": "Point", "coordinates": [ -5.981045, 13.065532 ] } },
{ "type": "Feature", "properties": { "ADM3_FR": "Mariko", "ADM2_FR": "Niono", "ADM1_FR": "Ségou", "ADM0_EN": "Mali", "Population": 23313, "Total_bran": 0.0, "Country": "mali", "Filter": 1.0, "ISIBF_base": 0.006, "Latitude": 14.378858, "Longitude": -6.080358 }, "geometry": { "type": "Point", "coordinates": [ -6.080358, 14.378858 ] } },
{ "type": "Feature", "properties": { "ADM3_FR": "Niono", "ADM2_FR": "Niono", "ADM1_FR": "Ségou", "ADM0_EN": "Mali", "Population": 81643, "Total_bran": 3.0, "Country": "mali", "Filter": 1.0, "ISIBF_base": 0.099, "Latitude": 14.183726, "Longitude": -5.921819 }, "geometry": { "type": "Point", "coordinates": [ -5.921819, 14.183726 ] } },
{ "type": "Feature", "properties": { "ADM3_FR": "Kéwa", "ADM2_FR": "Djenné", "ADM1_FR": "Mopti", "ADM0_EN": "Mali", "Population": 22025, "Total_bran": 0.0, "Country": "mali", "Filter": 1.0, "ISIBF_base": 0.002, "Latitude": 14.128308, "Longitude": -4.666393 }, "geometry": { "type": "Point", "coordinates": [ -4.666393, 14.128308 ] } },
{ "type": "Feature", "properties": { "ADM3_FR": "Niantaga", "ADM2_FR": "Koutiala", "ADM1_FR": "Sikasso", "ADM0_EN": "Mali", "Population": 6203, "Total_bran": 0.0, "Country": "mali", "Filter": 1.0, "ISIBF_base": 0.006, "Latitude": 12.792199, "Longitude": -5.301858 }, "geometry": { "type": "Point", "coordinates": [ -5.301858, 12.792199 ] } },
{ "type": "Feature", "properties": { "ADM3_FR": "Koromo", "ADM2_FR": "Koutiala", "ADM1_FR": "Sikasso", "ADM0_EN": "Mali", "Population": 9367, "Total_bran": 0.0, "Country": "mali", "Filter": 1.0, "ISIBF_base": 0.004, "Latitude": 12.686157, "Longitude": -5.191868 }, "geometry": { "type": "Point", "coordinates": [ -5.191868, 12.686157 ] } },
{ "type": "Feature", "properties": { "ADM3_FR": "Moribila", "ADM2_FR": "San", "ADM1_FR": "Ségou", "ADM0_EN": "Mali", "Population": 11544, "Total_bran": 0.0, "Country": "mali", "Filter": 1.0, "ISIBF_base": 0.001, "Latitude": 12.631288, "Longitude": -5.061133 }, "geometry": { "type": "Point", "coordinates": [ -5.061133, 12.631288 ] } },
{ "type": "Feature", "properties": { "ADM3_FR": "Danderesso", "ADM2_FR": "Sikasso", "ADM1_FR": "Sikasso", "ADM0_EN": "Mali", "Population": 36356, "Total_bran": 0.0, "Country": "mali", "Filter": 1.0, "ISIBF_base": 0.004, "Latitude": 11.524973, "Longitude": -5.378357 }, "geometry": { "type": "Point", "coordinates": [ -5.378357, 11.524973 ] } },
{ "type": "Feature", "properties": { "ADM3_FR": "Fama", "ADM2_FR": "Sikasso", "ADM1_FR": "Sikasso", "ADM0_EN": "Mali", "Population": 10764, "Total_bran": 0.0, "Country": "mali", "Filter": 1.0, "ISIBF_base": 0.015, "Latitude": 11.540286, "Longitude": -5.638217 }, "geometry": { "type": "Point", "coordinates": [ -5.638217, 11.540286 ] } },
{ "type": "Feature", "properties": { "ADM3_FR": "Kafouziela", "ADM2_FR": "Sikasso", "ADM1_FR": "Sikasso", "ADM0_EN": "Mali", "Population": 6412, "Total_bran": 0.0, "Country": "mali", "Filter": 1.0, "ISIBF_base": 0.035, "Latitude": 11.455486, "Longitude": -5.611526 }, "geometry": { "type": "Point", "coordinates": [ -5.611526, 11.455486 ] } },
{ "type": "Feature", "properties": { "ADM3_FR": "Kaboila", "ADM2_FR": "Sikasso", "ADM1_FR": "Sikasso", "ADM0_EN": "Mali", "Population": 27298, "Total_bran": 0.0, "Country": "mali", "Filter": 1.0, "ISIBF_base": 0.015, "Latitude": 11.105064, "Longitude": -5.588175 }, "geometry": { "type": "Point", "coordinates": [ -5.588175, 11.105064 ] } },
{ "type": "Feature", "properties": { "ADM3_FR": "Sirakorola", "ADM2_FR": "Koulikoro", "ADM1_FR": "Koulikoro", "ADM0_EN": "Mali", "Population": 35992, "Total_bran": 0.0, "Country": "mali", "Filter": 1.0, "ISIBF_base": 0.002, "Latitude": 13.290187, "Longitude": -7.526527 }, "geometry": { "type": "Point", "coordinates": [ -7.526527, 13.290187 ] } },
{ "type": "Feature", "properties": { "ADM3_FR": "Sony", "ADM2_FR": "Kayes", "ADM1_FR": "Kayes", "ADM0_EN": "Mali", "Population": 8707, "Total_bran": 0.0, "Country": "mali", "Filter": 1.0, "ISIBF_base": 0.009, "Latitude": 14.65664, "Longitude": -12.043193 }, "geometry": { "type": "Point", "coordinates": [ -12.043193, 14.65664 ] } },
{ "type": "Feature", "properties": { "ADM3_FR": "Dialakoroba", "ADM2_FR": "Kati", "ADM1_FR": "Koulikoro", "ADM0_EN": "Mali", "Population": 22835, "Total_bran": 0.0, "Country": "mali", "Filter": 1.0, "ISIBF_base": 0.019, "Latitude": 12.188963, "Longitude": -8.008128 }, "geometry": { "type": "Point", "coordinates": [ -8.008128, 12.188963 ] } },
{ "type": "Feature", "properties": { "ADM3_FR": "Touna", "ADM2_FR": "Bla", "ADM1_FR": "Ségou", "ADM0_EN": "Mali", "Population": 30399, "Total_bran": 0.0, "Country": "mali", "Filter": 1.0, "ISIBF_base": 0.01, "Latitude": 13.122842, "Longitude": -5.798493 }, "geometry": { "type": "Point", "coordinates": [ -5.798493, 13.122842 ] } },
{ "type": "Feature", "properties": { "ADM3_FR": "Katiéna", "ADM2_FR": "Ségou", "ADM1_FR": "Ségou", "ADM0_EN": "Mali", "Population": 34112, "Total_bran": 0.0, "Country": "mali", "Filter": 1.0, "ISIBF_base": 0.001, "Latitude": 13.341335, "Longitude": -5.591139 }, "geometry": { "type": "Point", "coordinates": [ -5.591139, 13.341335 ] } },
{ "type": "Feature", "properties": { "ADM3_FR": "Korodougou", "ADM2_FR": "Bla", "ADM1_FR": "Ségou", "ADM0_EN": "Mali", "Population": 11336, "Total_bran": 0.0, "Country": "mali", "Filter": 1.0, "ISIBF_base": 0.007, "Latitude": 13.092737, "Longitude": -5.50248 }, "geometry": { "type": "Point", "coordinates": [ -5.50248, 13.092737 ] } },
{ "type": "Feature", "properties": { "ADM3_FR": "Fani", "ADM2_FR": "Bla", "ADM1_FR": "Ségou", "ADM0_EN": "Mali", "Population": 13821, "Total_bran": 0.0, "Country": "mali", "Filter": 1.0, "ISIBF_base": 0.004, "Latitude": 13.195104, "Longitude": -5.365466 }, "geometry": { "type": "Point", "coordinates": [ -5.365466, 13.195104 ] } },
{ "type": "Feature", "properties": { "ADM3_FR": "Fatine", "ADM2_FR": "Ségou", "ADM1_FR": "Ségou", "ADM0_EN": "Mali", "Population": 25144, "Total_bran": 0.0, "Country": "mali", "Filter": 1.0, "ISIBF_base": 0.0, "Latitude": 13.43929, "Longitude": -5.351344 }, "geometry": { "type": "Point", "coordinates": [ -5.351344, 13.43929 ] } },
{ "type": "Feature", "properties": { "ADM3_FR": "Kadiolo", "ADM2_FR": "Kadiolo", "ADM1_FR": "Sikasso", "ADM0_EN": "Mali", "Population": 52016, "Total_bran": 1.0, "Country": "mali", "Filter": 1.0, "ISIBF_base": 0.051, "Latitude": 10.571428, "Longitude": -5.785213 }, "geometry": { "type": "Point", "coordinates": [ -5.785213, 10.571428 ] } },
{ "type": "Feature", "properties": { "ADM3_FR": "Misséni", "ADM2_FR": "Kadiolo", "ADM1_FR": "Sikasso", "ADM0_EN": "Mali", "Population": 47673, "Total_bran": 0.0, "Country": "mali", "Filter": 1.0, "ISIBF_base": 0.002, "Latitude": 10.336821, "Longitude": -6.047834 }, "geometry": { "type": "Point", "coordinates": [ -6.047834, 10.336821 ] } },
{ "type": "Feature", "properties": { "ADM3_FR": "Kéméné Tambo", "ADM2_FR": "Kayes", "ADM1_FR": "Kayes", "ADM0_EN": "Mali", "Population": 16955, "Total_bran": 0.0, "Country": "mali", "Filter": 1.0, "ISIBF_base": 0.011, "Latitude": 14.48632, "Longitude": -11.875649 }, "geometry": { "type": "Point", "coordinates": [ -11.875649, 14.48632 ] } },
{ "type": "Feature", "properties": { "ADM3_FR": "Commune V", "ADM2_FR": "Bamako", "ADM1_FR": "Bamako", "ADM0_EN": "Mali", "Population": 413266, "Total_bran": 37.0, "Country": "mali", "Filter": 1.0, "ISIBF_base": 0.964, "Latitude": 12.59372, "Longitude": -7.998178 }, "geometry": { "type": "Point", "coordinates": [ -7.998178, 12.59372 ] } },
{ "type": "Feature", "properties": { "ADM3_FR": "Ténindougou", "ADM2_FR": "Dioila", "ADM1_FR": "Koulikoro", "ADM0_EN": "Mali", "Population": 14583, "Total_bran": 0.0, "Country": "mali", "Filter": 1.0, "ISIBF_base": 0.011, "Latitude": 12.572504, "Longitude": -7.138066 }, "geometry": { "type": "Point", "coordinates": [ -7.138066, 12.572504 ] } },
{ "type": "Feature", "properties": { "ADM3_FR": "Kambila", "ADM2_FR": "Kati", "ADM1_FR": "Koulikoro", "ADM0_EN": "Mali", "Population": 15365, "Total_bran": 0.0, "Country": "mali", "Filter": 1.0, "ISIBF_base": 0.281, "Latitude": 12.800872, "Longitude": -8.069726 }, "geometry": { "type": "Point", "coordinates": [ -8.069726, 12.800872 ] } },
{ "type": "Feature", "properties": { "ADM3_FR": "N'gabacoro Droit", "ADM2_FR": "Kati", "ADM1_FR": "Koulikoro", "ADM0_EN": "Mali", "Population": 18263, "Total_bran": 1.0, "Country": "mali", "Filter": 1.0, "ISIBF_base": 0.277, "Latitude": 12.683797, "Longitude": -7.802202 }, "geometry": { "type": "Point", "coordinates": [ -7.802202, 12.683797 ] } },
{ "type": "Feature", "properties": { "ADM3_FR": "Méguétan", "ADM2_FR": "Koulikoro", "ADM1_FR": "Koulikoro", "ADM0_EN": "Mali", "Population": 25393, "Total_bran": 0.0, "Country": "mali", "Filter": 1.0, "ISIBF_base": 0.037, "Latitude": 12.919079, "Longitude": -7.494758 }, "geometry": { "type": "Point", "coordinates": [ -7.494758, 12.919079 ] } },
{ "type": "Feature", "properties": { "ADM3_FR": "Saminé", "ADM2_FR": "Ségou", "ADM1_FR": "Ségou", "ADM0_EN": "Mali", "Population": 12320, "Total_bran": 0.0, "Country": "mali", "Filter": 1.0, "ISIBF_base": 0.008, "Latitude": 13.148198, "Longitude": -6.099882 }, "geometry": { "type": "Point", "coordinates": [ -6.099882, 13.148198 ] } },
{ "type": "Feature", "properties": { "ADM3_FR": "Sirifila Boundy", "ADM2_FR": "Niono", "ADM1_FR": "Ségou", "ADM0_EN": "Mali", "Population": 32915, "Total_bran": 0.0, "Country": "mali", "Filter": 1.0, "ISIBF_base": 0.009, "Latitude": 14.404708, "Longitude": -5.933869 }, "geometry": { "type": "Point", "coordinates": [ -5.933869, 14.404708 ] } },
{ "type": "Feature", "properties": { "ADM3_FR": "Kala Siguida", "ADM2_FR": "Niono", "ADM1_FR": "Ségou", "ADM0_EN": "Mali", "Population": 21343, "Total_bran": 0.0, "Country": "mali", "Filter": 1.0, "ISIBF_base": 0.012, "Latitude": 14.213372, "Longitude": -6.121649 }, "geometry": { "type": "Point", "coordinates": [ -6.121649, 14.213372 ] } },
{ "type": "Feature", "properties": { "ADM3_FR": "Siribala", "ADM2_FR": "Niono", "ADM1_FR": "Ségou", "ADM0_EN": "Mali", "Population": 37766, "Total_bran": 0.0, "Country": "mali", "Filter": 1.0, "ISIBF_base": 0.013, "Latitude": 14.028784, "Longitude": -6.090996 }, "geometry": { "type": "Point", "coordinates": [ -6.090996, 14.028784 ] } },
{ "type": "Feature", "properties": { "ADM3_FR": "Ouro Modi", "ADM2_FR": "Mopti", "ADM1_FR": "Mopti", "ADM0_EN": "Mali", "Population": 3328, "Total_bran": 0.0, "Country": "mali", "Filter": 1.0, "ISIBF_base": 0.002, "Latitude": 14.284059, "Longitude": -4.533513 }, "geometry": { "type": "Point", "coordinates": [ -4.533513, 14.284059 ] } },
{ "type": "Feature", "properties": { "ADM3_FR": "Koubaye", "ADM2_FR": "Mopti", "ADM1_FR": "Mopti", "ADM0_EN": "Mali", "Population": 6571, "Total_bran": 0.0, "Country": "mali", "Filter": 1.0, "ISIBF_base": 0.008, "Latitude": 14.383207, "Longitude": -4.435083 }, "geometry": { "type": "Point", "coordinates": [ -4.435083, 14.383207 ] } },
{ "type": "Feature", "properties": { "ADM3_FR": "Socoura", "ADM2_FR": "Mopti", "ADM1_FR": "Mopti", "ADM0_EN": "Mali", "Population": 36983, "Total_bran": 0.0, "Country": "mali", "Filter": 1.0, "ISIBF_base": 0.136, "Latitude": 14.529862, "Longitude": -4.178701 }, "geometry": { "type": "Point", "coordinates": [ -4.178701, 14.529862 ] } },
{ "type": "Feature", "properties": { "ADM3_FR": "Tourakolomba", "ADM2_FR": "San", "ADM1_FR": "Ségou", "ADM0_EN": "Mali", "Population": 7877, "Total_bran": 0.0, "Country": "mali", "Filter": 1.0, "ISIBF_base": 0.002, "Latitude": 12.760477, "Longitude": -5.097747 }, "geometry": { "type": "Point", "coordinates": [ -5.097747, 12.760477 ] } },
{ "type": "Feature", "properties": { "ADM3_FR": "Diomaténé", "ADM2_FR": "Sikasso", "ADM1_FR": "Sikasso", "ADM0_EN": "Mali", "Population": 4463, "Total_bran": 0.0, "Country": "mali", "Filter": 1.0, "ISIBF_base": 0.043, "Latitude": 11.448543, "Longitude": -5.662981 }, "geometry": { "type": "Point", "coordinates": [ -5.662981, 11.448543 ] } },
{ "type": "Feature", "properties": { "ADM3_FR": "Zangaradougou", "ADM2_FR": "Sikasso", "ADM1_FR": "Sikasso", "ADM0_EN": "Mali", "Population": 7261, "Total_bran": 0.0, "Country": "mali", "Filter": 1.0, "ISIBF_base": 0.036, "Latitude": 11.389915, "Longitude": -5.543976 }, "geometry": { "type": "Point", "coordinates": [ -5.543976, 11.389915 ] } },
{ "type": "Feature", "properties": { "ADM3_FR": "Koula", "ADM2_FR": "Koulikoro", "ADM1_FR": "Koulikoro", "ADM0_EN": "Mali", "Population": 41537, "Total_bran": 0.0, "Country": "mali", "Filter": 1.0, "ISIBF_base": 0.007, "Latitude": 13.089538, "Longitude": -7.650154 }, "geometry": { "type": "Point", "coordinates": [ -7.650154, 13.089538 ] } },
{ "type": "Feature", "properties": { "ADM3_FR": "Guidimakan Keri Kaff", "ADM2_FR": "Kayes", "ADM1_FR": "Kayes", "ADM0_EN": "Mali", "Population": 20032, "Total_bran": 0.0, "Country": "mali", "Filter": 1.0, "ISIBF_base": 0.002, "Latitude": 14.74308, "Longitude": -11.78552 }, "geometry": { "type": "Point", "coordinates": [ -11.78552, 14.74308 ] } },
{ "type": "Feature", "properties": { "ADM3_FR": "Cinzana", "ADM2_FR": "Ségou", "ADM1_FR": "Ségou", "ADM0_EN": "Mali", "Population": 36073, "Total_bran": 0.0, "Country": "mali", "Filter": 1.0, "ISIBF_base": 0.009, "Latitude": 13.321807, "Longitude": -5.925942 }, "geometry": { "type": "Point", "coordinates": [ -5.925942, 13.321807 ] } },
{ "type": "Feature", "properties": { "ADM3_FR": "N'goa", "ADM2_FR": "San", "ADM1_FR": "Ségou", "ADM0_EN": "Mali", "Population": 9182, "Total_bran": 0.0, "Country": "mali", "Filter": 1.0, "ISIBF_base": 0.011, "Latitude": 13.260037, "Longitude": -5.147359 }, "geometry": { "type": "Point", "coordinates": [ -5.147359, 13.260037 ] } },
{ "type": "Feature", "properties": { "ADM3_FR": "Siadougou", "ADM2_FR": "San", "ADM1_FR": "Ségou", "ADM0_EN": "Mali", "Population": 17744, "Total_bran": 0.0, "Country": "mali", "Filter": 1.0, "ISIBF_base": 0.006, "Latitude": 13.470513, "Longitude": -5.123757 }, "geometry": { "type": "Point", "coordinates": [ -5.123757, 13.470513 ] } },
{ "type": "Feature", "properties": { "ADM3_FR": "Dioumaténé", "ADM2_FR": "Kadiolo", "ADM1_FR": "Sikasso", "ADM0_EN": "Mali", "Population": 7863, "Total_bran": 0.0, "Country": "mali", "Filter": 1.0, "ISIBF_base": 0.014, "Latitude": 10.535601, "Longitude": -5.933423 }, "geometry": { "type": "Point", "coordinates": [ -5.933423, 10.535601 ] } },
{ "type": "Feature", "properties": { "ADM3_FR": "Somankidy", "ADM2_FR": "Kayes", "ADM1_FR": "Kayes", "ADM0_EN": "Mali", "Population": 6915, "Total_bran": 0.0, "Country": "mali", "Filter": 1.0, "ISIBF_base": 0.026, "Latitude": 14.539644, "Longitude": -11.602475 }, "geometry": { "type": "Point", "coordinates": [ -11.602475, 14.539644 ] } },
{ "type": "Feature", "properties": { "ADM3_FR": "Samé Diomgoma", "ADM2_FR": "Kayes", "ADM1_FR": "Kayes", "ADM0_EN": "Mali", "Population": 12411, "Total_bran": 0.0, "Country": "mali", "Filter": 1.0, "ISIBF_base": 0.009, "Latitude": 14.415519, "Longitude": -11.748276 }, "geometry": { "type": "Point", "coordinates": [ -11.748276, 14.415519 ] } },
{ "type": "Feature", "properties": { "ADM3_FR": "Bangassi", "ADM2_FR": "Kayes", "ADM1_FR": "Kayes", "ADM0_EN": "Mali", "Population": 12097, "Total_bran": 0.0, "Country": "mali", "Filter": 1.0, "ISIBF_base": 0.01, "Latitude": 14.698576, "Longitude": -11.515161 }, "geometry": { "type": "Point", "coordinates": [ -11.515161, 14.698576 ] } },
{ "type": "Feature", "properties": { "ADM3_FR": "Liberté Dembaya", "ADM2_FR": "Kayes", "ADM1_FR": "Kayes", "ADM0_EN": "Mali", "Population": 14366, "Total_bran": 0.0, "Country": "mali", "Filter": 1.0, "ISIBF_base": 0.08, "Latitude": 14.388059, "Longitude": -11.508873 }, "geometry": { "type": "Point", "coordinates": [ -11.508873, 14.388059 ] } },
{ "type": "Feature", "properties": { "ADM3_FR": "Niasso", "ADM2_FR": "San", "ADM1_FR": "Ségou", "ADM0_EN": "Mali", "Population": 13172, "Total_bran": 0.0, "Country": "mali", "Filter": 1.0, "ISIBF_base": 0.033, "Latitude": 13.269119, "Longitude": -5.013335 }, "geometry": { "type": "Point", "coordinates": [ -5.013335, 13.269119 ] } },
{ "type": "Feature", "properties": { "ADM3_FR": "Sy", "ADM2_FR": "San", "ADM1_FR": "Ségou", "ADM0_EN": "Mali", "Population": 12556, "Total_bran": 0.0, "Country": "mali", "Filter": 1.0, "ISIBF_base": 0.009, "Latitude": 13.522436, "Longitude": -4.970891 }, "geometry": { "type": "Point", "coordinates": [ -4.970891, 13.522436 ] } },
{ "type": "Feature", "properties": { "ADM3_FR": "Ouolon", "ADM2_FR": "San", "ADM1_FR": "Ségou", "ADM0_EN": "Mali", "Population": 13313, "Total_bran": 0.0, "Country": "mali", "Filter": 1.0, "ISIBF_base": 0.009, "Latitude": 13.522502, "Longitude": -4.828666 }, "geometry": { "type": "Point", "coordinates": [ -4.828666, 13.522502 ] } },
{ "type": "Feature", "properties": { "ADM3_FR": "Teneni", "ADM2_FR": "San", "ADM1_FR": "Ségou", "ADM0_EN": "Mali", "Population": 7000, "Total_bran": 0.0, "Country": "mali", "Filter": 1.0, "ISIBF_base": 0.031, "Latitude": 13.369999, "Longitude": -4.796452 }, "geometry": { "type": "Point", "coordinates": [ -4.796452, 13.369999 ] } },
{ "type": "Feature", "properties": { "ADM3_FR": "Baramandougou", "ADM2_FR": "San", "ADM1_FR": "Ségou", "ADM0_EN": "Mali", "Population": 9149, "Total_bran": 0.0, "Country": "mali", "Filter": 1.0, "ISIBF_base": 0.003, "Latitude": 13.555163, "Longitude": -4.623408 }, "geometry": { "type": "Point", "coordinates": [ -4.623408, 13.555163 ] } },
{ "type": "Feature", "properties": { "ADM3_FR": "Sio", "ADM2_FR": "Mopti", "ADM1_FR": "Mopti", "ADM0_EN": "Mali", "Population": 24130, "Total_bran": 0.0, "Country": "mali", "Filter": 1.0, "ISIBF_base": 0.035, "Latitude": 14.332593, "Longitude": -4.113668 }, "geometry": { "type": "Point", "coordinates": [ -4.113668, 14.332593 ] } },
{ "type": "Feature", "properties": { "ADM3_FR": "Fakala", "ADM2_FR": "Djenné", "ADM1_FR": "Mopti", "ADM0_EN": "Mali", "Population": 33714, "Total_bran": 0.0, "Country": "mali", "Filter": 1.0, "ISIBF_base": 0.001, "Latitude": 14.014681, "Longitude": -4.200145 }, "geometry": { "type": "Point", "coordinates": [ -4.200145, 14.014681 ] } },
{ "type": "Feature", "properties": { "ADM3_FR": "Somo", "ADM2_FR": "San", "ADM1_FR": "Ségou", "ADM0_EN": "Mali", "Population": 10619, "Total_bran": 0.0, "Country": "mali", "Filter": 1.0, "ISIBF_base": 0.031, "Latitude": 13.266606, "Longitude": -4.783712 }, "geometry": { "type": "Point", "coordinates": [ -4.783712, 13.266606 ] } },
{ "type": "Feature", "properties": { "ADM3_FR": "Dah", "ADM2_FR": "San", "ADM1_FR": "Ségou", "ADM0_EN": "Mali", "Population": 12935, "Total_bran": 0.0, "Country": "mali", "Filter": 1.0, "ISIBF_base": 0.02, "Latitude": 13.134747, "Longitude": -4.89996 }, "geometry": { "type": "Point", "coordinates": [ -4.89996, 13.134747 ] } },
{ "type": "Feature", "properties": { "ADM3_FR": "Yasso", "ADM2_FR": "Tominian", "ADM1_FR": "Ségou", "ADM0_EN": "Mali", "Population": 13830, "Total_bran": 0.0, "Country": "mali", "Filter": 1.0, "ISIBF_base": 0.009, "Latitude": 13.137394, "Longitude": -4.703459 }, "geometry": { "type": "Point", "coordinates": [ -4.703459, 13.137394 ] } },
{ "type": "Feature", "properties": { "ADM3_FR": "Sanékuy", "ADM2_FR": "Tominian", "ADM1_FR": "Ségou", "ADM0_EN": "Mali", "Population": 15734, "Total_bran": 0.0, "Country": "mali", "Filter": 1.0, "ISIBF_base": 0.01, "Latitude": 13.026792, "Longitude": -4.64449 }, "geometry": { "type": "Point", "coordinates": [ -4.64449, 13.026792 ] } },
{ "type": "Feature", "properties": { "ADM3_FR": "Timissa", "ADM2_FR": "Tominian", "ADM1_FR": "Ségou", "ADM0_EN": "Mali", "Population": 27752, "Total_bran": 0.0, "Country": "mali", "Filter": 1.0, "ISIBF_base": 0.001, "Latitude": 13.717115, "Longitude": -4.149662 }, "geometry": { "type": "Point", "coordinates": [ -4.149662, 13.717115 ] } },
{ "type": "Feature", "properties": { "ADM3_FR": "Konséguéla", "ADM2_FR": "Koutiala", "ADM1_FR": "Sikasso", "ADM0_EN": "Mali", "Population": 30084, "Total_bran": 0.0, "Country": "mali", "Filter": 1.0, "ISIBF_base": 0.002, "Latitude": 12.375849, "Longitude": -5.885151 }, "geometry": { "type": "Point", "coordinates": [ -5.885151, 12.375849 ] } },
{ "type": "Feature", "properties": { "ADM3_FR": "Safo", "ADM2_FR": "Kati", "ADM1_FR": "Koulikoro", "ADM0_EN": "Mali", "Population": 91135, "Total_bran": 0.0, "Country": "mali", "Filter": 1.0, "ISIBF_base": 0.182, "Latitude": 12.827377, "Longitude": -7.896887 }, "geometry": { "type": "Point", "coordinates": [ -7.896887, 12.827377 ] } },
{ "type": "Feature", "properties": { "ADM3_FR": "Dogo", "ADM2_FR": "Bougouni", "ADM1_FR": "Sikasso", "ADM0_EN": "Mali", "Population": 147601, "Total_bran": 0.0, "Country": "mali", "Filter": 1.0, "ISIBF_base": 0.0, "Latitude": 11.899966, "Longitude": -7.358273 }, "geometry": { "type": "Point", "coordinates": [ -7.358273, 11.899966 ] } },
{ "type": "Feature", "properties": { "ADM3_FR": "Tchirozerine", "ADM2_FR": "Tchirozerine", "ADM1_FR": "Agadez", "ADM0_EN": "Niger", "Population": 63503, "Total_bran": 0.0, "Country": "niger", "Filter": 1.0, "ISIBF_base": 0.016, "Latitude": 17.217411, "Longitude": 8.003264 }, "geometry": { "type": "Point", "coordinates": [ 8.003264, 17.217411 ] } },
{ "type": "Feature", "properties": { "ADM3_FR": "Chetimari", "ADM2_FR": "Diffa", "ADM1_FR": "Diffa", "ADM0_EN": "Niger", "Population": 65449, "Total_bran": 0.0, "Country": "niger", "Filter": 1.0, "ISIBF_base": 0.021, "Latitude": 13.424755, "Longitude": 12.353408 }, "geometry": { "type": "Point", "coordinates": [ 12.353408, 13.424755 ] } },
{ "type": "Feature", "properties": { "ADM3_FR": "Gueskérou", "ADM2_FR": "Diffa", "ADM1_FR": "Diffa", "ADM0_EN": "Niger", "Population": 37836, "Total_bran": 0.0, "Country": "niger", "Filter": 1.0, "ISIBF_base": 0.006, "Latitude": 13.641082, "Longitude": 12.782348 }, "geometry": { "type": "Point", "coordinates": [ 12.782348, 13.641082 ] } },
{ "type": "Feature", "properties": { "ADM3_FR": "Birni N'Gaouré", "ADM2_FR": "Boboye", "ADM1_FR": "Dosso", "ADM0_EN": "Niger", "Population": 52566, "Total_bran": 0.0, "Country": "niger", "Filter": 1.0, "ISIBF_base": 0.009, "Latitude": 13.060903, "Longitude": 2.879241 }, "geometry": { "type": "Point", "coordinates": [ 2.879241, 13.060903 ] } },
{ "type": "Feature", "properties": { "ADM3_FR": "Fabidji", "ADM2_FR": "Boboye", "ADM1_FR": "Dosso", "ADM0_EN": "Niger", "Population": 39713, "Total_bran": 0.0, "Country": "niger", "Filter": 1.0, "ISIBF_base": 0.002, "Latitude": 12.910207, "Longitude": 2.744076 }, "geometry": { "type": "Point", "coordinates": [ 2.744076, 12.910207 ] } },
{ "type": "Feature", "properties": { "ADM3_FR": "Harikanassou", "ADM2_FR": "Boboye", "ADM1_FR": "Dosso", "ADM0_EN": "Niger", "Population": 23567, "Total_bran": 0.0, "Country": "niger", "Filter": 1.0, "ISIBF_base": 0.003, "Latitude": 13.309982, "Longitude": 2.869191 }, "geometry": { "type": "Point", "coordinates": [ 2.869191, 13.309982 ] } },
{ "type": "Feature", "properties": { "ADM3_FR": "Kankandi", "ADM2_FR": "Boboye", "ADM1_FR": "Dosso", "ADM0_EN": "Niger", "Population": 16565, "Total_bran": 0.0, "Country": "niger", "Filter": 1.0, "ISIBF_base": 0.009, "Latitude": 12.847774, "Longitude": 2.940146 }, "geometry": { "type": "Point", "coordinates": [ 2.940146, 12.847774 ] } },
{ "type": "Feature", "properties": { "ADM3_FR": "Kiota", "ADM2_FR": "Boboye", "ADM1_FR": "Dosso", "ADM0_EN": "Niger", "Population": 25282, "Total_bran": 0.0, "Country": "niger", "Filter": 1.0, "ISIBF_base": 0.006, "Latitude": 13.290915, "Longitude": 2.952717 }, "geometry": { "type": "Point", "coordinates": [ 2.952717, 13.290915 ] } },
{ "type": "Feature", "properties": { "ADM3_FR": "N'Gonga", "ADM2_FR": "Boboye", "ADM1_FR": "Dosso", "ADM0_EN": "Niger", "Population": 27609, "Total_bran": 0.0, "Country": "niger", "Filter": 1.0, "ISIBF_base": 0.004, "Latitude": 13.18706, "Longitude": 2.82676 }, "geometry": { "type": "Point", "coordinates": [ 2.82676, 13.18706 ] } },
{ "type": "Feature", "properties": { "ADM3_FR": "Dan-Kassari", "ADM2_FR": "Dogondoutchi", "ADM1_FR": "Dosso", "ADM0_EN": "Niger", "Population": 78132, "Total_bran": 0.0, "Country": "niger", "Filter": 1.0, "ISIBF_base": 0.002, "Latitude": 13.729895, "Longitude": 4.315622 }, "geometry": { "type": "Point", "coordinates": [ 4.315622, 13.729895 ] } },
{ "type": "Feature", "properties": { "ADM3_FR": "Kiéché", "ADM2_FR": "Dogondoutchi", "ADM1_FR": "Dosso", "ADM0_EN": "Niger", "Population": 48980, "Total_bran": 0.0, "Country": "niger", "Filter": 1.0, "ISIBF_base": 0.013, "Latitude": 13.452166, "Longitude": 4.020429 }, "geometry": { "type": "Point", "coordinates": [ 4.020429, 13.452166 ] } },
{ "type": "Feature", "properties": { "ADM3_FR": "Matankari", "ADM2_FR": "Dogondoutchi", "ADM1_FR": "Dosso", "ADM0_EN": "Niger", "Population": 68979, "Total_bran": 0.0, "Country": "niger", "Filter": 1.0, "ISIBF_base": 0.016, "Latitude": 13.848201, "Longitude": 3.939831 }, "geometry": { "type": "Point", "coordinates": [ 3.939831, 13.848201 ] } },
{ "type": "Feature", "properties": { "ADM3_FR": "Farey", "ADM2_FR": "Dosso", "ADM1_FR": "Dosso", "ADM0_EN": "Niger", "Population": 40302, "Total_bran": 0.0, "Country": "niger", "Filter": 1.0, "ISIBF_base": 0.003, "Latitude": 12.627065, "Longitude": 3.274626 }, "geometry": { "type": "Point", "coordinates": [ 3.274626, 12.627065 ] } },
{ "type": "Feature", "properties": { "ADM3_FR": "Garankédey", "ADM2_FR": "Dosso", "ADM1_FR": "Dosso", "ADM0_EN": "Niger", "Population": 35009, "Total_bran": 0.0, "Country": "niger", "Filter": 1.0, "ISIBF_base": 0.017, "Latitude": 13.26139, "Longitude": 3.086132 }, "geometry": { "type": "Point", "coordinates": [ 3.086132, 13.26139 ] } },
{ "type": "Feature", "properties": { "ADM3_FR": "Gollé", "ADM2_FR": "Dosso", "ADM1_FR": "Dosso", "ADM0_EN": "Niger", "Population": 27860, "Total_bran": 0.0, "Country": "niger", "Filter": 1.0, "ISIBF_base": 0.007, "Latitude": 12.727388, "Longitude": 3.082732 }, "geometry": { "type": "Point", "coordinates": [ 3.082732, 12.727388 ] } },
{ "type": "Feature", "properties": { "ADM3_FR": "Goroubankassam", "ADM2_FR": "Dosso", "ADM1_FR": "Dosso", "ADM0_EN": "Niger", "Population": 33125, "Total_bran": 0.0, "Country": "niger", "Filter": 1.0, "ISIBF_base": 0.03, "Latitude": 13.081507, "Longitude": 3.38113 }, "geometry": { "type": "Point", "coordinates": [ 3.38113, 13.081507 ] } },
{ "type": "Feature", "properties": { "ADM3_FR": "Karguibangou", "ADM2_FR": "Dosso", "ADM1_FR": "Dosso", "ADM0_EN": "Niger", "Population": 45304, "Total_bran": 0.0, "Country": "niger", "Filter": 1.0, "ISIBF_base": 0.005, "Latitude": 12.942272, "Longitude": 3.537343 }, "geometry": { "type": "Point", "coordinates": [ 3.537343, 12.942272 ] } },
{ "type": "Feature", "properties": { "ADM3_FR": "Mokko", "ADM2_FR": "Dosso", "ADM1_FR": "Dosso", "ADM0_EN": "Niger", "Population": 52132, "Total_bran": 0.0, "Country": "niger", "Filter": 1.0, "ISIBF_base": 0.004, "Latitude": 13.369536, "Longitude": 3.344623 }, "geometry": { "type": "Point", "coordinates": [ 3.344623, 13.369536 ] } },
{ "type": "Feature", "properties": { "ADM3_FR": "Tessa", "ADM2_FR": "Dosso", "ADM1_FR": "Dosso", "ADM0_EN": "Niger", "Population": 26668, "Total_bran": 0.0, "Country": "niger", "Filter": 1.0, "ISIBF_base": 0.008, "Latitude": 12.796687, "Longitude": 3.398387 }, "geometry": { "type": "Point", "coordinates": [ 3.398387, 12.796687 ] } },
{ "type": "Feature", "properties": { "ADM3_FR": "Tombokoirey II", "ADM2_FR": "Dosso", "ADM1_FR": "Dosso", "ADM0_EN": "Niger", "Population": 63184, "Total_bran": 0.0, "Country": "niger", "Filter": 1.0, "ISIBF_base": 0.002, "Latitude": 13.326671, "Longitude": 3.724681 }, "geometry": { "type": "Point", "coordinates": [ 3.724681, 13.326671 ] } },
{ "type": "Feature", "properties": { "ADM3_FR": "Bana", "ADM2_FR": "Gaya", "ADM1_FR": "Dosso", "ADM0_EN": "Niger", "Population": 37915, "Total_bran": 0.0, "Country": "niger", "Filter": 1.0, "ISIBF_base": 0.033, "Latitude": 12.051841, "Longitude": 3.554091 }, "geometry": { "type": "Point", "coordinates": [ 3.554091, 12.051841 ] } },
{ "type": "Feature", "properties": { "ADM3_FR": "Bengou", "ADM2_FR": "Gaya", "ADM1_FR": "Dosso", "ADM0_EN": "Niger", "Population": 18469, "Total_bran": 0.0, "Country": "niger", "Filter": 1.0, "ISIBF_base": 0.067, "Latitude": 11.964893, "Longitude": 3.546912 }, "geometry": { "type": "Point", "coordinates": [ 3.546912, 11.964893 ] } },
{ "type": "Feature", "properties": { "ADM3_FR": "Tanda", "ADM2_FR": "Gaya", "ADM1_FR": "Dosso", "ADM0_EN": "Niger", "Population": 119570, "Total_bran": 0.0, "Country": "niger", "Filter": 1.0, "ISIBF_base": 0.031, "Latitude": 12.057938, "Longitude": 3.322621 }, "geometry": { "type": "Point", "coordinates": [ 3.322621, 12.057938 ] } },
{ "type": "Feature", "properties": { "ADM3_FR": "Tounouga", "ADM2_FR": "Gaya", "ADM1_FR": "Dosso", "ADM0_EN": "Niger", "Population": 42849, "Total_bran": 0.0, "Country": "niger", "Filter": 1.0, "ISIBF_base": 0.033, "Latitude": 11.805852, "Longitude": 3.602659 }, "geometry": { "type": "Point", "coordinates": [ 3.602659, 11.805852 ] } },
{ "type": "Feature", "properties": { "ADM3_FR": "Yélou", "ADM2_FR": "Gaya", "ADM1_FR": "Dosso", "ADM0_EN": "Niger", "Population": 68404, "Total_bran": 0.0, "Country": "niger", "Filter": 1.0, "ISIBF_base": 0.006, "Latitude": 12.247539, "Longitude": 3.47738 }, "geometry": { "type": "Point", "coordinates": [ 3.47738, 12.247539 ] } },
{ "type": "Feature", "properties": { "ADM3_FR": "Falwel", "ADM2_FR": "Loga", "ADM1_FR": "Dosso", "ADM0_EN": "Niger", "Population": 57564, "Total_bran": 0.0, "Country": "niger", "Filter": 1.0, "ISIBF_base": 0.005, "Latitude": 13.567963, "Longitude": 3.60687 }, "geometry": { "type": "Point", "coordinates": [ 3.60687, 13.567963 ] } },
{ "type": "Feature", "properties": { "ADM3_FR": "Sokorbé", "ADM2_FR": "Loga", "ADM1_FR": "Dosso", "ADM0_EN": "Niger", "Population": 35579, "Total_bran": 0.0, "Country": "niger", "Filter": 1.0, "ISIBF_base": 0.003, "Latitude": 13.454654, "Longitude": 3.168017 }, "geometry": { "type": "Point", "coordinates": [ 3.168017, 13.454654 ] } },
{ "type": "Feature", "properties": { "ADM3_FR": "Koré Maïroua", "ADM2_FR": "Tibiri", "ADM1_FR": "Dosso", "ADM0_EN": "Niger", "Population": 54251, "Total_bran": 0.0, "Country": "niger", "Filter": 1.0, "ISIBF_base": 0.003, "Latitude": 13.29489, "Longitude": 3.905041 }, "geometry": { "type": "Point", "coordinates": [ 3.905041, 13.29489 ] } },
{ "type": "Feature", "properties": { "ADM3_FR": "Tibiri", "ADM2_FR": "Tibiri", "ADM1_FR": "Dosso", "ADM0_EN": "Niger", "Population": 203364, "Total_bran": 0.0, "Country": "niger", "Filter": 1.0, "ISIBF_base": 0.015, "Latitude": 13.139808, "Longitude": 3.998109 }, "geometry": { "type": "Point", "coordinates": [ 3.998109, 13.139808 ] } },
{ "type": "Feature", "properties": { "ADM3_FR": "Aguié", "ADM2_FR": "Aguié", "ADM1_FR": "Maradi", "ADM0_EN": "Niger", "Population": 152788, "Total_bran": 0.0, "Country": "niger", "Filter": 1.0, "ISIBF_base": 0.003, "Latitude": 13.532067, "Longitude": 7.69302 }, "geometry": { "type": "Point", "coordinates": [ 7.69302, 13.532067 ] } },
{ "type": "Feature", "properties": { "ADM3_FR": "Tchadoua", "ADM2_FR": "Aguié", "ADM1_FR": "Maradi", "ADM0_EN": "Niger", "Population": 93208, "Total_bran": 0.0, "Country": "niger", "Filter": 1.0, "ISIBF_base": 0.008, "Latitude": 13.499668, "Longitude": 7.514644 }, "geometry": { "type": "Point", "coordinates": [ 7.514644, 13.499668 ] } },
{ "type": "Feature", "properties": { "ADM3_FR": "Bermo", "ADM2_FR": "Bermo", "ADM1_FR": "Maradi", "ADM0_EN": "Niger", "Population": 30761, "Total_bran": 0.0, "Country": "niger", "Filter": 1.0, "ISIBF_base": 0.016, "Latitude": 14.726751, "Longitude": 6.670378 }, "geometry": { "type": "Point", "coordinates": [ 6.670378, 14.726751 ] } },
{ "type": "Feature", "properties": { "ADM3_FR": "Adjekoria", "ADM2_FR": "Dakoro", "ADM1_FR": "Maradi", "ADM0_EN": "Niger", "Population": 79108, "Total_bran": 0.0, "Country": "niger", "Filter": 1.0, "ISIBF_base": 0.007, "Latitude": 14.3012, "Longitude": 6.654828 }, "geometry": { "type": "Point", "coordinates": [ 6.654828, 14.3012 ] } },
{ "type": "Feature", "properties": { "ADM3_FR": "Azagor", "ADM2_FR": "Dakoro", "ADM1_FR": "Maradi", "ADM0_EN": "Niger", "Population": 5565, "Total_bran": 0.0, "Country": "niger", "Filter": 1.0, "ISIBF_base": 0.024, "Latitude": 14.662435, "Longitude": 6.894922 }, "geometry": { "type": "Point", "coordinates": [ 6.894922, 14.662435 ] } },
{ "type": "Feature", "properties": { "ADM3_FR": "Bader Goula", "ADM2_FR": "Dakoro", "ADM1_FR": "Maradi", "ADM0_EN": "Niger", "Population": 68203, "Total_bran": 0.0, "Country": "niger", "Filter": 1.0, "ISIBF_base": 0.001, "Latitude": 14.69801, "Longitude": 7.202319 }, "geometry": { "type": "Point", "coordinates": [ 7.202319, 14.69801 ] } },
{ "type": "Feature", "properties": { "ADM3_FR": "Birni Lallé", "ADM2_FR": "Dakoro", "ADM1_FR": "Maradi", "ADM0_EN": "Niger", "Population": 30846, "Total_bran": 0.0, "Country": "niger", "Filter": 1.0, "ISIBF_base": 0.037, "Latitude": 14.466891, "Longitude": 6.869193 }, "geometry": { "type": "Point", "coordinates": [ 6.869193, 14.466891 ] } },
{ "type": "Feature", "properties": { "ADM3_FR": "Korahane", "ADM2_FR": "Dakoro", "ADM1_FR": "Maradi", "ADM0_EN": "Niger", "Population": 12577, "Total_bran": 0.0, "Country": "niger", "Filter": 1.0, "ISIBF_base": 0.022, "Latitude": 14.554958, "Longitude": 6.595978 }, "geometry": { "type": "Point", "coordinates": [ 6.595978, 14.554958 ] } },
{ "type": "Feature", "properties": { "ADM3_FR": "Kornaka", "ADM2_FR": "Dakoro", "ADM1_FR": "Maradi", "ADM0_EN": "Niger", "Population": 140009, "Total_bran": 0.0, "Country": "niger", "Filter": 1.0, "ISIBF_base": 0.001, "Latitude": 14.174755, "Longitude": 6.999515 }, "geometry": { "type": "Point", "coordinates": [ 6.999515, 14.174755 ] } },
{ "type": "Feature", "properties": { "ADM3_FR": "Maïyara", "ADM2_FR": "Dakoro", "ADM1_FR": "Maradi", "ADM0_EN": "Niger", "Population": 62441, "Total_bran": 0.0, "Country": "niger", "Filter": 1.0, "ISIBF_base": 0.006, "Latitude": 13.879673, "Longitude": 7.221905 }, "geometry": { "type": "Point", "coordinates": [ 7.221905, 13.879673 ] } },
{ "type": "Feature", "properties": { "ADM3_FR": "Roumbou I", "ADM2_FR": "Dakoro", "ADM1_FR": "Maradi", "ADM0_EN": "Niger", "Population": 13330, "Total_bran": 0.0, "Country": "niger", "Filter": 1.0, "ISIBF_base": 0.01, "Latitude": 14.756824, "Longitude": 6.896396 }, "geometry": { "type": "Point", "coordinates": [ 6.896396, 14.756824 ] } },
{ "type": "Feature", "properties": { "ADM3_FR": "Sabon Machi", "ADM2_FR": "Dakoro", "ADM1_FR": "Maradi", "ADM0_EN": "Niger", "Population": 35988, "Total_bran": 0.0, "Country": "niger", "Filter": 1.0, "ISIBF_base": 0.005, "Latitude": 13.899945, "Longitude": 6.999946 }, "geometry": { "type": "Point", "coordinates": [ 6.999946, 13.899945 ] } },
{ "type": "Feature", "properties": { "ADM3_FR": "Gazaoua", "ADM2_FR": "Gazaoua", "ADM1_FR": "Maradi", "ADM0_EN": "Niger", "Population": 108606, "Total_bran": 0.0, "Country": "niger", "Filter": 1.0, "ISIBF_base": 0.005, "Latitude": 13.439621, "Longitude": 7.999972 }, "geometry": { "type": "Point", "coordinates": [ 7.999972, 13.439621 ] } },
{ "type": "Feature", "properties": { "ADM3_FR": "Chadakori", "ADM2_FR": "Guidan Roumdji", "ADM1_FR": "Maradi", "ADM0_EN": "Niger", "Population": 108711, "Total_bran": 0.0, "Country": "niger", "Filter": 1.0, "ISIBF_base": 0.018, "Latitude": 13.757437, "Longitude": 6.979924 }, "geometry": { "type": "Point", "coordinates": [ 6.979924, 13.757437 ] } },
{ "type": "Feature", "properties": { "ADM3_FR": "Guidan Sori", "ADM2_FR": "Guidan Roumdji", "ADM1_FR": "Maradi", "ADM0_EN": "Niger", "Population": 93771, "Total_bran": 0.0, "Country": "niger", "Filter": 1.0, "ISIBF_base": 0.005, "Latitude": 13.579409, "Longitude": 6.717853 }, "geometry": { "type": "Point", "coordinates": [ 6.717853, 13.579409 ] } },
{ "type": "Feature", "properties": { "ADM3_FR": "Saé Saboua", "ADM2_FR": "Guidan Roumdji", "ADM1_FR": "Maradi", "ADM0_EN": "Niger", "Population": 99638, "Total_bran": 0.0, "Country": "niger", "Filter": 1.0, "ISIBF_base": 0.057, "Latitude": 13.611746, "Longitude": 7.288729 }, "geometry": { "type": "Point", "coordinates": [ 7.288729, 13.611746 ] } },
{ "type": "Feature", "properties": { "ADM3_FR": "Tibiri", "ADM2_FR": "Guidan Roumdji", "ADM1_FR": "Maradi", "ADM0_EN": "Niger", "Population": 203364, "Total_bran": 0.0, "Country": "niger", "Filter": 1.0, "ISIBF_base": 0.015, "Latitude": 13.454722, "Longitude": 6.808226 }, "geometry": { "type": "Point", "coordinates": [ 6.808226, 13.454722 ] } },
{ "type": "Feature", "properties": { "ADM3_FR": "Dan-Issa", "ADM2_FR": "Madarounfa", "ADM1_FR": "Maradi", "ADM0_EN": "Niger", "Population": 94841, "Total_bran": 0.0, "Country": "niger", "Filter": 1.0, "ISIBF_base": 0.009, "Latitude": 13.244651, "Longitude": 7.393174 }, "geometry": { "type": "Point", "coordinates": [ 7.393174, 13.244651 ] } },
{ "type": "Feature", "properties": { "ADM3_FR": "Djiratawa", "ADM2_FR": "Madarounfa", "ADM1_FR": "Maradi", "ADM0_EN": "Niger", "Population": 85976, "Total_bran": 0.0, "Country": "niger", "Filter": 1.0, "ISIBF_base": 0.092, "Latitude": 13.452826, "Longitude": 7.27952 }, "geometry": { "type": "Point", "coordinates": [ 7.27952, 13.452826 ] } },
{ "type": "Feature", "properties": { "ADM3_FR": "Gabi", "ADM2_FR": "Madarounfa", "ADM1_FR": "Maradi", "ADM0_EN": "Niger", "Population": 83203, "Total_bran": 0.0, "Country": "niger", "Filter": 1.0, "ISIBF_base": 0.007, "Latitude": 13.121354, "Longitude": 7.022282 }, "geometry": { "type": "Point", "coordinates": [ 7.022282, 13.121354 ] } },
{ "type": "Feature", "properties": { "ADM3_FR": "Madarounfa", "ADM2_FR": "Madarounfa", "ADM1_FR": "Maradi", "ADM0_EN": "Niger", "Population": 71832, "Total_bran": 0.0, "Country": "niger", "Filter": 1.0, "ISIBF_base": 0.029, "Latitude": 13.238461, "Longitude": 7.172533 }, "geometry": { "type": "Point", "coordinates": [ 7.172533, 13.238461 ] } },
{ "type": "Feature", "properties": { "ADM3_FR": "Safo", "ADM2_FR": "Madarounfa", "ADM1_FR": "Maradi", "ADM0_EN": "Niger", "Population": 91135, "Total_bran": 0.0, "Country": "niger", "Filter": 1.0, "ISIBF_base": 0.024, "Latitude": 13.291326, "Longitude": 6.941924 }, "geometry": { "type": "Point", "coordinates": [ 6.941924, 13.291326 ] } },
{ "type": "Feature", "properties": { "ADM3_FR": "Sarkin Yamma", "ADM2_FR": "Madarounfa", "ADM1_FR": "Maradi", "ADM0_EN": "Niger", "Population": 36557, "Total_bran": 0.0, "Country": "niger", "Filter": 1.0, "ISIBF_base": 0.079, "Latitude": 13.43209, "Longitude": 6.973118 }, "geometry": { "type": "Point", "coordinates": [ 6.973118, 13.43209 ] } },
{ "type": "Feature", "properties": { "ADM3_FR": "Maradi I", "ADM2_FR": "Ville de Maradi", "ADM1_FR": "Maradi", "ADM0_EN": "Niger", "Population": 114307, "Total_bran": 0.0, "Country": "niger", "Filter": 1.0, "ISIBF_base": 0.354, "Latitude": 13.515129, "Longitude": 7.107402 }, "geometry": { "type": "Point", "coordinates": [ 7.107402, 13.515129 ] } },
{ "type": "Feature", "properties": { "ADM3_FR": "Maradi II", "ADM2_FR": "Ville de Maradi", "ADM1_FR": "Maradi", "ADM0_EN": "Niger", "Population": 66728, "Total_bran": 7.0, "Country": "niger", "Filter": 1.0, "ISIBF_base": 0.434, "Latitude": 13.507135, "Longitude": 7.126751 }, "geometry": { "type": "Point", "coordinates": [ 7.126751, 13.507135 ] } },
{ "type": "Feature", "properties": { "ADM3_FR": "Maradi III", "ADM2_FR": "Ville de Maradi", "ADM1_FR": "Maradi", "ADM0_EN": "Niger", "Population": 86214, "Total_bran": 4.0, "Country": "niger", "Filter": 1.0, "ISIBF_base": 0.416, "Latitude": 13.477368, "Longitude": 7.133407 }, "geometry": { "type": "Point", "coordinates": [ 7.133407, 13.477368 ] } },
{ "type": "Feature", "properties": { "ADM3_FR": "Issawane", "ADM2_FR": "Mayahi", "ADM1_FR": "Maradi", "ADM0_EN": "Niger", "Population": 40155, "Total_bran": 0.0, "Country": "niger", "Filter": 1.0, "ISIBF_base": 0.004, "Latitude": 14.055193, "Longitude": 7.905399 }, "geometry": { "type": "Point", "coordinates": [ 7.905399, 14.055193 ] } },
{ "type": "Feature", "properties": { "ADM3_FR": "Kanan-Bakaché", "ADM2_FR": "Mayahi", "ADM1_FR": "Maradi", "ADM0_EN": "Niger", "Population": 85367, "Total_bran": 0.0, "Country": "niger", "Filter": 1.0, "ISIBF_base": 0.02, "Latitude": 13.869726, "Longitude": 7.856595 }, "geometry": { "type": "Point", "coordinates": [ 7.856595, 13.869726 ] } },
{ "type": "Feature", "properties": { "ADM3_FR": "Baoudetta", "ADM2_FR": "Tessaoua", "ADM1_FR": "Maradi", "ADM0_EN": "Niger", "Population": 11867, "Total_bran": 0.0, "Country": "niger", "Filter": 1.0, "ISIBF_base": 0.021, "Latitude": 13.612209, "Longitude": 8.107059 }, "geometry": { "type": "Point", "coordinates": [ 8.107059, 13.612209 ] } },
{ "type": "Feature", "properties": { "ADM3_FR": "Hawandawaki", "ADM2_FR": "Tessaoua", "ADM1_FR": "Maradi", "ADM0_EN": "Niger", "Population": 39739, "Total_bran": 0.0, "Country": "niger", "Filter": 1.0, "ISIBF_base": 0.003, "Latitude": 13.2976, "Longitude": 8.228215 }, "geometry": { "type": "Point", "coordinates": [ 8.228215, 13.2976 ] } },
{ "type": "Feature", "properties": { "ADM3_FR": "Koona", "ADM2_FR": "Tessaoua", "ADM1_FR": "Maradi", "ADM0_EN": "Niger", "Population": 14888, "Total_bran": 0.0, "Country": "niger", "Filter": 1.0, "ISIBF_base": 0.013, "Latitude": 13.553455, "Longitude": 8.094713 }, "geometry": { "type": "Point", "coordinates": [ 8.094713, 13.553455 ] } },
{ "type": "Feature", "properties": { "ADM3_FR": "Korgom", "ADM2_FR": "Tessaoua", "ADM1_FR": "Maradi", "ADM0_EN": "Niger", "Population": 68057, "Total_bran": 0.0, "Country": "niger", "Filter": 1.0, "ISIBF_base": 0.006, "Latitude": 13.472789, "Longitude": 8.237085 }, "geometry": { "type": "Point", "coordinates": [ 8.237085, 13.472789 ] } },
{ "type": "Feature", "properties": { "ADM3_FR": "Maïjirgui", "ADM2_FR": "Tessaoua", "ADM1_FR": "Maradi", "ADM0_EN": "Niger", "Population": 70655, "Total_bran": 0.0, "Country": "niger", "Filter": 1.0, "ISIBF_base": 0.013, "Latitude": 13.800788, "Longitude": 8.214549 }, "geometry": { "type": "Point", "coordinates": [ 8.214549, 13.800788 ] } },
{ "type": "Feature", "properties": { "ADM3_FR": "Alléla", "ADM2_FR": "Birni N'Konni", "ADM1_FR": "Tahoua", "ADM0_EN": "Niger", "Population": 52196, "Total_bran": 0.0, "Country": "niger", "Filter": 1.0, "ISIBF_base": 0.003, "Latitude": 13.925814, "Longitude": 4.733501 }, "geometry": { "type": "Point", "coordinates": [ 4.733501, 13.925814 ] } },
{ "type": "Feature", "properties": { "ADM3_FR": "Bazaga", "ADM2_FR": "Birni N'Konni", "ADM1_FR": "Tahoua", "ADM0_EN": "Niger", "Population": 37571, "Total_bran": 0.0, "Country": "niger", "Filter": 1.0, "ISIBF_base": 0.043, "Latitude": 13.802849, "Longitude": 5.052074 }, "geometry": { "type": "Point", "coordinates": [ 5.052074, 13.802849 ] } },
{ "type": "Feature", "properties": { "ADM3_FR": "Tsernaoua", "ADM2_FR": "Birni N'Konni", "ADM1_FR": "Tahoua", "ADM0_EN": "Niger", "Population": 73705, "Total_bran": 0.0, "Country": "niger", "Filter": 1.0, "ISIBF_base": 0.021, "Latitude": 13.924356, "Longitude": 5.376149 }, "geometry": { "type": "Point", "coordinates": [ 5.376149, 13.924356 ] } },
{ "type": "Feature", "properties": { "ADM3_FR": "Allakaye", "ADM2_FR": "Bouza", "ADM1_FR": "Tahoua", "ADM0_EN": "Niger", "Population": 80280, "Total_bran": 0.0, "Country": "niger", "Filter": 1.0, "ISIBF_base": 0.001, "Latitude": 14.421739, "Longitude": 5.755675 }, "geometry": { "type": "Point", "coordinates": [ 5.755675, 14.421739 ] } },
{ "type": "Feature", "properties": { "ADM3_FR": "Babankatami", "ADM2_FR": "Bouza", "ADM1_FR": "Tahoua", "ADM0_EN": "Niger", "Population": 65906, "Total_bran": 0.0, "Country": "niger", "Filter": 1.0, "ISIBF_base": 0.002, "Latitude": 14.539877, "Longitude": 6.368838 }, "geometry": { "type": "Point", "coordinates": [ 6.368838, 14.539877 ] } },
{ "type": "Feature", "properties": { "ADM3_FR": "Bouza", "ADM2_FR": "Bouza", "ADM1_FR": "Tahoua", "ADM0_EN": "Niger", "Population": 101445, "Total_bran": 0.0, "Country": "niger", "Filter": 1.0, "ISIBF_base": 0.005, "Latitude": 14.378467, "Longitude": 6.011148 }, "geometry": { "type": "Point", "coordinates": [ 6.011148, 14.378467 ] } },
{ "type": "Feature", "properties": { "ADM3_FR": "Déoulé", "ADM2_FR": "Bouza", "ADM1_FR": "Tahoua", "ADM0_EN": "Niger", "Population": 21009, "Total_bran": 0.0, "Country": "niger", "Filter": 1.0, "ISIBF_base": 0.001, "Latitude": 14.543653, "Longitude": 6.004423 }, "geometry": { "type": "Point", "coordinates": [ 6.004423, 14.543653 ] } },
{ "type": "Feature", "properties": { "ADM3_FR": "Karofane", "ADM2_FR": "Bouza", "ADM1_FR": "Tahoua", "ADM0_EN": "Niger", "Population": 77796, "Total_bran": 0.0, "Country": "niger", "Filter": 1.0, "ISIBF_base": 0.004, "Latitude": 14.330878, "Longitude": 6.242801 }, "geometry": { "type": "Point", "coordinates": [ 6.242801, 14.330878 ] } },
{ "type": "Feature", "properties": { "ADM3_FR": "Tama", "ADM2_FR": "Bouza", "ADM1_FR": "Tahoua", "ADM0_EN": "Niger", "Population": 52661, "Total_bran": 0.0, "Country": "niger", "Filter": 1.0, "ISIBF_base": 0.003, "Latitude": 14.295272, "Longitude": 5.79716 }, "geometry": { "type": "Point", "coordinates": [ 5.79716, 14.295272 ] } },
{ "type": "Feature", "properties": { "ADM3_FR": "Illéla", "ADM2_FR": "Illéla", "ADM1_FR": "Tahoua", "ADM0_EN": "Niger", "Population": 142214, "Total_bran": 0.0, "Country": "niger", "Filter": 1.0, "ISIBF_base": 0.004, "Latitude": 14.318153, "Longitude": 5.093369 }, "geometry": { "type": "Point", "coordinates": [ 5.093369, 14.318153 ] } },
{ "type": "Feature", "properties": { "ADM3_FR": "Tajaé", "ADM2_FR": "Illéla", "ADM1_FR": "Tahoua", "ADM0_EN": "Niger", "Population": 78080, "Total_bran": 0.0, "Country": "niger", "Filter": 1.0, "ISIBF_base": 0.01, "Latitude": 14.1892, "Longitude": 5.306143 }, "geometry": { "type": "Point", "coordinates": [ 5.306143, 14.1892 ] } },
{ "type": "Feature", "properties": { "ADM3_FR": "Tamaské", "ADM2_FR": "Keita", "ADM1_FR": "Tahoua", "ADM0_EN": "Niger", "Population": 111358, "Total_bran": 0.0, "Country": "niger", "Filter": 1.0, "ISIBF_base": 0.005, "Latitude": 14.645654, "Longitude": 5.597174 }, "geometry": { "type": "Point", "coordinates": [ 5.597174, 14.645654 ] } },
{ "type": "Feature", "properties": { "ADM3_FR": "Azarori", "ADM2_FR": "Madaoua", "ADM1_FR": "Tahoua", "ADM0_EN": "Niger", "Population": 18582, "Total_bran": 0.0, "Country": "niger", "Filter": 1.0, "ISIBF_base": 0.016, "Latitude": 14.175889, "Longitude": 5.916578 }, "geometry": { "type": "Point", "coordinates": [ 5.916578, 14.175889 ] } },
{ "type": "Feature", "properties": { "ADM3_FR": "Bangui", "ADM2_FR": "Madaoua", "ADM1_FR": "Tahoua", "ADM0_EN": "Niger", "Population": 140446, "Total_bran": 0.0, "Country": "niger", "Filter": 1.0, "ISIBF_base": 0.004, "Latitude": 13.835839, "Longitude": 6.157243 }, "geometry": { "type": "Point", "coordinates": [ 6.157243, 13.835839 ] } },
{ "type": "Feature", "properties": { "ADM3_FR": "Galma Koudawatché", "ADM2_FR": "Madaoua", "ADM1_FR": "Tahoua", "ADM0_EN": "Niger", "Population": 57255, "Total_bran": 0.0, "Country": "niger", "Filter": 1.0, "ISIBF_base": 0.005, "Latitude": 14.083347, "Longitude": 5.802094 }, "geometry": { "type": "Point", "coordinates": [ 5.802094, 14.083347 ] } },
{ "type": "Feature", "properties": { "ADM3_FR": "Ourno", "ADM2_FR": "Madaoua", "ADM1_FR": "Tahoua", "ADM0_EN": "Niger", "Population": 98769, "Total_bran": 0.0, "Country": "niger", "Filter": 1.0, "ISIBF_base": 0.003, "Latitude": 14.13348, "Longitude": 6.370904 }, "geometry": { "type": "Point", "coordinates": [ 6.370904, 14.13348 ] } },
{ "type": "Feature", "properties": { "ADM3_FR": "Sabon Guida", "ADM2_FR": "Madaoua", "ADM1_FR": "Tahoua", "ADM0_EN": "Niger", "Population": 103232, "Total_bran": 0.0, "Country": "niger", "Filter": 1.0, "ISIBF_base": 0.003, "Latitude": 13.878224, "Longitude": 5.87263 }, "geometry": { "type": "Point", "coordinates": [ 5.87263, 13.878224 ] } },
{ "type": "Feature", "properties": { "ADM3_FR": "Doguerawa", "ADM2_FR": "Malbaza", "ADM1_FR": "Tahoua", "ADM0_EN": "Niger", "Population": 117975, "Total_bran": 0.0, "Country": "niger", "Filter": 1.0, "ISIBF_base": 0.001, "Latitude": 14.01435, "Longitude": 5.65336 }, "geometry": { "type": "Point", "coordinates": [ 5.65336, 14.01435 ] } },
{ "type": "Feature", "properties": { "ADM3_FR": "Malbaza", "ADM2_FR": "Malbaza", "ADM1_FR": "Tahoua", "ADM0_EN": "Niger", "Population": 114432, "Total_bran": 0.0, "Country": "niger", "Filter": 1.0, "ISIBF_base": 0.007, "Latitude": 14.069071, "Longitude": 5.459459 }, "geometry": { "type": "Point", "coordinates": [ 5.459459, 14.069071 ] } },
{ "type": "Feature", "properties": { "ADM3_FR": "Affala", "ADM2_FR": "Tahoua", "ADM1_FR": "Tahoua", "ADM0_EN": "Niger", "Population": 68225, "Total_bran": 0.0, "Country": "niger", "Filter": 1.0, "ISIBF_base": 0.008, "Latitude": 15.211443, "Longitude": 5.133827 }, "geometry": { "type": "Point", "coordinates": [ 5.133827, 15.211443 ] } },
{ "type": "Feature", "properties": { "ADM3_FR": "Bambeye", "ADM2_FR": "Tahoua", "ADM1_FR": "Tahoua", "ADM0_EN": "Niger", "Population": 112962, "Total_bran": 0.0, "Country": "niger", "Filter": 1.0, "ISIBF_base": 0.009, "Latitude": 14.705365, "Longitude": 4.963863 }, "geometry": { "type": "Point", "coordinates": [ 4.963863, 14.705365 ] } },
{ "type": "Feature", "properties": { "ADM3_FR": "Barmou", "ADM2_FR": "Tahoua", "ADM1_FR": "Tahoua", "ADM0_EN": "Niger", "Population": 43856, "Total_bran": 0.0, "Country": "niger", "Filter": 1.0, "ISIBF_base": 0.021, "Latitude": 15.083507, "Longitude": 5.465088 }, "geometry": { "type": "Point", "coordinates": [ 5.465088, 15.083507 ] } },
{ "type": "Feature", "properties": { "ADM3_FR": "Kalfou", "ADM2_FR": "Tahoua", "ADM1_FR": "Tahoua", "ADM0_EN": "Niger", "Population": 111274, "Total_bran": 0.0, "Country": "niger", "Filter": 1.0, "ISIBF_base": 0.04, "Latitude": 14.802352, "Longitude": 5.482461 }, "geometry": { "type": "Point", "coordinates": [ 5.482461, 14.802352 ] } },
{ "type": "Feature", "properties": { "ADM3_FR": "Takanamat", "ADM2_FR": "Tahoua", "ADM1_FR": "Tahoua", "ADM0_EN": "Niger", "Population": 44049, "Total_bran": 0.0, "Country": "niger", "Filter": 1.0, "ISIBF_base": 0.001, "Latitude": 15.118918, "Longitude": 4.813182 }, "geometry": { "type": "Point", "coordinates": [ 4.813182, 15.118918 ] } },
{ "type": "Feature", "properties": { "ADM3_FR": "Tahoua I", "ADM2_FR": "Ville de Tahoua", "ADM1_FR": "Tahoua", "ADM0_EN": "Niger", "Population": 53569, "Total_bran": 1.0, "Country": "niger", "Filter": 1.0, "ISIBF_base": 0.178, "Latitude": 14.886431, "Longitude": 5.183255 }, "geometry": { "type": "Point", "coordinates": [ 5.183255, 14.886431 ] } },
{ "type": "Feature", "properties": { "ADM3_FR": "Tahoua II", "ADM2_FR": "Ville de Tahoua", "ADM1_FR": "Tahoua", "ADM0_EN": "Niger", "Population": 95929, "Total_bran": 9.0, "Country": "niger", "Filter": 1.0, "ISIBF_base": 0.335, "Latitude": 14.885192, "Longitude": 5.303962 }, "geometry": { "type": "Point", "coordinates": [ 5.303962, 14.885192 ] } },
{ "type": "Feature", "properties": { "ADM3_FR": "Bankilaré", "ADM2_FR": "Bankilaré", "ADM1_FR": "Tillabéri", "ADM0_EN": "Niger", "Population": 84893, "Total_bran": 0.0, "Country": "niger", "Filter": 1.0, "ISIBF_base": 0.001, "Latitude": 14.503766, "Longitude": 0.661041 }, "geometry": { "type": "Point", "coordinates": [ 0.661041, 14.503766 ] } },
{ "type": "Feature", "properties": { "ADM3_FR": "Bitinkodji", "ADM2_FR": "Kollo", "ADM1_FR": "Tillabéri", "ADM0_EN": "Niger", "Population": 29067, "Total_bran": 0.0, "Country": "niger", "Filter": 1.0, "ISIBF_base": 0.143, "Latitude": 13.360294, "Longitude": 1.967467 }, "geometry": { "type": "Point", "coordinates": [ 1.967467, 13.360294 ] } },
{ "type": "Feature", "properties": { "ADM3_FR": "Hamdallaye", "ADM2_FR": "Kollo", "ADM1_FR": "Tillabéri", "ADM0_EN": "Niger", "Population": 57002, "Total_bran": 0.0, "Country": "niger", "Filter": 1.0, "ISIBF_base": 0.085, "Latitude": 13.706826, "Longitude": 2.376347 }, "geometry": { "type": "Point", "coordinates": [ 2.376347, 13.706826 ] } },
{ "type": "Feature", "properties": { "ADM3_FR": "Karma", "ADM2_FR": "Kollo", "ADM1_FR": "Tillabéri", "ADM0_EN": "Niger", "Population": 88224, "Total_bran": 0.0, "Country": "niger", "Filter": 1.0, "ISIBF_base": 0.103, "Latitude": 13.741814, "Longitude": 1.936661 }, "geometry": { "type": "Point", "coordinates": [ 1.936661, 13.741814 ] } },
{ "type": "Feature", "properties": { "ADM3_FR": "Kollo", "ADM2_FR": "Kollo", "ADM1_FR": "Tillabéri", "ADM0_EN": "Niger", "Population": 32829, "Total_bran": 0.0, "Country": "niger", "Filter": 1.0, "ISIBF_base": 0.022, "Latitude": 13.266897, "Longitude": 2.406884 }, "geometry": { "type": "Point", "coordinates": [ 2.406884, 13.266897 ] } },
{ "type": "Feature", "properties": { "ADM3_FR": "Kouré", "ADM2_FR": "Kollo", "ADM1_FR": "Tillabéri", "ADM0_EN": "Niger", "Population": 46249, "Total_bran": 0.0, "Country": "niger", "Filter": 1.0, "ISIBF_base": 0.002, "Latitude": 13.343801, "Longitude": 2.589965 }, "geometry": { "type": "Point", "coordinates": [ 2.589965, 13.343801 ] } },
{ "type": "Feature", "properties": { "ADM3_FR": "Liboré", "ADM2_FR": "Kollo", "ADM1_FR": "Tillabéri", "ADM0_EN": "Niger", "Population": 26243, "Total_bran": 0.0, "Country": "niger", "Filter": 1.0, "ISIBF_base": 0.526, "Latitude": 13.496667, "Longitude": 2.227476 }, "geometry": { "type": "Point", "coordinates": [ 2.227476, 13.496667 ] } },
{ "type": "Feature", "properties": { "ADM3_FR": "N'Dounga", "ADM2_FR": "Kollo", "ADM1_FR": "Tillabéri", "ADM0_EN": "Niger", "Population": 22341, "Total_bran": 0.0, "Country": "niger", "Filter": 1.0, "ISIBF_base": 0.17, "Latitude": 13.419283, "Longitude": 2.305506 }, "geometry": { "type": "Point", "coordinates": [ 2.305506, 13.419283 ] } },
{ "type": "Feature", "properties": { "ADM3_FR": "Namaro", "ADM2_FR": "Kollo", "ADM1_FR": "Tillabéri", "ADM0_EN": "Niger", "Population": 55094, "Total_bran": 0.0, "Country": "niger", "Filter": 1.0, "ISIBF_base": 0.021, "Latitude": 13.577566, "Longitude": 1.721124 }, "geometry": { "type": "Point", "coordinates": [ 1.721124, 13.577566 ] } },
{ "type": "Feature", "properties": { "ADM3_FR": "Youri", "ADM2_FR": "Kollo", "ADM1_FR": "Tillabéri", "ADM0_EN": "Niger", "Population": 38714, "Total_bran": 0.0, "Country": "niger", "Filter": 1.0, "ISIBF_base": 0.079, "Latitude": 13.270769, "Longitude": 2.192301 }, "geometry": { "type": "Point", "coordinates": [ 2.192301, 13.270769 ] } },
{ "type": "Feature", "properties": { "ADM3_FR": "Ouallam", "ADM2_FR": "Ouallam", "ADM1_FR": "Tillabéri", "ADM0_EN": "Niger", "Population": 68191, "Total_bran": 0.0, "Country": "niger", "Filter": 1.0, "ISIBF_base": 0.003, "Latitude": 14.261077, "Longitude": 1.990054 }, "geometry": { "type": "Point", "coordinates": [ 1.990054, 14.261077 ] } },
{ "type": "Feature", "properties": { "ADM3_FR": "Simiri", "ADM2_FR": "Ouallam", "ADM1_FR": "Tillabéri", "ADM0_EN": "Niger", "Population": 103057, "Total_bran": 0.0, "Country": "niger", "Filter": 1.0, "ISIBF_base": 0.007, "Latitude": 14.021732, "Longitude": 2.216728 }, "geometry": { "type": "Point", "coordinates": [ 2.216728, 14.021732 ] } },
{ "type": "Feature", "properties": { "ADM3_FR": "Say", "ADM2_FR": "Say", "ADM1_FR": "Tillabéri", "ADM0_EN": "Niger", "Population": 58290, "Total_bran": 0.0, "Country": "niger", "Filter": 1.0, "ISIBF_base": 0.005, "Latitude": 13.084412, "Longitude": 2.238568 }, "geometry": { "type": "Point", "coordinates": [ 2.238568, 13.084412 ] } },
{ "type": "Feature", "properties": { "ADM3_FR": "Diagourou", "ADM2_FR": "Téra", "ADM1_FR": "Tillabéri", "ADM0_EN": "Niger", "Population": 61472, "Total_bran": 0.0, "Country": "niger", "Filter": 1.0, "ISIBF_base": 0.003, "Latitude": 13.806036, "Longitude": 0.824956 }, "geometry": { "type": "Point", "coordinates": [ 0.824956, 13.806036 ] } },
{ "type": "Feature", "properties": { "ADM3_FR": "Kokorou", "ADM2_FR": "Téra", "ADM1_FR": "Tillabéri", "ADM0_EN": "Niger", "Population": 96218, "Total_bran": 0.0, "Country": "niger", "Filter": 1.0, "ISIBF_base": 0.002, "Latitude": 14.235025, "Longitude": 0.947162 }, "geometry": { "type": "Point", "coordinates": [ 0.947162, 14.235025 ] } },
{ "type": "Feature", "properties": { "ADM3_FR": "Bibiyergou", "ADM2_FR": "Tillabéri", "ADM1_FR": "Tillabéri", "ADM0_EN": "Niger", "Population": 1853, "Total_bran": 0.0, "Country": "niger", "Filter": 1.0, "ISIBF_base": 0.002, "Latitude": 14.440109, "Longitude": 1.215216 }, "geometry": { "type": "Point", "coordinates": [ 1.215216, 14.440109 ] } },
{ "type": "Feature", "properties": { "ADM3_FR": "Kourteye", "ADM2_FR": "Tillabéri", "ADM1_FR": "Tillabéri", "ADM0_EN": "Niger", "Population": 61670, "Total_bran": 0.0, "Country": "niger", "Filter": 1.0, "ISIBF_base": 0.012, "Latitude": 13.971773, "Longitude": 1.659945 }, "geometry": { "type": "Point", "coordinates": [ 1.659945, 13.971773 ] } },
{ "type": "Feature", "properties": { "ADM3_FR": "Sakoïra", "ADM2_FR": "Tillabéri", "ADM1_FR": "Tillabéri", "ADM0_EN": "Niger", "Population": 26776, "Total_bran": 0.0, "Country": "niger", "Filter": 1.0, "ISIBF_base": 0.023, "Latitude": 14.374482, "Longitude": 1.456533 }, "geometry": { "type": "Point", "coordinates": [ 1.456533, 14.374482 ] } },
{ "type": "Feature", "properties": { "ADM3_FR": "Sinder", "ADM2_FR": "Tillabéri", "ADM1_FR": "Tillabéri", "ADM0_EN": "Niger", "Population": 28165, "Total_bran": 0.0, "Country": "niger", "Filter": 1.0, "ISIBF_base": 0.008, "Latitude": 14.299305, "Longitude": 1.299989 }, "geometry": { "type": "Point", "coordinates": [ 1.299989, 14.299305 ] } },
{ "type": "Feature", "properties": { "ADM3_FR": "Albarkaram", "ADM2_FR": "Damagaram Takaya", "ADM1_FR": "Zinder", "ADM0_EN": "Niger", "Population": 17619, "Total_bran": 0.0, "Country": "niger", "Filter": 1.0, "ISIBF_base": 0.011, "Latitude": 14.045107, "Longitude": 9.260871 }, "geometry": { "type": "Point", "coordinates": [ 9.260871, 14.045107 ] } },
{ "type": "Feature", "properties": { "ADM3_FR": "Mazamni", "ADM2_FR": "Damagaram Takaya", "ADM1_FR": "Zinder", "ADM0_EN": "Niger", "Population": 22183, "Total_bran": 0.0, "Country": "niger", "Filter": 1.0, "ISIBF_base": 0.005, "Latitude": 13.937562, "Longitude": 9.415237 }, "geometry": { "type": "Point", "coordinates": [ 9.415237, 13.937562 ] } },
{ "type": "Feature", "properties": { "ADM3_FR": "Wamé", "ADM2_FR": "Damagaram Takaya", "ADM1_FR": "Zinder", "ADM0_EN": "Niger", "Population": 43568, "Total_bran": 0.0, "Country": "niger", "Filter": 1.0, "ISIBF_base": 0.002, "Latitude": 14.228969, "Longitude": 9.192038 }, "geometry": { "type": "Point", "coordinates": [ 9.192038, 14.228969 ] } },
{ "type": "Feature", "properties": { "ADM3_FR": "Dungass", "ADM2_FR": "Dungass", "ADM1_FR": "Zinder", "ADM0_EN": "Niger", "Population": 127757, "Total_bran": 0.0, "Country": "niger", "Filter": 1.0, "ISIBF_base": 0.001, "Latitude": 13.106614, "Longitude": 9.302305 }, "geometry": { "type": "Point", "coordinates": [ 9.302305, 13.106614 ] } },
{ "type": "Feature", "properties": { "ADM3_FR": "Dan Barto", "ADM2_FR": "Kantché", "ADM1_FR": "Zinder", "ADM0_EN": "Niger", "Population": 40900, "Total_bran": 0.0, "Country": "niger", "Filter": 1.0, "ISIBF_base": 0.006, "Latitude": 13.225795, "Longitude": 8.350308 }, "geometry": { "type": "Point", "coordinates": [ 8.350308, 13.225795 ] } },
{ "type": "Feature", "properties": { "ADM3_FR": "Daouché", "ADM2_FR": "Kantché", "ADM1_FR": "Zinder", "ADM0_EN": "Niger", "Population": 37754, "Total_bran": 0.0, "Country": "niger", "Filter": 1.0, "ISIBF_base": 0.018, "Latitude": 13.44366, "Longitude": 8.388299 }, "geometry": { "type": "Point", "coordinates": [ 8.388299, 13.44366 ] } },
{ "type": "Feature", "properties": { "ADM3_FR": "Doungou", "ADM2_FR": "Kantché", "ADM1_FR": "Zinder", "ADM0_EN": "Niger", "Population": 39031, "Total_bran": 0.0, "Country": "niger", "Filter": 1.0, "ISIBF_base": 0.016, "Latitude": 13.427972, "Longitude": 8.703128 }, "geometry": { "type": "Point", "coordinates": [ 8.703128, 13.427972 ] } },
{ "type": "Feature", "properties": { "ADM3_FR": "Ichirnawa", "ADM2_FR": "Kantché", "ADM1_FR": "Zinder", "ADM0_EN": "Niger", "Population": 42582, "Total_bran": 0.0, "Country": "niger", "Filter": 1.0, "ISIBF_base": 0.015, "Latitude": 13.553909, "Longitude": 8.601738 }, "geometry": { "type": "Point", "coordinates": [ 8.601738, 13.553909 ] } },
{ "type": "Feature", "properties": { "ADM3_FR": "Kantché", "ADM2_FR": "Kantché", "ADM1_FR": "Zinder", "ADM0_EN": "Niger", "Population": 56468, "Total_bran": 0.0, "Country": "niger", "Filter": 1.0, "ISIBF_base": 0.01, "Latitude": 13.567986, "Longitude": 8.432574 }, "geometry": { "type": "Point", "coordinates": [ 8.432574, 13.567986 ] } },
{ "type": "Feature", "properties": { "ADM3_FR": "Kourni", "ADM2_FR": "Kantché", "ADM1_FR": "Zinder", "ADM0_EN": "Niger", "Population": 28872, "Total_bran": 0.0, "Country": "niger", "Filter": 1.0, "ISIBF_base": 0.018, "Latitude": 13.253766, "Longitude": 8.477405 }, "geometry": { "type": "Point", "coordinates": [ 8.477405, 13.253766 ] } },
{ "type": "Feature", "properties": { "ADM3_FR": "Tsaouni", "ADM2_FR": "Kantché", "ADM1_FR": "Zinder", "ADM0_EN": "Niger", "Population": 37854, "Total_bran": 0.0, "Country": "niger", "Filter": 1.0, "ISIBF_base": 0.029, "Latitude": 13.333299, "Longitude": 8.440271 }, "geometry": { "type": "Point", "coordinates": [ 8.440271, 13.333299 ] } },
{ "type": "Feature", "properties": { "ADM3_FR": "Yaouri", "ADM2_FR": "Kantché", "ADM1_FR": "Zinder", "ADM0_EN": "Niger", "Population": 50732, "Total_bran": 0.0, "Country": "niger", "Filter": 1.0, "ISIBF_base": 0.017, "Latitude": 13.293011, "Longitude": 8.661866 }, "geometry": { "type": "Point", "coordinates": [ 8.661866, 13.293011 ] } },
{ "type": "Feature", "properties": { "ADM3_FR": "Bandé", "ADM2_FR": "Magaria", "ADM1_FR": "Zinder", "ADM0_EN": "Niger", "Population": 114242, "Total_bran": 0.0, "Country": "niger", "Filter": 1.0, "ISIBF_base": 0.008, "Latitude": 13.189498, "Longitude": 8.915174 }, "geometry": { "type": "Point", "coordinates": [ 8.915174, 13.189498 ] } },
{ "type": "Feature", "properties": { "ADM3_FR": "Dantchiao", "ADM2_FR": "Magaria", "ADM1_FR": "Zinder", "ADM0_EN": "Niger", "Population": 71018, "Total_bran": 0.0, "Country": "niger", "Filter": 1.0, "ISIBF_base": 0.01, "Latitude": 12.953566, "Longitude": 9.086998 }, "geometry": { "type": "Point", "coordinates": [ 9.086998, 12.953566 ] } },
{ "type": "Feature", "properties": { "ADM3_FR": "Kwaya", "ADM2_FR": "Magaria", "ADM1_FR": "Zinder", "ADM0_EN": "Niger", "Population": 32510, "Total_bran": 0.0, "Country": "niger", "Filter": 1.0, "ISIBF_base": 0.009, "Latitude": 13.160061, "Longitude": 8.684598 }, "geometry": { "type": "Point", "coordinates": [ 8.684598, 13.160061 ] } },
{ "type": "Feature", "properties": { "ADM3_FR": "Sassoumbroum", "ADM2_FR": "Magaria", "ADM1_FR": "Zinder", "ADM0_EN": "Niger", "Population": 78163, "Total_bran": 0.0, "Country": "niger", "Filter": 1.0, "ISIBF_base": 0.006, "Latitude": 13.130903, "Longitude": 8.4815 }, "geometry": { "type": "Point", "coordinates": [ 8.4815, 13.130903 ] } },
{ "type": "Feature", "properties": { "ADM3_FR": "Yékoua", "ADM2_FR": "Magaria", "ADM1_FR": "Zinder", "ADM0_EN": "Niger", "Population": 57611, "Total_bran": 0.0, "Country": "niger", "Filter": 1.0, "ISIBF_base": 0.01, "Latitude": 13.028515, "Longitude": 8.675427 }, "geometry": { "type": "Point", "coordinates": [ 8.675427, 13.028515 ] } },
{ "type": "Feature", "properties": { "ADM3_FR": "Dogo", "ADM2_FR": "Mirriah", "ADM1_FR": "Zinder", "ADM0_EN": "Niger", "Population": 147601, "Total_bran": 0.0, "Country": "niger", "Filter": 1.0, "ISIBF_base": 0.007, "Latitude": 13.408599, "Longitude": 8.95386 }, "geometry": { "type": "Point", "coordinates": [ 8.95386, 13.408599 ] } },
{ "type": "Feature", "properties": { "ADM3_FR": "Droum", "ADM2_FR": "Mirriah", "ADM1_FR": "Zinder", "ADM0_EN": "Niger", "Population": 102306, "Total_bran": 0.0, "Country": "niger", "Filter": 1.0, "ISIBF_base": 0.027, "Latitude": 13.607379, "Longitude": 8.816132 }, "geometry": { "type": "Point", "coordinates": [ 8.816132, 13.607379 ] } },
{ "type": "Feature", "properties": { "ADM3_FR": "Gaffati", "ADM2_FR": "Mirriah", "ADM1_FR": "Zinder", "ADM0_EN": "Niger", "Population": 46379, "Total_bran": 0.0, "Country": "niger", "Filter": 1.0, "ISIBF_base": 0.06, "Latitude": 13.861553, "Longitude": 9.189128 }, "geometry": { "type": "Point", "coordinates": [ 9.189128, 13.861553 ] } },
{ "type": "Feature", "properties": { "ADM3_FR": "Gouna", "ADM2_FR": "Mirriah", "ADM1_FR": "Zinder", "ADM0_EN": "Niger", "Population": 63598, "Total_bran": 0.0, "Country": "niger", "Filter": 1.0, "ISIBF_base": 0.009, "Latitude": 13.474058, "Longitude": 9.154577 }, "geometry": { "type": "Point", "coordinates": [ 9.154577, 13.474058 ] } },
{ "type": "Feature", "properties": { "ADM3_FR": "Hamdara", "ADM2_FR": "Mirriah", "ADM1_FR": "Zinder", "ADM0_EN": "Niger", "Population": 39574, "Total_bran": 0.0, "Country": "niger", "Filter": 1.0, "ISIBF_base": 0.005, "Latitude": 13.66151, "Longitude": 9.392197 }, "geometry": { "type": "Point", "coordinates": [ 9.392197, 13.66151 ] } },
{ "type": "Feature", "properties": { "ADM3_FR": "Kolleram", "ADM2_FR": "Mirriah", "ADM1_FR": "Zinder", "ADM0_EN": "Niger", "Population": 29583, "Total_bran": 0.0, "Country": "niger", "Filter": 1.0, "ISIBF_base": 0.085, "Latitude": 13.678029, "Longitude": 9.099522 }, "geometry": { "type": "Point", "coordinates": [ 9.099522, 13.678029 ] } },
{ "type": "Feature", "properties": { "ADM3_FR": "Mirriah", "ADM2_FR": "Mirriah", "ADM1_FR": "Zinder", "ADM0_EN": "Niger", "Population": 80126, "Total_bran": 0.0, "Country": "niger", "Filter": 1.0, "ISIBF_base": 0.03, "Latitude": 13.675172, "Longitude": 9.221391 }, "geometry": { "type": "Point", "coordinates": [ 9.221391, 13.675172 ] } },
{ "type": "Feature", "properties": { "ADM3_FR": "Zermou", "ADM2_FR": "Mirriah", "ADM1_FR": "Zinder", "ADM0_EN": "Niger", "Population": 32486, "Total_bran": 0.0, "Country": "niger", "Filter": 1.0, "ISIBF_base": 0.018, "Latitude": 13.823873, "Longitude": 9.310191 }, "geometry": { "type": "Point", "coordinates": [ 9.310191, 13.823873 ] } },
{ "type": "Feature", "properties": { "ADM3_FR": "Dakoussa", "ADM2_FR": "Takeita", "ADM1_FR": "Zinder", "ADM0_EN": "Niger", "Population": 61779, "Total_bran": 0.0, "Country": "niger", "Filter": 1.0, "ISIBF_base": 0.036, "Latitude": 14.04485, "Longitude": 8.997204 }, "geometry": { "type": "Point", "coordinates": [ 8.997204, 14.04485 ] } },
{ "type": "Feature", "properties": { "ADM3_FR": "Garagoumsa", "ADM2_FR": "Takeita", "ADM1_FR": "Zinder", "ADM0_EN": "Niger", "Population": 69028, "Total_bran": 0.0, "Country": "niger", "Filter": 1.0, "ISIBF_base": 0.004, "Latitude": 13.724615, "Longitude": 8.41332 }, "geometry": { "type": "Point", "coordinates": [ 8.41332, 13.724615 ] } },
{ "type": "Feature", "properties": { "ADM3_FR": "Tirmini", "ADM2_FR": "Takeita", "ADM1_FR": "Zinder", "ADM0_EN": "Niger", "Population": 116011, "Total_bran": 0.0, "Country": "niger", "Filter": 1.0, "ISIBF_base": 0.013, "Latitude": 13.919144, "Longitude": 8.701414 }, "geometry": { "type": "Point", "coordinates": [ 8.701414, 13.919144 ] } },
{ "type": "Feature", "properties": { "ADM3_FR": "Zinder I", "ADM2_FR": "Ville de Zinder", "ADM1_FR": "Zinder", "ADM0_EN": "Niger", "Population": 84610, "Total_bran": 0.0, "Country": "niger", "Filter": 1.0, "ISIBF_base": 0.161, "Latitude": 13.816245, "Longitude": 8.922793 }, "geometry": { "type": "Point", "coordinates": [ 8.922793, 13.816245 ] } },
{ "type": "Feature", "properties": { "ADM3_FR": "Zinder II", "ADM2_FR": "Ville de Zinder", "ADM1_FR": "Zinder", "ADM0_EN": "Niger", "Population": 68984, "Total_bran": 0.0, "Country": "niger", "Filter": 1.0, "ISIBF_base": 0.189, "Latitude": 13.868587, "Longitude": 8.971644 }, "geometry": { "type": "Point", "coordinates": [ 8.971644, 13.868587 ] } },
{ "type": "Feature", "properties": { "ADM3_FR": "Zinder III", "ADM2_FR": "Ville de Zinder", "ADM1_FR": "Zinder", "ADM0_EN": "Niger", "Population": 55995, "Total_bran": 3.0, "Country": "niger", "Filter": 1.0, "ISIBF_base": 0.285, "Latitude": 13.85783, "Longitude": 9.028001 }, "geometry": { "type": "Point", "coordinates": [ 9.028001, 13.85783 ] } },
{ "type": "Feature", "properties": { "ADM3_FR": "Zinder IV", "ADM2_FR": "Ville de Zinder", "ADM1_FR": "Zinder", "ADM0_EN": "Niger", "Population": 80923, "Total_bran": 7.0, "Country": "niger", "Filter": 1.0, "ISIBF_base": 0.345, "Latitude": 13.76813, "Longitude": 8.997693 }, "geometry": { "type": "Point", "coordinates": [ 8.997693, 13.76813 ] } },
{ "type": "Feature", "properties": { "ADM3_FR": "Zinder V", "ADM2_FR": "Ville de Zinder", "ADM1_FR": "Zinder", "ADM0_EN": "Niger", "Population": 32423, "Total_bran": 0.0, "Country": "niger", "Filter": 1.0, "ISIBF_base": 0.098, "Latitude": 13.654321, "Longitude": 9.009793 }, "geometry": { "type": "Point", "coordinates": [ 9.009793, 13.654321 ] } },
{ "type": "Feature", "properties": { "ADM3_FR": "Niamey I", "ADM2_FR": "Ville de Niamey", "ADM1_FR": "Niamey", "ADM0_EN": "Niger", "Population": 210020, "Total_bran": 16.0, "Country": "niger", "Filter": 1.0, "ISIBF_base": 0.817, "Latitude": 13.575453, "Longitude": 2.054628 }, "geometry": { "type": "Point", "coordinates": [ 2.054628, 13.575453 ] } },
{ "type": "Feature", "properties": { "ADM3_FR": "Niamey II", "ADM2_FR": "Ville de Niamey", "ADM1_FR": "Niamey", "ADM0_EN": "Niger", "Population": 246898, "Total_bran": 22.0, "Country": "niger", "Filter": 1.0, "ISIBF_base": 1.0, "Latitude": 13.581326, "Longitude": 2.127079 }, "geometry": { "type": "Point", "coordinates": [ 2.127079, 13.581326 ] } },
{ "type": "Feature", "properties": { "ADM3_FR": "Niamey III", "ADM2_FR": "Ville de Niamey", "ADM1_FR": "Niamey", "ADM0_EN": "Niger", "Population": 163175, "Total_bran": 39.0, "Country": "niger", "Filter": 1.0, "ISIBF_base": 0.954, "Latitude": 13.579013, "Longitude": 2.187217 }, "geometry": { "type": "Point", "coordinates": [ 2.187217, 13.579013 ] } },
{ "type": "Feature", "properties": { "ADM3_FR": "Niamey IV", "ADM2_FR": "Ville de Niamey", "ADM1_FR": "Niamey", "ADM0_EN": "Niger", "Population": 274484, "Total_bran": 7.0, "Country": "niger", "Filter": 1.0, "ISIBF_base": 0.761, "Latitude": 13.497885, "Longitude": 2.17739 }, "geometry": { "type": "Point", "coordinates": [ 2.17739, 13.497885 ] } },
{ "type": "Feature", "properties": { "ADM3_FR": "Niamey V", "ADM2_FR": "Ville de Niamey", "ADM1_FR": "Niamey", "ADM0_EN": "Niger", "Population": 132271, "Total_bran": 5.0, "Country": "niger", "Filter": 1.0, "ISIBF_base": 0.573, "Latitude": 13.461376, "Longitude": 2.050275 }, "geometry": { "type": "Point", "coordinates": [ 2.050275, 13.461376 ] } },
{ "type": "Feature", "properties": { "ADM3_FR": "Grand Dakar", "ADM2_FR": "Dakar", "ADM1_FR": "Dakar", "ADM0_EN": "Senegal", "Population": 331046, "Total_bran": 0.0, "Country": "senegal", "Filter": 1.0, "ISIBF_base": 0.008, "Latitude": 14.714434, "Longitude": -17.439954 }, "geometry": { "type": "Point", "coordinates": [ -17.439954, 14.714434 ] } },
{ "type": "Feature", "properties": { "ADM3_FR": "Parcelles Assainies", "ADM2_FR": "Dakar", "ADM1_FR": "Dakar", "ADM0_EN": "Senegal", "Population": 472699, "Total_bran": 0.0, "Country": "senegal", "Filter": 1.0, "ISIBF_base": 0.008, "Latitude": 14.747956, "Longitude": -17.446042 }, "geometry": { "type": "Point", "coordinates": [ -17.446042, 14.747956 ] } },
{ "type": "Feature", "properties": { "ADM3_FR": "Dakar Plateau", "ADM2_FR": "Dakar", "ADM1_FR": "Dakar", "ADM0_EN": "Senegal", "Population": 198528, "Total_bran": 0.0, "Country": "senegal", "Filter": 1.0, "ISIBF_base": 0.007, "Latitude": 14.65175, "Longitude": -17.47247 }, "geometry": { "type": "Point", "coordinates": [ -17.47247, 14.65175 ] } },
{ "type": "Feature", "properties": { "ADM3_FR": "Dakar Plateau", "ADM2_FR": "Dakar", "ADM1_FR": "Dakar", "ADM0_EN": "Senegal", "Population": 198528, "Total_bran": 0.0, "Country": "senegal", "Filter": 1.0, "ISIBF_base": 0.007, "Latitude": 14.652678, "Longitude": -17.472602 }, "geometry": { "type": "Point", "coordinates": [ -17.472602, 14.652678 ] } },
{ "type": "Feature", "properties": { "ADM3_FR": "Dakar Plateau", "ADM2_FR": "Dakar", "ADM1_FR": "Dakar", "ADM0_EN": "Senegal", "Population": 198528, "Total_bran": 0.0, "Country": "senegal", "Filter": 1.0, "ISIBF_base": 0.007, "Latitude": 14.654518, "Longitude": -17.471301 }, "geometry": { "type": "Point", "coordinates": [ -17.471301, 14.654518 ] } },
{ "type": "Feature", "properties": { "ADM3_FR": "Dakar Plateau", "ADM2_FR": "Dakar", "ADM1_FR": "Dakar", "ADM0_EN": "Senegal", "Population": 198528, "Total_bran": 0.0, "Country": "senegal", "Filter": 1.0, "ISIBF_base": 0.007, "Latitude": 14.666978, "Longitude": -17.398526 }, "geometry": { "type": "Point", "coordinates": [ -17.398526, 14.666978 ] } },
{ "type": "Feature", "properties": { "ADM3_FR": "Dakar Plateau", "ADM2_FR": "Dakar", "ADM1_FR": "Dakar", "ADM0_EN": "Senegal", "Population": 198528, "Total_bran": 0.0, "Country": "senegal", "Filter": 1.0, "ISIBF_base": 0.007, "Latitude": 14.681659, "Longitude": -17.449863 }, "geometry": { "type": "Point", "coordinates": [ -17.449863, 14.681659 ] } },
{ "type": "Feature", "properties": { "ADM3_FR": "Guédiawaye", "ADM2_FR": "Guédiawaye", "ADM1_FR": "Dakar", "ADM0_EN": "Senegal", "Population": 372708, "Total_bran": 0.0, "Country": "senegal", "Filter": 1.0, "ISIBF_base": 0.015, "Latitude": 14.774833, "Longitude": -17.394513 }, "geometry": { "type": "Point", "coordinates": [ -17.394513, 14.774833 ] } },
{ "type": "Feature", "properties": { "ADM3_FR": "Thiaroye", "ADM2_FR": "Pikine", "ADM1_FR": "Dakar", "ADM0_EN": "Senegal", "Population": 415840, "Total_bran": 0.0, "Country": "senegal", "Filter": 1.0, "ISIBF_base": 0.036, "Latitude": 14.748075, "Longitude": -17.336985 }, "geometry": { "type": "Point", "coordinates": [ -17.336985, 14.748075 ] } },
{ "type": "Feature", "properties": { "ADM3_FR": "Pikine Dagoudane", "ADM2_FR": "Pikine", "ADM1_FR": "Dakar", "ADM0_EN": "Senegal", "Population": 348757, "Total_bran": 0.0, "Country": "senegal", "Filter": 1.0, "ISIBF_base": 0.014, "Latitude": 14.753444, "Longitude": -17.399098 }, "geometry": { "type": "Point", "coordinates": [ -17.399098, 14.753444 ] } },
{ "type": "Feature", "properties": { "ADM3_FR": "Sangalkam", "ADM2_FR": "Rufisque", "ADM1_FR": "Dakar", "ADM0_EN": "Senegal", "Population": 324101, "Total_bran": 0.0, "Country": "senegal", "Filter": 1.0, "ISIBF_base": 0.123, "Latitude": 14.814516, "Longitude": -17.141437 }, "geometry": { "type": "Point", "coordinates": [ -17.141437, 14.814516 ] } },
{ "type": "Feature", "properties": { "ADM3_FR": "Sangalkam", "ADM2_FR": "Rufisque", "ADM1_FR": "Dakar", "ADM0_EN": "Senegal", "Population": 324101, "Total_bran": 0.0, "Country": "senegal", "Filter": 1.0, "ISIBF_base": 0.123, "Latitude": 14.807003, "Longitude": -17.217498 }, "geometry": { "type": "Point", "coordinates": [ -17.217498, 14.807003 ] } },
{ "type": "Feature", "properties": { "ADM3_FR": "Rufisque-Est", "ADM2_FR": "Rufisque", "ADM1_FR": "Dakar", "ADM0_EN": "Senegal", "Population": 295459, "Total_bran": 0.0, "Country": "senegal", "Filter": 1.0, "ISIBF_base": 0.073, "Latitude": 14.724862, "Longitude": -17.271421 }, "geometry": { "type": "Point", "coordinates": [ -17.271421, 14.724862 ] } },
{ "type": "Feature", "properties": { "ADM3_FR": "Diamniadio", "ADM2_FR": "Rufisque", "ADM1_FR": "Dakar", "ADM0_EN": "Senegal", "Population": 77731, "Total_bran": 0.0, "Country": "senegal", "Filter": 1.0, "ISIBF_base": 0.205, "Latitude": 14.704477, "Longitude": -17.156791 }, "geometry": { "type": "Point", "coordinates": [ -17.156791, 14.704477 ] } },
{ "type": "Feature", "properties": { "ADM3_FR": "N/A", "ADM2_FR": "Rufisque", "ADM1_FR": "Dakar", "ADM0_EN": "Senegal", "Population": 121046, "Total_bran": 0.0, "Country": "senegal", "Filter": 1.0, "ISIBF_base": 0.13, "Latitude": 14.708917, "Longitude": -17.209087 }, "geometry": { "type": "Point", "coordinates": [ -17.209087, 14.708917 ] } },
{ "type": "Feature", "properties": { "ADM3_FR": "Jaxaay", "ADM2_FR": "Keur Massar", "ADM1_FR": "Dakar", "ADM0_EN": "Senegal", "Population": 176398, "Total_bran": 0.0, "Country": "senegal", "Filter": 1.0, "ISIBF_base": 0.058, "Latitude": 14.766349, "Longitude": -17.295216 }, "geometry": { "type": "Point", "coordinates": [ -17.295216, 14.766349 ] } },
{ "type": "Feature", "properties": { "ADM3_FR": "Malika", "ADM2_FR": "Keur Massar", "ADM1_FR": "Dakar", "ADM0_EN": "Senegal", "Population": 281472, "Total_bran": 0.0, "Country": "senegal", "Filter": 1.0, "ISIBF_base": 0.044, "Latitude": 14.793518, "Longitude": -17.319312 }, "geometry": { "type": "Point", "coordinates": [ -17.319312, 14.793518 ] } },
{ "type": "Feature", "properties": { "ADM3_FR": "Yeumbeul", "ADM2_FR": "Keur Massar", "ADM1_FR": "Dakar", "ADM0_EN": "Senegal", "Population": 312444, "Total_bran": 0.0, "Country": "senegal", "Filter": 1.0, "ISIBF_base": 0.03, "Latitude": 14.778961, "Longitude": -17.354142 }, "geometry": { "type": "Point", "coordinates": [ -17.354142, 14.778961 ] } },
{ "type": "Feature", "properties": { "ADM3_FR": "Lambaye", "ADM2_FR": "Bambey", "ADM1_FR": "Diourbel", "ADM0_EN": "Senegal", "Population": 131296, "Total_bran": 0.0, "Country": "senegal", "Filter": 1.0, "ISIBF_base": 0.027, "Latitude": 14.807499, "Longitude": -16.492113 }, "geometry": { "type": "Point", "coordinates": [ -16.492113, 14.807499 ] } },
{ "type": "Feature", "properties": { "ADM3_FR": "Ngoye", "ADM2_FR": "Bambey", "ADM1_FR": "Diourbel", "ADM0_EN": "Senegal", "Population": 193949, "Total_bran": 0.0, "Country": "senegal", "Filter": 1.0, "ISIBF_base": 0.051, "Latitude": 14.679404, "Longitude": -16.450064 }, "geometry": { "type": "Point", "coordinates": [ -16.450064, 14.679404 ] } },
{ "type": "Feature", "properties": { "ADM3_FR": "Baba Garage", "ADM2_FR": "Bambey", "ADM1_FR": "Diourbel", "ADM0_EN": "Senegal", "Population": 51222, "Total_bran": 0.0, "Country": "senegal", "Filter": 1.0, "ISIBF_base": 0.022, "Latitude": 14.940275, "Longitude": -16.514035 }, "geometry": { "type": "Point", "coordinates": [ -16.514035, 14.940275 ] } },
{ "type": "Feature", "properties": { "ADM3_FR": "Ndoulo", "ADM2_FR": "Diourbel", "ADM1_FR": "Diourbel", "ADM0_EN": "Senegal", "Population": 281075, "Total_bran": 6.0, "Country": "senegal", "Filter": 1.0, "ISIBF_base": 0.577, "Latitude": 14.659902, "Longitude": -16.187898 }, "geometry": { "type": "Point", "coordinates": [ -16.187898, 14.659902 ] } },
{ "type": "Feature", "properties": { "ADM3_FR": "Ndindy", "ADM2_FR": "Diourbel", "ADM1_FR": "Diourbel", "ADM0_EN": "Senegal", "Population": 63034, "Total_bran": 0.0, "Country": "senegal", "Filter": 1.0, "ISIBF_base": 0.075, "Latitude": 14.877569, "Longitude": -16.247374 }, "geometry": { "type": "Point", "coordinates": [ -16.247374, 14.877569 ] } },
{ "type": "Feature", "properties": { "ADM3_FR": "Ndame", "ADM2_FR": "Mbacké", "ADM1_FR": "Diourbel", "ADM0_EN": "Senegal", "Population": 1261577, "Total_bran": 24.0, "Country": "senegal", "Filter": 1.0, "ISIBF_base": 0.933, "Latitude": 14.865686, "Longitude": -15.918267 }, "geometry": { "type": "Point", "coordinates": [ -15.918267, 14.865686 ] } },
{ "type": "Feature", "properties": { "ADM3_FR": "Taïf", "ADM2_FR": "Mbacké", "ADM1_FR": "Diourbel", "ADM0_EN": "Senegal", "Population": 42677, "Total_bran": 0.0, "Country": "senegal", "Filter": 1.0, "ISIBF_base": 0.025, "Latitude": 14.757711, "Longitude": -15.583418 }, "geometry": { "type": "Point", "coordinates": [ -15.583418, 14.757711 ] } },
{ "type": "Feature", "properties": { "ADM3_FR": "Kaèl", "ADM2_FR": "Mbacké", "ADM1_FR": "Diourbel", "ADM0_EN": "Senegal", "Population": 55502, "Total_bran": 0.0, "Country": "senegal", "Filter": 1.0, "ISIBF_base": 0.126, "Latitude": 14.660262, "Longitude": -15.924857 }, "geometry": { "type": "Point", "coordinates": [ -15.924857, 14.660262 ] } },
{ "type": "Feature", "properties": { "ADM3_FR": "Ndiob", "ADM2_FR": "Fatick", "ADM1_FR": "Fatick", "ADM0_EN": "Senegal", "Population": 88556, "Total_bran": 0.0, "Country": "senegal", "Filter": 1.0, "ISIBF_base": 0.06, "Latitude": 14.381411, "Longitude": -16.291643 }, "geometry": { "type": "Point", "coordinates": [ -16.291643, 14.381411 ] } },
{ "type": "Feature", "properties": { "ADM3_FR": "Fimla", "ADM2_FR": "Fatick", "ADM1_FR": "Fatick", "ADM0_EN": "Senegal", "Population": 88242, "Total_bran": 0.0, "Country": "senegal", "Filter": 1.0, "ISIBF_base": 0.036, "Latitude": 14.170407, "Longitude": -16.623647 }, "geometry": { "type": "Point", "coordinates": [ -16.623647, 14.170407 ] } },
{ "type": "Feature", "properties": { "ADM3_FR": "Tataguine", "ADM2_FR": "Fatick", "ADM1_FR": "Fatick", "ADM0_EN": "Senegal", "Population": 137681, "Total_bran": 5.0, "Country": "senegal", "Filter": 1.0, "ISIBF_base": 0.512, "Latitude": 14.391254, "Longitude": -16.529576 }, "geometry": { "type": "Point", "coordinates": [ -16.529576, 14.391254 ] } },
{ "type": "Feature", "properties": { "ADM3_FR": "Niakhar", "ADM2_FR": "Fatick", "ADM1_FR": "Fatick", "ADM0_EN": "Senegal", "Population": 94087, "Total_bran": 0.0, "Country": "senegal", "Filter": 1.0, "ISIBF_base": 0.112, "Latitude": 14.500124, "Longitude": -16.402689 }, "geometry": { "type": "Point", "coordinates": [ -16.402689, 14.500124 ] } },
{ "type": "Feature", "properties": { "ADM3_FR": "Djilor", "ADM2_FR": "Foundiougne", "ADM1_FR": "Fatick", "ADM0_EN": "Senegal", "Population": 128870, "Total_bran": 0.0, "Country": "senegal", "Filter": 1.0, "ISIBF_base": 0.013, "Latitude": 14.012608, "Longitude": -16.358217 }, "geometry": { "type": "Point", "coordinates": [ -16.358217, 14.012608 ] } },
{ "type": "Feature", "properties": { "ADM3_FR": "Colobane", "ADM2_FR": "Gossas", "ADM1_FR": "Fatick", "ADM0_EN": "Senegal", "Population": 59493, "Total_bran": 0.0, "Country": "senegal", "Filter": 1.0, "ISIBF_base": 0.031, "Latitude": 14.565725, "Longitude": -15.71879 }, "geometry": { "type": "Point", "coordinates": [ -15.71879, 14.565725 ] } },
{ "type": "Feature", "properties": { "ADM3_FR": "Ouadiour", "ADM2_FR": "Gossas", "ADM1_FR": "Fatick", "ADM0_EN": "Senegal", "Population": 65309, "Total_bran": 0.0, "Country": "senegal", "Filter": 1.0, "ISIBF_base": 0.048, "Latitude": 14.462315, "Longitude": -16.053139 }, "geometry": { "type": "Point", "coordinates": [ -16.053139, 14.462315 ] } },
{ "type": "Feature", "properties": { "ADM3_FR": "Mabo", "ADM2_FR": "Birkelane", "ADM1_FR": "Kaffrine", "ADM0_EN": "Senegal", "Population": 95754, "Total_bran": 0.0, "Country": "senegal", "Filter": 1.0, "ISIBF_base": 0.039, "Latitude": 13.955074, "Longitude": -15.634938 }, "geometry": { "type": "Point", "coordinates": [ -15.634938, 13.955074 ] } },
{ "type": "Feature", "properties": { "ADM3_FR": "Keur Mboucki", "ADM2_FR": "Birkelane", "ADM1_FR": "Kaffrine", "ADM0_EN": "Senegal", "Population": 55310, "Total_bran": 0.0, "Country": "senegal", "Filter": 1.0, "ISIBF_base": 0.083, "Latitude": 14.167753, "Longitude": -15.742536 }, "geometry": { "type": "Point", "coordinates": [ -15.742536, 14.167753 ] } },
{ "type": "Feature", "properties": { "ADM3_FR": "Darou Minam 2", "ADM2_FR": "Malem-Hodar", "ADM1_FR": "Kaffrine", "ADM0_EN": "Senegal", "Population": 42495, "Total_bran": 0.0, "Country": "senegal", "Filter": 1.0, "ISIBF_base": 0.01, "Latitude": 14.483133, "Longitude": -15.236933 }, "geometry": { "type": "Point", "coordinates": [ -15.236933, 14.483133 ] } },
{ "type": "Feature", "properties": { "ADM3_FR": "Sagna", "ADM2_FR": "Malem-Hodar", "ADM1_FR": "Kaffrine", "ADM0_EN": "Senegal", "Population": 90920, "Total_bran": 0.0, "Country": "senegal", "Filter": 1.0, "ISIBF_base": 0.014, "Latitude": 14.162143, "Longitude": -15.273023 }, "geometry": { "type": "Point", "coordinates": [ -15.273023, 14.162143 ] } },
{ "type": "Feature", "properties": { "ADM3_FR": "Mbadakhoune", "ADM2_FR": "Guinguinéo", "ADM1_FR": "Kaolack", "ADM0_EN": "Senegal", "Population": 121006, "Total_bran": 0.0, "Country": "senegal", "Filter": 1.0, "ISIBF_base": 0.084, "Latitude": 14.219505, "Longitude": -15.945482 }, "geometry": { "type": "Point", "coordinates": [ -15.945482, 14.219505 ] } },
{ "type": "Feature", "properties": { "ADM3_FR": "Nguélou", "ADM2_FR": "Guinguinéo", "ADM1_FR": "Kaolack", "ADM0_EN": "Senegal", "Population": 65427, "Total_bran": 0.0, "Country": "senegal", "Filter": 1.0, "ISIBF_base": 0.032, "Latitude": 14.350966, "Longitude": -15.887597 }, "geometry": { "type": "Point", "coordinates": [ -15.887597, 14.350966 ] } },
{ "type": "Feature", "properties": { "ADM3_FR": "Ngothie", "ADM2_FR": "Kaolack", "ADM1_FR": "Kaolack", "ADM0_EN": "Senegal", "Population": 85477, "Total_bran": 0.0, "Country": "senegal", "Filter": 1.0, "ISIBF_base": 0.031, "Latitude": 14.2482, "Longitude": -16.22834 }, "geometry": { "type": "Point", "coordinates": [ -16.22834, 14.2482 ] } },
{ "type": "Feature", "properties": { "ADM3_FR": "Ndiédiéng", "ADM2_FR": "Kaolack", "ADM1_FR": "Kaolack", "ADM0_EN": "Senegal", "Population": 128081, "Total_bran": 0.0, "Country": "senegal", "Filter": 1.0, "ISIBF_base": 0.077, "Latitude": 14.003209, "Longitude": -16.139656 }, "geometry": { "type": "Point", "coordinates": [ -16.139656, 14.003209 ] } },
{ "type": "Feature", "properties": { "ADM3_FR": "Paoscoto", "ADM2_FR": "Nioro du Rip", "ADM1_FR": "Kaolack", "ADM0_EN": "Senegal", "Population": 230756, "Total_bran": 0.0, "Country": "senegal", "Filter": 1.0, "ISIBF_base": 0.043, "Latitude": 13.762635, "Longitude": -15.834468 }, "geometry": { "type": "Point", "coordinates": [ -15.834468, 13.762635 ] } },
{ "type": "Feature", "properties": { "ADM3_FR": "Wak Ngouna", "ADM2_FR": "Nioro du Rip", "ADM1_FR": "Kaolack", "ADM0_EN": "Senegal", "Population": 145820, "Total_bran": 0.0, "Country": "senegal", "Filter": 1.0, "ISIBF_base": 0.022, "Latitude": 13.717558, "Longitude": -16.06645 }, "geometry": { "type": "Point", "coordinates": [ -16.06645, 13.717558 ] } },
{ "type": "Feature", "properties": { "ADM3_FR": "Dar Salam", "ADM2_FR": "Salémata", "ADM1_FR": "Kédougou", "ADM0_EN": "Senegal", "Population": 17700, "Total_bran": 0.0, "Country": "senegal", "Filter": 1.0, "ISIBF_base": 0.006, "Latitude": 12.655544, "Longitude": -12.909455 }, "geometry": { "type": "Point", "coordinates": [ -12.909455, 12.655544 ] } },
{ "type": "Feature", "properties": { "ADM3_FR": "Dakatéli", "ADM2_FR": "Salémata", "ADM1_FR": "Kédougou", "ADM0_EN": "Senegal", "Population": 10326, "Total_bran": 0.0, "Country": "senegal", "Filter": 1.0, "ISIBF_base": 0.015, "Latitude": 12.517293, "Longitude": -12.622286 }, "geometry": { "type": "Point", "coordinates": [ -12.622286, 12.517293 ] } },
{ "type": "Feature", "properties": { "ADM3_FR": "Mampatim", "ADM2_FR": "Kolda", "ADM1_FR": "Kolda", "ADM0_EN": "Senegal", "Population": 123095, "Total_bran": 0.0, "Country": "senegal", "Filter": 1.0, "ISIBF_base": 0.003, "Latitude": 12.856497, "Longitude": -14.491134 }, "geometry": { "type": "Point", "coordinates": [ -14.491134, 12.856497 ] } },
{ "type": "Feature", "properties": { "ADM3_FR": "Saré Bidji", "ADM2_FR": "Kolda", "ADM1_FR": "Kolda", "ADM0_EN": "Senegal", "Population": 131256, "Total_bran": 5.0, "Country": "senegal", "Filter": 1.0, "ISIBF_base": 0.512, "Latitude": 12.942906, "Longitude": -15.036765 }, "geometry": { "type": "Point", "coordinates": [ -15.036765, 12.942906 ] } },
{ "type": "Feature", "properties": { "ADM3_FR": "Dioulacolon", "ADM2_FR": "Kolda", "ADM1_FR": "Kolda", "ADM0_EN": "Senegal", "Population": 69841, "Total_bran": 0.0, "Country": "senegal", "Filter": 1.0, "ISIBF_base": 0.063, "Latitude": 12.763659, "Longitude": -14.977026 }, "geometry": { "type": "Point", "coordinates": [ -14.977026, 12.763659 ] } },
{ "type": "Feature", "properties": { "ADM3_FR": "Ndorna", "ADM2_FR": "Médina-Yorofoula", "ADM1_FR": "Kolda", "ADM0_EN": "Senegal", "Population": 68070, "Total_bran": 0.0, "Country": "senegal", "Filter": 1.0, "ISIBF_base": 0.055, "Latitude": 13.137766, "Longitude": -14.991035 }, "geometry": { "type": "Point", "coordinates": [ -14.991035, 13.137766 ] } },
{ "type": "Feature", "properties": { "ADM3_FR": "Niaming", "ADM2_FR": "Médina-Yorofoula", "ADM1_FR": "Kolda", "ADM0_EN": "Senegal", "Population": 88597, "Total_bran": 0.0, "Country": "senegal", "Filter": 1.0, "ISIBF_base": 0.004, "Latitude": 13.35799, "Longitude": -14.898692 }, "geometry": { "type": "Point", "coordinates": [ -14.898692, 13.35799 ] } },
{ "type": "Feature", "properties": { "ADM3_FR": "Fafacourou", "ADM2_FR": "Médina-Yorofoula", "ADM1_FR": "Kolda", "ADM0_EN": "Senegal", "Population": 28789, "Total_bran": 0.0, "Country": "senegal", "Filter": 1.0, "ISIBF_base": 0.004, "Latitude": 13.128569, "Longitude": -14.504688 }, "geometry": { "type": "Point", "coordinates": [ -14.504688, 13.128569 ] } },
{ "type": "Feature", "properties": { "ADM3_FR": "Bonconto", "ADM2_FR": "Vélingara", "ADM1_FR": "Kolda", "ADM0_EN": "Senegal", "Population": 165314, "Total_bran": 0.0, "Country": "senegal", "Filter": 1.0, "ISIBF_base": 0.005, "Latitude": 13.045584, "Longitude": -13.725382 }, "geometry": { "type": "Point", "coordinates": [ -13.725382, 13.045584 ] } },
{ "type": "Feature", "properties": { "ADM3_FR": "Pakour", "ADM2_FR": "Vélingara", "ADM1_FR": "Kolda", "ADM0_EN": "Senegal", "Population": 56306, "Total_bran": 0.0, "Country": "senegal", "Filter": 1.0, "ISIBF_base": 0.008, "Latitude": 12.759135, "Longitude": -13.969662 }, "geometry": { "type": "Point", "coordinates": [ -13.969662, 12.759135 ] } },
{ "type": "Feature", "properties": { "ADM3_FR": "Ndande", "ADM2_FR": "Kébémer", "ADM1_FR": "Louga", "ADM0_EN": "Senegal", "Population": 147978, "Total_bran": 1.0, "Country": "senegal", "Filter": 1.0, "ISIBF_base": 0.211, "Latitude": 15.443913, "Longitude": -16.558524 }, "geometry": { "type": "Point", "coordinates": [ -16.558524, 15.443913 ] } },
{ "type": "Feature", "properties": { "ADM3_FR": "Darou Mousty", "ADM2_FR": "Kébémer", "ADM1_FR": "Louga", "ADM0_EN": "Senegal", "Population": 111355, "Total_bran": 1.0, "Country": "senegal", "Filter": 1.0, "ISIBF_base": 0.233, "Latitude": 15.151522, "Longitude": -15.99553 }, "geometry": { "type": "Point", "coordinates": [ -15.99553, 15.151522 ] } },
{ "type": "Feature", "properties": { "ADM3_FR": "Sagata Geth", "ADM2_FR": "Kébémer", "ADM1_FR": "Louga", "ADM0_EN": "Senegal", "Population": 76588, "Total_bran": 0.0, "Country": "senegal", "Filter": 1.0, "ISIBF_base": 0.054, "Latitude": 15.342736, "Longitude": -16.233445 }, "geometry": { "type": "Point", "coordinates": [ -16.233445, 15.342736 ] } },
{ "type": "Feature", "properties": { "ADM3_FR": "Yang-Yang", "ADM2_FR": "Linguère", "ADM1_FR": "Louga", "ADM0_EN": "Senegal", "Population": 39836, "Total_bran": 0.0, "Country": "senegal", "Filter": 1.0, "ISIBF_base": 0.003, "Latitude": 15.742362, "Longitude": -15.275567 }, "geometry": { "type": "Point", "coordinates": [ -15.275567, 15.742362 ] } },
{ "type": "Feature", "properties": { "ADM3_FR": "Sagata Diolof", "ADM2_FR": "Linguère", "ADM1_FR": "Louga", "ADM0_EN": "Senegal", "Population": 125608, "Total_bran": 1.0, "Country": "senegal", "Filter": 1.0, "ISIBF_base": 0.205, "Latitude": 15.182347, "Longitude": -15.597773 }, "geometry": { "type": "Point", "coordinates": [ -15.597773, 15.182347 ] } },
{ "type": "Feature", "properties": { "ADM3_FR": "Keur Momar Sarr", "ADM2_FR": "Louga", "ADM1_FR": "Louga", "ADM0_EN": "Senegal", "Population": 105738, "Total_bran": 0.0, "Country": "senegal", "Filter": 1.0, "ISIBF_base": 0.005, "Latitude": 15.845234, "Longitude": -15.836885 }, "geometry": { "type": "Point", "coordinates": [ -15.836885, 15.845234 ] } },
{ "type": "Feature", "properties": { "ADM3_FR": "Koki", "ADM2_FR": "Louga", "ADM1_FR": "Louga", "ADM0_EN": "Senegal", "Population": 76615, "Total_bran": 0.0, "Country": "senegal", "Filter": 1.0, "ISIBF_base": 0.047, "Latitude": 15.499105, "Longitude": -15.955838 }, "geometry": { "type": "Point", "coordinates": [ -15.955838, 15.499105 ] } },
{ "type": "Feature", "properties": { "ADM3_FR": "Mbédiène", "ADM2_FR": "Louga", "ADM1_FR": "Louga", "ADM0_EN": "Senegal", "Population": 195015, "Total_bran": 8.0, "Country": "senegal", "Filter": 1.0, "ISIBF_base": 0.632, "Latitude": 15.583625, "Longitude": -16.188304 }, "geometry": { "type": "Point", "coordinates": [ -16.188304, 15.583625 ] } },
{ "type": "Feature", "properties": { "ADM3_FR": "Sakal", "ADM2_FR": "Louga", "ADM1_FR": "Louga", "ADM0_EN": "Senegal", "Population": 100397, "Total_bran": 0.0, "Country": "senegal", "Filter": 1.0, "ISIBF_base": 0.149, "Latitude": 15.775497, "Longitude": -16.306705 }, "geometry": { "type": "Point", "coordinates": [ -16.306705, 15.775497 ] } },
{ "type": "Feature", "properties": { "ADM3_FR": "Ouro Sidi", "ADM2_FR": "Kanel", "ADM1_FR": "Matam", "ADM0_EN": "Senegal", "Population": 159136, "Total_bran": 0.0, "Country": "senegal", "Filter": 1.0, "ISIBF_base": 0.002, "Latitude": 14.987546, "Longitude": -13.253747 }, "geometry": { "type": "Point", "coordinates": [ -13.253747, 14.987546 ] } },
{ "type": "Feature", "properties": { "ADM3_FR": "Orkadiéré", "ADM2_FR": "Kanel", "ADM1_FR": "Matam", "ADM0_EN": "Senegal", "Population": 182384, "Total_bran": 1.0, "Country": "senegal", "Filter": 1.0, "ISIBF_base": 0.2, "Latitude": 14.949054, "Longitude": -12.830943 }, "geometry": { "type": "Point", "coordinates": [ -12.830943, 14.949054 ] } },
{ "type": "Feature", "properties": { "ADM3_FR": "Ogo", "ADM2_FR": "Matam", "ADM1_FR": "Matam", "ADM0_EN": "Senegal", "Population": 283489, "Total_bran": 7.0, "Country": "senegal", "Filter": 1.0, "ISIBF_base": 0.595, "Latitude": 15.639499, "Longitude": -13.577648 }, "geometry": { "type": "Point", "coordinates": [ -13.370167529419707, 15.668775433036757 ] } },
{ "type": "Feature", "properties": { "ADM3_FR": "Agnam Civol", "ADM2_FR": "Matam", "ADM1_FR": "Matam", "ADM0_EN": "Senegal", "Population": 103398, "Total_bran": 1.0, "Country": "senegal", "Filter": 1.0, "ISIBF_base": 0.221, "Latitude": 15.890742, "Longitude": -13.740368 }, "geometry": { "type": "Point", "coordinates": [ -13.532887529419707, 15.920018433036756 ] } },
{ "type": "Feature", "properties": { "ADM3_FR": "Ndiaye Ngènt", "ADM2_FR": "Dagana", "ADM1_FR": "Saint-Louis", "ADM0_EN": "Senegal", "Population": 147467, "Total_bran": 6.0, "Country": "senegal", "Filter": 1.0, "ISIBF_base": 0.558, "Latitude": 16.282968, "Longitude": -16.094178 }, "geometry": { "type": "Point", "coordinates": [ -16.094178, 16.282968 ] } },
{ "type": "Feature", "properties": { "ADM3_FR": "Thillé Boubakar", "ADM2_FR": "Podor", "ADM1_FR": "Saint-Louis", "ADM0_EN": "Senegal", "Population": 88955, "Total_bran": 0.0, "Country": "senegal", "Filter": 1.0, "ISIBF_base": 0.007, "Latitude": 16.31303, "Longitude": -15.164647 }, "geometry": { "type": "Point", "coordinates": [ -15.164647, 16.31303 ] } },
{ "type": "Feature", "properties": { "ADM3_FR": "Saldé", "ADM2_FR": "Podor", "ADM1_FR": "Saint-Louis", "ADM0_EN": "Senegal", "Population": 81944, "Total_bran": 1.0, "Country": "senegal", "Filter": 1.0, "ISIBF_base": 0.199, "Latitude": 15.883284, "Longitude": -14.142113 }, "geometry": { "type": "Point", "coordinates": [ -13.94293174824292, 16.096030141624272 ] } },
{ "type": "Feature", "properties": { "ADM3_FR": "Cas Cas", "ADM2_FR": "Podor", "ADM1_FR": "Saint-Louis", "ADM0_EN": "Senegal", "Population": 142945, "Total_bran": 0.0, "Country": "senegal", "Filter": 1.0, "ISIBF_base": 0.009, "Latitude": 16.182381, "Longitude": -14.317243 }, "geometry": { "type": "Point", "coordinates": [ -14.234250811767883, 16.341720340101936 ] } },
{ "type": "Feature", "properties": { "ADM3_FR": "Rao", "ADM2_FR": "Saint Louis", "ADM1_FR": "Saint-Louis", "ADM0_EN": "Senegal", "Population": 387368, "Total_bran": 16.0, "Country": "senegal", "Filter": 1.0, "ISIBF_base": 0.813, "Latitude": 15.957739, "Longitude": -16.37124 }, "geometry": { "type": "Point", "coordinates": [ -16.37124, 15.957739 ] } },
{ "type": "Feature", "properties": { "ADM3_FR": "Bona", "ADM2_FR": "Bounkiling", "ADM1_FR": "Sédhiou", "ADM0_EN": "Senegal", "Population": 46751, "Total_bran": 0.0, "Country": "senegal", "Filter": 1.0, "ISIBF_base": 0.004, "Latitude": 13.061292, "Longitude": -15.801633 }, "geometry": { "type": "Point", "coordinates": [ -15.801633, 13.061292 ] } },
{ "type": "Feature", "properties": { "ADM3_FR": "Bogal", "ADM2_FR": "Bounkiling", "ADM1_FR": "Sédhiou", "ADM0_EN": "Senegal", "Population": 104289, "Total_bran": 0.0, "Country": "senegal", "Filter": 1.0, "ISIBF_base": 0.006, "Latitude": 13.241504, "Longitude": -15.540668 }, "geometry": { "type": "Point", "coordinates": [ -15.540668, 13.241504 ] } },
{ "type": "Feature", "properties": { "ADM3_FR": "Diaroumé", "ADM2_FR": "Bounkiling", "ADM1_FR": "Sédhiou", "ADM0_EN": "Senegal", "Population": 56832, "Total_bran": 0.0, "Country": "senegal", "Filter": 1.0, "ISIBF_base": 0.06, "Latitude": 13.037927, "Longitude": -15.501323 }, "geometry": { "type": "Point", "coordinates": [ -15.501323, 13.037927 ] } },
{ "type": "Feature", "properties": { "ADM3_FR": "Simbandi Brassou", "ADM2_FR": "Goudomp", "ADM1_FR": "Sédhiou", "ADM0_EN": "Senegal", "Population": 58166, "Total_bran": 0.0, "Country": "senegal", "Filter": 1.0, "ISIBF_base": 0.035, "Latitude": 12.661491, "Longitude": -15.366645 }, "geometry": { "type": "Point", "coordinates": [ -15.366645, 12.661491 ] } },
{ "type": "Feature", "properties": { "ADM3_FR": "Djibanar", "ADM2_FR": "Goudomp", "ADM1_FR": "Sédhiou", "ADM0_EN": "Senegal", "Population": 98146, "Total_bran": 0.0, "Country": "senegal", "Filter": 1.0, "ISIBF_base": 0.011, "Latitude": 12.521274, "Longitude": -15.7227 }, "geometry": { "type": "Point", "coordinates": [ -15.7227, 12.521274 ] } },
{ "type": "Feature", "properties": { "ADM3_FR": "Karantaba", "ADM2_FR": "Goudomp", "ADM1_FR": "Sédhiou", "ADM0_EN": "Senegal", "Population": 31785, "Total_bran": 0.0, "Country": "senegal", "Filter": 1.0, "ISIBF_base": 0.102, "Latitude": 12.77745, "Longitude": -15.348288 }, "geometry": { "type": "Point", "coordinates": [ -15.348288, 12.77745 ] } },
{ "type": "Feature", "properties": { "ADM3_FR": "Diendé", "ADM2_FR": "Sédhiou", "ADM1_FR": "Sédhiou", "ADM0_EN": "Senegal", "Population": 101354, "Total_bran": 3.0, "Country": "senegal", "Filter": 1.0, "ISIBF_base": 0.399, "Latitude": 12.884309, "Longitude": -15.426267 }, "geometry": { "type": "Point", "coordinates": [ -15.426267, 12.884309 ] } },
{ "type": "Feature", "properties": { "ADM3_FR": "Djibabouya", "ADM2_FR": "Sédhiou", "ADM1_FR": "Sédhiou", "ADM0_EN": "Senegal", "Population": 48571, "Total_bran": 0.0, "Country": "senegal", "Filter": 1.0, "ISIBF_base": 0.027, "Latitude": 12.804696, "Longitude": -15.88155 }, "geometry": { "type": "Point", "coordinates": [ -15.908445423530461, 12.853003735080035 ] } },
{ "type": "Feature", "properties": { "ADM3_FR": "Djirédji", "ADM2_FR": "Sédhiou", "ADM1_FR": "Sédhiou", "ADM0_EN": "Senegal", "Population": 43370, "Total_bran": 0.0, "Country": "senegal", "Filter": 1.0, "ISIBF_base": 0.018, "Latitude": 12.653411, "Longitude": -15.734539 }, "geometry": { "type": "Point", "coordinates": [ -15.734539, 12.653411 ] } },
{ "type": "Feature", "properties": { "ADM3_FR": "Moudéri", "ADM2_FR": "Bakel", "ADM1_FR": "Tambacounda", "ADM0_EN": "Senegal", "Population": 107562, "Total_bran": 2.0, "Country": "senegal", "Filter": 1.0, "ISIBF_base": 0.316, "Latitude": 14.800361, "Longitude": -12.447859 }, "geometry": { "type": "Point", "coordinates": [ -12.447859, 14.800361 ] } },
{ "type": "Feature", "properties": { "ADM3_FR": "Bellé", "ADM2_FR": "Bakel", "ADM1_FR": "Tambacounda", "ADM0_EN": "Senegal", "Population": 52312, "Total_bran": 3.0, "Country": "senegal", "Filter": 1.0, "ISIBF_base": 0.394, "Latitude": 14.361362, "Longitude": -12.34681 }, "geometry": { "type": "Point", "coordinates": [ -12.34681, 14.361362 ] } },
{ "type": "Feature", "properties": { "ADM3_FR": "Séssène", "ADM2_FR": "Mbour", "ADM1_FR": "Thiès", "ADM0_EN": "Senegal", "Population": 200377, "Total_bran": 0.0, "Country": "senegal", "Filter": 1.0, "ISIBF_base": 0.085, "Latitude": 14.339889, "Longitude": -16.775914 }, "geometry": { "type": "Point", "coordinates": [ -16.775914, 14.339889 ] } },
{ "type": "Feature", "properties": { "ADM3_FR": "Sindia", "ADM2_FR": "Mbour", "ADM1_FR": "Thiès", "ADM0_EN": "Senegal", "Population": 625292, "Total_bran": 29.0, "Country": "senegal", "Filter": 1.0, "ISIBF_base": 1.0, "Latitude": 14.504885, "Longitude": -16.987222 }, "geometry": { "type": "Point", "coordinates": [ -16.987222, 14.504885 ] } },
{ "type": "Feature", "properties": { "ADM3_FR": "Fissel", "ADM2_FR": "Mbour", "ADM1_FR": "Thiès", "ADM0_EN": "Senegal", "Population": 109635, "Total_bran": 0.0, "Country": "senegal", "Filter": 1.0, "ISIBF_base": 0.09, "Latitude": 14.558922, "Longitude": -16.677028 }, "geometry": { "type": "Point", "coordinates": [ -16.677028, 14.558922 ] } },
{ "type": "Feature", "properties": { "ADM3_FR": "Keur Moussa", "ADM2_FR": "Thiès", "ADM1_FR": "Thiès", "ADM0_EN": "Senegal", "Population": 607604, "Total_bran": 23.0, "Country": "senegal", "Filter": 1.0, "ISIBF_base": 0.991, "Latitude": 14.796082, "Longitude": -17.013748 }, "geometry": { "type": "Point", "coordinates": [ -16.7436097330739, 14.844160289531192 ] } },
{ "type": "Feature", "properties": { "ADM3_FR": "Thiénaba", "ADM2_FR": "Thiès", "ADM1_FR": "Thiès", "ADM0_EN": "Senegal", "Population": 188721, "Total_bran": 0.0, "Country": "senegal", "Filter": 1.0, "ISIBF_base": 0.091, "Latitude": 14.780651, "Longitude": -16.713468 }, "geometry": { "type": "Point", "coordinates": [ -16.713468, 14.780651 ] } },
{ "type": "Feature", "properties": { "ADM3_FR": "Noto", "ADM2_FR": "Thiès", "ADM1_FR": "Thiès", "ADM0_EN": "Senegal", "Population": 82861, "Total_bran": 0.0, "Country": "senegal", "Filter": 1.0, "ISIBF_base": 0.247, "Latitude": 14.649943, "Longitude": -16.873639 }, "geometry": { "type": "Point", "coordinates": [ -16.873639, 14.649943 ] } },
{ "type": "Feature", "properties": { "ADM3_FR": "Niakhène", "ADM2_FR": "Tivaouane", "ADM1_FR": "Thiès", "ADM0_EN": "Senegal", "Population": 69626, "Total_bran": 0.0, "Country": "senegal", "Filter": 1.0, "ISIBF_base": 0.011, "Latitude": 15.154253, "Longitude": -16.346604 }, "geometry": { "type": "Point", "coordinates": [ -16.346604, 15.154253 ] } },
{ "type": "Feature", "properties": { "ADM3_FR": "Pambal", "ADM2_FR": "Tivaouane", "ADM1_FR": "Thiès", "ADM0_EN": "Senegal", "Population": 226430, "Total_bran": 3.0, "Country": "senegal", "Filter": 1.0, "ISIBF_base": 0.555, "Latitude": 14.9396, "Longitude": -16.887809 }, "geometry": { "type": "Point", "coordinates": [ -16.887809, 14.9396 ] } },
{ "type": "Feature", "properties": { "ADM3_FR": "Méouane", "ADM2_FR": "Tivaouane", "ADM1_FR": "Thiès", "ADM0_EN": "Senegal", "Population": 228167, "Total_bran": 4.0, "Country": "senegal", "Filter": 1.0, "ISIBF_base": 0.507, "Latitude": 15.136133, "Longitude": -16.810081 }, "geometry": { "type": "Point", "coordinates": [ -16.810081, 15.136133 ] } },
{ "type": "Feature", "properties": { "ADM3_FR": "Mérina Dakhar", "ADM2_FR": "Tivaouane", "ADM1_FR": "Thiès", "ADM0_EN": "Senegal", "Population": 124966, "Total_bran": 0.0, "Country": "senegal", "Filter": 1.0, "ISIBF_base": 0.033, "Latitude": 15.092128, "Longitude": -16.534663 }, "geometry": { "type": "Point", "coordinates": [ -16.534663, 15.092128 ] } },
{ "type": "Feature", "properties": { "ADM3_FR": "Kataba 1", "ADM2_FR": "Bignona", "ADM1_FR": "Ziguinchor", "ADM0_EN": "Senegal", "Population": 101275, "Total_bran": 0.0, "Country": "senegal", "Filter": 1.0, "ISIBF_base": 0.002, "Latitude": 12.927114, "Longitude": -16.59575 }, "geometry": { "type": "Point", "coordinates": [ -16.59575, 12.927114 ] } },
{ "type": "Feature", "properties": { "ADM3_FR": "Tanghori", "ADM2_FR": "Bignona", "ADM1_FR": "Ziguinchor", "ADM0_EN": "Senegal", "Population": 100006, "Total_bran": 2.0, "Country": "senegal", "Filter": 1.0, "ISIBF_base": 0.379, "Latitude": 12.743238, "Longitude": -16.178222 }, "geometry": { "type": "Point", "coordinates": [ -16.230138253444611, 12.79724504282828 ] } },
{ "type": "Feature", "properties": { "ADM3_FR": "Tendouck", "ADM2_FR": "Bignona", "ADM1_FR": "Ziguinchor", "ADM0_EN": "Senegal", "Population": 41601, "Total_bran": 0.0, "Country": "senegal", "Filter": 1.0, "ISIBF_base": 0.027, "Latitude": 12.742073, "Longitude": -16.461413 }, "geometry": { "type": "Point", "coordinates": [ -16.461413, 12.742073 ] } },
{ "type": "Feature", "properties": { "ADM3_FR": "Sindian", "ADM2_FR": "Bignona", "ADM1_FR": "Ziguinchor", "ADM0_EN": "Senegal", "Population": 44618, "Total_bran": 0.0, "Country": "senegal", "Filter": 1.0, "ISIBF_base": 0.013, "Latitude": 13.030164, "Longitude": -16.147408 }, "geometry": { "type": "Point", "coordinates": [ -16.147408, 13.030164 ] } },
{ "type": "Feature", "properties": { "ADM3_FR": "Loudia Wolof", "ADM2_FR": "Oussouye", "ADM1_FR": "Ziguinchor", "ADM0_EN": "Senegal", "Population": 25624, "Total_bran": 0.0, "Country": "senegal", "Filter": 1.0, "ISIBF_base": 0.057, "Latitude": 12.512524, "Longitude": -16.575549 }, "geometry": { "type": "Point", "coordinates": [ -16.575549, 12.512524 ] } },
{ "type": "Feature", "properties": { "ADM3_FR": "Niaguis", "ADM2_FR": "Ziguinchor", "ADM1_FR": "Ziguinchor", "ADM0_EN": "Senegal", "Population": 264955, "Total_bran": 13.0, "Country": "senegal", "Filter": 1.0, "ISIBF_base": 0.775, "Latitude": 12.536797, "Longitude": -16.114346 }, "geometry": { "type": "Point", "coordinates": [ -16.079735164370259, 12.510210174940893 ] } },
{ "type": "Feature", "properties": { "ADM3_FR": "Niassia", "ADM2_FR": "Ziguinchor", "ADM1_FR": "Ziguinchor", "ADM0_EN": "Senegal", "Population": 10546, "Total_bran": 0.0, "Country": "senegal", "Filter": 1.0, "ISIBF_base": 0.054, "Latitude": 12.485666, "Longitude": -16.390467 }, "geometry": { "type": "Point", "coordinates": [ -16.390467, 12.485666 ] } },
{ "type": "Feature", "properties": { "ADM3_FR": "Assoli 2", "ADM2_FR": "Assoli", "ADM1_FR": "Kara", "ADM0_EN": "Togo", "Population": 9933, "Total_bran": 0.0, "Country": "togo", "Filter": 1.0, "ISIBF_base": 0.036, "Latitude": 9.282879, "Longitude": 1.178948 }, "geometry": { "type": "Point", "coordinates": [ 1.178948, 9.282879 ] } },
{ "type": "Feature", "properties": { "ADM3_FR": "Kloto 3", "ADM2_FR": "Kloto", "ADM1_FR": "Plateaux", "ADM0_EN": "Togo", "Population": 11433, "Total_bran": 0.0, "Country": "togo", "Filter": 1.0, "ISIBF_base": 0.059, "Latitude": 6.963754, "Longitude": 0.583707 }, "geometry": { "type": "Point", "coordinates": [ 0.583707, 6.963754 ] } },
{ "type": "Feature", "properties": { "ADM3_FR": "Doufelgou 2", "ADM2_FR": "Doufelgou", "ADM1_FR": "Kara", "ADM0_EN": "Togo", "Population": 11722, "Total_bran": 0.0, "Country": "togo", "Filter": 1.0, "ISIBF_base": 0.063, "Latitude": 9.901258, "Longitude": 1.123222 }, "geometry": { "type": "Point", "coordinates": [ 1.123222, 9.901258 ] } },
{ "type": "Feature", "properties": { "ADM3_FR": "Danyi 2", "ADM2_FR": "Danyi", "ADM1_FR": "Plateaux", "ADM0_EN": "Togo", "Population": 14420, "Total_bran": 0.0, "Country": "togo", "Filter": 1.0, "ISIBF_base": 0.003, "Latitude": 7.312621, "Longitude": 0.730394 }, "geometry": { "type": "Point", "coordinates": [ 0.730394, 7.312621 ] } },
{ "type": "Feature", "properties": { "ADM3_FR": "Assoli 3", "ADM2_FR": "Assoli", "ADM1_FR": "Kara", "ADM0_EN": "Togo", "Population": 16044, "Total_bran": 0.0, "Country": "togo", "Filter": 1.0, "ISIBF_base": 0.026, "Latitude": 9.358215, "Longitude": 1.330789 }, "geometry": { "type": "Point", "coordinates": [ 1.330789, 9.358215 ] } },
{ "type": "Feature", "properties": { "ADM3_FR": "Kloto 2", "ADM2_FR": "Kloto", "ADM1_FR": "Plateaux", "ADM0_EN": "Togo", "Population": 16166, "Total_bran": 0.0, "Country": "togo", "Filter": 1.0, "ISIBF_base": 0.034, "Latitude": 7.012557, "Longitude": 0.671437 }, "geometry": { "type": "Point", "coordinates": [ 0.671437, 7.012557 ] } },
{ "type": "Feature", "properties": { "ADM3_FR": "Bassar 4", "ADM2_FR": "Bassar", "ADM1_FR": "Kara", "ADM0_EN": "Togo", "Population": 16657, "Total_bran": 0.0, "Country": "togo", "Filter": 1.0, "ISIBF_base": 0.04, "Latitude": 9.480242, "Longitude": 0.927444 }, "geometry": { "type": "Point", "coordinates": [ 0.927444, 9.480242 ] } },
{ "type": "Feature", "properties": { "ADM3_FR": "Tchaoudjo 3", "ADM2_FR": "Tchaoudjo", "ADM1_FR": "Centrale", "ADM0_EN": "Togo", "Population": 17484, "Total_bran": 0.0, "Country": "togo", "Filter": 1.0, "ISIBF_base": 0.026, "Latitude": 9.164263, "Longitude": 1.140948 }, "geometry": { "type": "Point", "coordinates": [ 1.140948, 9.164263 ] } },
{ "type": "Feature", "properties": { "ADM3_FR": "Amou 1", "ADM2_FR": "Amou", "ADM1_FR": "Plateaux", "ADM0_EN": "Togo", "Population": 19746, "Total_bran": 0.0, "Country": "togo", "Filter": 1.0, "ISIBF_base": 0.01, "Latitude": 7.454892, "Longitude": 0.954396 }, "geometry": { "type": "Point", "coordinates": [ 0.954396, 7.454892 ] } },
{ "type": "Feature", "properties": { "ADM3_FR": "Tchaoudjo 4", "ADM2_FR": "Tchaoudjo", "ADM1_FR": "Centrale", "ADM0_EN": "Togo", "Population": 20279, "Total_bran": 0.0, "Country": "togo", "Filter": 1.0, "ISIBF_base": 0.021, "Latitude": 9.134405, "Longitude": 1.330599 }, "geometry": { "type": "Point", "coordinates": [ 1.330599, 9.134405 ] } },
{ "type": "Feature", "properties": { "ADM3_FR": "Wawa 2", "ADM2_FR": "Wawa", "ADM1_FR": "Plateaux", "ADM0_EN": "Togo", "Population": 20414, "Total_bran": 0.0, "Country": "togo", "Filter": 1.0, "ISIBF_base": 0.008, "Latitude": 7.458315, "Longitude": 0.759742 }, "geometry": { "type": "Point", "coordinates": [ 0.759742, 7.458315 ] } },
{ "type": "Feature", "properties": { "ADM3_FR": "Kozah 4", "ADM2_FR": "Kozah", "ADM1_FR": "Kara", "ADM0_EN": "Togo", "Population": 20654, "Total_bran": 0.0, "Country": "togo", "Filter": 1.0, "ISIBF_base": 0.071, "Latitude": 9.491188, "Longitude": 1.067977 }, "geometry": { "type": "Point", "coordinates": [ 1.067977, 9.491188 ] } },
{ "type": "Feature", "properties": { "ADM3_FR": "Mô 2", "ADM2_FR": "Plaine du Mo", "ADM1_FR": "Centrale", "ADM0_EN": "Togo", "Population": 21926, "Total_bran": 0.0, "Country": "togo", "Filter": 1.0, "ISIBF_base": 0.001, "Latitude": 8.649879, "Longitude": 0.513937 }, "geometry": { "type": "Point", "coordinates": [ 0.513937, 8.649879 ] } },
{ "type": "Feature", "properties": { "ADM3_FR": "Kozah 3", "ADM2_FR": "Kozah", "ADM1_FR": "Kara", "ADM0_EN": "Togo", "Population": 23755, "Total_bran": 0.0, "Country": "togo", "Filter": 1.0, "ISIBF_base": 0.087, "Latitude": 9.469136, "Longitude": 1.257283 }, "geometry": { "type": "Point", "coordinates": [ 1.257283, 9.469136 ] } },
{ "type": "Feature", "properties": { "ADM3_FR": "Vo 2", "ADM2_FR": "Vo", "ADM1_FR": "Maritime", "ADM0_EN": "Togo", "Population": 24396, "Total_bran": 0.0, "Country": "togo", "Filter": 1.0, "ISIBF_base": 0.19, "Latitude": 6.256765, "Longitude": 1.491319 }, "geometry": { "type": "Point", "coordinates": [ 1.491319, 6.256765 ] } },
{ "type": "Feature", "properties": { "ADM3_FR": "Tchaoudjo 2", "ADM2_FR": "Tchaoudjo", "ADM1_FR": "Centrale", "ADM0_EN": "Togo", "Population": 24891, "Total_bran": 0.0, "Country": "togo", "Filter": 1.0, "ISIBF_base": 0.047, "Latitude": 8.855773, "Longitude": 1.04517 }, "geometry": { "type": "Point", "coordinates": [ 1.04517, 8.855773 ] } },
{ "type": "Feature", "properties": { "ADM3_FR": "Danyi 1", "ADM2_FR": "Danyi", "ADM1_FR": "Plateaux", "ADM0_EN": "Togo", "Population": 25820, "Total_bran": 0.0, "Country": "togo", "Filter": 1.0, "ISIBF_base": 0.005, "Latitude": 7.20865, "Longitude": 0.676898 }, "geometry": { "type": "Point", "coordinates": [ 0.676898, 7.20865 ] } },
{ "type": "Feature", "properties": { "ADM3_FR": "Agou 2", "ADM2_FR": "Agou", "ADM1_FR": "Plateaux", "ADM0_EN": "Togo", "Population": 27465, "Total_bran": 0.0, "Country": "togo", "Filter": 1.0, "ISIBF_base": 0.019, "Latitude": 6.669402, "Longitude": 0.756869 }, "geometry": { "type": "Point", "coordinates": [ 0.756869, 6.669402 ] } },
{ "type": "Feature", "properties": { "ADM3_FR": "Kpélé 2", "ADM2_FR": "Kpele", "ADM1_FR": "Plateaux", "ADM0_EN": "Togo", "Population": 27664, "Total_bran": 0.0, "Country": "togo", "Filter": 1.0, "ISIBF_base": 0.003, "Latitude": 7.215537, "Longitude": 0.844446 }, "geometry": { "type": "Point", "coordinates": [ 0.844446, 7.215537 ] } },
{ "type": "Feature", "properties": { "ADM3_FR": "Sotouboua 3", "ADM2_FR": "Sotouboua", "ADM1_FR": "Centrale", "ADM0_EN": "Togo", "Population": 27770, "Total_bran": 0.0, "Country": "togo", "Filter": 1.0, "ISIBF_base": 0.048, "Latitude": 8.43594, "Longitude": 0.919325 }, "geometry": { "type": "Point", "coordinates": [ 0.919325, 8.43594 ] } },
{ "type": "Feature", "properties": { "ADM3_FR": "Doufelgou 3", "ADM2_FR": "Doufelgou", "ADM1_FR": "Kara", "ADM0_EN": "Togo", "Population": 28262, "Total_bran": 0.0, "Country": "togo", "Filter": 1.0, "ISIBF_base": 0.03, "Latitude": 9.765069, "Longitude": 0.949491 }, "geometry": { "type": "Point", "coordinates": [ 0.949491, 9.765069 ] } },
{ "type": "Feature", "properties": { "ADM3_FR": "Zio 4", "ADM2_FR": "Zio", "ADM1_FR": "Maritime", "ADM0_EN": "Togo", "Population": 28704, "Total_bran": 0.0, "Country": "togo", "Filter": 1.0, "ISIBF_base": 0.022, "Latitude": 6.604014, "Longitude": 1.091411 }, "geometry": { "type": "Point", "coordinates": [ 1.091411, 6.604014 ] } },
{ "type": "Feature", "properties": { "ADM3_FR": "Ogou 4", "ADM2_FR": "Ogou", "ADM1_FR": "Plateaux", "ADM0_EN": "Togo", "Population": 29048, "Total_bran": 0.0, "Country": "togo", "Filter": 1.0, "ISIBF_base": 0.004, "Latitude": 7.411589, "Longitude": 1.52287 }, "geometry": { "type": "Point", "coordinates": [ 1.52287, 7.411589 ] } },
{ "type": "Feature", "properties": { "ADM3_FR": "Akébou 2", "ADM2_FR": "Akebou", "ADM1_FR": "Plateaux", "ADM0_EN": "Togo", "Population": 29634, "Total_bran": 0.0, "Country": "togo", "Filter": 1.0, "ISIBF_base": 0.003, "Latitude": 7.883357, "Longitude": 0.85415 }, "geometry": { "type": "Point", "coordinates": [ 0.85415, 7.883357 ] } },
{ "type": "Feature", "properties": { "ADM3_FR": "Wawa 3", "ADM2_FR": "Wawa", "ADM1_FR": "Plateaux", "ADM0_EN": "Togo", "Population": 29699, "Total_bran": 0.0, "Country": "togo", "Filter": 1.0, "ISIBF_base": 0.008, "Latitude": 7.571258, "Longitude": 0.82647 }, "geometry": { "type": "Point", "coordinates": [ 0.82647, 7.571258 ] } },
{ "type": "Feature", "properties": { "ADM3_FR": "Mô 1", "ADM2_FR": "Plaine du Mo", "ADM1_FR": "Centrale", "ADM0_EN": "Togo", "Population": 30522, "Total_bran": 0.0, "Country": "togo", "Filter": 1.0, "ISIBF_base": 0.002, "Latitude": 8.766318, "Longitude": 0.654307 }, "geometry": { "type": "Point", "coordinates": [ 0.654307, 8.766318 ] } },
{ "type": "Feature", "properties": { "ADM3_FR": "Dankpen 2", "ADM2_FR": "Dankpen", "ADM1_FR": "Kara", "ADM0_EN": "Togo", "Population": 32716, "Total_bran": 0.0, "Country": "togo", "Filter": 1.0, "ISIBF_base": 0.01, "Latitude": 9.730639, "Longitude": 0.77366 }, "geometry": { "type": "Point", "coordinates": [ 0.77366, 9.730639 ] } },
{ "type": "Feature", "properties": { "ADM3_FR": "Bassar 3", "ADM2_FR": "Bassar", "ADM1_FR": "Kara", "ADM0_EN": "Togo", "Population": 33873, "Total_bran": 1.0, "Country": "togo", "Filter": 1.0, "ISIBF_base": 0.069, "Latitude": 9.539429, "Longitude": 0.822732 }, "geometry": { "type": "Point", "coordinates": [ 0.822732, 9.539429 ] } },
{ "type": "Feature", "properties": { "ADM3_FR": "Est-Mono 1", "ADM2_FR": "Est-Mono", "ADM1_FR": "Plateaux", "ADM0_EN": "Togo", "Population": 34652, "Total_bran": 0.0, "Country": "togo", "Filter": 1.0, "ISIBF_base": 0.011, "Latitude": 7.924379, "Longitude": 1.416927 }, "geometry": { "type": "Point", "coordinates": [ 1.416927, 7.924379 ] } },
{ "type": "Feature", "properties": { "ADM3_FR": "Bassar 2", "ADM2_FR": "Bassar", "ADM1_FR": "Kara", "ADM0_EN": "Togo", "Population": 36476, "Total_bran": 0.0, "Country": "togo", "Filter": 1.0, "ISIBF_base": 0.011, "Latitude": 9.199141, "Longitude": 0.592762 }, "geometry": { "type": "Point", "coordinates": [ 0.592762, 9.199141 ] } },
{ "type": "Feature", "properties": { "ADM3_FR": "Lacs 4", "ADM2_FR": "Lacs", "ADM1_FR": "Maritime", "ADM0_EN": "Togo", "Population": 37222, "Total_bran": 0.0, "Country": "togo", "Filter": 1.0, "ISIBF_base": 0.126, "Latitude": 6.318881, "Longitude": 1.644055 }, "geometry": { "type": "Point", "coordinates": [ 1.644055, 6.318881 ] } },
{ "type": "Feature", "properties": { "ADM3_FR": "Bas-Mono 2", "ADM2_FR": "Bas-Mono", "ADM1_FR": "Maritime", "ADM0_EN": "Togo", "Population": 39478, "Total_bran": 0.0, "Country": "togo", "Filter": 1.0, "ISIBF_base": 0.043, "Latitude": 6.419759, "Longitude": 1.674439 }, "geometry": { "type": "Point", "coordinates": [ 1.674439, 6.419759 ] } },
{ "type": "Feature", "properties": { "ADM3_FR": "Bas-Mono 2", "ADM2_FR": "Bas-Mono", "ADM1_FR": "Maritime", "ADM0_EN": "Togo", "Population": 39478, "Total_bran": 0.0, "Country": "togo", "Filter": 1.0, "ISIBF_base": 0.043, "Latitude": 6.457535, "Longitude": 1.740064 }, "geometry": { "type": "Point", "coordinates": [ 1.740064, 6.457535 ] } },
{ "type": "Feature", "properties": { "ADM3_FR": "Amou 2", "ADM2_FR": "Amou", "ADM1_FR": "Plateaux", "ADM0_EN": "Togo", "Population": 40016, "Total_bran": 0.0, "Country": "togo", "Filter": 1.0, "ISIBF_base": 0.005, "Latitude": 7.341237, "Longitude": 0.976398 }, "geometry": { "type": "Point", "coordinates": [ 0.976398, 7.341237 ] } },
{ "type": "Feature", "properties": { "ADM3_FR": "Binah 2", "ADM2_FR": "Binah", "ADM1_FR": "Kara", "ADM0_EN": "Togo", "Population": 40160, "Total_bran": 1.0, "Country": "togo", "Filter": 1.0, "ISIBF_base": 0.152, "Latitude": 9.590795, "Longitude": 1.317773 }, "geometry": { "type": "Point", "coordinates": [ 1.317773, 9.590795 ] } },
{ "type": "Feature", "properties": { "ADM3_FR": "Assoli 1", "ADM2_FR": "Assoli", "ADM1_FR": "Kara", "ADM0_EN": "Togo", "Population": 40417, "Total_bran": 1.0, "Country": "togo", "Filter": 1.0, "ISIBF_base": 0.084, "Latitude": 9.358651, "Longitude": 1.103116 }, "geometry": { "type": "Point", "coordinates": [ 1.103116, 9.358651 ] } },
{ "type": "Feature", "properties": { "ADM3_FR": "Kpendjal 2", "ADM2_FR": "Kpendjal", "ADM1_FR": "Savanes", "ADM0_EN": "Togo", "Population": 40462, "Total_bran": 0.0, "Country": "togo", "Filter": 1.0, "ISIBF_base": 0.003, "Latitude": 10.788004, "Longitude": 0.626773 }, "geometry": { "type": "Point", "coordinates": [ 0.626773, 10.788004 ] } },
{ "type": "Feature", "properties": { "ADM3_FR": "Lacs 2", "ADM2_FR": "Lacs", "ADM1_FR": "Maritime", "ADM0_EN": "Togo", "Population": 42855, "Total_bran": 0.0, "Country": "togo", "Filter": 1.0, "ISIBF_base": 0.052, "Latitude": 6.320447, "Longitude": 1.733106 }, "geometry": { "type": "Point", "coordinates": [ 1.733106, 6.320447 ] } },
{ "type": "Feature", "properties": { "ADM3_FR": "Yoto 2", "ADM2_FR": "Yoto", "ADM1_FR": "Maritime", "ADM0_EN": "Togo", "Population": 43412, "Total_bran": 0.0, "Country": "togo", "Filter": 1.0, "ISIBF_base": 0.024, "Latitude": 6.610953, "Longitude": 1.34866 }, "geometry": { "type": "Point", "coordinates": [ 1.34866, 6.610953 ] } },
{ "type": "Feature", "properties": { "ADM3_FR": "Moyen-Mono 2", "ADM2_FR": "Moyen-Mono", "ADM1_FR": "Plateaux", "ADM0_EN": "Togo", "Population": 43708, "Total_bran": 0.0, "Country": "togo", "Filter": 1.0, "ISIBF_base": 0.001, "Latitude": 7.289246, "Longitude": 1.58823 }, "geometry": { "type": "Point", "coordinates": [ 1.626000547523672, 7.331595905869276 ] } },
{ "type": "Feature", "properties": { "ADM3_FR": "Haho 4", "ADM2_FR": "Haho", "ADM1_FR": "Plateaux", "ADM0_EN": "Togo", "Population": 43965, "Total_bran": 0.0, "Country": "togo", "Filter": 1.0, "ISIBF_base": 0.009, "Latitude": 7.18633, "Longitude": 1.189065 }, "geometry": { "type": "Point", "coordinates": [ 1.189065, 7.18633 ] } },
{ "type": "Feature", "properties": { "ADM3_FR": "Binah 1", "ADM2_FR": "Binah", "ADM1_FR": "Kara", "ADM0_EN": "Togo", "Population": 44039, "Total_bran": 1.0, "Country": "togo", "Filter": 1.0, "ISIBF_base": 0.111, "Latitude": 9.808751, "Longitude": 1.299013 }, "geometry": { "type": "Point", "coordinates": [ 1.299013, 9.808751 ] } },
{ "type": "Feature", "properties": { "ADM3_FR": "Akébou 1", "ADM2_FR": "Akebou", "ADM1_FR": "Plateaux", "ADM0_EN": "Togo", "Population": 44196, "Total_bran": 0.0, "Country": "togo", "Filter": 1.0, "ISIBF_base": 0.004, "Latitude": 7.736584, "Longitude": 0.733479 }, "geometry": { "type": "Point", "coordinates": [ 0.733479, 7.736584 ] } },
{ "type": "Feature", "properties": { "ADM3_FR": "Oti-Sud 2", "ADM2_FR": "Oti-Sud", "ADM1_FR": "Savanes", "ADM0_EN": "Togo", "Population": 44324, "Total_bran": 0.0, "Country": "togo", "Filter": 1.0, "ISIBF_base": 0.007, "Latitude": 10.081671, "Longitude": 0.567957 }, "geometry": { "type": "Point", "coordinates": [ 0.567957, 10.081671 ] } },
{ "type": "Feature", "properties": { "ADM3_FR": "Kéran 1", "ADM2_FR": "Keran", "ADM1_FR": "Kara", "ADM0_EN": "Togo", "Population": 75382, "Total_bran": 1.0, "Country": "togo", "Filter": 1.0, "ISIBF_base": 0.063, "Latitude": 10.065033, "Longitude": 0.949996 }, "geometry": { "type": "Point", "coordinates": [ 1.046679079828867, 9.956381422267956 ] } },
{ "type": "Feature", "properties": { "ADM3_FR": "Doufelgou 1", "ADM2_FR": "Doufelgou", "ADM1_FR": "Kara", "ADM0_EN": "Togo", "Population": 44783, "Total_bran": 2.0, "Country": "togo", "Filter": 1.0, "ISIBF_base": 0.133, "Latitude": 9.849207, "Longitude": 1.180518 }, "geometry": { "type": "Point", "coordinates": [ 1.107721328128853, 9.756177362481438 ] } },
{ "type": "Feature", "properties": { "ADM3_FR": "Blitta 3", "ADM2_FR": "Blitta", "ADM1_FR": "Centrale", "ADM0_EN": "Togo", "Population": 45218, "Total_bran": 0.0, "Country": "togo", "Filter": 1.0, "ISIBF_base": 0.003, "Latitude": 8.129087, "Longitude": 0.779037 }, "geometry": { "type": "Point", "coordinates": [ 0.779037, 8.129087 ] } },
{ "type": "Feature", "properties": { "ADM3_FR": "Kozah 2", "ADM2_FR": "Kozah", "ADM1_FR": "Kara", "ADM0_EN": "Togo", "Population": 45704, "Total_bran": 2.0, "Country": "togo", "Filter": 1.0, "ISIBF_base": 0.181, "Latitude": 9.647791, "Longitude": 1.118471 }, "geometry": { "type": "Point", "coordinates": [ 1.118471, 9.647791 ] } },
{ "type": "Feature", "properties": { "ADM3_FR": "Vo 4", "ADM2_FR": "Vo", "ADM1_FR": "Maritime", "ADM0_EN": "Togo", "Population": 46499, "Total_bran": 0.0, "Country": "togo", "Filter": 1.0, "ISIBF_base": 0.142, "Latitude": 6.384584, "Longitude": 1.421418 }, "geometry": { "type": "Point", "coordinates": [ 1.421418, 6.384584 ] } },
{ "type": "Feature", "properties": { "ADM3_FR": "Blitta 2", "ADM2_FR": "Blitta", "ADM1_FR": "Centrale", "ADM0_EN": "Togo", "Population": 46515, "Total_bran": 0.0, "Country": "togo", "Filter": 1.0, "ISIBF_base": 0.01, "Latitude": 8.116881, "Longitude": 1.143486 }, "geometry": { "type": "Point", "coordinates": [ 1.143486, 8.116881 ] } },
{ "type": "Feature", "properties": { "ADM3_FR": "Moyen-Mono 1", "ADM2_FR": "Moyen-Mono", "ADM1_FR": "Plateaux", "ADM0_EN": "Togo", "Population": 46797, "Total_bran": 0.0, "Country": "togo", "Filter": 1.0, "ISIBF_base": 0.006, "Latitude": 7.150425, "Longitude": 1.544467 }, "geometry": { "type": "Point", "coordinates": [ 1.544467, 7.150425 ] } },
{ "type": "Feature", "properties": { "ADM3_FR": "Sotouboua 1", "ADM2_FR": "Sotouboua", "ADM1_FR": "Centrale", "ADM0_EN": "Togo", "Population": 46907, "Total_bran": 4.0, "Country": "togo", "Filter": 1.0, "ISIBF_base": 0.141, "Latitude": 8.54099, "Longitude": 0.949188 }, "geometry": { "type": "Point", "coordinates": [ 0.949188, 8.54099 ] } },
{ "type": "Feature", "properties": { "ADM3_FR": "Agoè-Nyivé 3", "ADM2_FR": "Agoe-Nyive", "ADM1_FR": "Maritime", "ADM0_EN": "Togo", "Population": 47554, "Total_bran": 0.0, "Country": "togo", "Filter": 1.0, "ISIBF_base": 0.755, "Latitude": 6.219399, "Longitude": 1.164925 }, "geometry": { "type": "Point", "coordinates": [ 1.164925, 6.219399 ] } },
{ "type": "Feature", "properties": { "ADM3_FR": "Tône 2", "ADM2_FR": "Tone", "ADM1_FR": "Savanes", "ADM0_EN": "Togo", "Population": 50179, "Total_bran": 0.0, "Country": "togo", "Filter": 1.0, "ISIBF_base": 0.027, "Latitude": 10.939579, "Longitude": 0.086974 }, "geometry": { "type": "Point", "coordinates": [ 0.086974, 10.939579 ] } },
{ "type": "Feature", "properties": { "ADM3_FR": "Ogou 3", "ADM2_FR": "Ogou", "ADM1_FR": "Plateaux", "ADM0_EN": "Togo", "Population": 51836, "Total_bran": 0.0, "Country": "togo", "Filter": 1.0, "ISIBF_base": 0.009, "Latitude": 7.287008, "Longitude": 1.223857 }, "geometry": { "type": "Point", "coordinates": [ 1.223857, 7.287008 ] } },
{ "type": "Feature", "properties": { "ADM3_FR": "Golfe 3", "ADM2_FR": "Lome Commune", "ADM1_FR": "Maritime", "ADM0_EN": "Togo", "Population": 52769, "Total_bran": 16.0, "Country": "togo", "Filter": 1.0, "ISIBF_base": 0.979, "Latitude": 6.175789, "Longitude": 1.220418 }, "geometry": { "type": "Point", "coordinates": [ 1.220418, 6.175789 ] } },
{ "type": "Feature", "properties": { "ADM3_FR": "Cinkassé 2", "ADM2_FR": "Cinkasse", "ADM1_FR": "Savanes", "ADM0_EN": "Togo", "Population": 52967, "Total_bran": 0.0, "Country": "togo", "Filter": 1.0, "ISIBF_base": 0.017, "Latitude": 11.034805, "Longitude": 0.119785 }, "geometry": { "type": "Point", "coordinates": [ 0.119785, 11.034805 ] } },
{ "type": "Feature", "properties": { "ADM3_FR": "Lacs 1", "ADM2_FR": "Lacs", "ADM1_FR": "Maritime", "ADM0_EN": "Togo", "Population": 52994, "Total_bran": 9.0, "Country": "togo", "Filter": 1.0, "ISIBF_base": 0.258, "Latitude": 6.256173, "Longitude": 1.599744 }, "geometry": { "type": "Point", "coordinates": [ 1.599744, 6.256173 ] } },
{ "type": "Feature", "properties": { "ADM3_FR": "Tchamba 3", "ADM2_FR": "Tchamba", "ADM1_FR": "Centrale", "ADM0_EN": "Togo", "Population": 53204, "Total_bran": 0.0, "Country": "togo", "Filter": 1.0, "ISIBF_base": 0.001, "Latitude": 8.630042, "Longitude": 1.526475 }, "geometry": { "type": "Point", "coordinates": [ 1.526475, 8.630042 ] } },
{ "type": "Feature", "properties": { "ADM3_FR": "Kpélé 1", "ADM2_FR": "Kpele", "ADM1_FR": "Plateaux", "ADM0_EN": "Togo", "Population": 53275, "Total_bran": 0.0, "Country": "togo", "Filter": 1.0, "ISIBF_base": 0.012, "Latitude": 7.044738, "Longitude": 0.833846 }, "geometry": { "type": "Point", "coordinates": [ 0.833846, 7.044738 ] } },
{ "type": "Feature", "properties": { "ADM3_FR": "Kéran 2", "ADM2_FR": "Keran", "ADM1_FR": "Kara", "ADM0_EN": "Togo", "Population": 53305, "Total_bran": 0.0, "Country": "togo", "Filter": 1.0, "ISIBF_base": 0.01, "Latitude": 9.964511, "Longitude": 0.796547 }, "geometry": { "type": "Point", "coordinates": [ 0.796547, 9.964511 ] } },
{ "type": "Feature", "properties": { "ADM3_FR": "Yoto 3", "ADM2_FR": "Yoto", "ADM1_FR": "Maritime", "ADM0_EN": "Togo", "Population": 54086, "Total_bran": 0.0, "Country": "togo", "Filter": 1.0, "ISIBF_base": 0.005, "Latitude": 6.755982, "Longitude": 1.537 }, "geometry": { "type": "Point", "coordinates": [ 1.537, 6.755982 ] } },
{ "type": "Feature", "properties": { "ADM3_FR": "Amou 3", "ADM2_FR": "Amou", "ADM1_FR": "Plateaux", "ADM0_EN": "Togo", "Population": 54410, "Total_bran": 0.0, "Country": "togo", "Filter": 1.0, "ISIBF_base": 0.033, "Latitude": 7.435695, "Longitude": 1.117852 }, "geometry": { "type": "Point", "coordinates": [ 1.117852, 7.435695 ] } },
{ "type": "Feature", "properties": { "ADM3_FR": "Amou 3", "ADM2_FR": "Amou", "ADM1_FR": "Plateaux", "ADM0_EN": "Togo", "Population": 54410, "Total_bran": 0.0, "Country": "togo", "Filter": 1.0, "ISIBF_base": 0.033, "Latitude": 7.686492, "Longitude": 1.015901 }, "geometry": { "type": "Point", "coordinates": [ 1.015901, 7.686492 ] } },
{ "type": "Feature", "properties": { "ADM3_FR": "Bas-Mono 1", "ADM2_FR": "Bas-Mono", "ADM1_FR": "Maritime", "ADM0_EN": "Togo", "Population": 55382, "Total_bran": 0.0, "Country": "togo", "Filter": 1.0, "ISIBF_base": 0.03, "Latitude": 6.505819, "Longitude": 1.624169 }, "geometry": { "type": "Point", "coordinates": [ 1.624169, 6.505819 ] } },
{ "type": "Feature", "properties": { "ADM3_FR": "Ogou 2", "ADM2_FR": "Ogou", "ADM1_FR": "Plateaux", "ADM0_EN": "Togo", "Population": 56282, "Total_bran": 0.0, "Country": "togo", "Filter": 1.0, "ISIBF_base": 0.026, "Latitude": 7.424574, "Longitude": 1.303778 }, "geometry": { "type": "Point", "coordinates": [ 1.303778, 7.424574 ] } },
{ "type": "Feature", "properties": { "ADM3_FR": "Kpendjal-Ouest 1", "ADM2_FR": "Naki-Ouest", "ADM1_FR": "Savanes", "ADM0_EN": "Togo", "Population": 56459, "Total_bran": 0.0, "Country": "togo", "Filter": 1.0, "ISIBF_base": 0.019, "Latitude": 10.767259, "Longitude": 0.432586 }, "geometry": { "type": "Point", "coordinates": [ 0.432586, 10.767259 ] } },
{ "type": "Feature", "properties": { "ADM3_FR": "Agou 1", "ADM2_FR": "Agou", "ADM1_FR": "Plateaux", "ADM0_EN": "Togo", "Population": 58328, "Total_bran": 0.0, "Country": "togo", "Filter": 1.0, "ISIBF_base": 0.039, "Latitude": 6.841158, "Longitude": 0.781378 }, "geometry": { "type": "Point", "coordinates": [ 0.781378, 6.841158 ] } },
{ "type": "Feature", "properties": { "ADM3_FR": "Haho 3", "ADM2_FR": "Haho", "ADM1_FR": "Plateaux", "ADM0_EN": "Togo", "Population": 58695, "Total_bran": 0.0, "Country": "togo", "Filter": 1.0, "ISIBF_base": 0.02, "Latitude": 7.057109, "Longitude": 1.135082 }, "geometry": { "type": "Point", "coordinates": [ 1.135082, 7.057109 ] } },
{ "type": "Feature", "properties": { "ADM3_FR": "Tône 3", "ADM2_FR": "Tone", "ADM1_FR": "Savanes", "ADM0_EN": "Togo", "Population": 60276, "Total_bran": 0.0, "Country": "togo", "Filter": 1.0, "ISIBF_base": 0.022, "Latitude": 10.83588, "Longitude": 0.050199 }, "geometry": { "type": "Point", "coordinates": [ 0.050199, 10.83588 ] } },
{ "type": "Feature", "properties": { "ADM3_FR": "Tandjouaré 2", "ADM2_FR": "Tandjoare", "ADM1_FR": "Savanes", "ADM0_EN": "Togo", "Population": 64175, "Total_bran": 0.0, "Country": "togo", "Filter": 1.0, "ISIBF_base": 0.011, "Latitude": 10.686215, "Longitude": 0.055896 }, "geometry": { "type": "Point", "coordinates": [ 0.055896, 10.686215 ] } },
{ "type": "Feature", "properties": { "ADM3_FR": "Sotouboua 2", "ADM2_FR": "Sotouboua", "ADM1_FR": "Centrale", "ADM0_EN": "Togo", "Population": 64187, "Total_bran": 0.0, "Country": "togo", "Filter": 1.0, "ISIBF_base": 0.022, "Latitude": 8.771142, "Longitude": 0.950513 }, "geometry": { "type": "Point", "coordinates": [ 0.950513, 8.771142 ] } },
{ "type": "Feature", "properties": { "ADM3_FR": "Vo 3", "ADM2_FR": "Vo", "ADM1_FR": "Maritime", "ADM0_EN": "Togo", "Population": 64651, "Total_bran": 0.0, "Country": "togo", "Filter": 1.0, "ISIBF_base": 0.06, "Latitude": 6.480463, "Longitude": 1.504979 }, "geometry": { "type": "Point", "coordinates": [ 1.504979, 6.480463 ] } },
{ "type": "Feature", "properties": { "ADM3_FR": "Bassar 1", "ADM2_FR": "Bassar", "ADM1_FR": "Kara", "ADM0_EN": "Togo", "Population": 65059, "Total_bran": 3.0, "Country": "togo", "Filter": 1.0, "ISIBF_base": 0.122, "Latitude": 9.196431, "Longitude": 0.818282 }, "geometry": { "type": "Point", "coordinates": [ 0.818282, 9.196431 ] } },
{ "type": "Feature", "properties": { "ADM3_FR": "Tône 4", "ADM2_FR": "Tone", "ADM1_FR": "Savanes", "ADM0_EN": "Togo", "Population": 66577, "Total_bran": 0.0, "Country": "togo", "Filter": 1.0, "ISIBF_base": 0.047, "Latitude": 10.94294, "Longitude": 0.335577 }, "geometry": { "type": "Point", "coordinates": [ 0.335577, 10.94294 ] } },
{ "type": "Feature", "properties": { "ADM3_FR": "Kpendjal-Ouest 2", "ADM2_FR": "Naki-Ouest", "ADM1_FR": "Savanes", "ADM0_EN": "Togo", "Population": 66871, "Total_bran": 0.0, "Country": "togo", "Filter": 1.0, "ISIBF_base": 0.014, "Latitude": 10.918949, "Longitude": 0.468774 }, "geometry": { "type": "Point", "coordinates": [ 0.468774, 10.918949 ] } },
{ "type": "Feature", "properties": { "ADM3_FR": "Zio 3", "ADM2_FR": "Zio", "ADM1_FR": "Maritime", "ADM0_EN": "Togo", "Population": 67843, "Total_bran": 0.0, "Country": "togo", "Filter": 1.0, "ISIBF_base": 0.023, "Latitude": 6.727096, "Longitude": 1.093218 }, "geometry": { "type": "Point", "coordinates": [ 1.093218, 6.727096 ] } },
{ "type": "Feature", "properties": { "ADM3_FR": "Oti 2", "ADM2_FR": "Oti", "ADM1_FR": "Savanes", "ADM0_EN": "Togo", "Population": 70369, "Total_bran": 0.0, "Country": "togo", "Filter": 1.0, "ISIBF_base": 0.01, "Latitude": 10.538021, "Longitude": 0.40955 }, "geometry": { "type": "Point", "coordinates": [ 0.40955, 10.538021 ] } },
{ "type": "Feature", "properties": { "ADM3_FR": "Blitta 1", "ADM2_FR": "Blitta", "ADM1_FR": "Centrale", "ADM0_EN": "Togo", "Population": 71539, "Total_bran": 1.0, "Country": "togo", "Filter": 1.0, "ISIBF_base": 0.066, "Latitude": 8.279845, "Longitude": 1.027622 }, "geometry": { "type": "Point", "coordinates": [ 1.027622, 8.279845 ] } },
{ "type": "Feature", "properties": { "ADM3_FR": "Tandjouaré 1", "ADM2_FR": "Tandjoare", "ADM1_FR": "Savanes", "ADM0_EN": "Togo", "Population": 74692, "Total_bran": 0.0, "Country": "togo", "Filter": 1.0, "ISIBF_base": 0.013, "Latitude": 10.607439, "Longitude": 0.211239 }, "geometry": { "type": "Point", "coordinates": [ 0.211239, 10.607439 ] } },
{ "type": "Feature", "properties": { "ADM3_FR": "Avé 1", "ADM2_FR": "Ave", "ADM1_FR": "Maritime", "ADM0_EN": "Togo", "Population": 75044, "Total_bran": 0.0, "Country": "togo", "Filter": 1.0, "ISIBF_base": 0.011, "Latitude": 6.506018, "Longitude": 0.896534 }, "geometry": { "type": "Point", "coordinates": [ 0.896534, 6.506018 ] } },
{ "type": "Feature", "properties": { "ADM3_FR": "Dankpen 3", "ADM2_FR": "Dankpen", "ADM1_FR": "Kara", "ADM0_EN": "Togo", "Population": 76652, "Total_bran": 0.0, "Country": "togo", "Filter": 1.0, "ISIBF_base": 0.001, "Latitude": 9.632565, "Longitude": 0.468101 }, "geometry": { "type": "Point", "coordinates": [ 0.468101, 9.632565 ] } },
{ "type": "Feature", "properties": { "ADM3_FR": "Anié 2", "ADM2_FR": "Anie", "ADM1_FR": "Plateaux", "ADM0_EN": "Togo", "Population": 79413, "Total_bran": 0.0, "Country": "togo", "Filter": 1.0, "ISIBF_base": 0.011, "Latitude": 7.668206, "Longitude": 1.496122 }, "geometry": { "type": "Point", "coordinates": [ 1.496122, 7.668206 ] } },
{ "type": "Feature", "properties": { "ADM3_FR": "Tchamba 1", "ADM2_FR": "Tchamba", "ADM1_FR": "Centrale", "ADM0_EN": "Togo", "Population": 82451, "Total_bran": 1.0, "Country": "togo", "Filter": 1.0, "ISIBF_base": 0.064, "Latitude": 9.03883, "Longitude": 1.479307 }, "geometry": { "type": "Point", "coordinates": [ 1.479307, 9.03883 ] } },
{ "type": "Feature", "properties": { "ADM3_FR": "Haho 2", "ADM2_FR": "Haho", "ADM1_FR": "Plateaux", "ADM0_EN": "Togo", "Population": 82507, "Total_bran": 1.0, "Country": "togo", "Filter": 1.0, "ISIBF_base": 0.063, "Latitude": 6.996557, "Longitude": 1.403447 }, "geometry": { "type": "Point", "coordinates": [ 1.403447, 6.996557 ] } },
{ "type": "Feature", "properties": { "ADM3_FR": "Vo 1", "ADM2_FR": "Vo", "ADM1_FR": "Maritime", "ADM0_EN": "Togo", "Population": 88865, "Total_bran": 3.0, "Country": "togo", "Filter": 1.0, "ISIBF_base": 0.22, "Latitude": 6.341447, "Longitude": 1.529121 }, "geometry": { "type": "Point", "coordinates": [ 1.529121, 6.341447 ] } },
{ "type": "Feature", "properties": { "ADM3_FR": "Zio 2", "ADM2_FR": "Zio", "ADM1_FR": "Maritime", "ADM0_EN": "Togo", "Population": 96193, "Total_bran": 0.0, "Country": "togo", "Filter": 1.0, "ISIBF_base": 0.177, "Latitude": 6.371148, "Longitude": 1.108471 }, "geometry": { "type": "Point", "coordinates": [ 1.108471, 6.371148 ] } },
{ "type": "Feature", "properties": { "ADM3_FR": "Anié 1", "ADM2_FR": "Anie", "ADM1_FR": "Plateaux", "ADM0_EN": "Togo", "Population": 100745, "Total_bran": 3.0, "Country": "togo", "Filter": 1.0, "ISIBF_base": 0.137, "Latitude": 7.80454, "Longitude": 1.206397 }, "geometry": { "type": "Point", "coordinates": [ 1.191617220534215, 7.758981825292564 ] } },
{ "type": "Feature", "properties": { "ADM3_FR": "Oti-Sud 1", "ADM2_FR": "Oti-Sud", "ADM1_FR": "Savanes", "ADM0_EN": "Togo", "Population": 106052, "Total_bran": 0.0, "Country": "togo", "Filter": 1.0, "ISIBF_base": 0.005, "Latitude": 10.438934, "Longitude": 0.701702 }, "geometry": { "type": "Point", "coordinates": [ 0.701702, 10.438934 ] } },
{ "type": "Feature", "properties": { "ADM3_FR": "Lacs 3", "ADM2_FR": "Lacs", "ADM1_FR": "Maritime", "ADM0_EN": "Togo", "Population": 108176, "Total_bran": 0.0, "Country": "togo", "Filter": 1.0, "ISIBF_base": 0.21, "Latitude": 6.217638, "Longitude": 1.448837 }, "geometry": { "type": "Point", "coordinates": [ 1.448837, 6.217638 ] } },
{ "type": "Feature", "properties": { "ADM3_FR": "Agoè-Nyivé 6", "ADM2_FR": "Agoe-Nyive", "ADM1_FR": "Maritime", "ADM0_EN": "Togo", "Population": 110194, "Total_bran": 0.0, "Country": "togo", "Filter": 1.0, "ISIBF_base": 0.42, "Latitude": 6.317435, "Longitude": 1.224693 }, "geometry": { "type": "Point", "coordinates": [ 1.224693, 6.317435 ] } },
{ "type": "Feature", "properties": { "ADM3_FR": "Ogou 1", "ADM2_FR": "Ogou", "ADM1_FR": "Plateaux", "ADM0_EN": "Togo", "Population": 116301, "Total_bran": 10.0, "Country": "togo", "Filter": 1.0, "ISIBF_base": 0.215, "Latitude": 7.593457, "Longitude": 1.211023 }, "geometry": { "type": "Point", "coordinates": [ 1.122344323205292, 7.533224138378803 ] } },
{ "type": "Feature", "properties": { "ADM3_FR": "Haho 1", "ADM2_FR": "Haho", "ADM1_FR": "Plateaux", "ADM0_EN": "Togo", "Population": 119929, "Total_bran": 3.0, "Country": "togo", "Filter": 1.0, "ISIBF_base": 0.12, "Latitude": 6.883379, "Longitude": 1.132884 }, "geometry": { "type": "Point", "coordinates": [ 1.132884, 6.883379 ] } },
{ "type": "Feature", "properties": { "ADM3_FR": "Agoè-Nyivé 5", "ADM2_FR": "Agoe-Nyive", "ADM1_FR": "Maritime", "ADM0_EN": "Togo", "Population": 125097, "Total_bran": 0.0, "Country": "togo", "Filter": 1.0, "ISIBF_base": 0.47, "Latitude": 6.246167, "Longitude": 1.121561 }, "geometry": { "type": "Point", "coordinates": [ 1.121561, 6.246167 ] } },
{ "type": "Feature", "properties": { "ADM3_FR": "Agoè-Nyivé 2", "ADM2_FR": "Agoe-Nyive", "ADM1_FR": "Maritime", "ADM0_EN": "Togo", "Population": 128164, "Total_bran": 0.0, "Country": "togo", "Filter": 1.0, "ISIBF_base": 0.512, "Latitude": 6.271144, "Longitude": 1.154912 }, "geometry": { "type": "Point", "coordinates": [ 1.154912, 6.271144 ] } },
{ "type": "Feature", "properties": { "ADM3_FR": "Golfe 2", "ADM2_FR": "Lome Commune", "ADM1_FR": "Maritime", "ADM0_EN": "Togo", "Population": 136153, "Total_bran": 12.0, "Country": "togo", "Filter": 1.0, "ISIBF_base": 1.0, "Latitude": 6.180691, "Longitude": 1.249864 }, "geometry": { "type": "Point", "coordinates": [ 1.249864, 6.180691 ] } },
{ "type": "Feature", "properties": { "ADM3_FR": "Agoè-Nyivé 4", "ADM2_FR": "Agoe-Nyive", "ADM1_FR": "Maritime", "ADM0_EN": "Togo", "Population": 154431, "Total_bran": 2.0, "Country": "togo", "Filter": 1.0, "ISIBF_base": 0.669, "Latitude": 6.265311, "Longitude": 1.215485 }, "geometry": { "type": "Point", "coordinates": [ 1.215485, 6.265311 ] } },
{ "type": "Feature", "properties": { "ADM3_FR": "Golfe 4", "ADM2_FR": "Lome Commune", "ADM1_FR": "Maritime", "ADM0_EN": "Togo", "Population": 155842, "Total_bran": 49.0, "Country": "togo", "Filter": 1.0, "ISIBF_base": 0.878, "Latitude": 6.134431, "Longitude": 1.213774 }, "geometry": { "type": "Point", "coordinates": [ 1.213774, 6.134431 ] } },
{ "type": "Feature", "properties": { "ADM3_FR": "Golfe 5", "ADM2_FR": "Lome Commune", "ADM1_FR": "Maritime", "ADM0_EN": "Togo", "Population": 169993, "Total_bran": 36.0, "Country": "togo", "Filter": 1.0, "ISIBF_base": 0.926, "Latitude": 6.191449, "Longitude": 1.179031 }, "geometry": { "type": "Point", "coordinates": [ 1.179031, 6.191449 ] } },
{ "type": "Feature", "properties": { "ADM3_FR": "Tchaoudjo 1", "ADM2_FR": "Tchaoudjo", "ADM1_FR": "Centrale", "ADM0_EN": "Togo", "Population": 177706, "Total_bran": 10.0, "Country": "togo", "Filter": 1.0, "ISIBF_base": 0.207, "Latitude": 8.920708, "Longitude": 1.172963 }, "geometry": { "type": "Point", "coordinates": [ 1.172963, 8.920708 ] } },
{ "type": "Feature", "properties": { "ADM3_FR": "Golfe 6", "ADM2_FR": "Golfe", "ADM1_FR": "Maritime", "ADM0_EN": "Togo", "Population": 181561, "Total_bran": 5.0, "Country": "togo", "Filter": 1.0, "ISIBF_base": 0.548, "Latitude": 6.181945, "Longitude": 1.335251 }, "geometry": { "type": "Point", "coordinates": [ 1.335251, 6.181945 ] } },
{ "type": "Feature", "properties": { "ADM3_FR": "Kozah 1", "ADM2_FR": "Kozah", "ADM1_FR": "Kara", "ADM0_EN": "Togo", "Population": 193625, "Total_bran": 13.0, "Country": "togo", "Filter": 1.0, "ISIBF_base": 0.283, "Latitude": 9.587482, "Longitude": 1.216048 }, "geometry": { "type": "Point", "coordinates": [ 1.216048, 9.587482 ] } },
{ "type": "Feature", "properties": { "ADM3_FR": "Golfe 7", "ADM2_FR": "Golfe", "ADM1_FR": "Maritime", "ADM0_EN": "Togo", "Population": 257813, "Total_bran": 1.0, "Country": "togo", "Filter": 1.0, "ISIBF_base": 0.572, "Latitude": 6.192125, "Longitude": 1.122319 }, "geometry": { "type": "Point", "coordinates": [ 1.122319, 6.192125 ] } },
{ "type": "Feature", "properties": { "ADM3_FR": "Zio 1", "ADM2_FR": "Zio", "ADM1_FR": "Maritime", "ADM0_EN": "Togo", "Population": 307292, "Total_bran": 3.0, "Country": "togo", "Filter": 1.0, "ISIBF_base": 0.271, "Latitude": 6.401278, "Longitude": 1.254304 }, "geometry": { "type": "Point", "coordinates": [ 1.254304, 6.401278 ] } },
{ "type": "Feature", "properties": { "ADM3_FR": "Agoè-Nyivé 1", "ADM2_FR": "Agoe-Nyive", "ADM1_FR": "Maritime", "ADM0_EN": "Togo", "Population": 317255, "Total_bran": 10.0, "Country": "togo", "Filter": 1.0, "ISIBF_base": 0.853, "Latitude": 6.230589, "Longitude": 1.199161 }, "geometry": { "type": "Point", "coordinates": [ 1.199161, 6.230589 ] } },
{ "type": "Feature", "properties": { "ADM3_FR": "Est-Mono 3", "ADM2_FR": "Est-Mono", "ADM1_FR": "Plateaux", "ADM0_EN": "Togo", "Population": 27942, "Total_bran": 0.0, "Country": "togo", "Filter": 1.0, "ISIBF_base": 0.018, "Latitude": 7.989694, "Longitude": 1.244926 }, "geometry": { "type": "Point", "coordinates": [ 1.244926, 7.989694 ] } },
{ "type": "Feature", "properties": { "ADM3_FR": "Kéran 3", "ADM2_FR": "Kéran", "ADM1_FR": "Kara", "ADM0_EN": "Togo", "Population": 30983, "Total_bran": 0.0, "Country": "togo", "Filter": 1.0, "ISIBF_base": 0.017, "Latitude": 10.096493, "Longitude": 1.111457 }, "geometry": { "type": "Point", "coordinates": [ 1.111457, 10.096493 ] } },
{ "type": "Feature", "properties": { "ADM3_FR": "Est-Mono 2", "ADM2_FR": "Est-Mono", "ADM1_FR": "Plateaux", "ADM0_EN": "Togo", "Population": 129808, "Total_bran": 0.0, "Country": "togo", "Filter": 1.0, "ISIBF_base": 0.001, "Latitude": 8.202162, "Longitude": 1.446378 }, "geometry": { "type": "Point", "coordinates": [ 1.34948833461319, 8.106252305001531 ] } }
]
}
