{
"type": "FeatureCollection",
"name": "dissolve_15min",
"crs": { "type": "name", "properties": { "name": "urn:ogc:def:crs:OGC:1.3:CRS84" } },
"features": [
{ "type": "Feature", "properties": { "group_index": 0, "value": 900.0, "center": null, "layer": "bioke_15min", "path": "/Users/haouabenaliabbo/Desktop/M2 IREN/ALTERNANCE/Bounie/UEMOA isochrones/civ/bioke_15min.geojson" }, "geometry": { "type": "MultiPolygon", "coordinates": [ [ [ [ -3.958958, 5.441734 ], [ -3.958532, 5.441147 ], [ -3.958085, 5.44035 ], [ -3.95777, 5.439656 ], [ -3.957510948719025, 5.438937583168388 ], [ -3.957507, 5.438939 ], [ -3.957431266990757, 5.438727904201605 ], [ -3.957431, 5.438728 ], [ -3.95703844430737, 5.43763383709357 ], [ -3.955207880533247, 5.433802988400704 ], [ -3.947639, 5.436837 ], [ -3.947623, 5.436992 ], [ -3.947477, 5.437659 ], [ -3.94734, 5.437998 ], [ -3.944002, 5.43665 ], [ -3.943990101968701, 5.436562279459281 ], [ -3.942247, 5.436335 ], [ -3.94175, 5.436132 ], [ -3.941565, 5.436022 ], [ -3.942147, 5.432938 ], [ -3.94404046887076, 5.428434661917925 ], [ -3.939718, 5.423863 ], [ -3.939667, 5.423638 ], [ -3.938699110057397, 5.422383785306395 ], [ -3.93084, 5.422879 ], [ -3.930436, 5.423525 ], [ -3.930214, 5.423793 ], [ -3.929902823146037, 5.424016586332106 ], [ -3.929654, 5.424246 ], [ -3.929296127385221, 5.424503344265648 ], [ -3.928122, 5.426693 ], [ -3.927517616250363, 5.426779655470276 ], [ -3.926651, 5.428738 ], [ -3.926473, 5.428751 ], [ -3.926053, 5.428733 ], [ -3.925335, 5.428746 ], [ -3.924761334526871, 5.427174846256108 ], [ -3.924558, 5.427204 ], [ -3.924193, 5.425476 ], [ -3.92176175801517, 5.421662768986469 ], [ -3.920944966701338, 5.421286226849591 ], [ -3.914304, 5.419756 ], [ -3.913816, 5.419701 ], [ -3.913562, 5.419631 ], [ -3.912906, 5.419366 ], [ -3.91257, 5.419168 ], [ -3.912570092114921, 5.419167644898722 ], [ -3.912569, 5.419167 ], [ -3.912570825183406, 5.419159975112736 ], [ -3.912361, 5.419031 ], [ -3.911082, 5.418207 ], [ -3.910329, 5.417652 ], [ -3.909871, 5.416612 ], [ -3.909866, 5.416099 ], [ -3.901805, 5.412137 ], [ -3.901076, 5.413028 ], [ -3.900759, 5.413221 ], [ -3.899977, 5.413732 ], [ -3.895532, 5.416792 ], [ -3.894816018499295, 5.416614858431932 ], [ -3.894419, 5.416771 ], [ -3.894028, 5.416818 ], [ -3.893252, 5.416734 ], [ -3.892673, 5.416456 ], [ -3.892442, 5.41629 ], [ -3.891608095386522, 5.414215118852718 ], [ -3.891162423458609, 5.413703731816188 ], [ -3.890617, 5.413429 ], [ -3.890059023914106, 5.413149386329808 ], [ -3.882513, 5.414221 ], [ -3.882324, 5.414094 ], [ -3.882005, 5.413823 ], [ -3.8816, 5.41321 ], [ -3.881228, 5.41263 ], [ -3.880428, 5.411279 ], [ -3.879933, 5.410038 ], [ -3.879827, 5.408982 ], [ -3.879958, 5.408305 ], [ -3.88062, 5.40595 ], [ -3.881445, 5.404696 ], [ -3.87912, 5.396035 ], [ -3.875526, 5.396253 ], [ -3.874265098556263, 5.396502597046586 ], [ -3.872671, 5.400322 ], [ -3.872532, 5.401035 ], [ -3.872328, 5.401577 ], [ -3.872128, 5.40199 ], [ -3.871749, 5.402492 ], [ -3.870193, 5.404595 ], [ -3.868329, 5.404478 ], [ -3.867347, 5.404011 ], [ -3.866789, 5.403421 ], [ -3.867122, 5.402366 ], [ -3.867327, 5.401863 ], [ -3.867518, 5.40151 ], [ -3.868273, 5.397015 ], [ -3.868243, 5.396682 ], [ -3.868315, 5.396035 ], [ -3.868622, 5.395242 ], [ -3.868945297898749, 5.394711411095582 ], [ -3.868943, 5.39471 ], [ -3.868962385386892, 5.394678438667621 ], [ -3.869147793305648, 5.392002906412226 ], [ -3.867928311137177, 5.389511042163868 ], [ -3.860609, 5.390154 ], [ -3.856583, 5.394136 ], [ -3.856205, 5.395697 ], [ -3.855989, 5.396278 ], [ -3.855807, 5.396845 ], [ -3.855787, 5.396891 ], [ -3.854293, 5.399293 ], [ -3.853677, 5.399196 ], [ -3.852216, 5.397346 ], [ -3.851453, 5.395055 ], [ -3.846616, 5.387793 ], [ -3.843349, 5.380787 ], [ -3.839266, 5.379223 ], [ -3.836533, 5.378925 ], [ -3.835902, 5.378712 ], [ -3.834594, 5.378337 ], [ -3.834218, 5.378173 ], [ -3.833969, 5.378024 ], [ -3.833581, 5.377758 ], [ -3.833424, 5.377645 ], [ -3.833638747049167, 5.375225841953705 ], [ -3.833565, 5.374601 ], [ -3.834043, 5.374152 ], [ -3.83479185673982, 5.374246150267095 ], [ -3.837347, 5.373477 ], [ -3.84463, 5.368866 ], [ -3.846076, 5.365339 ], [ -3.845452, 5.36397 ], [ -3.836953, 5.362196 ], [ -3.836288, 5.363021 ], [ -3.834187, 5.364332 ], [ -3.833668, 5.364675 ], [ -3.832622, 5.364268 ], [ -3.829891, 5.362786 ], [ -3.823753, 5.363267 ], [ -3.823434, 5.363381 ], [ -3.822092, 5.363765 ], [ -3.819861, 5.36467 ], [ -3.819691, 5.364495 ], [ -3.81945, 5.364204 ], [ -3.819236, 5.363866 ], [ -3.819024, 5.36327 ], [ -3.818971, 5.362608 ], [ -3.819249, 5.361675 ], [ -3.819657, 5.361066 ], [ -3.821067328536671, 5.356674707664072 ], [ -3.815152, 5.352388 ], [ -3.812828, 5.352354 ], [ -3.810504, 5.352321 ], [ -3.808132, 5.352286 ], [ -3.807236, 5.352246 ], [ -3.806341, 5.352137 ], [ -3.805312, 5.351881 ], [ -3.799900892418487, 5.351932465161064 ], [ -3.795455, 5.352999 ], [ -3.794871, 5.353211 ], [ -3.791781, 5.353632 ], [ -3.791032687805112, 5.353182401504144 ], [ -3.789355, 5.353633 ], [ -3.78761, 5.351153 ], [ -3.788393, 5.350661 ], [ -3.791151997965534, 5.349812046046823 ], [ -3.792357, 5.348893 ], [ -3.792395, 5.348879 ], [ -3.799785, 5.346812 ], [ -3.800525, 5.346639 ], [ -3.801073, 5.346605 ], [ -3.801616, 5.34666 ], [ -3.804572, 5.347783 ], [ -3.810287, 5.341863 ], [ -3.812725, 5.339214 ], [ -3.812844, 5.339324 ], [ -3.814375, 5.340732 ], [ -3.820642, 5.334828 ], [ -3.820107, 5.333347 ], [ -3.815726, 5.329995 ], [ -3.813031, 5.327608 ], [ -3.811873, 5.32266 ], [ -3.809517, 5.31947 ], [ -3.803005, 5.316495 ], [ -3.802723, 5.312906 ], [ -3.803509, 5.310758 ], [ -3.804084, 5.310141 ], [ -3.805278, 5.309951 ], [ -3.810601, 5.309234 ], [ -3.811173, 5.309543 ], [ -3.81197, 5.310132 ], [ -3.819231, 5.304938 ], [ -3.819475, 5.304231 ], [ -3.819646, 5.303725 ], [ -3.820422, 5.302802 ], [ -3.821602, 5.301731 ], [ -3.822422, 5.301826 ], [ -3.827481, 5.301801 ], [ -3.832978, 5.300157 ], [ -3.833933, 5.300382 ], [ -3.835448, 5.301306 ], [ -3.842273, 5.306608 ], [ -3.849963, 5.308683 ], [ -3.854311, 5.308624 ], [ -3.854454, 5.308657 ], [ -3.855567, 5.309664 ], [ -3.863031, 5.312403 ], [ -3.869418, 5.313684 ], [ -3.869613, 5.313555 ], [ -3.869613325393305, 5.313555105070408 ], [ -3.869615, 5.313554 ], [ -3.871118, 5.314032 ], [ -3.874826, 5.315417 ], [ -3.881253736557081, 5.31866505836661 ], [ -3.881254, 5.318664 ], [ -3.88145, 5.318319 ], [ -3.881629, 5.318073 ], [ -3.884277, 5.318423 ], [ -3.884668, 5.31869 ], [ -3.884878090891025, 5.318890889830104 ], [ -3.884885, 5.31889 ], [ -3.886075480423772, 5.319797433440257 ], [ -3.886373, 5.31985 ], [ -3.887073, 5.320174 ], [ -3.887197, 5.320251 ], [ -3.887197439276076, 5.320251650108271 ], [ -3.887198, 5.320252 ], [ -3.889269573404627, 5.322232103279631 ], [ -3.890685, 5.323311 ], [ -3.891416348690625, 5.324124491677114 ], [ -3.892850237446234, 5.324715609005375 ], [ -3.893619, 5.324805 ], [ -3.894101, 5.325291 ], [ -3.894371, 5.325583 ], [ -3.894848, 5.326407 ], [ -3.895023, 5.327484 ], [ -3.899966457852924, 5.329197420450142 ], [ -3.90255, 5.329798 ], [ -3.902785, 5.329783 ], [ -3.906736, 5.328874 ], [ -3.907230471198605, 5.328580077196952 ], [ -3.912383, 5.324606 ], [ -3.91268, 5.324596 ], [ -3.912700049045648, 5.324600763500814 ], [ -3.913337, 5.324005 ], [ -3.915283, 5.323716 ], [ -3.915591849203571, 5.323812045504936 ], [ -3.915729, 5.323699 ], [ -3.915729903566195, 5.323699079726429 ], [ -3.91573, 5.323699 ], [ -3.915831, 5.323708 ], [ -3.916685, 5.324009 ], [ -3.921417762626271, 5.325582554611532 ], [ -3.921672, 5.325459 ], [ -3.921815126232991, 5.325427931269625 ], [ -3.921874, 5.32536 ], [ -3.924127, 5.324819 ], [ -3.93052029638202, 5.325602362163479 ], [ -3.930575, 5.325385 ], [ -3.930595195898774, 5.325369712826622 ], [ -3.930637, 5.325181 ], [ -3.930653, 5.325134 ], [ -3.931376, 5.324187 ], [ -3.932414901499002, 5.323992296782006 ], [ -3.932447, 5.323968 ], [ -3.932669742962934, 5.323907684803386 ], [ -3.932677, 5.323898 ], [ -3.935502, 5.322863 ], [ -3.935607, 5.322831 ], [ -3.935638727907019, 5.322828912710161 ], [ -3.935863, 5.322773 ], [ -3.937508, 5.322504 ], [ -3.937825281724352, 5.322453358943019 ], [ -3.938960980934218, 5.319869102734232 ], [ -3.940314033758159, 5.315777763027337 ], [ -3.940237, 5.315706 ], [ -3.939982849792723, 5.315398016823746 ], [ -3.939133361590762, 5.314412476907132 ], [ -3.935787650459345, 5.314003432508605 ], [ -3.933531, 5.314054 ], [ -3.932918516169163, 5.313403794312482 ], [ -3.93204932168056, 5.313182613484141 ], [ -3.93092, 5.313319 ], [ -3.930601, 5.313131 ], [ -3.930333, 5.312707 ], [ -3.929901801187308, 5.312109883383294 ], [ -3.929748038648564, 5.312059516337933 ], [ -3.928936, 5.312173 ], [ -3.928671, 5.311753 ], [ -3.928529, 5.311456 ], [ -3.928619, 5.310492 ], [ -3.928815, 5.309797 ], [ -3.929151, 5.308683 ], [ -3.929312, 5.308587 ], [ -3.93305523061741, 5.305829470992849 ], [ -3.933193, 5.304889 ], [ -3.933353992773074, 5.304777049143094 ], [ -3.933354, 5.304777 ], [ -3.933609992377268, 5.304599024347233 ], [ -3.93361, 5.304599 ], [ -3.933669, 5.304558 ], [ -3.933778994215775, 5.304520174525719 ], [ -3.933795, 5.304367 ], [ -3.93414, 5.304078 ], [ -3.934596, 5.303849 ], [ -3.935053, 5.303647 ], [ -3.935863567344881, 5.303709913339237 ], [ -3.935874, 5.303653 ], [ -3.936016979119204, 5.303617091253319 ], [ -3.936017, 5.303617 ], [ -3.936264053042827, 5.303554982569496 ], [ -3.937323, 5.303207 ], [ -3.938140245117059, 5.303051619840986 ], [ -3.93913131960911, 5.302426724282055 ], [ -3.939264977687261, 5.302338406895055 ], [ -3.940238188832883, 5.301695337156439 ], [ -3.942717544476361, 5.298462438022001 ], [ -3.944029904826769, 5.294443744003005 ], [ -3.944046279007889, 5.293481844403894 ], [ -3.941912049727691, 5.285679736680724 ], [ -3.940059, 5.284285 ], [ -3.935989, 5.280898 ], [ -3.93528, 5.280732 ], [ -3.927048, 5.283635 ], [ -3.929258, 5.288012 ], [ -3.930007, 5.288447 ], [ -3.931025, 5.289078 ], [ -3.931393, 5.289392 ], [ -3.931631, 5.291851 ], [ -3.931634, 5.291902 ], [ -3.931607, 5.291964 ], [ -3.928888, 5.295257 ], [ -3.924073, 5.297576 ], [ -3.922464, 5.296959 ], [ -3.914178, 5.293582 ], [ -3.913314, 5.285615 ], [ -3.909652, 5.283122 ], [ -3.909502, 5.279525 ], [ -3.914519, 5.277561 ], [ -3.914755, 5.277525 ], [ -3.920074460071011, 5.27382177035102 ], [ -3.915623, 5.273768 ], [ -3.914094, 5.276912 ], [ -3.911662, 5.277223 ], [ -3.907842, 5.27593 ], [ -3.89934, 5.278118 ], [ -3.894839, 5.280488 ], [ -3.890248, 5.280609 ], [ -3.88559, 5.288108 ], [ -3.885405, 5.28895 ], [ -3.884285, 5.290545 ], [ -3.882595, 5.292385 ], [ -3.878995, 5.292357 ], [ -3.877716, 5.288669 ], [ -3.870179, 5.287971 ], [ -3.869141, 5.289064 ], [ -3.868673, 5.28951 ], [ -3.867664, 5.290471 ], [ -3.866935, 5.291182 ], [ -3.865428, 5.292097 ], [ -3.863753, 5.291614 ], [ -3.863644, 5.291505 ], [ -3.864736, 5.288332 ], [ -3.864901, 5.286049 ], [ -3.865659, 5.283181 ], [ -3.859842, 5.277506 ], [ -3.858125, 5.274342 ], [ -3.855552, 5.269088 ], [ -3.85566, 5.26549 ], [ -3.861026, 5.262104 ], [ -3.862043, 5.262149 ], [ -3.862805, 5.262356 ], [ -3.864514, 5.263457 ], [ -3.86865, 5.266001 ], [ -3.875018, 5.26625 ], [ -3.877723, 5.266364 ], [ -3.878342, 5.266471 ], [ -3.878702, 5.266582 ], [ -3.887112, 5.26381 ], [ -3.888188, 5.260374 ], [ -3.882268, 5.254067 ], [ -3.881382, 5.254018 ], [ -3.880434, 5.253932 ], [ -3.879676, 5.253777 ], [ -3.879371, 5.253685 ], [ -3.875603, 5.253309 ], [ -3.875262, 5.253249 ], [ -3.874232, 5.253109 ], [ -3.871808, 5.252809 ], [ -3.871128, 5.252769 ], [ -3.870663, 5.252717 ], [ -3.869347, 5.252627 ], [ -3.868519, 5.252473 ], [ -3.865611, 5.252046 ], [ -3.864369, 5.251819 ], [ -3.863183, 5.251634 ], [ -3.861071680591247, 5.250073424456908 ], [ -3.860031, 5.250963 ], [ -3.857883, 5.250583 ], [ -3.85689, 5.250463 ], [ -3.848467, 5.252698 ], [ -3.847177, 5.252458 ], [ -3.844871, 5.251856 ], [ -3.844798, 5.25176 ], [ -3.844819, 5.251572 ], [ -3.842194, 5.244668 ], [ -3.84193, 5.244112 ], [ -3.841101, 5.242513 ], [ -3.83739055085779, 5.241065814317946 ], [ -3.832966, 5.243312 ], [ -3.829874122106891, 5.247084383022259 ], [ -3.830162, 5.248063 ], [ -3.830165, 5.248867 ], [ -3.829764560499906, 5.250654035978034 ], [ -3.829534, 5.252509 ], [ -3.829529237973158, 5.252508406746376 ], [ -3.829473, 5.252952 ], [ -3.828768, 5.25587 ], [ -3.828189, 5.257186 ], [ -3.824444, 5.257518 ], [ -3.82367, 5.257511 ], [ -3.822808, 5.255745 ], [ -3.82282, 5.255545 ], [ -3.822991, 5.254913 ], [ -3.823288, 5.25432 ], [ -3.823159744656953, 5.248789344595942 ], [ -3.822572, 5.247172 ], [ -3.821123248211481, 5.246890366587801 ], [ -3.814915, 5.24793 ], [ -3.814208, 5.248236 ], [ -3.812973, 5.247832 ], [ -3.805544, 5.252615 ], [ -3.802131, 5.25376 ], [ -3.79953, 5.253551 ], [ -3.798332, 5.253413 ], [ -3.79249, 5.259163 ], [ -3.793274, 5.261776 ], [ -3.794672, 5.263714 ], [ -3.795379, 5.264755 ], [ -3.794804, 5.265745 ], [ -3.794442, 5.2664 ], [ -3.794343, 5.266527 ], [ -3.792597, 5.26704 ], [ -3.784172, 5.269758 ], [ -3.780601, 5.27021 ], [ -3.780193038159326, 5.26886515830155 ], [ -3.777040414381989, 5.261808166024074 ], [ -3.776701, 5.261249 ], [ -3.775019, 5.258478 ], [ -3.773618, 5.256222 ], [ -3.772207, 5.25395 ], [ -3.770612, 5.251386 ], [ -3.769016, 5.248822 ], [ -3.761685, 5.244192 ], [ -3.761006, 5.244141 ], [ -3.758561, 5.243902 ], [ -3.757911, 5.24389 ], [ -3.757441, 5.243898 ], [ -3.756939, 5.243841 ], [ -3.756004, 5.240012 ], [ -3.756131, 5.239488 ], [ -3.75225250940042, 5.232320191958875 ], [ -3.745172, 5.232847 ], [ -3.744846, 5.232415 ], [ -3.743084684484228, 5.231227185628305 ], [ -3.739984, 5.231347 ], [ -3.73359, 5.231272 ], [ -3.732792, 5.230797 ], [ -3.726474629127495, 5.228524367906236 ], [ -3.724959, 5.228522 ], [ -3.72434219124836, 5.228273330164899 ], [ -3.720322, 5.228447 ], [ -3.711758, 5.23114 ], [ -3.711755346786118, 5.23113700443594 ], [ -3.711656, 5.231224 ], [ -3.709181, 5.233695 ], [ -3.708775, 5.234182 ], [ -3.708502, 5.234422 ], [ -3.706164, 5.23669 ], [ -3.705622, 5.237209 ], [ -3.70505, 5.237639 ], [ -3.704455, 5.23795 ], [ -3.703753, 5.238202 ], [ -3.701931, 5.238617 ], [ -3.697668, 5.239363 ], [ -3.696925, 5.239357 ], [ -3.695642, 5.239172 ], [ -3.69503, 5.239018 ], [ -3.694581, 5.238846 ], [ -3.693732, 5.238466 ], [ -3.688969, 5.236233 ], [ -3.681549, 5.236217 ], [ -3.680642, 5.236416 ], [ -3.680332, 5.236461 ], [ -3.680331958912585, 5.236460717464531 ], [ -3.68033, 5.236461 ], [ -3.680329294637946, 5.236456140232811 ], [ -3.680159, 5.236478 ], [ -3.677547, 5.236702 ], [ -3.676981, 5.236713 ], [ -3.676472, 5.23665 ], [ -3.675576, 5.236439 ], [ -3.670882086149097, 5.232571161133306 ], [ -3.665434, 5.236299 ], [ -3.665026, 5.236657 ], [ -3.664372, 5.236955 ], [ -3.66357, 5.237064 ], [ -3.662544, 5.237202 ], [ -3.656243, 5.23813 ], [ -3.648100384560697, 5.237522038699812 ], [ -3.647944, 5.238471 ], [ -3.647973, 5.238983 ], [ -3.64796682611553, 5.238987008551076 ], [ -3.647977, 5.239217 ], [ -3.647948, 5.239945 ], [ -3.647947729368172, 5.239944988939984 ], [ -3.647946, 5.239988 ], [ -3.644349, 5.239841 ], [ -3.63808028906853, 5.239809174380817 ], [ -3.637295, 5.242469 ], [ -3.637155, 5.242578 ], [ -3.637136631897829, 5.242587275288029 ], [ -3.636877119533941, 5.243987276198475 ], [ -3.638029, 5.247935 ], [ -3.638198, 5.248677 ], [ -3.638185, 5.249038 ], [ -3.638039, 5.250049 ], [ -3.636481, 5.252362 ], [ -3.635603, 5.25193 ], [ -3.632025, 5.250292 ], [ -3.626055021363312, 5.24901450135604 ], [ -3.625276697280756, 5.249368526109094 ], [ -3.624515134907475, 5.249955985797469 ], [ -3.620218, 5.256116 ], [ -3.619921, 5.256438 ], [ -3.619462, 5.256812 ], [ -3.61748142826466, 5.258242201726564 ], [ -3.617208, 5.260766 ], [ -3.615125, 5.261516 ], [ -3.613410228466053, 5.261464865424695 ], [ -3.609457, 5.264977 ], [ -3.608714, 5.265233 ], [ -3.608174, 5.265339 ], [ -3.607659, 5.265382 ], [ -3.607094, 5.26535 ], [ -3.606297363903433, 5.265898697745309 ], [ -3.60447, 5.267459 ], [ -3.602065, 5.270966 ], [ -3.601749033330939, 5.271628452845929 ], [ -3.602112, 5.273919 ], [ -3.603927, 5.275903 ], [ -3.604746, 5.278524 ], [ -3.605038, 5.279208 ], [ -3.605223, 5.279802 ], [ -3.605278, 5.280225 ], [ -3.608074, 5.288357 ], [ -3.611195, 5.287621 ], [ -3.613551, 5.285455 ], [ -3.61391, 5.284946 ], [ -3.614296, 5.284401 ], [ -3.614727, 5.283844 ], [ -3.615322, 5.2843 ], [ -3.615538, 5.285283 ], [ -3.616691, 5.289924 ], [ -3.615784, 5.290518 ], [ -3.614697, 5.290845 ], [ -3.609952, 5.291858 ], [ -3.60956, 5.291967 ], [ -3.609003, 5.292044 ], [ -3.601652, 5.293559 ], [ -3.596882, 5.297814 ], [ -3.593819, 5.299661 ], [ -3.58848, 5.303772 ], [ -3.585743, 5.308451 ], [ -3.585584, 5.308753 ], [ -3.583127, 5.315119 ], [ -3.582947, 5.315503 ], [ -3.579612, 5.314551 ], [ -3.579414, 5.314023 ], [ -3.57931, 5.313199 ], [ -3.579422, 5.312416 ], [ -3.579908, 5.311503 ], [ -3.58069, 5.309794 ], [ -3.580921, 5.309268 ], [ -3.57955, 5.301791 ], [ -3.577268, 5.30065 ], [ -3.575285, 5.297751 ], [ -3.573521, 5.29581 ], [ -3.564993, 5.294315 ], [ -3.562236, 5.300403 ], [ -3.56292, 5.303567 ], [ -3.563508, 5.304927 ], [ -3.564699, 5.306967 ], [ -3.564115, 5.308205 ], [ -3.561033, 5.312991 ], [ -3.558421, 5.319806 ], [ -3.558278, 5.320628 ], [ -3.557923, 5.321661 ], [ -3.555384, 5.32948 ], [ -3.555268, 5.330012 ], [ -3.554995, 5.330849 ], [ -3.553827111478355, 5.333508489844466 ], [ -3.553432, 5.334409 ], [ -3.550135, 5.332961 ], [ -3.551323, 5.326332 ], [ -3.551376, 5.325273 ], [ -3.552081, 5.323175 ], [ -3.552591, 5.322262 ], [ -3.554645, 5.317655 ], [ -3.553056, 5.312081 ], [ -3.555922, 5.308008 ], [ -3.556095, 5.307527 ], [ -3.557256, 5.303772 ], [ -3.557303, 5.301158 ], [ -3.55738, 5.29882 ], [ -3.557398, 5.297695 ], [ -3.557388, 5.296664 ], [ -3.557413, 5.296248 ], [ -3.557505, 5.2957 ], [ -3.55766, 5.295092 ], [ -3.557829, 5.294554 ], [ -3.558011, 5.294089 ], [ -3.558705, 5.292593 ], [ -3.559296, 5.291661 ], [ -3.559969, 5.285539 ], [ -3.55354, 5.280507 ], [ -3.551406, 5.280607 ], [ -3.547033, 5.288257 ], [ -3.547376, 5.290308 ], [ -3.54745, 5.291002 ], [ -3.54735, 5.291764 ], [ -3.547108, 5.292331 ], [ -3.546777, 5.292816 ], [ -3.545699, 5.294364 ], [ -3.545467, 5.29472 ], [ -3.542465, 5.292793 ], [ -3.542456, 5.292773 ], [ -3.542609, 5.292297 ], [ -3.543142, 5.287576 ], [ -3.538937, 5.282529 ], [ -3.532999, 5.283312 ], [ -3.531868, 5.283458 ], [ -3.531283, 5.283503 ], [ -3.530693, 5.28349 ], [ -3.52343, 5.288667 ], [ -3.525814, 5.295932 ], [ -3.527267, 5.297454 ], [ -3.52786, 5.298228 ], [ -3.52782231112228, 5.298256889969271 ], [ -3.528144, 5.298722 ], [ -3.528493, 5.299644 ], [ -3.525127, 5.300921 ], [ -3.522388, 5.298776 ], [ -3.521424, 5.298304 ], [ -3.519373, 5.297012 ], [ -3.517212, 5.295094 ], [ -3.513426, 5.291749 ], [ -3.508035, 5.292976 ], [ -3.504231, 5.294568 ], [ -3.503817, 5.294775 ], [ -3.503075, 5.303505 ], [ -3.505643, 5.305146 ], [ -3.506959, 5.306362 ], [ -3.507462, 5.307594 ], [ -3.507805, 5.309533 ], [ -3.50426, 5.310159 ], [ -3.500614, 5.306265 ], [ -3.499214, 5.305143 ], [ -3.493259, 5.303593 ], [ -3.489563, 5.305883 ], [ -3.488698, 5.306749 ], [ -3.488235, 5.307317 ], [ -3.487087, 5.30873 ], [ -3.486839, 5.309076 ], [ -3.486548, 5.309523 ], [ -3.485859, 5.310864 ], [ -3.485484, 5.311559 ], [ -3.484854, 5.312668 ], [ -3.483441, 5.315049 ], [ -3.482226, 5.317047 ], [ -3.48172, 5.31793 ], [ -3.481166, 5.318847 ], [ -3.479792, 5.320868 ], [ -3.479464, 5.329431 ], [ -3.480204, 5.330098 ], [ -3.480858, 5.330757 ], [ -3.481281, 5.331337 ], [ -3.481548, 5.331812 ], [ -3.481959, 5.332748 ], [ -3.486388, 5.339421 ], [ -3.484194, 5.342276 ], [ -3.483358, 5.341633 ], [ -3.482921, 5.341266 ], [ -3.482295, 5.340621 ], [ -3.482025146969034, 5.340357845448525 ], [ -3.482025, 5.340358 ], [ -3.482007626063595, 5.340341445588898 ], [ -3.480813, 5.339329 ], [ -3.480285, 5.338211 ], [ -3.480064, 5.337784 ], [ -3.478928, 5.335127 ], [ -3.470464, 5.332804 ], [ -3.469227, 5.334115 ], [ -3.467548, 5.335988 ], [ -3.467132, 5.336413 ], [ -3.466664, 5.336805 ], [ -3.465629, 5.337543 ], [ -3.464240994869919, 5.339323877025706 ], [ -3.462715, 5.346787 ], [ -3.462936, 5.347277 ], [ -3.463035, 5.347853 ], [ -3.463036, 5.347964 ], [ -3.459661, 5.348673 ], [ -3.459627, 5.348684 ], [ -3.452681, 5.35297 ], [ -3.451401, 5.35486 ], [ -3.450566, 5.35586 ], [ -3.44771, 5.358812 ], [ -3.444732, 5.360834 ], [ -3.439543, 5.365743 ], [ -3.436556, 5.363735 ], [ -3.44021, 5.35653 ], [ -3.440279, 5.356464 ], [ -3.440323, 5.356423 ], [ -3.440395, 5.356359 ], [ -3.441928, 5.35584 ], [ -3.445901, 5.354898 ], [ -3.446235, 5.354709 ], [ -3.446865, 5.354307 ], [ -3.447534, 5.353785 ], [ -3.448079914271569, 5.35317685453714 ], [ -3.446565, 5.344635 ], [ -3.444871, 5.341458 ], [ -3.445435, 5.341157 ], [ -3.445502338167599, 5.341117577935495 ], [ -3.445502, 5.341117 ], [ -3.44722, 5.340112 ], [ -3.447658, 5.339885 ], [ -3.447998, 5.339738 ], [ -3.45442, 5.334462 ], [ -3.454658, 5.334652 ], [ -3.455499452978855, 5.334690568322836 ], [ -3.456533, 5.333895 ], [ -3.456633, 5.333924 ], [ -3.457366, 5.334337 ], [ -3.462774, 5.335024 ], [ -3.462738, 5.326224 ], [ -3.461863, 5.325745 ], [ -3.460945, 5.325291 ], [ -3.458577, 5.324046 ], [ -3.458049, 5.323753 ], [ -3.457123, 5.323305 ], [ -3.457125115563331, 5.323300627206151 ], [ -3.456987, 5.323233 ], [ -3.456338, 5.322851 ], [ -3.454997, 5.322137 ], [ -3.456689, 5.31896 ], [ -3.458029, 5.319673 ], [ -3.459617, 5.320512 ], [ -3.460312, 5.320892 ], [ -3.46262, 5.322104 ], [ -3.463456, 5.322516 ], [ -3.464464, 5.323065 ], [ -3.465701, 5.323661 ], [ -3.466628, 5.324133 ], [ -3.467114, 5.324417 ], [ -3.475514, 5.322853 ], [ -3.476691, 5.319038 ], [ -3.478187, 5.316827 ], [ -3.478634, 5.316077 ], [ -3.479101, 5.315259 ], [ -3.480365, 5.313179 ], [ -3.481758, 5.310831 ], [ -3.482353, 5.309781 ], [ -3.482689, 5.309157 ], [ -3.483346, 5.307878 ], [ -3.48506, 5.302422 ], [ -3.485288, 5.301747 ], [ -3.485425, 5.301365 ], [ -3.48696, 5.300962 ], [ -3.494177, 5.298854 ], [ -3.495192, 5.298019 ], [ -3.497435, 5.295683 ], [ -3.499786, 5.293244 ], [ -3.500403, 5.292716 ], [ -3.500902, 5.29234 ], [ -3.501474, 5.291967 ], [ -3.502049, 5.29164 ], [ -3.502606, 5.291356 ], [ -3.506641, 5.289656 ], [ -3.506748, 5.282464 ], [ -3.502036, 5.280611 ], [ -3.499029, 5.279984 ], [ -3.496686, 5.280464 ], [ -3.494319, 5.280844 ], [ -3.493762, 5.280946 ], [ -3.491991, 5.281303 ], [ -3.490184, 5.281667 ], [ -3.487249, 5.282197 ], [ -3.484314, 5.282728 ], [ -3.481379, 5.283258 ], [ -3.478501, 5.283778 ], [ -3.478019, 5.283905 ], [ -3.47728, 5.284145 ], [ -3.476958, 5.284247 ], [ -3.475391, 5.284839 ], [ -3.474257, 5.285346 ], [ -3.473039, 5.285826 ], [ -3.47195, 5.286203 ], [ -3.471292, 5.286386 ], [ -3.470332, 5.28657 ], [ -3.468941, 5.286796 ], [ -3.46681, 5.287095 ], [ -3.464726, 5.287387 ], [ -3.461456, 5.288432 ], [ -3.45922, 5.289454 ], [ -3.456976, 5.290479 ], [ -3.454643, 5.291532 ], [ -3.452376, 5.292554 ], [ -3.450474, 5.293446 ], [ -3.447829927199727, 5.294601409925553 ], [ -3.447538337032151, 5.294734631685691 ], [ -3.445541, 5.295648 ], [ -3.442573, 5.296976 ], [ -3.441102, 5.29369 ], [ -3.44407, 5.292362 ], [ -3.44544400937452, 5.291734020516163 ], [ -3.445444, 5.291734 ], [ -3.446837716853697, 5.290888019605266 ], [ -3.451445, 5.286893 ], [ -3.453265, 5.286113 ], [ -3.45507, 5.285492 ], [ -3.45996, 5.285158 ], [ -3.460199, 5.276886 ], [ -3.460465, 5.276598 ], [ -3.461263, 5.275902 ], [ -3.461434, 5.275769 ], [ -3.462314, 5.275067 ], [ -3.462727, 5.274804 ], [ -3.463298, 5.274599 ], [ -3.463818, 5.274519 ], [ -3.464259, 5.274543 ], [ -3.464956, 5.274734 ], [ -3.465844, 5.275162 ], [ -3.466518, 5.275469 ], [ -3.466784, 5.275613 ], [ -3.467773, 5.276092 ], [ -3.468454, 5.276416 ], [ -3.469075, 5.276706 ], [ -3.470074, 5.277239 ], [ -3.47069, 5.277509 ], [ -3.471859, 5.278019 ], [ -3.472822, 5.278583 ], [ -3.473651, 5.278969 ], [ -3.480739, 5.279716 ], [ -3.483674, 5.279185 ], [ -3.486608, 5.278655 ], [ -3.489543, 5.278124 ], [ -3.49128, 5.277774 ], [ -3.490499, 5.268841 ], [ -3.489398, 5.268229 ], [ -3.488769, 5.267906 ], [ -3.488271, 5.26762 ], [ -3.487589, 5.267141 ], [ -3.486784, 5.266458 ], [ -3.486533, 5.266186 ], [ -3.48623, 5.265815 ], [ -3.485903, 5.265351 ], [ -3.485315, 5.264346 ], [ -3.484933, 5.263651 ], [ -3.483477, 5.261134 ], [ -3.482212, 5.258912 ], [ -3.481619, 5.257855 ], [ -3.480714, 5.256301 ], [ -3.479439, 5.254562 ], [ -3.472548, 5.250261 ], [ -3.472087, 5.250092 ], [ -3.471863, 5.249995 ], [ -3.471874662113103, 5.249967943897601 ], [ -3.471351, 5.249662 ], [ -3.470896, 5.249214 ], [ -3.470494, 5.248676 ], [ -3.470085, 5.247951 ], [ -3.46921, 5.246368 ], [ -3.472342, 5.244594 ], [ -3.477439738755556, 5.238300532146122 ], [ -3.477198, 5.236562 ], [ -3.476569, 5.233354 ], [ -3.476256, 5.231606 ], [ -3.475798, 5.229241 ], [ -3.475306, 5.226488 ], [ -3.475306597056908, 5.226487893527097 ], [ -3.475169, 5.225717 ], [ -3.475065, 5.224965 ], [ -3.475024, 5.224263 ], [ -3.475014, 5.222915 ], [ -3.478614, 5.222888 ], [ -3.479852, 5.230199 ], [ -3.480113, 5.232718 ], [ -3.480731, 5.23587 ], [ -3.481028, 5.237674 ], [ -3.481083, 5.23845 ], [ -3.481141, 5.240556 ], [ -3.482232, 5.24702 ], [ -3.482773, 5.24902 ], [ -3.483414, 5.251513 ], [ -3.485351, 5.257149 ], [ -3.486606, 5.259354 ], [ -3.488049, 5.261848 ], [ -3.492246, 5.265693 ], [ -3.494357, 5.266789 ], [ -3.495757, 5.267401 ], [ -3.498677, 5.268595 ], [ -3.501641, 5.269807 ], [ -3.50854, 5.267815 ], [ -3.509352, 5.263682 ], [ -3.509339, 5.262946 ], [ -3.509104, 5.260859 ], [ -3.509169, 5.260393 ], [ -3.509329, 5.259944 ], [ -3.510102, 5.257572 ], [ -3.513654, 5.258157 ], [ -3.522261, 5.257662 ], [ -3.523667, 5.260976 ], [ -3.530056, 5.266464 ], [ -3.531229, 5.266884 ], [ -3.533049, 5.267449 ], [ -3.533047775759483, 5.267452940954025 ], [ -3.533211, 5.267504 ], [ -3.533676, 5.267694 ], [ -3.534796, 5.268265 ], [ -3.533163, 5.271473 ], [ -3.538348, 5.277973 ], [ -3.539814, 5.277787 ], [ -3.540818, 5.277631 ], [ -3.544668, 5.277503 ], [ -3.545457, 5.277341 ], [ -3.546241, 5.277251 ], [ -3.549101, 5.277111 ], [ -3.551238, 5.277011 ], [ -3.553373, 5.276911 ], [ -3.554072, 5.268124 ], [ -3.55304, 5.267453 ], [ -3.552437, 5.266725 ], [ -3.552209, 5.266205 ], [ -3.552099, 5.265766 ], [ -3.551848, 5.264597 ], [ -3.551633, 5.263687 ], [ -3.551676, 5.262949 ], [ -3.5518, 5.262544 ], [ -3.552069, 5.262025 ], [ -3.552825, 5.261101 ], [ -3.55777, 5.254342 ], [ -3.561322, 5.254925 ], [ -3.561033, 5.256053 ], [ -3.560825, 5.257099 ], [ -3.560764, 5.257463 ], [ -3.560547, 5.258266 ], [ -3.5604, 5.258647 ], [ -3.560133, 5.259108 ], [ -3.560155, 5.267439 ], [ -3.562228, 5.268852 ], [ -3.563208, 5.269571 ], [ -3.563522, 5.269856 ], [ -3.564388, 5.270769 ], [ -3.564771, 5.271178 ], [ -3.57273, 5.271827 ], [ -3.574229, 5.268546 ], [ -3.574288, 5.265421 ], [ -3.574223, 5.264986 ], [ -3.574151, 5.264096 ], [ -3.574147, 5.263686 ], [ -3.574102, 5.262956 ], [ -3.577998, 5.257254 ], [ -3.581419, 5.249041 ], [ -3.578418, 5.245337 ], [ -3.578667, 5.24251 ], [ -3.579446, 5.242008 ], [ -3.582517, 5.243333 ], [ -3.582863, 5.243648 ], [ -3.585452, 5.246016 ], [ -3.585463, 5.246849 ], [ -3.58718, 5.252522 ], [ -3.587394, 5.252819 ], [ -3.587544, 5.253055 ], [ -3.588313, 5.254193 ], [ -3.589665, 5.255971 ], [ -3.592661, 5.257719 ], [ -3.599294, 5.254771 ], [ -3.600265, 5.254621 ], [ -3.604069994745042, 5.254243399954418 ], [ -3.606028, 5.252732 ], [ -3.606719, 5.252201 ], [ -3.608393, 5.251563 ], [ -3.608587785444504, 5.251319811488949 ], [ -3.610501, 5.24576 ], [ -3.607427, 5.243048 ], [ -3.604677, 5.242052 ], [ -3.609899, 5.24016 ], [ -3.61318, 5.236144 ], [ -3.614206, 5.235933 ], [ -3.614726, 5.236017 ], [ -3.619286442052124, 5.236723428911343 ], [ -3.619635, 5.236562 ], [ -3.620303, 5.236386 ], [ -3.623782, 5.235463 ], [ -3.626273206121925, 5.235296622223191 ], [ -3.627841, 5.23425 ], [ -3.63519, 5.232361 ], [ -3.636953227448145, 5.230206701718892 ], [ -3.637667, 5.229168 ], [ -3.638024056013366, 5.228898371282087 ], [ -3.638035, 5.228885 ], [ -3.638087592032332, 5.22885039243649 ], [ -3.638153, 5.228801 ], [ -3.638377313901348, 5.228659744394617 ], [ -3.638769, 5.228402 ], [ -3.638866673489127, 5.228351583445134 ], [ -3.638947, 5.228301 ], [ -3.639272239229106, 5.228142240791727 ], [ -3.63948, 5.228035 ], [ -3.639547981094069, 5.22800764275972 ], [ -3.639621, 5.227972 ], [ -3.64016168377822, 5.227760673921977 ], [ -3.640305, 5.227703 ], [ -3.64034217548732, 5.22769012879646 ], [ -3.640386, 5.227673 ], [ -3.647749, 5.22484 ], [ -3.653202, 5.225789 ], [ -3.658797, 5.222665 ], [ -3.661907, 5.220851 ], [ -3.667738, 5.21798 ], [ -3.670694690695275, 5.215467256856567 ], [ -3.670049, 5.21388 ], [ -3.670216, 5.212361 ], [ -3.671025, 5.211501 ], [ -3.671284, 5.211223 ], [ -3.671857, 5.210711 ], [ -3.67203, 5.210602 ], [ -3.679396, 5.208418 ], [ -3.674463, 5.201652 ], [ -3.670962, 5.200815 ], [ -3.663915, 5.196489 ], [ -3.662033, 5.196328 ], [ -3.660464, 5.196325 ], [ -3.658908951481144, 5.196155195851389 ], [ -3.658887325301201, 5.196154 ], [ -3.656924, 5.196154 ], [ -3.655762, 5.195981 ], [ -3.653197, 5.195949 ], [ -3.649482, 5.195746 ], [ -3.643896, 5.20005 ], [ -3.640717, 5.19836 ], [ -3.634961, 5.195625 ], [ -3.631601, 5.195673 ], [ -3.629319, 5.195626 ], [ -3.627667, 5.195502 ], [ -3.625286, 5.195306 ], [ -3.623358, 5.194958 ], [ -3.621429, 5.19461 ], [ -3.619152, 5.194136 ], [ -3.6173, 5.193777 ], [ -3.615424, 5.193413 ], [ -3.613757, 5.193226 ], [ -3.611368, 5.193077 ], [ -3.610855761968797, 5.193048471666939 ], [ -3.61084, 5.193048 ], [ -3.610822181963283, 5.19304700547258 ], [ -3.610822, 5.193047 ], [ -3.61079819580489, 5.193045666666706 ], [ -3.610684774452682, 5.193039335966719 ], [ -3.610674, 5.193039 ], [ -3.609634074028779, 5.192980690314643 ], [ -3.608278, 5.192905 ], [ -3.605716, 5.192762 ], [ -3.604118291079438, 5.192672298122045 ], [ -3.602729, 5.192595 ], [ -3.600051, 5.192445 ], [ -3.597253, 5.192263 ], [ -3.593822, 5.191938 ], [ -3.590914, 5.191695 ], [ -3.588006, 5.191451 ], [ -3.588006026748618, 5.191450681149367 ], [ -3.587449, 5.191404 ], [ -3.584796, 5.191182 ], [ -3.584368352236311, 5.191146053731134 ], [ -3.582003, 5.190948 ], [ -3.582003037010047, 5.190947558830398 ], [ -3.581042, 5.190867 ], [ -3.578698, 5.190625 ], [ -3.576353, 5.190383 ], [ -3.574009, 5.190141 ], [ -3.571636, 5.189896 ], [ -3.56898, 5.189579 ], [ -3.569407, 5.186004 ], [ -3.576723, 5.186802 ], [ -3.584490098730765, 5.187543044623802 ], [ -3.585027, 5.187588 ], [ -3.58775, 5.187817 ], [ -3.588306943443538, 5.187863674168056 ], [ -3.588307, 5.187863 ], [ -3.591003149599681, 5.188089224381816 ], [ -3.597324, 5.188581 ], [ -3.602693, 5.188927 ], [ -3.605117, 5.189069 ], [ -3.60959, 5.189306 ], [ -3.614072, 5.189544 ], [ -3.61601, 5.189779 ], [ -3.619125, 5.190387 ], [ -3.622113, 5.190975 ], [ -3.624761, 5.191468 ], [ -3.631671, 5.192074 ], [ -3.634909, 5.192026 ], [ -3.638441, 5.191894 ], [ -3.641354, 5.191786 ], [ -3.644019, 5.191834 ], [ -3.646853, 5.191936 ], [ -3.649656, 5.192037 ], [ -3.649908997423537, 5.192051046544651 ], [ -3.649909, 5.192051 ], [ -3.652935, 5.192219 ], [ -3.655961, 5.192386 ], [ -3.656920205420054, 5.192439221219098 ], [ -3.659231, 5.192567 ], [ -3.66453, 5.192829 ], [ -3.665623, 5.192945 ], [ -3.666317, 5.193075 ], [ -3.666936, 5.193231 ], [ -3.667604, 5.193467 ], [ -3.668156, 5.193705 ], [ -3.670347, 5.194783 ], [ -3.672711502296125, 5.195452975629468 ], [ -3.677379, 5.188323 ], [ -3.676431, 5.185604 ], [ -3.678715, 5.18498 ], [ -3.682292, 5.184675 ], [ -3.683065, 5.18469 ], [ -3.6844, 5.184761 ], [ -3.68758, 5.185162 ], [ -3.690745, 5.185561 ], [ -3.697352, 5.186106 ], [ -3.699888, 5.186464 ], [ -3.70803991871932, 5.187631883332505 ], [ -3.710858, 5.18801 ], [ -3.712644, 5.188242 ], [ -3.71218, 5.191812 ], [ -3.710394, 5.19158 ], [ -3.708609, 5.191347 ], [ -3.70566539596231, 5.198594344067804 ], [ -3.707921, 5.200288 ], [ -3.712789, 5.205299 ], [ -3.713343, 5.205731 ], [ -3.713912, 5.206185 ], [ -3.71446, 5.206632 ], [ -3.71452, 5.206818 ], [ -3.715899764941421, 5.214424704111832 ], [ -3.715913, 5.214433 ], [ -3.718857, 5.216249 ], [ -3.725611694986314, 5.216447118766533 ], [ -3.726698489155129, 5.216119378135928 ], [ -3.726736834277987, 5.216094221579509 ], [ -3.729690373681795, 5.212063711127772 ], [ -3.729741709262588, 5.211993656672205 ], [ -3.729297, 5.208943 ], [ -3.729216, 5.208391 ], [ -3.729188, 5.208071 ], [ -3.729898799694001, 5.20773772974473 ], [ -3.72986311685141, 5.207035533075926 ], [ -3.728378, 5.204014 ], [ -3.72752, 5.202789 ], [ -3.727474, 5.202343 ], [ -3.726296, 5.195248 ], [ -3.72531, 5.193874 ], [ -3.725764, 5.193238 ], [ -3.727698, 5.193255 ], [ -3.73516, 5.194821 ], [ -3.739125, 5.195959 ], [ -3.745238, 5.194858 ], [ -3.748646, 5.195165 ], [ -3.750215, 5.195295 ], [ -3.751456, 5.195426 ], [ -3.752188, 5.195527 ], [ -3.752187944414949, 5.195527402878645 ], [ -3.75225, 5.195536 ], [ -3.75316, 5.195693 ], [ -3.754051, 5.195853 ], [ -3.760364, 5.197056 ], [ -3.763621, 5.197707 ], [ -3.763620960796803, 5.197707196015982 ], [ -3.763685, 5.19772 ], [ -3.76368492444644, 5.197720378303641 ], [ -3.763798, 5.197743 ], [ -3.771807, 5.199414 ], [ -3.771806999372231, 5.199414003107148 ], [ -3.772733, 5.199601 ], [ -3.772732901560519, 5.199601487227109 ], [ -3.772775, 5.19961 ], [ -3.772062, 5.203139 ], [ -3.777182, 5.209967 ], [ -3.779526, 5.210305 ], [ -3.781842, 5.210629 ], [ -3.782398997263392, 5.210707017767373 ], [ -3.782399, 5.210707 ], [ -3.78244100811469, 5.210712902164009 ], [ -3.784762, 5.211038 ], [ -3.786485458492359, 5.211352234026839 ], [ -3.786946, 5.211431 ], [ -3.787021776427336, 5.211450019581363 ], [ -3.787082, 5.211461 ], [ -3.78720466292835, 5.211495923364486 ], [ -3.787448, 5.211557 ], [ -3.787540176904681, 5.211591447554584 ], [ -3.787651, 5.211623 ], [ -3.788159927384059, 5.211823055336826 ], [ -3.788224, 5.211847 ], [ -3.796159, 5.214483 ], [ -3.802378955770366, 5.215699586809558 ], [ -3.803961, 5.215979 ], [ -3.805315, 5.216231 ], [ -3.806261698114096, 5.216414962264324 ], [ -3.807323033788648, 5.216620619004028 ], [ -3.815066, 5.213767 ], [ -3.816097, 5.210318 ], [ -3.816169876615771, 5.210339412756747 ], [ -3.81617, 5.210339 ], [ -3.81948, 5.211312 ], [ -3.821266, 5.211891 ], [ -3.822854, 5.212467 ], [ -3.823182, 5.2126 ], [ -3.823302963556684, 5.212658884146461 ], [ -3.823305, 5.212656 ], [ -3.829535, 5.215353 ], [ -3.832718748683098, 5.218444894283771 ], [ -3.835309553133525, 5.219822301585474 ], [ -3.837348, 5.219913 ], [ -3.84530731193036, 5.223100884173675 ], [ -3.84598464395518, 5.223275309011536 ], [ -3.846025, 5.223285 ], [ -3.846201286498537, 5.223331098253906 ], [ -3.846573036952094, 5.223426830494831 ], [ -3.846575, 5.223425 ], [ -3.846598, 5.223431 ], [ -3.84705077026563, 5.223549855175047 ], [ -3.847661, 5.223707 ], [ -3.847664, 5.223708 ], [ -3.847664467481242, 5.223708797873338 ], [ -3.848074625546317, 5.2238144855957 ], [ -3.848075, 5.223814 ], [ -3.848849691823756, 5.224014201257824 ], [ -3.849074, 5.224072 ], [ -3.849131451868591, 5.224087598709032 ], [ -3.849132, 5.224087 ], [ -3.850396, 5.224428 ], [ -3.85044937624404, 5.224445427259489 ], [ -3.850492, 5.224457 ], [ -3.850555816695448, 5.224478236480166 ], [ -3.850556, 5.224478 ], [ -3.85103, 5.224635 ], [ -3.85106108418658, 5.224646375914189 ], [ -3.851087, 5.224655 ], [ -3.852156732312884, 5.225040024653222 ], [ -3.852163, 5.225032 ], [ -3.853255, 5.225422 ], [ -3.855011086973982, 5.226067381591332 ], [ -3.85590390360233, 5.226388729659985 ], [ -3.855919, 5.226394 ], [ -3.855928177821139, 5.226397466586566 ], [ -3.855963, 5.22641 ], [ -3.856110851659261, 5.226466411721233 ], [ -3.856111, 5.226466 ], [ -3.85661, 5.226655 ], [ -3.856649851460432, 5.226672063160523 ], [ -3.856689, 5.226687 ], [ -3.856790493975891, 5.226732281927705 ], [ -3.856965, 5.226807 ], [ -3.857015647465446, 5.226832735023045 ], [ -3.857079, 5.226861 ], [ -3.857095833365398, 5.226870140129221 ], [ -3.857096, 5.22687 ], [ -3.857396, 5.227026 ], [ -3.861323, 5.229069 ], [ -3.861644, 5.229259 ], [ -3.864183237180224, 5.23129244189688 ], [ -3.864462426167683, 5.231448366312518 ], [ -3.86521793816217, 5.231646963590657 ], [ -3.865222, 5.231644 ], [ -3.865499, 5.231718 ], [ -3.865558750446527, 5.231736551039332 ], [ -3.868737, 5.232572 ], [ -3.868987037722894, 5.232666608868122 ], [ -3.871349527205506, 5.233177585376371 ], [ -3.876657, 5.233535 ], [ -3.876675, 5.233538 ], [ -3.876678423922383, 5.233538874935526 ], [ -3.877232, 5.233639 ], [ -3.88521, 5.235719 ], [ -3.887761, 5.236105 ], [ -3.89346, 5.236976 ], [ -3.895822, 5.23734 ], [ -3.89792170303387, 5.237661903258601 ], [ -3.897922, 5.23766 ], [ -3.898114999496135, 5.237690003229278 ], [ -3.898115, 5.23769 ], [ -3.898513995519553, 5.237752028715224 ], [ -3.898514, 5.237752 ], [ -3.898829, 5.237801 ], [ -3.903928, 5.238604 ], [ -3.904317424573807, 5.238664839813607 ], [ -3.904389, 5.238676 ], [ -3.905287930204601, 5.238816447319341 ], [ -3.905288, 5.238816 ], [ -3.907058, 5.239093 ], [ -3.90811394588695, 5.239260340577 ], [ -3.908114, 5.23926 ], [ -3.908758410256854, 5.239362471794943 ], [ -3.909418, 5.239467 ], [ -3.914052, 5.240196 ], [ -3.917908, 5.240806 ], [ -3.91979, 5.241104 ], [ -3.921636, 5.241397 ], [ -3.923087006378535, 5.241630501594425 ], [ -3.924278, 5.241822 ], [ -3.929559, 5.242659 ], [ -3.931978900847504, 5.243049613916329 ], [ -3.931979, 5.243049 ], [ -3.933931193857937, 5.243364201535504 ], [ -3.935142, 5.243559 ], [ -3.937677, 5.243968 ], [ -3.938896957511588, 5.244163265926594 ], [ -3.938897, 5.244163 ], [ -3.939071993635086, 5.244191039766729 ], [ -3.939072, 5.244191 ], [ -3.940305412615518, 5.244388605781952 ], [ -3.940443588651466, 5.244410709219695 ], [ -3.942123, 5.244679 ], [ -3.94439, 5.245042 ], [ -3.945186976020692, 5.245170149251245 ], [ -3.945187, 5.24517 ], [ -3.945704809837863, 5.245253290748801 ], [ -3.946264955408445, 5.245343277623426 ], [ -3.946265, 5.245343 ], [ -3.948449, 5.245694 ], [ -3.950632, 5.246045 ], [ -3.951449, 5.246194 ], [ -3.951527693779071, 5.246211377798138 ], [ -3.951528, 5.24621 ], [ -3.952246, 5.24637 ], [ -3.952697, 5.246501 ], [ -3.952828527782549, 5.246550784896205 ], [ -3.95283, 5.246547 ], [ -3.953302, 5.24673 ], [ -3.953791, 5.246959 ], [ -3.954476, 5.247364 ], [ -3.962453, 5.250143 ], [ -3.962481146629202, 5.250154656684821 ], [ -3.962485, 5.250156 ], [ -3.96248819796347, 5.250157325846065 ], [ -3.962493, 5.250159 ], [ -3.963047, 5.250389 ], [ -3.971036, 5.253146 ], [ -3.973058660442587, 5.253658747647905 ], [ -3.973496, 5.253401 ], [ -3.979241159132004, 5.253898152464121 ], [ -3.981519909309711, 5.253530337460097 ], [ -3.981613, 5.253499 ], [ -3.981615050109275, 5.253499376525879 ], [ -3.981834, 5.253426 ], [ -3.982485, 5.253226 ], [ -3.982485779786526, 5.253226158526991 ], [ -3.982757, 5.253143 ], [ -3.982757035881649, 5.253143007916259 ], [ -3.983367, 5.252956 ], [ -3.983367502087245, 5.252956132673082 ], [ -3.983443, 5.252933 ], [ -3.984050905270638, 5.25309722440905 ], [ -3.991523473484672, 5.253591403956891 ], [ -3.995118772459938, 5.25288217287603 ], [ -3.995917, 5.252621 ], [ -4.000359, 5.251653 ], [ -4.000523, 5.251622 ], [ -4.0005339901168, 5.25162333213537 ], [ -4.000707, 5.251594 ], [ -4.000913, 5.251573 ], [ -4.000914559232243, 5.25157304450059 ], [ -4.000915, 5.251573 ], [ -4.000918542598293, 5.251573096581196 ], [ -4.00096, 5.251569 ], [ -4.00307462178657, 5.251576994789364 ], [ -4.00363, 5.251498 ], [ -4.003712822394639, 5.251492430907946 ], [ -4.003781, 5.251483 ], [ -4.003990818654136, 5.251473738056014 ], [ -4.00421, 5.251459 ], [ -4.004294855953066, 5.251460317054703 ], [ -4.00437, 5.251457 ], [ -4.004541477031789, 5.251464144876325 ], [ -4.004661, 5.251466 ], [ -4.004665824502194, 5.251469326020925 ], [ -4.004778, 5.251474 ], [ -4.004952, 5.25149 ], [ -4.004952622872492, 5.251490401043272 ], [ -4.004959, 5.251491 ], [ -4.005096434697094, 5.251579446042947 ], [ -4.005604, 5.251665 ], [ -4.005873, 5.251795 ], [ -4.005961697207161, 5.251864558956727 ], [ -4.006046, 5.25189 ], [ -4.006171, 5.251967 ], [ -4.006154166975451, 5.252015499405838 ], [ -4.006474332800038, 5.252266582855371 ], [ -4.00668, 5.252367 ], [ -4.006718, 5.252403 ], [ -4.006721687298568, 5.252460565523035 ], [ -4.007268, 5.252889 ], [ -4.007421, 5.25302 ], [ -4.009579439746857, 5.25486876782732 ], [ -4.009678, 5.254936 ], [ -4.009746306427392, 5.254995665701571 ], [ -4.009747, 5.254996 ], [ -4.010077763689234, 5.255285064848071 ], [ -4.010078, 5.255285 ], [ -4.010532989753878, 5.2556828340162 ], [ -4.010595, 5.255737 ], [ -4.010595010987703, 5.255737064152884 ], [ -4.010683, 5.255814 ], [ -4.011283791416346, 5.256353167067149 ], [ -4.011294, 5.256352 ], [ -4.011453, 5.256493 ], [ -4.013888232494108, 5.258690172907344 ], [ -4.01398, 5.258772 ], [ -4.014766, 5.259484 ], [ -4.014766000054706, 5.259484014098067 ], [ -4.015073, 5.259762 ], [ -4.015448785105808, 5.260105096585289 ], [ -4.015449, 5.260105 ], [ -4.016487, 5.261053 ], [ -4.018008, 5.262472 ], [ -4.018429, 5.262865 ], [ -4.018429017777687, 5.262865087851403 ], [ -4.018822, 5.263232 ], [ -4.018821978585544, 5.263232247979404 ], [ -4.019023, 5.26342 ], [ -4.019022903810142, 5.263420563756211 ], [ -4.019033, 5.26343 ], [ -4.019032993250192, 5.263430038839997 ], [ -4.019049, 5.263445 ], [ -4.019048916075428, 5.263445466172116 ], [ -4.01915, 5.26354 ], [ -4.019523, 5.263904 ], [ -4.019522919388932, 5.263904082436587 ], [ -4.019572, 5.263952 ], [ -4.019571873001771, 5.263952129976327 ], [ -4.019583, 5.263963 ], [ -4.019553398726726, 5.264000243541122 ], [ -4.019959, 5.264463 ], [ -4.020082, 5.264703 ], [ -4.020074861724801, 5.264726760971991 ], [ -4.020223, 5.265064 ], [ -4.020261, 5.265204 ], [ -4.020258798935406, 5.26520460161587 ], [ -4.020292, 5.265335 ], [ -4.020414, 5.265961 ], [ -4.020413895467022, 5.265961020291347 ], [ -4.020432, 5.266054 ], [ -4.020431932169136, 5.266054013166942 ], [ -4.02048, 5.266301 ], [ -4.020479985482485, 5.266301002818058 ], [ -4.020602, 5.266928 ], [ -4.020601732689225, 5.266928051888849 ], [ -4.020606, 5.26695 ], [ -4.017524292946627, 5.267548203463106 ], [ -4.017123, 5.268406 ], [ -4.01586767181046, 5.268636787532163 ], [ -4.014419713013465, 5.269840030239345 ], [ -4.014254189283974, 5.270332903623942 ], [ -4.012706169245496, 5.274942380936546 ], [ -4.013067, 5.275388 ], [ -4.012548906706093, 5.279590253651699 ], [ -4.013609, 5.2825 ], [ -4.013601735567789, 5.283024249857854 ], [ -4.013602, 5.283025 ], [ -4.013597677136103, 5.283319819317795 ], [ -4.013598, 5.283321 ], [ -4.013597, 5.283366 ], [ -4.011457329239673, 5.285837186868669 ], [ -4.011461, 5.285862 ], [ -4.011885632181942, 5.288487932884665 ], [ -4.014013067091034, 5.293616536169592 ], [ -4.016448570268629, 5.297306829935271 ], [ -4.023526, 5.302101 ], [ -4.023538158932545, 5.302135960473877 ], [ -4.023633, 5.30215 ], [ -4.024393, 5.302497 ], [ -4.024056944254955, 5.303231476975486 ], [ -4.025276, 5.304893 ], [ -4.025244148263424, 5.304961603740319 ], [ -4.025245, 5.304962 ], [ -4.025064, 5.305349 ], [ -4.024725, 5.305856 ], [ -4.023902418701834, 5.31148894946693 ], [ -4.024916941523955, 5.315117208679116 ], [ -4.02513834448527, 5.31550236565659 ], [ -4.030711587899357, 5.313289592919491 ], [ -4.032039876713275, 5.312122455311387 ], [ -4.033200596784512, 5.311102556601536 ], [ -4.033245, 5.310383 ], [ -4.033252, 5.310326 ], [ -4.033507375294201, 5.309627347857335 ], [ -4.033513, 5.309568 ], [ -4.033551, 5.309508 ], [ -4.034017, 5.309002 ], [ -4.034128490641289, 5.30891163339476 ], [ -4.034128, 5.308907 ], [ -4.034146, 5.30889 ], [ -4.034168312572456, 5.30887199085788 ], [ -4.034169, 5.308869 ], [ -4.03423, 5.308813 ], [ -4.034303312085657, 5.308763028727938 ], [ -4.035904710559676, 5.30747049229964 ], [ -4.037302599343311, 5.306082480535673 ], [ -4.038446, 5.304853 ], [ -4.038544, 5.304703 ], [ -4.039472, 5.304411 ], [ -4.039647, 5.304372 ], [ -4.039660055776499, 5.304369910577289 ], [ -4.040456, 5.304196 ], [ -4.040841339069539, 5.304179895645156 ], [ -4.042791, 5.303868 ], [ -4.043341862412503, 5.304075392057547 ], [ -4.044093, 5.304044 ], [ -4.044222114001288, 5.304110760902852 ], [ -4.044637862831231, 5.304074340857102 ], [ -4.045143962063731, 5.303961243171472 ], [ -4.04516, 5.303956 ], [ -4.045160908066183, 5.30395638671755 ], [ -4.045815, 5.303751 ], [ -4.045815432779302, 5.303751357970433 ], [ -4.04604, 5.303681 ], [ -4.050070315255796, 5.306047152735881 ], [ -4.052033, 5.306883 ], [ -4.053682, 5.30725 ], [ -4.054152209877167, 5.307464365265102 ], [ -4.054196041011724, 5.307459054732557 ], [ -4.05485, 5.307155 ], [ -4.0549, 5.30717 ], [ -4.055302268978671, 5.307325025356403 ], [ -4.055352, 5.307319 ], [ -4.055489, 5.307367 ], [ -4.056928820537431, 5.307723618509086 ], [ -4.057244, 5.307705 ], [ -4.057569, 5.307819 ], [ -4.057569836787405, 5.307819574656699 ], [ -4.057918, 5.307942 ], [ -4.057974942372149, 5.307982724695808 ], [ -4.058186, 5.308035 ], [ -4.058399, 5.308108 ], [ -4.058399558490038, 5.308108426890037 ], [ -4.058599, 5.308177 ], [ -4.059480950877978, 5.308872761248182 ], [ -4.061533895830151, 5.309068639554829 ], [ -4.061695, 5.309052 ], [ -4.06193473079898, 5.309333867390563 ], [ -4.063221991976479, 5.30830242802126 ], [ -4.065738, 5.302922 ], [ -4.068221, 5.300315 ], [ -4.070453984226613, 5.300131112432268 ], [ -4.071058, 5.299678 ], [ -4.071349, 5.299447 ], [ -4.072227, 5.299079 ], [ -4.072249066340873, 5.299080654975565 ], [ -4.073777, 5.298145 ], [ -4.07502721538184, 5.298676172869786 ], [ -4.075141, 5.298451 ], [ -4.075171920483247, 5.298449324239544 ], [ -4.075172, 5.298449 ], [ -4.075713, 5.29842 ], [ -4.07582760121722, 5.298418107187103 ], [ -4.075828, 5.298417 ], [ -4.075922782570381, 5.298415623846528 ], [ -4.075923, 5.298415 ], [ -4.076379, 5.298409 ], [ -4.076465399686487, 5.29841139487404 ], [ -4.076466, 5.29841 ], [ -4.076848, 5.298422 ], [ -4.077894451290712, 5.298975201752381 ], [ -4.082965, 5.299277 ], [ -4.08299, 5.299297 ], [ -4.084061536108611, 5.300547225398129 ], [ -4.084138, 5.300555 ], [ -4.084357, 5.300663 ], [ -4.084733, 5.300889 ], [ -4.084894191247399, 5.30111595305068 ], [ -4.085782, 5.301151 ], [ -4.08744, 5.301895 ], [ -4.087652, 5.302013 ], [ -4.087652048780203, 5.302013067249557 ], [ -4.087889, 5.302145 ], [ -4.087889066938216, 5.302145157211231 ], [ -4.087957, 5.302183 ], [ -4.088204457045532, 5.302755012751147 ], [ -4.089744482165595, 5.304875483068967 ], [ -4.090109510282868, 5.305273674624024 ], [ -4.095727949823099, 5.308804558256142 ], [ -4.09767, 5.308691 ], [ -4.101268, 5.308569 ], [ -4.10140873296413, 5.30865657080155 ], [ -4.103470837660566, 5.30716022916858 ], [ -4.103697, 5.306993 ], [ -4.103697391711361, 5.306993049153556 ], [ -4.103803, 5.306915 ], [ -4.103808309838159, 5.30691534651535 ], [ -4.103959, 5.306806 ], [ -4.104193, 5.306658 ], [ -4.104196706235701, 5.306658815615685 ], [ -4.104303, 5.306593 ], [ -4.104471, 5.306502 ], [ -4.105582991821005, 5.306830888291322 ], [ -4.105593, 5.306824 ], [ -4.105724, 5.306748 ], [ -4.106753237249596, 5.306737286749818 ], [ -4.107004, 5.306607 ], [ -4.107570394222978, 5.306948052072358 ], [ -4.108564603054002, 5.307372493461759 ], [ -4.113204, 5.308128 ], [ -4.113253, 5.308148 ], [ -4.113949775768504, 5.309744108656328 ], [ -4.114216, 5.309856 ], [ -4.114430392947984, 5.310031824904431 ], [ -4.114661, 5.310148 ], [ -4.114790959989361, 5.310517992852275 ], [ -4.114796, 5.310527 ], [ -4.114878818912684, 5.310658233468725 ], [ -4.115978, 5.311511 ], [ -4.117903, 5.313991 ], [ -4.118933734246637, 5.316638867324013 ], [ -4.120128, 5.318129 ], [ -4.120237888800802, 5.319353475208934 ], [ -4.121511, 5.320942 ], [ -4.121103627011006, 5.321750235450764 ], [ -4.121122, 5.321854 ], [ -4.127117, 5.327051 ], [ -4.129470870841491, 5.327489192340266 ], [ -4.131048006902898, 5.325675232775828 ], [ -4.132261, 5.319625 ], [ -4.132279831490599, 5.31915131558262 ], [ -4.132265, 5.319134 ], [ -4.132288524426048, 5.318932654821698 ], [ -4.132404, 5.316028 ], [ -4.13241057169235, 5.315612510416435 ], [ -4.132409325381802, 5.315595954587928 ], [ -4.131272, 5.312001 ], [ -4.130761, 5.310082 ], [ -4.131943, 5.308465 ], [ -4.131943879047602, 5.308465165325466 ], [ -4.131944, 5.308465 ], [ -4.132161, 5.308506 ], [ -4.133, 5.308665 ], [ -4.133298, 5.308806 ], [ -4.137826, 5.310156 ], [ -4.143695900926629, 5.3084631005709 ], [ -4.144837249756271, 5.308038944583238 ], [ -4.145527, 5.307257 ], [ -4.145835, 5.307159 ], [ -4.146531, 5.306937 ], [ -4.147439, 5.306704 ], [ -4.147813, 5.306685 ], [ -4.148428257054496, 5.30687270554205 ], [ -4.153606, 5.30742 ], [ -4.153687, 5.30748 ], [ -4.155845058503804, 5.30958831602056 ], [ -4.158473, 5.31017 ], [ -4.158842, 5.310325 ], [ -4.159256, 5.310511 ], [ -4.160247, 5.311909 ], [ -4.161742, 5.31885 ], [ -4.161847, 5.319348 ], [ -4.161863, 5.319576 ], [ -4.161419, 5.320385 ], [ -4.16078, 5.321245 ], [ -4.157037358075585, 5.3278725031484 ], [ -4.157062, 5.328739 ], [ -4.157040041877814, 5.329029863185656 ], [ -4.164268, 5.332995 ], [ -4.167573698202279, 5.3334600410357 ], [ -4.168698, 5.33308 ], [ -4.169342899301223, 5.333083269451463 ], [ -4.170584, 5.332181 ], [ -4.170608, 5.332166 ], [ -4.17161, 5.332381 ], [ -4.175338304690893, 5.332218183635419 ], [ -4.177689, 5.330603 ], [ -4.180344890338323, 5.327088438349287 ], [ -4.181142, 5.32568 ], [ -4.178083, 5.320345 ], [ -4.175831, 5.317536 ], [ -4.173372, 5.314623 ], [ -4.173282, 5.314374 ], [ -4.173253, 5.309721 ], [ -4.173203, 5.307789 ], [ -4.175115, 5.30664 ], [ -4.17679, 5.307479 ], [ -4.185682, 5.30705 ], [ -4.188573, 5.308014 ], [ -4.193318, 5.312178 ], [ -4.198554, 5.31599 ], [ -4.203355, 5.314925 ], [ -4.204317, 5.314235 ], [ -4.205001, 5.31406 ], [ -4.210679, 5.313834 ], [ -4.212198, 5.314224 ], [ -4.212289, 5.31426 ], [ -4.213382, 5.314943 ], [ -4.218307, 5.316222 ], [ -4.225938, 5.313768 ], [ -4.227403, 5.311082 ], [ -4.231049, 5.30921 ], [ -4.234115, 5.307192 ], [ -4.235393, 5.306243 ], [ -4.236517, 5.305439 ], [ -4.23845, 5.304027 ], [ -4.239662, 5.295298 ], [ -4.238985, 5.293865 ], [ -4.238395, 5.292678 ], [ -4.237592, 5.290985 ], [ -4.23732, 5.290313 ], [ -4.237075, 5.289581 ], [ -4.23686, 5.288814 ], [ -4.236687, 5.287911 ], [ -4.236515, 5.286705 ], [ -4.236428, 5.285174 ], [ -4.236353, 5.282889 ], [ -4.236308, 5.281978 ], [ -4.236247, 5.280973 ], [ -4.23616, 5.28039 ], [ -4.235832, 5.277271 ], [ -4.229375, 5.273753 ], [ -4.2274, 5.274503 ], [ -4.226746, 5.274674 ], [ -4.223207, 5.275425 ], [ -4.219854, 5.274755 ], [ -4.218648, 5.274283 ], [ -4.217689, 5.273595 ], [ -4.216863, 5.272464 ], [ -4.216864, 5.272455 ], [ -4.216864, 5.270091 ], [ -4.21864, 5.269402 ], [ -4.221487, 5.268401 ], [ -4.229881, 5.265968 ], [ -4.229207, 5.259804 ], [ -4.22913, 5.259262 ], [ -4.230597, 5.258475 ], [ -4.232713, 5.258282 ], [ -4.238683, 5.251894 ], [ -4.238602, 5.249368 ], [ -4.237805, 5.245857 ], [ -4.240061, 5.242777 ], [ -4.240743, 5.241989 ], [ -4.242657, 5.238834 ], [ -4.242752, 5.230891 ], [ -4.24232, 5.229828 ], [ -4.239864, 5.225568 ], [ -4.237032, 5.222418 ], [ -4.238373, 5.219077 ], [ -4.240481, 5.219923 ], [ -4.242287, 5.220665 ], [ -4.245326, 5.221921 ], [ -4.252932946962834, 5.221284427768846 ], [ -4.255, 5.216936 ], [ -4.256031, 5.216783 ], [ -4.259095, 5.216385 ], [ -4.267221, 5.214761 ], [ -4.272866, 5.214393 ], [ -4.278434, 5.215141 ], [ -4.283779, 5.215155 ], [ -4.285546, 5.215019 ], [ -4.29098, 5.215094 ], [ -4.29628, 5.213774 ], [ -4.304028, 5.214283 ], [ -4.307354, 5.213927 ], [ -4.30872, 5.213707 ], [ -4.311448, 5.213379 ], [ -4.316526, 5.212567 ], [ -4.322661, 5.211132 ], [ -4.330095, 5.208836 ], [ -4.33498, 5.207796 ], [ -4.335487, 5.207716 ], [ -4.339463, 5.207214 ], [ -4.346433, 5.210532 ], [ -4.348399, 5.210443 ], [ -4.354359, 5.20773 ], [ -4.355814, 5.207689 ], [ -4.356934, 5.207666 ], [ -4.357549, 5.207651 ], [ -4.359632, 5.207582 ], [ -4.36693, 5.206848 ], [ -4.375633, 5.207582 ], [ -4.378438, 5.207401 ], [ -4.384894, 5.205202 ], [ -4.386869, 5.204516 ], [ -4.388678, 5.204376 ], [ -4.390378, 5.20424 ], [ -4.399065, 5.202093 ], [ -4.400107, 5.201869 ], [ -4.402313, 5.20164 ], [ -4.404647, 5.201521 ], [ -4.406988, 5.2014 ], [ -4.4136, 5.202969 ], [ -4.417319, 5.202185 ], [ -4.417735, 5.202137 ], [ -4.418517, 5.202088 ], [ -4.422783, 5.201619 ], [ -4.426181, 5.201112 ], [ -4.431626, 5.200005 ], [ -4.436579, 5.19821 ], [ -4.436976, 5.198122 ], [ -4.437575, 5.19805 ], [ -4.438629, 5.198003 ], [ -4.441245, 5.197883 ], [ -4.446398, 5.197515 ], [ -4.454417, 5.196756 ], [ -4.456238, 5.196407 ], [ -4.459618, 5.19575 ], [ -4.462984, 5.195091 ], [ -4.463456, 5.19503 ], [ -4.47037, 5.194663 ], [ -4.470832, 5.194653 ], [ -4.47871, 5.194089 ], [ -4.480129, 5.193815 ], [ -4.48076, 5.193724 ], [ -4.486042, 5.193163 ], [ -4.48646, 5.196739 ], [ -4.485702, 5.198094 ], [ -4.483288, 5.198552 ], [ -4.480874, 5.19901 ], [ -4.474228, 5.200286 ], [ -4.471121, 5.202244 ], [ -4.466114, 5.205029 ], [ -4.46553, 5.205679 ], [ -4.46843, 5.214068 ], [ -4.469915, 5.214025 ], [ -4.470432, 5.214047 ], [ -4.471292, 5.213981 ], [ -4.472592, 5.213983 ], [ -4.473244, 5.214007 ], [ -4.473803, 5.213979 ], [ -4.474125, 5.213991 ], [ -4.475795, 5.213962 ], [ -4.477564, 5.213967 ], [ -4.478373, 5.213899 ], [ -4.479152, 5.213891 ], [ -4.479273, 5.213902 ], [ -4.481212, 5.213899 ], [ -4.481998, 5.213917 ], [ -4.482476, 5.213892 ], [ -4.48292, 5.213918 ], [ -4.483704, 5.213953 ], [ -4.484402, 5.217484 ], [ -4.483997, 5.217564 ], [ -4.483569, 5.217604 ], [ -4.482947, 5.217562 ], [ -4.482238, 5.217509 ], [ -4.481156, 5.217498 ], [ -4.478136, 5.218262 ], [ -4.477425, 5.22569 ], [ -4.477184, 5.229282 ], [ -4.470176, 5.229539 ], [ -4.467179, 5.228755 ], [ -4.464853, 5.228045 ], [ -4.463, 5.227478 ], [ -4.461148, 5.226912 ], [ -4.459003, 5.225985 ], [ -4.457056, 5.22513 ], [ -4.456089, 5.222837 ], [ -4.448364, 5.222547 ], [ -4.447302, 5.223344 ], [ -4.442766, 5.228403 ], [ -4.439647, 5.231604 ], [ -4.433241, 5.23168 ], [ -4.431219, 5.232084 ], [ -4.430349, 5.232247 ], [ -4.424202, 5.238285 ], [ -4.42355, 5.241317 ], [ -4.422333, 5.243058 ], [ -4.420855, 5.243732 ], [ -4.419197, 5.243102 ], [ -4.412285, 5.240843 ], [ -4.409351, 5.241078 ], [ -4.408933, 5.238981 ], [ -4.407094, 5.236375 ], [ -4.406466, 5.23493 ], [ -4.401572, 5.232186 ], [ -4.396776, 5.237829 ], [ -4.397683, 5.240773 ], [ -4.39788, 5.241123 ], [ -4.39917, 5.243191 ], [ -4.3998, 5.244384 ], [ -4.39617, 5.252616 ], [ -4.392998, 5.254318 ], [ -4.392316, 5.253048 ], [ -4.390279, 5.248696 ], [ -4.388986, 5.245906 ], [ -4.38483, 5.238927 ], [ -4.380038, 5.237398 ], [ -4.375493, 5.237581 ], [ -4.375005, 5.237701 ], [ -4.371499, 5.234345 ], [ -4.364079, 5.239398 ], [ -4.364074, 5.240497 ], [ -4.362877, 5.241175 ], [ -4.362326, 5.241189 ], [ -4.362325, 5.241189 ], [ -4.361775, 5.241203 ], [ -4.356217, 5.247731 ], [ -4.356341, 5.248398 ], [ -4.356534, 5.249125 ], [ -4.353054, 5.250047 ], [ -4.352861, 5.24932 ], [ -4.352682, 5.248409 ], [ -4.352545, 5.247783 ], [ -4.352301, 5.246808 ], [ -4.352165, 5.24635 ], [ -4.351866, 5.245459 ], [ -4.346368, 5.239133 ], [ -4.342178, 5.233519 ], [ -4.336487, 5.236285 ], [ -4.335485, 5.237546 ], [ -4.334693, 5.239392 ], [ -4.333819, 5.242439 ], [ -4.333003, 5.243819 ], [ -4.332453, 5.24382 ], [ -4.32588, 5.242702 ], [ -4.323508, 5.239994 ], [ -4.318575, 5.236853 ], [ -4.314975, 5.236861 ], [ -4.306202, 5.235691 ], [ -4.305695, 5.237427 ], [ -4.304386, 5.238035 ], [ -4.303959, 5.238045 ], [ -4.302928, 5.238043 ], [ -4.301446, 5.237294 ], [ -4.298751, 5.233879 ], [ -4.297685, 5.232458 ], [ -4.296178, 5.229444 ], [ -4.295933, 5.227973 ], [ -4.292992, 5.224057 ], [ -4.291241, 5.223005 ], [ -4.290729, 5.222631 ], [ -4.290153, 5.222234 ], [ -4.284355, 5.22911 ], [ -4.284718, 5.230304 ], [ -4.284685, 5.230889 ], [ -4.284595, 5.231449 ], [ -4.283649, 5.231888 ], [ -4.283512, 5.231949 ], [ -4.283367, 5.231889 ], [ -4.281041, 5.230875 ], [ -4.274371, 5.227335 ], [ -4.267041, 5.227954 ], [ -4.263458, 5.225665 ], [ -4.25479407285851, 5.224786469032392 ], [ -4.253959520662879, 5.225343952129005 ], [ -4.253622520309514, 5.225610932301712 ], [ -4.253230622440092, 5.225925392407884 ], [ -4.253127241722566, 5.226018038001115 ], [ -4.251861199191234, 5.227246372638736 ], [ -4.251531337623033, 5.227613283875829 ], [ -4.251318686467571, 5.22785168728131 ], [ -4.251194871369303, 5.227999771784222 ], [ -4.251012960352424, 5.228220233480175 ], [ -4.250964706325299, 5.228283109939762 ], [ -4.250269032644982, 5.229227171806608 ], [ -4.250011944238757, 5.229629209104725 ], [ -4.249749699064109, 5.230043645713431 ], [ -4.249464710494578, 5.230547313630871 ], [ -4.249355361377217, 5.230742858863701 ], [ -4.249316952564998, 5.230818295779204 ], [ -4.248336462132319, 5.233121171104053 ], [ -4.247772, 5.234934 ], [ -4.247771616787569, 5.234933880699068 ], [ -4.247752, 5.234997 ], [ -4.247368, 5.236084 ], [ -4.246995, 5.237242 ], [ -4.246068, 5.239987 ], [ -4.246954, 5.248413 ], [ -4.248309, 5.251748 ], [ -4.244362, 5.258618 ], [ -4.244185, 5.259454 ], [ -4.24402, 5.260031 ], [ -4.243696, 5.260912 ], [ -4.243309, 5.264379 ], [ -4.248598, 5.269662 ], [ -4.24938, 5.269775 ], [ -4.248864, 5.273338 ], [ -4.248082, 5.273225 ], [ -4.244806, 5.273505 ], [ -4.239805, 5.280429 ], [ -4.2399, 5.281737 ], [ -4.239948, 5.28271 ], [ -4.240026, 5.285055 ], [ -4.240109, 5.2865 ], [ -4.242162, 5.290749 ], [ -4.250846, 5.29194 ], [ -4.251309, 5.291793 ], [ -4.251896, 5.291731 ], [ -4.252279, 5.29177 ], [ -4.252948, 5.29199 ], [ -4.253439, 5.292322 ], [ -4.253876, 5.292808 ], [ -4.254151, 5.293357 ], [ -4.251084, 5.297861 ], [ -4.250373, 5.304747 ], [ -4.252483, 5.309119 ], [ -4.259035, 5.312538 ], [ -4.259526, 5.312705 ], [ -4.262356, 5.315439 ], [ -4.264686786545995, 5.319104406843898 ], [ -4.271858, 5.322839 ], [ -4.274291273208844, 5.322923158321508 ], [ -4.282085, 5.318538 ], [ -4.283838, 5.31687 ], [ -4.284531, 5.316186 ], [ -4.285492, 5.315455 ], [ -4.286122, 5.314944 ], [ -4.290503, 5.312986 ], [ -4.291646, 5.312573 ], [ -4.291996, 5.312568 ], [ -4.292762882814673, 5.314245346488786 ], [ -4.295751, 5.315472 ], [ -4.294974, 5.317366 ], [ -4.297741, 5.325292 ], [ -4.300532, 5.326347 ], [ -4.306842, 5.326843 ], [ -4.309698, 5.326319 ], [ -4.309742814537794, 5.326312229609117 ], [ -4.309755, 5.32631 ], [ -4.311320062330384, 5.326073945681611 ], [ -4.311836, 5.325996 ], [ -4.31222428310203, 5.325930100914308 ], [ -4.316844, 5.325136 ], [ -4.316978648234336, 5.325104204215711 ], [ -4.317201, 5.325048 ], [ -4.31727040651839, 5.325035308522351 ], [ -4.317331, 5.325021 ], [ -4.317401647022141, 5.325011310258808 ], [ -4.317551, 5.324984 ], [ -4.317930097921781, 5.3249388294621 ], [ -4.318133, 5.324911 ], [ -4.318243392958746, 5.324901499515065 ], [ -4.318684, 5.324849 ], [ -4.318841222959259, 5.3248500499029 ], [ -4.318958, 5.32484 ], [ -4.319144279181073, 5.324852073650625 ], [ -4.319283, 5.324853 ], [ -4.319414009917352, 5.324869556198347 ], [ -4.319498, 5.324875 ], [ -4.319583443584402, 5.324890968145282 ], [ -4.319647, 5.324899 ], [ -4.319719407407404, 5.324916377777777 ], [ -4.319803, 5.324932 ], [ -4.326206, 5.325751 ], [ -4.329385, 5.325656 ], [ -4.337609, 5.324295 ], [ -4.337962381028773, 5.324212583954699 ], [ -4.338092, 5.324179 ], [ -4.338162600403647, 5.324165888496466 ], [ -4.338205, 5.324156 ], [ -4.338262712250698, 5.324147296296299 ], [ -4.338442, 5.324114 ], [ -4.345248, 5.318606 ], [ -4.345952, 5.315075 ], [ -4.346096, 5.307613 ], [ -4.345942, 5.306799 ], [ -4.345921, 5.306475 ], [ -4.34595, 5.30583 ], [ -4.346037, 5.304071 ], [ -4.341938, 5.296345 ], [ -4.340953, 5.293672 ], [ -4.346069, 5.286747 ], [ -4.348058, 5.283737 ], [ -4.348519, 5.283444 ], [ -4.350142, 5.283394 ], [ -4.351006, 5.28377 ], [ -4.351299, 5.283969 ], [ -4.352246, 5.284651 ], [ -4.350939, 5.288003 ], [ -4.349857, 5.296852 ], [ -4.350103, 5.29726 ], [ -4.350337, 5.29783 ], [ -4.350444, 5.298331 ], [ -4.350476, 5.298766 ], [ -4.350449, 5.299319 ], [ -4.35039, 5.299787 ], [ -4.350272, 5.30084 ], [ -4.350235, 5.301163 ], [ -4.35014, 5.301635 ], [ -4.352487, 5.310027 ], [ -4.352728, 5.310269 ], [ -4.353378, 5.31104 ], [ -4.354762, 5.312464 ], [ -4.355449, 5.31319 ], [ -4.364108, 5.315051 ], [ -4.367682, 5.314645 ], [ -4.372416, 5.308825 ], [ -4.368978, 5.30196 ], [ -4.366463, 5.301016 ], [ -4.365856, 5.30073 ], [ -4.365261, 5.300157 ], [ -4.364942, 5.29953 ], [ -4.367646, 5.297616 ], [ -4.368692, 5.297789 ], [ -4.374408, 5.298607 ], [ -4.374951, 5.298679 ], [ -4.375816, 5.298777 ], [ -4.376353, 5.2989 ], [ -4.377094, 5.299152 ], [ -4.377638, 5.299355 ], [ -4.378608, 5.301635 ], [ -4.379464, 5.305136 ], [ -4.37925, 5.305694 ], [ -4.378763, 5.309198 ], [ -4.378768, 5.309548 ], [ -4.381769, 5.315399 ], [ -4.385494, 5.31606 ], [ -4.392059, 5.31599 ], [ -4.397491, 5.315816 ], [ -4.401515, 5.318097 ], [ -4.402454, 5.318325 ], [ -4.410721, 5.315272 ], [ -4.4114, 5.312476 ], [ -4.41126, 5.310083 ], [ -4.412566, 5.307539 ], [ -4.412954, 5.306749 ], [ -4.416497, 5.307383 ], [ -4.423321, 5.310526 ], [ -4.431863, 5.313271 ], [ -4.432408, 5.312917 ], [ -4.433434, 5.312064 ], [ -4.434003, 5.311672 ], [ -4.435984, 5.310477 ], [ -4.437617, 5.310105 ], [ -4.439005, 5.31016 ], [ -4.439744, 5.310611 ], [ -4.443719, 5.313055 ], [ -4.444519, 5.313492 ], [ -4.444945, 5.313977 ], [ -4.445222, 5.314692 ], [ -4.445327, 5.315357 ], [ -4.442267, 5.316349 ], [ -4.441602, 5.31622 ], [ -4.441299, 5.316129 ], [ -4.440226, 5.315817 ], [ -4.431627, 5.31798 ], [ -4.427811, 5.323533 ], [ -4.427621, 5.323709 ], [ -4.426718, 5.323512 ], [ -4.426637, 5.323485 ], [ -4.424413, 5.323303 ], [ -4.423045, 5.331925 ], [ -4.423905, 5.332282 ], [ -4.42477, 5.332691 ], [ -4.426572, 5.33364 ], [ -4.428156, 5.334509 ], [ -4.429643, 5.33533 ], [ -4.430314, 5.335656 ], [ -4.431622, 5.336132 ], [ -4.432576, 5.336422 ], [ -4.433253, 5.336601 ], [ -4.433798, 5.336724 ], [ -4.436903, 5.337235 ], [ -4.440017, 5.337748 ], [ -4.442312, 5.338138 ], [ -4.444532, 5.338517 ], [ -4.45068, 5.336859 ], [ -4.452928, 5.334774 ], [ -4.456109, 5.3319 ], [ -4.459062, 5.326611 ], [ -4.459223, 5.326082 ], [ -4.459386, 5.325698 ], [ -4.459937, 5.324659 ], [ -4.460841, 5.323185 ], [ -4.461482, 5.322258 ], [ -4.463294, 5.316472 ], [ -4.462814, 5.310603 ], [ -4.462852, 5.310325 ], [ -4.463887, 5.309982 ], [ -4.46470953084384, 5.31014743821505 ], [ -4.46478, 5.309789 ], [ -4.466046, 5.308183 ], [ -4.468248, 5.308576 ], [ -4.467715477112311, 5.311557455156355 ], [ -4.468114, 5.312713 ], [ -4.469136, 5.315544 ], [ -4.46639, 5.320955 ], [ -4.466266, 5.321338 ], [ -4.466139, 5.321668 ], [ -4.469052, 5.328541 ], [ -4.472239, 5.32836 ], [ -4.475401, 5.328181 ], [ -4.478041, 5.327993 ], [ -4.479487, 5.327915 ], [ -4.486175, 5.322633 ], [ -4.486331, 5.322282 ], [ -4.486635, 5.321813 ], [ -4.487009, 5.321393 ], [ -4.489533, 5.316906 ], [ -4.492367, 5.314686 ], [ -4.494381, 5.316026 ], [ -4.494565, 5.316282 ], [ -4.494708, 5.317308 ], [ -4.494583, 5.317804 ], [ -4.494513, 5.318005 ], [ -4.493969372148103, 5.318685551575194 ], [ -4.493979, 5.318725 ], [ -4.494838375609307, 5.324832185020131 ], [ -4.495592, 5.327456 ], [ -4.498698, 5.331113 ], [ -4.501763, 5.333047 ], [ -4.508869, 5.334043 ], [ -4.513378, 5.331314 ], [ -4.515005, 5.330337 ], [ -4.515582, 5.330214 ], [ -4.523671, 5.330949 ], [ -4.524408, 5.334473 ], [ -4.522519, 5.334868 ], [ -4.52063, 5.335263 ], [ -4.518422, 5.335724 ], [ -4.51795, 5.335825 ], [ -4.516215, 5.336186 ], [ -4.509589, 5.339645 ], [ -4.504968, 5.342796 ], [ -4.501445, 5.343536 ], [ -4.497512, 5.343426 ], [ -4.49459, 5.342022 ], [ -4.491933, 5.340993 ], [ -4.491643, 5.339955 ], [ -4.486985, 5.333541 ], [ -4.485223, 5.332999 ], [ -4.483407, 5.332418 ], [ -4.478257, 5.331586 ], [ -4.475657, 5.331772 ], [ -4.472443, 5.331954 ], [ -4.469256, 5.332135 ], [ -4.461964, 5.336816 ], [ -4.462974, 5.342273 ], [ -4.463966, 5.344215 ], [ -4.464957, 5.346157 ], [ -4.46494840439763, 5.34616138895854 ], [ -4.465102, 5.346466 ], [ -4.466327, 5.348306 ], [ -4.46333, 5.350301 ], [ -4.463278510273166, 5.350223660328673 ], [ -4.463278, 5.350224 ], [ -4.462105, 5.348461 ], [ -4.461758630379898, 5.347790103888991 ], [ -4.461751, 5.347794 ], [ -4.460928275530608, 5.346181758910638 ], [ -4.460884, 5.346096 ], [ -4.459768, 5.343911 ], [ -4.459187, 5.342916 ], [ -4.451088, 5.340882 ], [ -4.450051, 5.341401 ], [ -4.448854, 5.341838 ], [ -4.447788, 5.342087 ], [ -4.446985, 5.342209 ], [ -4.446158, 5.342258 ], [ -4.444881, 5.342187 ], [ -4.444078, 5.342088 ], [ -4.441709, 5.341687 ], [ -4.439414, 5.341297 ], [ -4.436318, 5.340787 ], [ -4.433213, 5.340276 ], [ -4.432475, 5.340116 ], [ -4.431664, 5.339904 ], [ -4.430579, 5.339578 ], [ -4.429089, 5.339041 ], [ -4.428104, 5.338584 ], [ -4.426423, 5.337665 ], [ -4.424839, 5.336796 ], [ -4.423093, 5.335876 ], [ -4.422371, 5.335539 ], [ -4.421675, 5.335254 ], [ -4.420265, 5.334866 ], [ -4.419842, 5.334792 ], [ -4.418962, 5.334694 ], [ -4.418458, 5.334663 ], [ -4.417603, 5.334672 ], [ -4.413618, 5.334899 ], [ -4.409542, 5.335129 ], [ -4.405577, 5.341476 ], [ -4.407293, 5.343938 ], [ -4.40937, 5.346906 ], [ -4.411447, 5.349873 ], [ -4.413524, 5.352841 ], [ -4.415601, 5.355809 ], [ -4.417678, 5.358776 ], [ -4.419757, 5.361745 ], [ -4.422147, 5.365169 ], [ -4.424538, 5.368593 ], [ -4.426928, 5.372016 ], [ -4.428517, 5.374572 ], [ -4.435632, 5.376856 ], [ -4.440714, 5.375866 ], [ -4.442732, 5.375447 ], [ -4.444751, 5.375028 ], [ -4.444751302568957, 5.375029459450261 ], [ -4.445058, 5.374966 ], [ -4.446219, 5.374734 ], [ -4.447008, 5.378246 ], [ -4.446404, 5.378382 ], [ -4.44631675450971, 5.378397609803395 ], [ -4.446317, 5.378399 ], [ -4.445683, 5.378511 ], [ -4.445481756520185, 5.37855282556795 ], [ -4.445482, 5.378554 ], [ -4.443955395458305, 5.378870057800113 ], [ -4.44359, 5.378946 ], [ -4.441444, 5.379391 ], [ -4.441283, 5.387765 ], [ -4.448961, 5.389255 ], [ -4.450877, 5.387931 ], [ -4.451347, 5.387591 ], [ -4.451348118399338, 5.387590884745106 ], [ -4.453362, 5.386137 ], [ -4.45457, 5.387004 ], [ -4.455469, 5.389056 ], [ -4.455302, 5.390529 ], [ -4.454646, 5.392954 ], [ -4.460508, 5.398537 ], [ -4.463098, 5.399371 ], [ -4.46565, 5.400414 ], [ -4.468191, 5.401093 ], [ -4.474341, 5.401925 ], [ -4.475656, 5.40311 ], [ -4.475731, 5.403469 ], [ -4.475613, 5.404901 ], [ -4.477374, 5.412531 ], [ -4.479908, 5.415883 ], [ -4.481466, 5.417181 ], [ -4.481465932442465, 5.417181081069042 ], [ -4.482558, 5.418091 ], [ -4.480253, 5.420857 ], [ -4.473945, 5.4182 ], [ -4.473645, 5.417958 ], [ -4.473343, 5.41767 ], [ -4.47303, 5.417272 ], [ -4.466253, 5.411881 ], [ -4.459447, 5.411234 ], [ -4.452329, 5.411296 ], [ -4.45016, 5.410617 ], [ -4.44982, 5.410394 ], [ -4.444575, 5.406993 ], [ -4.439438, 5.406136 ], [ -4.435562, 5.408352 ], [ -4.43549, 5.40842 ], [ -4.432726, 5.411314 ], [ -4.429406, 5.409923 ], [ -4.423982, 5.404118 ], [ -4.420775, 5.405601 ], [ -4.420315, 5.405775 ], [ -4.418979, 5.406081 ], [ -4.418771862362127, 5.406119423507869 ], [ -4.417237, 5.406462 ], [ -4.41676, 5.40657 ], [ -4.415843, 5.406205 ], [ -4.415741, 5.406138 ], [ -4.413699, 5.403084 ], [ -4.412319, 5.401291 ], [ -4.409554, 5.397336 ], [ -4.410483, 5.393858 ], [ -4.414577, 5.387073 ], [ -4.412558, 5.384092 ], [ -4.412769057535566, 5.383949084949739 ], [ -4.412769, 5.383949 ], [ -4.414277, 5.382928 ], [ -4.414447990202242, 5.382801337836269 ], [ -4.414447, 5.3828 ], [ -4.416576, 5.381225 ], [ -4.42126, 5.377857 ], [ -4.421586, 5.370654 ], [ -4.419196, 5.36723 ], [ -4.416805, 5.363806 ], [ -4.414729, 5.36084 ], [ -4.412652, 5.357873 ], [ -4.410575, 5.354905 ], [ -4.408498, 5.351938 ], [ -4.402837, 5.349254 ], [ -4.403275, 5.346951 ], [ -4.402623, 5.343535 ], [ -4.401928, 5.342572 ], [ -4.40163, 5.342209 ], [ -4.401334, 5.341889 ], [ -4.400751, 5.341365 ], [ -4.393172, 5.345743 ], [ -4.393178, 5.347947 ], [ -4.393185, 5.350133 ], [ -4.393216, 5.352461 ], [ -4.394136, 5.356183 ], [ -4.394763, 5.357071 ], [ -4.395067, 5.357744 ], [ -4.395173, 5.358531 ], [ -4.396966, 5.363997 ], [ -4.397261, 5.364991 ], [ -4.397109, 5.365784 ], [ -4.39643, 5.367329 ], [ -4.39486, 5.370679 ], [ -4.39429, 5.371891 ], [ -4.393946, 5.372719 ], [ -4.392865, 5.374858 ], [ -4.392541, 5.375568 ], [ -4.392279, 5.376001 ], [ -4.391935, 5.376489 ], [ -4.391091, 5.377797 ], [ -4.389557, 5.381431 ], [ -4.389123163742085, 5.382458280703186 ], [ -4.388399, 5.384174 ], [ -4.388398651531969, 5.384173852878394 ], [ -4.388043, 5.385016 ], [ -4.387573, 5.386228 ], [ -4.387558492991676, 5.386222373510623 ], [ -4.387449, 5.386495 ], [ -4.38696, 5.387364 ], [ -4.383823, 5.385598 ], [ -4.384687, 5.383714 ], [ -4.38508331161627, 5.382774131562961 ], [ -4.385083, 5.382774 ], [ -4.386428, 5.379585 ], [ -4.387774, 5.376397 ], [ -4.38276, 5.370424 ], [ -4.380946, 5.370499 ], [ -4.380472, 5.370457 ], [ -4.380177, 5.3704 ], [ -4.380863, 5.366866 ], [ -4.381737, 5.361806 ], [ -4.382775, 5.361254 ], [ -4.389748, 5.35563 ], [ -4.38966, 5.355033 ], [ -4.389616, 5.352509 ], [ -4.389585, 5.35018 ], [ -4.389578, 5.347958 ], [ -4.383585, 5.341577 ], [ -4.382676, 5.341018 ], [ -4.377594, 5.338161 ], [ -4.373892, 5.338922 ], [ -4.371538, 5.340126 ], [ -4.370191, 5.337949 ], [ -4.368271, 5.335834 ], [ -4.360513, 5.334103 ], [ -4.358028, 5.336072 ], [ -4.357077, 5.335622 ], [ -4.348252, 5.337201 ], [ -4.347881, 5.337514 ], [ -4.347313, 5.337789 ], [ -4.342979, 5.34116 ], [ -4.340892, 5.348504 ], [ -4.340149, 5.351868 ], [ -4.333765, 5.349065 ], [ -4.331001, 5.347422 ], [ -4.331044, 5.346708 ], [ -4.331502, 5.34618 ], [ -4.333216, 5.343952 ], [ -4.333826, 5.342816 ], [ -4.336791, 5.340779 ], [ -4.337487, 5.340281 ], [ -4.341492, 5.337189 ], [ -4.342089, 5.336504 ], [ -4.340780172347407, 5.328786957726494 ], [ -4.335301, 5.328999 ], [ -4.335219064939198, 5.32900872353252 ], [ -4.335141, 5.329023 ], [ -4.334875219637359, 5.329049528908656 ], [ -4.334728, 5.329067 ], [ -4.334684037339578, 5.329068611799746 ], [ -4.3346, 5.329077 ], [ -4.332055, 5.329165 ], [ -4.32951, 5.329254 ], [ -4.326313, 5.329349 ], [ -4.323125, 5.329444 ], [ -4.32308630392638, 5.329443238765764 ], [ -4.323026, 5.329445 ], [ -4.32290492311966, 5.329439670618747 ], [ -4.322515, 5.329432 ], [ -4.322401305426394, 5.329417503127434 ], [ -4.322299, 5.329413 ], [ -4.322032636882122, 5.329370495247147 ], [ -4.321817, 5.329343 ], [ -4.315528, 5.329142 ], [ -4.312344448930853, 5.329560284069606 ], [ -4.31221642940122, 5.329579493317882 ], [ -4.310299421971397, 5.329868729302166 ], [ -4.307491, 5.330384 ], [ -4.304636, 5.330907 ], [ -4.304627772787609, 5.330908378761062 ], [ -4.304608, 5.330912 ], [ -4.304587468489908, 5.330915133174789 ], [ -4.303729, 5.331059 ], [ -4.303587676006013, 5.33106770473876 ], [ -4.303494, 5.331082 ], [ -4.303380833467945, 5.331080445040018 ], [ -4.303177, 5.331093 ], [ -4.302994841619316, 5.331075141335227 ], [ -4.302839, 5.331073 ], [ -4.302707466257671, 5.331046967280164 ], [ -4.302616, 5.331038 ], [ -4.302500523131671, 5.331006009786477 ], [ -4.302359, 5.330978 ], [ -4.295693, 5.329949 ], [ -4.292125, 5.329471 ], [ -4.284061, 5.32942 ], [ -4.281925, 5.329329 ], [ -4.277741, 5.329219 ], [ -4.270561, 5.333462 ], [ -4.27265, 5.341463 ], [ -4.274846, 5.343538 ], [ -4.276652, 5.344998 ], [ -4.27729, 5.345555 ], [ -4.27766, 5.34604 ], [ -4.279648, 5.348411 ], [ -4.280279, 5.349248 ], [ -4.280576, 5.349832 ], [ -4.280833, 5.350385 ], [ -4.281891, 5.352964 ], [ -4.283939, 5.3567 ], [ -4.284319, 5.357269 ], [ -4.286879, 5.360207 ], [ -4.28809, 5.363597 ], [ -4.284918, 5.366359 ], [ -4.284506, 5.366457 ], [ -4.27795, 5.367362 ], [ -4.275602, 5.369278 ], [ -4.273601, 5.36922 ], [ -4.272984, 5.369158 ], [ -4.27248, 5.368996 ], [ -4.272088, 5.368784 ], [ -4.264371, 5.368051 ], [ -4.261748, 5.36978 ], [ -4.261609, 5.369734 ], [ -4.261036, 5.369471 ], [ -4.260442, 5.368844 ], [ -4.260149, 5.367976 ], [ -4.260111, 5.367647 ], [ -4.260112, 5.367222 ], [ -4.260188, 5.366758 ], [ -4.260359, 5.365974 ], [ -4.260508, 5.36533 ], [ -4.259285, 5.359376 ], [ -4.258597, 5.358674 ], [ -4.250474, 5.362535 ], [ -4.250671, 5.363134 ], [ -4.250877, 5.364121 ], [ -4.25093, 5.364725 ], [ -4.25092, 5.36502 ], [ -4.250881, 5.365925 ], [ -4.250806, 5.366979 ], [ -4.250777, 5.367591 ], [ -4.250711, 5.368782 ], [ -4.250681, 5.369792 ], [ -4.25065, 5.371081 ], [ -4.250741, 5.375559 ], [ -4.250757, 5.376159 ], [ -4.250819, 5.37723 ], [ -4.250948, 5.378964 ], [ -4.254078, 5.384622 ], [ -4.254072, 5.388221 ], [ -4.25287, 5.395582 ], [ -4.250982, 5.397314 ], [ -4.250797, 5.397315 ], [ -4.24956, 5.396998 ], [ -4.249228, 5.396222 ], [ -4.248716, 5.395151 ], [ -4.248348, 5.394085 ], [ -4.246176, 5.390799 ], [ -4.245044, 5.386812 ], [ -4.244618, 5.386026 ], [ -4.243828, 5.384723 ], [ -4.243837, 5.384688 ], [ -4.243841, 5.378551 ], [ -4.244151, 5.377321 ], [ -4.245337, 5.375479 ], [ -4.246471, 5.373039 ], [ -4.24705, 5.371137 ], [ -4.247082, 5.369707 ], [ -4.239081, 5.365612 ], [ -4.235386, 5.369892 ], [ -4.23487, 5.371658 ], [ -4.234308, 5.373457 ], [ -4.23367, 5.375215 ], [ -4.233006, 5.377044 ], [ -4.232178, 5.379059 ], [ -4.233798, 5.386939 ], [ -4.233574, 5.389218 ], [ -4.233629, 5.390582 ], [ -4.233562, 5.392818 ], [ -4.232488, 5.400741 ], [ -4.232594, 5.40131 ], [ -4.232562, 5.402628 ], [ -4.232495, 5.403184 ], [ -4.232339, 5.403664 ], [ -4.232091, 5.404197 ], [ -4.231746, 5.404885 ], [ -4.224727, 5.409076 ], [ -4.223173, 5.409768 ], [ -4.215768, 5.411976 ], [ -4.213767, 5.408983 ], [ -4.214429, 5.40854 ], [ -4.21503, 5.408174 ], [ -4.215679, 5.407825 ], [ -4.216393, 5.407477 ], [ -4.217183, 5.407192 ], [ -4.219821, 5.399035 ], [ -4.22034, 5.395473 ], [ -4.22469, 5.38929 ], [ -4.225459, 5.386605 ], [ -4.22564, 5.386049 ], [ -4.226772, 5.383079 ], [ -4.227457, 5.381273 ], [ -4.227992, 5.379782 ], [ -4.228848, 5.377692 ], [ -4.229675, 5.375677 ], [ -4.230286, 5.373988 ], [ -4.230923, 5.37223 ], [ -4.231432, 5.370588 ], [ -4.23193, 5.368883 ], [ -4.232465, 5.366806 ], [ -4.232669, 5.366054 ], [ -4.232914, 5.365533 ], [ -4.233206, 5.365095 ], [ -4.233564, 5.364689 ], [ -4.234192, 5.364188 ], [ -4.237365, 5.362447 ], [ -4.2405, 5.357005 ], [ -4.241494, 5.353547 ], [ -4.246475, 5.347831 ], [ -4.248103, 5.344482 ], [ -4.249313, 5.33848 ], [ -4.243156, 5.333589 ], [ -4.24129, 5.332686 ], [ -4.238713, 5.331338 ], [ -4.236129, 5.330812 ], [ -4.227306, 5.33168 ], [ -4.227075, 5.332639 ], [ -4.226754, 5.33389 ], [ -4.226489, 5.335233 ], [ -4.228865, 5.342405 ], [ -4.228602, 5.343455 ], [ -4.22841, 5.347049 ], [ -4.225078, 5.348884 ], [ -4.223407, 5.349555 ], [ -4.221786, 5.35034 ], [ -4.217673, 5.356174 ], [ -4.217597, 5.358724 ], [ -4.213999, 5.358618 ], [ -4.214074, 5.356067 ], [ -4.21415, 5.353517 ], [ -4.214311, 5.350825 ], [ -4.21447, 5.348189 ], [ -4.214578, 5.34497 ], [ -4.209275, 5.340491 ], [ -4.209187, 5.340424 ], [ -4.203931, 5.33443 ], [ -4.201342, 5.333644 ], [ -4.19685024287678, 5.332147271690127 ], [ -4.194788, 5.335075 ], [ -4.191926288973755, 5.337068302294712 ], [ -4.190833, 5.338642 ], [ -4.190467, 5.342223 ], [ -4.190045, 5.34218 ], [ -4.18882, 5.341648 ], [ -4.181909, 5.346537 ], [ -4.182334, 5.348934 ], [ -4.182333254995784, 5.348934131768023 ], [ -4.182375, 5.34917 ], [ -4.182606, 5.350358 ], [ -4.182687, 5.350725 ], [ -4.182683613288239, 5.350725874366203 ], [ -4.182729, 5.350941 ], [ -4.18278, 5.351949 ], [ -4.182728, 5.352253 ], [ -4.182712869357269, 5.352250402885732 ], [ -4.182633, 5.352609 ], [ -4.182329, 5.353554 ], [ -4.178817, 5.352764 ], [ -4.17256, 5.358425 ], [ -4.172557547292925, 5.358425504900985 ], [ -4.172557, 5.358426 ], [ -4.171501, 5.358643 ], [ -4.171418, 5.358662 ], [ -4.169378, 5.357398 ], [ -4.164555, 5.355811 ], [ -4.156151, 5.358116 ], [ -4.154389, 5.357838 ], [ -4.147137, 5.361729 ], [ -4.146488, 5.36256 ], [ -4.145784, 5.363537 ], [ -4.14415, 5.365017 ], [ -4.142434541361165, 5.366608581271642 ], [ -4.143689, 5.36732 ], [ -4.143589848888583, 5.367485893607129 ], [ -4.14359, 5.367486 ], [ -4.14338, 5.367837 ], [ -4.143229249113091, 5.368064879247653 ], [ -4.14323, 5.368066 ], [ -4.14295, 5.368487 ], [ -4.142692, 5.368809 ], [ -4.139614536858573, 5.370559611087223 ], [ -4.139192, 5.370908 ], [ -4.13602, 5.37261 ], [ -4.136715466196635, 5.379618536108335 ], [ -4.137017276665451, 5.38001962863788 ], [ -4.138713, 5.380451 ], [ -4.13987, 5.381052 ], [ -4.142705, 5.381788 ], [ -4.143918, 5.382024 ], [ -4.14344, 5.385592 ], [ -4.145300536966638, 5.388759096299186 ], [ -4.148886, 5.391462 ], [ -4.148996, 5.391562 ], [ -4.149405556538555, 5.392109413804802 ], [ -4.152124754549275, 5.394495161471413 ], [ -4.154578, 5.396048 ], [ -4.15514, 5.396745 ], [ -4.155378209288417, 5.397099520433506 ], [ -4.155426, 5.397126 ], [ -4.155609, 5.397443 ], [ -4.156232, 5.398499 ], [ -4.156826862681371, 5.400746774463083 ], [ -4.158103577693376, 5.401935666886438 ], [ -4.16391, 5.403684 ], [ -4.163910491332969, 5.403684197242739 ], [ -4.164325, 5.403601 ], [ -4.171804, 5.406853 ], [ -4.177815679386719, 5.400808799197347 ], [ -4.178047482637829, 5.40032507961477 ], [ -4.177877650977863, 5.399469372536282 ], [ -4.177817081331021, 5.399164286507237 ], [ -4.177597, 5.398059 ], [ -4.177186, 5.39599 ], [ -4.176985841743251, 5.394982390673448 ], [ -4.176824, 5.394169 ], [ -4.176824254334481, 5.394168949435626 ], [ -4.176775, 5.393921 ], [ -4.180306, 5.393219 ], [ -4.180328850282079, 5.393334029765501 ], [ -4.180329, 5.393334 ], [ -4.180353665315852, 5.393458066538734 ], [ -4.180354, 5.393458 ], [ -4.180637368200822, 5.394885092050131 ], [ -4.180717583812481, 5.395288576576774 ], [ -4.183801089950812, 5.398333866085547 ], [ -4.189474, 5.400407 ], [ -4.191999, 5.40005 ], [ -4.198632, 5.401463 ], [ -4.199278, 5.401586 ], [ -4.199671, 5.401765 ], [ -4.200218, 5.402184 ], [ -4.200614, 5.402757 ], [ -4.200817, 5.403383 ], [ -4.200888, 5.403872 ], [ -4.20037, 5.404402 ], [ -4.198657719678543, 5.404940050203002 ], [ -4.198671, 5.405045 ], [ -4.197819, 5.405153 ], [ -4.197545915969024, 5.405192418636183 ], [ -4.197546, 5.405193 ], [ -4.194653, 5.40561 ], [ -4.188301, 5.409334 ], [ -4.184761, 5.409989 ], [ -4.182910780545659, 5.409638931215563 ], [ -4.180045, 5.410197 ], [ -4.175352630285659, 5.416684128639813 ], [ -4.175444, 5.417383 ], [ -4.175443781452587, 5.417383028527477 ], [ -4.175461, 5.417515 ], [ -4.171891, 5.417981 ], [ -4.169024, 5.426247 ], [ -4.169473, 5.42674 ], [ -4.169764, 5.42711 ], [ -4.169763492936768, 5.42711039930333 ], [ -4.169822, 5.427185 ], [ -4.170326, 5.427887 ], [ -4.17032150390434, 5.42789022907007 ], [ -4.170446, 5.428066 ], [ -4.170734, 5.428551 ], [ -4.171014, 5.429076 ], [ -4.174792138371044, 5.435481186943242 ], [ -4.175244, 5.436027 ], [ -4.17613070025707, 5.437160042673523 ], [ -4.176175, 5.437203 ], [ -4.176583, 5.437738 ], [ -4.176984, 5.438312 ], [ -4.177685, 5.439531 ], [ -4.177969, 5.440095 ], [ -4.17800930986215, 5.440183770615543 ], [ -4.178014, 5.440191 ], [ -4.178241, 5.440694 ], [ -4.179751, 5.443609 ], [ -4.180274, 5.445252 ], [ -4.180386, 5.445609 ], [ -4.180562, 5.446096 ], [ -4.180615, 5.446783 ], [ -4.180811778401032, 5.448551441721325 ], [ -4.182119511316199, 5.449849342058183 ], [ -4.18931010567495, 5.451694812777235 ], [ -4.189938, 5.451214 ], [ -4.192569, 5.453671 ], [ -4.192069, 5.454206 ], [ -4.191693, 5.454549 ], [ -4.191821882066075, 5.458556384933386 ], [ -4.192264931656979, 5.462284689037974 ], [ -4.195432, 5.464627 ], [ -4.19591, 5.464799 ], [ -4.195909173970528, 5.464801286946682 ], [ -4.195996, 5.464833 ], [ -4.196692, 5.465125 ], [ -4.197276, 5.465395 ], [ -4.197987, 5.46577 ], [ -4.198528, 5.466084 ], [ -4.198525156348188, 5.466088907465593 ], [ -4.19877, 5.466234 ], [ -4.199722, 5.46692 ], [ -4.199721781426636, 5.466920303695375 ], [ -4.200075, 5.467175 ], [ -4.200516, 5.467508 ], [ -4.200480124790663, 5.467555480922219 ], [ -4.202497, 5.469114 ], [ -4.203769, 5.470059 ], [ -4.203768873761847, 5.470059169924669 ], [ -4.203953, 5.470196 ], [ -4.203952748720477, 5.470196338121352 ], [ -4.204341, 5.470485 ], [ -4.206364, 5.472064 ], [ -4.206363809217042, 5.472064244246954 ], [ -4.206457, 5.472137 ], [ -4.208573, 5.473789 ], [ -4.206357, 5.476626 ], [ -4.204241, 5.474974 ], [ -4.202126, 5.473322 ], [ -4.201806228708102, 5.47308469225072 ], [ -4.201806, 5.473085 ], [ -4.200112, 5.472248 ], [ -4.199975, 5.472138 ], [ -4.199454, 5.471484 ], [ -4.197400190355365, 5.469769054213519 ], [ -4.197216126199161, 5.469667709365609 ], [ -4.196187157088482, 5.4692225583563 ], [ -4.187781, 5.470391 ], [ -4.187531, 5.47055 ], [ -4.187452, 5.470597 ], [ -4.187166, 5.47076 ], [ -4.187159321228149, 5.470759922576776 ], [ -4.186949, 5.470877 ], [ -4.186682, 5.471004 ], [ -4.184135, 5.472338 ], [ -4.182362, 5.4724 ], [ -4.182128, 5.472238 ], [ -4.181713, 5.469684 ], [ -4.181086407338246, 5.467055213090684 ], [ -4.180259098224119, 5.463829631641597 ], [ -4.179654806117334, 5.462633016900293 ], [ -4.173357992075619, 5.457336050485177 ], [ -4.173212, 5.457235 ], [ -4.173931, 5.453707 ], [ -4.176027747734081, 5.447117221407174 ], [ -4.175377, 5.44394 ], [ -4.174607730338386, 5.442515406739306 ], [ -4.167276, 5.43887 ], [ -4.164284, 5.440871 ], [ -4.15846721844702, 5.442145198978034 ], [ -4.15645, 5.443402 ], [ -4.154736206031528, 5.442567432578871 ], [ -4.148173, 5.440428 ], [ -4.148172610275203, 5.440427566764662 ], [ -4.147909, 5.440482 ], [ -4.145075, 5.43709 ], [ -4.142339, 5.432069 ], [ -4.142341173840284, 5.43202231677991 ], [ -4.142341, 5.432022 ], [ -4.142377076317198, 5.431251106064088 ], [ -4.142377192650293, 5.431208586317797 ], [ -4.135295, 5.425669 ], [ -4.133135, 5.426063 ], [ -4.127997, 5.424714 ], [ -4.127345, 5.421174 ], [ -4.13261574880269, 5.41686330974933 ], [ -4.132604, 5.41669 ], [ -4.13281484306646, 5.416400368208705 ], [ -4.1328, 5.415703 ], [ -4.134564032658027, 5.41511187667852 ], [ -4.137173, 5.411898 ], [ -4.138948378874376, 5.406915179885504 ], [ -4.138691, 5.406889 ], [ -4.139053, 5.403307 ], [ -4.139234566017024, 5.401472151602967 ], [ -4.13901, 5.399651 ], [ -4.139372963719989, 5.395531951430379 ], [ -4.138532, 5.393716 ], [ -4.13848321303399, 5.393536539742398 ], [ -4.130832, 5.394758 ], [ -4.128826, 5.397748 ], [ -4.125906337103885, 5.400245542959327 ], [ -4.125923, 5.402645 ], [ -4.123786, 5.40266 ], [ -4.12328, 5.402601 ], [ -4.123029, 5.402509 ], [ -4.121941, 5.402008 ], [ -4.121405, 5.400609 ], [ -4.121667, 5.39756 ], [ -4.120718411033585, 5.393128842378002 ], [ -4.119279, 5.391817 ], [ -4.119009, 5.391436 ], [ -4.11900320682652, 5.390692059972221 ], [ -4.116425, 5.387309 ], [ -4.115981, 5.386879 ], [ -4.115476, 5.386182 ], [ -4.115477780173912, 5.386177307473164 ], [ -4.115315, 5.385971 ], [ -4.115209, 5.385807 ], [ -4.117725603650362, 5.380170288408535 ], [ -4.109939, 5.378828 ], [ -4.108298859370698, 5.380352977396269 ], [ -4.108170592054905, 5.380620162931894 ], [ -4.107946, 5.381226 ], [ -4.107810494884292, 5.381319631097819 ], [ -4.106982328036233, 5.382196037531632 ], [ -4.106439, 5.383013706371798 ], [ -4.106439, 5.383025 ], [ -4.106400421474711, 5.383071764222533 ], [ -4.105948866503133, 5.383751321332158 ], [ -4.105927, 5.384074 ], [ -4.105464982271616, 5.384525493991237 ], [ -4.105457, 5.384898 ], [ -4.104704, 5.387891 ], [ -4.104544, 5.388003 ], [ -4.101654872509639, 5.38994202357979 ], [ -4.101205, 5.390834 ], [ -4.101143, 5.391047 ], [ -4.101011117819112, 5.391093588813901 ], [ -4.100187, 5.392197 ], [ -4.099056824486636, 5.393403512273014 ], [ -4.099512, 5.39396 ], [ -4.09949, 5.394474 ], [ -4.097923, 5.3962 ], [ -4.095771, 5.397838 ], [ -4.094127920469389, 5.399529139324176 ], [ -4.094148, 5.399567 ], [ -4.094221571663955, 5.402996490564122 ], [ -4.094321836298155, 5.404952443089514 ], [ -4.095259, 5.407605 ], [ -4.095116798984418, 5.407874457338443 ], [ -4.095117, 5.407875 ], [ -4.094982831786293, 5.408128515520086 ], [ -4.094983, 5.408129 ], [ -4.095056, 5.408735 ], [ -4.09498695865107, 5.408865770783105 ], [ -4.094987, 5.408866 ], [ -4.094893875062678, 5.409042319490331 ], [ -4.094894, 5.409043 ], [ -4.094565, 5.409665 ], [ -4.094014887802284, 5.410178712030952 ], [ -4.094691, 5.413058 ], [ -4.095144, 5.414268 ], [ -4.09533, 5.414884 ], [ -4.096438, 5.423575 ], [ -4.096933, 5.425786 ], [ -4.097, 5.426196 ], [ -4.097016, 5.426636 ], [ -4.095963, 5.428162 ], [ -4.095117, 5.436167 ], [ -4.097749, 5.438064 ], [ -4.098615, 5.438518 ], [ -4.102733, 5.443525 ], [ -4.10414, 5.444735 ], [ -4.105124, 5.446661 ], [ -4.111563, 5.451396 ], [ -4.11541, 5.454883 ], [ -4.116191, 5.455584 ], [ -4.113786, 5.458263 ], [ -4.109908, 5.458482 ], [ -4.107918, 5.45887 ], [ -4.104033, 5.458279 ], [ -4.099097, 5.461855 ], [ -4.096506, 5.465536 ], [ -4.094848, 5.471909 ], [ -4.09435513084434, 5.472937413994067 ], [ -4.095037, 5.474017 ], [ -4.098541, 5.473189 ], [ -4.098626, 5.473551 ], [ -4.098697, 5.473965 ], [ -4.098769162750613, 5.47444817667802 ], [ -4.098776, 5.474448 ], [ -4.098812, 5.474735 ], [ -4.100968854876997, 5.479370947774719 ], [ -4.101723, 5.478879 ], [ -4.105016, 5.478933 ], [ -4.10744, 5.480014 ], [ -4.107963856503725, 5.482496685527062 ], [ -4.110428, 5.482667 ], [ -4.1108, 5.482526 ], [ -4.111441, 5.482238 ], [ -4.112234, 5.482044 ], [ -4.112946, 5.482069 ], [ -4.113515, 5.482206 ], [ -4.122488, 5.48235 ], [ -4.123268, 5.482057 ], [ -4.123737, 5.481978 ], [ -4.123737816996575, 5.481982858187336 ], [ -4.123889, 5.481959 ], [ -4.124617, 5.481967 ], [ -4.124921, 5.482027 ], [ -4.124920189610824, 5.482031136263828 ], [ -4.125085, 5.482066 ], [ -4.126239, 5.482329 ], [ -4.126238099051946, 5.482360178000453 ], [ -4.126257, 5.482365 ], [ -4.126235360410718, 5.482454950786803 ], [ -4.126135, 5.485928 ], [ -4.120896, 5.487484 ], [ -4.120132, 5.487606 ], [ -4.116568, 5.487944 ], [ -4.115555, 5.488119 ], [ -4.114892, 5.48806 ], [ -4.109588, 5.487042 ], [ -4.108607, 5.487179 ], [ -4.106502, 5.487491 ], [ -4.105877, 5.487649 ], [ -4.105188, 5.487718 ], [ -4.104387, 5.487662 ], [ -4.096606, 5.490746 ], [ -4.095974, 5.491712 ], [ -4.095823, 5.491994 ], [ -4.09552, 5.492445 ], [ -4.094384, 5.497839 ], [ -4.099205, 5.502934 ], [ -4.10537, 5.500507 ], [ -4.105982, 5.499591 ], [ -4.106551, 5.49909 ], [ -4.106682, 5.498987 ], [ -4.107987, 5.497676 ], [ -4.108501, 5.497378 ], [ -4.109129, 5.49713 ], [ -4.110543, 5.500107 ], [ -4.110449, 5.50048 ], [ -4.10782, 5.505397 ], [ -4.107541, 5.505993 ], [ -4.107035, 5.506574 ], [ -4.106763, 5.506802 ], [ -4.10632, 5.50709 ], [ -4.105344, 5.50751 ], [ -4.105062, 5.507609 ], [ -4.104547, 5.507712 ], [ -4.10394, 5.507698 ], [ -4.10052, 5.507731 ], [ -4.100141, 5.507745 ], [ -4.099335, 5.507588 ], [ -4.095255237436943, 5.508714694558417 ], [ -4.09303, 5.51434 ], [ -4.093153, 5.514952 ], [ -4.093204, 5.515434 ], [ -4.093354, 5.516497 ], [ -4.093623, 5.518474 ], [ -4.093878, 5.52036 ], [ -4.094775308117699, 5.522164334373857 ], [ -4.095331151760405, 5.522782178490483 ], [ -4.101116, 5.527235 ], [ -4.101117809757503, 5.527240085131799 ], [ -4.101291, 5.527187 ], [ -4.101549, 5.52713 ], [ -4.102327, 5.530644 ], [ -4.102189743368117, 5.532515681343859 ], [ -4.102194069230469, 5.536983756420887 ], [ -4.10317, 5.542219 ], [ -4.103478, 5.543396 ], [ -4.099995, 5.544308 ], [ -4.099149, 5.541992 ], [ -4.092357, 5.536561 ], [ -4.089059, 5.535118 ], [ -4.089101, 5.533538 ], [ -4.080238, 5.532995 ], [ -4.080539, 5.539058 ], [ -4.080886, 5.539701 ], [ -4.081011, 5.540115 ], [ -4.081137, 5.5408 ], [ -4.081158, 5.54125 ], [ -4.080097510137779, 5.543469209430573 ], [ -4.082141, 5.546852 ], [ -4.079967, 5.549721 ], [ -4.07699, 5.548639 ], [ -4.075797, 5.547495 ], [ -4.069491440881726, 5.551054738849507 ], [ -4.07333, 5.554533 ], [ -4.075321, 5.554501 ], [ -4.075377, 5.558101 ], [ -4.073312896765712, 5.562581644393952 ], [ -4.079159, 5.564223 ], [ -4.079944, 5.564432 ], [ -4.083314, 5.564543 ], [ -4.085262, 5.565023 ], [ -4.08587945524846, 5.565175383773478 ], [ -4.086028, 5.565212 ], [ -4.086027989849669, 5.565212041107076 ], [ -4.08625194374082, 5.565267311410638 ], [ -4.087119, 5.565481 ], [ -4.087118980090219, 5.565481080654225 ], [ -4.087427, 5.565557 ], [ -4.086565, 5.569053 ], [ -4.084402, 5.576292 ], [ -4.08547, 5.57973 ], [ -4.092222, 5.583791 ], [ -4.093753, 5.583419 ], [ -4.095693481586413, 5.582927650527939 ], [ -4.096053, 5.582819 ], [ -4.096524, 5.582652 ], [ -4.097728, 5.586044 ], [ -4.097258, 5.586211 ], [ -4.0967, 5.586384 ], [ -4.096583409895394, 5.586413670288375 ], [ -4.096584, 5.586416 ], [ -4.096532979461313, 5.586428918914008 ], [ -4.096533, 5.586429 ], [ -4.094637, 5.586909 ], [ -4.088645, 5.593272 ], [ -4.083638, 5.599858 ], [ -4.08365, 5.603283 ], [ -4.086063, 5.611569 ], [ -4.088059, 5.613543 ], [ -4.090192, 5.615667 ], [ -4.090465, 5.616014 ], [ -4.090682, 5.61634 ], [ -4.090843, 5.616618 ], [ -4.091251, 5.617453 ], [ -4.091522, 5.618294 ], [ -4.092139, 5.620858 ], [ -4.091996, 5.623488 ], [ -4.090079, 5.624123 ], [ -4.088409, 5.623794 ], [ -4.086716974319522, 5.619275468920639 ], [ -4.083532, 5.614129 ], [ -4.083487295594971, 5.614086687803937 ], [ -4.083487, 5.614087 ], [ -4.081738, 5.612431 ], [ -4.081625300493397, 5.612306225546261 ], [ -4.081621, 5.61231 ], [ -4.081374, 5.612028 ], [ -4.080983, 5.611458 ], [ -4.080539, 5.610542 ], [ -4.0803, 5.60989 ], [ -4.080108, 5.609015 ], [ -4.077363, 5.602984 ], [ -4.075741406405601, 5.599139157975137 ], [ -4.075582, 5.598897 ], [ -4.075382, 5.598565 ], [ -4.075121, 5.597976 ], [ -4.075, 5.597506 ], [ -4.075308, 5.596154 ], [ -4.074744734631731, 5.588226235519873 ], [ -4.073482550176061, 5.587391848580141 ], [ -4.073238791981161, 5.587264033501512 ], [ -4.06522, 5.59026 ], [ -4.064785, 5.593102 ], [ -4.06436, 5.59588 ], [ -4.064299, 5.596367 ], [ -4.064265, 5.596992 ], [ -4.064156, 5.599503 ], [ -4.064046, 5.602019 ], [ -4.063933, 5.604475 ], [ -4.064149, 5.605715 ], [ -4.064668, 5.607142 ], [ -4.064011167179345, 5.608404063900862 ], [ -4.063893, 5.609545 ], [ -4.063303, 5.613242 ], [ -4.061754, 5.616492 ], [ -4.059924, 5.622251 ], [ -4.058054, 5.625634 ], [ -4.056485, 5.625106 ], [ -4.054709, 5.624304 ], [ -4.055271, 5.622688 ], [ -4.055539144888447, 5.621854065614916 ], [ -4.055539, 5.621854 ], [ -4.055813288912754, 5.620825416577174 ], [ -4.055890531220311, 5.616443380563597 ], [ -4.055808, 5.612717 ], [ -4.057339, 5.609458 ], [ -4.057371061240378, 5.609095634733094 ], [ -4.056015, 5.601232 ], [ -4.053431618375931, 5.598486829664173 ], [ -4.050438, 5.596685 ], [ -4.048973, 5.595119 ], [ -4.049033, 5.59343 ], [ -4.049223, 5.593321 ], [ -4.049816, 5.593104 ], [ -4.0551, 5.591015 ], [ -4.058164, 5.589124 ], [ -4.062757, 5.583059 ], [ -4.06348, 5.580759 ], [ -4.064289, 5.578174 ], [ -4.064866, 5.576109 ], [ -4.065506625596394, 5.573781924205232 ], [ -4.060448, 5.566948 ], [ -4.059615, 5.56627 ], [ -4.058883, 5.565501 ], [ -4.058137963815795, 5.564380373409531 ], [ -4.058015, 5.564403 ], [ -4.057913, 5.564042 ], [ -4.058781, 5.555662 ], [ -4.058396, 5.554335 ], [ -4.057863, 5.553093 ], [ -4.057025, 5.551644 ], [ -4.063452, 5.545755 ], [ -4.057175, 5.53945 ], [ -4.054031, 5.535533 ], [ -4.052105416373092, 5.533375183332461 ], [ -4.04916440676292, 5.531195564129925 ], [ -4.045355, 5.534736 ], [ -4.045039, 5.535477 ], [ -4.044345, 5.536606 ], [ -4.043765, 5.537409 ], [ -4.043098, 5.538279 ], [ -4.041926, 5.53933 ], [ -4.039414, 5.545497 ], [ -4.040391, 5.549541 ], [ -4.040795, 5.5513 ], [ -4.041266, 5.552574 ], [ -4.042154, 5.555034 ], [ -4.043908, 5.560077 ], [ -4.043881180171034, 5.56024803592111 ], [ -4.043908, 5.560329 ], [ -4.043232, 5.564388 ], [ -4.043626, 5.566681 ], [ -4.040434, 5.568344 ], [ -4.037944, 5.565228 ], [ -4.037661, 5.560196 ], [ -4.037486, 5.559054 ], [ -4.037356, 5.558175 ], [ -4.037593, 5.556763 ], [ -4.034735, 5.549389 ], [ -4.034324, 5.547659 ], [ -4.034881, 5.54343 ], [ -4.034913, 5.541896 ], [ -4.035624, 5.540166 ], [ -4.036817, 5.531289 ], [ -4.035696, 5.529099 ], [ -4.035684, 5.528939 ], [ -4.035766, 5.528455 ], [ -4.036172, 5.527678 ], [ -4.036434, 5.52737 ], [ -4.036806, 5.527062 ], [ -4.039825, 5.521235 ], [ -4.037873, 5.517314 ], [ -4.035437, 5.514097 ], [ -4.0284, 5.510784 ], [ -4.026651, 5.511962 ], [ -4.02166, 5.517727 ], [ -4.023335, 5.521537 ], [ -4.023254, 5.522014 ], [ -4.023156, 5.52259 ], [ -4.023038, 5.523077 ], [ -4.022625, 5.523504 ], [ -4.022182, 5.523892 ], [ -4.021792, 5.524233 ], [ -4.02139, 5.524584 ], [ -4.019097, 5.527927 ], [ -4.01242, 5.529983 ], [ -4.007074, 5.536421 ], [ -4.003492, 5.536061 ], [ -4.003024, 5.532887 ], [ -4.002905, 5.531782 ], [ -4.003449113276802, 5.530718433551047 ], [ -4.003251, 5.530581 ], [ -4.004273, 5.529108 ], [ -4.005148, 5.528271 ], [ -4.006476, 5.527108 ], [ -4.011339, 5.520562 ], [ -4.011937, 5.519353 ], [ -4.014888, 5.515003 ], [ -4.016636, 5.510133 ], [ -4.017412, 5.506179 ], [ -4.021162520396395, 5.502777913066342 ], [ -4.021195329098421, 5.502559105786208 ], [ -4.01922, 5.494437 ], [ -4.016714, 5.492828 ], [ -4.012527, 5.491893 ], [ -4.006381, 5.488384 ], [ -4.004637, 5.487724 ], [ -4.002871, 5.487151 ], [ -4.000948, 5.486505 ], [ -3.994896131174073, 5.486531192267099 ], [ -3.991655, 5.487928 ], [ -3.986845131690624, 5.486600882683094 ], [ -3.986423, 5.486504 ], [ -3.986110075803721, 5.486210100545214 ], [ -3.985488, 5.48573 ], [ -3.984595, 5.484717 ], [ -3.981718, 5.48132 ], [ -3.980816620392571, 5.480094187661529 ], [ -3.980205, 5.482876 ], [ -3.97971, 5.486766 ], [ -3.979697, 5.488088 ], [ -3.979546, 5.488927 ], [ -3.979441, 5.489182 ], [ -3.978981, 5.490292 ], [ -3.975584, 5.489101 ], [ -3.968863870972722, 5.487128788220255 ], [ -3.968720818854875, 5.487163571790705 ], [ -3.962588, 5.490568 ], [ -3.96232, 5.490863 ], [ -3.962319087489756, 5.49086217398848 ], [ -3.962258, 5.490929 ], [ -3.961919, 5.491267 ], [ -3.961557, 5.491599 ], [ -3.961134, 5.491941 ], [ -3.960735, 5.492229 ], [ -3.960729009465343, 5.492220700820758 ], [ -3.960536, 5.492354 ], [ -3.960028, 5.49263 ], [ -3.960027775592995, 5.492629586474221 ], [ -3.959968, 5.492662 ], [ -3.95916, 5.493066 ], [ -3.958218, 5.493438 ], [ -3.951818, 5.49578 ], [ -3.945604, 5.49902 ], [ -3.943723, 5.498677 ], [ -3.943643, 5.498624 ], [ -3.942501, 5.497196 ], [ -3.943081, 5.496209 ], [ -3.943523, 5.495507 ], [ -3.94399, 5.494876 ], [ -3.944078678073089, 5.494767381090369 ], [ -3.944077, 5.494766 ], [ -3.944368, 5.494413 ], [ -3.944988, 5.49379 ], [ -3.94508244889844, 5.493708227607778 ], [ -3.945081, 5.493704 ], [ -3.945517, 5.493332 ], [ -3.946039, 5.492929 ], [ -3.94908, 5.490834 ], [ -3.953543, 5.49072 ], [ -3.958626, 5.483871 ], [ -3.958804, 5.480276 ], [ -3.954907, 5.473666 ], [ -3.952787, 5.472505 ], [ -3.952787320289205, 5.472504415518484 ], [ -3.952657, 5.472433 ], [ -3.95051, 5.47128 ], [ -3.949649, 5.470878 ], [ -3.951174, 5.467616 ], [ -3.951912, 5.467955 ], [ -3.952035, 5.468019 ], [ -3.952356011881539, 5.468190672741343 ], [ -3.95238, 5.468148 ], [ -3.952420982418534, 5.468171031275874 ], [ -3.952421, 5.468171 ], [ -3.954421, 5.469295 ], [ -3.956636, 5.470508 ], [ -3.956736936506043, 5.470567108417939 ], [ -3.956737, 5.470567 ], [ -3.95674662630346, 5.470572637953379 ], [ -3.956747, 5.470572 ], [ -3.958454042417135, 5.471572613298934 ], [ -3.958582724777779, 5.471524876548875 ], [ -3.964167396459533, 5.465208400510055 ], [ -3.962989, 5.463591 ], [ -3.962966060178433, 5.463500766586868 ], [ -3.961474, 5.46188 ], [ -3.958594, 5.459721 ], [ -3.958648666364195, 5.458226893868534 ], [ -3.958547107309367, 5.454159323518765 ], [ -3.958108, 5.452242 ], [ -3.958251, 5.450535 ], [ -3.959043, 5.441843 ], [ -3.958961244550408, 5.441731646197817 ], [ -3.958958, 5.441734 ] ], [ [ -4.032021, 5.379296 ], [ -4.032025, 5.379839 ], [ -4.032001, 5.380042 ], [ -4.032000395144271, 5.380042728205436 ], [ -4.032, 5.380046 ], [ -4.028376864299677, 5.384408196916046 ], [ -4.027985, 5.385318 ], [ -4.027978379154682, 5.385321968484653 ], [ -4.025017259698102, 5.387991324916138 ], [ -4.022805467665162, 5.392868179455562 ], [ -4.022803380476145, 5.39365435398511 ], [ -4.024256818967417, 5.397622014261834 ], [ -4.026537, 5.402432 ], [ -4.027851, 5.403927 ], [ -4.027991, 5.404071 ], [ -4.027991241390719, 5.40407311537567 ], [ -4.028042, 5.404126 ], [ -4.028562, 5.404707 ], [ -4.028561997544181, 5.404707061475976 ], [ -4.028587, 5.404735 ], [ -4.028611221725129, 5.405255295238474 ], [ -4.029379, 5.405828 ], [ -4.029664, 5.406161 ], [ -4.029931007255184, 5.406489982875763 ], [ -4.035078, 5.409587 ], [ -4.035522, 5.409471 ], [ -4.03631, 5.409499 ], [ -4.03671, 5.409631 ], [ -4.037241362268648, 5.410769803784915 ], [ -4.038191, 5.410661 ], [ -4.039573, 5.410178 ], [ -4.040406, 5.410239 ], [ -4.040988, 5.410417 ], [ -4.041273722530941, 5.411071752113074 ], [ -4.041277, 5.411073 ], [ -4.041403, 5.411368 ], [ -4.041571, 5.412004 ], [ -4.041866953186418, 5.413075941692901 ], [ -4.042449, 5.413488 ], [ -4.042954, 5.413908 ], [ -4.042931, 5.4143 ], [ -4.043024075957201, 5.41557326437894 ], [ -4.043207906887127, 5.415760107320541 ], [ -4.047327, 5.418275 ], [ -4.049166496538681, 5.41867745887656 ], [ -4.052865, 5.418388 ], [ -4.053572, 5.418662 ], [ -4.054802056621181, 5.420089462284353 ], [ -4.056708, 5.420098 ], [ -4.056725, 5.420124 ], [ -4.058780380260183, 5.422256926378022 ], [ -4.058934378225159, 5.422332093555348 ], [ -4.059905, 5.422683 ], [ -4.062639, 5.423536 ], [ -4.062909, 5.42384 ], [ -4.065060226582623, 5.424020253875742 ], [ -4.070362839560313, 5.422099538024219 ], [ -4.070944683463746, 5.421527967448133 ], [ -4.073237, 5.418675 ], [ -4.074279, 5.416804 ], [ -4.07563, 5.414306 ], [ -4.075777362035782, 5.414063952855253 ], [ -4.075765, 5.414056 ], [ -4.076995, 5.411859 ], [ -4.077077754848775, 5.411710285067177 ], [ -4.077072, 5.411707 ], [ -4.078217, 5.409663 ], [ -4.07860884212732, 5.409022297399208 ], [ -4.079299, 5.407741 ], [ -4.079986205899986, 5.406506432961868 ], [ -4.081079407018642, 5.403865452791041 ], [ -4.081508269121934, 5.401745149068199 ], [ -4.08082517839394, 5.398264122492327 ], [ -4.08067153524826, 5.397668840407954 ], [ -4.079683, 5.394914 ], [ -4.074322, 5.389193 ], [ -4.073725, 5.388652 ], [ -4.073645, 5.388539 ], [ -4.073646899262416, 5.388505323005026 ], [ -4.073397, 5.388036 ], [ -4.073347, 5.387878 ], [ -4.073351990640662, 5.387841559567659 ], [ -4.073272, 5.387496 ], [ -4.073245, 5.387036 ], [ -4.073259, 5.386578 ], [ -4.073327814601289, 5.386022332000728 ], [ -4.072773, 5.385325 ], [ -4.072761, 5.385263 ], [ -4.07276092371804, 5.385260593162876 ], [ -4.072746, 5.385181 ], [ -4.072745959402806, 5.385179656790083 ], [ -4.072717, 5.385024 ], [ -4.072737700844195, 5.38490641185284 ], [ -4.072721709636436, 5.384377322363185 ], [ -4.072263, 5.383503 ], [ -4.072253220592036, 5.383356450611082 ], [ -4.072253, 5.383356 ], [ -4.072225154500313, 5.382937373589447 ], [ -4.072225, 5.382937 ], [ -4.072194, 5.382469 ], [ -4.07221866940585, 5.381993470207088 ], [ -4.072157, 5.381783 ], [ -4.072152, 5.381605 ], [ -4.072164555182894, 5.381195294840569 ], [ -4.072139, 5.381144 ], [ -4.072135252054812, 5.380968423183101 ], [ -4.072135, 5.380968 ], [ -4.072122382960337, 5.380370411121369 ], [ -4.072036, 5.379308 ], [ -4.07202, 5.37919 ], [ -4.069912108920205, 5.37436827009058 ], [ -4.068661326443408, 5.373116074034039 ], [ -4.062029510588986, 5.37352164374654 ], [ -4.059832, 5.374759 ], [ -4.059598, 5.374948 ], [ -4.055289, 5.381467 ], [ -4.056722, 5.384769 ], [ -4.056023, 5.38554 ], [ -4.054171, 5.388627 ], [ -4.051028, 5.387355 ], [ -4.04942, 5.384134 ], [ -4.050541, 5.378588 ], [ -4.050603288418604, 5.378041337168302 ], [ -4.050556, 5.378033 ], [ -4.050362, 5.373558 ], [ -4.050368136244176, 5.373249383013522 ], [ -4.050351, 5.373248 ], [ -4.050379, 5.372703 ], [ -4.05046, 5.369513 ], [ -4.045681990888712, 5.36463084876944 ], [ -4.042407539717996, 5.363795956174108 ], [ -4.041088294644998, 5.363661912037928 ], [ -4.039665793205304, 5.363783532832015 ], [ -4.03823812602517, 5.363962773713005 ], [ -4.0374685255007, 5.364803076850619 ], [ -4.03697543738221, 5.365398312102259 ], [ -4.033143, 5.37145 ], [ -4.033195, 5.37177 ], [ -4.033253, 5.372504 ], [ -4.033252912856501, 5.372504084586454 ], [ -4.033269, 5.372708 ], [ -4.033089006915429, 5.372875618761937 ], [ -4.032316136888113, 5.375123532776593 ], [ -4.032313430874282, 5.375183831907682 ], [ -4.032329, 5.375249 ], [ -4.032187622310042, 5.375497321008666 ], [ -4.032138837541895, 5.375639212866474 ], [ -4.032153, 5.375857 ], [ -4.032091053945422, 5.375969645419133 ], [ -4.032021, 5.379296 ] ], [ [ -3.980311915992565, 5.461527128261014 ], [ -3.977994060301695, 5.466565585361209 ], [ -3.97812, 5.467901 ], [ -3.977880776868623, 5.468264264755054 ], [ -3.977948558498933, 5.47285526935293 ], [ -3.97858, 5.475672 ], [ -3.979264, 5.476014 ], [ -3.979533, 5.476212 ], [ -3.979933, 5.476564 ], [ -3.98044, 5.477131 ], [ -3.981272, 5.478023 ], [ -3.981076327423066, 5.478912970961444 ], [ -3.981722, 5.478081 ], [ -3.982218, 5.478024 ], [ -3.982553804423748, 5.478026469150175 ], [ -3.982566, 5.478018 ], [ -3.983578, 5.478034 ], [ -3.984586, 5.478096 ], [ -3.986366, 5.479092 ], [ -3.987212707862067, 5.479561217273562 ], [ -3.987217, 5.479554 ], [ -3.993588, 5.478974 ], [ -3.996763, 5.477277 ], [ -4.000714, 5.476874 ], [ -4.001131, 5.477193 ], [ -4.0076029228412, 5.473233301294234 ], [ -4.007669921781106, 5.4728029766745 ], [ -4.00734, 5.472306 ], [ -4.007257, 5.472057 ], [ -4.002018721703531, 5.466019357840801 ], [ -3.997054, 5.465027 ], [ -3.996948784158985, 5.465000885666648 ], [ -3.996948, 5.465004 ], [ -3.996083, 5.464786 ], [ -3.995725951077245, 5.46461650472611 ], [ -3.995687739071228, 5.464616243923998 ], [ -3.99568, 5.464631 ], [ -3.994956, 5.464251 ], [ -3.989656, 5.461315 ], [ -3.983166904202361, 5.459423109810992 ], [ -3.981156, 5.460531 ], [ -3.980693, 5.460972 ], [ -3.980311915992565, 5.461527128261014 ] ] ], [ [ [ -7.448247, 4.711084 ], [ -7.441602, 4.709665 ], [ -7.441362, 4.70963 ], [ -7.44117, 4.709596 ], [ -7.440796, 4.709472 ], [ -7.440447, 4.709355 ], [ -7.440202, 4.709232 ], [ -7.439982, 4.70912 ], [ -7.439642, 4.708887 ], [ -7.439322, 4.708667 ], [ -7.43608, 4.706649 ], [ -7.435062, 4.706109 ], [ -7.433599, 4.705374 ], [ -7.432556, 4.704865 ], [ -7.431524, 4.70436 ], [ -7.429967, 4.703612 ], [ -7.427009, 4.702353 ], [ -7.426047, 4.701781 ], [ -7.425116, 4.701223 ], [ -7.424952, 4.701109 ], [ -7.424799, 4.701002 ], [ -7.424546, 4.700796 ], [ -7.424305, 4.700597 ], [ -7.419433, 4.69672 ], [ -7.418873, 4.696452 ], [ -7.417803, 4.69597 ], [ -7.417242, 4.695739 ], [ -7.416871, 4.695468 ], [ -7.416539, 4.695219 ], [ -7.4161, 4.694814 ], [ -7.412817, 4.693285 ], [ -7.405657, 4.696816 ], [ -7.405394, 4.697262 ], [ -7.404957, 4.698058 ], [ -7.404774, 4.698426 ], [ -7.404301, 4.69929 ], [ -7.403812, 4.700178 ], [ -7.402897, 4.701504 ], [ -7.402495, 4.702172 ], [ -7.402227, 4.702561 ], [ -7.401946, 4.702967 ], [ -7.39887, 4.709522 ], [ -7.398811, 4.709756 ], [ -7.398746, 4.710008 ], [ -7.398551, 4.710533 ], [ -7.398352, 4.711068 ], [ -7.398245, 4.711313 ], [ -7.398115, 4.711596 ], [ -7.396764, 4.715212 ], [ -7.396657, 4.715448 ], [ -7.396535, 4.715707 ], [ -7.396327, 4.716021 ], [ -7.396114, 4.716341 ], [ -7.395855, 4.716701 ], [ -7.39558, 4.71708 ], [ -7.393798, 4.719652 ], [ -7.393342, 4.720548 ], [ -7.393009, 4.721276 ], [ -7.392671, 4.722014 ], [ -7.392551, 4.722236 ], [ -7.39242, 4.722477 ], [ -7.391896, 4.723214 ], [ -7.391202, 4.724319 ], [ -7.393691, 4.732105 ], [ -7.393648, 4.732462 ], [ -7.391494, 4.73269 ], [ -7.38268, 4.733346 ], [ -7.382303, 4.733355 ], [ -7.381598, 4.733288 ], [ -7.380893, 4.733222 ], [ -7.380927, 4.732863 ], [ -7.38654, 4.729152 ], [ -7.391063, 4.72377 ], [ -7.393014, 4.720399 ], [ -7.393478, 4.719488 ], [ -7.393938, 4.718585 ], [ -7.396651, 4.712415 ], [ -7.39675, 4.712163 ], [ -7.398873, 4.706065 ], [ -7.398985, 4.705763 ], [ -7.399159, 4.705431 ], [ -7.399326, 4.705117 ], [ -7.399468, 4.704927 ], [ -7.399594, 4.704762 ], [ -7.399815, 4.704544 ], [ -7.400018, 4.704346 ], [ -7.402589, 4.701319 ], [ -7.402984, 4.700661 ], [ -7.403985, 4.699117 ], [ -7.404458, 4.698253 ], [ -7.404635, 4.697898 ], [ -7.404814, 4.697536 ], [ -7.405084, 4.697079 ], [ -7.405347, 4.696633 ], [ -7.405695, 4.696021 ], [ -7.406186, 4.694936 ], [ -7.406439, 4.693876 ], [ -7.401283, 4.687355 ], [ -7.400959, 4.687198 ], [ -7.396244, 4.680242 ], [ -7.396114, 4.680104 ], [ -7.395964, 4.679941 ], [ -7.395261, 4.678986 ], [ -7.394404, 4.677836 ], [ -7.392517, 4.675538 ], [ -7.391477, 4.674376 ], [ -7.388743, 4.67194 ], [ -7.381584, 4.668528 ], [ -7.381304, 4.668363 ], [ -7.381134, 4.668146 ], [ -7.377845, 4.664691 ], [ -7.373148, 4.662668 ], [ -7.37299, 4.662562 ], [ -7.372792, 4.662418 ], [ -7.365759, 4.658504 ], [ -7.359511, 4.657013 ], [ -7.352123, 4.657245 ], [ -7.351847, 4.657015 ], [ -7.353459, 4.650814 ], [ -7.353774, 4.650639 ], [ -7.353939, 4.650936 ], [ -7.354082, 4.651312 ], [ -7.354213, 4.651663 ], [ -7.361498, 4.656622 ], [ -7.361817, 4.656679 ], [ -7.362098, 4.656734 ], [ -7.362576, 4.656872 ], [ -7.363037, 4.657006 ], [ -7.365895, 4.658171 ], [ -7.368735, 4.659329 ], [ -7.369909, 4.659796 ], [ -7.371085, 4.660264 ], [ -7.375046, 4.662398 ], [ -7.375498, 4.662596 ], [ -7.375895, 4.662778 ], [ -7.376165, 4.662928 ], [ -7.376422, 4.663071 ], [ -7.376642, 4.663227 ], [ -7.376845, 4.663372 ], [ -7.377256, 4.663747 ], [ -7.378798, 4.664911 ], [ -7.379127, 4.665125 ], [ -7.379535, 4.665431 ], [ -7.379932, 4.665729 ], [ -7.380473, 4.666221 ], [ -7.385016, 4.66874 ], [ -7.385304, 4.66884 ], [ -7.385579, 4.668935 ], [ -7.385853, 4.669096 ], [ -7.386092, 4.669242 ], [ -7.386267, 4.66937 ], [ -7.386427, 4.66949 ], [ -7.388977, 4.671666 ], [ -7.391317, 4.673661 ], [ -7.397641, 4.6675 ], [ -7.397611, 4.666495 ], [ -7.396572, 4.662803 ], [ -7.396494, 4.662546 ], [ -7.396585, 4.662274 ], [ -7.396681, 4.661991 ], [ -7.396959, 4.661326 ], [ -7.397852, 4.657029 ], [ -7.397825, 4.654802 ], [ -7.397851, 4.654403 ], [ -7.397912, 4.654194 ], [ -7.39798, 4.653961 ], [ -7.398118, 4.65365 ], [ -7.396426, 4.645729 ], [ -7.394712, 4.644578 ], [ -7.393885, 4.644159 ], [ -7.393633, 4.643985 ], [ -7.393184, 4.643568 ], [ -7.393087, 4.643397 ], [ -7.39297, 4.643175 ], [ -7.392882, 4.642779 ], [ -7.392791, 4.642335 ], [ -7.392809, 4.641977 ], [ -7.392826, 4.639045 ], [ -7.393131, 4.638852 ], [ -7.393407, 4.639289 ], [ -7.398587, 4.646206 ], [ -7.398813, 4.646479 ], [ -7.399008, 4.646722 ], [ -7.39923, 4.647115 ], [ -7.399435, 4.647484 ], [ -7.399716, 4.648043 ], [ -7.399993, 4.648595 ], [ -7.400361, 4.649327 ], [ -7.400447, 4.649556 ], [ -7.400519, 4.649756 ], [ -7.400509, 4.650006 ], [ -7.400245, 4.650671 ], [ -7.39824, 4.65924 ], [ -7.397929, 4.66289 ], [ -7.397939, 4.664214 ], [ -7.397941, 4.665485 ], [ -7.397971, 4.666485 ], [ -7.398001, 4.667489 ], [ -7.398032, 4.670802 ], [ -7.398063, 4.674111 ], [ -7.403393, 4.681152 ], [ -7.403753, 4.681158 ], [ -7.406143, 4.68147 ], [ -7.409255, 4.683278 ], [ -7.409747, 4.683512 ], [ -7.410458, 4.68408 ], [ -7.411604, 4.692011 ], [ -7.414292, 4.693229 ], [ -7.415089, 4.693681 ], [ -7.415919, 4.694157 ], [ -7.420468, 4.696581 ], [ -7.420805, 4.696775 ], [ -7.421164, 4.696985 ], [ -7.4221, 4.697722 ], [ -7.423064, 4.698488 ], [ -7.430123, 4.703287 ], [ -7.431682, 4.704037 ], [ -7.432715, 4.704541 ], [ -7.43442, 4.705325 ], [ -7.434828, 4.705559 ], [ -7.436249, 4.706331 ], [ -7.443112, 4.709118 ], [ -7.445733, 4.709929 ], [ -7.448353, 4.71074 ], [ -7.450973, 4.711551 ], [ -7.458595, 4.713505 ], [ -7.458617, 4.713865 ], [ -7.457993, 4.713904 ], [ -7.457369, 4.713943 ], [ -7.457027, 4.713919 ], [ -7.456699, 4.713843 ], [ -7.456398, 4.713771 ], [ -7.454928, 4.713234 ], [ -7.450867, 4.711895 ], [ -7.448247, 4.711084 ] ] ], [ [ [ -6.726014, 4.773837 ], [ -6.72614657155549, 4.774230815503073 ], [ -6.727711, 4.776515 ], [ -6.728131, 4.776998 ], [ -6.729034, 4.778372 ], [ -6.729325, 4.779036 ], [ -6.729462, 4.77956 ], [ -6.729557, 4.780236 ], [ -6.729624, 4.780907 ], [ -6.72959746934786, 4.780909658990542 ], [ -6.729622, 4.781318 ], [ -6.729547, 4.781878 ], [ -6.729607, 4.786738 ], [ -6.729711, 4.787496 ], [ -6.729728, 4.787833 ], [ -6.729398, 4.788674 ], [ -6.72632, 4.788923 ], [ -6.725151793546972, 4.788259799461562 ], [ -6.724335832598079, 4.788202764183351 ], [ -6.718125, 4.792853 ], [ -6.719332, 4.796244 ], [ -6.718569, 4.803768 ], [ -6.718633, 4.805159 ], [ -6.718253, 4.808148 ], [ -6.718156, 4.808725 ], [ -6.717509, 4.81422 ], [ -6.717364, 4.81491 ], [ -6.716693, 4.816686 ], [ -6.713212, 4.815769 ], [ -6.712817, 4.812181 ], [ -6.712742, 4.81129 ], [ -6.712922, 4.810391 ], [ -6.713167, 4.809659 ], [ -6.713325631849516, 4.809347321929472 ], [ -6.713313, 4.80934 ], [ -6.713451, 4.809101 ], [ -6.714604, 4.806485 ], [ -6.714712, 4.805632 ], [ -6.713748, 4.801211 ], [ -6.708098785988726, 4.800705376217727 ], [ -6.705265, 4.801478 ], [ -6.701689285761707, 4.802503918011322 ], [ -6.701683, 4.802508 ], [ -6.701670437327352, 4.802501968212891 ], [ -6.701348, 4.802694 ], [ -6.701075, 4.802864 ], [ -6.700266802479153, 4.801828033070175 ], [ -6.699619, 4.801517 ], [ -6.698535, 4.79916 ], [ -6.697577267707314, 4.79729037559274 ], [ -6.69742, 4.797091 ], [ -6.697400091683209, 4.797029179437334 ], [ -6.697393, 4.79702 ], [ -6.697306, 4.796737 ], [ -6.697095, 4.796102 ], [ -6.697539, 4.795223 ], [ -6.69819, 4.789473 ], [ -6.694635860179551, 4.785991090749398 ], [ -6.690289, 4.784659 ], [ -6.689725, 4.784525 ], [ -6.687265, 4.784399 ], [ -6.682745, 4.784421 ], [ -6.676885, 4.791035 ], [ -6.679053, 4.794744 ], [ -6.681738, 4.797006 ], [ -6.682078, 4.797314 ], [ -6.682765, 4.798431 ], [ -6.683653, 4.801424 ], [ -6.683917, 4.802408 ], [ -6.686139, 4.806965 ], [ -6.686553, 4.807354 ], [ -6.686791, 4.807667 ], [ -6.686969, 4.807942 ], [ -6.686968597909607, 4.807942276759892 ], [ -6.686971, 4.807946 ], [ -6.686951324130497, 4.807959506259365 ], [ -6.687167, 4.808353 ], [ -6.687236, 4.80856 ], [ -6.687229981332235, 4.808562609746347 ], [ -6.687295, 4.808779 ], [ -6.687385, 4.809229 ], [ -6.687257068711205, 4.809256006423112 ], [ -6.687156, 4.810527 ], [ -6.686211, 4.812672 ], [ -6.685835, 4.813278 ], [ -6.684414, 4.815454 ], [ -6.681201, 4.813831 ], [ -6.680461, 4.805989 ], [ -6.680298, 4.804532 ], [ -6.675046, 4.797875 ], [ -6.668455254406011, 4.798503921787451 ], [ -6.665667, 4.799353 ], [ -6.664951, 4.800034 ], [ -6.663235, 4.802167 ], [ -6.660719924035072, 4.805227486515865 ], [ -6.659188844431204, 4.809882592759587 ], [ -6.659361, 4.811071 ], [ -6.665707, 4.817317 ], [ -6.668898, 4.815649 ], [ -6.668930931904065, 4.815712035595118 ], [ -6.668931, 4.815712 ], [ -6.669585, 4.816964 ], [ -6.670791, 4.819895 ], [ -6.670894, 4.820227 ], [ -6.670823, 4.821365 ], [ -6.67406, 4.828953 ], [ -6.67446, 4.829373 ], [ -6.672599347975289, 4.831571638861453 ], [ -6.672651, 4.831907 ], [ -6.671321, 4.832835 ], [ -6.670389, 4.833248 ], [ -6.669873, 4.833487 ], [ -6.669796905683154, 4.833518326872288 ], [ -6.669797, 4.83352 ], [ -6.669137, 4.83379 ], [ -6.664109928143978, 4.837233414692808 ], [ -6.662119, 4.84156 ], [ -6.659353, 4.843863 ], [ -6.657936, 4.84243 ], [ -6.657494, 4.841836 ], [ -6.656119, 4.838718 ], [ -6.655504, 4.837591 ], [ -6.655503, 4.836954 ], [ -6.655568, 4.834628 ], [ -6.65552, 4.833806 ], [ -6.655759, 4.833006 ], [ -6.656056, 4.832322 ], [ -6.656379, 4.831809 ], [ -6.65777, 4.826266 ], [ -6.655963, 4.821531 ], [ -6.655648, 4.821147 ], [ -6.654146, 4.819587 ], [ -6.653092, 4.818307 ], [ -6.644417, 4.819364 ], [ -6.643638, 4.821174 ], [ -6.642831, 4.823216 ], [ -6.642302, 4.824685 ], [ -6.641482, 4.829442 ], [ -6.641471, 4.830112 ], [ -6.641384, 4.830739 ], [ -6.641214, 4.831339 ], [ -6.64081, 4.832303 ], [ -6.64035, 4.833004 ], [ -6.636961, 4.838326 ], [ -6.63667, 4.838875 ], [ -6.636364, 4.839323 ], [ -6.635933, 4.83982 ], [ -6.633207, 4.842971 ], [ -6.631019, 4.84795 ], [ -6.631690656073644, 4.85649948237536 ], [ -6.634562, 4.859421 ], [ -6.637492, 4.861512 ], [ -6.635151, 4.865977 ], [ -6.631579, 4.866425 ], [ -6.630181, 4.863472 ], [ -6.629889, 4.863126 ], [ -6.629568, 4.862597 ], [ -6.629276, 4.86191 ], [ -6.620425, 4.861992 ], [ -6.620178, 4.862592 ], [ -6.619579, 4.864585 ], [ -6.619361, 4.865121 ], [ -6.619103, 4.865604 ], [ -6.618931, 4.865858 ], [ -6.618507, 4.866356 ], [ -6.618195, 4.866631 ], [ -6.617749, 4.866974 ], [ -6.617094, 4.86734 ], [ -6.611998, 4.874016 ], [ -6.612499395647116, 4.882438669513951 ], [ -6.614053, 4.883582 ], [ -6.615011, 4.884016 ], [ -6.615818, 4.884337 ], [ -6.616582, 4.884596 ], [ -6.617342, 4.884946 ], [ -6.617784, 4.885167 ], [ -6.619184, 4.885991 ], [ -6.619882, 4.88639 ], [ -6.621494, 4.887213 ], [ -6.621893, 4.887491 ], [ -6.6231, 4.888255 ], [ -6.624475, 4.88897 ], [ -6.625278, 4.889348 ], [ -6.626477, 4.890091 ], [ -6.624579, 4.893151 ], [ -6.622635, 4.892128 ], [ -6.621797, 4.891668 ], [ -6.62097, 4.891214 ], [ -6.620766492830458, 4.89108508798513 ], [ -6.62076, 4.891095 ], [ -6.620127, 4.89068 ], [ -6.618273, 4.88961 ], [ -6.617407, 4.889122 ], [ -6.61657, 4.888698 ], [ -6.614196, 4.887656 ], [ -6.613664, 4.887442 ], [ -6.613083, 4.887147 ], [ -6.611546, 4.886485 ], [ -6.611429923832407, 4.886441603742815 ], [ -6.611429, 4.886444 ], [ -6.611428129856546, 4.886443663435079 ], [ -6.611428, 4.886444 ], [ -6.611217, 4.886362 ], [ -6.610742, 4.886109 ], [ -6.610519479118448, 4.885936028302599 ], [ -6.610512, 4.885945 ], [ -6.610248, 4.885725 ], [ -6.610014625641499, 4.885537631909989 ], [ -6.603677998186823, 4.885328104148462 ], [ -6.600574, 4.88561 ], [ -6.595312, 4.891532 ], [ -6.593235, 4.896289 ], [ -6.593021, 4.897259 ], [ -6.592475, 4.901905 ], [ -6.593433, 4.907089 ], [ -6.590417, 4.909055 ], [ -6.589898, 4.908283 ], [ -6.589794719948258, 4.908118200960917 ], [ -6.58979, 4.908121 ], [ -6.589668, 4.907916 ], [ -6.589432, 4.907416 ], [ -6.588675, 4.905663 ], [ -6.588478, 4.905182 ], [ -6.588396, 4.904344 ], [ -6.581724586054829, 4.899538696047407 ], [ -6.579385250040124, 4.901294319862791 ], [ -6.576708, 4.903367 ], [ -6.575543, 4.904995 ], [ -6.575541641955954, 4.904994027516119 ], [ -6.575318, 4.905306 ], [ -6.571725, 4.913524 ], [ -6.57165, 4.914255 ], [ -6.571489, 4.914893 ], [ -6.571245, 4.91549 ], [ -6.570927, 4.916075 ], [ -6.570603, 4.916539 ], [ -6.570104, 4.917166 ], [ -6.568417201255362, 4.91929445867139 ], [ -6.566937, 4.92775 ], [ -6.566899059083426, 4.927817668082441 ], [ -6.566899, 4.927818 ], [ -6.565445, 4.930411 ], [ -6.564724, 4.931537 ], [ -6.564279, 4.931859 ], [ -6.558069, 4.938301 ], [ -6.554654, 4.944082 ], [ -6.553408969581853, 4.951122097214864 ], [ -6.553886, 4.954136 ], [ -6.554536, 4.956297 ], [ -6.551088, 4.957333 ], [ -6.550439, 4.955172 ], [ -6.549789, 4.953011 ], [ -6.549775610880884, 4.952961834578731 ], [ -6.549775, 4.952962 ], [ -6.549603, 4.952328 ], [ -6.549519, 4.951718 ], [ -6.549501, 4.951235 ], [ -6.549595, 4.949516 ], [ -6.549753, 4.947618 ], [ -6.549838, 4.94684 ], [ -6.549981, 4.946195 ], [ -6.55217, 4.937908 ], [ -6.553361, 4.93314 ], [ -6.554043761765755, 4.931484168316123 ], [ -6.5541, 4.931292 ], [ -6.555819, 4.926031 ], [ -6.555891, 4.925817 ], [ -6.555893, 4.925811 ], [ -6.55609, 4.925221 ], [ -6.556090264602377, 4.925220787657968 ], [ -6.556143, 4.925063 ], [ -6.559938, 4.922133 ], [ -6.560298, 4.921653 ], [ -6.56061797550367, 4.916728159639172 ], [ -6.560324, 4.912554 ], [ -6.559941, 4.912261 ], [ -6.559462, 4.911871 ], [ -6.55888, 4.911475 ], [ -6.558568, 4.911215 ], [ -6.558287, 4.91092 ], [ -6.557459, 4.90993 ], [ -6.557182, 4.909539 ], [ -6.556945, 4.908924 ], [ -6.556882, 4.908268 ], [ -6.556898, 4.908054 ], [ -6.559815818485988, 4.907678638920348 ], [ -6.560035, 4.90743 ], [ -6.560393, 4.907745 ], [ -6.568745, 4.907949 ], [ -6.567946, 4.900212 ], [ -6.567785, 4.900063 ], [ -6.567787478658439, 4.900060263618584 ], [ -6.567689, 4.899966 ], [ -6.567379, 4.899631 ], [ -6.570022, 4.897187 ], [ -6.577205, 4.89667 ], [ -6.579456, 4.88868 ], [ -6.579198, 4.887872 ], [ -6.579199, 4.887239 ], [ -6.579199, 4.887153 ], [ -6.581803, 4.885129 ], [ -6.582734, 4.876223 ], [ -6.582163, 4.876037 ], [ -6.581781, 4.875817 ], [ -6.581682, 4.875745 ], [ -6.583557, 4.872718 ], [ -6.583768, 4.872728 ], [ -6.585599, 4.87288 ], [ -6.586084, 4.872946 ], [ -6.586748, 4.873174 ], [ -6.587519, 4.873847 ], [ -6.588658, 4.875199 ], [ -6.589029, 4.875628 ], [ -6.592288, 4.878471 ], [ -6.592796, 4.878734 ], [ -6.593303, 4.87918 ], [ -6.601922, 4.879125 ], [ -6.603388, 4.877595 ], [ -6.605555, 4.875255 ], [ -6.610318, 4.868018 ], [ -6.610511, 4.867547 ], [ -6.610839, 4.866949 ], [ -6.611113, 4.866548 ], [ -6.61154, 4.866058 ], [ -6.61194, 4.865698 ], [ -6.617439, 4.859898 ], [ -6.617959, 4.858906 ], [ -6.6202, 4.855852 ], [ -6.620506, 4.855446 ], [ -6.621866, 4.853349 ], [ -6.622083, 4.852973 ], [ -6.62234, 4.852593 ], [ -6.622811, 4.851985 ], [ -6.623323, 4.851358 ], [ -6.625463, 4.849345 ], [ -6.628319, 4.844247 ], [ -6.628799, 4.843091 ], [ -6.629248, 4.842332 ], [ -6.630273, 4.840884 ], [ -6.631211, 4.839507 ], [ -6.631673, 4.838925 ], [ -6.633913, 4.834755 ], [ -6.634124, 4.834028 ], [ -6.634432, 4.833397 ], [ -6.634855, 4.832757 ], [ -6.63535, 4.832196 ], [ -6.637598, 4.827459 ], [ -6.630969, 4.822191 ], [ -6.630056, 4.822227 ], [ -6.628243, 4.822124 ], [ -6.626648, 4.822021 ], [ -6.626093, 4.822054 ], [ -6.623958, 4.822548 ], [ -6.621331, 4.823428 ], [ -6.618782, 4.824281 ], [ -6.616867, 4.825134 ], [ -6.616136, 4.825583 ], [ -6.615437, 4.826045 ], [ -6.613728, 4.827464 ], [ -6.611912, 4.828966 ], [ -6.610343, 4.830077 ], [ -6.609196, 4.830977 ], [ -6.608714, 4.831323 ], [ -6.608119, 4.831677 ], [ -6.607183, 4.832122 ], [ -6.606902, 4.832225 ], [ -6.60394, 4.833437 ], [ -6.602743, 4.833958 ], [ -6.602088, 4.834174 ], [ -6.601383, 4.834332 ], [ -6.59377, 4.83696 ], [ -6.593247, 4.837288 ], [ -6.592737, 4.837515 ], [ -6.591995, 4.837734 ], [ -6.591226, 4.837813 ], [ -6.585764220885125, 4.838339293820209 ], [ -6.579771, 4.84145 ], [ -6.579407, 4.841786 ], [ -6.576904, 4.843843 ], [ -6.576383, 4.84418 ], [ -6.575827, 4.844465 ], [ -6.574634, 4.844945 ], [ -6.574005, 4.845112 ], [ -6.573352, 4.845265 ], [ -6.573349506400888, 4.845260869533211 ], [ -6.573164, 4.845303 ], [ -6.572298, 4.845425 ], [ -6.564755, 4.84779 ], [ -6.556333, 4.848489 ], [ -6.553799, 4.849332 ], [ -6.552283, 4.846066 ], [ -6.552755, 4.845847 ], [ -6.553286, 4.845639 ], [ -6.560056871977393, 4.842826600887524 ], [ -6.563553, 4.84047 ], [ -6.56627536729811, 4.840361464373307 ], [ -6.571184, 4.838297 ], [ -6.571385, 4.838293 ], [ -6.578941150588964, 4.836718020720911 ], [ -6.579050452491071, 4.836541684880768 ], [ -6.579183, 4.830007 ], [ -6.579813, 4.826463 ], [ -6.580007, 4.826497 ], [ -6.580528, 4.826659 ], [ -6.584279, 4.827858 ], [ -6.58475, 4.828109 ], [ -6.584973, 4.828265 ], [ -6.585327, 4.828599 ], [ -6.585574, 4.828948 ], [ -6.591361731063957, 4.83065826212121 ], [ -6.594546, 4.831077 ], [ -6.595145, 4.830794 ], [ -6.596009, 4.830523 ], [ -6.596933, 4.830427 ], [ -6.597771, 4.830488 ], [ -6.605538, 4.828893 ], [ -6.608119, 4.827247 ], [ -6.609827, 4.826031 ], [ -6.613843, 4.819157 ], [ -6.613998, 4.814329 ], [ -6.61415, 4.814188 ], [ -6.616539, 4.811779 ], [ -6.616804, 4.812011 ], [ -6.617244, 4.812427 ], [ -6.617605, 4.813176 ], [ -6.617825, 4.813829 ], [ -6.617899057698894, 4.813993747741511 ], [ -6.617903, 4.813992 ], [ -6.623324352129446, 4.817114882648416 ], [ -6.626418, 4.818428 ], [ -6.628447, 4.81853 ], [ -6.635709, 4.814344 ], [ -6.636225, 4.813809 ], [ -6.636835, 4.813321 ], [ -6.637844, 4.812795 ], [ -6.642585, 4.80572 ], [ -6.643157, 4.803339 ], [ -6.643977, 4.799986 ], [ -6.644744, 4.796879 ], [ -6.640386, 4.789304 ], [ -6.639856, 4.789212 ], [ -6.639596, 4.78913 ], [ -6.638721, 4.788833 ], [ -6.636949, 4.788166 ], [ -6.635301, 4.787634 ], [ -6.629025, 4.786727 ], [ -6.628589, 4.785983 ], [ -6.621448, 4.781179 ], [ -6.619768, 4.780802 ], [ -6.615627, 4.780752 ], [ -6.61454, 4.780859 ], [ -6.606094, 4.781306 ], [ -6.604986, 4.781577 ], [ -6.604809, 4.781601 ], [ -6.60480846664784, 4.781597174244564 ], [ -6.604634, 4.781617 ], [ -6.603741, 4.781654 ], [ -6.601877, 4.781637 ], [ -6.601371, 4.781482 ], [ -6.600797, 4.781138 ], [ -6.596101, 4.777893 ], [ -6.595419, 4.777449 ], [ -6.596915, 4.774174 ], [ -6.597275, 4.774339 ], [ -6.600462, 4.775458 ], [ -6.60112, 4.775729 ], [ -6.60718, 4.776442 ], [ -6.607602318307104, 4.776363466424865 ], [ -6.607597, 4.776333 ], [ -6.607601051066046, 4.776332293092665 ], [ -6.607601, 4.776332 ], [ -6.607633071055615, 4.776326407163596 ], [ -6.607633, 4.776326 ], [ -6.610342, 4.775854 ], [ -6.611209, 4.775865 ], [ -6.611380931715507, 4.775893090252111 ], [ -6.611382, 4.775887 ], [ -6.611385880839877, 4.775887679327651 ], [ -6.611386, 4.775887 ], [ -6.611919, 4.775981 ], [ -6.617954, 4.775606 ], [ -6.618664, 4.775468 ], [ -6.619368, 4.775511 ], [ -6.620095, 4.775761 ], [ -6.624582, 4.777534 ], [ -6.625603, 4.777653 ], [ -6.633584, 4.774851 ], [ -6.636611, 4.777642 ], [ -6.642772, 4.772131 ], [ -6.642726, 4.770146 ], [ -6.640211, 4.765555 ], [ -6.639879321492395, 4.765326440497603 ], [ -6.639199, 4.764859 ], [ -6.639166574639916, 4.764835286979355 ], [ -6.639156, 4.764828 ], [ -6.634631, 4.761724 ], [ -6.634392182862443, 4.761554645762171 ], [ -6.634019, 4.761302 ], [ -6.633894154689405, 4.761201475204456 ], [ -6.633854, 4.761173 ], [ -6.633839061748079, 4.761157114654297 ], [ -6.633788, 4.761116 ], [ -6.633661485741223, 4.760968280226257 ], [ -6.633507, 4.760804 ], [ -6.632312093791719, 4.759698898851214 ], [ -6.630011, 4.757639 ], [ -6.629850526548669, 4.757537469026547 ], [ -6.629681, 4.757445 ], [ -6.628084621800976, 4.756465567962103 ], [ -6.62699964820905, 4.755812939907565 ], [ -6.62027, 4.755794 ], [ -6.619781, 4.755945 ], [ -6.61926, 4.756062 ], [ -6.61856, 4.756168 ], [ -6.617865, 4.756178 ], [ -6.617167, 4.756098 ], [ -6.616243, 4.755879 ], [ -6.615024, 4.755462 ], [ -6.614391, 4.75505 ], [ -6.61397, 4.754566 ], [ -6.608329, 4.749761 ], [ -6.607792, 4.749418 ], [ -6.607803492713956, 4.749399983271252 ], [ -6.607476, 4.749175 ], [ -6.607367, 4.74907 ], [ -6.607374594724831, 4.749062104042093 ], [ -6.607123, 4.748782 ], [ -6.606775, 4.748117 ], [ -6.606208, 4.746501 ], [ -6.606216038761243, 4.746497856899496 ], [ -6.606078, 4.746098 ], [ -6.606054, 4.74598 ], [ -6.606079741445201, 4.745974730557575 ], [ -6.606092, 4.745107 ], [ -6.606496, 4.744271 ], [ -6.606643, 4.744097 ], [ -6.606662946823559, 4.744097468266927 ], [ -6.606927, 4.743823 ], [ -6.607508, 4.743412 ], [ -6.607812, 4.743256 ], [ -6.612691705298214, 4.743831368236656 ], [ -6.614861, 4.736958 ], [ -6.61475, 4.735422 ], [ -6.615059, 4.735125 ], [ -6.615541, 4.734741 ], [ -6.615934, 4.734502 ], [ -6.617382, 4.734098 ], [ -6.61783, 4.734034 ], [ -6.618247, 4.734035 ], [ -6.625395, 4.731466 ], [ -6.628899, 4.725996 ], [ -6.629807, 4.725267 ], [ -6.636638, 4.725081 ], [ -6.641049, 4.723925 ], [ -6.644624, 4.722328 ], [ -6.646175, 4.721739 ], [ -6.652692, 4.719193 ], [ -6.653213, 4.719071 ], [ -6.654443, 4.71884 ], [ -6.660364, 4.718194 ], [ -6.660608, 4.718219 ], [ -6.66195084029305, 4.719320929178299 ], [ -6.662099, 4.719352 ], [ -6.662152, 4.719486 ], [ -6.662283, 4.720164 ], [ -6.662476945934319, 4.722966448986178 ], [ -6.663379613482393, 4.728291827413081 ], [ -6.663884, 4.73035 ], [ -6.663935, 4.730431 ], [ -6.663676814669735, 4.730667338879243 ], [ -6.663539, 4.731066 ], [ -6.663227366098384, 4.731316799523907 ], [ -6.662998, 4.732146 ], [ -6.662876, 4.732213 ], [ -6.66237691346525, 4.732444669263216 ], [ -6.662349, 4.732507 ], [ -6.659248, 4.740945 ], [ -6.659199, 4.74223 ], [ -6.659133, 4.748593 ], [ -6.66622004337087, 4.749503861433128 ], [ -6.668379, 4.749381 ], [ -6.668592, 4.749146 ], [ -6.668651, 4.749118 ], [ -6.668912408977262, 4.749244008763485 ], [ -6.673804872818408, 4.749037257467608 ], [ -6.676700498334764, 4.748544116004124 ], [ -6.67683118143975, 4.748512601076235 ], [ -6.676906886696352, 4.748493717126526 ], [ -6.677413, 4.748358 ], [ -6.679536532104056, 4.747327328987933 ], [ -6.683261, 4.745191 ], [ -6.684601993384315, 4.744458321281419 ], [ -6.68563, 4.743862 ], [ -6.685815128873523, 4.743907882568866 ], [ -6.690329927933282, 4.744406051010026 ], [ -6.694255145416424, 4.744717425004215 ], [ -6.694354, 4.744715 ], [ -6.694867531515399, 4.745197147117883 ], [ -6.695291847462771, 4.745437616512961 ], [ -6.69583, 4.745427 ], [ -6.702435, 4.751436 ], [ -6.702977, 4.752485 ], [ -6.706622, 4.757685 ], [ -6.710958, 4.759393 ], [ -6.716655, 4.758403 ], [ -6.717218, 4.758169 ], [ -6.718784, 4.757774 ], [ -6.724601, 4.757912 ], [ -6.727162, 4.754009 ], [ -6.727308, 4.753133 ], [ -6.727186, 4.751079 ], [ -6.727123, 4.7508 ], [ -6.727001, 4.749863 ], [ -6.727138, 4.749104 ], [ -6.727512, 4.748486 ], [ -6.728014753226441, 4.747194800988658 ], [ -6.729109, 4.739245 ], [ -6.728849, 4.738685 ], [ -6.728441, 4.737912 ], [ -6.727535, 4.7364 ], [ -6.727165, 4.735832 ], [ -6.726947, 4.735202 ], [ -6.726791, 4.734201 ], [ -6.726757, 4.733385 ], [ -6.726691, 4.731445 ], [ -6.726777, 4.73079 ], [ -6.726963, 4.727024 ], [ -6.729855, 4.724881 ], [ -6.729919, 4.724961 ], [ -6.730008, 4.725086 ], [ -6.73056, 4.725886 ], [ -6.730711683800052, 4.726264623848394 ], [ -6.730732, 4.726257 ], [ -6.731078, 4.727179 ], [ -6.731233, 4.727907 ], [ -6.731196, 4.728755 ], [ -6.730923, 4.729572 ], [ -6.730761, 4.730401 ], [ -6.730465333616169, 4.732064735977525 ], [ -6.731980847823995, 4.735165387374947 ], [ -6.73907, 4.73657 ], [ -6.739796, 4.73586 ], [ -6.740242, 4.735561 ], [ -6.742246, 4.738552 ], [ -6.741513, 4.739669 ], [ -6.741208, 4.740335 ], [ -6.740919, 4.740758 ], [ -6.740443, 4.741277 ], [ -6.740215468680167, 4.741438050975355 ], [ -6.740222, 4.741448 ], [ -6.738903, 4.742687 ], [ -6.738268, 4.74319 ], [ -6.737643, 4.743657 ], [ -6.737088, 4.74406 ], [ -6.733799, 4.747254 ], [ -6.733663553196896, 4.747538618882256 ], [ -6.733678, 4.747546 ], [ -6.733424, 4.748042 ], [ -6.733256, 4.748325 ], [ -6.73303, 4.748634 ], [ -6.732717, 4.748961 ], [ -6.7313, 4.752468 ], [ -6.735595, 4.757863 ], [ -6.736736, 4.757982 ], [ -6.739531, 4.758273 ], [ -6.746958, 4.753703 ], [ -6.746973, 4.750522 ], [ -6.747053, 4.749502 ], [ -6.747871, 4.748537 ], [ -6.748022, 4.74841 ], [ -6.748611, 4.748048 ], [ -6.749499, 4.747527 ], [ -6.749998, 4.747442 ], [ -6.75023, 4.747433 ], [ -6.757064, 4.752741 ], [ -6.762201, 4.757477 ], [ -6.765785619424011, 4.758141593674233 ], [ -6.773892, 4.755482 ], [ -6.776138, 4.752668 ], [ -6.780589, 4.75158 ], [ -6.782629, 4.752079 ], [ -6.790057, 4.751127 ], [ -6.79365, 4.751357 ], [ -6.794442, 4.753515 ], [ -6.794788, 4.754169 ], [ -6.799709, 4.758375 ], [ -6.804398, 4.758276 ], [ -6.807843, 4.759522 ], [ -6.809904, 4.760117 ], [ -6.808904, 4.763576 ], [ -6.802895, 4.762661 ], [ -6.797346, 4.762581 ], [ -6.793747, 4.762486 ], [ -6.78577, 4.759137 ], [ -6.78332, 4.759261 ], [ -6.776551, 4.762427 ], [ -6.776016, 4.762833 ], [ -6.775561, 4.763124 ], [ -6.769611, 4.767702 ], [ -6.769535, 4.767778 ], [ -6.766436, 4.766743 ], [ -6.766286, 4.766275 ], [ -6.761345390159785, 4.760986473930116 ], [ -6.76070155036702, 4.76104022694706 ], [ -6.753813405917704, 4.761721426021503 ], [ -6.750823, 4.769986 ], [ -6.75294, 4.771955 ], [ -6.753537, 4.772257 ], [ -6.7542, 4.772576 ], [ -6.754542, 4.772801 ], [ -6.757894, 4.774273 ], [ -6.758427, 4.774649 ], [ -6.759018, 4.77487 ], [ -6.759444, 4.775147 ], [ -6.759798, 4.775496 ], [ -6.75989, 4.775613 ], [ -6.759856756796739, 4.775740287239014 ], [ -6.760104, 4.775929 ], [ -6.760413, 4.776451 ], [ -6.760715, 4.777119 ], [ -6.760936, 4.777799 ], [ -6.759218, 4.778815 ], [ -6.758486, 4.779097 ], [ -6.75815, 4.779151 ], [ -6.752163, 4.778977 ], [ -6.751587, 4.778746 ], [ -6.751033060464277, 4.778370355499117 ], [ -6.750971, 4.778373 ], [ -6.750773, 4.778194 ], [ -6.750224, 4.776347 ], [ -6.749094, 4.774017 ], [ -6.748551, 4.773347 ], [ -6.739767, 4.77327 ], [ -6.739475, 4.77323 ], [ -6.738776, 4.772969 ], [ -6.738153, 4.772475 ], [ -6.737763, 4.772091 ], [ -6.737343, 4.771461 ], [ -6.736928, 4.770832 ], [ -6.736666, 4.770422 ], [ -6.736051, 4.769659 ], [ -6.735713832635557, 4.76894782017768 ], [ -6.735701, 4.768931 ], [ -6.735631246579289, 4.768778575858446 ], [ -6.735617, 4.768782 ], [ -6.735566, 4.768636 ], [ -6.735458, 4.768016 ], [ -6.73351675674332, 4.764345372627247 ], [ -6.724782, 4.765929 ], [ -6.725388, 4.772639 ], [ -6.725728, 4.773178 ], [ -6.725949, 4.773671 ], [ -6.725943104742173, 4.773673643444377 ], [ -6.726014, 4.773837 ] ] ], [ [ [ -5.091842, 5.26715 ], [ -5.090975, 5.26735 ], [ -5.089952, 5.267571 ], [ -5.088931, 5.267792 ], [ -5.088377, 5.267901 ], [ -5.087826, 5.268009 ], [ -5.087365, 5.268087 ], [ -5.086909, 5.268164 ], [ -5.08653, 5.268215 ], [ -5.086157, 5.268264 ], [ -5.085506, 5.268299 ], [ -5.084869, 5.268333 ], [ -5.084107, 5.268349 ], [ -5.08335, 5.268365 ], [ -5.08282, 5.268387 ], [ -5.082286, 5.26841 ], [ -5.081272, 5.26843 ], [ -5.080767, 5.268445 ], [ -5.080257, 5.268418 ], [ -5.079762, 5.268392 ], [ -5.079503, 5.268362 ], [ -5.079256, 5.268332 ], [ -5.078881, 5.268252 ], [ -5.078524, 5.268175 ], [ -5.077521, 5.267859 ], [ -5.076141, 5.267446 ], [ -5.075034, 5.267192 ], [ -5.072365, 5.266865 ], [ -5.071414, 5.266813 ], [ -5.071083, 5.266777 ], [ -5.070894, 5.266746 ], [ -5.070715, 5.266716 ], [ -5.070423, 5.266643 ], [ -5.063102, 5.266548 ], [ -5.061362, 5.267236 ], [ -5.059796, 5.267844 ], [ -5.058231, 5.268451 ], [ -5.057854, 5.268615 ], [ -5.057471, 5.268782 ], [ -5.056162, 5.269289 ], [ -5.05486, 5.269792 ], [ -5.054136, 5.270089 ], [ -5.053409, 5.270386 ], [ -5.052064, 5.270916 ], [ -5.050722, 5.271445 ], [ -5.050364, 5.271576 ], [ -5.05001, 5.271706 ], [ -5.049485, 5.271866 ], [ -5.048969, 5.272024 ], [ -5.048375, 5.272164 ], [ -5.047792, 5.272302 ], [ -5.042019, 5.278962 ], [ -5.046104, 5.286564 ], [ -5.046664, 5.286872 ], [ -5.046895, 5.287077 ], [ -5.047136, 5.287293 ], [ -5.051894, 5.289865 ], [ -5.052169, 5.289966 ], [ -5.052373, 5.290077 ], [ -5.052609, 5.29026 ], [ -5.053149, 5.290713 ], [ -5.053958, 5.291359 ], [ -5.054256, 5.291576 ], [ -5.054488, 5.291798 ], [ -5.05474, 5.292041 ], [ -5.060736, 5.296159 ], [ -5.060709, 5.296518 ], [ -5.060327, 5.296489 ], [ -5.059944, 5.29646 ], [ -5.059315, 5.29639 ], [ -5.058692, 5.29632 ], [ -5.058512, 5.296274 ], [ -5.058279, 5.296182 ], [ -5.057798, 5.295937 ], [ -5.057332, 5.295698 ], [ -5.05714, 5.295576 ], [ -5.056964, 5.295462 ], [ -5.056731, 5.295235 ], [ -5.056409, 5.294826 ], [ -5.056101, 5.294432 ], [ -5.049073, 5.289444 ], [ -5.048735, 5.28929 ], [ -5.048461, 5.289115 ], [ -5.048217, 5.28892 ], [ -5.047979, 5.288697 ], [ -5.045407, 5.286598 ], [ -5.042921, 5.285197 ], [ -5.040437, 5.283798 ], [ -5.038993, 5.283005 ], [ -5.037547, 5.282212 ], [ -5.028698, 5.282679 ], [ -5.024806, 5.287186 ], [ -5.024794, 5.296026 ], [ -5.02484, 5.296182 ], [ -5.024854, 5.299898 ], [ -5.024868, 5.303615 ], [ -5.024883, 5.307331 ], [ -5.024897, 5.311047 ], [ -5.024911, 5.314516 ], [ -5.024924, 5.317985 ], [ -5.024564, 5.317987 ], [ -5.024551, 5.314518 ], [ -5.015869, 5.314132 ], [ -5.01578, 5.314266 ], [ -5.015651, 5.314321 ], [ -5.015615, 5.314322 ], [ -5.014999, 5.31433 ], [ -5.013994, 5.314364 ], [ -5.013588, 5.314391 ], [ -5.01327, 5.314399 ], [ -5.012947, 5.314408 ], [ -5.011876, 5.314407 ], [ -5.010804, 5.314406 ], [ -5.007149, 5.314356 ], [ -5.003494, 5.314306 ], [ -5.003499, 5.313946 ], [ -5.007154, 5.313996 ], [ -5.010809, 5.314046 ], [ -5.015478, 5.306897 ], [ -5.01546, 5.304399 ], [ -5.015474, 5.301749 ], [ -5.015489, 5.299101 ], [ -5.015503, 5.296453 ], [ -5.006726, 5.295057 ], [ -5.006366, 5.295055 ], [ -5.00639, 5.291935 ], [ -5.006414, 5.288815 ], [ -4.997734, 5.287956 ], [ -4.997374, 5.287953 ], [ -4.991139, 5.28278 ], [ -4.987908, 5.282778 ], [ -4.984678, 5.282777 ], [ -4.982083, 5.282776 ], [ -4.979488, 5.282774 ], [ -4.979488, 5.282414 ], [ -4.982083, 5.282416 ], [ -4.984678, 5.282417 ], [ -4.984856, 5.273681 ], [ -4.984127, 5.273367 ], [ -4.983397, 5.273053 ], [ -4.980772, 5.271899 ], [ -4.974678, 5.271713 ], [ -4.974352, 5.271833 ], [ -4.974002, 5.27196 ], [ -4.973494, 5.27207 ], [ -4.97299, 5.27218 ], [ -4.972176, 5.272374 ], [ -4.969948, 5.273443 ], [ -4.969388, 5.27383 ], [ -4.967244, 5.275371 ], [ -4.965099, 5.276914 ], [ -4.964387, 5.277412 ], [ -4.963677, 5.277908 ], [ -4.963163, 5.278282 ], [ -4.962646, 5.278658 ], [ -4.959713, 5.281968 ], [ -4.959097, 5.282812 ], [ -4.958454, 5.283684 ], [ -4.9583, 5.283821 ], [ -4.953976, 5.288841 ], [ -4.953822, 5.289015 ], [ -4.953632, 5.289166 ], [ -4.953391, 5.289302 ], [ -4.953133, 5.289447 ], [ -4.952928, 5.289534 ], [ -4.952667, 5.289609 ], [ -4.952406, 5.289684 ], [ -4.952306, 5.289339 ], [ -4.951953, 5.285751 ], [ -4.952355, 5.285419 ], [ -4.952756, 5.285087 ], [ -4.953101, 5.284856 ], [ -4.953432, 5.284636 ], [ -4.953648, 5.284506 ], [ -4.953856, 5.284381 ], [ -4.954351, 5.284065 ], [ -4.95485, 5.283746 ], [ -4.956976, 5.282237 ], [ -4.959109, 5.280724 ], [ -4.95982, 5.28021 ], [ -4.960533, 5.279696 ], [ -4.961487, 5.279028 ], [ -4.96244, 5.278363 ], [ -4.962951, 5.277991 ], [ -4.963465, 5.277617 ], [ -4.96418, 5.277117 ], [ -4.964892, 5.276619 ], [ -4.967034, 5.275079 ], [ -4.969178, 5.273537 ], [ -4.969743, 5.273147 ], [ -4.970305, 5.272758 ], [ -4.970776, 5.272493 ], [ -4.969482, 5.263685 ], [ -4.96916, 5.263596 ], [ -4.968838, 5.263529 ], [ -4.96821, 5.263421 ], [ -4.96788, 5.263378 ], [ -4.966829, 5.26318 ], [ -4.965034, 5.262862 ], [ -4.96237, 5.262374 ], [ -4.959706, 5.261885 ], [ -4.957042, 5.261397 ], [ -4.954384, 5.26091 ], [ -4.953894, 5.260837 ], [ -4.94652, 5.262405 ], [ -4.943158, 5.265727 ], [ -4.942905, 5.266133 ], [ -4.942051, 5.267552 ], [ -4.941196, 5.268973 ], [ -4.940862, 5.269507 ], [ -4.940532, 5.270034 ], [ -4.940245, 5.270534 ], [ -4.939955, 5.27104 ], [ -4.939212, 5.272241 ], [ -4.93847, 5.27344 ], [ -4.937985, 5.274253 ], [ -4.937498, 5.275068 ], [ -4.936929, 5.275997 ], [ -4.936353, 5.276935 ], [ -4.936105, 5.27729 ], [ -4.93585, 5.277652 ], [ -4.935643, 5.277914 ], [ -4.935427, 5.278187 ], [ -4.935234, 5.278394 ], [ -4.935034, 5.278609 ], [ -4.934781, 5.278853 ], [ -4.934523, 5.279103 ], [ -4.934358, 5.279249 ], [ -4.934185, 5.279401 ], [ -4.934001, 5.279545 ], [ -4.933811, 5.279694 ], [ -4.933522, 5.279903 ], [ -4.933224, 5.280117 ], [ -4.931993, 5.280908 ], [ -4.930763, 5.281699 ], [ -4.930115, 5.282122 ], [ -4.929469, 5.282543 ], [ -4.928834, 5.282968 ], [ -4.928191, 5.283399 ], [ -4.924991, 5.28634 ], [ -4.924694, 5.286542 ], [ -4.923684, 5.287073 ], [ -4.923053, 5.287351 ], [ -4.919798, 5.288881 ], [ -4.919595, 5.288583 ], [ -4.920585, 5.287909 ], [ -4.921575, 5.287234 ], [ -4.922143, 5.286867 ], [ -4.922708, 5.286502 ], [ -4.92581, 5.284479 ], [ -4.927406, 5.283444 ], [ -4.928634, 5.282669 ], [ -4.929269, 5.282244 ], [ -4.929918, 5.28182 ], [ -4.930566, 5.281398 ], [ -4.931798, 5.280606 ], [ -4.937191, 5.27488 ], [ -4.937676, 5.274068 ], [ -4.938161, 5.273255 ], [ -4.938905, 5.272051 ], [ -4.939932, 5.270355 ], [ -4.940219, 5.269855 ], [ -4.940557, 5.269316 ], [ -4.940891, 5.268782 ], [ -4.941743, 5.267366 ], [ -4.942596, 5.265947 ], [ -4.942853, 5.265537 ], [ -4.943108, 5.265129 ], [ -4.943283, 5.264877 ], [ -4.943453, 5.264633 ], [ -4.943628, 5.264414 ], [ -4.943795, 5.264203 ], [ -4.943938, 5.264038 ], [ -4.944076, 5.263879 ], [ -4.944334, 5.263622 ], [ -4.944583, 5.263375 ], [ -4.945001, 5.26303 ], [ -4.945406, 5.262697 ], [ -4.945682, 5.262503 ], [ -4.946329, 5.262099 ], [ -4.946968, 5.261701 ], [ -4.94732, 5.261523 ], [ -4.947657, 5.261354 ], [ -4.948077, 5.261172 ], [ -4.948488, 5.260994 ], [ -4.948949, 5.26085 ], [ -4.949392, 5.260713 ], [ -4.949853, 5.260604 ], [ -4.950301, 5.260499 ], [ -4.950798, 5.260435 ], [ -4.951276, 5.260374 ], [ -4.951688, 5.260353 ], [ -4.952087, 5.260334 ], [ -4.952425, 5.260346 ], [ -4.952749, 5.260358 ], [ -4.960163, 5.255591 ], [ -4.960416, 5.255335 ], [ -4.962104, 5.25701 ], [ -4.963791, 5.258685 ], [ -4.964023, 5.259069 ], [ -4.969578, 5.263338 ], [ -4.96991, 5.263431 ], [ -4.970458, 5.263673 ], [ -4.970981, 5.263907 ], [ -4.971294, 5.264122 ], [ -4.971577, 5.264321 ], [ -4.971875, 5.264584 ], [ -4.972157, 5.264834 ], [ -4.972479, 5.265245 ], [ -4.972778, 5.265631 ], [ -4.973521, 5.266703 ], [ -4.974552, 5.268068 ], [ -4.974863, 5.268391 ], [ -4.975305, 5.268784 ], [ -4.976142, 5.269382 ], [ -4.976746, 5.269712 ], [ -4.977041, 5.269852 ], [ -4.977666, 5.270133 ], [ -4.978294, 5.270416 ], [ -4.980917, 5.271569 ], [ -4.983542, 5.272723 ], [ -4.984269, 5.273037 ], [ -4.984998, 5.27335 ], [ -4.985362, 5.273491 ], [ -4.991741, 5.267284 ], [ -4.9917, 5.267114 ], [ -4.991495, 5.266399 ], [ -4.986751, 5.262782 ], [ -4.986523, 5.262503 ], [ -4.9844, 5.259125 ], [ -4.983582, 5.258142 ], [ -4.988276, 5.252938 ], [ -4.987777, 5.24666 ], [ -4.982184, 5.243361 ], [ -4.98158, 5.243307 ], [ -4.980983, 5.243252 ], [ -4.980611, 5.243235 ], [ -4.979905, 5.243223 ], [ -4.979564, 5.243228 ], [ -4.978857, 5.24326 ], [ -4.977448, 5.243388 ], [ -4.976749, 5.243482 ], [ -4.975535, 5.243787 ], [ -4.974327, 5.24409 ], [ -4.972926, 5.244494 ], [ -4.971488, 5.244905 ], [ -4.971228, 5.244925 ], [ -4.970952, 5.244946 ], [ -4.970717, 5.244943 ], [ -4.970471, 5.24494 ], [ -4.970247, 5.244923 ], [ -4.969996, 5.244901 ], [ -4.969768, 5.244848 ], [ -4.969526, 5.24479 ], [ -4.969331, 5.244728 ], [ -4.969111, 5.244656 ], [ -4.968759, 5.244483 ], [ -4.968368, 5.244285 ], [ -4.967917, 5.243892 ], [ -4.967433, 5.243462 ], [ -4.967053, 5.242881 ], [ -4.96667, 5.242293 ], [ -4.966178, 5.241462 ], [ -4.965689, 5.240636 ], [ -4.964323, 5.238448 ], [ -4.962954, 5.236257 ], [ -4.962816, 5.236026 ], [ -4.962674, 5.235787 ], [ -4.962578, 5.235603 ], [ -4.962477, 5.235412 ], [ -4.96239, 5.235223 ], [ -4.962298, 5.235025 ], [ -4.962203, 5.234778 ], [ -4.962103, 5.234523 ], [ -4.962023, 5.234278 ], [ -4.961938, 5.234019 ], [ -4.961776, 5.233331 ], [ -4.961611, 5.232622 ], [ -4.96158, 5.232347 ], [ -4.961547, 5.23206 ], [ -4.961534, 5.231751 ], [ -4.961533, 5.231513 ], [ -4.961531, 5.231267 ], [ -4.961542, 5.231024 ], [ -4.961554, 5.230771 ], [ -4.961851, 5.227816 ], [ -4.962149, 5.224861 ], [ -4.962257, 5.223837 ], [ -4.962365, 5.22281 ], [ -4.962417, 5.222377 ], [ -4.962555, 5.221001 ], [ -4.962641, 5.220049 ], [ -4.962867, 5.217848 ], [ -4.963094, 5.215646 ], [ -4.961745, 5.208459 ], [ -4.961649, 5.208193 ], [ -4.96104, 5.206659 ], [ -4.958623, 5.198737 ], [ -4.956026, 5.193358 ], [ -4.954759, 5.190925 ], [ -4.959006, 5.186882 ], [ -4.961034, 5.184023 ], [ -4.963063, 5.181164 ], [ -4.963356, 5.181372 ], [ -4.961328, 5.184231 ], [ -4.9593, 5.18709 ], [ -4.95891, 5.187676 ], [ -4.957937, 5.196084 ], [ -4.958956, 5.198602 ], [ -4.959978, 5.201128 ], [ -4.961, 5.203654 ], [ -4.963151, 5.207068 ], [ -4.963623, 5.210716 ], [ -4.963728, 5.211119 ], [ -4.963765, 5.211437 ], [ -4.963797, 5.211729 ], [ -4.963795, 5.211992 ], [ -4.963792, 5.212233 ], [ -4.963748, 5.212831 ], [ -4.963704, 5.213417 ], [ -4.963577, 5.214555 ], [ -4.963452, 5.215686 ], [ -4.963226, 5.217885 ], [ -4.962999, 5.220086 ], [ -4.962913, 5.221033 ], [ -4.962827, 5.221982 ], [ -4.962774, 5.22242 ], [ -4.962722, 5.222853 ], [ -4.962615, 5.223875 ], [ -4.962507, 5.224899 ], [ -4.962209, 5.227852 ], [ -4.963263, 5.236073 ], [ -4.964628, 5.238257 ], [ -4.965994, 5.240445 ], [ -4.974227, 5.243744 ], [ -4.975447, 5.243437 ], [ -4.976661, 5.243133 ], [ -4.977399, 5.243032 ], [ -4.978118, 5.242934 ], [ -4.982453, 5.241502 ], [ -4.982785, 5.241363 ], [ -4.986442, 5.241758 ], [ -4.989252, 5.244135 ], [ -4.995601, 5.238219 ], [ -4.994531, 5.235929 ], [ -4.99449, 5.235571 ], [ -4.997293, 5.227396 ], [ -4.993469, 5.224313 ], [ -4.992138, 5.22394 ], [ -4.991787, 5.223822 ], [ -4.991424, 5.223699 ], [ -4.990595, 5.223349 ], [ -4.989753, 5.222993 ], [ -4.987689, 5.222436 ], [ -4.987858, 5.221785 ], [ -4.98979, 5.214742 ], [ -4.98906, 5.21071 ], [ -4.988955, 5.210288 ], [ -4.988851, 5.209867 ], [ -4.989201, 5.209781 ], [ -4.99375, 5.214783 ], [ -4.993698, 5.2151 ], [ -4.993646, 5.215418 ], [ -4.993436, 5.215655 ], [ -4.995145, 5.224463 ], [ -4.995368, 5.224576 ], [ -4.995661, 5.224755 ], [ -4.99594, 5.224926 ], [ -4.99618, 5.225147 ], [ -4.996391, 5.225346 ], [ -4.996537, 5.225536 ], [ -4.996663, 5.225704 ], [ -4.996989, 5.226195 ], [ -4.997309, 5.226677 ], [ -4.997609, 5.227223 ], [ -4.9979, 5.227756 ], [ -4.998143, 5.228225 ], [ -4.998383, 5.22869 ], [ -4.998462, 5.228871 ], [ -4.998534, 5.22904 ], [ -4.998597, 5.229232 ], [ -4.998655, 5.229408 ], [ -4.998708, 5.229656 ], [ -4.998756, 5.229885 ], [ -4.998816, 5.230484 ], [ -4.998873, 5.231065 ], [ -4.998927, 5.231728 ], [ -4.99898, 5.232387 ], [ -4.999011, 5.232867 ], [ -5.001842, 5.238759 ], [ -5.00498, 5.240465 ], [ -5.009106, 5.247786 ], [ -5.008659, 5.251421 ], [ -5.008558, 5.256982 ], [ -5.012437, 5.265078 ], [ -5.014549, 5.268744 ], [ -5.014625, 5.268829 ], [ -5.016699, 5.270645 ], [ -5.020287, 5.275623 ], [ -5.024494, 5.275622 ], [ -5.029024, 5.269104 ], [ -5.029033, 5.268754 ], [ -5.029048, 5.268364 ], [ -5.029142, 5.268038 ], [ -5.029246, 5.267879 ], [ -5.029374, 5.267691 ], [ -5.029576, 5.267491 ], [ -5.030815, 5.265909 ], [ -5.03133, 5.257654 ], [ -5.031276, 5.25752 ], [ -5.030926, 5.256596 ], [ -5.030877, 5.256438 ], [ -5.030884, 5.256274 ], [ -5.031015, 5.2548 ], [ -5.031043, 5.254639 ], [ -5.031127, 5.254452 ], [ -5.033834, 5.245894 ], [ -5.033852, 5.24545 ], [ -5.033874, 5.244975 ], [ -5.033913, 5.244796 ], [ -5.033959, 5.244594 ], [ -5.034064, 5.24431 ], [ -5.034173, 5.244015 ], [ -5.034641, 5.242654 ], [ -5.034835, 5.241939 ], [ -5.034958, 5.241709 ], [ -5.035158, 5.241428 ], [ -5.035624, 5.240742 ], [ -5.035894, 5.240331 ], [ -5.036195, 5.240529 ], [ -5.035418, 5.249282 ], [ -5.035478, 5.249538 ], [ -5.035533, 5.249776 ], [ -5.035633, 5.250446 ], [ -5.03573, 5.251102 ], [ -5.035693, 5.251445 ], [ -5.035594, 5.251744 ], [ -5.035502, 5.252007 ], [ -5.035362, 5.252289 ], [ -5.03523, 5.252549 ], [ -5.033404, 5.261286 ], [ -5.033497, 5.261732 ], [ -5.033591, 5.262182 ], [ -5.033656, 5.262561 ], [ -5.03372, 5.262933 ], [ -5.039534, 5.269754 ], [ -5.048292, 5.271814 ], [ -5.04938, 5.271522 ], [ -5.05024, 5.271238 ], [ -5.05059, 5.27111 ], [ -5.051932, 5.270581 ], [ -5.053273, 5.270053 ], [ -5.053999, 5.269756 ], [ -5.05473, 5.269456 ], [ -5.056032, 5.268953 ], [ -5.057327, 5.268452 ], [ -5.057711, 5.268285 ], [ -5.058101, 5.268116 ], [ -5.059666, 5.267508 ], [ -5.06123, 5.266901 ], [ -5.062969, 5.266213 ], [ -5.064719, 5.265522 ], [ -5.069519, 5.258388 ], [ -5.069738, 5.258102 ], [ -5.070271, 5.258443 ], [ -5.070797, 5.258907 ], [ -5.072306, 5.260403 ], [ -5.072372, 5.260485 ], [ -5.072602, 5.261077 ], [ -5.072698, 5.261348 ], [ -5.072724, 5.261505 ], [ -5.078957, 5.267901 ], [ -5.080276, 5.268059 ], [ -5.081262, 5.26807 ], [ -5.082271, 5.268051 ], [ -5.082805, 5.268028 ], [ -5.083343, 5.268005 ], [ -5.084099, 5.267989 ], [ -5.08485, 5.267974 ], [ -5.092485, 5.264149 ], [ -5.093757, 5.263682 ], [ -5.100532, 5.262872 ], [ -5.101761, 5.259287 ], [ -5.10209, 5.259142 ], [ -5.102185, 5.259357 ], [ -5.102243, 5.259614 ], [ -5.102289, 5.259836 ], [ -5.102318, 5.260148 ], [ -5.107099, 5.265228 ], [ -5.110778, 5.264615 ], [ -5.111028, 5.264874 ], [ -5.114206, 5.269208 ], [ -5.114075, 5.269544 ], [ -5.110111, 5.268897 ], [ -5.109755, 5.268839 ], [ -5.10677, 5.268381 ], [ -5.102638, 5.267778 ], [ -5.094477, 5.266574 ], [ -5.092705, 5.26695 ], [ -5.091842, 5.26715 ] ] ], [ [ [ -6.573255, 5.493399 ], [ -6.574969, 5.499317 ], [ -6.578028, 5.502861 ], [ -6.581688, 5.504957 ], [ -6.584798, 5.505815 ], [ -6.584811, 5.506065 ], [ -6.585184, 5.509514 ], [ -6.589753, 5.51652 ], [ -6.592334, 5.518905 ], [ -6.595546, 5.522244 ], [ -6.596151, 5.525793 ], [ -6.594367, 5.534262 ], [ -6.5944, 5.534667 ], [ -6.591082, 5.540309 ], [ -6.590527, 5.540346 ], [ -6.58951, 5.540402 ], [ -6.589315, 5.540337 ], [ -6.589241, 5.540302 ], [ -6.588412, 5.539827 ], [ -6.58832, 5.539737 ], [ -6.587743, 5.538964 ], [ -6.588118, 5.538032 ], [ -6.588571, 5.536861 ], [ -6.588566210023, 5.528877066335831 ], [ -6.587172, 5.526892 ], [ -6.580044, 5.52237 ], [ -6.577579, 5.522019 ], [ -6.570902595384673, 5.519131593424192 ], [ -6.568704, 5.518943 ], [ -6.568088, 5.519123 ], [ -6.567791, 5.519154 ], [ -6.566833, 5.519194 ], [ -6.566832988722016, 5.519193733186644 ], [ -6.566489, 5.519208 ], [ -6.564505, 5.519414 ], [ -6.564007, 5.519423 ], [ -6.563351, 5.519355 ], [ -6.563032, 5.519265 ], [ -6.562778, 5.519173 ], [ -6.562243, 5.516607 ], [ -6.56251, 5.516339 ], [ -6.564013, 5.515791 ], [ -6.564495, 5.50699 ], [ -6.563942, 5.506771 ], [ -6.563079, 5.506523 ], [ -6.56231, 5.506272 ], [ -6.562197, 5.506244 ], [ -6.555394, 5.505538 ], [ -6.552578, 5.504171 ], [ -6.545362, 5.498862 ], [ -6.542482, 5.496701 ], [ -6.542821, 5.49625 ], [ -6.54435, 5.492885 ], [ -6.544478, 5.492205 ], [ -6.544632, 5.491803 ], [ -6.544884, 5.491384 ], [ -6.545207, 5.49092 ], [ -6.553022, 5.487188 ], [ -6.554908, 5.480999 ], [ -6.554418, 5.477431 ], [ -6.557188, 5.469811 ], [ -6.555924, 5.466109 ], [ -6.547954, 5.46605 ], [ -6.547496, 5.466502 ], [ -6.547166, 5.466856 ], [ -6.546766, 5.467264 ], [ -6.545264, 5.469662 ], [ -6.544721, 5.470402 ], [ -6.544226, 5.470746 ], [ -6.54264, 5.472143 ], [ -6.542118, 5.472672 ], [ -6.541614, 5.473111 ], [ -6.540598, 5.474188 ], [ -6.540097, 5.474605 ], [ -6.539364, 5.474926 ], [ -6.532724, 5.48058 ], [ -6.532477, 5.481065 ], [ -6.53224, 5.481392 ], [ -6.531519, 5.482347 ], [ -6.529931, 5.484915 ], [ -6.527722, 5.485577 ], [ -6.527389, 5.485636 ], [ -6.526339, 5.48516 ], [ -6.526053, 5.484077 ], [ -6.523969, 5.475412 ], [ -6.52356, 5.473982 ], [ -6.523635, 5.473807 ], [ -6.526752, 5.473154 ], [ -6.527109, 5.473281 ], [ -6.53308, 5.471419 ], [ -6.533455, 5.470864 ], [ -6.534257, 5.470289 ], [ -6.535168, 5.470068 ], [ -6.542159, 5.466232 ], [ -6.53973, 5.458183 ], [ -6.536339, 5.457228 ], [ -6.528572, 5.461069 ], [ -6.528432, 5.461933 ], [ -6.528274, 5.462439 ], [ -6.528068, 5.462952 ], [ -6.525187, 5.462153 ], [ -6.524444, 5.461459 ], [ -6.524404, 5.461415 ], [ -6.524017, 5.458748 ], [ -6.517406, 5.453178 ], [ -6.516025, 5.453121 ], [ -6.514998, 5.451671 ], [ -6.514856, 5.451162 ], [ -6.515283, 5.449569 ], [ -6.515572, 5.449349 ], [ -6.518096, 5.447369 ], [ -6.520824204375343, 5.448309977897977 ], [ -6.527971, 5.445078 ], [ -6.528471, 5.445432 ], [ -6.528913, 5.44575 ], [ -6.529373, 5.446356 ], [ -6.529649, 5.447337 ], [ -6.529826, 5.448095 ], [ -6.536816, 5.453305 ], [ -6.538059, 5.453224 ], [ -6.539069, 5.453315 ], [ -6.539788, 5.453674 ], [ -6.540612, 5.454115 ], [ -6.542363, 5.455116 ], [ -6.543243, 5.455389 ], [ -6.547199, 5.447363 ], [ -6.546208, 5.444625 ], [ -6.541104, 5.439966 ], [ -6.540457, 5.43981 ], [ -6.539142, 5.436987 ], [ -6.541687, 5.436427 ], [ -6.542015, 5.436457 ], [ -6.542905, 5.436579 ], [ -6.543577, 5.43664 ], [ -6.545854, 5.436772 ], [ -6.551564, 5.431865 ], [ -6.550847, 5.428368 ], [ -6.554069, 5.420697 ], [ -6.548228, 5.417247 ], [ -6.547696, 5.417248 ], [ -6.546941, 5.41722 ], [ -6.541353, 5.418982 ], [ -6.540699, 5.419498 ], [ -6.538848, 5.420573 ], [ -6.538105, 5.421074 ], [ -6.537535, 5.421253 ], [ -6.532343, 5.424264 ], [ -6.531985, 5.424637 ], [ -6.531424, 5.425109 ], [ -6.530122, 5.426415 ], [ -6.529578, 5.427007 ], [ -6.525576, 5.431594 ], [ -6.525503, 5.431751 ], [ -6.521913, 5.432181 ], [ -6.514831, 5.429539 ], [ -6.513708, 5.429515 ], [ -6.512653, 5.429453 ], [ -6.50798, 5.430141 ], [ -6.507429, 5.430311 ], [ -6.503705, 5.432242 ], [ -6.501377, 5.43102 ], [ -6.501241, 5.427423 ], [ -6.504167, 5.426651 ], [ -6.508703, 5.4243 ], [ -6.509509, 5.42395 ], [ -6.510392, 5.423886 ], [ -6.517711, 5.422418 ], [ -6.521253, 5.423115 ], [ -6.528862, 5.42001 ], [ -6.529822, 5.41654 ], [ -6.534321, 5.415863 ], [ -6.537843, 5.415129 ], [ -6.541323, 5.414201 ], [ -6.542513, 5.413821 ], [ -6.543324, 5.413474 ], [ -6.546237, 5.405321 ], [ -6.542497, 5.401463 ], [ -6.536855, 5.401006 ], [ -6.53329, 5.400504 ], [ -6.527884, 5.401937 ], [ -6.527335, 5.402163 ], [ -6.526601, 5.402305 ], [ -6.526189, 5.402404 ], [ -6.524726, 5.402699 ], [ -6.524274, 5.40278 ], [ -6.522684, 5.402569 ], [ -6.522297, 5.402322 ], [ -6.521713, 5.401957 ], [ -6.513903, 5.39932 ], [ -6.513112, 5.399358 ], [ -6.51182, 5.399384 ], [ -6.510338, 5.399518 ], [ -6.509368, 5.399627 ], [ -6.508361, 5.399581 ], [ -6.503461, 5.400177 ], [ -6.502066, 5.400428 ], [ -6.500897, 5.400495 ], [ -6.50066, 5.40041 ], [ -6.499556, 5.400052 ], [ -6.496998, 5.399163 ], [ -6.496283, 5.398995 ], [ -6.495213, 5.398151 ], [ -6.495136, 5.39802 ], [ -6.495154432779163, 5.397999572909284 ], [ -6.494909, 5.397365 ], [ -6.494722, 5.396049 ], [ -6.497345, 5.395572 ], [ -6.498194, 5.395487 ], [ -6.499205, 5.39545 ], [ -6.49964, 5.395503 ], [ -6.504697, 5.395718 ], [ -6.504993, 5.395684 ], [ -6.506133, 5.395787 ], [ -6.506896, 5.3958 ], [ -6.508319, 5.395945 ], [ -6.509857, 5.395911 ], [ -6.51055, 5.395791 ], [ -6.511167, 5.395816 ], [ -6.5122, 5.395728 ], [ -6.512982, 5.395759 ], [ -6.513191, 5.395759 ], [ -6.513848, 5.39572 ], [ -6.514194, 5.395686 ], [ -6.514685, 5.395636 ], [ -6.515037, 5.395661 ], [ -6.515932, 5.395702 ], [ -6.516705, 5.395757 ], [ -6.517005, 5.395759 ], [ -6.517608, 5.395712 ], [ -6.518169, 5.395719 ], [ -6.520465, 5.395272 ], [ -6.521061, 5.395016 ], [ -6.521607, 5.394859 ], [ -6.522143, 5.394833 ], [ -6.523683, 5.394591 ], [ -6.524115, 5.394533 ], [ -6.524575, 5.394475 ], [ -6.529493, 5.389007 ], [ -6.529682, 5.386164 ], [ -6.52614, 5.380499 ], [ -6.521051, 5.383335 ], [ -6.52089, 5.383728 ], [ -6.520688, 5.384074 ], [ -6.520492, 5.384342 ], [ -6.519845, 5.385206 ], [ -6.519266, 5.385653 ], [ -6.518736, 5.385859 ], [ -6.518268, 5.385918 ], [ -6.517422, 5.385779 ], [ -6.515624, 5.385703 ], [ -6.515211, 5.385721 ], [ -6.514879, 5.385704 ], [ -6.514447, 5.385632 ], [ -6.513523, 5.385439 ], [ -6.512285, 5.385114 ], [ -6.511995, 5.385021 ], [ -6.511412, 5.384706 ], [ -6.510811, 5.383991 ], [ -6.504193, 5.381883 ], [ -6.50356, 5.381978 ], [ -6.502526, 5.381791 ], [ -6.502021, 5.381482 ], [ -6.501559, 5.380991 ], [ -6.501727, 5.377284 ], [ -6.50479, 5.375109 ], [ -6.50518, 5.374673 ], [ -6.505567, 5.374392 ], [ -6.502912, 5.365916 ], [ -6.502276, 5.365898 ], [ -6.501875, 5.365904 ], [ -6.501366, 5.365874 ], [ -6.500481, 5.365638 ], [ -6.497281, 5.364031 ], [ -6.495437, 5.361881 ], [ -6.495482, 5.361601 ], [ -6.495854, 5.360726 ], [ -6.496179, 5.360586 ], [ -6.49648548397462, 5.360501452696656 ], [ -6.496504, 5.360481 ], [ -6.496817, 5.36041 ], [ -6.497109, 5.360327 ], [ -6.497639, 5.360254 ], [ -6.503116, 5.35377 ], [ -6.497817, 5.350101 ], [ -6.496620575814829, 5.349412419697684 ], [ -6.493827, 5.347899 ], [ -6.493822763521369, 5.347894256117038 ], [ -6.493646, 5.347862 ], [ -6.492952, 5.347683 ], [ -6.492609, 5.346543 ], [ -6.492608446347566, 5.34653449980675 ], [ -6.492608, 5.346534 ], [ -6.492592, 5.346282 ], [ -6.492756, 5.345319 ], [ -6.492985, 5.344886 ], [ -6.493851, 5.344197 ], [ -6.496514, 5.344534 ], [ -6.501142, 5.344322 ], [ -6.504649, 5.343509 ], [ -6.510693, 5.33876 ], [ -6.510438, 5.332191 ], [ -6.50842, 5.324711 ], [ -6.508377, 5.321111 ], [ -6.51336, 5.314593 ], [ -6.513397, 5.312682 ], [ -6.513524, 5.311698 ], [ -6.513532, 5.311626 ], [ -6.516427092749553, 5.310928317434854 ], [ -6.516487, 5.310905 ], [ -6.523418, 5.308706 ], [ -6.525393, 5.304389 ], [ -6.525723, 5.302309 ], [ -6.526049, 5.300263 ], [ -6.526446, 5.297414 ], [ -6.526471, 5.293601 ], [ -6.527364, 5.287468 ], [ -6.529167, 5.281202 ], [ -6.532708, 5.281851 ], [ -6.53227, 5.284237 ], [ -6.531688, 5.287196 ], [ -6.531567, 5.287976 ], [ -6.531811, 5.296411 ], [ -6.531743991429007, 5.29839874845922 ], [ -6.53159, 5.304072 ], [ -6.530462, 5.306778 ], [ -6.533118, 5.313354 ], [ -6.535588, 5.314731 ], [ -6.539458, 5.31924 ], [ -6.541811, 5.323655 ], [ -6.541961, 5.323945 ], [ -6.538767, 5.325605 ], [ -6.535038, 5.323157 ], [ -6.530933, 5.330452 ], [ -6.531642, 5.331323 ], [ -6.531956, 5.331618 ], [ -6.532691, 5.33229 ], [ -6.532836, 5.332487 ], [ -6.532829859697713, 5.332491503170365 ], [ -6.532957, 5.332676 ], [ -6.53319, 5.333094 ], [ -6.530044, 5.334845 ], [ -6.524572, 5.339759 ], [ -6.526756, 5.343921 ], [ -6.526924, 5.344221 ], [ -6.527098, 5.344706 ], [ -6.52718, 5.345377 ], [ -6.535659, 5.34767 ], [ -6.535981, 5.347297 ], [ -6.53664, 5.346488 ], [ -6.537095, 5.346064 ], [ -6.537832, 5.345631 ], [ -6.538133, 5.345488 ], [ -6.538277, 5.345492 ], [ -6.541087, 5.347562 ], [ -6.542302, 5.349369 ], [ -6.542281381237985, 5.349533012879662 ], [ -6.542282, 5.349534 ], [ -6.54228, 5.349544 ], [ -6.54249, 5.353143 ], [ -6.541594, 5.356621 ], [ -6.54148, 5.356754 ], [ -6.54094, 5.357453 ], [ -6.540273, 5.358029 ], [ -6.539825, 5.358226 ], [ -6.539133, 5.358354 ], [ -6.53857, 5.358326 ], [ -6.537896, 5.358143 ], [ -6.531833, 5.36449 ], [ -6.537309, 5.368208 ], [ -6.540526, 5.368779 ], [ -6.54223, 5.369101 ], [ -6.542471, 5.372693 ], [ -6.548772, 5.378444 ], [ -6.551592, 5.373873 ], [ -6.551575, 5.373365 ], [ -6.551773, 5.37166 ], [ -6.552031, 5.370735 ], [ -6.552162, 5.370527 ], [ -6.552931, 5.368366 ], [ -6.553074, 5.367449 ], [ -6.553162, 5.36715 ], [ -6.553476, 5.366275 ], [ -6.553732, 5.365854 ], [ -6.554101, 5.365407 ], [ -6.556426, 5.357821 ], [ -6.556276, 5.357132 ], [ -6.556248, 5.35644 ], [ -6.556287, 5.355782 ], [ -6.556381, 5.355262 ], [ -6.55651, 5.354814 ], [ -6.556695, 5.354334 ], [ -6.557154, 5.353332 ], [ -6.55755, 5.352891 ], [ -6.559863, 5.350611 ], [ -6.563172, 5.35203 ], [ -6.562861, 5.353433 ], [ -6.570878, 5.357495 ], [ -6.57094, 5.357427 ], [ -6.574453, 5.358121 ], [ -6.577081, 5.35827 ], [ -6.577618, 5.358283 ], [ -6.57786, 5.358327 ], [ -6.578307, 5.358433 ], [ -6.578531, 5.358504 ], [ -6.579222, 5.360533 ], [ -6.581039, 5.366516 ], [ -6.589431, 5.369348 ], [ -6.590424, 5.369022 ], [ -6.590687, 5.369012 ], [ -6.592849, 5.36903 ], [ -6.593312, 5.369003 ], [ -6.593623, 5.37259 ], [ -6.591597, 5.376855 ], [ -6.590945, 5.378865 ], [ -6.590733, 5.379289 ], [ -6.590268, 5.379907 ], [ -6.589699, 5.380379 ], [ -6.589395, 5.380575 ], [ -6.589027, 5.380758 ], [ -6.585589, 5.386132 ], [ -6.591536, 5.392789 ], [ -6.594985, 5.393536 ], [ -6.601265, 5.397673 ], [ -6.60484, 5.395076 ], [ -6.605177, 5.39445 ], [ -6.605254, 5.394376 ], [ -6.608436, 5.39606 ], [ -6.612344, 5.399778 ], [ -6.612122, 5.403371 ], [ -6.611278, 5.403518 ], [ -6.610747, 5.403637 ], [ -6.610069, 5.40366 ], [ -6.609667, 5.403536 ], [ -6.609539, 5.403519 ], [ -6.608881, 5.403367 ], [ -6.608233, 5.403163 ], [ -6.601464, 5.408885 ], [ -6.601471, 5.409245 ], [ -6.601451, 5.410189 ], [ -6.601475, 5.41065 ], [ -6.601393, 5.411282 ], [ -6.600764, 5.412413 ], [ -6.600166, 5.415969 ], [ -6.604604, 5.421072 ], [ -6.609622, 5.418823 ], [ -6.612943, 5.420181 ], [ -6.616435, 5.423897 ], [ -6.616908, 5.427466 ], [ -6.614445, 5.4295 ], [ -6.610938, 5.428686 ], [ -6.609497203203488, 5.429490613809413 ], [ -6.607048, 5.431431 ], [ -6.60392288650602, 5.433156883001306 ], [ -6.601626, 5.435461 ], [ -6.59803, 5.435287 ], [ -6.591759, 5.441325 ], [ -6.592246, 5.442382 ], [ -6.592254, 5.442827 ], [ -6.592236, 5.443398 ], [ -6.589998, 5.444276 ], [ -6.592888, 5.452642 ], [ -6.593195, 5.452635 ], [ -6.593788, 5.452671 ], [ -6.59457, 5.452776 ], [ -6.59521, 5.452793 ], [ -6.595918, 5.452887 ], [ -6.595446, 5.456456 ], [ -6.592833, 5.456701 ], [ -6.591141643693716, 5.46064408877897 ], [ -6.589948130396958, 5.464878052125413 ], [ -6.59037, 5.466276 ], [ -6.590635, 5.466833 ], [ -6.590796, 5.467549 ], [ -6.590808, 5.468153 ], [ -6.590708, 5.469211 ], [ -6.590402, 5.470202 ], [ -6.590255, 5.470671 ], [ -6.590108, 5.471033 ], [ -6.586773, 5.469678 ], [ -6.584268288084283, 5.466182951413451 ], [ -6.576309, 5.468287 ], [ -6.576039, 5.468683 ], [ -6.575972, 5.468781 ], [ -6.575407, 5.469657 ], [ -6.574905, 5.47018 ], [ -6.574335, 5.470691 ], [ -6.576149, 5.47932 ], [ -6.5766, 5.479732 ], [ -6.576842, 5.479934 ], [ -6.575196, 5.48685 ], [ -6.573255, 5.493399 ] ] ], [ [ [ -6.17585, 4.972793 ], [ -6.175513, 4.972949 ], [ -6.17518, 4.97308 ], [ -6.174857, 4.973208 ], [ -6.173554, 4.973609 ], [ -6.166436, 4.979106 ], [ -6.163855, 4.984469 ], [ -6.163772, 4.984708 ], [ -6.163667, 4.984896 ], [ -6.163561, 4.985085 ], [ -6.163247, 4.984909 ], [ -6.161452, 4.982844 ], [ -6.16128, 4.982718 ], [ -6.155446, 4.980943 ], [ -6.151549, 4.987969 ], [ -6.15426, 4.991263 ], [ -6.154306, 4.991619 ], [ -6.154087, 4.991648 ], [ -6.153868, 4.991677 ], [ -6.153651, 4.991655 ], [ -6.150965, 4.990377 ], [ -6.150788, 4.990302 ], [ -6.148663, 4.987501 ], [ -6.142264, 4.98671 ], [ -6.140152, 4.988132 ], [ -6.137634, 4.994669 ], [ -6.137574, 4.995025 ], [ -6.136882, 4.998808 ], [ -6.143221, 5.004112 ], [ -6.143514, 5.004322 ], [ -6.143058, 5.005162 ], [ -6.142956, 5.005362 ], [ -6.142771, 5.005585 ], [ -6.141213, 5.013644 ], [ -6.141654, 5.014654 ], [ -6.141958, 5.01529 ], [ -6.142267, 5.015935 ], [ -6.142406, 5.016275 ], [ -6.142554, 5.016642 ], [ -6.142715, 5.01732 ], [ -6.142876, 5.017996 ], [ -6.143117, 5.018965 ], [ -6.14351, 5.020426 ], [ -6.143664, 5.020928 ], [ -6.14332, 5.021034 ], [ -6.143166, 5.020532 ], [ -6.143012, 5.020031 ], [ -6.142768, 5.019052 ], [ -6.142527, 5.018083 ], [ -6.142365, 5.017403 ], [ -6.141634, 5.015445 ], [ -6.134629, 5.009951 ], [ -6.13442, 5.009561 ], [ -6.133855, 5.0085 ], [ -6.133554, 5.008008 ], [ -6.136461, 5.003114 ], [ -6.136472, 5.002112 ], [ -6.136483, 5.001121 ], [ -6.128761, 4.997401 ], [ -6.127644, 4.998152 ], [ -6.126743, 4.998908 ], [ -6.1245, 5.000791 ], [ -6.123597, 5.001522 ], [ -6.122684, 5.002261 ], [ -6.122411, 5.002453 ], [ -6.122125, 5.002653 ], [ -6.121712, 5.002893 ], [ -6.121283, 5.003142 ], [ -6.120643, 5.003432 ], [ -6.119995, 5.003726 ], [ -6.119607, 5.003879 ], [ -6.119202, 5.004038 ], [ -6.117895, 5.004406 ], [ -6.116588, 5.004773 ], [ -6.114978, 5.005238 ], [ -6.113376, 5.005701 ], [ -6.112819, 5.005891 ], [ -6.111888, 5.006256 ], [ -6.111505, 5.006434 ], [ -6.111116, 5.006641 ], [ -6.11074, 5.00684 ], [ -6.110197, 5.007191 ], [ -6.109383, 5.016041 ], [ -6.109413, 5.016399 ], [ -6.109115, 5.016425 ], [ -6.108817, 5.01645 ], [ -6.10868, 5.016433 ], [ -6.099765, 5.016339 ], [ -6.098574, 5.01692 ], [ -6.097393, 5.017495 ], [ -6.09682, 5.017819 ], [ -6.096241, 5.018147 ], [ -6.096019, 5.018261 ], [ -6.095794, 5.018376 ], [ -6.094875, 5.018834 ], [ -6.093943, 5.019298 ], [ -6.093325, 5.019545 ], [ -6.0927, 5.019794 ], [ -6.092477, 5.019873 ], [ -6.092233, 5.019958 ], [ -6.091751, 5.020064 ], [ -6.091259, 5.020171 ], [ -6.090831, 5.020242 ], [ -6.09039, 5.020314 ], [ -6.089867, 5.02036 ], [ -6.089323, 5.020406 ], [ -6.082168, 5.020567 ], [ -6.082013, 5.02057 ], [ -6.078305, 5.020109 ], [ -6.078269, 5.019751 ], [ -6.080748, 5.019099 ], [ -6.085151, 5.019768 ], [ -6.086738, 5.019894 ], [ -6.094715, 5.018512 ], [ -6.095634, 5.018054 ], [ -6.095854, 5.017941 ], [ -6.096643, 5.017506 ], [ -6.097216, 5.017182 ], [ -6.098417, 5.016596 ], [ -6.104872, 5.011831 ], [ -6.106339, 5.010195 ], [ -6.109603, 5.006126 ], [ -6.11326, 5.005361 ], [ -6.114878, 5.004893 ], [ -6.116488, 5.004427 ], [ -6.117797, 5.004059 ], [ -6.119475, 5.003544 ], [ -6.119863, 5.003391 ], [ -6.120494, 5.003104 ], [ -6.121531, 5.002582 ], [ -6.122204, 5.002159 ], [ -6.122477, 5.001967 ], [ -6.12337, 5.001243 ], [ -6.125546, 4.998948 ], [ -6.12629, 4.992045 ], [ -6.126307, 4.991842 ], [ -6.126324, 4.991638 ], [ -6.126395, 4.99132 ], [ -6.126462, 4.991026 ], [ -6.126972, 4.989769 ], [ -6.127474, 4.988539 ], [ -6.127641, 4.988252 ], [ -6.127797, 4.987987 ], [ -6.128121, 4.987391 ], [ -6.12758, 4.980676 ], [ -6.120222, 4.978331 ], [ -6.119374, 4.977401 ], [ -6.115773, 4.970315 ], [ -6.108425, 4.967469 ], [ -6.108229, 4.967468 ], [ -6.107997, 4.967439 ], [ -6.107788, 4.967412 ], [ -6.10756, 4.967358 ], [ -6.107351, 4.967308 ], [ -6.10713, 4.967217 ], [ -6.106938, 4.967136 ], [ -6.106724, 4.967022 ], [ -6.106526, 4.966915 ], [ -6.10626, 4.966734 ], [ -6.10601, 4.966526 ], [ -6.105808, 4.966318 ], [ -6.10562, 4.966124 ], [ -6.105468, 4.965929 ], [ -6.105327, 4.965748 ], [ -6.102208, 4.963099 ], [ -6.094886, 4.962123 ], [ -6.086685, 4.96124 ], [ -6.083145, 4.95793 ], [ -6.077957, 4.958306 ], [ -6.082282, 4.952256 ], [ -6.083121, 4.949787 ], [ -6.083574, 4.948065 ], [ -6.083706, 4.94746 ], [ -6.085291, 4.94568 ], [ -6.090284, 4.943302 ], [ -6.090611, 4.943171 ], [ -6.09098, 4.943068 ], [ -6.091256, 4.943062 ], [ -6.096888, 4.941996 ], [ -6.102358, 4.935251 ], [ -6.106748, 4.932754 ], [ -6.107771, 4.932387 ], [ -6.108793, 4.93202 ], [ -6.116139, 4.928157 ], [ -6.116395, 4.928032 ], [ -6.119314, 4.926838 ], [ -6.118735, 4.927471 ], [ -6.117878, 4.928306 ], [ -6.116123, 4.932933 ], [ -6.120933, 4.937054 ], [ -6.121132, 4.937072 ], [ -6.121366, 4.937097 ], [ -6.127128, 4.933787 ], [ -6.127276, 4.933449 ], [ -6.127591, 4.933047 ], [ -6.12794, 4.932611 ], [ -6.128196, 4.932421 ], [ -6.128473, 4.932216 ], [ -6.130386, 4.930651 ], [ -6.137486, 4.927834 ], [ -6.137931, 4.927507 ], [ -6.138391, 4.927171 ], [ -6.138956, 4.926835 ], [ -6.139528, 4.926495 ], [ -6.140884, 4.925773 ], [ -6.14224, 4.92505 ], [ -6.142409, 4.925368 ], [ -6.141053, 4.92609 ], [ -6.139697, 4.926813 ], [ -6.137661, 4.935211 ], [ -6.137991, 4.93584 ], [ -6.138087, 4.936187 ], [ -6.136269, 4.939227 ], [ -6.135985, 4.939449 ], [ -6.130003, 4.938416 ], [ -6.127388, 4.939 ], [ -6.122713, 4.946229 ], [ -6.12289, 4.946897 ], [ -6.123067, 4.947565 ], [ -6.124162, 4.956127 ], [ -6.128484, 4.96121 ], [ -6.128391, 4.962126 ], [ -6.128384, 4.962493 ], [ -6.128379, 4.96281 ], [ -6.136226, 4.967007 ], [ -6.136668, 4.96681 ], [ -6.137666, 4.966285 ], [ -6.138095, 4.9661 ], [ -6.139114, 4.965604 ], [ -6.139663, 4.965297 ], [ -6.140212, 4.96499 ], [ -6.140388, 4.965305 ], [ -6.139838, 4.965611 ], [ -6.138885, 4.966198 ], [ -6.137661, 4.966729 ], [ -6.135497, 4.968267 ], [ -6.135265, 4.968407 ], [ -6.135069, 4.96852 ], [ -6.13197, 4.970488 ], [ -6.131036, 4.971444 ], [ -6.130421, 4.972153 ], [ -6.129409, 4.973443 ], [ -6.129007, 4.974033 ], [ -6.129941, 4.982526 ], [ -6.130694, 4.983311 ], [ -6.131516, 4.984183 ], [ -6.137851, 4.986768 ], [ -6.144186, 4.984984 ], [ -6.145143, 4.984427 ], [ -6.1461, 4.983871 ], [ -6.146278, 4.983767 ], [ -6.146468, 4.983657 ], [ -6.147449, 4.983178 ], [ -6.148444, 4.982693 ], [ -6.148809, 4.982551 ], [ -6.149183, 4.982405 ], [ -6.150779, 4.981865 ], [ -6.152386, 4.981323 ], [ -6.152725, 4.981229 ], [ -6.153071, 4.981134 ], [ -6.156667, 4.978007 ], [ -6.15597, 4.972233 ], [ -6.156189, 4.971947 ], [ -6.164681, 4.970917 ], [ -6.166964, 4.972785 ], [ -6.173448, 4.973264 ], [ -6.174724, 4.972874 ], [ -6.175048, 4.972746 ], [ -6.175699, 4.972466 ], [ -6.176324, 4.972165 ], [ -6.176968, 4.97181 ], [ -6.177907, 4.971189 ], [ -6.178515, 4.970763 ], [ -6.17882, 4.970592 ], [ -6.179136, 4.970415 ], [ -6.179599, 4.970195 ], [ -6.18008, 4.969969 ], [ -6.180417, 4.96985 ], [ -6.180766, 4.969728 ], [ -6.181043, 4.96965 ], [ -6.181337, 4.969569 ], [ -6.182638, 4.969331 ], [ -6.184384, 4.968984 ], [ -6.191676, 4.964981 ], [ -6.193725, 4.964472 ], [ -6.195101, 4.964464 ], [ -6.195522, 4.964561 ], [ -6.195568, 4.964918 ], [ -6.194122, 4.965898 ], [ -6.189865, 4.96833 ], [ -6.189537, 4.968477 ], [ -6.18447, 4.969333 ], [ -6.17679, 4.972332 ], [ -6.176486, 4.972486 ], [ -6.176193, 4.972635 ], [ -6.17585, 4.972793 ] ] ], [ [ [ -5.480816, 5.851904 ], [ -5.475405, 5.847559 ], [ -5.474946, 5.847321 ], [ -5.47237, 5.845846 ], [ -5.466179, 5.851434 ], [ -5.466275, 5.851986 ], [ -5.466419, 5.853196 ], [ -5.466468, 5.853929 ], [ -5.466388, 5.85445 ], [ -5.466267, 5.854823 ], [ -5.466033, 5.855785 ], [ -5.465878, 5.856201 ], [ -5.465384, 5.856904 ], [ -5.464844, 5.857312 ], [ -5.46262, 5.858627 ], [ -5.459368, 5.857084 ], [ -5.459536, 5.856729 ], [ -5.460157, 5.855739 ], [ -5.461595, 5.849329 ], [ -5.461568, 5.84892 ], [ -5.461615, 5.848457 ], [ -5.45665, 5.841205 ], [ -5.453019, 5.840562 ], [ -5.450755, 5.840124 ], [ -5.447608, 5.839432 ], [ -5.441706, 5.838897 ], [ -5.439406, 5.839269 ], [ -5.436348, 5.840289 ], [ -5.43424, 5.841087 ], [ -5.433286, 5.849592 ], [ -5.43365, 5.849983 ], [ -5.434731, 5.851099 ], [ -5.435027, 5.851432 ], [ -5.435181, 5.851648 ], [ -5.435474, 5.852166 ], [ -5.435568, 5.852428 ], [ -5.435704, 5.852916 ], [ -5.437757, 5.857409 ], [ -5.438004, 5.857741 ], [ -5.438232, 5.858194 ], [ -5.438396, 5.858806 ], [ -5.438495, 5.859792 ], [ -5.438501, 5.860805 ], [ -5.438396, 5.861346 ], [ -5.438161, 5.863708 ], [ -5.437884, 5.865293 ], [ -5.437747, 5.866354 ], [ -5.437454, 5.867124 ], [ -5.436824, 5.868733 ], [ -5.436499, 5.869489 ], [ -5.436249, 5.869879 ], [ -5.435254, 5.871223 ], [ -5.43501, 5.871539 ], [ -5.434708, 5.871893 ], [ -5.431868, 5.86968 ], [ -5.432025, 5.869479 ], [ -5.433774929699562, 5.865473349516661 ], [ -5.433355, 5.857734 ], [ -5.43316, 5.857264 ], [ -5.429641, 5.851339 ], [ -5.429173, 5.85075 ], [ -5.427291, 5.848186 ], [ -5.426862, 5.847523 ], [ -5.426711, 5.847132 ], [ -5.420167039786588, 5.841401089256877 ], [ -5.418033, 5.841 ], [ -5.415813, 5.840574 ], [ -5.414951, 5.8403 ], [ -5.411958, 5.839289 ], [ -5.410663, 5.838795 ], [ -5.408267, 5.83794 ], [ -5.405833, 5.837072 ], [ -5.403625, 5.83626 ], [ -5.403213, 5.836076 ], [ -5.394674, 5.834894 ], [ -5.391876, 5.834935 ], [ -5.391311, 5.834907 ], [ -5.390526, 5.834808 ], [ -5.390118, 5.834734 ], [ -5.381983, 5.83842 ], [ -5.38093, 5.841196 ], [ -5.380108, 5.841694 ], [ -5.37549, 5.848918 ], [ -5.371476, 5.853296 ], [ -5.367996, 5.856518 ], [ -5.366911, 5.861178 ], [ -5.366957, 5.861769 ], [ -5.366748, 5.862944 ], [ -5.366698, 5.863182 ], [ -5.366509, 5.863766 ], [ -5.363326, 5.86399 ], [ -5.357046, 5.869512 ], [ -5.356847, 5.871426 ], [ -5.356635, 5.872625 ], [ -5.356427, 5.873433 ], [ -5.358926, 5.880853 ], [ -5.360341, 5.881833 ], [ -5.362913, 5.883556 ], [ -5.363493, 5.883818 ], [ -5.365265, 5.884478 ], [ -5.36707, 5.885151 ], [ -5.367517, 5.885338 ], [ -5.368041, 5.885621 ], [ -5.368818, 5.886154 ], [ -5.369198, 5.886492 ], [ -5.369463, 5.886783 ], [ -5.369692, 5.887081 ], [ -5.369938, 5.887476 ], [ -5.370166, 5.887987 ], [ -5.37028, 5.888402 ], [ -5.370345, 5.888859 ], [ -5.372059, 5.896792 ], [ -5.373738281306054, 5.90064284108691 ], [ -5.376172216062383, 5.905396028961925 ], [ -5.377726, 5.907002 ], [ -5.377719236370906, 5.907009065261408 ], [ -5.377926, 5.907209 ], [ -5.379863, 5.909378 ], [ -5.381257, 5.910922 ], [ -5.380817, 5.913217 ], [ -5.380533, 5.91346 ], [ -5.378683, 5.913439 ], [ -5.378359, 5.913108 ], [ -5.377167, 5.911764 ], [ -5.376039, 5.910566 ], [ -5.373802, 5.908228 ], [ -5.372771, 5.90705 ], [ -5.372738523759742, 5.90701056912283 ], [ -5.372738, 5.907011 ], [ -5.372262, 5.906432 ], [ -5.371491, 5.90543 ], [ -5.370036, 5.903776 ], [ -5.369817, 5.9035 ], [ -5.369415, 5.902872 ], [ -5.369244, 5.902537 ], [ -5.368905, 5.901597 ], [ -5.368817, 5.901276 ], [ -5.36872, 5.900387 ], [ -5.368163, 5.896696 ], [ -5.367844, 5.895752 ], [ -5.367461, 5.894779 ], [ -5.367135, 5.893885 ], [ -5.366891, 5.893137 ], [ -5.366721, 5.892508 ], [ -5.362237, 5.887192 ], [ -5.36145, 5.886845 ], [ -5.36019, 5.886176 ], [ -5.3582, 5.884728 ], [ -5.349816, 5.887077 ], [ -5.348452, 5.889067 ], [ -5.350097, 5.897308 ], [ -5.350348, 5.897606 ], [ -5.350627, 5.898032 ], [ -5.35079, 5.898373 ], [ -5.351655, 5.899783 ], [ -5.352476, 5.900935 ], [ -5.352713, 5.901462 ], [ -5.352791, 5.901748 ], [ -5.352957, 5.90251 ], [ -5.352673, 5.903236 ], [ -5.35174, 5.903511 ], [ -5.351359, 5.903584 ], [ -5.35085, 5.903594 ], [ -5.34944, 5.903276 ], [ -5.348703, 5.902473 ], [ -5.348365, 5.902066 ], [ -5.348039, 5.901452 ], [ -5.339651, 5.898982 ], [ -5.337934, 5.900843 ], [ -5.336218, 5.902703 ], [ -5.334605, 5.904439 ], [ -5.334032, 5.905181 ], [ -5.333374, 5.906144 ], [ -5.332975, 5.906772 ], [ -5.332245, 5.908182 ], [ -5.331691, 5.909598 ], [ -5.331409, 5.910445 ], [ -5.331027, 5.912125 ], [ -5.330666, 5.914103 ], [ -5.330324, 5.915966 ], [ -5.33024, 5.916676 ], [ -5.330204, 5.917106 ], [ -5.33022, 5.920683 ], [ -5.330235, 5.924336 ], [ -5.331734, 5.932647 ], [ -5.330698, 5.936094 ], [ -5.329221720794211, 5.940134406285059 ], [ -5.328917446446491, 5.942856774504125 ], [ -5.334435, 5.948552 ], [ -5.334225, 5.952146 ], [ -5.327025, 5.957358 ], [ -5.325493, 5.96066 ], [ -5.324317, 5.962979 ], [ -5.324019, 5.963676 ], [ -5.320708, 5.962262 ], [ -5.321006, 5.961565 ], [ -5.32228, 5.959036 ], [ -5.323759, 5.955844 ], [ -5.324143, 5.95461 ], [ -5.324277, 5.954045 ], [ -5.324652, 5.952174 ], [ -5.324788578505747, 5.951426070087574 ], [ -5.324788, 5.951426 ], [ -5.324981, 5.949838 ], [ -5.318098, 5.945065 ], [ -5.317637, 5.945091 ], [ -5.317178, 5.945089 ], [ -5.315163, 5.945161 ], [ -5.314738, 5.941587 ], [ -5.31955, 5.936327 ], [ -5.319927, 5.932747 ], [ -5.324165518074943, 5.928830061871255 ], [ -5.326637, 5.924198 ], [ -5.32662, 5.920699 ], [ -5.326604, 5.917122 ], [ -5.326649, 5.916421 ], [ -5.326747, 5.915552 ], [ -5.327125, 5.913458 ], [ -5.327485, 5.91148 ], [ -5.327857, 5.907899 ], [ -5.328455, 5.907119 ], [ -5.329793, 5.905089 ], [ -5.330322, 5.904234 ], [ -5.331057, 5.903153 ], [ -5.331751, 5.902245 ], [ -5.333572, 5.900261 ], [ -5.335289, 5.898401 ], [ -5.337005, 5.896541 ], [ -5.338722, 5.894681 ], [ -5.340612, 5.89262 ], [ -5.342505, 5.890555 ], [ -5.344082, 5.888769 ], [ -5.344686, 5.888005 ], [ -5.346844, 5.885046 ], [ -5.34795, 5.883276 ], [ -5.348853, 5.881711 ], [ -5.349552, 5.880383 ], [ -5.350051, 5.879374 ], [ -5.350545, 5.87827 ], [ -5.351638, 5.875668 ], [ -5.352756, 5.873058 ], [ -5.353465, 5.869148 ], [ -5.353565, 5.868316 ], [ -5.353708, 5.866488 ], [ -5.353977, 5.863803 ], [ -5.349782, 5.857679 ], [ -5.347448, 5.856733 ], [ -5.347263, 5.856685 ], [ -5.342302, 5.854188 ], [ -5.340986, 5.85213 ], [ -5.336791, 5.844292 ], [ -5.333874, 5.84458 ], [ -5.331123, 5.844644 ], [ -5.330095, 5.844882 ], [ -5.32816, 5.845566 ], [ -5.327386, 5.845897 ], [ -5.324751, 5.846765 ], [ -5.322135, 5.847627 ], [ -5.320355, 5.848235 ], [ -5.3183, 5.848897 ], [ -5.316772, 5.849499 ], [ -5.314118, 5.850775 ], [ -5.310911, 5.85229 ], [ -5.308175, 5.853625 ], [ -5.30651, 5.854481 ], [ -5.303747, 5.855952 ], [ -5.30016, 5.863752 ], [ -5.30024, 5.865492 ], [ -5.300328, 5.866448 ], [ -5.300574, 5.86967 ], [ -5.30063, 5.872426 ], [ -5.300971, 5.875068 ], [ -5.301039, 5.875485 ], [ -5.299858, 5.876881 ], [ -5.297587, 5.876184 ], [ -5.297478, 5.876065 ], [ -5.296772, 5.875027 ], [ -5.296931, 5.873906 ], [ -5.296957, 5.872814 ], [ -5.296844, 5.87088 ], [ -5.296876, 5.87013 ], [ -5.296758, 5.868559 ], [ -5.296694, 5.866937 ], [ -5.288946, 5.862765 ], [ -5.287269, 5.863376 ], [ -5.285804, 5.863838 ], [ -5.284005, 5.864346 ], [ -5.282235, 5.864847 ], [ -5.281273, 5.865134 ], [ -5.280237, 5.865491 ], [ -5.278139, 5.866321 ], [ -5.27681, 5.866781 ], [ -5.275636, 5.867093 ], [ -5.269576, 5.868901 ], [ -5.267203, 5.86982 ], [ -5.26483, 5.870738 ], [ -5.25991, 5.877074 ], [ -5.257795, 5.879987 ], [ -5.256447, 5.879457 ], [ -5.255845, 5.879121 ], [ -5.255283, 5.878661 ], [ -5.246809, 5.877751 ], [ -5.24472, 5.878699 ], [ -5.241663, 5.87999 ], [ -5.238912, 5.881046 ], [ -5.236815, 5.881877 ], [ -5.229048, 5.885614 ], [ -5.228229, 5.886077 ], [ -5.227325, 5.886493 ], [ -5.224767, 5.887414 ], [ -5.224143, 5.887601 ], [ -5.221906, 5.888108 ], [ -5.220053, 5.888469 ], [ -5.21481, 5.889264 ], [ -5.213681, 5.885845 ], [ -5.214466, 5.885586 ], [ -5.215355, 5.885385 ], [ -5.216259, 5.885243 ], [ -5.218635, 5.885022 ], [ -5.22121, 5.884576 ], [ -5.228502, 5.881629 ], [ -5.22951, 5.880979 ], [ -5.229976, 5.880714 ], [ -5.230787, 5.880331 ], [ -5.230883794338481, 5.880291979034199 ], [ -5.230883, 5.88029 ], [ -5.232, 5.879842 ], [ -5.233792, 5.879167 ], [ -5.235548, 5.878507 ], [ -5.237585, 5.877699 ], [ -5.240372, 5.876629 ], [ -5.243318, 5.875383 ], [ -5.245322, 5.874473 ], [ -5.247241, 5.873672 ], [ -5.249109, 5.872893 ], [ -5.251568, 5.871887 ], [ -5.254015, 5.870886 ], [ -5.257372, 5.869643 ], [ -5.2593, 5.868958 ], [ -5.261205, 5.868282 ], [ -5.263531, 5.867381 ], [ -5.265904, 5.866463 ], [ -5.268277, 5.865544 ], [ -5.27065, 5.864626 ], [ -5.271162, 5.864446 ], [ -5.271743, 5.864271 ], [ -5.27486, 5.863578 ], [ -5.276948, 5.862923 ], [ -5.278911, 5.862144 ], [ -5.280097, 5.861732 ], [ -5.281199, 5.861399 ], [ -5.283025, 5.860882 ], [ -5.284824, 5.860373 ], [ -5.286187, 5.859943 ], [ -5.28771, 5.859384 ], [ -5.289958, 5.858594 ], [ -5.292903, 5.857521 ], [ -5.293575, 5.85724 ], [ -5.294459, 5.856798 ], [ -5.29688, 5.855515 ], [ -5.302639, 5.848674 ], [ -5.302621, 5.845166 ], [ -5.300508, 5.840682 ], [ -5.298821, 5.838732 ], [ -5.298034, 5.837964 ], [ -5.293151346184596, 5.834034917180019 ], [ -5.285525, 5.835567 ], [ -5.284789, 5.835948 ], [ -5.283176, 5.836457 ], [ -5.281567, 5.83678 ], [ -5.280319, 5.836927 ], [ -5.279898, 5.833351 ], [ -5.286275, 5.829522 ], [ -5.286793, 5.829169 ], [ -5.287235, 5.828929 ], [ -5.287547, 5.82878 ], [ -5.287975, 5.828606 ], [ -5.288694, 5.828405 ], [ -5.289303, 5.828339 ], [ -5.28985, 5.828396 ], [ -5.290153, 5.828478 ], [ -5.291687, 5.828866 ], [ -5.292015, 5.828955 ], [ -5.292563, 5.829233 ], [ -5.296543, 5.830878 ], [ -5.297194, 5.831022 ], [ -5.29783, 5.831335 ], [ -5.298139, 5.831544 ], [ -5.298517, 5.831886 ], [ -5.299227, 5.832791 ], [ -5.299823, 5.833496 ], [ -5.300057, 5.833752 ], [ -5.300399, 5.834211 ], [ -5.302616, 5.837132 ], [ -5.303015, 5.837599 ], [ -5.304412, 5.839288 ], [ -5.305319, 5.840749 ], [ -5.305621, 5.841253 ], [ -5.306174, 5.842368 ], [ -5.306373, 5.842866 ], [ -5.306505, 5.843542 ], [ -5.314831, 5.846409 ], [ -5.315405, 5.846169 ], [ -5.316436, 5.845746 ], [ -5.317072, 5.845513 ], [ -5.319249, 5.844809 ], [ -5.32097, 5.84422 ], [ -5.323625, 5.843346 ], [ -5.32626, 5.842478 ], [ -5.332395, 5.835989 ], [ -5.335003, 5.827806 ], [ -5.334326, 5.822793 ], [ -5.333999, 5.821292 ], [ -5.328104, 5.81609 ], [ -5.32743, 5.81576 ], [ -5.323933, 5.814058 ], [ -5.323096, 5.813747 ], [ -5.317472, 5.812285 ], [ -5.31526, 5.812168 ], [ -5.314856, 5.81212 ], [ -5.314515, 5.812039 ], [ -5.312591, 5.811378 ], [ -5.311893, 5.810766 ], [ -5.308623, 5.808826 ], [ -5.308052, 5.808523 ], [ -5.307521, 5.808188 ], [ -5.307103, 5.807841 ], [ -5.301725, 5.804298 ], [ -5.298023, 5.803786 ], [ -5.296404, 5.800876 ], [ -5.299126, 5.798519 ], [ -5.306183, 5.801764 ], [ -5.306614, 5.801894 ], [ -5.307156, 5.802153 ], [ -5.307475, 5.802383 ], [ -5.313388, 5.806906 ], [ -5.319825, 5.808804 ], [ -5.320664, 5.808929 ], [ -5.321184, 5.809048 ], [ -5.322281, 5.809368 ], [ -5.322821, 5.809531 ], [ -5.32404, 5.810147 ], [ -5.325532, 5.810737 ], [ -5.326155, 5.810918 ], [ -5.326898, 5.811258 ], [ -5.327547, 5.811678 ], [ -5.329228, 5.812641 ], [ -5.329664, 5.812845 ], [ -5.331626, 5.813392 ], [ -5.338664, 5.808786 ], [ -5.338248, 5.806723 ], [ -5.337812, 5.804534 ], [ -5.337706, 5.803587 ], [ -5.337745, 5.802426 ], [ -5.337892, 5.801711 ], [ -5.338034, 5.800663 ], [ -5.338132, 5.798202 ], [ -5.336828, 5.791647 ], [ -5.336553, 5.79108 ], [ -5.336408, 5.790617 ], [ -5.335846, 5.788158 ], [ -5.335623, 5.787398 ], [ -5.334426, 5.784385 ], [ -5.333265, 5.781456 ], [ -5.332756, 5.78034 ], [ -5.331497, 5.777586 ], [ -5.330915, 5.776325 ], [ -5.327696, 5.772161 ], [ -5.326995, 5.771169 ], [ -5.326813, 5.770669 ], [ -5.326697, 5.770287 ], [ -5.326469, 5.769513 ], [ -5.324578, 5.766627 ], [ -5.316152, 5.768167 ], [ -5.315853, 5.768903 ], [ -5.315518, 5.770103 ], [ -5.315148, 5.773166 ], [ -5.313874, 5.773984 ], [ -5.307945, 5.771979 ], [ -5.307143, 5.771882 ], [ -5.305729, 5.771578 ], [ -5.305127, 5.771457 ], [ -5.305839, 5.767928 ], [ -5.309751, 5.767695 ], [ -5.313782735692414, 5.764581464982878 ], [ -5.313235, 5.756352 ], [ -5.311452, 5.754508 ], [ -5.305477, 5.752596 ], [ -5.305031, 5.752628 ], [ -5.302177, 5.753364 ], [ -5.298994, 5.751682 ], [ -5.299184, 5.751322 ], [ -5.299393, 5.75099 ], [ -5.299697, 5.750635 ], [ -5.301594, 5.742054 ], [ -5.300742, 5.739569 ], [ -5.29906, 5.736986 ], [ -5.298422, 5.736088 ], [ -5.297026, 5.734191 ], [ -5.295673, 5.73235 ], [ -5.294918, 5.731405 ], [ -5.293961, 5.730267 ], [ -5.296717, 5.72795 ], [ -5.297673, 5.729087 ], [ -5.298485, 5.730103 ], [ -5.299925, 5.732057 ], [ -5.301322, 5.733953 ], [ -5.301995, 5.734902 ], [ -5.303758, 5.737603 ], [ -5.31029, 5.739109 ], [ -5.313522, 5.740693 ], [ -5.315591, 5.74231 ], [ -5.316959, 5.745412 ], [ -5.31679, 5.745968 ], [ -5.316599, 5.746404 ], [ -5.317623, 5.755069 ], [ -5.318773, 5.756058 ], [ -5.319875, 5.75693 ], [ -5.321856, 5.758699 ], [ -5.323163, 5.760015 ], [ -5.324815, 5.761573 ], [ -5.325999, 5.762816 ], [ -5.327262, 5.764228 ], [ -5.328488, 5.7656 ], [ -5.328945, 5.766168 ], [ -5.329375, 5.76688 ], [ -5.331872095732491, 5.770787237862889 ], [ -5.339579, 5.770794 ], [ -5.340002, 5.770544 ], [ -5.340477, 5.770336 ], [ -5.34082, 5.770232 ], [ -5.341356, 5.770119 ], [ -5.348402, 5.767028 ], [ -5.351709, 5.765606 ], [ -5.351715539259188, 5.765621198057266 ], [ -5.351716, 5.765621 ], [ -5.352795, 5.76813 ], [ -5.351354, 5.770665 ], [ -5.351329, 5.770693 ], [ -5.3512, 5.770827 ], [ -5.351012, 5.771004 ], [ -5.350574, 5.771311 ], [ -5.349933, 5.771606 ], [ -5.34675, 5.773614 ], [ -5.345903, 5.774016 ], [ -5.345432, 5.774094 ], [ -5.343947, 5.774049 ], [ -5.339189, 5.776018 ], [ -5.337772, 5.783057 ], [ -5.338968, 5.78607 ], [ -5.341473, 5.791348 ], [ -5.341967, 5.792122 ], [ -5.342277, 5.792859 ], [ -5.34247, 5.79357 ], [ -5.342569, 5.794666 ], [ -5.342427, 5.795984 ], [ -5.341877, 5.797944 ], [ -5.341632, 5.800781 ], [ -5.341463, 5.802167 ], [ -5.341382, 5.804072 ], [ -5.341777, 5.806011 ], [ -5.342193, 5.808075 ], [ -5.351042, 5.809016 ], [ -5.357343, 5.805488 ], [ -5.358807, 5.804493 ], [ -5.362311, 5.801235 ], [ -5.363694, 5.798703 ], [ -5.364625, 5.797646 ], [ -5.366782, 5.795281 ], [ -5.367449, 5.794344 ], [ -5.368141, 5.793435 ], [ -5.368383, 5.793119 ], [ -5.368745463828493, 5.793188999325666 ], [ -5.370398, 5.791972 ], [ -5.371426, 5.791409 ], [ -5.371859, 5.791327 ], [ -5.372286, 5.791318 ], [ -5.37535030829467, 5.793982279916194 ], [ -5.382646, 5.793767 ], [ -5.382994, 5.793433 ], [ -5.383609, 5.793028 ], [ -5.385569, 5.791427 ], [ -5.386623, 5.790549 ], [ -5.387319, 5.790287 ], [ -5.394344, 5.785536 ], [ -5.398571, 5.78002 ], [ -5.399174, 5.779346 ], [ -5.401855, 5.781749 ], [ -5.401326, 5.782703 ], [ -5.400332, 5.78492 ], [ -5.400101, 5.785484 ], [ -5.39981, 5.785971 ], [ -5.399341, 5.786509 ], [ -5.398768, 5.786972 ], [ -5.395682, 5.790078 ], [ -5.39525, 5.790633 ], [ -5.394532, 5.791342 ], [ -5.393977, 5.791844 ], [ -5.393176, 5.792384 ], [ -5.392637, 5.79266 ], [ -5.391816, 5.792906 ], [ -5.390967, 5.79318 ], [ -5.387493688537205, 5.795097098927007 ], [ -5.387552, 5.802767 ], [ -5.388655, 5.806107 ], [ -5.387724539573322, 5.807337269295547 ], [ -5.39023, 5.814093 ], [ -5.392495, 5.816892 ], [ -5.391819, 5.817546 ], [ -5.391237, 5.817977 ], [ -5.390654, 5.818245 ], [ -5.389008, 5.819242 ], [ -5.389458, 5.828104 ], [ -5.396506, 5.830432 ], [ -5.397339, 5.830368 ], [ -5.399226, 5.830368 ], [ -5.399661, 5.830357 ], [ -5.400627, 5.830402 ], [ -5.400992, 5.830468 ], [ -5.401472, 5.830619 ], [ -5.402139, 5.830925 ], [ -5.402592, 5.831194 ], [ -5.4035, 5.831864 ], [ -5.411914, 5.828742 ], [ -5.411561, 5.825442 ], [ -5.411425, 5.82344 ], [ -5.411582, 5.822141 ], [ -5.411976, 5.821151 ], [ -5.412431, 5.820487 ], [ -5.413192, 5.819737 ], [ -5.414014, 5.819237 ], [ -5.416568, 5.818224 ], [ -5.420159, 5.816193 ], [ -5.4232, 5.8104 ], [ -5.423347, 5.809568 ], [ -5.423582, 5.808835 ], [ -5.424806, 5.805516 ], [ -5.425064, 5.804781 ], [ -5.425422, 5.804166 ], [ -5.426937, 5.801623 ], [ -5.430192, 5.803162 ], [ -5.4296, 5.804414 ], [ -5.42875546105099, 5.806226834034795 ], [ -5.426958, 5.813462 ], [ -5.426947, 5.814594 ], [ -5.426725, 5.815596 ], [ -5.426276, 5.816477 ], [ -5.425561, 5.817315 ], [ -5.42413, 5.818284 ], [ -5.421042, 5.820161 ], [ -5.420128, 5.820708 ], [ -5.415493, 5.828359 ], [ -5.415693, 5.830924 ], [ -5.418401, 5.836074 ], [ -5.422403, 5.838165 ], [ -5.42539, 5.838923 ], [ -5.429048, 5.838688 ], [ -5.430567, 5.83839 ], [ -5.431564, 5.838149 ], [ -5.432966, 5.83772 ], [ -5.435074, 5.836922 ], [ -5.437395, 5.836058 ], [ -5.43883, 5.835716 ], [ -5.44113, 5.835343 ], [ -5.442591, 5.835115 ], [ -5.44348, 5.835063 ], [ -5.444407, 5.835095 ], [ -5.445282, 5.835233 ], [ -5.448383, 5.835916 ], [ -5.451438, 5.83659 ], [ -5.453647, 5.837017 ], [ -5.457278, 5.83766 ], [ -5.460884, 5.838299 ], [ -5.462772, 5.838607 ], [ -5.463239, 5.838686 ], [ -5.464532, 5.838973 ], [ -5.465366, 5.839203 ], [ -5.467576, 5.839894 ], [ -5.470026, 5.840621 ], [ -5.470947, 5.840958 ], [ -5.471641, 5.841277 ], [ -5.474161, 5.842723 ], [ -5.48022, 5.845757 ], [ -5.487267, 5.844942 ], [ -5.489992, 5.842863 ], [ -5.493569, 5.843268 ], [ -5.493536, 5.844631 ], [ -5.493528, 5.845081 ], [ -5.49962, 5.851544 ], [ -5.501339, 5.85176 ], [ -5.502482, 5.851838 ], [ -5.504373, 5.851942 ], [ -5.504372977246894, 5.851942415215317 ], [ -5.504619, 5.851956 ], [ -5.505958, 5.852066 ], [ -5.508712, 5.852244 ], [ -5.51149, 5.852547 ], [ -5.5111, 5.856126 ], [ -5.505728, 5.855659 ], [ -5.502284, 5.855433 ], [ -5.501093, 5.855351 ], [ -5.499177, 5.855116 ], [ -5.491554, 5.855383 ], [ -5.485805645265986, 5.854184977491157 ], [ -5.483507, 5.854295 ], [ -5.480816, 5.851904 ] ] ], [ [ [ -6.6544, 5.804288 ], [ -6.654213, 5.803717 ], [ -6.654137504831545, 5.803460237786452 ], [ -6.654135, 5.803461 ], [ -6.653916, 5.802741 ], [ -6.653253, 5.800452 ], [ -6.653169307235247, 5.800173907597752 ], [ -6.653169, 5.800174 ], [ -6.652432, 5.797724 ], [ -6.651379100158602, 5.796013355662269 ], [ -6.648779, 5.792169 ], [ -6.646939, 5.791054 ], [ -6.644767, 5.790105 ], [ -6.644375, 5.789928 ], [ -6.639937, 5.788212 ], [ -6.637973, 5.788191 ], [ -6.637043, 5.788296 ], [ -6.635149, 5.78848 ], [ -6.634658, 5.788474 ], [ -6.634178, 5.788384 ], [ -6.627329, 5.791376 ], [ -6.626586, 5.793242 ], [ -6.633123, 5.799293 ], [ -6.633438, 5.799154 ], [ -6.633768, 5.79904 ], [ -6.634255, 5.798929 ], [ -6.634823, 5.798886 ], [ -6.636851, 5.801285 ], [ -6.636515, 5.801759 ], [ -6.635465898571999, 5.806155769308676 ], [ -6.635717, 5.80997 ], [ -6.635447563950386, 5.811608504719509 ], [ -6.637475, 5.817794 ], [ -6.637190848318861, 5.818661846592811 ], [ -6.63686, 5.821207 ], [ -6.635811650168265, 5.822960836900403 ], [ -6.635802, 5.823035 ], [ -6.635847, 5.824045 ], [ -6.63612, 5.826827 ], [ -6.63622, 5.828218 ], [ -6.636374, 5.830978 ], [ -6.63278, 5.83118 ], [ -6.632495, 5.827959 ], [ -6.632269, 5.824439 ], [ -6.632207022648279, 5.823226998455226 ], [ -6.632207, 5.823227 ], [ -6.632203125217472, 5.823169991459276 ], [ -6.632203, 5.82317 ], [ -6.632026, 5.820564 ], [ -6.631939, 5.819757 ], [ -6.631883, 5.818921 ], [ -6.63157, 5.816316 ], [ -6.631473, 5.815517 ], [ -6.624536, 5.810313 ], [ -6.622703, 5.811594 ], [ -6.622497, 5.811656 ], [ -6.622272, 5.81172 ], [ -6.620788, 5.811947 ], [ -6.619123, 5.811941 ], [ -6.612625, 5.810253 ], [ -6.610904, 5.809226 ], [ -6.608506, 5.807002 ], [ -6.60654, 5.805624 ], [ -6.598395, 5.807708 ], [ -6.59863, 5.811971 ], [ -6.598337, 5.813527 ], [ -6.598298, 5.813792 ], [ -6.598333, 5.816361 ], [ -6.598314, 5.816713 ], [ -6.598259, 5.817125 ], [ -6.597728, 5.819779 ], [ -6.597628, 5.820158 ], [ -6.597522, 5.82047 ], [ -6.596733, 5.826849 ], [ -6.596892, 5.828738 ], [ -6.596991, 5.830712 ], [ -6.596913, 5.831379 ], [ -6.596668, 5.832175 ], [ -6.596739, 5.840979 ], [ -6.596909, 5.841501 ], [ -6.597002, 5.841908 ], [ -6.597075, 5.842402 ], [ -6.597102, 5.843067 ], [ -6.59706, 5.843471 ], [ -6.596923, 5.844194 ], [ -6.596746, 5.844727 ], [ -6.596443, 5.8455 ], [ -6.595401, 5.847631 ], [ -6.59436, 5.849698 ], [ -6.594970988569259, 5.852408803701236 ], [ -6.599569, 5.857525 ], [ -6.600789, 5.860912 ], [ -6.599759, 5.861283 ], [ -6.599064361993297, 5.861349509822192 ], [ -6.599064, 5.861389 ], [ -6.595926, 5.86165 ], [ -6.592059, 5.862496 ], [ -6.590152, 5.868907 ], [ -6.590799, 5.871364 ], [ -6.59147, 5.873928 ], [ -6.591609, 5.874716 ], [ -6.591787, 5.877941 ], [ -6.591967, 5.881324 ], [ -6.591944, 5.881765 ], [ -6.591869, 5.882264 ], [ -6.59157, 5.883533 ], [ -6.593248, 5.89136 ], [ -6.598024, 5.897424 ], [ -6.598133, 5.899449 ], [ -6.596467, 5.904035 ], [ -6.594435711259431, 5.909769105195219 ], [ -6.595584, 5.912779 ], [ -6.59275, 5.921166 ], [ -6.589208, 5.920523 ], [ -6.589664, 5.918012 ], [ -6.589961334771592, 5.91040402136447 ], [ -6.5899579392539, 5.910369412452821 ], [ -6.588011, 5.901937 ], [ -6.588594, 5.898673 ], [ -6.588417, 5.889928 ], [ -6.588129, 5.889295 ], [ -6.587971, 5.888827 ], [ -6.587859, 5.888251 ], [ -6.58784, 5.886477 ], [ -6.587973, 5.883377 ], [ -6.588013, 5.882973 ], [ -6.588192, 5.878139 ], [ -6.587317, 5.872281 ], [ -6.58667, 5.869824 ], [ -6.585916, 5.867043 ], [ -6.585807, 5.866499 ], [ -6.585771, 5.865886 ], [ -6.585864, 5.865077 ], [ -6.586029, 5.864375 ], [ -6.586641, 5.859988 ], [ -6.586651, 5.858187 ], [ -6.586716, 5.857521 ], [ -6.58682, 5.857002 ], [ -6.586906, 5.8567 ], [ -6.588002, 5.853225 ], [ -6.58819, 5.852764 ], [ -6.588395, 5.852364 ], [ -6.588671, 5.851901 ], [ -6.590452, 5.849385 ], [ -6.59059, 5.849141 ], [ -6.591173, 5.848025 ], [ -6.592185, 5.846013 ], [ -6.592126, 5.838639 ], [ -6.59194, 5.837969 ], [ -6.591822, 5.837413 ], [ -6.59174, 5.836872 ], [ -6.591706, 5.836227 ], [ -6.591726, 5.835753 ], [ -6.585371, 5.829707 ], [ -6.584798, 5.829852 ], [ -6.58343, 5.830145 ], [ -6.581094, 5.831529 ], [ -6.580571, 5.832003 ], [ -6.579647, 5.83268 ], [ -6.578677, 5.833542 ], [ -6.577232, 5.835535 ], [ -6.576758, 5.836104 ], [ -6.576339, 5.836498 ], [ -6.576011, 5.836738 ], [ -6.574502, 5.837706 ], [ -6.572864, 5.838781 ], [ -6.571994, 5.839352 ], [ -6.570931, 5.840071 ], [ -6.570551, 5.840268 ], [ -6.570293, 5.840364 ], [ -6.568886, 5.840859 ], [ -6.565476984024181, 5.844019269512778 ], [ -6.562089, 5.849074 ], [ -6.558497, 5.848836 ], [ -6.555643, 5.846044 ], [ -6.55377, 5.842969 ], [ -6.554396741689727, 5.842587505058427 ], [ -6.550393, 5.841286 ], [ -6.549566, 5.841627 ], [ -6.549565854641066, 5.841626648028257 ], [ -6.549565, 5.841627 ], [ -6.548191, 5.8383 ], [ -6.547098101536608, 5.834135898463392 ], [ -6.546811, 5.833043 ], [ -6.546811113578449, 5.83304243275035 ], [ -6.546811, 5.833042 ], [ -6.547517, 5.829512 ], [ -6.555955, 5.827351 ], [ -6.557746, 5.825266 ], [ -6.559497, 5.823229 ], [ -6.56069, 5.821614 ], [ -6.561419, 5.82057 ], [ -6.562241, 5.819285 ], [ -6.563332, 5.817689 ], [ -6.564275, 5.81649 ], [ -6.565779, 5.814619 ], [ -6.568486, 5.807165 ], [ -6.569677, 5.803768 ], [ -6.562914, 5.798993 ], [ -6.562334, 5.799144 ], [ -6.561561, 5.799219 ], [ -6.560767, 5.799157 ], [ -6.560008, 5.799032 ], [ -6.55925, 5.79885 ], [ -6.556761, 5.798409 ], [ -6.549171, 5.798981 ], [ -6.548034, 5.799454 ], [ -6.543444, 5.801261 ], [ -6.543119, 5.801411 ], [ -6.5403, 5.803165 ], [ -6.539892, 5.803392 ], [ -6.539341, 5.803566 ], [ -6.538899, 5.803619 ], [ -6.538404, 5.80363 ], [ -6.537569, 5.803633 ], [ -6.535897, 5.803752 ], [ -6.532764, 5.804364 ], [ -6.532271, 5.804458 ], [ -6.531228, 5.804526 ], [ -6.530996, 5.800933 ], [ -6.536137, 5.795369 ], [ -6.539737, 5.795402 ], [ -6.545390413921647, 5.795946323903369 ], [ -6.549033, 5.794331 ], [ -6.550546, 5.793657 ], [ -6.551693, 5.793321 ], [ -6.552407, 5.793244 ], [ -6.552915, 5.79325 ], [ -6.553414, 5.793318 ], [ -6.554474, 5.793673 ], [ -6.555643, 5.794161 ], [ -6.556467, 5.794424 ], [ -6.557612, 5.794763 ], [ -6.55962, 5.795179 ], [ -6.562669, 5.795279 ], [ -6.563784, 5.794966 ], [ -6.56498, 5.794596 ], [ -6.56423, 5.785654 ], [ -6.564492, 5.782066 ], [ -6.566605, 5.779448 ], [ -6.568123, 5.776324 ], [ -6.570381, 5.772327 ], [ -6.57051, 5.771401 ], [ -6.564586, 5.764689 ], [ -6.56409, 5.764757 ], [ -6.56359, 5.764766 ], [ -6.558638, 5.767246 ], [ -6.557595, 5.767049 ], [ -6.556069, 5.765839 ], [ -6.550135678911647, 5.763674444934257 ], [ -6.547698, 5.764822 ], [ -6.54747, 5.764931 ], [ -6.543868, 5.765039 ], [ -6.542353, 5.761773 ], [ -6.544304, 5.757005 ], [ -6.546971, 5.754588 ], [ -6.553851, 5.750519 ], [ -6.553326, 5.747996 ], [ -6.553287209903215, 5.747808598493451 ], [ -6.552833, 5.745625 ], [ -6.552835136654179, 5.745624556303303 ], [ -6.552787, 5.745392 ], [ -6.552665, 5.744632 ], [ -6.55622, 5.744063 ], [ -6.561161, 5.736877 ], [ -6.564643, 5.735965 ], [ -6.564903, 5.736831 ], [ -6.564995, 5.737151 ], [ -6.565292, 5.738584 ], [ -6.565368, 5.738985 ], [ -6.565391, 5.739427 ], [ -6.565561, 5.741745 ], [ -6.565547, 5.74227 ], [ -6.566618, 5.749569 ], [ -6.569287, 5.753098 ], [ -6.569658, 5.753497 ], [ -6.57002, 5.754002 ], [ -6.574684, 5.757773 ], [ -6.582452, 5.756451 ], [ -6.584637, 5.756452 ], [ -6.589325, 5.756651 ], [ -6.59051, 5.756715 ], [ -6.59705, 5.758408 ], [ -6.597445, 5.758591 ], [ -6.598263, 5.758989 ], [ -6.599449, 5.759582 ], [ -6.602155, 5.761261 ], [ -6.606373, 5.763827 ], [ -6.606523, 5.764325 ], [ -6.606447, 5.765246 ], [ -6.606214, 5.765929 ], [ -6.605991, 5.766472 ], [ -6.60579, 5.768958 ], [ -6.605998, 5.77212 ], [ -6.614061, 5.773658 ], [ -6.615331, 5.769144 ], [ -6.619828, 5.765731 ], [ -6.623417, 5.758756 ], [ -6.623259, 5.756409 ], [ -6.623105, 5.754108 ], [ -6.62292, 5.752096 ], [ -6.622863, 5.751009 ], [ -6.622594, 5.747637 ], [ -6.622555, 5.746623 ], [ -6.622576, 5.745725 ], [ -6.622651, 5.745033 ], [ -6.622764, 5.744355 ], [ -6.623071, 5.742929 ], [ -6.623219, 5.742139 ], [ -6.623377, 5.741443 ], [ -6.623744, 5.739596 ], [ -6.624318, 5.73687 ], [ -6.624536, 5.735664 ], [ -6.618993, 5.728897 ], [ -6.618474, 5.728942 ], [ -6.617295, 5.728913 ], [ -6.614232, 5.728614 ], [ -6.613115, 5.728375 ], [ -6.613117778394316, 5.728362012021258 ], [ -6.612848, 5.728301 ], [ -6.611667, 5.727868 ], [ -6.609631, 5.726963 ], [ -6.608871725634645, 5.726624964336604 ], [ -6.600171, 5.725494 ], [ -6.599463, 5.725459 ], [ -6.59905, 5.725326 ], [ -6.59862, 5.725093 ], [ -6.597929, 5.72462 ], [ -6.59773, 5.724461 ], [ -6.601239, 5.717417 ], [ -6.604827, 5.717132 ], [ -6.604941, 5.718553 ], [ -6.607508, 5.722078 ], [ -6.612406539791816, 5.720959798515595 ], [ -6.615523, 5.717385 ], [ -6.61594, 5.717316 ], [ -6.617048, 5.717209 ], [ -6.617679, 5.717256 ], [ -6.61888, 5.717365 ], [ -6.619517, 5.717365 ], [ -6.620796, 5.71797 ], [ -6.621478, 5.718629 ], [ -6.621849, 5.718968 ], [ -6.630449, 5.716434 ], [ -6.627161, 5.710688 ], [ -6.626779, 5.710487 ], [ -6.626394, 5.710207 ], [ -6.625886, 5.709752 ], [ -6.625139, 5.709031 ], [ -6.624781, 5.708622 ], [ -6.627491, 5.706252 ], [ -6.631122, 5.700797 ], [ -6.631268, 5.697316 ], [ -6.631255, 5.69698 ], [ -6.631282, 5.696207 ], [ -6.63133, 5.694045 ], [ -6.631332, 5.693783 ], [ -6.634932, 5.693822 ], [ -6.643014, 5.691002 ], [ -6.643279, 5.690204 ], [ -6.643897, 5.687972 ], [ -6.644551, 5.681895 ], [ -6.644552031046919, 5.681894989403129 ], [ -6.644553, 5.681886 ], [ -6.644319, 5.68003 ], [ -6.643562, 5.677584 ], [ -6.640829, 5.673619 ], [ -6.641551, 5.670093 ], [ -6.64205, 5.667455 ], [ -6.642293, 5.666327 ], [ -6.643972, 5.666022 ], [ -6.644448, 5.66613 ], [ -6.645812, 5.667086 ], [ -6.646701, 5.672483 ], [ -6.648063, 5.680356 ], [ -6.648074127709934, 5.680531393904216 ], [ -6.648081, 5.680531 ], [ -6.648147, 5.68168 ], [ -6.648148965133213, 5.681858020913909 ], [ -6.648151, 5.681858 ], [ -6.648186, 5.685213 ], [ -6.648115, 5.686041 ], [ -6.648012, 5.686585 ], [ -6.647367, 5.688932 ], [ -6.646749, 5.691164 ], [ -6.646433, 5.692128 ], [ -6.645435, 5.694951 ], [ -6.645401806036569, 5.695036924945339 ], [ -6.645402, 5.695037 ], [ -6.645401663779177, 5.69503786993721 ], [ -6.645402, 5.695038 ], [ -6.64491, 5.69631 ], [ -6.644699, 5.696735 ], [ -6.642054, 5.702107 ], [ -6.64038, 5.705545 ], [ -6.639116, 5.708023 ], [ -6.637865, 5.710477 ], [ -6.636368, 5.713449 ], [ -6.634914, 5.716381 ], [ -6.634741, 5.716794 ], [ -6.633055, 5.720844 ], [ -6.633840470016915, 5.723896367815022 ], [ -6.638666, 5.728254 ], [ -6.642126, 5.724911 ], [ -6.642612, 5.724118 ], [ -6.643296, 5.723604 ], [ -6.644197, 5.723099 ], [ -6.64583, 5.722398 ], [ -6.646683, 5.72205 ], [ -6.647951, 5.721855 ], [ -6.650368, 5.721183 ], [ -6.651098, 5.720826 ], [ -6.652097, 5.720507 ], [ -6.653648, 5.720415 ], [ -6.653859, 5.724009 ], [ -6.65198, 5.724514 ], [ -6.650667, 5.725003 ], [ -6.649652, 5.72527 ], [ -6.647795, 5.733722 ], [ -6.65101, 5.736037 ], [ -6.651716, 5.73631 ], [ -6.654159, 5.736858 ], [ -6.654861, 5.736849 ], [ -6.656723, 5.736643 ], [ -6.657283, 5.736481 ], [ -6.658455, 5.739885 ], [ -6.657886, 5.740081 ], [ -6.656668, 5.740391 ], [ -6.655062, 5.740482 ], [ -6.654335, 5.740454 ], [ -6.653715, 5.74046 ], [ -6.652278, 5.740307 ], [ -6.651033, 5.739977 ], [ -6.650581, 5.739799 ], [ -6.650383020801219, 5.739731552176768 ], [ -6.651849, 5.748388 ], [ -6.652059, 5.748711 ], [ -6.652475, 5.749465 ], [ -6.652853085567257, 5.753867525778947 ], [ -6.65428, 5.754104 ], [ -6.654771, 5.753553 ], [ -6.655073, 5.753335 ], [ -6.655751, 5.753005 ], [ -6.65605, 5.752922 ], [ -6.656076121585435, 5.752965675770143 ], [ -6.656801, 5.752878 ], [ -6.657308, 5.752964 ], [ -6.65824, 5.753117 ], [ -6.657938, 5.756652 ], [ -6.657885, 5.757307 ], [ -6.657054, 5.763464 ], [ -6.656923830951804, 5.763638393147903 ], [ -6.656887, 5.763827 ], [ -6.656637940989361, 5.763809799600491 ], [ -6.653921, 5.765239 ], [ -6.645657, 5.765754 ], [ -6.644722, 5.766291 ], [ -6.642355, 5.768295 ], [ -6.641679, 5.769011 ], [ -6.640814, 5.769527 ], [ -6.639862, 5.769899 ], [ -6.63494, 5.77475 ], [ -6.63384, 5.778231 ], [ -6.640369, 5.784288 ], [ -6.641381, 5.784241 ], [ -6.641793, 5.784254 ], [ -6.64228, 5.784298 ], [ -6.642997, 5.784407 ], [ -6.643765, 5.784593 ], [ -6.644827, 5.784954 ], [ -6.645611, 5.785303 ], [ -6.647487, 5.786258 ], [ -6.648522, 5.786811 ], [ -6.650554, 5.787829 ], [ -6.65283, 5.788995 ], [ -6.653324, 5.789415 ], [ -6.653785, 5.790035 ], [ -6.653931, 5.790374 ], [ -6.654291, 5.791485 ], [ -6.654868, 5.793436 ], [ -6.655781, 5.796371 ], [ -6.65578075374766, 5.796371076591141 ], [ -6.655879, 5.796687 ], [ -6.656617, 5.799137 ], [ -6.656616769682167, 5.799137069269023 ], [ -6.656711, 5.79945 ], [ -6.657833, 5.803203 ], [ -6.657832178968774, 5.803203268238723 ], [ -6.657848, 5.803252 ], [ -6.658585, 5.805705 ], [ -6.659342, 5.808165 ], [ -6.658203913747389, 5.808678370208431 ], [ -6.656304, 5.810041 ], [ -6.656079506115199, 5.809636652224781 ], [ -6.656061, 5.809645 ], [ -6.655957, 5.809416 ], [ -6.655137, 5.806741 ], [ -6.6544, 5.804288 ] ] ], [ [ [ -5.701226, 5.949344 ], [ -5.701017, 5.949124 ], [ -5.694563, 5.946812 ], [ -5.686958, 5.95145 ], [ -5.687099, 5.95203 ], [ -5.687359, 5.953505 ], [ -5.687619, 5.954979 ], [ -5.687265, 5.955042 ], [ -5.687004, 5.953567 ], [ -5.68647, 5.950965 ], [ -5.686407, 5.950622 ], [ -5.686377, 5.950375 ], [ -5.686348, 5.950138 ], [ -5.685669, 5.945903 ], [ -5.68561, 5.945655 ], [ -5.685557, 5.945425 ], [ -5.685498, 5.944992 ], [ -5.685441, 5.944576 ], [ -5.68542, 5.944349 ], [ -5.6854, 5.944129 ], [ -5.685366, 5.943554 ], [ -5.681855, 5.935713 ], [ -5.680533, 5.934152 ], [ -5.679667, 5.931183 ], [ -5.684649, 5.925066 ], [ -5.677294, 5.920242 ], [ -5.676718, 5.920544 ], [ -5.676537, 5.920621 ], [ -5.676365, 5.920643 ], [ -5.676116, 5.920601 ], [ -5.674295, 5.920241 ], [ -5.665759, 5.922293 ], [ -5.664942, 5.922773 ], [ -5.663864, 5.923435 ], [ -5.66336, 5.9238 ], [ -5.663126, 5.92398 ], [ -5.662849, 5.924204 ], [ -5.662146, 5.924813 ], [ -5.661642, 5.925244 ], [ -5.661446, 5.925275 ], [ -5.661257, 5.925197 ], [ -5.659639, 5.923599 ], [ -5.659699, 5.923244 ], [ -5.666771, 5.919803 ], [ -5.666976, 5.919663 ], [ -5.667239, 5.919578 ], [ -5.670015, 5.918505 ], [ -5.670141, 5.918473 ], [ -5.670321, 5.918502 ], [ -5.673402, 5.918721 ], [ -5.673593, 5.918717 ], [ -5.680168, 5.912758 ], [ -5.683302, 5.905294 ], [ -5.683109, 5.904052 ], [ -5.682916, 5.902806 ], [ -5.682832, 5.902322 ], [ -5.682748, 5.901834 ], [ -5.682583, 5.901048 ], [ -5.682416, 5.900255 ], [ -5.682357, 5.899899 ], [ -5.682299, 5.899551 ], [ -5.68227, 5.899254 ], [ -5.682243, 5.898969 ], [ -5.682215, 5.898517 ], [ -5.682187, 5.898071 ], [ -5.68215, 5.897163 ], [ -5.682112, 5.896258 ], [ -5.6821, 5.895467 ], [ -5.682088, 5.894679 ], [ -5.682056, 5.893679 ], [ -5.682024, 5.892675 ], [ -5.68202, 5.891833 ], [ -5.682015, 5.890996 ], [ -5.681998, 5.890555 ], [ -5.681981, 5.890108 ], [ -5.681986, 5.889812 ], [ -5.681975, 5.889075 ], [ -5.681981, 5.888194 ], [ -5.681986, 5.887321 ], [ -5.681996, 5.885955 ], [ -5.682005, 5.884589 ], [ -5.677886, 5.877381 ], [ -5.67744, 5.877061 ], [ -5.673414, 5.875028 ], [ -5.671573, 5.874546 ], [ -5.669725, 5.874062 ], [ -5.66934, 5.873947 ], [ -5.66895, 5.873831 ], [ -5.668613, 5.873717 ], [ -5.668262, 5.873598 ], [ -5.667996, 5.873482 ], [ -5.667716, 5.873359 ], [ -5.667208, 5.873082 ], [ -5.666686, 5.872796 ], [ -5.666474, 5.872655 ], [ -5.666253, 5.872507 ], [ -5.66449, 5.871166 ], [ -5.656277, 5.87361 ], [ -5.656098, 5.874816 ], [ -5.656036, 5.875505 ], [ -5.655974, 5.875862 ], [ -5.655918, 5.876055 ], [ -5.655804, 5.87632 ], [ -5.655678, 5.876608 ], [ -5.654481, 5.879778 ], [ -5.654406, 5.88001 ], [ -5.653473, 5.884033 ], [ -5.65344, 5.884617 ], [ -5.653396, 5.88491 ], [ -5.65336, 5.885071 ], [ -5.652508, 5.888448 ], [ -5.652467, 5.888743 ], [ -5.652402, 5.888949 ], [ -5.652327, 5.889181 ], [ -5.652226, 5.889382 ], [ -5.652115, 5.889549 ], [ -5.6517, 5.890102 ], [ -5.651274, 5.890667 ], [ -5.649568, 5.893497 ], [ -5.64374, 5.897237 ], [ -5.643099, 5.897866 ], [ -5.641762, 5.899276 ], [ -5.641047, 5.900077 ], [ -5.640883, 5.900232 ], [ -5.640698, 5.900375 ], [ -5.640509, 5.900521 ], [ -5.640307, 5.900669 ], [ -5.640092, 5.900826 ], [ -5.639766, 5.901021 ], [ -5.639486, 5.901141 ], [ -5.639308, 5.901188 ], [ -5.635918, 5.902441 ], [ -5.635627, 5.90223 ], [ -5.635808, 5.901979 ], [ -5.63599, 5.901728 ], [ -5.636217, 5.901518 ], [ -5.636485, 5.901354 ], [ -5.636764, 5.901236 ], [ -5.636962, 5.901171 ], [ -5.637145, 5.901113 ], [ -5.642198, 5.898246 ], [ -5.642847, 5.897609 ], [ -5.643488, 5.89698 ], [ -5.643926, 5.89653 ], [ -5.644368, 5.896076 ], [ -5.644702, 5.895764 ], [ -5.645031, 5.895458 ], [ -5.646418, 5.893878 ], [ -5.646571, 5.893711 ], [ -5.649013, 5.890868 ], [ -5.652176, 5.886204 ], [ -5.653132, 5.881938 ], [ -5.653137, 5.881728 ], [ -5.653158, 5.881589 ], [ -5.653207, 5.881413 ], [ -5.653277, 5.88126 ], [ -5.654274, 5.878441 ], [ -5.654304, 5.878302 ], [ -5.65442, 5.877994 ], [ -5.654596, 5.877673 ], [ -5.652463, 5.86983 ], [ -5.648945, 5.86937 ], [ -5.648701, 5.869353 ], [ -5.647811, 5.869365 ], [ -5.646493, 5.869593 ], [ -5.646203, 5.869669 ], [ -5.643627, 5.870609 ], [ -5.641051, 5.871548 ], [ -5.638474, 5.872487 ], [ -5.635905, 5.873424 ], [ -5.635548, 5.873572 ], [ -5.634693, 5.873957 ], [ -5.634189, 5.874198 ], [ -5.630887, 5.875834 ], [ -5.627585, 5.877471 ], [ -5.626404, 5.878057 ], [ -5.625218, 5.878645 ], [ -5.625047, 5.878723 ], [ -5.624858, 5.878807 ], [ -5.624515, 5.87892 ], [ -5.624157, 5.879036 ], [ -5.62397, 5.87908 ], [ -5.62377, 5.879126 ], [ -5.62337, 5.879189 ], [ -5.622961, 5.879253 ], [ -5.622425, 5.879308 ], [ -5.621884, 5.879363 ], [ -5.621408, 5.8794 ], [ -5.620936, 5.879437 ], [ -5.618937, 5.879637 ], [ -5.616937, 5.879838 ], [ -5.615574, 5.879958 ], [ -5.61421, 5.880078 ], [ -5.61224, 5.880243 ], [ -5.610272, 5.880408 ], [ -5.609725, 5.880462 ], [ -5.609171, 5.880517 ], [ -5.608613, 5.88055 ], [ -5.608043, 5.880584 ], [ -5.607833, 5.880583 ], [ -5.607606, 5.88058 ], [ -5.607378, 5.880556 ], [ -5.607142, 5.880531 ], [ -5.601789, 5.880176 ], [ -5.601705, 5.879826 ], [ -5.60175, 5.879815 ], [ -5.602102, 5.879741 ], [ -5.602448, 5.879667 ], [ -5.606121, 5.87865 ], [ -5.614078, 5.877418 ], [ -5.614437, 5.87739 ], [ -5.621856, 5.879004 ], [ -5.626244, 5.877734 ], [ -5.627425, 5.877149 ], [ -5.630727, 5.875512 ], [ -5.634029, 5.873875 ], [ -5.634538, 5.873632 ], [ -5.635045, 5.873391 ], [ -5.63541, 5.873239 ], [ -5.635767, 5.873091 ], [ -5.638351, 5.872149 ], [ -5.640927, 5.87121 ], [ -5.643504, 5.87027 ], [ -5.64608, 5.869331 ], [ -5.6464, 5.869245 ], [ -5.646706, 5.869163 ], [ -5.646943, 5.869116 ], [ -5.64717, 5.869071 ], [ -5.647363, 5.869046 ], [ -5.647545, 5.869023 ], [ -5.647786, 5.869006 ], [ -5.648017, 5.86899 ], [ -5.648245, 5.868984 ], [ -5.648465, 5.868978 ], [ -5.648726, 5.868994 ], [ -5.648969, 5.869011 ], [ -5.65251, 5.869473 ], [ -5.659418, 5.869028 ], [ -5.659671, 5.868946 ], [ -5.659915, 5.868868 ], [ -5.660195, 5.868822 ], [ -5.660448, 5.868784 ], [ -5.660713, 5.868779 ], [ -5.660953, 5.868776 ], [ -5.661186, 5.868803 ], [ -5.661395, 5.868828 ], [ -5.66162, 5.868885 ], [ -5.661821, 5.868937 ], [ -5.662041, 5.869024 ], [ -5.662238, 5.869104 ], [ -5.662445, 5.869218 ], [ -5.662633, 5.869322 ], [ -5.662939, 5.869534 ], [ -5.664708, 5.870879 ], [ -5.666471, 5.87222 ], [ -5.666674, 5.872355 ], [ -5.667381, 5.872766 ], [ -5.675188, 5.868376 ], [ -5.674717, 5.861904 ], [ -5.669412, 5.855086 ], [ -5.667985, 5.855493 ], [ -5.667855, 5.855536 ], [ -5.66634, 5.855946 ], [ -5.666188, 5.855619 ], [ -5.665391, 5.85348 ], [ -5.665565, 5.853164 ], [ -5.666805, 5.85063 ], [ -5.667483, 5.847021 ], [ -5.669719, 5.842978 ], [ -5.664009, 5.836239 ], [ -5.663509, 5.836292 ], [ -5.663092, 5.836289 ], [ -5.662657, 5.836286 ], [ -5.662422, 5.836259 ], [ -5.661114, 5.836012 ], [ -5.660661, 5.835921 ], [ -5.660023, 5.835801 ], [ -5.65984, 5.835772 ], [ -5.658794, 5.835668 ], [ -5.657734, 5.835562 ], [ -5.657435, 5.835507 ], [ -5.65677, 5.835345 ], [ -5.656101, 5.835182 ], [ -5.652969, 5.834739 ], [ -5.65271, 5.834734 ], [ -5.651414, 5.834608 ], [ -5.650121, 5.834483 ], [ -5.649581, 5.83444 ], [ -5.649028, 5.834397 ], [ -5.64858, 5.834331 ], [ -5.648123, 5.834263 ], [ -5.643205, 5.833974 ], [ -5.642732, 5.833999 ], [ -5.64223, 5.834023 ], [ -5.641862, 5.833981 ], [ -5.6415, 5.833894 ], [ -5.638721, 5.83298 ], [ -5.638488, 5.832878 ], [ -5.638299, 5.832762 ], [ -5.638102, 5.832641 ], [ -5.631873, 5.829775 ], [ -5.631723, 5.829706 ], [ -5.627024, 5.827316 ], [ -5.626586, 5.827145 ], [ -5.626136, 5.826968 ], [ -5.625659, 5.826736 ], [ -5.625178, 5.826501 ], [ -5.62376, 5.825868 ], [ -5.622712, 5.825401 ], [ -5.621437, 5.824851 ], [ -5.620873, 5.824576 ], [ -5.620308, 5.824301 ], [ -5.620466, 5.823977 ], [ -5.62103, 5.824252 ], [ -5.621799, 5.824601 ], [ -5.622859, 5.825073 ], [ -5.623907, 5.825539 ], [ -5.624369, 5.825727 ], [ -5.624837, 5.825917 ], [ -5.625099, 5.826053 ], [ -5.627655, 5.827142 ], [ -5.628181, 5.827364 ], [ -5.628692, 5.82758 ], [ -5.629347, 5.827842 ], [ -5.630004, 5.828106 ], [ -5.63021, 5.828205 ], [ -5.630406, 5.828299 ], [ -5.633614, 5.829632 ], [ -5.633908, 5.829726 ], [ -5.634176, 5.829852 ], [ -5.634424, 5.829969 ], [ -5.636237, 5.831009 ], [ -5.636516, 5.831141 ], [ -5.636785, 5.831268 ], [ -5.636992, 5.831395 ], [ -5.645251, 5.833321 ], [ -5.645604, 5.833315 ], [ -5.645885, 5.833348 ], [ -5.646141, 5.833381 ], [ -5.646505, 5.833467 ], [ -5.646848, 5.83355 ], [ -5.647414, 5.833709 ], [ -5.648632, 5.833974 ], [ -5.649609, 5.834082 ], [ -5.65015, 5.834124 ], [ -5.651449, 5.83425 ], [ -5.652745, 5.834376 ], [ -5.652976, 5.834379 ], [ -5.653222, 5.834384 ], [ -5.653675, 5.834375 ], [ -5.654136, 5.834366 ], [ -5.654371, 5.83437 ], [ -5.660992, 5.829177 ], [ -5.660811, 5.82689 ], [ -5.660784, 5.825911 ], [ -5.659157, 5.821253 ], [ -5.659, 5.821048 ], [ -5.658829, 5.820824 ], [ -5.658691, 5.820584 ], [ -5.658292, 5.819741 ], [ -5.657889, 5.818889 ], [ -5.65734, 5.817545 ], [ -5.656785, 5.816184 ], [ -5.656717, 5.815952 ], [ -5.656641, 5.815675 ], [ -5.65663, 5.815336 ], [ -5.656619, 5.814975 ], [ -5.656647, 5.814664 ], [ -5.656679, 5.814329 ], [ -5.656724, 5.814139 ], [ -5.656773, 5.813932 ], [ -5.657014, 5.813221 ], [ -5.657259, 5.812502 ], [ -5.655844, 5.80378 ], [ -5.655302, 5.802967 ], [ -5.654752, 5.802141 ], [ -5.649097, 5.796382 ], [ -5.648923, 5.796227 ], [ -5.648722, 5.796041 ], [ -5.648508, 5.79574 ], [ -5.648295, 5.795438 ], [ -5.648588, 5.79523 ], [ -5.650982, 5.797011 ], [ -5.651402, 5.79731 ], [ -5.651799, 5.797594 ], [ -5.653234, 5.799043 ], [ -5.653454, 5.799286 ], [ -5.653658, 5.799515 ], [ -5.653791, 5.799708 ], [ -5.653909, 5.799883 ], [ -5.654492, 5.800931 ], [ -5.655602, 5.802767 ], [ -5.656564, 5.804151 ], [ -5.656989, 5.804728 ], [ -5.657293, 5.805285 ], [ -5.657583, 5.805821 ], [ -5.657909, 5.806623 ], [ -5.658226, 5.807406 ], [ -5.658353, 5.807763 ], [ -5.658477, 5.808112 ], [ -5.658533, 5.808448 ], [ -5.658535, 5.808658 ], [ -5.658535, 5.808839 ], [ -5.658519, 5.809115 ], [ -5.658503, 5.80938 ], [ -5.658416, 5.809862 ], [ -5.658332, 5.810323 ], [ -5.65824, 5.810729 ], [ -5.658149, 5.811127 ], [ -5.658067, 5.811392 ], [ -5.657989, 5.811643 ], [ -5.658617, 5.819587 ], [ -5.660334, 5.822008 ], [ -5.660492, 5.822282 ], [ -5.660625, 5.822522 ], [ -5.660734, 5.822812 ], [ -5.660831, 5.823076 ], [ -5.660899, 5.823302 ], [ -5.660963, 5.823518 ], [ -5.661043, 5.824229 ], [ -5.661116, 5.824908 ], [ -5.661144, 5.825901 ], [ -5.661171, 5.82688 ], [ -5.661351, 5.829149 ], [ -5.664928, 5.834928 ], [ -5.672067, 5.836263 ], [ -5.675579, 5.83513 ], [ -5.681054, 5.831024 ], [ -5.682249, 5.832221 ], [ -5.682484, 5.832487 ], [ -5.682922, 5.832934 ], [ -5.683248, 5.833276 ], [ -5.683564, 5.833608 ], [ -5.683781, 5.83393 ], [ -5.688177, 5.836938 ], [ -5.69517, 5.833534 ], [ -5.695433, 5.832991 ], [ -5.695701, 5.832437 ], [ -5.696016, 5.831891 ], [ -5.696332, 5.831343 ], [ -5.696819, 5.830532 ], [ -5.697304, 5.829724 ], [ -5.69757, 5.829257 ], [ -5.698617, 5.826782 ], [ -5.698731, 5.82637 ], [ -5.698892, 5.825722 ], [ -5.699053, 5.825079 ], [ -5.699354, 5.823731 ], [ -5.699541, 5.818963 ], [ -5.699426, 5.818276 ], [ -5.699341, 5.817831 ], [ -5.699256, 5.817393 ], [ -5.699107, 5.816765 ], [ -5.695104, 5.810341 ], [ -5.694877, 5.80889 ], [ -5.696364, 5.806721 ], [ -5.696657, 5.806512 ], [ -5.699011, 5.806502 ], [ -5.699371, 5.806502 ], [ -5.706939, 5.807076 ], [ -5.707163, 5.807093 ], [ -5.707403, 5.807112 ], [ -5.71405, 5.807174 ], [ -5.719711, 5.806409 ], [ -5.719791, 5.80676 ], [ -5.718782, 5.806987 ], [ -5.717774, 5.807214 ], [ -5.717578, 5.807249 ], [ -5.717391, 5.807282 ], [ -5.716345, 5.807366 ], [ -5.715316, 5.807447 ], [ -5.714074, 5.807533 ], [ -5.712835, 5.807618 ], [ -5.711344, 5.807751 ], [ -5.709849, 5.807885 ], [ -5.709612, 5.807891 ], [ -5.709381, 5.807874 ], [ -5.709168, 5.807858 ], [ -5.708869, 5.807798 ], [ -5.708595, 5.80774 ], [ -5.705099, 5.807849 ], [ -5.703998, 5.808117 ], [ -5.699233, 5.814752 ], [ -5.699236, 5.815124 ], [ -5.699458, 5.816682 ], [ -5.699606, 5.81731 ], [ -5.699694, 5.817763 ], [ -5.69978, 5.818208 ], [ -5.699896, 5.818904 ], [ -5.700011, 5.819596 ], [ -5.700082, 5.820257 ], [ -5.700152, 5.820908 ], [ -5.700154, 5.82116 ], [ -5.700156, 5.821393 ], [ -5.700132, 5.821666 ], [ -5.70011, 5.821921 ], [ -5.700057, 5.822198 ], [ -5.700008, 5.822456 ], [ -5.699705, 5.823809 ], [ -5.699404, 5.825157 ], [ -5.699242, 5.825809 ], [ -5.69908, 5.826457 ], [ -5.698964, 5.826878 ], [ -5.698848, 5.827294 ], [ -5.698786, 5.827495 ], [ -5.698725, 5.827689 ], [ -5.698604, 5.827996 ], [ -5.698488, 5.82829 ], [ -5.698318, 5.828632 ], [ -5.698155, 5.82896 ], [ -5.697883, 5.829436 ], [ -5.697616, 5.829903 ], [ -5.697127, 5.830717 ], [ -5.696641, 5.831528 ], [ -5.696328, 5.832071 ], [ -5.695757, 5.833148 ], [ -5.695494, 5.833691 ], [ -5.694765, 5.842451 ], [ -5.693777, 5.847637 ], [ -5.700051, 5.851477 ], [ -5.706869, 5.854962 ], [ -5.707117, 5.855048 ], [ -5.709399, 5.85576 ], [ -5.709854, 5.855936 ], [ -5.710784, 5.856271 ], [ -5.711032, 5.856365 ], [ -5.711287, 5.856461 ], [ -5.711595, 5.856592 ], [ -5.71187, 5.856737 ], [ -5.712089, 5.85687 ], [ -5.712354, 5.857082 ], [ -5.712627, 5.857301 ], [ -5.712778, 5.857435 ], [ -5.71294, 5.85758 ], [ -5.71374, 5.858415 ], [ -5.716763, 5.860659 ], [ -5.717537, 5.861198 ], [ -5.7183, 5.86173 ], [ -5.718899, 5.862085 ], [ -5.719514, 5.862452 ], [ -5.72005, 5.862861 ], [ -5.72058, 5.863266 ], [ -5.720904, 5.863494 ], [ -5.721243, 5.863736 ], [ -5.722048, 5.864458 ], [ -5.724027, 5.865782 ], [ -5.724755, 5.866114 ], [ -5.731881, 5.861097 ], [ -5.731819, 5.85995 ], [ -5.732114, 5.859744 ], [ -5.740806, 5.858952 ], [ -5.741104, 5.858927 ], [ -5.741428, 5.858901 ], [ -5.741692, 5.858918 ], [ -5.741989, 5.85894 ], [ -5.744822, 5.859551 ], [ -5.744786, 5.859909 ], [ -5.744204, 5.85985 ], [ -5.743621, 5.85979 ], [ -5.743277, 5.859713 ], [ -5.738385, 5.861262 ], [ -5.737717, 5.866978 ], [ -5.737705, 5.867337 ], [ -5.7312, 5.86826 ], [ -5.72584, 5.866801 ], [ -5.725492, 5.866719 ], [ -5.725164, 5.86664 ], [ -5.72489, 5.866544 ], [ -5.724635, 5.866454 ], [ -5.723878, 5.866109 ], [ -5.723135, 5.865771 ], [ -5.722877, 5.865614 ], [ -5.722639, 5.865467 ], [ -5.721808, 5.864726 ], [ -5.720373, 5.86356 ], [ -5.719831, 5.863147 ], [ -5.718715, 5.862395 ], [ -5.718116, 5.862039 ], [ -5.717332, 5.861493 ], [ -5.715749, 5.860492 ], [ -5.714927, 5.860021 ], [ -5.714599, 5.85976 ], [ -5.714296, 5.859514 ], [ -5.70789, 5.855799 ], [ -5.704897, 5.855112 ], [ -5.704394, 5.855055 ], [ -5.704093, 5.85501 ], [ -5.703798, 5.854966 ], [ -5.70331, 5.854863 ], [ -5.702833, 5.854761 ], [ -5.7026, 5.854694 ], [ -5.702332, 5.854596 ], [ -5.701572, 5.854221 ], [ -5.700829, 5.853853 ], [ -5.700552, 5.853696 ], [ -5.69648, 5.852504 ], [ -5.693192, 5.853137 ], [ -5.687576, 5.855269 ], [ -5.688826, 5.862187 ], [ -5.688991, 5.862304 ], [ -5.689835, 5.862877 ], [ -5.690005, 5.862997 ], [ -5.690174, 5.863117 ], [ -5.689628, 5.86616 ], [ -5.689467, 5.874197 ], [ -5.692128, 5.876919 ], [ -5.692369, 5.877124 ], [ -5.692561, 5.877339 ], [ -5.692722, 5.877535 ], [ -5.692853, 5.877755 ], [ -5.692979, 5.878042 ], [ -5.693109, 5.878339 ], [ -5.693387, 5.879036 ], [ -5.693721, 5.87977 ], [ -5.69393, 5.880214 ], [ -5.694049, 5.880506 ], [ -5.695769, 5.884757 ], [ -5.696729, 5.886585 ], [ -5.696948, 5.887564 ], [ -5.696266, 5.888644 ], [ -5.69524, 5.889857 ], [ -5.693115, 5.889849 ], [ -5.686575, 5.886752 ], [ -5.68238, 5.891831 ], [ -5.682384, 5.892664 ], [ -5.682416, 5.893667 ], [ -5.682448, 5.894674 ], [ -5.68246, 5.895461 ], [ -5.682472, 5.896243 ], [ -5.682509, 5.897148 ], [ -5.682547, 5.898049 ], [ -5.682574, 5.898494 ], [ -5.682601, 5.898934 ], [ -5.682628, 5.89922 ], [ -5.682712, 5.89984 ], [ -5.682769, 5.900181 ], [ -5.682935, 5.900974 ], [ -5.683103, 5.901773 ], [ -5.683187, 5.90226 ], [ -5.683272, 5.902751 ], [ -5.683465, 5.903997 ], [ -5.683659, 5.905248 ], [ -5.683703, 5.905591 ], [ -5.683749, 5.90595 ], [ -5.683757, 5.906143 ], [ -5.683764, 5.90636 ], [ -5.68371, 5.906968 ], [ -5.683656, 5.90758 ], [ -5.683626, 5.911956 ], [ -5.683735, 5.913201 ], [ -5.683974, 5.915264 ], [ -5.684025, 5.915606 ], [ -5.684101, 5.916344 ], [ -5.684248, 5.917623 ], [ -5.68432, 5.918171 ], [ -5.684424, 5.919079 ], [ -5.684528, 5.919989 ], [ -5.684641, 5.921058 ], [ -5.684754, 5.922129 ], [ -5.684805, 5.922686 ], [ -5.684856, 5.923244 ], [ -5.685008, 5.925035 ], [ -5.685159, 5.926831 ], [ -5.685263, 5.928589 ], [ -5.685366, 5.930351 ], [ -5.687108, 5.93653 ], [ -5.691132, 5.940891 ], [ -5.69294, 5.942292 ], [ -5.693908, 5.94302 ], [ -5.694876, 5.943749 ], [ -5.695354, 5.944107 ], [ -5.696596, 5.944922 ], [ -5.697176, 5.945247 ], [ -5.705912, 5.946742 ], [ -5.70822, 5.947454 ], [ -5.708525, 5.947645 ], [ -5.709842, 5.949431 ], [ -5.709948, 5.949776 ], [ -5.712303, 5.95591 ], [ -5.716404, 5.96083 ], [ -5.716665, 5.961053 ], [ -5.716805, 5.961185 ], [ -5.716956, 5.961329 ], [ -5.71721, 5.961616 ], [ -5.717472, 5.961913 ], [ -5.71765, 5.962145 ], [ -5.717786, 5.96235 ], [ -5.717931, 5.962572 ], [ -5.718066, 5.962835 ], [ -5.718206, 5.96311 ], [ -5.718383, 5.963524 ], [ -5.71856, 5.963939 ], [ -5.718229, 5.96408 ], [ -5.712772, 5.958255 ], [ -5.710221, 5.956101 ], [ -5.704103, 5.952677 ], [ -5.702104, 5.950231 ], [ -5.701794, 5.949971 ], [ -5.701597, 5.949762 ], [ -5.701226, 5.949344 ] ] ], [ [ [ -6.035664, 6.136925 ], [ -6.033344, 6.134172 ], [ -6.031734, 6.126875 ], [ -6.029242, 6.125688 ], [ -6.027574, 6.124876 ], [ -6.025921, 6.12407 ], [ -6.023932, 6.123081 ], [ -6.021412, 6.121859 ], [ -6.018875, 6.120629 ], [ -6.018159, 6.12022 ], [ -6.017615, 6.119877 ], [ -6.016901, 6.119387 ], [ -6.016319, 6.118918 ], [ -6.008632909654923, 6.11866528819093 ], [ -6.008257477862335, 6.118786671045683 ], [ -6.006584, 6.122311 ], [ -6.006526, 6.122909 ], [ -6.006905, 6.126491 ], [ -6.007107, 6.126958 ], [ -6.007692, 6.128195 ], [ -6.00837, 6.129417 ], [ -6.009118, 6.130575 ], [ -6.010992, 6.133342 ], [ -6.011223, 6.133781 ], [ -6.011392, 6.134151 ], [ -6.011811, 6.134989 ], [ -6.011982, 6.135426 ], [ -6.012181, 6.136233 ], [ -6.012295, 6.137311 ], [ -6.012294, 6.137619 ], [ -6.012385, 6.13908 ], [ -6.012427, 6.14006 ], [ -6.012426872056518, 6.140060005513273 ], [ -6.012427, 6.140063 ], [ -6.012426154722602, 6.140063036669431 ], [ -6.012429, 6.140131 ], [ -6.012436, 6.141023 ], [ -6.012407, 6.141687 ], [ -6.012406046989317, 6.141686958403482 ], [ -6.012406, 6.141688 ], [ -6.00881, 6.141531 ], [ -6.008810043460944, 6.141530001896961 ], [ -6.00881, 6.14153 ], [ -6.008839, 6.140865 ], [ -6.008829510424156, 6.140203576563644 ], [ -6.008788, 6.139235 ], [ -6.008701, 6.137842 ], [ -6.007815, 6.135036 ], [ -6.006143, 6.132603 ], [ -6.005346, 6.131371 ], [ -6.004548, 6.129948 ], [ -6.003857, 6.128507 ], [ -6.003603, 6.127924 ], [ -6.003395, 6.127514 ], [ -5.998885, 6.123906 ], [ -5.994796878968196, 6.124332844088128 ], [ -5.993911804360675, 6.126202690283876 ], [ -5.992991, 6.13214 ], [ -5.993565, 6.13275 ], [ -5.99355, 6.133258 ], [ -5.993418350118979, 6.133778930390449 ], [ -5.993531, 6.133895 ], [ -5.993529, 6.13397 ], [ -5.993227969185926, 6.134532255900666 ], [ -5.992923, 6.135739 ], [ -5.992343, 6.138283 ], [ -5.989302, 6.142237 ], [ -5.989242, 6.142257 ], [ -5.989225, 6.142262 ], [ -5.989165, 6.142281 ], [ -5.983928, 6.145036 ], [ -5.985405, 6.151845 ], [ -5.988813, 6.153309 ], [ -5.993067, 6.154858 ], [ -5.993544, 6.154956 ], [ -5.995307, 6.155303 ], [ -5.995751, 6.155383 ], [ -6.001306, 6.154821 ], [ -6.004893, 6.154507 ], [ -6.006581, 6.156171 ], [ -6.006580548921304, 6.156178434521813 ], [ -6.007015, 6.156207 ], [ -6.007754, 6.156376 ], [ -6.008449, 6.156743 ], [ -6.009333, 6.157458 ], [ -6.009332104231183, 6.157459106956697 ], [ -6.009385, 6.157502 ], [ -6.010405, 6.158379 ], [ -6.008057, 6.161108 ], [ -6.000975, 6.159993 ], [ -5.998478437552238, 6.161829585570429 ], [ -5.994145, 6.166052 ], [ -5.993582166897333, 6.16658711050998 ], [ -5.99354, 6.166697 ], [ -5.993260303879556, 6.166893120022872 ], [ -5.992399, 6.167712 ], [ -5.992297, 6.16771 ], [ -5.992108059999591, 6.1676996911091 ], [ -5.991056, 6.167947 ], [ -5.99040872617406, 6.167685414502339 ], [ -5.990086782944264, 6.167700634287952 ], [ -5.989688, 6.167988 ], [ -5.988297, 6.167899 ], [ -5.987862582148462, 6.167805782823905 ], [ -5.987583, 6.167819 ], [ -5.978673, 6.16757 ], [ -5.975739, 6.165817 ], [ -5.972646, 6.160491 ], [ -5.97169, 6.159752 ], [ -5.968418, 6.157952 ], [ -5.965236, 6.156841 ], [ -5.963972, 6.156166 ], [ -5.962084, 6.155421 ], [ -5.956937, 6.162398 ], [ -5.957641, 6.164289 ], [ -5.961167, 6.171408 ], [ -5.961471, 6.176186 ], [ -5.96181, 6.182621 ], [ -5.962048, 6.183351 ], [ -5.962787, 6.185689 ], [ -5.968686, 6.191352 ], [ -5.970449, 6.191785 ], [ -5.971871, 6.191963 ], [ -5.972914, 6.19199 ], [ -5.973483, 6.192028 ], [ -5.981611, 6.190015 ], [ -5.982175, 6.189685 ], [ -5.983658, 6.189176 ], [ -5.989602, 6.185157 ], [ -5.99027, 6.184445 ], [ -5.990616, 6.184231 ], [ -5.991767, 6.183546 ], [ -5.992465, 6.183003 ], [ -5.994676, 6.185844 ], [ -5.993979, 6.186386 ], [ -5.991062, 6.190325 ], [ -5.990816, 6.190801 ], [ -5.990124, 6.191452 ], [ -5.98987288480956, 6.191568483945658 ], [ -5.989879, 6.191582 ], [ -5.988505, 6.192203 ], [ -5.991139, 6.20072 ], [ -5.992114, 6.20066 ], [ -5.99281, 6.200839 ], [ -5.993218, 6.201028 ], [ -5.994119, 6.201522 ], [ -5.995339, 6.202251 ], [ -5.993491, 6.205341 ], [ -5.986498, 6.20556 ], [ -5.983955, 6.206067 ], [ -5.983491, 6.206125 ], [ -5.982979, 6.206118 ], [ -5.982487, 6.206024 ], [ -5.981703, 6.205624 ], [ -5.981279, 6.205229 ], [ -5.980919, 6.204694 ], [ -5.978335, 6.200462 ], [ -5.977812, 6.199918 ], [ -5.976814, 6.198844 ], [ -5.975588, 6.197705 ], [ -5.975305, 6.197449 ], [ -5.966679, 6.199725 ], [ -5.966554, 6.200686 ], [ -5.966369, 6.201483 ], [ -5.965985, 6.202487 ], [ -5.965327, 6.203697 ], [ -5.964603, 6.204825 ], [ -5.962981, 6.207424 ], [ -5.961359, 6.210023 ], [ -5.959737, 6.212622 ], [ -5.958105, 6.215237 ], [ -5.95683, 6.217231 ], [ -5.955832, 6.218648 ], [ -5.954206, 6.22073 ], [ -5.952594, 6.222796 ], [ -5.951054, 6.22481 ], [ -5.949599, 6.227212 ], [ -5.94939, 6.227619 ], [ -5.948089, 6.230509 ], [ -5.946963, 6.235977 ], [ -5.949617, 6.241842 ], [ -5.950250569387309, 6.245359198280952 ], [ -5.950717, 6.245903 ], [ -5.951121, 6.246324 ], [ -5.952291, 6.247834 ], [ -5.953074, 6.250871 ], [ -5.954067, 6.255558 ], [ -5.953833, 6.259258 ], [ -5.950369, 6.260237 ], [ -5.950175, 6.259553 ], [ -5.949919, 6.258103 ], [ -5.94933, 6.255805 ], [ -5.945333, 6.249643 ], [ -5.94345, 6.245628 ], [ -5.942233, 6.24224 ], [ -5.936996, 6.236188 ], [ -5.934669, 6.234639 ], [ -5.934799, 6.231042 ], [ -5.936183, 6.231092 ], [ -5.936628, 6.231153 ], [ -5.937088, 6.231295 ], [ -5.944782, 6.229086 ], [ -5.946106, 6.226142 ], [ -5.946392, 6.225578 ], [ -5.947172, 6.224164 ], [ -5.948051, 6.222824 ], [ -5.94973, 6.220614 ], [ -5.951368, 6.218515 ], [ -5.952994, 6.216433 ], [ -5.953884, 6.215162 ], [ -5.955071, 6.2133 ], [ -5.956683, 6.210716 ], [ -5.958305, 6.208117 ], [ -5.959927, 6.205518 ], [ -5.961549, 6.202919 ], [ -5.96221, 6.195636 ], [ -5.961601, 6.193715 ], [ -5.96013, 6.189156 ], [ -5.959364, 6.186803 ], [ -5.957622, 6.182916 ], [ -5.953456, 6.178862 ], [ -5.946674, 6.177767 ], [ -5.943739, 6.178509 ], [ -5.94047, 6.180322 ], [ -5.936837, 6.183929 ], [ -5.936495, 6.184278 ], [ -5.936001, 6.184669 ], [ -5.935523, 6.18497 ], [ -5.93503, 6.185245 ], [ -5.933922, 6.185899 ], [ -5.932666, 6.186499 ], [ -5.931739, 6.186893 ], [ -5.929921, 6.187838 ], [ -5.923889, 6.192553 ], [ -5.923367, 6.193131 ], [ -5.922762, 6.193853 ], [ -5.922114, 6.194464 ], [ -5.921679, 6.194837 ], [ -5.921003, 6.195447 ], [ -5.916003, 6.202038 ], [ -5.915267, 6.203469 ], [ -5.912065, 6.201822 ], [ -5.912802, 6.200391 ], [ -5.913609, 6.198754 ], [ -5.914429, 6.19709 ], [ -5.914796, 6.196498 ], [ -5.916181, 6.194457 ], [ -5.916382, 6.194163 ], [ -5.916585, 6.193931 ], [ -5.917102, 6.19354 ], [ -5.922065, 6.188797 ], [ -5.922345, 6.188374 ], [ -5.922935964384878, 6.185257440454485 ], [ -5.921716, 6.178665 ], [ -5.923013, 6.175306 ], [ -5.923031688284069, 6.171169815528425 ], [ -5.922716, 6.17109 ], [ -5.92197, 6.170699 ], [ -5.921111, 6.170323 ], [ -5.92006, 6.170009 ], [ -5.919696, 6.169924 ], [ -5.917755, 6.169703 ], [ -5.917262, 6.169724 ], [ -5.917106, 6.166128 ], [ -5.91804, 6.166036 ], [ -5.923492, 6.164379 ], [ -5.925919, 6.164161 ], [ -5.927217, 6.155612 ], [ -5.926212, 6.152799 ], [ -5.924734, 6.148362 ], [ -5.925576, 6.144854 ], [ -5.919617, 6.140234 ], [ -5.918949, 6.140267 ], [ -5.918613, 6.14029 ], [ -5.91766, 6.140319 ], [ -5.917659854805353, 6.140314335621991 ], [ -5.917438, 6.14032 ], [ -5.915366, 6.140183 ], [ -5.913725, 6.139702 ], [ -5.912299, 6.139412 ], [ -5.911083, 6.138336 ], [ -5.904347, 6.133112 ], [ -5.896063, 6.133922 ], [ -5.894378, 6.135004 ], [ -5.88908, 6.139765 ], [ -5.88777, 6.141633 ], [ -5.887132, 6.142588 ], [ -5.879433, 6.144419 ], [ -5.877396, 6.145954 ], [ -5.877365, 6.145979 ], [ -5.874894, 6.146541 ], [ -5.872504, 6.147222 ], [ -5.869426, 6.14808 ], [ -5.866419, 6.148916 ], [ -5.862335, 6.154599 ], [ -5.861374306272288, 6.15636092007552 ], [ -5.859769, 6.163484 ], [ -5.860534591479649, 6.164024302776721 ], [ -5.860723, 6.164133 ], [ -5.861437, 6.164498 ], [ -5.859802, 6.167705 ], [ -5.859088, 6.167341 ], [ -5.858682, 6.167112 ], [ -5.858571958719167, 6.167040033290779 ], [ -5.85857, 6.167043 ], [ -5.857919, 6.166613 ], [ -5.855205, 6.165034 ], [ -5.846635, 6.163863 ], [ -5.846513, 6.163663 ], [ -5.846357133159061, 6.16326408655963 ], [ -5.846332, 6.163263 ], [ -5.843007868088272, 6.161184564338559 ], [ -5.839319921565928, 6.160687925145715 ], [ -5.836374, 6.163409 ], [ -5.834562, 6.165151 ], [ -5.833633, 6.165211 ], [ -5.830196368964025, 6.165215256182651 ], [ -5.823303177174352, 6.16712595088979 ], [ -5.823185792701794, 6.167198997570141 ], [ -5.823103522821548, 6.167250192941335 ], [ -5.82024, 6.169033 ], [ -5.820239808847915, 6.169032693031648 ], [ -5.819375, 6.169571 ], [ -5.81703, 6.171052 ], [ -5.81702981383452, 6.171051705407409 ], [ -5.816985, 6.17108 ], [ -5.815174, 6.172173 ], [ -5.815173978451986, 6.172172964295172 ], [ -5.814932, 6.172319 ], [ -5.813072, 6.169237 ], [ -5.813314009908549, 6.169091016418358 ], [ -5.813314, 6.169091 ], [ -5.815107210839898, 6.168009333637965 ], [ -5.815107, 6.168009 ], [ -5.817453, 6.166527 ], [ -5.820963, 6.164342 ], [ -5.824463, 6.162163 ], [ -5.825749, 6.154203 ], [ -5.827895, 6.151312 ], [ -5.836427, 6.151823 ], [ -5.839702, 6.15033 ], [ -5.846659, 6.153664 ], [ -5.850861, 6.151815 ], [ -5.853037, 6.150834 ], [ -5.853924, 6.150419 ], [ -5.857026, 6.148968 ], [ -5.860127, 6.147517 ], [ -5.861432, 6.146933 ], [ -5.863311, 6.14617 ], [ -5.864356, 6.137988 ], [ -5.865864, 6.134719 ], [ -5.866352, 6.134919 ], [ -5.867179, 6.135301 ], [ -5.867989, 6.135705 ], [ -5.869848, 6.136576 ], [ -5.873988, 6.137938 ], [ -5.874394, 6.138014 ], [ -5.874927, 6.138203 ], [ -5.881959, 6.138549 ], [ -5.884621, 6.136878 ], [ -5.886158, 6.135913 ], [ -5.888104, 6.134725 ], [ -5.888614, 6.134371 ], [ -5.890779, 6.133037 ], [ -5.892433, 6.131974 ], [ -5.894118, 6.130893 ], [ -5.895402, 6.130093 ], [ -5.896518, 6.129466 ], [ -5.897266, 6.129123 ], [ -5.898147, 6.128761 ], [ -5.899055, 6.128454 ], [ -5.899892, 6.128206 ], [ -5.901228, 6.127918 ], [ -5.903265, 6.127604 ], [ -5.909187, 6.122171 ], [ -5.908825, 6.120092 ], [ -5.910364, 6.118054 ], [ -5.915757, 6.119102 ], [ -5.91772, 6.11958 ], [ -5.920188, 6.11927 ], [ -5.919371, 6.110324 ], [ -5.91485, 6.106295 ], [ -5.912369, 6.105521 ], [ -5.910485, 6.104911 ], [ -5.907673, 6.103956 ], [ -5.905866, 6.103314 ], [ -5.904102, 6.102687 ], [ -5.902035, 6.102012 ], [ -5.8997, 6.101202 ], [ -5.898877, 6.100934 ], [ -5.896378, 6.100199 ], [ -5.893852, 6.099456 ], [ -5.891147, 6.098613 ], [ -5.886075, 6.097977 ], [ -5.880979, 6.095443 ], [ -5.872599, 6.097353 ], [ -5.869298, 6.095916 ], [ -5.866855, 6.090888 ], [ -5.860359, 6.091629 ], [ -5.859902, 6.091862 ], [ -5.85735, 6.093379 ], [ -5.856972, 6.0936 ], [ -5.856492, 6.093798 ], [ -5.856009, 6.093905 ], [ -5.855632, 6.093926 ], [ -5.847252, 6.096381 ], [ -5.844857, 6.093693 ], [ -5.845949, 6.092583 ], [ -5.846457, 6.092126 ], [ -5.846949, 6.09176 ], [ -5.847365, 6.091518 ], [ -5.84782315401038, 6.091296822201886 ], [ -5.849102, 6.09058 ], [ -5.849572, 6.090349 ], [ -5.850486, 6.090203 ], [ -5.851818, 6.081465 ], [ -5.848515, 6.080394 ], [ -5.84557, 6.079471 ], [ -5.843332, 6.078735 ], [ -5.840598, 6.077716 ], [ -5.834904, 6.077414 ], [ -5.834296, 6.077499 ], [ -5.833921, 6.077475 ], [ -5.832923, 6.077068 ], [ -5.832723, 6.076905 ], [ -5.830222585268428, 6.072098114942796 ], [ -5.828266197141162, 6.070647217750563 ], [ -5.826168, 6.070584 ], [ -5.825158, 6.07018 ], [ -5.821352, 6.067379 ], [ -5.821018, 6.06557 ], [ -5.821162, 6.06526 ], [ -5.822698, 6.06404 ], [ -5.827399, 6.064278 ], [ -5.830652, 6.06582 ], [ -5.836128, 6.069768 ], [ -5.837074, 6.070333 ], [ -5.837391, 6.070563 ], [ -5.844586, 6.07536 ], [ -5.846692, 6.07605 ], [ -5.849591, 6.076958 ], [ -5.852929, 6.078041 ], [ -5.85476, 6.078669 ], [ -5.856359, 6.079354 ], [ -5.864292, 6.076028 ], [ -5.864643, 6.075614 ], [ -5.866442, 6.072388 ], [ -5.866566, 6.072031 ], [ -5.86671, 6.071704 ], [ -5.867114, 6.070845 ], [ -5.867527, 6.069808 ], [ -5.867788, 6.069224 ], [ -5.868641, 6.06726 ], [ -5.868868, 6.066702 ], [ -5.869247, 6.066197 ], [ -5.870203, 6.065116 ], [ -5.873283, 6.06698 ], [ -5.872951, 6.067529 ], [ -5.872708, 6.067895 ], [ -5.871742, 6.069527 ], [ -5.870542, 6.072012 ], [ -5.869674, 6.074829 ], [ -5.869532, 6.075388 ], [ -5.869328, 6.075906 ], [ -5.868837, 6.076772 ], [ -5.868502, 6.077224 ], [ -5.866655, 6.081112 ], [ -5.868936, 6.08795 ], [ -5.871531, 6.089419 ], [ -5.873962, 6.090345 ], [ -5.877272, 6.090765 ], [ -5.87906, 6.091025 ], [ -5.879959, 6.091273 ], [ -5.88217, 6.092046 ], [ -5.884292, 6.092714 ], [ -5.886468, 6.0934 ], [ -5.889843, 6.094435 ], [ -5.89222, 6.095177 ], [ -5.900172, 6.091451 ], [ -5.901107, 6.089668 ], [ -5.903212, 6.087147 ], [ -5.903533, 6.087318 ], [ -5.904125, 6.087812 ], [ -5.904593, 6.088769 ], [ -5.909031500867622, 6.090778934767895 ], [ -5.915121, 6.089529 ], [ -5.916175, 6.091624 ], [ -5.916725, 6.093734 ], [ -5.91718, 6.100039 ], [ -5.920902, 6.104341 ], [ -5.927585, 6.102656 ], [ -5.928755, 6.095408 ], [ -5.927788, 6.093942 ], [ -5.927315, 6.093074 ], [ -5.927093, 6.092556 ], [ -5.926993, 6.092341 ], [ -5.926479, 6.091481 ], [ -5.925828, 6.090256 ], [ -5.925705, 6.089804 ], [ -5.92546, 6.088563 ], [ -5.924616, 6.086353 ], [ -5.924276, 6.085879 ], [ -5.92375, 6.085044 ], [ -5.922924, 6.083982 ], [ -5.92274, 6.083638 ], [ -5.922354, 6.082764 ], [ -5.921162, 6.08068 ], [ -5.92106, 6.080312 ], [ -5.920263, 6.078052 ], [ -5.920265256408114, 6.078051059547024 ], [ -5.919816, 6.077076 ], [ -5.919694, 6.076423 ], [ -5.91811, 6.070313 ], [ -5.916839, 6.066945 ], [ -5.917814, 6.061813 ], [ -5.921313, 6.060968 ], [ -5.925491, 6.067087 ], [ -5.925725, 6.07068 ], [ -5.924755637535567, 6.076878182112927 ], [ -5.924924040828368, 6.077875871300355 ], [ -5.928061, 6.08071 ], [ -5.92987, 6.083822 ], [ -5.932777, 6.091807 ], [ -5.937698, 6.093228 ], [ -5.945151, 6.094832 ], [ -5.94725, 6.092228 ], [ -5.94758, 6.092433 ], [ -5.948076, 6.092817 ], [ -5.948458, 6.093153 ], [ -5.948741, 6.093638 ], [ -5.948654, 6.09566 ], [ -5.948346, 6.097745 ], [ -5.948723, 6.100699 ], [ -5.947199, 6.103602 ], [ -5.951103, 6.110109 ], [ -5.958803, 6.109865 ], [ -5.964651, 6.103836 ], [ -5.965465, 6.103112 ], [ -5.965909, 6.102853 ], [ -5.968792, 6.106467 ], [ -5.971137, 6.112488 ], [ -5.979142, 6.115145 ], [ -5.982317, 6.114206 ], [ -5.98453, 6.10685 ], [ -5.983521, 6.104377 ], [ -5.982845, 6.102805 ], [ -5.982974990828795, 6.101206647014717 ], [ -5.980853, 6.09919 ], [ -5.979769, 6.098819 ], [ -5.978773, 6.098429 ], [ -5.978003, 6.098013 ], [ -5.977057, 6.096867 ], [ -5.976921, 6.096551 ], [ -5.979104877998041, 6.09319498073696 ], [ -5.980642, 6.088766 ], [ -5.981124, 6.088795 ], [ -5.981196502896118, 6.088802080360949 ], [ -5.981197, 6.088801 ], [ -5.981636, 6.088845 ], [ -5.982117, 6.088924 ], [ -5.982185532047689, 6.088938578387878 ], [ -5.982186, 6.088938 ], [ -5.98262, 6.089031 ], [ -5.982949, 6.089133 ], [ -5.98365, 6.089591 ], [ -5.98792, 6.091764 ], [ -5.988345, 6.091936 ], [ -5.988605, 6.092052 ], [ -5.989623, 6.092502 ], [ -5.990906, 6.093059 ], [ -5.990968, 6.093204 ], [ -5.991117, 6.09386 ], [ -5.991039, 6.094548 ], [ -5.990476, 6.095456 ], [ -5.989376, 6.103469 ], [ -5.989604, 6.104082 ], [ -5.990023, 6.105026 ], [ -5.993848, 6.108354 ], [ -6.000506, 6.106756 ], [ -6.001567, 6.105366 ], [ -6.001906, 6.104769 ], [ -6.002081, 6.104403 ], [ -6.002868, 6.102553 ], [ -6.004056, 6.099505 ], [ -6.004743, 6.097866 ], [ -6.005269, 6.092264 ], [ -6.005425, 6.091386 ], [ -6.007105098193784, 6.089896202272061 ], [ -6.007382, 6.088249 ], [ -6.0106, 6.082465 ], [ -6.011377, 6.080414 ], [ -6.012355, 6.07791 ], [ -6.0129, 6.076485 ], [ -6.014246, 6.073068 ], [ -6.014878, 6.071373 ], [ -6.014878772234414, 6.071373288242849 ], [ -6.01488, 6.07137 ], [ -6.018253, 6.072628 ], [ -6.018519, 6.077474 ], [ -6.018382, 6.0779 ], [ -6.018271305097451, 6.078181915292355 ], [ -6.018273, 6.078187 ], [ -6.018263941951757, 6.078209839917344 ], [ -6.018264, 6.07821 ], [ -6.017901, 6.079125 ], [ -6.01778, 6.079379 ], [ -6.01751, 6.079766 ], [ -6.016511, 6.080414 ], [ -6.013966, 6.08374 ], [ -6.013246, 6.085653 ], [ -6.019961, 6.090653 ], [ -6.020742, 6.090412 ], [ -6.021546, 6.090292 ], [ -6.026189, 6.089171 ], [ -6.026997, 6.088982 ], [ -6.027744, 6.088887 ], [ -6.029257, 6.088712 ], [ -6.032237, 6.087842 ], [ -6.033995, 6.087372 ], [ -6.035337, 6.086819 ], [ -6.037366, 6.08579 ], [ -6.038083, 6.085495 ], [ -6.038762, 6.085281 ], [ -6.039375, 6.085165 ], [ -6.045876, 6.083329 ], [ -6.046602, 6.083054 ], [ -6.047252, 6.082861 ], [ -6.054895, 6.079617 ], [ -6.055697, 6.079094 ], [ -6.056339, 6.07874 ], [ -6.057057, 6.078418 ], [ -6.062476, 6.075807 ], [ -6.064033, 6.076961 ], [ -6.064174, 6.077166 ], [ -6.064717, 6.078625 ], [ -6.064715979609269, 6.078625945807431 ], [ -6.064716, 6.078626 ], [ -6.064694143795967, 6.078646185578203 ], [ -6.061584, 6.081529 ], [ -6.061469501298729, 6.081603485714267 ], [ -6.061401, 6.081649 ], [ -6.05394, 6.084594 ], [ -6.052945, 6.085068 ], [ -6.052049, 6.085424 ], [ -6.051146, 6.0857 ], [ -6.050318, 6.085908 ], [ -6.045425, 6.087659 ], [ -6.044438, 6.088136 ], [ -6.043644, 6.088397 ], [ -6.042927, 6.088572 ], [ -6.042259, 6.088661 ], [ -6.036975, 6.090026 ], [ -6.036047, 6.090448 ], [ -6.035237, 6.09075 ], [ -6.033181, 6.091316 ], [ -6.030266, 6.092167 ], [ -6.029541, 6.092328 ], [ -6.029389371917634, 6.092349102877443 ], [ -6.02939, 6.092354 ], [ -6.028959, 6.092409 ], [ -6.025495, 6.093362 ], [ -6.024803, 6.093588 ], [ -6.02412, 6.093754 ], [ -6.018589, 6.09585 ], [ -6.017358, 6.096523 ], [ -6.014768, 6.09796 ], [ -6.012165, 6.099405 ], [ -6.012365, 6.108351 ], [ -6.013126, 6.108925 ], [ -6.013709, 6.109465 ], [ -6.014343, 6.110169 ], [ -6.014901, 6.110959 ], [ -6.016025, 6.112754 ], [ -6.017289, 6.114603 ], [ -6.01778, 6.115257 ], [ -6.019512527126945, 6.115829272003794 ], [ -6.027123, 6.11551 ], [ -6.0275, 6.115141 ], [ -6.027838, 6.114867 ], [ -6.028672, 6.11424 ], [ -6.029366, 6.113786 ], [ -6.029803, 6.113577 ], [ -6.030098, 6.113487 ], [ -6.031411, 6.113176 ], [ -6.033411, 6.112642 ], [ -6.034339, 6.116121 ], [ -6.0358, 6.124824 ], [ -6.037119, 6.125482 ], [ -6.044568, 6.129485 ], [ -6.05126, 6.128722 ], [ -6.053584, 6.131472 ], [ -6.051138, 6.135275 ], [ -6.05113501844741, 6.135273971324174 ], [ -6.051135, 6.135274 ], [ -6.050396, 6.135019 ], [ -6.049917, 6.13487 ], [ -6.049158957169979, 6.134649034982648 ], [ -6.048857, 6.134568 ], [ -6.046778, 6.133955 ], [ -6.039748, 6.134426 ], [ -6.035664, 6.136925 ] ] ], [ [ [ -4.619316, 5.731931 ], [ -4.614056, 5.726171 ], [ -4.610047, 5.72541 ], [ -4.603305, 5.721222 ], [ -4.601847, 5.721192 ], [ -4.601617, 5.721159 ], [ -4.60141, 5.721127 ], [ -4.601208, 5.721075 ], [ -4.601024, 5.721027 ], [ -4.600684, 5.720895 ], [ -4.600461, 5.720752 ], [ -4.600273, 5.720626 ], [ -4.599046, 5.719534 ], [ -4.597838, 5.718458 ], [ -4.597428, 5.718101 ], [ -4.597015, 5.717743 ], [ -4.59639, 5.717162 ], [ -4.595769, 5.716585 ], [ -4.594807, 5.715762 ], [ -4.593839, 5.714934 ], [ -4.593472, 5.714587 ], [ -4.593112, 5.714245 ], [ -4.592979, 5.714084 ], [ -4.592863, 5.71394 ], [ -4.592688, 5.713619 ], [ -4.592531, 5.713326 ], [ -4.592162, 5.712493 ], [ -4.591799, 5.711672 ], [ -4.59095, 5.7098 ], [ -4.582332, 5.709275 ], [ -4.582223, 5.709371 ], [ -4.58177, 5.709733 ], [ -4.581293, 5.710112 ], [ -4.578958, 5.713142 ], [ -4.578865, 5.713276 ], [ -4.578532, 5.713578 ], [ -4.57801, 5.714068 ], [ -4.576378, 5.715869 ], [ -4.576256, 5.716012 ], [ -4.5761, 5.716185 ], [ -4.575874, 5.716333 ], [ -4.574604, 5.717227 ], [ -4.574394, 5.717319 ], [ -4.57417, 5.717418 ], [ -4.568643, 5.720779 ], [ -4.565028, 5.724876 ], [ -4.561917, 5.723508 ], [ -4.561715, 5.723391 ], [ -4.561491, 5.723258 ], [ -4.561306, 5.72311 ], [ -4.561532, 5.722829 ], [ -4.569155, 5.718319 ], [ -4.569329, 5.717946 ], [ -4.569538, 5.717443 ], [ -4.569639, 5.717204 ], [ -4.569765, 5.717023 ], [ -4.569969, 5.716898 ], [ -4.570364, 5.716848 ], [ -4.570948, 5.716772 ], [ -4.57678, 5.714364 ], [ -4.578896, 5.71155 ], [ -4.579043, 5.711284 ], [ -4.579193, 5.711126 ], [ -4.580338, 5.710214 ], [ -4.584429, 5.702451 ], [ -4.584474, 5.702209 ], [ -4.584515, 5.702009 ], [ -4.584636, 5.701716 ], [ -4.584279, 5.694397 ], [ -4.582973, 5.692127 ], [ -4.576247, 5.690195 ], [ -4.575739, 5.690298 ], [ -4.575512, 5.690322 ], [ -4.575285, 5.690346 ], [ -4.574761, 5.688955 ], [ -4.574585, 5.686618 ], [ -4.568367, 5.681044 ], [ -4.565459, 5.682309 ], [ -4.564786, 5.682572 ], [ -4.562209, 5.682539 ], [ -4.561796, 5.682518 ], [ -4.561045, 5.682243 ], [ -4.555608, 5.675104 ], [ -4.555226, 5.675024 ], [ -4.553793, 5.67475 ], [ -4.552365, 5.674478 ], [ -4.551952, 5.674414 ], [ -4.551271, 5.674316 ], [ -4.551001, 5.674283 ], [ -4.550457, 5.674224 ], [ -4.549596, 5.674141 ], [ -4.549273, 5.674118 ], [ -4.548609, 5.674073 ], [ -4.547696, 5.674023 ], [ -4.547444, 5.674017 ], [ -4.546805, 5.67402 ], [ -4.546172, 5.674023 ], [ -4.545375, 5.674055 ], [ -4.539701, 5.676146 ], [ -4.5374, 5.678506 ], [ -4.537146, 5.678623 ], [ -4.534977, 5.679603 ], [ -4.534794, 5.679675 ], [ -4.534639, 5.679682 ], [ -4.534523, 5.679647 ], [ -4.534414, 5.67957 ], [ -4.529307, 5.678089 ], [ -4.525812, 5.683746 ], [ -4.521912, 5.684703 ], [ -4.517947, 5.688626 ], [ -4.514595, 5.696354 ], [ -4.514564, 5.697968 ], [ -4.516753, 5.7055 ], [ -4.517432, 5.706501 ], [ -4.517995, 5.707271 ], [ -4.518554, 5.708037 ], [ -4.51905, 5.708662 ], [ -4.520151, 5.709973 ], [ -4.521258, 5.711171 ], [ -4.521758, 5.711681 ], [ -4.522228, 5.712144 ], [ -4.523334, 5.713169 ], [ -4.523975, 5.713734 ], [ -4.524432, 5.71412 ], [ -4.524881, 5.714498 ], [ -4.527942, 5.716745 ], [ -4.531003, 5.718991 ], [ -4.53079, 5.719281 ], [ -4.527729, 5.717035 ], [ -4.524668, 5.714788 ], [ -4.516963, 5.711893 ], [ -4.516761, 5.710719 ], [ -4.516559, 5.709545 ], [ -4.51645, 5.708558 ], [ -4.515746, 5.705469 ], [ -4.514968, 5.703178 ], [ -4.514786, 5.702681 ], [ -4.51461, 5.702196 ], [ -4.514466, 5.701577 ], [ -4.514327, 5.700978 ], [ -4.514279, 5.70064 ], [ -4.514234, 5.700318 ], [ -4.514204, 5.699951 ], [ -4.514174, 5.699594 ], [ -4.510972, 5.693429 ], [ -4.504668, 5.693711 ], [ -4.50442, 5.693582 ], [ -4.504172, 5.693453 ], [ -4.503271, 5.692953 ], [ -4.498071, 5.69196 ], [ -4.492292, 5.695127 ], [ -4.491954, 5.695502 ], [ -4.491598, 5.695894 ], [ -4.49144, 5.696026 ], [ -4.491254, 5.696178 ], [ -4.490945, 5.69635 ], [ -4.490627, 5.696527 ], [ -4.489727, 5.696965 ], [ -4.488828, 5.697403 ], [ -4.48867, 5.697079 ], [ -4.491836, 5.691546 ], [ -4.492137, 5.691394 ], [ -4.492295, 5.691342 ], [ -4.492413, 5.691324 ], [ -4.492533, 5.69133 ], [ -4.49269, 5.691356 ], [ -4.493272, 5.69148 ], [ -4.493463, 5.691522 ], [ -4.493744, 5.691609 ], [ -4.500282, 5.685509 ], [ -4.495781, 5.680754 ], [ -4.495519, 5.680688 ], [ -4.49532, 5.680613 ], [ -4.495097, 5.680527 ], [ -4.494928, 5.680431 ], [ -4.494765, 5.680314 ], [ -4.494584, 5.680183 ], [ -4.494332, 5.679943 ], [ -4.493971, 5.679412 ], [ -4.493143, 5.678434 ], [ -4.492587, 5.677816 ], [ -4.492828, 5.677548 ], [ -4.493092, 5.677786 ], [ -4.493271, 5.678011 ], [ -4.493647, 5.678422 ], [ -4.493883, 5.67865 ], [ -4.497141, 5.68064 ], [ -4.501462, 5.673219 ], [ -4.499654, 5.671202 ], [ -4.498736, 5.670152 ], [ -4.497814, 5.669095 ], [ -4.497492, 5.668689 ], [ -4.497163, 5.668274 ], [ -4.496768, 5.667701 ], [ -4.496371, 5.667123 ], [ -4.49498, 5.664944 ], [ -4.49359, 5.662766 ], [ -4.492562, 5.661179 ], [ -4.491539, 5.659597 ], [ -4.491242, 5.659173 ], [ -4.488756, 5.656315 ], [ -4.487682, 5.655232 ], [ -4.486094, 5.653688 ], [ -4.480311, 5.649456 ], [ -4.476925, 5.648212 ], [ -4.473535, 5.646965 ], [ -4.473075, 5.646778 ], [ -4.472603, 5.646585 ], [ -4.472191, 5.646381 ], [ -4.471767, 5.64617 ], [ -4.471531, 5.64603 ], [ -4.471285, 5.645884 ], [ -4.470917, 5.645634 ], [ -4.470548, 5.645383 ], [ -4.470395, 5.645278 ], [ -4.466484, 5.642452 ], [ -4.466663, 5.64214 ], [ -4.471483, 5.64413 ], [ -4.47705, 5.647874 ], [ -4.480435, 5.649119 ], [ -4.481149, 5.649467 ], [ -4.481846, 5.649808 ], [ -4.482202, 5.650012 ], [ -4.482546, 5.65021 ], [ -4.482934, 5.650477 ], [ -4.48331, 5.650735 ], [ -4.48372, 5.651043 ], [ -4.484123, 5.651346 ], [ -4.484439, 5.651615 ], [ -4.484747, 5.651877 ], [ -4.486345, 5.65343 ], [ -4.487933, 5.654974 ], [ -4.489011, 5.656062 ], [ -4.490087, 5.657147 ], [ -4.490389, 5.657485 ], [ -4.490686, 5.657816 ], [ -4.490966, 5.658181 ], [ -4.491237, 5.658536 ], [ -4.491537, 5.658967 ], [ -4.491834, 5.659391 ], [ -4.492865, 5.660983 ], [ -4.493892, 5.66257 ], [ -4.495283, 5.66475 ], [ -4.496674, 5.66693 ], [ -4.497065, 5.667497 ], [ -4.497459, 5.66807 ], [ -4.497774, 5.668465 ], [ -4.498096, 5.668871 ], [ -4.499007, 5.669915 ], [ -4.499925, 5.670965 ], [ -4.50173, 5.672979 ], [ -4.503536, 5.674994 ], [ -4.504158, 5.675704 ], [ -4.504779, 5.676413 ], [ -4.505019, 5.676712 ], [ -4.505253, 5.677006 ], [ -4.505479, 5.677334 ], [ -4.505699, 5.677651 ], [ -4.505858, 5.677924 ], [ -4.506011, 5.678186 ], [ -4.51336, 5.680459 ], [ -4.516145, 5.67452 ], [ -4.51613, 5.674285 ], [ -4.516115, 5.674017 ], [ -4.516209, 5.673215 ], [ -4.516049, 5.671337 ], [ -4.515843, 5.670652 ], [ -4.515641, 5.669975 ], [ -4.515531, 5.669668 ], [ -4.515479, 5.669464 ], [ -4.515422, 5.669236 ], [ -4.514683, 5.666794 ], [ -4.514542, 5.66647 ], [ -4.514398, 5.666139 ], [ -4.51433, 5.665965 ], [ -4.514109, 5.66546 ], [ -4.513943, 5.665096 ], [ -4.513095, 5.663678 ], [ -4.512981, 5.663501 ], [ -4.512843, 5.66314 ], [ -4.512209, 5.660927 ], [ -4.512122, 5.66058 ], [ -4.512109, 5.66039 ], [ -4.512097, 5.660176 ], [ -4.51187, 5.657343 ], [ -4.512208, 5.657219 ], [ -4.512326, 5.657538 ], [ -4.512444, 5.657857 ], [ -4.51253, 5.658156 ], [ -4.512582, 5.658401 ], [ -4.512632, 5.658633 ], [ -4.512652, 5.65891 ], [ -4.512668, 5.65916 ], [ -4.514043, 5.664308 ], [ -4.514134, 5.664497 ], [ -4.514593, 5.66565 ], [ -4.515426, 5.667369 ], [ -4.515572, 5.667612 ], [ -4.515607, 5.667712 ], [ -4.515696, 5.668469 ], [ -4.515979, 5.669854 ], [ -4.521435, 5.675802 ], [ -4.529496, 5.677651 ], [ -4.530375, 5.67732 ], [ -4.531263, 5.676985 ], [ -4.532469, 5.676505 ], [ -4.536942, 5.671902 ], [ -4.537329, 5.668421 ], [ -4.538014, 5.659619 ], [ -4.537863, 5.659333 ], [ -4.537759, 5.658992 ], [ -4.53646, 5.656109 ], [ -4.535591, 5.65474 ], [ -4.535431, 5.654498 ], [ -4.53447, 5.653003 ], [ -4.532644, 5.650798 ], [ -4.532055, 5.650089 ], [ -4.531698, 5.649711 ], [ -4.531327, 5.649293 ], [ -4.530925, 5.648826 ], [ -4.53085, 5.648629 ], [ -4.529787, 5.646554 ], [ -4.529426, 5.646021 ], [ -4.529066, 5.645489 ], [ -4.529364, 5.645287 ], [ -4.529725, 5.64582 ], [ -4.530085, 5.646352 ], [ -4.530385, 5.646772 ], [ -4.530687, 5.647196 ], [ -4.530874, 5.647509 ], [ -4.534207, 5.651631 ], [ -4.534343, 5.65182 ], [ -4.534483, 5.652091 ], [ -4.5355, 5.653805 ], [ -4.536445, 5.655183 ], [ -4.537284, 5.656666 ], [ -4.53748, 5.656969 ], [ -4.537672, 5.657267 ], [ -4.537796, 5.657498 ], [ -4.537875, 5.65776 ], [ -4.539621, 5.661284 ], [ -4.539687, 5.661375 ], [ -4.539788, 5.66163 ], [ -4.539875, 5.661856 ], [ -4.539986, 5.662217 ], [ -4.540094, 5.662566 ], [ -4.540179, 5.662817 ], [ -4.540267, 5.663074 ], [ -4.541633, 5.665601 ], [ -4.544241, 5.670438 ], [ -4.546721, 5.67196 ], [ -4.547355, 5.672166 ], [ -4.547555, 5.672249 ], [ -4.547742, 5.672326 ], [ -4.551315, 5.673959 ], [ -4.551589, 5.673993 ], [ -4.552007, 5.674058 ], [ -4.55242, 5.674122 ], [ -4.55386, 5.674397 ], [ -4.561202, 5.669507 ], [ -4.561479, 5.669277 ], [ -4.563601, 5.665696 ], [ -4.563682, 5.665285 ], [ -4.556228, 5.660405 ], [ -4.556041, 5.660529 ], [ -4.555793, 5.660639 ], [ -4.555512, 5.660759 ], [ -4.555144, 5.660842 ], [ -4.554733, 5.66093 ], [ -4.554621, 5.660922 ], [ -4.554443, 5.660859 ], [ -4.554316, 5.660758 ], [ -4.554189, 5.66061 ], [ -4.554039, 5.660429 ], [ -4.553811, 5.659998 ], [ -4.553573, 5.659545 ], [ -4.55348, 5.65928 ], [ -4.553455, 5.659079 ], [ -4.553108, 5.657548 ], [ -4.553071, 5.657399 ], [ -4.55307, 5.657173 ], [ -4.55333, 5.655871 ], [ -4.553355, 5.655658 ], [ -4.553478, 5.655131 ], [ -4.553601, 5.654603 ], [ -4.553952, 5.654686 ], [ -4.561956, 5.655859 ], [ -4.56394, 5.648639 ], [ -4.563924, 5.648449 ], [ -4.563909, 5.648225 ], [ -4.563976, 5.648066 ], [ -4.565892, 5.645361 ], [ -4.567481, 5.644124 ], [ -4.574953, 5.644093 ], [ -4.576283, 5.638051 ], [ -4.576302, 5.637691 ], [ -4.576716, 5.636755 ], [ -4.57578, 5.628368 ], [ -4.575351, 5.627733 ], [ -4.57492, 5.627094 ], [ -4.574683, 5.62672 ], [ -4.574442, 5.626337 ], [ -4.57348, 5.6246 ], [ -4.572518, 5.622864 ], [ -4.571301, 5.620688 ], [ -4.566806, 5.615667 ], [ -4.566228, 5.61516 ], [ -4.565657, 5.614659 ], [ -4.5639, 5.613256 ], [ -4.562135, 5.611846 ], [ -4.560916, 5.610854 ], [ -4.560094, 5.610218 ], [ -4.559331, 5.609592 ], [ -4.55856, 5.608959 ], [ -4.558296, 5.608715 ], [ -4.558017, 5.608455 ], [ -4.557897, 5.608315 ], [ -4.557757, 5.608145 ], [ -4.557571, 5.607808 ], [ -4.557489, 5.607592 ], [ -4.557403, 5.607365 ], [ -4.55733, 5.607128 ], [ -4.557254, 5.606878 ], [ -4.556769, 5.604752 ], [ -4.556283, 5.602625 ], [ -4.553086, 5.594819 ], [ -4.552513, 5.593927 ], [ -4.551709, 5.592612 ], [ -4.550905, 5.591298 ], [ -4.549893, 5.589709 ], [ -4.549416, 5.588998 ], [ -4.549215, 5.588649 ], [ -4.549007, 5.588285 ], [ -4.548848, 5.587931 ], [ -4.548679, 5.587553 ], [ -4.547943, 5.584989 ], [ -4.547208, 5.582425 ], [ -4.546472, 5.579861 ], [ -4.542329, 5.573296 ], [ -4.539747, 5.565657 ], [ -4.536735, 5.56073 ], [ -4.535884, 5.559563 ], [ -4.535034, 5.558397 ], [ -4.535325, 5.558185 ], [ -4.536175, 5.559351 ], [ -4.537026, 5.560517 ], [ -4.537676, 5.56139 ], [ -4.538328, 5.562265 ], [ -4.538616, 5.562743 ], [ -4.538895, 5.563206 ], [ -4.539261, 5.563881 ], [ -4.539623, 5.564549 ], [ -4.540073, 5.565504 ], [ -4.540519, 5.566449 ], [ -4.547992, 5.571243 ], [ -4.548119, 5.57158 ], [ -4.546818, 5.579762 ], [ -4.547554, 5.582326 ], [ -4.54829, 5.58489 ], [ -4.552181, 5.591281 ], [ -4.554603, 5.59655 ], [ -4.560251, 5.603086 ], [ -4.562375, 5.611578 ], [ -4.564124, 5.612974 ], [ -4.565881, 5.614377 ], [ -4.566466, 5.61489 ], [ -4.567044, 5.615397 ], [ -4.568088, 5.616249 ], [ -4.569137, 5.617105 ], [ -4.569541, 5.617453 ], [ -4.569942, 5.617798 ], [ -4.57012, 5.61799 ], [ -4.570282, 5.618168 ], [ -4.570389, 5.618322 ], [ -4.571615, 5.620512 ], [ -4.572833, 5.622689 ], [ -4.573795, 5.624426 ], [ -4.574756, 5.626162 ], [ -4.574988, 5.626528 ], [ -4.577838, 5.629124 ], [ -4.578107, 5.629318 ], [ -4.586857, 5.627482 ], [ -4.587007, 5.627157 ], [ -4.587235, 5.626637 ], [ -4.587327, 5.626412 ], [ -4.587513, 5.62608 ], [ -4.587712, 5.625728 ], [ -4.588152, 5.624745 ], [ -4.588308, 5.624362 ], [ -4.588474, 5.623961 ], [ -4.588647, 5.623649 ], [ -4.589699, 5.62159 ], [ -4.589788, 5.621406 ], [ -4.589885, 5.621208 ], [ -4.590089, 5.620768 ], [ -4.590168, 5.620583 ], [ -4.590256, 5.620383 ], [ -4.590658, 5.619661 ], [ -4.591065, 5.618931 ], [ -4.59147, 5.618095 ], [ -4.591774, 5.617417 ], [ -4.591948, 5.617106 ], [ -4.592773, 5.615477 ], [ -4.592895, 5.615206 ], [ -4.593021, 5.614926 ], [ -4.593358, 5.614275 ], [ -4.593697, 5.613618 ], [ -4.593945, 5.613176 ], [ -4.594418, 5.61229 ], [ -4.596001, 5.603899 ], [ -4.595931, 5.603317 ], [ -4.595793, 5.602361 ], [ -4.595725, 5.601908 ], [ -4.59528, 5.599775 ], [ -4.595563, 5.599554 ], [ -4.59573, 5.599768 ], [ -4.595898, 5.599982 ], [ -4.59603, 5.600239 ], [ -4.596142, 5.600466 ], [ -4.596192, 5.600748 ], [ -4.596224, 5.600975 ], [ -4.596695, 5.604519 ], [ -4.596862, 5.605093 ], [ -4.597018, 5.605638 ], [ -4.596933, 5.605962 ], [ -4.596381, 5.60902 ], [ -4.596272, 5.609424 ], [ -4.59617, 5.609774 ], [ -4.595813, 5.610433 ], [ -4.595363, 5.611307 ], [ -4.595248, 5.611573 ], [ -4.595095, 5.61181 ], [ -4.594739, 5.612453 ], [ -4.594511, 5.612904 ], [ -4.594259, 5.613353 ], [ -4.594011, 5.613794 ], [ -4.593678, 5.61444 ], [ -4.593341, 5.615091 ], [ -4.593223, 5.615354 ], [ -4.593009, 5.615861 ], [ -4.592914, 5.616107 ], [ -4.592648, 5.616609 ], [ -4.59239, 5.61709 ], [ -4.592088, 5.617592 ], [ -4.591799, 5.618241 ], [ -4.591503, 5.618905 ], [ -4.591371, 5.619121 ], [ -4.590973, 5.619836 ], [ -4.59057, 5.620558 ], [ -4.590499, 5.620726 ], [ -4.590368, 5.62109 ], [ -4.589933, 5.62269 ], [ -4.598197, 5.625698 ], [ -4.598733, 5.624841 ], [ -4.598928, 5.624607 ], [ -4.599051, 5.624489 ], [ -4.599261, 5.624329 ], [ -4.59955, 5.624168 ], [ -4.600517, 5.623525 ], [ -4.600838, 5.62325 ], [ -4.601017, 5.623114 ], [ -4.601203, 5.622973 ], [ -4.601598, 5.622701 ], [ -4.602018, 5.622415 ], [ -4.602193, 5.622331 ], [ -4.602411, 5.622233 ], [ -4.602776, 5.622159 ], [ -4.608007, 5.617999 ], [ -4.609111, 5.616986 ], [ -4.609441, 5.616851 ], [ -4.613255, 5.614261 ], [ -4.619637, 5.613605 ], [ -4.619733, 5.613952 ], [ -4.61793, 5.615982 ], [ -4.613828, 5.61785 ], [ -4.608006, 5.621348 ], [ -4.607911, 5.621465 ], [ -4.607788, 5.621571 ], [ -4.607537, 5.621735 ], [ -4.607046, 5.622073 ], [ -4.606781, 5.622266 ], [ -4.60647, 5.62246 ], [ -4.606229, 5.622532 ], [ -4.606015, 5.62256 ], [ -4.605646, 5.622571 ], [ -4.600437, 5.624067 ], [ -4.600201, 5.62424 ], [ -4.597981, 5.626725 ], [ -4.597612, 5.627219 ], [ -4.597252, 5.6277 ], [ -4.597015, 5.628036 ], [ -4.596775, 5.628375 ], [ -4.596544, 5.628618 ], [ -4.596038, 5.629074 ], [ -4.595541, 5.629521 ], [ -4.595348, 5.629664 ], [ -4.595177, 5.62976 ], [ -4.593032, 5.631515 ], [ -4.592903, 5.631706 ], [ -4.592672, 5.632084 ], [ -4.592566, 5.632277 ], [ -4.592431, 5.632494 ], [ -4.592314, 5.632669 ], [ -4.597841, 5.639716 ], [ -4.598114, 5.639611 ], [ -4.598309, 5.639553 ], [ -4.598509, 5.639493 ], [ -4.598789, 5.639416 ], [ -4.601275, 5.637969 ], [ -4.601497, 5.637729 ], [ -4.601692, 5.63757 ], [ -4.601904, 5.637424 ], [ -4.602108, 5.63731 ], [ -4.602365, 5.637219 ], [ -4.60271, 5.637162 ], [ -4.603034, 5.637137 ], [ -4.603645, 5.637096 ], [ -4.60404, 5.637054 ], [ -4.605511, 5.636777 ], [ -4.605692, 5.636745 ], [ -4.606445, 5.636656 ], [ -4.60683, 5.636589 ], [ -4.607521, 5.636486 ], [ -4.607924, 5.636404 ], [ -4.6086, 5.636315 ], [ -4.608929, 5.636258 ], [ -4.609104, 5.636249 ], [ -4.609497, 5.636304 ], [ -4.609924, 5.636368 ], [ -4.610161, 5.636451 ], [ -4.610409, 5.636538 ], [ -4.613181, 5.637029 ], [ -4.619366, 5.635148 ], [ -4.619586, 5.635035 ], [ -4.619817, 5.634917 ], [ -4.620333, 5.634693 ], [ -4.62086, 5.634465 ], [ -4.621312, 5.634304 ], [ -4.621768, 5.634142 ], [ -4.622013, 5.634062 ], [ -4.622285, 5.633976 ], [ -4.622582, 5.633933 ], [ -4.622908, 5.633966 ], [ -4.626316, 5.634016 ], [ -4.626476, 5.634339 ], [ -4.626217, 5.634467 ], [ -4.625959, 5.634596 ], [ -4.625616, 5.634705 ], [ -4.617664, 5.636943 ], [ -4.617483, 5.637031 ], [ -4.61732, 5.637109 ], [ -4.617016, 5.637235 ], [ -4.61588, 5.637606 ], [ -4.615547, 5.637726 ], [ -4.615278, 5.637767 ], [ -4.615044, 5.6378 ], [ -4.614639, 5.637742 ], [ -4.614288, 5.637685 ], [ -4.612085, 5.637364 ], [ -4.611631, 5.637281 ], [ -4.611203, 5.637201 ], [ -4.606139, 5.637076 ], [ -4.605202, 5.63728 ], [ -4.604922, 5.637346 ], [ -4.600365, 5.639236 ], [ -4.600109, 5.639414 ], [ -4.599962, 5.639492 ], [ -4.596894, 5.641213 ], [ -4.596678, 5.641383 ], [ -4.596456, 5.641523 ], [ -4.596195, 5.641656 ], [ -4.595837, 5.64178 ], [ -4.595501, 5.641896 ], [ -4.595222, 5.641954 ], [ -4.594976, 5.641963 ], [ -4.594665, 5.641936 ], [ -4.592909, 5.641769 ], [ -4.592557, 5.641776 ], [ -4.592055, 5.641732 ], [ -4.591573, 5.641689 ], [ -4.58452, 5.647174 ], [ -4.584516, 5.647458 ], [ -4.584511, 5.647742 ], [ -4.589649, 5.654974 ], [ -4.589971, 5.655048 ], [ -4.590334, 5.655138 ], [ -4.590495, 5.655221 ], [ -4.590689, 5.655325 ], [ -4.594405, 5.656784 ], [ -4.595235, 5.657046 ], [ -4.59547, 5.657121 ], [ -4.595764, 5.657228 ], [ -4.596187, 5.657568 ], [ -4.600785, 5.659556 ], [ -4.601304, 5.659665 ], [ -4.601898, 5.65981 ], [ -4.603796, 5.661078 ], [ -4.604321, 5.661408 ], [ -4.604845, 5.661738 ], [ -4.604653, 5.662043 ], [ -4.602896, 5.661121 ], [ -4.599607, 5.659894 ], [ -4.599282, 5.659815 ], [ -4.598998, 5.659741 ], [ -4.598441, 5.659553 ], [ -4.598167, 5.659466 ], [ -4.597869, 5.659309 ], [ -4.589972, 5.663233 ], [ -4.589833, 5.664153 ], [ -4.589553, 5.66438 ], [ -4.585963, 5.66356 ], [ -4.581125, 5.669614 ], [ -4.582631, 5.673924 ], [ -4.582781, 5.674264 ], [ -4.583114, 5.675257 ], [ -4.584159, 5.677455 ], [ -4.584652, 5.678175 ], [ -4.589246, 5.681429 ], [ -4.58983, 5.681731 ], [ -4.591654, 5.682388 ], [ -4.591941, 5.68247 ], [ -4.592278, 5.682577 ], [ -4.598842, 5.684697 ], [ -4.599106, 5.684941 ], [ -4.597088, 5.687936 ], [ -4.596858, 5.688212 ], [ -4.595363, 5.687571 ], [ -4.595138, 5.687503 ], [ -4.594964, 5.687445 ], [ -4.59473, 5.687269 ], [ -4.594573, 5.687057 ], [ -4.594504, 5.686792 ], [ -4.590686, 5.682513 ], [ -4.584009, 5.68513 ], [ -4.583285, 5.691947 ], [ -4.584591, 5.694218 ], [ -4.585906, 5.696507 ], [ -4.586012, 5.696754 ], [ -4.586128, 5.697033 ], [ -4.586208, 5.697403 ], [ -4.586221, 5.697847 ], [ -4.586234, 5.698302 ], [ -4.586225, 5.698613 ], [ -4.589268, 5.7063 ], [ -4.589731, 5.706834 ], [ -4.590215, 5.707398 ], [ -4.590318, 5.707581 ], [ -4.590428, 5.707778 ], [ -4.591278, 5.709651 ], [ -4.596014, 5.716321 ], [ -4.596635, 5.716899 ], [ -4.597252, 5.717472 ], [ -4.6048, 5.720896 ], [ -4.605089, 5.720952 ], [ -4.605417, 5.721021 ], [ -4.605591, 5.721099 ], [ -4.605777, 5.721184 ], [ -4.607114, 5.721927 ], [ -4.608449, 5.72267 ], [ -4.609332, 5.723151 ], [ -4.610217, 5.723634 ], [ -4.612224, 5.724745 ], [ -4.620875, 5.726016 ], [ -4.627251, 5.730373 ], [ -4.6274, 5.730701 ], [ -4.627536, 5.737889 ], [ -4.628671, 5.742036 ], [ -4.628726, 5.742351 ], [ -4.628743, 5.742691 ], [ -4.628691, 5.743011 ], [ -4.627659, 5.74736 ], [ -4.62731, 5.747448 ], [ -4.627044, 5.746944 ], [ -4.627263, 5.746415 ], [ -4.627808, 5.744649 ], [ -4.627189, 5.737984 ], [ -4.626057, 5.733853 ], [ -4.620136, 5.731947 ], [ -4.619316, 5.731931 ] ] ], [ [ [ -4.93448, 5.908257 ], [ -4.933469, 5.908158 ], [ -4.932784, 5.908131 ], [ -4.931647, 5.908118 ], [ -4.931191, 5.908133 ], [ -4.930617, 5.908172 ], [ -4.930036, 5.908212 ], [ -4.929165, 5.908256 ], [ -4.928297, 5.9083 ], [ -4.92753, 5.908301 ], [ -4.926773, 5.908301 ], [ -4.925648, 5.908265 ], [ -4.92453, 5.908229 ], [ -4.923864, 5.908188 ], [ -4.922761, 5.908161 ], [ -4.921947, 5.908199 ], [ -4.9212, 5.908278 ], [ -4.920807, 5.908331 ], [ -4.920248, 5.908431 ], [ -4.919254, 5.908642 ], [ -4.918814, 5.908754 ], [ -4.91784, 5.909069 ], [ -4.916856, 5.909386 ], [ -4.916328, 5.909499 ], [ -4.915818, 5.909607 ], [ -4.915613, 5.909647 ], [ -4.915411, 5.909687 ], [ -4.914844, 5.909754 ], [ -4.914292, 5.909818 ], [ -4.913294, 5.909836 ], [ -4.908605, 5.9173 ], [ -4.908628, 5.917465 ], [ -4.909452, 5.919978 ], [ -4.910207, 5.921145 ], [ -4.910369, 5.921423 ], [ -4.910695, 5.922044 ], [ -4.910887, 5.922398 ], [ -4.911519, 5.923489 ], [ -4.915458, 5.926878 ], [ -4.916341, 5.927376 ], [ -4.917686, 5.92807 ], [ -4.918238, 5.928412 ], [ -4.918784, 5.92875 ], [ -4.91931, 5.929045 ], [ -4.919904, 5.929406 ], [ -4.920425, 5.93001 ], [ -4.924355, 5.933322 ], [ -4.924271, 5.933672 ], [ -4.920363, 5.935781 ], [ -4.920004, 5.935757 ], [ -4.920056, 5.934986 ], [ -4.920108, 5.934214 ], [ -4.920157, 5.933294 ], [ -4.911317, 5.931646 ], [ -4.911144, 5.931923 ], [ -4.910959, 5.932218 ], [ -4.910664, 5.93258 ], [ -4.910366, 5.932945 ], [ -4.910049, 5.939123 ], [ -4.909798, 5.939381 ], [ -4.909468, 5.939061 ], [ -4.909137, 5.938741 ], [ -4.908912, 5.938494 ], [ -4.90823, 5.937598 ], [ -4.908209640819477, 5.937563528205706 ], [ -4.908207, 5.937565 ], [ -4.908142, 5.937449 ], [ -4.908074, 5.936555 ], [ -4.908028, 5.935739 ], [ -4.908083, 5.935386 ], [ -4.908148, 5.935164 ], [ -4.908208, 5.934966 ], [ -4.909923, 5.928121 ], [ -4.909945, 5.927747 ], [ -4.909967, 5.927398 ], [ -4.909979, 5.926592 ], [ -4.909977, 5.926329 ], [ -4.909989, 5.924956 ], [ -4.909982, 5.924736 ], [ -4.908536, 5.919247 ], [ -4.908436, 5.919053 ], [ -4.908349, 5.91888 ], [ -4.905744, 5.91458 ], [ -4.905579, 5.914354 ], [ -4.901814, 5.911088 ], [ -4.901557, 5.910943 ], [ -4.901328, 5.910811 ], [ -4.900966, 5.910542 ], [ -4.900623, 5.910284 ], [ -4.90004, 5.909807 ], [ -4.896486, 5.908431 ], [ -4.891207, 5.913662 ], [ -4.891092, 5.914335 ], [ -4.892001, 5.918467 ], [ -4.892148, 5.918763 ], [ -4.892305, 5.91908 ], [ -4.892425, 5.91946 ], [ -4.892404, 5.919828 ], [ -4.892265, 5.920135 ], [ -4.891284, 5.925437 ], [ -4.891316, 5.925803 ], [ -4.891274, 5.92614 ], [ -4.891191, 5.926336 ], [ -4.891095, 5.926555 ], [ -4.890449, 5.927765 ], [ -4.889517, 5.932249 ], [ -4.88949, 5.932315 ], [ -4.889156, 5.932181 ], [ -4.888623, 5.930342 ], [ -4.888615, 5.930128 ], [ -4.888705, 5.929851 ], [ -4.888784, 5.929633 ], [ -4.890476, 5.922931 ], [ -4.890543, 5.922002 ], [ -4.890589, 5.921758 ], [ -4.890631, 5.921552 ], [ -4.890634, 5.916115 ], [ -4.888836, 5.91211 ], [ -4.881863, 5.909018 ], [ -4.881407, 5.909005 ], [ -4.880969, 5.908992 ], [ -4.880578, 5.908953 ], [ -4.8802, 5.908916 ], [ -4.879772, 5.908838 ], [ -4.879359, 5.908762 ], [ -4.878873, 5.908635 ], [ -4.878399, 5.908511 ], [ -4.876846, 5.907958 ], [ -4.875308, 5.90741 ], [ -4.873522, 5.906739 ], [ -4.87174, 5.906069 ], [ -4.870374, 5.905573 ], [ -4.869871, 5.905341 ], [ -4.862351, 5.903357 ], [ -4.861991, 5.903347 ], [ -4.856624, 5.903213 ], [ -4.85088, 5.907455 ], [ -4.85052, 5.907459 ], [ -4.850517, 5.907193 ], [ -4.850515, 5.906926 ], [ -4.850559, 5.906352 ], [ -4.850301, 5.904551 ], [ -4.850229, 5.904233 ], [ -4.847439, 5.899249 ], [ -4.840994, 5.902976 ], [ -4.840815, 5.903288 ], [ -4.837728, 5.908669 ], [ -4.834482, 5.910582 ], [ -4.834234, 5.910749 ], [ -4.834018, 5.91089 ], [ -4.833868, 5.910959 ], [ -4.833738, 5.910985 ], [ -4.831675, 5.911602 ], [ -4.830263, 5.912317 ], [ -4.828085, 5.914377 ], [ -4.828324, 5.921156 ], [ -4.828567, 5.92147 ], [ -4.828813, 5.92179 ], [ -4.829117, 5.922213 ], [ -4.829416, 5.92263 ], [ -4.830138, 5.923454 ], [ -4.830796, 5.924047 ], [ -4.832023, 5.925036 ], [ -4.832244, 5.925206 ], [ -4.832484, 5.925391 ], [ -4.832644, 5.925552 ], [ -4.832818, 5.925727 ], [ -4.832966, 5.925912 ], [ -4.83329, 5.926293 ], [ -4.833483, 5.926511 ], [ -4.833699, 5.926806 ], [ -4.833917, 5.927103 ], [ -4.834365, 5.92774 ], [ -4.834828, 5.928401 ], [ -4.834994, 5.928736 ], [ -4.835164, 5.929081 ], [ -4.835247, 5.929276 ], [ -4.835336, 5.929488 ], [ -4.835399, 5.929694 ], [ -4.835469, 5.929936 ], [ -4.835497, 5.930264 ], [ -4.839847, 5.936934 ], [ -4.841355, 5.937553 ], [ -4.841768, 5.937667 ], [ -4.842061, 5.937737 ], [ -4.842348, 5.937805 ], [ -4.842758, 5.937888 ], [ -4.843185, 5.937976 ], [ -4.843387, 5.938039 ], [ -4.843535, 5.938106 ], [ -4.843774, 5.938257 ], [ -4.844028, 5.938419 ], [ -4.844288, 5.938626 ], [ -4.852164, 5.94258 ], [ -4.852376, 5.942676 ], [ -4.852647, 5.94292 ], [ -4.853178, 5.943377 ], [ -4.853456, 5.943605 ], [ -4.853642, 5.943783 ], [ -4.853717307692309, 5.943856025641027 ], [ -4.853827, 5.943961 ], [ -4.853826306393245, 5.943961721351025 ], [ -4.85384, 5.943975 ], [ -4.854074, 5.944254 ], [ -4.854155, 5.944389 ], [ -4.853846, 5.944573 ], [ -4.850073, 5.943053 ], [ -4.849805, 5.942964 ], [ -4.849453, 5.942809 ], [ -4.848065, 5.942262 ], [ -4.847652, 5.942123 ], [ -4.847427, 5.942024 ], [ -4.847217, 5.941931 ], [ -4.847017, 5.941837 ], [ -4.846821, 5.941744 ], [ -4.839910477468251, 5.941185972487241 ], [ -4.837127, 5.942502 ], [ -4.836634, 5.942721 ], [ -4.836566, 5.942734 ], [ -4.836533073451531, 5.942557393967304 ], [ -4.83653, 5.942558 ], [ -4.836522942912896, 5.942503057441895 ], [ -4.8365, 5.94238 ], [ -4.835472, 5.934321 ], [ -4.83538, 5.934126 ], [ -4.835299, 5.933949 ], [ -4.835201, 5.933709 ], [ -4.835107, 5.933477 ], [ -4.835033, 5.933217 ], [ -4.834966, 5.932977 ], [ -4.834914, 5.932609 ], [ -4.827111, 5.928386 ], [ -4.826486, 5.928797 ], [ -4.825058, 5.92946 ], [ -4.824896, 5.929535 ], [ -4.824612, 5.929581 ], [ -4.822984, 5.9297 ], [ -4.822921, 5.929709 ], [ -4.822872, 5.929352 ], [ -4.823581, 5.929077 ], [ -4.823735, 5.92903 ], [ -4.825435, 5.928678 ], [ -4.827567, 5.920819 ], [ -4.827415, 5.920594 ], [ -4.827277, 5.920386 ], [ -4.826172, 5.918992 ], [ -4.825382, 5.918146 ], [ -4.821632, 5.916404 ], [ -4.821516, 5.916064 ], [ -4.820481, 5.913048 ], [ -4.815783, 5.908461 ], [ -4.815777, 5.908101 ], [ -4.816588, 5.907103 ], [ -4.811298, 5.899946 ], [ -4.810861, 5.899436 ], [ -4.810424, 5.898927 ], [ -4.802761, 5.899965 ], [ -4.802266, 5.903037 ], [ -4.802242, 5.903139 ], [ -4.80209, 5.903478 ], [ -4.801938, 5.903816 ], [ -4.799263, 5.907425 ], [ -4.805013, 5.914269 ], [ -4.80504, 5.914628 ], [ -4.804742, 5.914651 ], [ -4.803803, 5.914781 ], [ -4.802657, 5.91501 ], [ -4.801408, 5.915407 ], [ -4.796422, 5.921672 ], [ -4.79623, 5.923244 ], [ -4.796036, 5.924828 ], [ -4.795987, 5.925079 ], [ -4.795935, 5.925345 ], [ -4.795873, 5.925559 ], [ -4.795777, 5.925827 ], [ -4.795677, 5.926103 ], [ -4.79486, 5.928098 ], [ -4.793645, 5.934003 ], [ -4.793635, 5.93514 ], [ -4.793639, 5.936525 ], [ -4.793642, 5.937913 ], [ -4.793609, 5.939987 ], [ -4.793577, 5.942059 ], [ -4.793926, 5.945608 ], [ -4.793998, 5.946009 ], [ -4.794072, 5.946423 ], [ -4.794117, 5.94684 ], [ -4.794163, 5.947268 ], [ -4.794177, 5.94754 ], [ -4.794191, 5.947821 ], [ -4.794191, 5.948062 ], [ -4.794191, 5.948318 ], [ -4.794173, 5.948521 ], [ -4.794154, 5.948736 ], [ -4.79408, 5.949214 ], [ -4.794006, 5.949689 ], [ -4.793881, 5.950594 ], [ -4.793703, 5.952044 ], [ -4.793567, 5.954473 ], [ -4.793543285714221, 5.955012714287195 ], [ -4.793501, 5.955983 ], [ -4.793500653360929, 5.955982985556705 ], [ -4.793484, 5.956362 ], [ -4.793377, 5.958155 ], [ -4.79327, 5.959947 ], [ -4.79291, 5.959926 ], [ -4.793018, 5.958133 ], [ -4.793125, 5.956341 ], [ -4.787839, 5.949915 ], [ -4.787575, 5.94967 ], [ -4.78804, 5.949045 ], [ -4.788333, 5.948707 ], [ -4.788966, 5.947893 ], [ -4.789658, 5.946895 ], [ -4.790196, 5.946035 ], [ -4.790471, 5.94556 ], [ -4.790602, 5.945367 ], [ -4.790726, 5.945185 ], [ -4.791561, 5.937587 ], [ -4.789268, 5.934434 ], [ -4.790313, 5.929702 ], [ -4.795683, 5.924759 ], [ -4.792609, 5.917696 ], [ -4.792637, 5.917337 ], [ -4.798171, 5.911145 ], [ -4.798343, 5.910223 ], [ -4.798515, 5.909303 ], [ -4.798667, 5.908535 ], [ -4.798818, 5.90777 ], [ -4.798912, 5.907347 ], [ -4.799004, 5.906928 ], [ -4.799162, 5.906325 ], [ -4.799318, 5.905729 ], [ -4.799407, 5.905421 ], [ -4.799576, 5.904746 ], [ -4.796969, 5.896238 ], [ -4.797169, 5.895938 ], [ -4.797675, 5.896276 ], [ -4.79818, 5.896613 ], [ -4.805369, 5.895867 ], [ -4.806532, 5.890648 ], [ -4.803207, 5.887014 ], [ -4.803135, 5.886974 ], [ -4.799916, 5.879575 ], [ -4.798445, 5.878434 ], [ -4.796972, 5.87729 ], [ -4.796171, 5.876637 ], [ -4.792038, 5.874234 ], [ -4.789273, 5.873521 ], [ -4.788599, 5.87339 ], [ -4.787932, 5.873261 ], [ -4.787033, 5.873115 ], [ -4.778421, 5.874924 ], [ -4.771956, 5.880058 ], [ -4.771671, 5.880277 ], [ -4.767103, 5.884165 ], [ -4.76686, 5.884395 ], [ -4.766583, 5.884536 ], [ -4.765672, 5.884961 ], [ -4.765447, 5.885025 ], [ -4.764482, 5.885277 ], [ -4.75836, 5.890763 ], [ -4.758265, 5.890986 ], [ -4.757603, 5.892789 ], [ -4.757358, 5.893706 ], [ -4.757247, 5.894202 ], [ -4.757125, 5.894701 ], [ -4.756999, 5.895212 ], [ -4.756776, 5.895904 ], [ -4.756553, 5.896597 ], [ -4.756552605938757, 5.896596872475808 ], [ -4.75654, 5.896636 ], [ -4.75641, 5.896963 ], [ -4.756244, 5.897205 ], [ -4.755956, 5.897448 ], [ -4.75568, 5.897569 ], [ -4.755277, 5.897723 ], [ -4.754874, 5.897877 ], [ -4.754745, 5.897541 ], [ -4.757392, 5.891663 ], [ -4.757485, 5.891352 ], [ -4.757965, 5.889821 ], [ -4.758038, 5.889529 ], [ -4.758351, 5.887613 ], [ -4.758381, 5.887466 ], [ -4.758512, 5.887242 ], [ -4.758778, 5.886911 ], [ -4.759032, 5.886596 ], [ -4.759231, 5.886381 ], [ -4.759423, 5.886228 ], [ -4.759593, 5.886096 ], [ -4.76014, 5.885641 ], [ -4.758491, 5.876843 ], [ -4.753773, 5.872734 ], [ -4.745847, 5.872906 ], [ -4.745534, 5.87305 ], [ -4.744987, 5.873332 ], [ -4.744446, 5.87361 ], [ -4.743889, 5.873927 ], [ -4.743334, 5.874242 ], [ -4.741931, 5.875065 ], [ -4.740522, 5.875891 ], [ -4.740042, 5.876148 ], [ -4.739551, 5.876411 ], [ -4.739262, 5.876542 ], [ -4.738962, 5.876678 ], [ -4.73867, 5.876788 ], [ -4.73837, 5.876901 ], [ -4.737944, 5.877042 ], [ -4.737507, 5.877185 ], [ -4.737118, 5.877289 ], [ -4.736733, 5.877391 ], [ -4.73536, 5.877781 ], [ -4.730388, 5.87986 ], [ -4.728626, 5.880959 ], [ -4.726859, 5.88206 ], [ -4.726255, 5.882411 ], [ -4.725641, 5.882768 ], [ -4.725143, 5.883013 ], [ -4.724636, 5.883263 ], [ -4.724151, 5.883469 ], [ -4.723654, 5.883678 ], [ -4.723282, 5.883808 ], [ -4.722904, 5.883939 ], [ -4.719786, 5.884927 ], [ -4.716679, 5.885912 ], [ -4.710845, 5.889059 ], [ -4.709148, 5.890333 ], [ -4.708325, 5.890987 ], [ -4.707679, 5.891441 ], [ -4.707019, 5.891904 ], [ -4.706646, 5.892114 ], [ -4.706263, 5.892328 ], [ -4.705939, 5.892484 ], [ -4.7056, 5.892646 ], [ -4.705194, 5.892801 ], [ -4.704778, 5.892959 ], [ -4.698769, 5.895253 ], [ -4.698578, 5.894948 ], [ -4.698887, 5.894755 ], [ -4.699196, 5.894561 ], [ -4.699426, 5.894427 ], [ -4.699652, 5.894295 ], [ -4.700016, 5.894125 ], [ -4.700364, 5.893964 ], [ -4.700799, 5.893812 ], [ -4.701218, 5.893666 ], [ -4.701995, 5.893441 ], [ -4.702763, 5.893218 ], [ -4.702803110247344, 5.893205346925128 ], [ -4.702803, 5.893205 ], [ -4.703736, 5.892911 ], [ -4.704669, 5.892616 ], [ -4.705066, 5.892465 ], [ -4.706877, 5.8838 ], [ -4.706995, 5.88346 ], [ -4.707312, 5.88357 ], [ -4.708145, 5.883838 ], [ -4.708668, 5.883998 ], [ -4.708703389008513, 5.884013390532348 ], [ -4.708704, 5.884012 ], [ -4.709043390134624, 5.884161255605423 ], [ -4.709052, 5.884165 ], [ -4.709689, 5.884429 ], [ -4.710458, 5.884701 ], [ -4.710953, 5.884869 ], [ -4.719677, 5.884584 ], [ -4.722795, 5.883595 ], [ -4.726678, 5.881749 ], [ -4.728435, 5.880653 ], [ -4.730198, 5.879555 ], [ -4.730452, 5.879389 ], [ -4.730709, 5.879221 ], [ -4.731092, 5.878997 ], [ -4.731467, 5.878778 ], [ -4.731705, 5.878659 ], [ -4.731933, 5.878545 ], [ -4.73237, 5.878364 ], [ -4.732795, 5.878188 ], [ -4.733344, 5.878006 ], [ -4.733881, 5.877827 ], [ -4.735262, 5.877435 ], [ -4.736634, 5.877045 ], [ -4.737026, 5.876941 ], [ -4.739793, 5.868611 ], [ -4.739992, 5.868311 ], [ -4.74027, 5.868021 ], [ -4.740376, 5.867945 ], [ -4.740563, 5.867936 ], [ -4.742777, 5.867672 ], [ -4.742933, 5.867642 ], [ -4.7432, 5.86765 ], [ -4.74343, 5.86766 ], [ -4.747361, 5.866255 ], [ -4.747215, 5.859025 ], [ -4.747193, 5.857318 ], [ -4.747162, 5.85696 ], [ -4.741588, 5.849945 ], [ -4.741422, 5.84998 ], [ -4.739945, 5.850488 ], [ -4.739779, 5.850168 ], [ -4.741949, 5.84776 ], [ -4.740396, 5.839306 ], [ -4.739526, 5.83851 ], [ -4.735521, 5.836752 ], [ -4.733017, 5.836107 ], [ -4.732599, 5.836008 ], [ -4.732178, 5.835907 ], [ -4.730023, 5.83535 ], [ -4.727868, 5.834793 ], [ -4.726656, 5.834474 ], [ -4.72544, 5.834154 ], [ -4.724499, 5.83389 ], [ -4.723543, 5.833622 ], [ -4.723209, 5.833497 ], [ -4.722862, 5.833367 ], [ -4.717002, 5.831238 ], [ -4.715311, 5.830808 ], [ -4.715064, 5.830736 ], [ -4.714797, 5.830656 ], [ -4.714613, 5.830578 ], [ -4.714402, 5.830484 ], [ -4.714076, 5.830272 ], [ -4.713745, 5.830057 ], [ -4.713297, 5.829743 ], [ -4.712849, 5.829429 ], [ -4.711196, 5.828262 ], [ -4.709542, 5.827095 ], [ -4.70975, 5.826801 ], [ -4.713296, 5.828489 ], [ -4.71359, 5.828697 ], [ -4.719195, 5.83143 ], [ -4.719611, 5.831542 ], [ -4.719923, 5.831639 ], [ -4.720228, 5.831733 ], [ -4.721633, 5.832392 ], [ -4.723015, 5.833042 ], [ -4.723335, 5.83316 ], [ -4.724596, 5.833544 ], [ -4.725538, 5.833808 ], [ -4.726747, 5.834126 ], [ -4.734245, 5.830255 ], [ -4.734534, 5.829267 ], [ -4.734832, 5.828252 ], [ -4.734952, 5.828015 ], [ -4.735756, 5.827075 ], [ -4.735776913702431, 5.827050579030701 ], [ -4.736903, 5.825626 ], [ -4.737216, 5.825804 ], [ -4.737064, 5.826073 ], [ -4.736878, 5.826318 ], [ -4.736049, 5.827287 ], [ -4.734879, 5.829368 ], [ -4.738523, 5.837202 ], [ -4.738717, 5.837325 ], [ -4.738876, 5.837431 ], [ -4.739769, 5.838244 ], [ -4.740639, 5.839041 ], [ -4.741427, 5.839781 ], [ -4.742213, 5.840519 ], [ -4.742461, 5.840779 ], [ -4.742701, 5.841032 ], [ -4.743192, 5.841583 ], [ -4.743679, 5.84213 ], [ -4.744384, 5.842869 ], [ -4.745093, 5.843612 ], [ -4.745717, 5.844305 ], [ -4.746336, 5.844994 ], [ -4.7476, 5.84633 ], [ -4.748868, 5.847669 ], [ -4.749173, 5.847963 ], [ -4.749483, 5.848263 ], [ -4.74987, 5.848679 ], [ -4.75025, 5.849088 ], [ -4.750669, 5.849571 ], [ -4.751085, 5.85005 ], [ -4.751671, 5.850683 ], [ -4.753765, 5.852493 ], [ -4.756616, 5.855017 ], [ -4.760441, 5.855737 ], [ -4.765584, 5.852814 ], [ -4.765815, 5.852513 ], [ -4.766045, 5.852275 ], [ -4.766287, 5.852025 ], [ -4.766539, 5.851815 ], [ -4.771072, 5.845547 ], [ -4.771328, 5.844544 ], [ -4.77138, 5.844356 ], [ -4.77145, 5.844207 ], [ -4.771566, 5.84406 ], [ -4.772415, 5.843273 ], [ -4.772803, 5.84289 ], [ -4.773101, 5.842617 ], [ -4.773439, 5.842317 ], [ -4.77857, 5.837723 ], [ -4.778889, 5.83789 ], [ -4.780103, 5.839094 ], [ -4.779937, 5.839413 ], [ -4.776371, 5.841515 ], [ -4.776131, 5.841687 ], [ -4.775914, 5.841841 ], [ -4.770688, 5.848525 ], [ -4.770609, 5.848782 ], [ -4.770695, 5.857046 ], [ -4.769624, 5.858704 ], [ -4.770214, 5.86592 ], [ -4.774093, 5.868528 ], [ -4.779869, 5.866867 ], [ -4.780035, 5.866773 ], [ -4.782232, 5.865367 ], [ -4.78253, 5.86508 ], [ -4.783824, 5.863803 ], [ -4.784016, 5.863564 ], [ -4.784537, 5.863055 ], [ -4.784943, 5.862632 ], [ -4.785138, 5.862452 ], [ -4.785786, 5.861866 ], [ -4.786096, 5.861547 ], [ -4.786599, 5.86105 ], [ -4.787097, 5.860559 ], [ -4.787481, 5.860153 ], [ -4.787881, 5.859732 ], [ -4.789635, 5.857955 ], [ -4.790001, 5.857497 ], [ -4.790112, 5.857397 ], [ -4.791492, 5.85627 ], [ -4.791711, 5.856067 ], [ -4.791926, 5.85587 ], [ -4.792533, 5.855258 ], [ -4.793145, 5.854641 ], [ -4.793503, 5.854305 ], [ -4.793855, 5.853975 ], [ -4.79471, 5.853083 ], [ -4.795562, 5.852194 ], [ -4.795865, 5.851858 ], [ -4.796174, 5.851516 ], [ -4.796837, 5.850846 ], [ -4.797504, 5.850172 ], [ -4.797961, 5.849659 ], [ -4.798916, 5.848782 ], [ -4.799631, 5.848048 ], [ -4.800056, 5.84763 ], [ -4.800885, 5.846734 ], [ -4.801327, 5.846218 ], [ -4.801545, 5.846047 ], [ -4.803387, 5.844493 ], [ -4.803675, 5.844709 ], [ -4.803296, 5.845212 ], [ -4.802918, 5.845715 ], [ -4.802802, 5.845833 ], [ -4.800744, 5.847458 ], [ -4.800308, 5.847887 ], [ -4.799883, 5.848305 ], [ -4.799174, 5.849033 ], [ -4.798463, 5.849764 ], [ -4.797917, 5.850278 ], [ -4.79775, 5.850434 ], [ -4.797092, 5.851099 ], [ -4.79643, 5.851769 ], [ -4.796133, 5.852099 ], [ -4.795829, 5.852435 ], [ -4.79497, 5.853332 ], [ -4.794115, 5.854224 ], [ -4.79375, 5.854567 ], [ -4.793392, 5.854903 ], [ -4.792789, 5.855511 ], [ -4.792181, 5.856124 ], [ -4.791955, 5.856332 ], [ -4.791421, 5.856861 ], [ -4.791099, 5.857195 ], [ -4.790929, 5.857342 ], [ -4.790771, 5.857478 ], [ -4.789178, 5.859356 ], [ -4.78948, 5.8682 ], [ -4.794343, 5.87487 ], [ -4.794657, 5.875064 ], [ -4.794957, 5.87525 ], [ -4.795128, 5.875377 ], [ -4.795431, 5.875593 ], [ -4.795584, 5.875696 ], [ -4.796398, 5.876358 ], [ -4.797199, 5.877011 ], [ -4.798666, 5.878149 ], [ -4.800137, 5.879291 ], [ -4.801165, 5.880119 ], [ -4.805123, 5.882028 ], [ -4.805453, 5.882081 ], [ -4.809108, 5.881807 ], [ -4.814247, 5.878217 ], [ -4.81277, 5.869865 ], [ -4.812597, 5.869688 ], [ -4.811918, 5.869083 ], [ -4.810321, 5.867823 ], [ -4.808773, 5.866814 ], [ -4.80839, 5.866608 ], [ -4.808298, 5.866538 ], [ -4.808183, 5.866424 ], [ -4.806602, 5.865059 ], [ -4.806731, 5.864723 ], [ -4.807014, 5.864832 ], [ -4.81269, 5.865628 ], [ -4.820352, 5.863954 ], [ -4.820601, 5.864214 ], [ -4.819914, 5.866018 ], [ -4.81975, 5.867548 ], [ -4.825, 5.873996 ], [ -4.832137, 5.876249 ], [ -4.839887, 5.87889 ], [ -4.840033, 5.878946 ], [ -4.840129, 5.879076 ], [ -4.842543, 5.882887 ], [ -4.850061, 5.881058 ], [ -4.851656, 5.878812 ], [ -4.851954, 5.878332 ], [ -4.852262, 5.877839 ], [ -4.852532, 5.877479 ], [ -4.852818, 5.877101 ], [ -4.852963, 5.876954 ], [ -4.853118, 5.876797 ], [ -4.853395, 5.876561 ], [ -4.85406, 5.876238 ], [ -4.854714, 5.875921 ], [ -4.857537, 5.874277 ], [ -4.8615, 5.867531 ], [ -4.861671, 5.863457 ], [ -4.862255, 5.861432 ], [ -4.862852, 5.859373 ], [ -4.863669, 5.857825 ], [ -4.864724840591435, 5.85078806242186 ], [ -4.864090203552877, 5.848575171724484 ], [ -4.863992, 5.848233 ], [ -4.863303, 5.84583 ], [ -4.862613, 5.843426 ], [ -4.862959, 5.843327 ], [ -4.863649, 5.84573 ], [ -4.864338, 5.848134 ], [ -4.864356946449207, 5.848200015322337 ], [ -4.864357, 5.8482 ], [ -4.864436203552697, 5.848476171723858 ], [ -4.865071, 5.850688 ], [ -4.865803, 5.853242 ], [ -4.865518, 5.854322 ], [ -4.865233, 5.855302 ], [ -4.865021, 5.85587 ], [ -4.864813, 5.856424 ], [ -4.863987, 5.857993 ], [ -4.862601, 5.861532 ], [ -4.861859, 5.867546 ], [ -4.861695, 5.871577 ], [ -4.861611, 5.871827 ], [ -4.861539, 5.872022 ], [ -4.861371, 5.872225 ], [ -4.861239, 5.872369 ], [ -4.860893, 5.872657 ], [ -4.860565, 5.872928 ], [ -4.857718, 5.874589 ], [ -4.854895, 5.876232 ], [ -4.854542, 5.885011 ], [ -4.85514, 5.88534 ], [ -4.855361, 5.88545 ], [ -4.855695, 5.885596 ], [ -4.85864, 5.88622 ], [ -4.858885, 5.886284 ], [ -4.859062, 5.886365 ], [ -4.858027, 5.891173 ], [ -4.857856, 5.891489 ], [ -4.855566, 5.89188 ], [ -4.85569, 5.900321 ], [ -4.859801, 5.900885 ], [ -4.860448, 5.900993 ], [ -4.861117, 5.901107 ], [ -4.861549, 5.90124 ], [ -4.861987, 5.901374 ], [ -4.862453, 5.901538 ], [ -4.862929, 5.901705 ], [ -4.863582, 5.901983 ], [ -4.864242, 5.902265 ], [ -4.867128, 5.903638 ], [ -4.870002, 5.905005 ], [ -4.870936, 5.905369 ], [ -4.871867, 5.905733 ], [ -4.873649, 5.906402 ], [ -4.875429, 5.907071 ], [ -4.883366, 5.908554 ], [ -4.884572, 5.908514 ], [ -4.885775, 5.908474 ], [ -4.886332, 5.908448 ], [ -4.886892, 5.908422 ], [ -4.887649, 5.908399 ], [ -4.888404, 5.908376 ], [ -4.891541, 5.908241 ], [ -4.89468, 5.908106 ], [ -4.895338, 5.908085 ], [ -4.896005, 5.908063 ], [ -4.896492, 5.908071 ], [ -4.896998, 5.908081 ], [ -4.897343, 5.908123 ], [ -4.897715, 5.908172 ], [ -4.898118, 5.908288 ], [ -4.898543, 5.908412 ], [ -4.89881, 5.90853 ], [ -4.899103, 5.908663 ], [ -4.906919, 5.910412 ], [ -4.908842, 5.910028 ], [ -4.910775, 5.909642 ], [ -4.911077, 5.909599 ], [ -4.911392, 5.909555 ], [ -4.918725, 5.908405 ], [ -4.919165, 5.908293 ], [ -4.919617, 5.908178 ], [ -4.920184, 5.908077 ], [ -4.920759, 5.907974 ], [ -4.921152, 5.907921 ], [ -4.921556, 5.907866 ], [ -4.921921, 5.90784 ], [ -4.922294, 5.907813 ], [ -4.922751, 5.907801 ], [ -4.923224, 5.907789 ], [ -4.931179, 5.907773 ], [ -4.931635, 5.907758 ], [ -4.932104, 5.907743 ], [ -4.932799, 5.907771 ], [ -4.933504, 5.9078 ], [ -4.934515, 5.907899 ], [ -4.93553, 5.907998 ], [ -4.937022, 5.908178 ], [ -4.938517, 5.908359 ], [ -4.939363, 5.908479 ], [ -4.94022, 5.908601 ], [ -4.940693, 5.908698 ], [ -4.941186, 5.9088 ], [ -4.941809, 5.909001 ], [ -4.942455, 5.909209 ], [ -4.943024, 5.909479 ], [ -4.944131, 5.910054 ], [ -4.944303, 5.910154 ], [ -4.944484, 5.91026 ], [ -4.944846, 5.910501 ], [ -4.945225, 5.910756 ], [ -4.94563, 5.9111 ], [ -4.946046, 5.911454 ], [ -4.94654, 5.911949 ], [ -4.94704, 5.912449 ], [ -4.948894, 5.914459 ], [ -4.950747, 5.916469 ], [ -4.953583, 5.919509 ], [ -4.956416, 5.922545 ], [ -4.964698, 5.926008 ], [ -4.965109, 5.926012 ], [ -4.965537, 5.926017 ], [ -4.966506, 5.926104 ], [ -4.966505981431466, 5.926104277754318 ], [ -4.966514, 5.926105 ], [ -4.966943, 5.926147 ], [ -4.967368, 5.92619 ], [ -4.969289, 5.926338 ], [ -4.971214, 5.926486 ], [ -4.972308, 5.926597 ], [ -4.973403, 5.926707 ], [ -4.973367, 5.927065 ], [ -4.972272, 5.926955 ], [ -4.966078, 5.92781 ], [ -4.96118, 5.931451 ], [ -4.96082, 5.931449 ], [ -4.954334, 5.928921 ], [ -4.954024, 5.928739 ], [ -4.95415, 5.928525 ], [ -4.95332, 5.919754 ], [ -4.950483, 5.916714 ], [ -4.943325, 5.913046 ], [ -4.943008, 5.912875 ], [ -4.935487, 5.908355 ], [ -4.93448, 5.908257 ] ] ], [ [ [ -4.334339, 5.943565 ], [ -4.332457, 5.941925 ], [ -4.331908, 5.941384 ], [ -4.330697, 5.939222 ], [ -4.325187, 5.935941 ], [ -4.321916, 5.936774 ], [ -4.320371, 5.937348 ], [ -4.31724, 5.938065 ], [ -4.31433, 5.938717 ], [ -4.311304, 5.939556 ], [ -4.307926, 5.940503 ], [ -4.307149, 5.94068 ], [ -4.306375, 5.9408 ], [ -4.305452, 5.940909 ], [ -4.304587, 5.940945 ], [ -4.301633, 5.94081 ], [ -4.300445, 5.940788 ], [ -4.299633, 5.940799 ], [ -4.298993, 5.940845 ], [ -4.295751, 5.941267 ], [ -4.292923, 5.948157 ], [ -4.293563, 5.949473 ], [ -4.293767, 5.949863 ], [ -4.296654, 5.953149 ], [ -4.29701, 5.953468 ], [ -4.29771, 5.954123 ], [ -4.295393, 5.956879 ], [ -4.29122, 5.964668 ], [ -4.292817, 5.96748 ], [ -4.295513, 5.97026 ], [ -4.300416, 5.971814 ], [ -4.301127, 5.971922 ], [ -4.301927, 5.972067 ], [ -4.303128, 5.972363 ], [ -4.304071, 5.972894 ], [ -4.31075, 5.974877 ], [ -4.311527, 5.974978 ], [ -4.311983, 5.97515 ], [ -4.314211, 5.976321 ], [ -4.314841, 5.976838 ], [ -4.316576, 5.978651 ], [ -4.317038, 5.979103 ], [ -4.318931, 5.981095 ], [ -4.31954, 5.981733 ], [ -4.320086, 5.982372 ], [ -4.320496, 5.982994 ], [ -4.32071, 5.983446 ], [ -4.320926, 5.984067 ], [ -4.321094, 5.985022 ], [ -4.32111, 5.985585 ], [ -4.321217, 5.989408 ], [ -4.322608, 5.997732 ], [ -4.322519, 6.001674 ], [ -4.322477, 6.001841 ], [ -4.320973, 6.002118 ], [ -4.320801, 6.002102 ], [ -4.320173, 6.001949 ], [ -4.318988, 6.000953 ], [ -4.317981, 5.998588 ], [ -4.317505, 5.995907 ], [ -4.317334, 5.995133 ], [ -4.3173, 5.994245 ], [ -4.317319470242482, 5.993990595454111 ], [ -4.317312, 5.99399 ], [ -4.317496, 5.991684 ], [ -4.31762, 5.990467 ], [ -4.31762, 5.989578022727268 ], [ -4.317491, 5.988117 ], [ -4.315569, 5.982849 ], [ -4.30751, 5.979574 ], [ -4.306934, 5.979624 ], [ -4.305935, 5.979523 ], [ -4.305484, 5.979406 ], [ -4.304771, 5.979111 ], [ -4.303916, 5.978594 ], [ -4.29661, 5.974867 ], [ -4.296113, 5.974666 ], [ -4.295358, 5.974278 ], [ -4.293785, 5.973417 ], [ -4.29328, 5.973119 ], [ -4.292517, 5.972613 ], [ -4.291993, 5.972203 ], [ -4.291379, 5.971674 ], [ -4.290977, 5.971265 ], [ -4.290675, 5.970904 ], [ -4.290065, 5.969978 ], [ -4.28962, 5.969134 ], [ -4.288091, 5.966447 ], [ -4.287511, 5.96546 ], [ -4.287057, 5.964722 ], [ -4.285854, 5.962672 ], [ -4.283985, 5.959466 ], [ -4.282119, 5.956264 ], [ -4.281699, 5.955392 ], [ -4.279666, 5.952324 ], [ -4.272339, 5.952175 ], [ -4.271671, 5.951899 ], [ -4.269484, 5.950814 ], [ -4.268757, 5.950224 ], [ -4.268438, 5.949843 ], [ -4.268081, 5.949246 ], [ -4.267915, 5.948891 ], [ -4.267755, 5.948367 ], [ -4.260446, 5.943251 ], [ -4.257449, 5.94324 ], [ -4.25644, 5.943351 ], [ -4.254255, 5.943788 ], [ -4.25287, 5.943923 ], [ -4.25144, 5.943895 ], [ -4.249419, 5.943647 ], [ -4.248177, 5.943543 ], [ -4.245945, 5.943737 ], [ -4.244849, 5.943992 ], [ -4.243685, 5.9442 ], [ -4.241661, 5.944374 ], [ -4.236742, 5.949959 ], [ -4.236655, 5.950923 ], [ -4.239074, 5.958003 ], [ -4.239475, 5.958984 ], [ -4.239519, 5.959602 ], [ -4.242716, 5.967521 ], [ -4.243392, 5.968081 ], [ -4.244217, 5.968646 ], [ -4.244869, 5.969307 ], [ -4.245481, 5.970199 ], [ -4.245892, 5.97095 ], [ -4.246582, 5.972313 ], [ -4.247298, 5.974106 ], [ -4.247809, 5.976886 ], [ -4.247919, 5.977391 ], [ -4.248022, 5.978602 ], [ -4.253486, 5.984598 ], [ -4.254591, 5.98544 ], [ -4.254949, 5.986052 ], [ -4.258376, 5.990282 ], [ -4.259178, 5.993791 ], [ -4.257835, 5.995451 ], [ -4.254235, 5.99543 ], [ -4.252901219122198, 5.991224885288043 ], [ -4.247421, 5.986165 ], [ -4.246843, 5.98554 ], [ -4.246265, 5.984518 ], [ -4.245576, 5.983351 ], [ -4.244798, 5.981815 ], [ -4.244475, 5.980928 ], [ -4.244339, 5.980362 ], [ -4.244277, 5.979384 ], [ -4.2441, 5.977181 ], [ -4.239988, 5.969934 ], [ -4.238716, 5.968929 ], [ -4.238094, 5.968277 ], [ -4.23598, 5.965607 ], [ -4.235547, 5.964842 ], [ -4.235357, 5.964209 ], [ -4.235303, 5.963386 ], [ -4.233632, 5.958463 ], [ -4.224677, 5.958751 ], [ -4.222368, 5.957377 ], [ -4.221772, 5.956686 ], [ -4.22196, 5.95576 ], [ -4.222593, 5.953272 ], [ -4.222229, 5.946713 ], [ -4.222152, 5.944922 ], [ -4.22208, 5.944588 ], [ -4.222052, 5.944062 ], [ -4.214589, 5.93942 ], [ -4.211089, 5.943282 ], [ -4.210885, 5.943834 ], [ -4.210681, 5.944162 ], [ -4.209211, 5.945578 ], [ -4.201719, 5.948898 ], [ -4.196042, 5.955714 ], [ -4.195725, 5.956125 ], [ -4.195364, 5.956441 ], [ -4.194831, 5.956718 ], [ -4.194257, 5.95683 ], [ -4.18703, 5.959562 ], [ -4.181523, 5.964106 ], [ -4.17754, 5.969353 ], [ -4.177059, 5.970073 ], [ -4.176701, 5.970551 ], [ -4.17543, 5.972087 ], [ -4.173687, 5.980719 ], [ -4.173766, 5.98111 ], [ -4.170456, 5.982505 ], [ -4.166029, 5.989543 ], [ -4.165971, 5.990487 ], [ -4.165771, 5.991385 ], [ -4.165357, 5.992272 ], [ -4.162271, 5.997784 ], [ -4.161496, 5.998628 ], [ -4.155505, 6.004206 ], [ -4.152058, 6.003167 ], [ -4.152404, 6.00202 ], [ -4.152705, 6.001322 ], [ -4.153261, 6.000484 ], [ -4.155630689702632, 5.997856244710704 ], [ -4.156028, 5.997351 ], [ -4.156796, 5.996607 ], [ -4.157658, 5.996121 ], [ -4.160812, 5.992723 ], [ -4.162243, 5.987944 ], [ -4.156155, 5.981878 ], [ -4.154203, 5.981388 ], [ -4.152681, 5.981069 ], [ -4.151866, 5.98095 ], [ -4.150233, 5.980914 ], [ -4.149367, 5.980973 ], [ -4.148325, 5.981105 ], [ -4.141545, 5.98548 ], [ -4.13945861065335, 5.990220649300023 ], [ -4.138647, 5.994367 ], [ -4.138646923816819, 5.994367023328609 ], [ -4.138665, 5.994426 ], [ -4.135223, 5.99548 ], [ -4.133561, 5.99246 ], [ -4.133195, 5.991963 ], [ -4.132558, 5.990783 ], [ -4.124459, 5.98829 ], [ -4.123643, 5.989007 ], [ -4.123382, 5.989266 ], [ -4.12291, 5.989646 ], [ -4.122568, 5.989844 ], [ -4.122218, 5.989992 ], [ -4.121651, 5.990158 ], [ -4.120932, 5.990274 ], [ -4.118887, 5.990379 ], [ -4.118334, 5.986822 ], [ -4.121813, 5.980497 ], [ -4.125115, 5.976093 ], [ -4.126457, 5.967881 ], [ -4.126626, 5.966991 ], [ -4.126718, 5.96679 ], [ -4.130017, 5.967501 ], [ -4.130203, 5.967995 ], [ -4.130768, 5.96972 ], [ -4.130894, 5.97006 ], [ -4.131575, 5.972136 ], [ -4.132321, 5.973614 ], [ -4.132673, 5.97416 ], [ -4.140268, 5.977778 ], [ -4.141218, 5.977556 ], [ -4.142257, 5.977386 ], [ -4.143661, 5.97729 ], [ -4.144699, 5.977335 ], [ -4.14891, 5.977403 ], [ -4.149975, 5.977323 ], [ -4.151931, 5.977351 ], [ -4.153149, 5.977499 ], [ -4.154932, 5.977863 ], [ -4.16379, 5.977071 ], [ -4.166487, 5.975078 ], [ -4.166911, 5.974683 ], [ -4.167448, 5.974282 ], [ -4.16818, 5.973913 ], [ -4.171341, 5.971383 ], [ -4.172656, 5.969792 ], [ -4.172155, 5.961065 ], [ -4.171657, 5.960535 ], [ -4.168317, 5.958634 ], [ -4.167736, 5.958414 ], [ -4.167067, 5.958159 ], [ -4.163209, 5.95776 ], [ -4.16233, 5.954269 ], [ -4.162692, 5.954178 ], [ -4.163361, 5.954011 ], [ -4.163995, 5.953881 ], [ -4.164771, 5.953698 ], [ -4.165433, 5.953633 ], [ -4.166198, 5.953702 ], [ -4.16651988415511, 5.95379265869518 ], [ -4.166525, 5.953777 ], [ -4.166901, 5.9539 ], [ -4.167195, 5.954015 ], [ -4.170646, 5.955255 ], [ -4.171491, 5.955382 ], [ -4.172303, 5.955487 ], [ -4.179747, 5.95168 ], [ -4.180105, 5.951311 ], [ -4.180318, 5.951126 ], [ -4.181506, 5.950735 ], [ -4.182295, 5.950916 ], [ -4.190516, 5.948366 ], [ -4.191849, 5.94676 ], [ -4.193783, 5.940542 ], [ -4.195186, 5.93623 ], [ -4.195231, 5.935883 ], [ -4.191247, 5.927856 ], [ -4.190628, 5.927567 ], [ -4.18998, 5.927176 ], [ -4.18928, 5.926671 ], [ -4.188785, 5.926201 ], [ -4.188365, 5.925554 ], [ -4.188157, 5.924956 ], [ -4.18804, 5.924317 ], [ -4.186352, 5.919536 ], [ -4.185737, 5.918437 ], [ -4.178889, 5.913416 ], [ -4.177462, 5.913153 ], [ -4.176676, 5.912869 ], [ -4.17606, 5.912482 ], [ -4.174689, 5.911278 ], [ -4.171204, 5.908648 ], [ -4.167573, 5.906056 ], [ -4.168323, 5.902673 ], [ -4.168619, 5.901921 ], [ -4.16924, 5.901178 ], [ -4.169751, 5.900902 ], [ -4.172893, 5.899725 ], [ -4.173631, 5.899541 ], [ -4.175422, 5.899177 ], [ -4.176785, 5.898801 ], [ -4.178007, 5.898508 ], [ -4.178792, 5.898276 ], [ -4.18043, 5.897872 ], [ -4.181667, 5.897515 ], [ -4.184688, 5.896375 ], [ -4.189081, 5.889035 ], [ -4.188803, 5.887044 ], [ -4.188522, 5.885031 ], [ -4.188393, 5.884001 ], [ -4.188313, 5.883038 ], [ -4.188248, 5.881948 ], [ -4.188221, 5.879917 ], [ -4.185795, 5.872787 ], [ -4.184553, 5.871103 ], [ -4.183641, 5.869637 ], [ -4.183358, 5.869117 ], [ -4.182913, 5.86819 ], [ -4.182283, 5.86674 ], [ -4.181182, 5.864166 ], [ -4.180083, 5.861598 ], [ -4.179251, 5.859673 ], [ -4.178432, 5.857777 ], [ -4.178108, 5.857061 ], [ -4.177295, 5.855123 ], [ -4.173708, 5.848034 ], [ -4.17259, 5.846292 ], [ -4.172213, 5.845649 ], [ -4.171789, 5.84474 ], [ -4.171458, 5.843899 ], [ -4.171242, 5.843209 ], [ -4.170886, 5.841626 ], [ -4.168911, 5.834908 ], [ -4.167989, 5.833067 ], [ -4.163963881097024, 5.827523059859373 ], [ -4.158692, 5.823906 ], [ -4.155554, 5.822142 ], [ -4.152301, 5.815321 ], [ -4.150586, 5.813582 ], [ -4.148871, 5.811842 ], [ -4.14887162637827, 5.811841382175472 ], [ -4.148622, 5.811588 ], [ -4.148346, 5.811283 ], [ -4.147931, 5.810742 ], [ -4.147531, 5.810067 ], [ -4.150627, 5.808231 ], [ -4.153041853398033, 5.810944340858146 ], [ -4.15315, 5.811054 ], [ -4.154865, 5.812794 ], [ -4.156683, 5.814639 ], [ -4.158502, 5.816483 ], [ -4.158705552959462, 5.816685464440962 ], [ -4.160592745117276, 5.818409010441657 ], [ -4.166567853441736, 5.822101978484677 ], [ -4.168756, 5.822794 ], [ -4.170058, 5.82615 ], [ -4.17213, 5.833297 ], [ -4.173059, 5.835153 ], [ -4.173419, 5.835944 ], [ -4.173798, 5.837009 ], [ -4.173984, 5.837754 ], [ -4.174161, 5.838675 ], [ -4.176737, 5.846088 ], [ -4.177828, 5.847786 ], [ -4.178343, 5.848626 ], [ -4.178629, 5.849162 ], [ -4.179787, 5.851757 ], [ -4.180615, 5.853731 ], [ -4.181428, 5.855669 ], [ -4.181711, 5.85629 ], [ -4.182556, 5.858244 ], [ -4.183388, 5.86017 ], [ -4.184492, 5.86275 ], [ -4.185593, 5.865324 ], [ -4.188687, 5.870643 ], [ -4.19043, 5.872935 ], [ -4.19088, 5.873697 ], [ -4.191133, 5.87423 ], [ -4.191413, 5.875038 ], [ -4.191586, 5.875691 ], [ -4.191717, 5.876342 ], [ -4.19178, 5.877115 ], [ -4.191795, 5.877782 ], [ -4.191821, 5.879869 ], [ -4.194972, 5.888127 ], [ -4.197156, 5.89086 ], [ -4.197892, 5.893075 ], [ -4.198497, 5.894807 ], [ -4.204053, 5.901794 ], [ -4.204185, 5.902231 ], [ -4.204483, 5.903719 ], [ -4.209886, 5.909653 ], [ -4.215416, 5.913052 ], [ -4.218889, 5.909936 ], [ -4.219318, 5.909318 ], [ -4.219851, 5.90893 ], [ -4.224538, 5.903954 ], [ -4.22572, 5.901516 ], [ -4.227408, 5.895872 ], [ -4.227501, 5.894946 ], [ -4.227626, 5.894216 ], [ -4.226604, 5.886067 ], [ -4.225435, 5.883693 ], [ -4.225036, 5.882989 ], [ -4.224811, 5.882178 ], [ -4.224761, 5.881379 ], [ -4.225049, 5.879805 ], [ -4.225616, 5.879021 ], [ -4.227621, 5.876023 ], [ -4.230783, 5.870603 ], [ -4.234377, 5.870811 ], [ -4.234406, 5.872168 ], [ -4.234362101214079, 5.87258184195271 ], [ -4.234389, 5.872586 ], [ -4.234303, 5.873139 ], [ -4.233873, 5.874201 ], [ -4.233702647487624, 5.874449134662898 ], [ -4.233718, 5.87446 ], [ -4.232986, 5.875493 ], [ -4.232153, 5.876272 ], [ -4.230491, 5.878196 ], [ -4.230007, 5.879237 ], [ -4.229508, 5.883134 ], [ -4.236925, 5.886812 ], [ -4.23761, 5.886542 ], [ -4.238234, 5.886419 ], [ -4.239025, 5.886382 ], [ -4.239487, 5.886398 ], [ -4.240782, 5.886413 ], [ -4.242574, 5.886081 ], [ -4.243886, 5.885807 ], [ -4.244472, 5.885776 ], [ -4.244912, 5.885784 ], [ -4.245197, 5.885809 ], [ -4.24678, 5.885884 ], [ -4.247452, 5.885902 ], [ -4.253665, 5.88439 ], [ -4.255271, 5.887612 ], [ -4.25425, 5.888121 ], [ -4.25305, 5.888694 ], [ -4.252962633402146, 5.888731130804087 ], [ -4.252963, 5.888732 ], [ -4.25249, 5.888932 ], [ -4.251932, 5.889125 ], [ -4.251835544299948, 5.889153447294201 ], [ -4.251836, 5.889155 ], [ -4.250986, 5.889404 ], [ -4.249965, 5.889684 ], [ -4.249328, 5.889785 ], [ -4.248884, 5.889806 ], [ -4.248292, 5.889745 ], [ -4.245982, 5.889525 ], [ -4.241441, 5.889952 ], [ -4.240726, 5.890071 ], [ -4.234356, 5.893341 ], [ -4.231007, 5.899626 ], [ -4.230834, 5.900236 ], [ -4.230673, 5.900612 ], [ -4.228351, 5.906199 ], [ -4.228185, 5.906695 ], [ -4.227228, 5.90992 ], [ -4.226391, 5.917287 ], [ -4.226443, 5.918118 ], [ -4.226428, 5.91852 ], [ -4.226327, 5.919113 ], [ -4.225619, 5.924602 ], [ -4.225967, 5.930498 ], [ -4.227235, 5.934201 ], [ -4.230343, 5.940042 ], [ -4.23514, 5.941379 ], [ -4.237791, 5.94136 ], [ -4.239843, 5.940915 ], [ -4.24049, 5.940837 ], [ -4.241365, 5.940786 ], [ -4.244047, 5.940483 ], [ -4.245403, 5.940178 ], [ -4.246936, 5.939963 ], [ -4.248482, 5.939956 ], [ -4.249874, 5.940076 ], [ -4.251543, 5.940297 ], [ -4.252544, 5.940338 ], [ -4.253562, 5.940255 ], [ -4.259643, 5.934568 ], [ -4.259784, 5.933987 ], [ -4.259854, 5.933682 ], [ -4.260147, 5.932711 ], [ -4.260349, 5.932012 ], [ -4.260613, 5.931234 ], [ -4.26126, 5.930043 ], [ -4.261479, 5.929591 ], [ -4.261764, 5.929068 ], [ -4.262262, 5.92843 ], [ -4.263854, 5.926111 ], [ -4.264525, 5.925094 ], [ -4.266243, 5.921733 ], [ -4.266561, 5.921193 ], [ -4.266779, 5.920863 ], [ -4.267464, 5.919978 ], [ -4.267895, 5.919598 ], [ -4.271247, 5.915547 ], [ -4.272286, 5.913678 ], [ -4.275559, 5.915176 ], [ -4.275179, 5.916007 ], [ -4.274719, 5.916831 ], [ -4.274347, 5.91768 ], [ -4.274193, 5.918101 ], [ -4.273128, 5.919628 ], [ -4.272564, 5.920399 ], [ -4.271358, 5.92157 ], [ -4.26908, 5.92484 ], [ -4.268952, 5.92516 ], [ -4.26811, 5.926301 ], [ -4.267898, 5.926615 ], [ -4.266502, 5.929061 ], [ -4.26637, 5.929401 ], [ -4.266137, 5.929851 ], [ -4.265537, 5.930535 ], [ -4.263841, 5.932946 ], [ -4.269112, 5.939184 ], [ -4.271015, 5.939173 ], [ -4.273939, 5.939202 ], [ -4.275971, 5.939227 ], [ -4.277089, 5.939204 ], [ -4.27811, 5.939165 ], [ -4.279503, 5.939086 ], [ -4.280193, 5.939088 ], [ -4.281793384381603, 5.939072663734787 ], [ -4.286434, 5.931631 ], [ -4.285971, 5.929977 ], [ -4.28576, 5.92924 ], [ -4.285707, 5.928795 ], [ -4.285696, 5.928337 ], [ -4.285729, 5.92763 ], [ -4.285897, 5.926579 ], [ -4.285904, 5.923858 ], [ -4.285894, 5.923257 ], [ -4.285971, 5.922684 ], [ -4.286169, 5.922149 ], [ -4.286724, 5.920547 ], [ -4.287791, 5.918455 ], [ -4.288006, 5.918119 ], [ -4.28821, 5.917871 ], [ -4.288696, 5.917382 ], [ -4.291297, 5.9148 ], [ -4.294122, 5.912568 ], [ -4.294748, 5.913253 ], [ -4.295063, 5.913699 ], [ -4.295314, 5.914552 ], [ -4.295278, 5.91523 ], [ -4.295062, 5.916418 ], [ -4.294741, 5.917477 ], [ -4.294462, 5.918012 ], [ -4.293895, 5.918644 ], [ -4.289663, 5.926089 ], [ -4.2899, 5.930658 ], [ -4.290397, 5.932866 ], [ -4.29529, 5.937696 ], [ -4.298747, 5.937254 ], [ -4.299589, 5.937199 ], [ -4.300514, 5.937189 ], [ -4.301804, 5.937214 ], [ -4.310345, 5.936086 ], [ -4.313543, 5.935204 ], [ -4.316453, 5.934552 ], [ -4.322383, 5.932364 ], [ -4.325233, 5.930341 ], [ -4.32658, 5.929501 ], [ -4.327847, 5.928914 ], [ -4.3292, 5.928435 ], [ -4.331413, 5.92784 ], [ -4.334256, 5.927095 ], [ -4.337154, 5.926335 ], [ -4.344761, 5.922281 ], [ -4.347343, 5.919276 ], [ -4.347689, 5.919022 ], [ -4.34891, 5.918256 ], [ -4.350823, 5.921306 ], [ -4.35066, 5.922213 ], [ -4.355286, 5.929469 ], [ -4.355854, 5.929655 ], [ -4.356637, 5.92984 ], [ -4.357852, 5.930089 ], [ -4.358573, 5.930289 ], [ -4.359288, 5.930515 ], [ -4.360016, 5.930805 ], [ -4.364565, 5.932511 ], [ -4.363692, 5.936004 ], [ -4.362211, 5.935634 ], [ -4.36171, 5.935469 ], [ -4.360966, 5.93518 ], [ -4.358537, 5.934088 ], [ -4.355926, 5.933369 ], [ -4.35503, 5.93316 ], [ -4.354196, 5.9329 ], [ -4.353117, 5.932488 ], [ -4.352694, 5.932295 ], [ -4.351723, 5.931761 ], [ -4.351696228490368, 5.931745603509483 ], [ -4.351696, 5.931746 ], [ -4.35149, 5.931627 ], [ -4.350448, 5.930909 ], [ -4.34362, 5.929355 ], [ -4.339812, 5.929531 ], [ -4.338714, 5.92966 ], [ -4.334975, 5.937666 ], [ -4.337653, 5.93991 ], [ -4.338333, 5.940126 ], [ -4.339513, 5.940554 ], [ -4.338287, 5.943939 ], [ -4.334339, 5.943565 ] ] ], [ [ [ -4.306397, 6.702746 ], [ -4.301096, 6.709625 ], [ -4.300825, 6.709863 ], [ -4.295539, 6.713685 ], [ -4.295212, 6.713835 ], [ -4.295052, 6.713517 ], [ -4.293393064511928, 6.710524050459682 ], [ -4.287854, 6.706345 ], [ -4.28045, 6.703017 ], [ -4.277626, 6.703851 ], [ -4.273918, 6.707341 ], [ -4.273584, 6.707206 ], [ -4.273151, 6.703116 ], [ -4.265767, 6.699648 ], [ -4.260017, 6.700579 ], [ -4.259836, 6.700652 ], [ -4.257449, 6.701115 ], [ -4.25069925176731, 6.696224288456887 ], [ -4.243236, 6.698493 ], [ -4.242951, 6.698713 ], [ -4.241268, 6.697257 ], [ -4.239054, 6.695399 ], [ -4.238808, 6.695209 ], [ -4.238594, 6.695038 ], [ -4.238182, 6.69465 ], [ -4.236904, 6.693613 ], [ -4.236701, 6.693387 ], [ -4.236533, 6.693193 ], [ -4.235879, 6.692171 ], [ -4.235527, 6.691721 ], [ -4.235181, 6.691244 ], [ -4.234837, 6.690773 ], [ -4.234541, 6.690343 ], [ -4.233495, 6.689192 ], [ -4.233271, 6.688973 ], [ -4.233136, 6.688815 ], [ -4.233011, 6.688668 ], [ -4.232816, 6.688359 ], [ -4.232635, 6.68799 ], [ -4.232351, 6.687506 ], [ -4.231711, 6.686477 ], [ -4.231548, 6.686148 ], [ -4.230606, 6.684732 ], [ -4.230201, 6.684246 ], [ -4.229635, 6.683636 ], [ -4.228664, 6.682861 ], [ -4.228441, 6.682651 ], [ -4.22824, 6.68246 ], [ -4.227911, 6.682091 ], [ -4.227237, 6.681419 ], [ -4.225977, 6.680506 ], [ -4.225709, 6.680292 ], [ -4.225561, 6.68014 ], [ -4.225428, 6.680003 ], [ -4.224958, 6.679439 ], [ -4.223995, 6.678471 ], [ -4.223471, 6.678034 ], [ -4.223196, 6.677734 ], [ -4.22294, 6.677452 ], [ -4.222572, 6.677065 ], [ -4.2222, 6.676675 ], [ -4.222019, 6.676458 ], [ -4.221846, 6.67625 ], [ -4.221712, 6.675984 ], [ -4.221603, 6.675755 ], [ -4.221527, 6.675405 ], [ -4.221466, 6.675098 ], [ -4.221418, 6.674584 ], [ -4.221279, 6.673659 ], [ -4.221182, 6.673209 ], [ -4.220932, 6.672378 ], [ -4.220374, 6.670934 ], [ -4.220059, 6.670307 ], [ -4.219966, 6.670091 ], [ -4.219879, 6.669885 ], [ -4.217991, 6.66693 ], [ -4.210842, 6.670346 ], [ -4.210565, 6.671138 ], [ -4.210244, 6.672413 ], [ -4.210191, 6.672946 ], [ -4.210138, 6.673288 ], [ -4.21005, 6.673714 ], [ -4.209905, 6.673901 ], [ -4.209732, 6.674116 ], [ -4.208122, 6.676499 ], [ -4.207031, 6.681475 ], [ -4.207477, 6.684683 ], [ -4.213341, 6.691412 ], [ -4.21387, 6.69136 ], [ -4.214114, 6.69134 ], [ -4.214389, 6.69132 ], [ -4.21544, 6.691355 ], [ -4.215682, 6.69137 ], [ -4.215935, 6.69149 ], [ -4.217735, 6.692231 ], [ -4.21796, 6.692389 ], [ -4.221526, 6.694782 ], [ -4.221976, 6.694984 ], [ -4.22231, 6.695281 ], [ -4.223101, 6.695927 ], [ -4.223105, 6.696011 ], [ -4.222954, 6.704121 ], [ -4.222944, 6.704481 ], [ -4.222747, 6.704475 ], [ -4.222437, 6.704442 ], [ -4.214013, 6.706792 ], [ -4.213788, 6.707178 ], [ -4.213259, 6.708414 ], [ -4.213026, 6.708946 ], [ -4.212793, 6.709478 ], [ -4.212463, 6.709334 ], [ -4.212696, 6.708802 ], [ -4.213027, 6.707951 ], [ -4.213136, 6.707673 ], [ -4.213961, 6.703916 ], [ -4.214043, 6.70327 ], [ -4.214123, 6.70264 ], [ -4.214171, 6.702021 ], [ -4.213334, 6.69682 ], [ -4.208212, 6.690551 ], [ -4.207891, 6.690355 ], [ -4.207211, 6.689738 ], [ -4.206558, 6.689141 ], [ -4.197788, 6.688054 ], [ -4.19653, 6.688636 ], [ -4.194447, 6.690163 ], [ -4.193035, 6.691884 ], [ -4.192888, 6.692115 ], [ -4.191876, 6.693806 ], [ -4.191781, 6.694002 ], [ -4.191623, 6.694214 ], [ -4.191487, 6.694353 ], [ -4.191338, 6.694505 ], [ -4.191141, 6.69467 ], [ -4.190918, 6.694853 ], [ -4.190003, 6.695378 ], [ -4.18858, 6.696368 ], [ -4.187798, 6.696986 ], [ -4.187625, 6.697121 ], [ -4.184442, 6.699964 ], [ -4.184147, 6.699758 ], [ -4.184282, 6.699565 ], [ -4.184417, 6.699371 ], [ -4.184842, 6.698861 ], [ -4.185258, 6.698364 ], [ -4.186505, 6.69725 ], [ -4.186541008993255, 6.697220915813141 ], [ -4.186538, 6.697217 ], [ -4.186713, 6.697082 ], [ -4.193221, 6.690887 ], [ -4.193435, 6.69058 ], [ -4.194599, 6.689178 ], [ -4.194812, 6.688996 ], [ -4.194994, 6.688848 ], [ -4.200525, 6.683578 ], [ -4.201533, 6.680345 ], [ -4.208514, 6.674797 ], [ -4.209938, 6.671854 ], [ -4.210498, 6.669801 ], [ -4.210599, 6.669186 ], [ -4.210698, 6.668598 ], [ -4.210855, 6.668102 ], [ -4.211006, 6.66763 ], [ -4.21134, 6.666903 ], [ -4.211746, 6.665891 ], [ -4.211835, 6.665558 ], [ -4.211993, 6.665087 ], [ -4.21206, 6.664843 ], [ -4.209048, 6.658219 ], [ -4.205344, 6.658238 ], [ -4.198177, 6.655667 ], [ -4.1956, 6.656232 ], [ -4.191252, 6.652831 ], [ -4.186952, 6.651548 ], [ -4.186666, 6.651329 ], [ -4.184583, 6.649884 ], [ -4.176121, 6.648365 ], [ -4.171758, 6.651174 ], [ -4.170698, 6.652453 ], [ -4.167785, 6.65465 ], [ -4.166299, 6.656132 ], [ -4.16543, 6.65701 ], [ -4.163695, 6.658956 ], [ -4.163193, 6.659612 ], [ -4.161688, 6.661749 ], [ -4.16018, 6.66389 ], [ -4.159866, 6.664306 ], [ -4.159545, 6.66473 ], [ -4.159199, 6.665133 ], [ -4.158841, 6.665549 ], [ -4.158478, 6.665897 ], [ -4.158108, 6.666251 ], [ -4.157872, 6.666457 ], [ -4.157633, 6.666667 ], [ -4.157274, 6.666963 ], [ -4.156901, 6.66727 ], [ -4.156472, 6.667554 ], [ -4.15604, 6.667839 ], [ -4.149994, 6.674374 ], [ -4.142828, 6.677696 ], [ -4.141869, 6.67882 ], [ -4.140643, 6.680781 ], [ -4.139965, 6.68237 ], [ -4.139212, 6.685145 ], [ -4.138454, 6.687938 ], [ -4.138203, 6.688578 ], [ -4.137945, 6.689232 ], [ -4.137675, 6.689769 ], [ -4.137401, 6.690311 ], [ -4.136359, 6.69223 ], [ -4.136121, 6.699309 ], [ -4.136142, 6.701958 ], [ -4.140648, 6.709634 ], [ -4.143236, 6.711043 ], [ -4.143411, 6.711118 ], [ -4.143636, 6.711225 ], [ -4.144099, 6.711575 ], [ -4.144293, 6.711787 ], [ -4.146051, 6.71414 ], [ -4.141285, 6.720949 ], [ -4.140973, 6.721128 ], [ -4.140441, 6.7202 ], [ -4.13991, 6.719271 ], [ -4.139411, 6.718289 ], [ -4.138916, 6.717315 ], [ -4.137075, 6.715006 ], [ -4.136583, 6.71426 ], [ -4.136133, 6.713558 ], [ -4.135966, 6.712702 ], [ -4.135421, 6.710996 ], [ -4.135006, 6.710039 ], [ -4.126347, 6.710764 ], [ -4.124788, 6.713851 ], [ -4.124681, 6.71449 ], [ -4.1245, 6.715408 ], [ -4.124317, 6.716338 ], [ -4.124227, 6.716668 ], [ -4.124134, 6.717008 ], [ -4.123972, 6.717494 ], [ -4.123804, 6.717996 ], [ -4.12334, 6.719048 ], [ -4.122882, 6.720085 ], [ -4.122688, 6.720663 ], [ -4.122497, 6.721236 ], [ -4.122307, 6.72187 ], [ -4.12211, 6.722521 ], [ -4.121971, 6.722859 ], [ -4.121827, 6.723206 ], [ -4.121197, 6.724527 ], [ -4.120567, 6.725847 ], [ -4.120307, 6.726409 ], [ -4.120053, 6.726958 ], [ -4.119124, 6.729456 ], [ -4.118198, 6.73195 ], [ -4.117551, 6.73448 ], [ -4.117212, 6.736097 ], [ -4.117153, 6.736283 ], [ -4.117091, 6.73648 ], [ -4.116989, 6.736746 ], [ -4.116882, 6.737024 ], [ -4.116769, 6.737265 ], [ -4.116645, 6.737528 ], [ -4.116324, 6.738023 ], [ -4.116001, 6.738523 ], [ -4.112714014415654, 6.745235970559087 ], [ -4.112084, 6.747327 ], [ -4.112083990164647, 6.74732699703514 ], [ -4.11204, 6.747473 ], [ -4.111695, 6.747369 ], [ -4.112369, 6.745132 ], [ -4.113043, 6.742895 ], [ -4.113202, 6.742503 ], [ -4.113355, 6.742128 ], [ -4.113499, 6.741815 ], [ -4.11364, 6.74151 ], [ -4.113839, 6.741135 ], [ -4.114033, 6.740769 ], [ -4.117532, 6.732807 ], [ -4.117697, 6.732311 ], [ -4.117857, 6.731835 ], [ -4.118787, 6.729331 ], [ -4.119715, 6.726833 ], [ -4.119981, 6.726258 ], [ -4.120241, 6.725695 ], [ -4.120872, 6.724372 ], [ -4.121502, 6.723051 ], [ -4.121638, 6.722722 ], [ -4.121962, 6.721766 ], [ -4.122152, 6.721132 ], [ -4.122347, 6.720549 ], [ -4.12254, 6.719971 ], [ -4.12301, 6.718903 ], [ -4.123474, 6.717851 ], [ -4.12363, 6.717381 ], [ -4.123793, 6.716894 ], [ -4.12388, 6.716574 ], [ -4.123969, 6.716243 ], [ -4.124147, 6.715338 ], [ -4.124328, 6.714421 ], [ -4.120166, 6.708109 ], [ -4.117087, 6.708436 ], [ -4.114983, 6.708927 ], [ -4.108186, 6.708472 ], [ -4.105604, 6.708139 ], [ -4.104584, 6.707993 ], [ -4.104291, 6.707783 ], [ -4.097477, 6.703147 ], [ -4.095663, 6.702362 ], [ -4.089694, 6.700519 ], [ -4.088238700001802, 6.700242500000342 ], [ -4.087662, 6.700133 ], [ -4.087662012865094, 6.700132932218235 ], [ -4.087615, 6.700124 ], [ -4.087217, 6.700042 ], [ -4.086818, 6.69996 ], [ -4.086891, 6.699608 ], [ -4.087289, 6.69969 ], [ -4.087688, 6.699772 ], [ -4.089761, 6.700165 ], [ -4.091837, 6.70056 ], [ -4.0923, 6.70068 ], [ -4.09275, 6.700797 ], [ -4.093121, 6.70092 ], [ -4.093481, 6.70104 ], [ -4.093739, 6.701144 ], [ -4.093987, 6.701244 ], [ -4.095806, 6.702031 ], [ -4.103549, 6.700501 ], [ -4.104927, 6.699002 ], [ -4.105224, 6.698797 ], [ -4.105631, 6.699387 ], [ -4.106039, 6.699976 ], [ -4.114078, 6.702778 ], [ -4.119931, 6.696445 ], [ -4.119979, 6.696304 ], [ -4.120131, 6.696166 ], [ -4.12209, 6.693583 ], [ -4.120118, 6.686006 ], [ -4.119701, 6.685685 ], [ -4.119063, 6.68497 ], [ -4.118422, 6.684252 ], [ -4.116336, 6.68181 ], [ -4.114237, 6.679351 ], [ -4.114082, 6.679113 ], [ -4.113917, 6.67886 ], [ -4.113795, 6.678625 ], [ -4.113658, 6.678349 ], [ -4.113259, 6.67671 ], [ -4.112857, 6.675045 ], [ -4.112823, 6.674661 ], [ -4.112789, 6.674259 ], [ -4.109083, 6.666088 ], [ -4.108864, 6.665914 ], [ -4.108639, 6.665734 ], [ -4.108362, 6.665488 ], [ -4.107957, 6.665043 ], [ -4.103728, 6.661441 ], [ -4.103591, 6.661108 ], [ -4.103236, 6.65896 ], [ -4.103069, 6.657599 ], [ -4.103046, 6.65741 ], [ -4.103023, 6.657221 ], [ -4.10338, 6.657177 ], [ -4.107494, 6.661969 ], [ -4.107544, 6.662025 ], [ -4.112155, 6.667699 ], [ -4.112403, 6.668011 ], [ -4.112628, 6.668298 ], [ -4.112746, 6.668477 ], [ -4.112854, 6.668644 ], [ -4.113034, 6.669034 ], [ -4.1132, 6.6694 ], [ -4.113275, 6.669626 ], [ -4.113344, 6.669834 ], [ -4.113387, 6.670073 ], [ -4.113423, 6.670287 ], [ -4.113437, 6.670557 ], [ -4.113449, 6.670806 ], [ -4.113443, 6.67109 ], [ -4.113436, 6.67136 ], [ -4.113336, 6.672212 ], [ -4.113609, 6.676625 ], [ -4.11661, 6.681576 ], [ -4.118696, 6.684018 ], [ -4.119331, 6.68473 ], [ -4.121714, 6.686706 ], [ -4.122707, 6.6874 ], [ -4.122985, 6.687641 ], [ -4.123248, 6.68787 ], [ -4.123389, 6.68803 ], [ -4.123512, 6.688173 ], [ -4.128351, 6.691634 ], [ -4.137085, 6.690139 ], [ -4.137353, 6.689607 ], [ -4.137624, 6.68907 ], [ -4.137868, 6.688446 ], [ -4.138119, 6.687807 ], [ -4.138865, 6.685051 ], [ -4.139617, 6.682276 ], [ -4.139733, 6.681927 ], [ -4.139846, 6.681587 ], [ -4.139961, 6.681319 ], [ -4.140323, 6.680616 ], [ -4.14068, 6.679923 ], [ -4.140882, 6.679589 ], [ -4.141078, 6.679265 ], [ -4.141583, 6.678602 ], [ -4.142078, 6.677954 ], [ -4.142331, 6.677692 ], [ -4.142569, 6.677446 ], [ -4.146724, 6.672073 ], [ -4.148861, 6.67 ], [ -4.155847, 6.667535 ], [ -4.159579, 6.664089 ], [ -4.159893, 6.663673 ], [ -4.161394, 6.661541 ], [ -4.162899, 6.659405 ], [ -4.163408, 6.658737 ], [ -4.163914, 6.658075 ], [ -4.16411, 6.657853 ], [ -4.164298, 6.657641 ], [ -4.165174, 6.656756 ], [ -4.166043, 6.655879 ], [ -4.167531, 6.654395 ], [ -4.167001, 6.645599 ], [ -4.165986, 6.645119 ], [ -4.164791, 6.644541 ], [ -4.163494, 6.643808 ], [ -4.161311, 6.639853 ], [ -4.161127, 6.639331 ], [ -4.163025, 6.631258 ], [ -4.158591, 6.628711 ], [ -4.158628, 6.628353 ], [ -4.160567, 6.627097 ], [ -4.160868, 6.6269 ], [ -4.161007, 6.627112 ], [ -4.161295277688604, 6.627505648154092 ], [ -4.161298, 6.627509 ], [ -4.161458, 6.627706 ], [ -4.161647, 6.628172 ], [ -4.162492, 6.629689 ], [ -4.162756, 6.63004 ], [ -4.163009, 6.630379 ], [ -4.164513, 6.632157 ], [ -4.165924, 6.633277 ], [ -4.166119, 6.633438 ], [ -4.166295, 6.633584 ], [ -4.16656, 6.633822 ], [ -4.167695, 6.634659 ], [ -4.168065, 6.63487 ], [ -4.169063, 6.635343 ], [ -4.169508, 6.635595 ], [ -4.169825, 6.635817 ], [ -4.170747, 6.63687 ], [ -4.17099, 6.637108 ], [ -4.171663, 6.637675 ], [ -4.172116, 6.638024 ], [ -4.172526, 6.638368 ], [ -4.173295, 6.638952 ], [ -4.173676, 6.639209 ], [ -4.17408, 6.639458 ], [ -4.17449, 6.639711 ], [ -4.177067, 6.640389 ], [ -4.181182, 6.632987 ], [ -4.181073, 6.632773 ], [ -4.181013, 6.632583 ], [ -4.178843, 6.62957 ], [ -4.178536, 6.629294 ], [ -4.178079, 6.628558 ], [ -4.177851, 6.628267 ], [ -4.177723, 6.628002 ], [ -4.177587, 6.627718 ], [ -4.177504, 6.627465 ], [ -4.176983, 6.625937 ], [ -4.176726, 6.625447 ], [ -4.176624, 6.625259 ], [ -4.176396, 6.624874 ], [ -4.176248, 6.624636 ], [ -4.176211, 6.624538 ], [ -4.173443, 6.621104 ], [ -4.173269, 6.620964 ], [ -4.168407, 6.618865 ], [ -4.168081, 6.618832 ], [ -4.167723, 6.618793 ], [ -4.166576, 6.61863 ], [ -4.166256, 6.618567 ], [ -4.165675, 6.618468 ], [ -4.165034, 6.618424 ], [ -4.164619, 6.618414 ], [ -4.164343, 6.618371 ], [ -4.164045, 6.618324 ], [ -4.1638, 6.618253 ], [ -4.163526, 6.618171 ], [ -4.163331, 6.618077 ], [ -4.163104, 6.617963 ], [ -4.162958, 6.617849 ], [ -4.162799, 6.617725 ], [ -4.162628, 6.617563 ], [ -4.16243, 6.617368 ], [ -4.160937, 6.615827 ], [ -4.160689, 6.615595 ], [ -4.160488, 6.615275 ], [ -4.159626, 6.612938 ], [ -4.159504, 6.612574 ], [ -4.156650793724793, 6.607257805366634 ], [ -4.155355, 6.604915 ], [ -4.155211, 6.604721 ], [ -4.155067, 6.604526 ], [ -4.156947, 6.597668 ], [ -4.157201, 6.597414 ], [ -4.15812, 6.598203 ], [ -4.158315, 6.598389 ], [ -4.158492, 6.598561 ], [ -4.158613, 6.598777 ], [ -4.158698, 6.598945 ], [ -4.159185, 6.599941 ], [ -4.159268, 6.600149 ], [ -4.159342, 6.600339 ], [ -4.15948, 6.600837 ], [ -4.159611, 6.601317 ], [ -4.159618, 6.601673 ], [ -4.15956, 6.602698 ], [ -4.159468, 6.603297 ], [ -4.159348, 6.604405 ], [ -4.159599, 6.608094 ], [ -4.159625, 6.608801 ], [ -4.159644, 6.609461 ], [ -4.160236, 6.613447 ], [ -4.167146, 6.618292 ], [ -4.16931, 6.618377 ], [ -4.169538, 6.618371 ], [ -4.169737, 6.618368 ], [ -4.169991, 6.61839 ], [ -4.170226, 6.618412 ], [ -4.170451, 6.618474 ], [ -4.171531, 6.618723 ], [ -4.171915, 6.618877 ], [ -4.172216, 6.619091 ], [ -4.172613, 6.619572 ], [ -4.172978, 6.62002 ], [ -4.174368, 6.621247 ], [ -4.183192, 6.620328 ], [ -4.183544, 6.620401 ], [ -4.184576, 6.621524 ], [ -4.184716, 6.621932 ], [ -4.184687, 6.622275 ], [ -4.184517, 6.622997 ], [ -4.184443, 6.623429 ], [ -4.184265, 6.623829 ], [ -4.184182, 6.62403 ], [ -4.183719, 6.625195 ], [ -4.183432, 6.626182 ], [ -4.183216, 6.62724 ], [ -4.18312, 6.627732 ], [ -4.183036, 6.628136 ], [ -4.182875, 6.628543 ], [ -4.182716, 6.629021 ], [ -4.182592, 6.629255 ], [ -4.183427, 6.634969 ], [ -4.189383, 6.636051 ], [ -4.189474, 6.63606 ], [ -4.192498, 6.63599 ], [ -4.193895, 6.635945 ], [ -4.194255, 6.635949 ], [ -4.201451, 6.638673 ], [ -4.206064, 6.640603 ], [ -4.206249, 6.640625 ], [ -4.206207, 6.640982 ], [ -4.208512, 6.646817 ], [ -4.210315, 6.648164 ], [ -4.211024, 6.648515 ], [ -4.211815, 6.651254 ], [ -4.220661, 6.651297 ], [ -4.220416, 6.647778 ], [ -4.219288, 6.640066 ], [ -4.21864, 6.639533 ], [ -4.218175, 6.639234 ], [ -4.217835, 6.639027 ], [ -4.21759, 6.638804 ], [ -4.217382, 6.638579 ], [ -4.217211, 6.638279 ], [ -4.21715, 6.638103 ], [ -4.216968, 6.637272 ], [ -4.216787, 6.636447 ], [ -4.216559, 6.635558 ], [ -4.215657, 6.633713 ], [ -4.21527, 6.633211 ], [ -4.214908, 6.632618 ], [ -4.213992, 6.631367 ], [ -4.213577, 6.630886 ], [ -4.213264, 6.630557 ], [ -4.212465, 6.629827 ], [ -4.2123, 6.629699 ], [ -4.211936, 6.629368 ], [ -4.211564, 6.629029 ], [ -4.211027, 6.62848 ], [ -4.209496, 6.627299 ], [ -4.208735, 6.62684 ], [ -4.208626, 6.626756 ], [ -4.208507, 6.626647 ], [ -4.208265, 6.62635 ], [ -4.207434, 6.625455 ], [ -4.20705, 6.625087 ], [ -4.20677, 6.6248 ], [ -4.206481, 6.624502 ], [ -4.206334, 6.624328 ], [ -4.205983, 6.623864 ], [ -4.205614, 6.623368 ], [ -4.20542, 6.622961 ], [ -4.204698, 6.621748 ], [ -4.204267, 6.621127 ], [ -4.2038, 6.620471 ], [ -4.19879, 6.616598 ], [ -4.195541, 6.609782 ], [ -4.195259, 6.609515 ], [ -4.195121, 6.609334 ], [ -4.194972, 6.609137 ], [ -4.19433, 6.608239 ], [ -4.193985, 6.607831 ], [ -4.194259, 6.607598 ], [ -4.194605, 6.608006 ], [ -4.19495, 6.608414 ], [ -4.196276, 6.609857 ], [ -4.196328197413783, 6.60990487166126 ], [ -4.196329, 6.609904 ], [ -4.196825896228674, 6.610360713298938 ], [ -4.197915, 6.611263 ], [ -4.198861, 6.611905 ], [ -4.199623, 6.612306 ], [ -4.200018, 6.612496 ], [ -4.20031, 6.612665 ], [ -4.20059, 6.612827 ], [ -4.200828, 6.613027 ], [ -4.202557, 6.614924 ], [ -4.204094, 6.620262 ], [ -4.20456, 6.620918 ], [ -4.204993, 6.621543 ], [ -4.205425, 6.622166 ], [ -4.205548, 6.62239 ], [ -4.207028, 6.624548 ], [ -4.207308, 6.624836 ], [ -4.207683, 6.625195 ], [ -4.208063, 6.625559 ], [ -4.208296, 6.625819 ], [ -4.209682, 6.62699 ], [ -4.210426, 6.627437 ], [ -4.210634, 6.627584 ], [ -4.210734, 6.627668 ], [ -4.211284, 6.628228 ], [ -4.211822, 6.628778 ], [ -4.212178, 6.629101 ], [ -4.212685, 6.629542 ], [ -4.212838, 6.62966 ], [ -4.213022, 6.629817 ], [ -4.213199, 6.629968 ], [ -4.213525, 6.630309 ], [ -4.213838, 6.630638 ], [ -4.221485, 6.625929 ], [ -4.221325, 6.625581 ], [ -4.22125, 6.625362 ], [ -4.221173, 6.625135 ], [ -4.221075, 6.62479 ], [ -4.220975, 6.624439 ], [ -4.220846, 6.623894 ], [ -4.220718, 6.623355 ], [ -4.220597, 6.622914 ], [ -4.220474, 6.622462 ], [ -4.220407, 6.622128 ], [ -4.220374, 6.621862 ], [ -4.220339, 6.621583 ], [ -4.220327, 6.621359 ], [ -4.220314, 6.621125 ], [ -4.220312, 6.620743 ], [ -4.220311, 6.62035 ], [ -4.220337, 6.61991 ], [ -4.220362, 6.619465 ], [ -4.220389, 6.619174 ], [ -4.220417, 6.618877 ], [ -4.220459, 6.618562 ], [ -4.218489, 6.612002 ], [ -4.218287, 6.61175 ], [ -4.218075, 6.611487 ], [ -4.217858, 6.611169 ], [ -4.217632, 6.610835 ], [ -4.217388, 6.610385 ], [ -4.216402, 6.608909 ], [ -4.215654, 6.60787 ], [ -4.215445, 6.60761 ], [ -4.214913, 6.607036 ], [ -4.214558, 6.606685 ], [ -4.214347, 6.606402 ], [ -4.213459, 6.605126 ], [ -4.213128, 6.604712 ], [ -4.212805, 6.604308 ], [ -4.21242, 6.603889 ], [ -4.212024, 6.603458 ], [ -4.211869, 6.603255 ], [ -4.211699, 6.60303 ], [ -4.211603, 6.602855 ], [ -4.211495, 6.602656 ], [ -4.211379, 6.602345 ], [ -4.210968, 6.601395 ], [ -4.210506, 6.600469 ], [ -4.210349, 6.600127 ], [ -4.210185, 6.599767 ], [ -4.210063, 6.599409 ], [ -4.209932, 6.598991 ], [ -4.209943, 6.597902 ], [ -4.209954, 6.596813 ], [ -4.210314, 6.596817 ], [ -4.211294438952531, 6.601241468137466 ], [ -4.211297, 6.601247 ], [ -4.21307, 6.604064 ], [ -4.213409, 6.604487 ], [ -4.21374, 6.604901 ], [ -4.213963, 6.605162 ], [ -4.214189, 6.605428 ], [ -4.21438, 6.605713 ], [ -4.215502, 6.607109 ], [ -4.215726, 6.607385 ], [ -4.215935, 6.607644 ], [ -4.216694, 6.608698 ], [ -4.217448, 6.609744 ], [ -4.217704, 6.610214 ], [ -4.218156, 6.610966 ], [ -4.218567, 6.611524 ], [ -4.21877, 6.611776 ], [ -4.219318, 6.61236 ], [ -4.219876, 6.612955 ], [ -4.220156, 6.613281 ], [ -4.220431, 6.613601 ], [ -4.220662, 6.613919 ], [ -4.220883, 6.614226 ], [ -4.221054, 6.614556 ], [ -4.221141, 6.614855 ], [ -4.221185, 6.61532 ], [ -4.221223, 6.615751 ], [ -4.221225, 6.61598 ], [ -4.221226, 6.616195 ], [ -4.221204, 6.616541 ], [ -4.22116, 6.616875 ], [ -4.221049, 6.617324 ], [ -4.220901, 6.618019 ], [ -4.220856, 6.6183 ], [ -4.220815, 6.61861 ], [ -4.220774, 6.618924 ], [ -4.220748, 6.619207 ], [ -4.220721, 6.619498 ], [ -4.220696, 6.619931 ], [ -4.22067, 6.620371 ], [ -4.220672, 6.620742 ], [ -4.220686, 6.621339 ], [ -4.220731, 6.621817 ], [ -4.220945, 6.622819 ], [ -4.221065, 6.62326 ], [ -4.221196, 6.62381 ], [ -4.221326, 6.624355 ], [ -4.221422, 6.624692 ], [ -4.221812, 6.625778 ], [ -4.221966, 6.626109 ], [ -4.222084, 6.626427 ], [ -4.22216, 6.626935 ], [ -4.222283, 6.627664 ], [ -4.222342, 6.627934 ], [ -4.222446, 6.628331 ], [ -4.22396, 6.630832 ], [ -4.224592, 6.631444 ], [ -4.232932, 6.628966 ], [ -4.23324, 6.627791 ], [ -4.233433, 6.626692 ], [ -4.233465, 6.626332 ], [ -4.233486, 6.625929 ], [ -4.233485, 6.625039 ], [ -4.233462, 6.624541 ], [ -4.23344, 6.624292 ], [ -4.233418, 6.624051 ], [ -4.232854, 6.619925 ], [ -4.232398, 6.615229 ], [ -4.232127, 6.614505 ], [ -4.231885, 6.612557 ], [ -4.231642, 6.610609 ], [ -4.231516, 6.609546 ], [ -4.231389, 6.608485 ], [ -4.23109, 6.606152 ], [ -4.23079, 6.603793 ], [ -4.230801, 6.603195 ], [ -4.230814, 6.60257 ], [ -4.230846, 6.602378 ], [ -4.230883, 6.602167 ], [ -4.231, 6.601758 ], [ -4.231124, 6.601326 ], [ -4.231309, 6.600902 ], [ -4.231501, 6.600465 ], [ -4.231282, 6.592833 ], [ -4.229028, 6.590005 ], [ -4.227029, 6.587517 ], [ -4.225027, 6.585024 ], [ -4.224699, 6.584587 ], [ -4.224366, 6.584144 ], [ -4.224237, 6.583957 ], [ -4.224103, 6.583762 ], [ -4.223992, 6.583581 ], [ -4.223876, 6.58339 ], [ -4.223731, 6.583118 ], [ -4.223266, 6.58217 ], [ -4.223126, 6.581787 ], [ -4.222978, 6.581378 ], [ -4.221525, 6.577546 ], [ -4.220406, 6.570813 ], [ -4.217296, 6.565658 ], [ -4.217476, 6.565346 ], [ -4.217836, 6.565554 ], [ -4.218195, 6.565761 ], [ -4.218422, 6.565951 ], [ -4.218654, 6.566244 ], [ -4.218825, 6.566514 ], [ -4.219003, 6.566849 ], [ -4.219174, 6.567172 ], [ -4.21933, 6.5675 ], [ -4.219483, 6.56782 ], [ -4.227577, 6.570861 ], [ -4.228328, 6.570401 ], [ -4.228894, 6.57014 ], [ -4.229471, 6.569874 ], [ -4.229703, 6.569785 ], [ -4.229943, 6.569692 ], [ -4.230273, 6.569585 ], [ -4.230529, 6.569519 ], [ -4.230794, 6.56945 ], [ -4.231264, 6.569352 ], [ -4.231742, 6.569252 ], [ -4.231943, 6.569217 ], [ -4.232154, 6.569181 ], [ -4.23252, 6.56914 ], [ -4.232703, 6.569132 ], [ -4.232895, 6.569123 ], [ -4.234207, 6.569122 ], [ -4.235523, 6.569121 ], [ -4.237073, 6.569153 ], [ -4.23864, 6.569186 ], [ -4.238951, 6.569221 ], [ -4.23927, 6.569257 ], [ -4.239541, 6.569299 ], [ -4.239824, 6.569344 ], [ -4.240201, 6.569431 ], [ -4.240308087999965, 6.56945584 ], [ -4.240567, 6.569515 ], [ -4.240566803537825, 6.569515851336093 ], [ -4.240589, 6.569521 ], [ -4.242224, 6.570008 ], [ -4.243861, 6.570497 ], [ -4.2483, 6.571822 ], [ -4.2482, 6.572168 ], [ -4.246706, 6.571734 ], [ -4.245212, 6.571301 ], [ -4.244481, 6.57107 ], [ -4.243753, 6.57084 ], [ -4.242121, 6.570353 ], [ -4.240486, 6.569866 ], [ -4.240117621812622, 6.569781600684832 ], [ -4.238911, 6.569579 ], [ -4.237066, 6.569513 ], [ -4.235515, 6.569481 ], [ -4.234207, 6.569482 ], [ -4.227636, 6.575592 ], [ -4.227631, 6.576063 ], [ -4.227626, 6.576535 ], [ -4.227607, 6.57682 ], [ -4.227588, 6.577094 ], [ -4.227508, 6.582342 ], [ -4.227497, 6.582592 ], [ -4.229309, 6.58978 ], [ -4.231563, 6.592609 ], [ -4.236501, 6.596948 ], [ -4.235419, 6.599932 ], [ -4.234406, 6.608306 ], [ -4.23527, 6.610446 ], [ -4.235392, 6.615759 ], [ -4.235428, 6.616089 ], [ -4.235432, 6.616351 ], [ -4.235435, 6.616628 ], [ -4.235412, 6.616973 ], [ -4.233774, 6.624002 ], [ -4.239174, 6.631066 ], [ -4.239434, 6.631154 ], [ -4.244131, 6.631706 ], [ -4.246651, 6.63119 ], [ -4.247483, 6.630903 ], [ -4.247753, 6.630829 ], [ -4.249996, 6.630059 ], [ -4.256337, 6.631927 ], [ -4.256574, 6.631979 ], [ -4.260934, 6.633748 ], [ -4.261214, 6.633865 ], [ -4.261515, 6.633993 ], [ -4.266695, 6.636076 ], [ -4.267086, 6.636225 ], [ -4.267532, 6.636407 ], [ -4.271997, 6.638678 ], [ -4.271986, 6.639038 ], [ -4.270531, 6.639051 ], [ -4.269925, 6.639089 ], [ -4.269551, 6.638894 ], [ -4.269284, 6.638726 ], [ -4.263792, 6.636021 ], [ -4.263431, 6.635911 ], [ -4.263099, 6.635808 ], [ -4.259268, 6.633817 ], [ -4.259001, 6.63372 ], [ -4.258748, 6.633628 ], [ -4.253494, 6.632377 ], [ -4.253298, 6.632355 ], [ -4.252982, 6.632265 ], [ -4.2452, 6.632052 ], [ -4.24489, 6.632058 ], [ -4.243247, 6.632199 ], [ -4.242026, 6.632401 ], [ -4.241682, 6.632452 ], [ -4.241348, 6.632501 ], [ -4.240998, 6.632477 ], [ -4.240753, 6.63239 ], [ -4.240558, 6.632315 ], [ -4.234948, 6.631932 ], [ -4.230094, 6.635588 ], [ -4.228644, 6.638389 ], [ -4.227193, 6.641191 ], [ -4.228058, 6.647984 ], [ -4.228131, 6.64812 ], [ -4.233856, 6.654372 ], [ -4.234149, 6.654534 ], [ -4.234451, 6.654702 ], [ -4.234704, 6.654862 ], [ -4.234972, 6.655032 ], [ -4.236161, 6.655967 ], [ -4.237358, 6.656909 ], [ -4.237866, 6.657358 ], [ -4.238382, 6.657814 ], [ -4.238812, 6.658241 ], [ -4.239247, 6.658673 ], [ -4.239946, 6.659419 ], [ -4.240644, 6.660167 ], [ -4.241955, 6.661589 ], [ -4.243261, 6.663006 ], [ -4.243586, 6.663334 ], [ -4.244267, 6.663997 ], [ -4.244636, 6.664346 ], [ -4.246119, 6.665959 ], [ -4.2476, 6.667568 ], [ -4.248273, 6.668263 ], [ -4.248943, 6.668955 ], [ -4.249245, 6.669256 ], [ -4.252126, 6.671368 ], [ -4.252674, 6.671668 ], [ -4.256196, 6.673689 ], [ -4.263642, 6.673063 ], [ -4.265334, 6.671024 ], [ -4.265587, 6.670895 ], [ -4.267804, 6.670156 ], [ -4.268982, 6.670246 ], [ -4.26939, 6.670942 ], [ -4.269693, 6.671781 ], [ -4.268748, 6.678647 ], [ -4.271983, 6.684259 ], [ -4.273687, 6.685887 ], [ -4.275387, 6.687512 ], [ -4.276122, 6.68817 ], [ -4.277225, 6.689129 ], [ -4.277597, 6.689433 ], [ -4.280122, 6.691427 ], [ -4.282648, 6.693421 ], [ -4.286101, 6.696147 ], [ -4.289552, 6.698871 ], [ -4.295517, 6.697833 ], [ -4.29567, 6.697724 ], [ -4.29583, 6.69761 ], [ -4.296058, 6.697466 ], [ -4.296368, 6.697321 ], [ -4.298471, 6.696164 ], [ -4.298663, 6.696052 ], [ -4.29887, 6.695932 ], [ -4.299184, 6.695785 ], [ -4.301556, 6.694502 ], [ -4.30237, 6.693953 ], [ -4.302792, 6.693644 ], [ -4.303753, 6.692899 ], [ -4.304666, 6.692132 ], [ -4.30504, 6.6918 ], [ -4.305279, 6.692069 ], [ -4.304905, 6.692401 ], [ -4.304531, 6.692733 ], [ -4.303979, 6.693179 ], [ -4.303433, 6.69362 ], [ -4.303005, 6.693934 ], [ -4.302583, 6.694243 ], [ -4.306382, 6.702386 ], [ -4.307753, 6.702328 ], [ -4.308632, 6.702274 ], [ -4.309512, 6.70222 ], [ -4.311711, 6.702106 ], [ -4.313911, 6.701992 ], [ -4.315107, 6.701932 ], [ -4.316306, 6.701873 ], [ -4.322054, 6.700535 ], [ -4.322143, 6.700503 ], [ -4.327309, 6.702129 ], [ -4.327291, 6.702489 ], [ -4.32588, 6.702417 ], [ -4.324468, 6.702345 ], [ -4.322792, 6.702251 ], [ -4.315746, 6.70646 ], [ -4.315391, 6.706399 ], [ -4.314049, 6.704996 ], [ -4.307776, 6.702688 ], [ -4.306397, 6.702746 ] ] ], [ [ [ -5.346747, 6.264274 ], [ -5.342119, 6.257643 ], [ -5.337266, 6.25167 ], [ -5.334696, 6.250603 ], [ -5.332126, 6.249535 ], [ -5.324144, 6.248324 ], [ -5.323751, 6.248311 ], [ -5.323376, 6.248298 ], [ -5.32318, 6.248274 ], [ -5.322998, 6.248251 ], [ -5.3228, 6.248217 ], [ -5.322611, 6.248183 ], [ -5.322044, 6.248014 ], [ -5.320977, 6.247723 ], [ -5.319795, 6.247054 ], [ -5.319382, 6.246803 ], [ -5.31898, 6.246558 ], [ -5.318525, 6.246236 ], [ -5.309821, 6.244802 ], [ -5.309087, 6.245002 ], [ -5.308313, 6.245208 ], [ -5.308078, 6.245218 ], [ -5.3073, 6.245212 ], [ -5.307111, 6.245212 ], [ -5.306921, 6.245212 ], [ -5.306921, 6.244852 ], [ -5.313393, 6.240799 ], [ -5.314639, 6.234476 ], [ -5.313679, 6.225751 ], [ -5.312912, 6.224308 ], [ -5.308227, 6.219409 ], [ -5.30739, 6.217479 ], [ -5.306553, 6.215548 ], [ -5.305929, 6.213127 ], [ -5.304611, 6.210787 ], [ -5.304112, 6.210184 ], [ -5.303464, 6.209384 ], [ -5.302817, 6.208584 ], [ -5.296261, 6.202962 ], [ -5.291043, 6.209059 ], [ -5.290779, 6.209304 ], [ -5.287622, 6.215857 ], [ -5.287479, 6.218584 ], [ -5.287501, 6.219888 ], [ -5.287456, 6.2217 ], [ -5.287394, 6.222015 ], [ -5.287322, 6.222365 ], [ -5.287152, 6.223541 ], [ -5.286792, 6.223527 ], [ -5.282053, 6.221899 ], [ -5.281799, 6.221644 ], [ -5.281973, 6.221471 ], [ -5.282147, 6.221298 ], [ -5.283979, 6.218824 ], [ -5.284173, 6.218498 ], [ -5.284691, 6.217685 ], [ -5.286012, 6.212571 ], [ -5.285919, 6.211432 ], [ -5.285727, 6.209967 ], [ -5.27867, 6.204768 ], [ -5.278138, 6.204872 ], [ -5.277581, 6.20498 ], [ -5.27744, 6.204983 ], [ -5.272085, 6.205861 ], [ -5.271884, 6.205938 ], [ -5.271667, 6.20602 ], [ -5.271053, 6.206193 ], [ -5.266397, 6.209028 ], [ -5.266259, 6.209133 ], [ -5.26609, 6.209216 ], [ -5.261534, 6.216888 ], [ -5.261516, 6.217122 ], [ -5.261472, 6.217392 ], [ -5.261314, 6.219771 ], [ -5.260954, 6.219795 ], [ -5.260921, 6.219292 ], [ -5.260888, 6.21879 ], [ -5.254295, 6.212942 ], [ -5.252212, 6.213535 ], [ -5.251441, 6.213868 ], [ -5.251162, 6.213984 ], [ -5.250872, 6.214103 ], [ -5.250646, 6.214178 ], [ -5.250346, 6.214249 ], [ -5.250116, 6.214275 ], [ -5.2467, 6.214953 ], [ -5.244013, 6.216112 ], [ -5.243748, 6.215868 ], [ -5.243921, 6.21568 ], [ -5.244094, 6.215492 ], [ -5.244373, 6.215287 ], [ -5.244616, 6.215154 ], [ -5.244886, 6.21506 ], [ -5.245128, 6.214979 ], [ -5.247272, 6.214361 ], [ -5.247745, 6.214228 ], [ -5.248205, 6.214101 ], [ -5.24855, 6.214033 ], [ -5.248881, 6.213969 ], [ -5.252838, 6.212873 ], [ -5.253029, 6.212804 ], [ -5.253208, 6.21274 ], [ -5.253405, 6.212694 ], [ -5.253581, 6.212654 ], [ -5.253931, 6.212618 ], [ -5.254259, 6.212584 ], [ -5.255129, 6.212468 ], [ -5.256005, 6.212352 ], [ -5.256609, 6.212283 ], [ -5.259605, 6.211251 ], [ -5.262593, 6.204035 ], [ -5.265136, 6.202593 ], [ -5.267678, 6.20115 ], [ -5.265547, 6.19321 ], [ -5.26243, 6.190673 ], [ -5.259876, 6.18987 ], [ -5.259492, 6.189822 ], [ -5.259181, 6.189728 ], [ -5.258862, 6.189632 ], [ -5.258262, 6.189419 ], [ -5.257662, 6.189207 ], [ -5.257782, 6.188868 ], [ -5.264756, 6.183318 ], [ -5.264932, 6.183129 ], [ -5.265098, 6.18295 ], [ -5.265372, 6.182721 ], [ -5.265673, 6.182591 ], [ -5.267875, 6.182014 ], [ -5.268199, 6.181961 ], [ -5.274319, 6.18018 ], [ -5.274649, 6.18002 ], [ -5.275021, 6.179846 ], [ -5.278924, 6.176876 ], [ -5.280745, 6.168129 ], [ -5.280605, 6.167475 ], [ -5.275296, 6.160995 ], [ -5.274615, 6.160721 ], [ -5.273918, 6.160441 ], [ -5.273671, 6.16031 ], [ -5.273488, 6.160173 ], [ -5.273333, 6.160029 ], [ -5.272937, 6.159625 ], [ -5.272545, 6.159224 ], [ -5.263889, 6.156995 ], [ -5.26251, 6.15746 ], [ -5.262227, 6.157521 ], [ -5.262096, 6.157525 ], [ -5.261832, 6.157496 ], [ -5.261672, 6.157453 ], [ -5.261467, 6.157382 ], [ -5.261251, 6.157308 ], [ -5.26023, 6.156881 ], [ -5.259213, 6.156455 ], [ -5.258638, 6.156232 ], [ -5.258058, 6.156006 ], [ -5.257713, 6.155859 ], [ -5.257362, 6.155709 ], [ -5.257026, 6.155553 ], [ -5.256683, 6.155394 ], [ -5.256272, 6.155183 ], [ -5.255855, 6.154968 ], [ -5.255113, 6.154553 ], [ -5.254375, 6.15414 ], [ -5.253561, 6.153709 ], [ -5.252742, 6.153276 ], [ -5.252352, 6.153057 ], [ -5.251949, 6.15283 ], [ -5.251675, 6.152645 ], [ -5.251388, 6.15245 ], [ -5.246017, 6.149689 ], [ -5.246127, 6.149346 ], [ -5.247197, 6.149692 ], [ -5.248267, 6.150037 ], [ -5.248562, 6.150142 ], [ -5.248853, 6.150245 ], [ -5.249048, 6.150329 ], [ -5.249231, 6.150409 ], [ -5.249409, 6.1505 ], [ -5.249577, 6.150586 ], [ -5.249787, 6.150731 ], [ -5.250106, 6.150967 ], [ -5.25042, 6.151201 ], [ -5.253729, 6.153391 ], [ -5.254544, 6.153822 ], [ -5.255289, 6.154239 ], [ -5.256031, 6.154654 ], [ -5.256436, 6.154863 ], [ -5.257177, 6.155227 ], [ -5.265639, 6.156037 ], [ -5.265771, 6.156021 ], [ -5.26598, 6.156035 ], [ -5.266161, 6.156048 ], [ -5.267241, 6.156262 ], [ -5.268299, 6.156472 ], [ -5.269289, 6.156654 ], [ -5.270283, 6.156837 ], [ -5.270447, 6.156882 ], [ -5.270577, 6.156933 ], [ -5.270698, 6.157002 ], [ -5.270929, 6.157168 ], [ -5.271872, 6.158074 ], [ -5.27598, 6.1609 ], [ -5.276911, 6.161277 ], [ -5.277308, 6.161421 ], [ -5.277821, 6.161626 ], [ -5.278329, 6.161828 ], [ -5.278584, 6.16196 ], [ -5.278823, 6.162084 ], [ -5.279008, 6.162232 ], [ -5.279161, 6.162358 ], [ -5.279407, 6.162586 ], [ -5.279578, 6.162758 ], [ -5.279745, 6.162924 ], [ -5.288142, 6.159938 ], [ -5.288162, 6.159733 ], [ -5.28819, 6.159489 ], [ -5.288256, 6.159287 ], [ -5.288328, 6.159068 ], [ -5.288431, 6.158832 ], [ -5.288592, 6.158544 ], [ -5.289161, 6.157813 ], [ -5.289734, 6.157077 ], [ -5.290127, 6.156611 ], [ -5.291593, 6.15449 ], [ -5.292873, 6.15187 ], [ -5.294156, 6.149246 ], [ -5.292955, 6.140903 ], [ -5.292845, 6.140734 ], [ -5.292726, 6.140548 ], [ -5.292629, 6.140357 ], [ -5.292526, 6.140151 ], [ -5.292377, 6.139773 ], [ -5.292011, 6.138931 ], [ -5.291521, 6.137531 ], [ -5.286607, 6.131182 ], [ -5.284102, 6.129644 ], [ -5.283952, 6.129555 ], [ -5.281662, 6.128438 ], [ -5.281434, 6.128315 ], [ -5.281188, 6.128182 ], [ -5.280215, 6.127601 ], [ -5.27779, 6.12634 ], [ -5.277199, 6.126004 ], [ -5.276601, 6.125664 ], [ -5.275408, 6.125061 ], [ -5.275105, 6.124888 ], [ -5.274838, 6.124652 ], [ -5.274565, 6.124411 ], [ -5.274257, 6.124115 ], [ -5.273921, 6.123785 ], [ -5.273797, 6.123588 ], [ -5.273659, 6.123361 ], [ -5.266902, 6.118813 ], [ -5.26545, 6.119019 ], [ -5.265214, 6.119035 ], [ -5.264966, 6.119052 ], [ -5.258794, 6.121004 ], [ -5.257836, 6.121625 ], [ -5.257567, 6.121385 ], [ -5.259299, 6.119255 ], [ -5.259407, 6.119148 ], [ -5.259572, 6.119062 ], [ -5.261717, 6.118661 ], [ -5.26231, 6.118604 ], [ -5.262879, 6.11855 ], [ -5.270427, 6.117724 ], [ -5.270675, 6.117703 ], [ -5.270885, 6.117712 ], [ -5.271167, 6.11776 ], [ -5.271365, 6.117824 ], [ -5.271537, 6.117881 ], [ -5.271827, 6.118055 ], [ -5.272076, 6.11826 ], [ -5.272244, 6.118468 ], [ -5.272356, 6.118667 ], [ -5.2732, 6.120392 ], [ -5.273286, 6.120548 ], [ -5.27884, 6.126385 ], [ -5.279123, 6.126533 ], [ -5.279398, 6.126677 ], [ -5.279906, 6.126988 ], [ -5.280403, 6.127294 ], [ -5.280716, 6.127464 ], [ -5.281037, 6.127639 ], [ -5.289777, 6.126674 ], [ -5.29011, 6.126385 ], [ -5.290456, 6.126085 ], [ -5.291617, 6.12525 ], [ -5.295349, 6.120914 ], [ -5.297092, 6.116947 ], [ -5.297358, 6.11635 ], [ -5.297627, 6.11575 ], [ -5.297798, 6.115391 ], [ -5.297969, 6.115035 ], [ -5.298174, 6.114587 ], [ -5.298388, 6.114122 ], [ -5.298516, 6.113907 ], [ -5.298649, 6.113684 ], [ -5.298857, 6.113377 ], [ -5.29907, 6.113062 ], [ -5.299305, 6.112755 ], [ -5.299546, 6.112441 ], [ -5.300049, 6.111852 ], [ -5.303845, 6.105206 ], [ -5.304303, 6.103697 ], [ -5.305061, 6.101039 ], [ -5.305816, 6.098392 ], [ -5.306109, 6.090974 ], [ -5.305946, 6.089737 ], [ -5.305712, 6.087845 ], [ -5.305478, 6.085954 ], [ -5.305291, 6.084533 ], [ -5.305048, 6.082777 ], [ -5.304992, 6.082439 ], [ -5.304839, 6.081609 ], [ -5.304686, 6.080784 ], [ -5.304014, 6.077593 ], [ -5.303342, 6.074404 ], [ -5.302683, 6.071357 ], [ -5.302022, 6.068303 ], [ -5.301922, 6.067727 ], [ -5.30182, 6.067142 ], [ -5.30175, 6.066583 ], [ -5.30168, 6.066017 ], [ -5.301589, 6.065006 ], [ -5.301497, 6.063983 ], [ -5.301487, 6.063628 ], [ -5.301477, 6.063258 ], [ -5.3015, 6.062818 ], [ -5.301523, 6.062376 ], [ -5.301565, 6.061444 ], [ -5.301592, 6.061077 ], [ -5.30162, 6.060704 ], [ -5.301655, 6.060376 ], [ -5.30169, 6.060048 ], [ -5.302048, 6.060086 ], [ -5.302182, 6.062011 ], [ -5.302377, 6.068241 ], [ -5.303035, 6.071281 ], [ -5.303694, 6.074328 ], [ -5.304366, 6.077519 ], [ -5.305038, 6.08071 ], [ -5.305193, 6.081544 ], [ -5.305346, 6.082374 ], [ -5.305403, 6.082718 ], [ -5.30546, 6.083059 ], [ -5.305648, 6.084486 ], [ -5.305835, 6.085907 ], [ -5.306069, 6.0878 ], [ -5.306303, 6.089693 ], [ -5.306466, 6.090927 ], [ -5.30663, 6.092162 ], [ -5.306658, 6.092482 ], [ -5.306684, 6.092793 ], [ -5.306706, 6.093388 ], [ -5.306727, 6.093974 ], [ -5.307311, 6.101959 ], [ -5.307203, 6.10295 ], [ -5.307096, 6.103942 ], [ -5.307, 6.104439 ], [ -5.306906, 6.104922 ], [ -5.306405, 6.10636 ], [ -5.306317, 6.106568 ], [ -5.30624, 6.106746 ], [ -5.306099, 6.106946 ], [ -5.305979, 6.107111 ], [ -5.305081, 6.108097 ], [ -5.303101, 6.116251 ], [ -5.302829, 6.121463 ], [ -5.302647, 6.129392 ], [ -5.303243, 6.130709 ], [ -5.308329, 6.137092 ], [ -5.308591, 6.137315 ], [ -5.308882, 6.13757 ], [ -5.309147, 6.137938 ], [ -5.310786, 6.140008 ], [ -5.312051, 6.141789 ], [ -5.313315, 6.14357 ], [ -5.313021, 6.143778 ], [ -5.304471, 6.145912 ], [ -5.304302, 6.14609 ], [ -5.304142, 6.146258 ], [ -5.300958, 6.151284 ], [ -5.300863, 6.151482 ], [ -5.300758, 6.151696 ], [ -5.300633, 6.151895 ], [ -5.300509, 6.152094 ], [ -5.291916, 6.154648 ], [ -5.291769, 6.154921 ], [ -5.291626, 6.155187 ], [ -5.291504, 6.155392 ], [ -5.291386, 6.155589 ], [ -5.291088, 6.155987 ], [ -5.290801, 6.15637 ], [ -5.288612, 6.162489 ], [ -5.288729, 6.164433 ], [ -5.288766, 6.16485 ], [ -5.288803, 6.165273 ], [ -5.288847, 6.165597 ], [ -5.295993, 6.171042 ], [ -5.296249, 6.171296 ], [ -5.30027, 6.179334 ], [ -5.303696, 6.180741 ], [ -5.306805, 6.183651 ], [ -5.314568, 6.186151 ], [ -5.314857, 6.186193 ], [ -5.315144, 6.186256 ], [ -5.315986, 6.186521 ], [ -5.318533, 6.187003 ], [ -5.32125, 6.186858 ], [ -5.327379, 6.182782 ], [ -5.327918, 6.182077 ], [ -5.328764, 6.18087 ], [ -5.329086, 6.180345 ], [ -5.329514, 6.179721 ], [ -5.329741, 6.17133 ], [ -5.329134, 6.170312 ], [ -5.329177, 6.168659 ], [ -5.329221, 6.166989 ], [ -5.329296, 6.166359 ], [ -5.32938, 6.16569 ], [ -5.329555, 6.165208 ], [ -5.329749, 6.16469 ], [ -5.330466, 6.155859 ], [ -5.330787, 6.15576 ], [ -5.331109, 6.155662 ], [ -5.331383, 6.155602 ], [ -5.331642, 6.155545 ], [ -5.331915, 6.155561 ], [ -5.332341, 6.155641 ], [ -5.332749, 6.155718 ], [ -5.333023, 6.155798 ], [ -5.333286, 6.155966 ], [ -5.333441, 6.156183 ], [ -5.333531, 6.156504 ], [ -5.3336, 6.156774 ], [ -5.333641, 6.157055 ], [ -5.333679, 6.157316 ], [ -5.333699, 6.157519 ], [ -5.333717, 6.157712 ], [ -5.333704, 6.157962 ], [ -5.33367, 6.158212 ], [ -5.33354, 6.158563 ], [ -5.33342, 6.158875 ], [ -5.333209, 6.159173 ], [ -5.333021, 6.15943 ], [ -5.332703, 6.159896 ], [ -5.332381, 6.160366 ], [ -5.331354, 6.162797 ], [ -5.331283, 6.162987 ], [ -5.330659, 6.163952 ], [ -5.329653, 6.166402 ], [ -5.335858, 6.17282 ], [ -5.33747, 6.172386 ], [ -5.338395, 6.172275 ], [ -5.343713, 6.169069 ], [ -5.345448, 6.166012 ], [ -5.346001, 6.164516 ], [ -5.346291, 6.164161 ], [ -5.346604, 6.163781 ], [ -5.346836, 6.163604 ], [ -5.3471, 6.163532 ], [ -5.350864, 6.163277 ], [ -5.350916, 6.163633 ], [ -5.343997, 6.169291 ], [ -5.343099, 6.170435 ], [ -5.342662, 6.171022 ], [ -5.342476, 6.17126 ], [ -5.342299, 6.171486 ], [ -5.342107, 6.17167 ], [ -5.341934, 6.171834 ], [ -5.341734, 6.171992 ], [ -5.341547, 6.17214 ], [ -5.341225, 6.17231 ], [ -5.34086, 6.172377 ], [ -5.34055, 6.172426 ], [ -5.339946, 6.172476 ], [ -5.339355, 6.172523 ], [ -5.338438, 6.172633 ], [ -5.331128, 6.177581 ], [ -5.330548, 6.178824 ], [ -5.330388, 6.179071 ], [ -5.330242, 6.179296 ], [ -5.329811, 6.179924 ], [ -5.329071, 6.181058 ], [ -5.328754, 6.181576 ], [ -5.328204, 6.182296 ], [ -5.327665, 6.183 ], [ -5.32718, 6.183685 ], [ -5.326691, 6.184374 ], [ -5.326533, 6.184563 ], [ -5.326384, 6.184739 ], [ -5.326168, 6.184957 ], [ -5.325796, 6.18524 ], [ -5.325443, 6.185507 ], [ -5.325101, 6.185737 ], [ -5.324767, 6.185961 ], [ -5.324311, 6.186239 ], [ -5.323862, 6.186513 ], [ -5.32364, 6.186636 ], [ -5.323426, 6.186756 ], [ -5.323211, 6.18685 ], [ -5.322919, 6.18694 ], [ -5.322661, 6.186991 ], [ -5.322421, 6.187039 ], [ -5.321306, 6.187213 ], [ -5.320197, 6.187387 ], [ -5.319992, 6.187407 ], [ -5.319798, 6.187425 ], [ -5.319568, 6.187425 ], [ -5.319355, 6.187425 ], [ -5.318506, 6.187362 ], [ -5.311682, 6.189391 ], [ -5.306584, 6.194326 ], [ -5.306149, 6.197819 ], [ -5.305109, 6.20176 ], [ -5.311813, 6.207377 ], [ -5.314126, 6.207147 ], [ -5.316439, 6.206918 ], [ -5.318752, 6.206689 ], [ -5.322824, 6.206273 ], [ -5.326895, 6.205857 ], [ -5.329205, 6.205612 ], [ -5.331515, 6.205366 ], [ -5.333825, 6.205121 ], [ -5.336147, 6.204875 ], [ -5.336445, 6.204865 ], [ -5.336762, 6.204896 ], [ -5.336942, 6.204943 ], [ -5.337133, 6.204993 ], [ -5.340041, 6.205959 ], [ -5.342948, 6.206925 ], [ -5.342835, 6.207267 ], [ -5.339927, 6.206301 ], [ -5.331553, 6.205724 ], [ -5.329243, 6.20597 ], [ -5.326933, 6.206215 ], [ -5.322861, 6.206631 ], [ -5.318789, 6.207047 ], [ -5.316475, 6.207276 ], [ -5.314162, 6.207506 ], [ -5.311848, 6.207735 ], [ -5.308139, 6.214348 ], [ -5.309412, 6.216796 ], [ -5.310685, 6.219244 ], [ -5.314415, 6.222951 ], [ -5.314967, 6.223979 ], [ -5.315569, 6.225098 ], [ -5.316148, 6.226176 ], [ -5.316108, 6.231274 ], [ -5.317384, 6.235173 ], [ -5.315815, 6.23938 ], [ -5.319569, 6.246496 ], [ -5.320361, 6.246941 ], [ -5.325592, 6.247798 ], [ -5.32643, 6.247685 ], [ -5.326694, 6.247665 ], [ -5.326973, 6.247645 ], [ -5.327166, 6.247646 ], [ -5.327367, 6.247648 ], [ -5.327595, 6.24766 ], [ -5.327833, 6.247672 ], [ -5.328173, 6.247709 ], [ -5.328465, 6.247767 ], [ -5.328771, 6.247827 ], [ -5.329118, 6.247923 ], [ -5.329403, 6.248028 ], [ -5.329693, 6.248136 ], [ -5.332264, 6.249203 ], [ -5.334834, 6.25027 ], [ -5.343546, 6.250314 ], [ -5.343899, 6.250247 ], [ -5.344214, 6.250229 ], [ -5.348525, 6.249697 ], [ -5.351926, 6.249641 ], [ -5.360681, 6.250825 ], [ -5.362341, 6.250781 ], [ -5.36235, 6.251141 ], [ -5.36069, 6.251185 ], [ -5.35903, 6.251228 ], [ -5.357957, 6.251283 ], [ -5.356879, 6.251337 ], [ -5.356374, 6.25135 ], [ -5.355874, 6.251362 ], [ -5.355192, 6.251389 ], [ -5.354507, 6.251417 ], [ -5.353849, 6.251453 ], [ -5.353189, 6.251489 ], [ -5.352029, 6.25135 ], [ -5.350199, 6.251607 ], [ -5.346425, 6.258795 ], [ -5.346491, 6.259041 ], [ -5.34656, 6.259299 ], [ -5.346639, 6.259694 ], [ -5.34672, 6.260102 ], [ -5.346755, 6.26039 ], [ -5.34679, 6.260683 ], [ -5.346909, 6.261955 ], [ -5.347029, 6.26323 ], [ -5.347105, 6.264247 ], [ -5.347181, 6.265257 ], [ -5.347224, 6.265628 ], [ -5.347268, 6.266007 ], [ -5.347312, 6.266686 ], [ -5.347356, 6.26736 ], [ -5.347404, 6.267911 ], [ -5.347453, 6.268462 ], [ -5.347529, 6.26934 ], [ -5.347605, 6.270214 ], [ -5.347724, 6.271254 ], [ -5.348894, 6.275885 ], [ -5.349481968264971, 6.277206014083021 ], [ -5.349482, 6.277206 ], [ -5.349533866559417, 6.277322616256868 ], [ -5.350276, 6.27899 ], [ -5.351656, 6.282092 ], [ -5.352152, 6.283165 ], [ -5.352648, 6.284238 ], [ -5.352672524092351, 6.284280960747085 ], [ -5.354869346940403, 6.28795123819908 ], [ -5.354872, 6.287955 ], [ -5.355442786424204, 6.28875378476872 ], [ -5.356308, 6.289964 ], [ -5.357745, 6.291974 ], [ -5.357744741873078, 6.291974184124665 ], [ -5.358484, 6.293008 ], [ -5.359198, 6.293984 ], [ -5.359914, 6.294962 ], [ -5.360808, 6.296216 ], [ -5.36938, 6.293692 ], [ -5.369374, 6.293428 ], [ -5.369369, 6.29315 ], [ -5.369389, 6.292834 ], [ -5.369452, 6.292493 ], [ -5.369531, 6.292251 ], [ -5.369608, 6.292072 ], [ -5.369695, 6.291872 ], [ -5.369917, 6.291298 ], [ -5.370267, 6.291379 ], [ -5.376477, 6.29618 ], [ -5.376647, 6.296497 ], [ -5.377851, 6.302387 ], [ -5.380406, 6.305601 ], [ -5.386599, 6.307149 ], [ -5.38452, 6.31008 ], [ -5.384405, 6.310262 ], [ -5.383338, 6.319166 ], [ -5.383593, 6.319865 ], [ -5.383874, 6.320917 ], [ -5.384151, 6.321954 ], [ -5.38425, 6.322486 ], [ -5.384347, 6.323005 ], [ -5.384626, 6.324169 ], [ -5.384908, 6.325342 ], [ -5.385067, 6.325953 ], [ -5.385323, 6.326862 ], [ -5.385501, 6.327384 ], [ -5.385675, 6.327829 ], [ -5.385904, 6.328351 ], [ -5.386586, 6.329578 ], [ -5.386929, 6.330121 ], [ -5.394938, 6.33319 ], [ -5.395642, 6.333695 ], [ -5.396126, 6.334024 ], [ -5.40441, 6.330876 ], [ -5.404545, 6.330354 ], [ -5.404621, 6.329999 ], [ -5.404721, 6.329698 ], [ -5.404971, 6.328495 ], [ -5.405044, 6.328234 ], [ -5.405126, 6.327944 ], [ -5.405259, 6.327667 ], [ -5.405405, 6.327459 ], [ -5.40571, 6.327046 ], [ -5.405938, 6.32683 ], [ -5.406142, 6.326683 ], [ -5.406359, 6.326572 ], [ -5.406583, 6.326456 ], [ -5.406757, 6.326377 ], [ -5.406941, 6.326294 ], [ -5.407192, 6.3262 ], [ -5.407477, 6.326142 ], [ -5.407549, 6.326494 ], [ -5.404181, 6.334339 ], [ -5.404025, 6.334591 ], [ -5.402635, 6.336646 ], [ -5.40247, 6.336897 ], [ -5.402015, 6.337602 ], [ -5.401918, 6.337754 ], [ -5.40154, 6.338382 ], [ -5.40069, 6.346947 ], [ -5.401191, 6.348127 ], [ -5.401693, 6.349311 ], [ -5.401976, 6.350003 ], [ -5.402258, 6.350693 ], [ -5.403114, 6.352704 ], [ -5.403972, 6.354717 ], [ -5.404589, 6.356142 ], [ -5.409962, 6.362273 ], [ -5.410624, 6.362646 ], [ -5.411708, 6.363299 ], [ -5.412787, 6.363949 ], [ -5.41319, 6.364248 ], [ -5.413579, 6.364537 ], [ -5.41387, 6.364783 ], [ -5.414153, 6.365022 ], [ -5.421089, 6.366475 ], [ -5.424304, 6.362583 ], [ -5.424363, 6.362399 ], [ -5.42444, 6.362177 ], [ -5.424571, 6.361967 ], [ -5.425527, 6.360426 ], [ -5.425616, 6.3603 ], [ -5.425929, 6.359892 ], [ -5.4261, 6.359703 ], [ -5.426494, 6.359239 ], [ -5.427215, 6.358288 ], [ -5.4277, 6.357675 ], [ -5.428199, 6.357048 ], [ -5.428361, 6.356886 ], [ -5.431674, 6.352472 ], [ -5.432034, 6.352492 ], [ -5.432024, 6.35266 ], [ -5.431964, 6.353131 ], [ -5.431737, 6.354239 ], [ -5.43168, 6.354395 ], [ -5.431139, 6.355108 ], [ -5.431036, 6.355252 ], [ -5.430931, 6.355362 ], [ -5.430492, 6.355741 ], [ -5.430065, 6.35611 ], [ -5.429754, 6.356351 ], [ -5.429451, 6.356585 ], [ -5.427983, 6.357899 ], [ -5.42737, 6.358717 ], [ -5.427231, 6.358939 ], [ -5.429474, 6.367627 ], [ -5.429498, 6.367815 ], [ -5.429522, 6.368004 ], [ -5.429489, 6.368164 ], [ -5.42943, 6.368266 ], [ -5.429225, 6.368519 ], [ -5.428987, 6.368713 ], [ -5.428777, 6.368879 ], [ -5.433339, 6.37661 ], [ -5.433639, 6.376514 ], [ -5.433931, 6.376421 ], [ -5.434387, 6.376251 ], [ -5.434839, 6.376082 ], [ -5.435295, 6.375898 ], [ -5.43616, 6.375502 ], [ -5.436567, 6.375293 ], [ -5.437839, 6.374459 ], [ -5.439112, 6.373623 ], [ -5.44125, 6.372264 ], [ -5.443389, 6.370903 ], [ -5.44513, 6.369826 ], [ -5.446867, 6.368749 ], [ -5.449054, 6.367349 ], [ -5.45124, 6.365948 ], [ -5.453426, 6.364548 ], [ -5.455614, 6.363147 ], [ -5.458808, 6.361137 ], [ -5.462005, 6.359126 ], [ -5.464574, 6.35755 ], [ -5.467139, 6.355978 ], [ -5.468179, 6.35529 ], [ -5.469219, 6.354604 ], [ -5.470012, 6.354068 ], [ -5.470817, 6.353525 ], [ -5.471876, 6.352912 ], [ -5.472942, 6.352296 ], [ -5.473326, 6.352093 ], [ -5.47372, 6.351885 ], [ -5.474366, 6.351597 ], [ -5.475028, 6.351304 ], [ -5.475552, 6.351124 ], [ -5.476081, 6.350942 ], [ -5.476769, 6.350725 ], [ -5.483496, 6.345421 ], [ -5.484504, 6.344565 ], [ -5.490321, 6.337783 ], [ -5.490624, 6.33759 ], [ -5.494597, 6.33895 ], [ -5.500722, 6.340566 ], [ -5.502518, 6.333076 ], [ -5.502033, 6.332343 ], [ -5.504056, 6.331039 ], [ -5.511776, 6.333886 ], [ -5.514061, 6.332495 ], [ -5.516345, 6.331104 ], [ -5.519752, 6.32358 ], [ -5.520347, 6.322968 ], [ -5.52040756464034, 6.322951020895627 ], [ -5.526241208491953, 6.317184930343692 ], [ -5.526609, 6.316808 ], [ -5.526741, 6.314588 ], [ -5.527042, 6.314391 ], [ -5.529073, 6.315151 ], [ -5.537112, 6.31375 ], [ -5.539334, 6.311575 ], [ -5.540975, 6.309986 ], [ -5.542228541666403, 6.308772180555811 ], [ -5.542431, 6.308576 ], [ -5.542431068854098, 6.308576071048652 ], [ -5.542616, 6.308397 ], [ -5.542867, 6.308656 ], [ -5.542637580842133, 6.308878014032796 ], [ -5.541133, 6.310335 ], [ -5.539584, 6.311834 ], [ -5.537364, 6.314007 ], [ -5.535142, 6.31618 ], [ -5.532921, 6.318354 ], [ -5.5307, 6.320527 ], [ -5.528492, 6.326759 ], [ -5.526517, 6.329548 ], [ -5.52075, 6.331354 ], [ -5.518331, 6.33204 ], [ -5.511963, 6.334193 ], [ -5.509801, 6.335497 ], [ -5.507639, 6.336801 ], [ -5.504274, 6.338838 ], [ -5.500908, 6.340874 ], [ -5.497543, 6.342911 ], [ -5.494177, 6.344948 ], [ -5.493743, 6.345227 ], [ -5.493304, 6.34551 ], [ -5.492763, 6.345824 ], [ -5.49223, 6.346133 ], [ -5.491882, 6.346322 ], [ -5.491539, 6.346509 ], [ -5.491069, 6.346734 ], [ -5.490608, 6.346955 ], [ -5.490079, 6.347177 ], [ -5.489559, 6.347396 ], [ -5.488818, 6.347663 ], [ -5.488086, 6.347927 ], [ -5.487631, 6.348064 ], [ -5.487186, 6.348197 ], [ -5.486638, 6.348342 ], [ -5.486095, 6.348486 ], [ -5.483616, 6.34916 ], [ -5.481136, 6.349835 ], [ -5.480145, 6.350132 ], [ -5.47915, 6.350431 ], [ -5.478351, 6.350643 ], [ -5.476877, 6.351068 ], [ -5.47619, 6.351285 ], [ -5.474513, 6.351926 ], [ -5.473494, 6.352412 ], [ -5.47311, 6.352614 ], [ -5.472057, 6.353224 ], [ -5.470214, 6.354366 ], [ -5.46942, 6.354902 ], [ -5.468378, 6.355591 ], [ -5.467337, 6.356278 ], [ -5.464762, 6.357857 ], [ -5.462193, 6.359433 ], [ -5.459, 6.361441 ], [ -5.455806, 6.363451 ], [ -5.45362, 6.364851 ], [ -5.451269, 6.372605 ], [ -5.450985, 6.372826 ], [ -5.449826, 6.37217 ], [ -5.449695, 6.372106 ], [ -5.441443, 6.372567 ], [ -5.439305, 6.373927 ], [ -5.438036, 6.37476 ], [ -5.436765, 6.375594 ], [ -5.436325, 6.375822 ], [ -5.435901, 6.376041 ], [ -5.438479, 6.384639 ], [ -5.438831, 6.384575 ], [ -5.439192, 6.38451 ], [ -5.439413, 6.384482 ], [ -5.439643, 6.384453 ], [ -5.439855, 6.384437 ], [ -5.440087, 6.38442 ], [ -5.440279, 6.384428 ], [ -5.440484, 6.384436 ], [ -5.440679, 6.384457 ], [ -5.440885, 6.38448 ], [ -5.441585, 6.384594 ], [ -5.442297, 6.38471 ], [ -5.443518, 6.385 ], [ -5.444742, 6.385291 ], [ -5.447427, 6.385996 ], [ -5.450106, 6.3867 ], [ -5.450723, 6.386815 ], [ -5.451119, 6.386878 ], [ -5.451312, 6.386923 ], [ -5.452149, 6.387149 ], [ -5.452992, 6.387376 ], [ -5.453423, 6.387508 ], [ -5.453858, 6.387641 ], [ -5.455522, 6.388179 ], [ -5.457182, 6.388716 ], [ -5.459475, 6.389387 ], [ -5.461769, 6.390057 ], [ -5.464099, 6.390749 ], [ -5.466423, 6.391439 ], [ -5.468424, 6.391967 ], [ -5.470421, 6.392494 ], [ -5.471114, 6.392662 ], [ -5.471804, 6.392829 ], [ -5.473161, 6.393125 ], [ -5.47452, 6.393421 ], [ -5.481867, 6.388312 ], [ -5.481909, 6.387988 ], [ -5.481952, 6.387665 ], [ -5.488241, 6.385736 ], [ -5.488582, 6.38585 ], [ -5.493474, 6.387181 ], [ -5.494486, 6.387503 ], [ -5.494703, 6.387608 ], [ -5.494824, 6.387837 ], [ -5.495742, 6.389858 ], [ -5.495773, 6.390029 ], [ -5.495718, 6.390303 ], [ -5.495628, 6.39074 ], [ -5.495552, 6.390957 ], [ -5.495068, 6.392573 ], [ -5.500439, 6.398671 ], [ -5.501623, 6.398887 ], [ -5.502806, 6.399103 ], [ -5.504713, 6.399451 ], [ -5.506614, 6.399798 ], [ -5.508756, 6.400116 ], [ -5.510903, 6.400435 ], [ -5.511732, 6.400579 ], [ -5.512573, 6.400725 ], [ -5.512871, 6.4008 ], [ -5.513186, 6.40088 ], [ -5.513385, 6.400952 ], [ -5.513605, 6.401033 ], [ -5.515987, 6.402156 ], [ -5.516542, 6.402422 ], [ -5.517652, 6.402923 ], [ -5.518432, 6.403279 ], [ -5.519212, 6.403635 ], [ -5.521346, 6.404626 ], [ -5.523475, 6.405615 ], [ -5.525881, 6.406647 ], [ -5.528287, 6.407678 ], [ -5.53062, 6.408663 ], [ -5.532957, 6.40965 ], [ -5.533518, 6.409907 ], [ -5.534769, 6.41046 ], [ -5.535468, 6.410759 ], [ -5.536119, 6.41106 ], [ -5.537708, 6.41176 ], [ -5.537707877213353, 6.411760289114659 ], [ -5.537766, 6.411785 ], [ -5.537625, 6.412116 ], [ -5.537567236956688, 6.41209144205943 ], [ -5.537567, 6.412092 ], [ -5.537095, 6.411891 ], [ -5.536623, 6.41169 ], [ -5.535968, 6.411387 ], [ -5.535317, 6.411085 ], [ -5.534628, 6.410791 ], [ -5.533934, 6.410494 ], [ -5.533368, 6.410235 ], [ -5.532807, 6.409977 ], [ -5.53048, 6.408994 ], [ -5.528147, 6.408009 ], [ -5.520826, 6.413137 ], [ -5.520466, 6.41315 ], [ -5.520462531883755, 6.413057979315632 ], [ -5.520462, 6.413058 ], [ -5.520434, 6.412307 ], [ -5.520405, 6.411557 ], [ -5.5205, 6.41112 ], [ -5.51695, 6.403017 ], [ -5.516386, 6.402747 ], [ -5.515831, 6.40248 ], [ -5.515282, 6.40225 ], [ -5.514724, 6.402017 ], [ -5.514075, 6.401682 ], [ -5.512486, 6.401075 ], [ -5.51167, 6.400933 ], [ -5.510841, 6.400789 ], [ -5.503927, 6.405533 ], [ -5.505576, 6.410634 ], [ -5.505807, 6.410872 ], [ -5.506022, 6.411162 ], [ -5.50625, 6.411474 ], [ -5.50653, 6.411991 ], [ -5.506828, 6.412563 ], [ -5.506884, 6.412896 ], [ -5.506939, 6.413295 ], [ -5.507051, 6.415828 ], [ -5.507102, 6.416072 ], [ -5.507153, 6.416316 ], [ -5.506801, 6.41639 ], [ -5.506267, 6.414766 ], [ -5.503137, 6.40881 ], [ -5.503019, 6.408326 ], [ -5.502951, 6.407936 ], [ -5.502995, 6.407604 ], [ -5.503039, 6.407331 ], [ -5.503168, 6.403448 ], [ -5.498319, 6.398694 ], [ -5.49626, 6.398363 ], [ -5.493727, 6.397859 ], [ -5.4912, 6.397355 ], [ -5.490854, 6.397277 ], [ -5.490512, 6.3972 ], [ -5.488768, 6.396757 ], [ -5.487028, 6.396315 ], [ -5.486228, 6.396141 ], [ -5.485423, 6.395966 ], [ -5.484624, 6.395808 ], [ -5.476931, 6.400171 ], [ -5.476827, 6.400433 ], [ -5.475913, 6.403927 ], [ -5.475881, 6.404126 ], [ -5.475976, 6.407887 ], [ -5.476047, 6.408183 ], [ -5.476019, 6.408318 ], [ -5.475948, 6.408448 ], [ -5.475541, 6.408889 ], [ -5.475312822222206, 6.409135633333349 ], [ -5.47514, 6.409323 ], [ -5.475139717635292, 6.409322739026559 ], [ -5.475133, 6.40933 ], [ -5.474869, 6.409086 ], [ -5.475202, 6.406023 ], [ -5.475212, 6.405542 ], [ -5.475225, 6.405101 ], [ -5.475255, 6.40265 ], [ -5.475243, 6.402416 ], [ -5.475642, 6.401742 ], [ -5.473084, 6.393476 ], [ -5.471727, 6.39318 ], [ -5.47103, 6.393012 ], [ -5.470336, 6.392844 ], [ -5.468332, 6.392315 ], [ -5.466331, 6.391787 ], [ -5.463996, 6.391094 ], [ -5.461667, 6.390402 ], [ -5.459374, 6.389732 ], [ -5.457081, 6.389062 ], [ -5.455412, 6.388522 ], [ -5.453747, 6.387983 ], [ -5.453318, 6.387852 ], [ -5.452886, 6.38772 ], [ -5.452055, 6.387496 ], [ -5.450282, 6.387109 ], [ -5.450026, 6.387051 ], [ -5.447336, 6.386344 ], [ -5.444651, 6.385639 ], [ -5.443435, 6.38535 ], [ -5.442214, 6.38506 ], [ -5.441527, 6.384949 ], [ -5.438086, 6.385101 ], [ -5.437619, 6.38521 ], [ -5.437075, 6.385314 ], [ -5.435575, 6.385755 ], [ -5.434965, 6.385987 ], [ -5.434728, 6.386051 ], [ -5.430083, 6.393633 ], [ -5.430212, 6.393944 ], [ -5.430283, 6.394205 ], [ -5.430358, 6.394628 ], [ -5.430435, 6.395067 ], [ -5.430478, 6.395517 ], [ -5.430521, 6.395991 ], [ -5.432347, 6.401538 ], [ -5.432524, 6.401805 ], [ -5.433312, 6.403222 ], [ -5.431177, 6.408206 ], [ -5.428491, 6.416041 ], [ -5.428662, 6.420556 ], [ -5.428675, 6.420761 ], [ -5.428683, 6.421372 ], [ -5.428658, 6.42155 ], [ -5.428909, 6.426607 ], [ -5.43111, 6.430907 ], [ -5.43125, 6.43111 ], [ -5.436211, 6.438199 ], [ -5.436446, 6.439219 ], [ -5.436099, 6.439317 ], [ -5.42921, 6.437832 ], [ -5.428869, 6.437716 ], [ -5.429172, 6.436626 ], [ -5.429228, 6.436375 ], [ -5.429281, 6.436147 ], [ -5.428668, 6.42872 ], [ -5.428633, 6.428562 ], [ -5.428208, 6.425995 ], [ -5.428156, 6.425847 ], [ -5.427869, 6.424479 ], [ -5.427799, 6.424142 ], [ -5.427757, 6.423793 ], [ -5.427758, 6.423464 ], [ -5.419476, 6.420368 ], [ -5.419078, 6.420881 ], [ -5.418566, 6.421648 ], [ -5.418429, 6.42188 ], [ -5.418285, 6.422124 ], [ -5.417636, 6.425376 ], [ -5.417642, 6.425595 ], [ -5.417649, 6.425814 ], [ -5.417289, 6.425825 ], [ -5.41717, 6.42501 ], [ -5.417148, 6.424784 ], [ -5.417132, 6.424589 ], [ -5.417192, 6.424165 ], [ -5.417251, 6.423784 ], [ -5.417338, 6.423315 ], [ -5.417424, 6.422852 ], [ -5.417501, 6.422627 ], [ -5.417551343410625, 6.422553058115644 ], [ -5.417547, 6.42255 ], [ -5.417768, 6.422234 ], [ -5.418119, 6.421697 ], [ -5.418876, 6.417726 ], [ -5.41125, 6.413228 ], [ -5.40944, 6.414149 ], [ -5.409262, 6.414249 ], [ -5.407316, 6.415802 ], [ -5.407220271880701, 6.415743690038082 ], [ -5.407028, 6.41593 ], [ -5.400137, 6.413264 ], [ -5.399789, 6.413171 ], [ -5.396241, 6.407142 ], [ -5.396099, 6.406812 ], [ -5.397675, 6.405525 ], [ -5.398319, 6.404707 ], [ -5.400013, 6.398542 ], [ -5.39367, 6.395239 ], [ -5.39355, 6.395252 ], [ -5.393373, 6.395207 ], [ -5.385565, 6.397183 ], [ -5.385232, 6.397319 ], [ -5.385132, 6.397136 ], [ -5.385029, 6.396931 ], [ -5.384937, 6.396744 ], [ -5.38491, 6.396528 ], [ -5.377079, 6.392765 ], [ -5.376564, 6.393111 ], [ -5.37606, 6.39345 ], [ -5.375828, 6.393632 ], [ -5.3756, 6.39381 ], [ -5.375243, 6.394105 ], [ -5.374506, 6.39477 ], [ -5.37412, 6.395145 ], [ -5.373703, 6.395573 ], [ -5.373009, 6.396338 ], [ -5.372729, 6.396676 ], [ -5.372243, 6.397353 ], [ -5.371765, 6.39802 ], [ -5.371495, 6.398453 ], [ -5.370981, 6.399352 ], [ -5.370733, 6.399824 ], [ -5.370608, 6.400082 ], [ -5.370486, 6.400337 ], [ -5.370392, 6.400545 ], [ -5.370091, 6.401278 ], [ -5.369883, 6.401804 ], [ -5.36955, 6.402752 ], [ -5.369216, 6.403702 ], [ -5.368643, 6.41046 ], [ -5.368717, 6.410812 ], [ -5.364433, 6.416923 ], [ -5.36418, 6.417618 ], [ -5.363976, 6.4182 ], [ -5.363771, 6.418783 ], [ -5.363407, 6.41977 ], [ -5.363043, 6.420752 ], [ -5.362936, 6.421062 ], [ -5.362826, 6.421378 ], [ -5.362705, 6.421684 ], [ -5.362587, 6.421986 ], [ -5.362112, 6.42331 ], [ -5.361636, 6.424637 ], [ -5.366136, 6.432375 ], [ -5.366328, 6.432394 ], [ -5.366552, 6.432419 ], [ -5.366864, 6.432513 ], [ -5.367153, 6.432673 ], [ -5.367619, 6.433072 ], [ -5.371123, 6.435216 ], [ -5.371431, 6.435342 ], [ -5.371613, 6.435435 ], [ -5.371848, 6.435569 ], [ -5.372084, 6.435839 ], [ -5.372264, 6.436154 ], [ -5.372453, 6.436487 ], [ -5.374334, 6.439506 ], [ -5.374894, 6.440223 ], [ -5.375473, 6.440968 ], [ -5.37565, 6.441307 ], [ -5.375827, 6.441646 ], [ -5.375823080869448, 6.441648051707844 ], [ -5.375848, 6.441697 ], [ -5.375947, 6.44211 ], [ -5.376051, 6.442552 ], [ -5.376083, 6.443003 ], [ -5.376115, 6.443463 ], [ -5.376113, 6.443844 ], [ -5.375073, 6.449487 ], [ -5.374714, 6.449516 ], [ -5.374626, 6.448425 ], [ -5.374538, 6.447334 ], [ -5.37456, 6.447029 ], [ -5.374581, 6.446752 ], [ -5.374666, 6.446392 ], [ -5.373238, 6.438654 ], [ -5.372877, 6.438103 ], [ -5.369526, 6.43503 ], [ -5.369321, 6.434915 ], [ -5.36914, 6.434811 ], [ -5.36205, 6.433518 ], [ -5.356604, 6.438514 ], [ -5.356229, 6.439505 ], [ -5.355854, 6.440494 ], [ -5.354443, 6.444385 ], [ -5.353032, 6.448278 ], [ -5.351578, 6.452172 ], [ -5.350125, 6.456063 ], [ -5.349709, 6.457233 ], [ -5.349293, 6.458407 ], [ -5.347981, 6.461893 ], [ -5.346666, 6.465388 ], [ -5.346405, 6.465977 ], [ -5.346142, 6.466573 ], [ -5.345825, 6.467215 ], [ -5.345501, 6.467872 ], [ -5.344906, 6.46885 ], [ -5.344306, 6.469835 ], [ -5.344032, 6.47024 ], [ -5.343756, 6.470649 ], [ -5.343293, 6.471294 ], [ -5.34282, 6.471952 ], [ -5.342142, 6.472729 ], [ -5.34146, 6.473513 ], [ -5.338954, 6.481249 ], [ -5.338594, 6.481242 ], [ -5.330509, 6.482534 ], [ -5.328791, 6.483893 ], [ -5.327074, 6.485252 ], [ -5.32685, 6.484969 ], [ -5.328568, 6.483611 ], [ -5.330285, 6.482252 ], [ -5.332607, 6.480429 ], [ -5.334929, 6.478606 ], [ -5.336404, 6.477437 ], [ -5.33788, 6.476268 ], [ -5.33832, 6.475911 ], [ -5.339174, 6.475195 ], [ -5.344598, 6.468662 ], [ -5.346076, 6.465832 ], [ -5.346336, 6.465243 ], [ -5.347644, 6.461766 ], [ -5.348956, 6.45828 ], [ -5.34937, 6.457113 ], [ -5.349786, 6.455943 ], [ -5.351241, 6.452046 ], [ -5.352694, 6.448152 ], [ -5.354105, 6.444263 ], [ -5.355516, 6.440371 ], [ -5.354347, 6.433783 ], [ -5.350016, 6.428972 ], [ -5.349868, 6.428861 ], [ -5.349726, 6.428595 ], [ -5.350044, 6.428426 ], [ -5.350731, 6.428467 ], [ -5.355936, 6.425731 ], [ -5.354934, 6.419638 ], [ -5.354257, 6.418966 ], [ -5.351984, 6.417423 ], [ -5.351791, 6.417354 ], [ -5.351472, 6.41721 ], [ -5.351292, 6.417089 ], [ -5.351125, 6.416941 ], [ -5.34983, 6.416023 ], [ -5.34957, 6.415866 ], [ -5.349275, 6.415681 ], [ -5.348144, 6.415 ], [ -5.348002, 6.414914 ], [ -5.347331, 6.414433 ], [ -5.347529, 6.414133 ], [ -5.347708, 6.414251 ], [ -5.347886, 6.414369 ], [ -5.348835, 6.414899 ], [ -5.353841346511388, 6.409244854970683 ], [ -5.354422, 6.40799 ], [ -5.354232, 6.407588 ], [ -5.354029, 6.407056 ], [ -5.352668, 6.405078 ], [ -5.35254, 6.40493 ], [ -5.352405, 6.404774 ], [ -5.352202, 6.404514 ], [ -5.351989, 6.404239 ], [ -5.351714, 6.4038 ], [ -5.35144, 6.403362 ], [ -5.351745, 6.403171 ], [ -5.352019, 6.403609 ], [ -5.353203, 6.405073 ], [ -5.353469, 6.405365 ], [ -5.353721, 6.405643 ], [ -5.353841, 6.405821 ], [ -5.353944, 6.405977 ], [ -5.354054, 6.406185 ], [ -5.354154, 6.406376 ], [ -5.356191, 6.409237 ], [ -5.356382, 6.409406 ], [ -5.356559, 6.409564 ], [ -5.356882, 6.410006 ], [ -5.357362, 6.410634 ], [ -5.357552, 6.410859 ], [ -5.357815, 6.411134 ], [ -5.358084, 6.411416 ], [ -5.366714, 6.409474 ], [ -5.366882, 6.408987 ], [ -5.367363, 6.407725 ], [ -5.367841, 6.406468 ], [ -5.367986, 6.406035 ], [ -5.368134, 6.405595 ], [ -5.368507, 6.404584 ], [ -5.368879, 6.403578 ], [ -5.36921, 6.402633 ], [ -5.369543, 6.401685 ], [ -5.369756, 6.401146 ], [ -5.369966, 6.400612 ], [ -5.370064, 6.400397 ], [ -5.370157, 6.400189 ], [ -5.370284, 6.399926 ], [ -5.370409, 6.399667 ], [ -5.370662, 6.399185 ], [ -5.370913, 6.398708 ], [ -5.371189, 6.398263 ], [ -5.371459, 6.39783 ], [ -5.371951, 6.397143 ], [ -5.372436, 6.396466 ], [ -5.372731, 6.396109 ], [ -5.373018, 6.395761 ], [ -5.373445, 6.395322 ], [ -5.373862, 6.394894 ], [ -5.374256, 6.394512 ], [ -5.374646, 6.394133 ], [ -5.375013, 6.393828 ], [ -5.37537, 6.393532 ], [ -5.375606, 6.393348 ], [ -5.375838, 6.393167 ], [ -5.376363, 6.392813 ], [ -5.376878, 6.392466 ], [ -5.37726, 6.392236 ], [ -5.377634, 6.392011 ], [ -5.378133, 6.391738 ], [ -5.378625, 6.391469 ], [ -5.379022, 6.391283 ], [ -5.379408, 6.391104 ], [ -5.380203, 6.390791 ], [ -5.386449, 6.384432 ], [ -5.387193, 6.377118 ], [ -5.387529, 6.368251 ], [ -5.387489, 6.368058 ], [ -5.387446, 6.367845 ], [ -5.387263, 6.366926 ], [ -5.38723, 6.366736 ], [ -5.387239, 6.366356 ], [ -5.387241993603411, 6.36626158635397 ], [ -5.387248, 6.366024 ], [ -5.38724952561657, 6.366024038246655 ], [ -5.387252, 6.365946 ], [ -5.387303, 6.365689 ], [ -5.387355, 6.365426 ], [ -5.387457, 6.364985 ], [ -5.387663, 6.363926 ], [ -5.387771, 6.36329 ], [ -5.387854, 6.362912 ], [ -5.387937, 6.362535 ], [ -5.388288, 6.362613 ], [ -5.3927, 6.370112 ], [ -5.393509, 6.370671 ], [ -5.393703, 6.370825 ], [ -5.393893, 6.371008 ], [ -5.394001, 6.371158 ], [ -5.394062, 6.371281 ], [ -5.394096, 6.371427 ], [ -5.395363, 6.37492 ], [ -5.403165, 6.376507 ], [ -5.406427, 6.377141 ], [ -5.408328, 6.377824 ], [ -5.41097, 6.369287 ], [ -5.410454, 6.369006 ], [ -5.409298, 6.368515 ], [ -5.409013, 6.368434 ], [ -5.408796, 6.36834 ], [ -5.408616, 6.368227 ], [ -5.408417, 6.368101 ], [ -5.408219, 6.367939 ], [ -5.407951, 6.367679 ], [ -5.407476, 6.367242 ], [ -5.407237, 6.367032 ], [ -5.407044, 6.366777 ], [ -5.406939, 6.366548 ], [ -5.406851, 6.366263 ], [ -5.406696, 6.365512 ], [ -5.406542, 6.364767 ], [ -5.406277, 6.363671 ], [ -5.406008, 6.362549 ], [ -5.405969, 6.362154 ], [ -5.40585, 6.361387 ], [ -5.405007, 6.357983 ], [ -5.404876, 6.357711 ], [ -5.404259, 6.356285 ], [ -5.403641, 6.354858 ], [ -5.402783, 6.352845 ], [ -5.395216, 6.349582 ], [ -5.39502, 6.349592 ], [ -5.394956, 6.349557 ], [ -5.388748, 6.3459 ], [ -5.380801, 6.34232 ], [ -5.379622, 6.342405 ], [ -5.379015, 6.342484 ], [ -5.378395, 6.342563 ], [ -5.377666, 6.342609 ], [ -5.376923, 6.342654 ], [ -5.376557, 6.34265 ], [ -5.376185, 6.342646 ], [ -5.375365, 6.342607 ], [ -5.374529, 6.342567 ], [ -5.368313, 6.342901 ], [ -5.367967, 6.342975 ], [ -5.367722, 6.342997 ], [ -5.367448, 6.343019 ], [ -5.367207, 6.343 ], [ -5.361904, 6.342605 ], [ -5.361445, 6.342609 ], [ -5.360986, 6.342613 ], [ -5.360985999007162, 6.342612880859513 ], [ -5.360972, 6.342613 ], [ -5.360677, 6.342601 ], [ -5.360691, 6.342241 ], [ -5.362197, 6.342208 ], [ -5.363082, 6.342147 ], [ -5.363958, 6.342088 ], [ -5.364261, 6.34207 ], [ -5.364478, 6.342068 ], [ -5.364685, 6.342066 ], [ -5.365099, 6.342104 ], [ -5.365494, 6.342142 ], [ -5.369882, 6.341984 ], [ -5.370066, 6.341944 ], [ -5.37042, 6.34189 ], [ -5.370763, 6.341838 ], [ -5.370983, 6.341817 ], [ -5.371193, 6.341797 ], [ -5.371852, 6.34182 ], [ -5.372488, 6.341844 ], [ -5.37272, 6.341869 ], [ -5.37294, 6.341893 ], [ -5.373367, 6.341974 ], [ -5.373779, 6.342052 ], [ -5.375382, 6.342248 ], [ -5.376202, 6.342286 ], [ -5.376561, 6.34229 ], [ -5.377643, 6.342249 ], [ -5.384432, 6.337648 ], [ -5.384566, 6.337419 ], [ -5.384696, 6.337198 ], [ -5.385577, 6.328502 ], [ -5.385436, 6.328195 ], [ -5.385342, 6.327966 ], [ -5.385245, 6.32773 ], [ -5.385164, 6.327508 ], [ -5.38508, 6.327279 ], [ -5.38498, 6.326973 ], [ -5.384878, 6.326658 ], [ -5.384718, 6.326043 ], [ -5.384558, 6.325426 ], [ -5.384276, 6.324253 ], [ -5.383993, 6.323071 ], [ -5.383896, 6.322552 ], [ -5.383527, 6.32101 ], [ -5.383255, 6.319988 ], [ -5.383, 6.31929 ], [ -5.382287, 6.317753 ], [ -5.381753, 6.316898 ], [ -5.381117, 6.316053 ], [ -5.372626, 6.313112 ], [ -5.370744, 6.313736 ], [ -5.370557, 6.313809 ], [ -5.370001, 6.313976 ], [ -5.369065, 6.314284 ], [ -5.368665, 6.314434 ], [ -5.368277, 6.314557 ], [ -5.367876, 6.314683 ], [ -5.367673, 6.314731 ], [ -5.360841, 6.318135 ], [ -5.360674, 6.318287 ], [ -5.360356, 6.318464 ], [ -5.360092, 6.318512 ], [ -5.359247, 6.318633 ], [ -5.35862, 6.31874 ], [ -5.356832, 6.318576 ], [ -5.356802, 6.318217 ], [ -5.357022, 6.318198 ], [ -5.357242, 6.31818 ], [ -5.36183, 6.316732 ], [ -5.362409, 6.316365 ], [ -5.362806, 6.316118 ], [ -5.363845, 6.315348 ], [ -5.364051, 6.315189 ], [ -5.364223, 6.31508 ], [ -5.364381, 6.314981 ], [ -5.364654, 6.31483 ], [ -5.364954, 6.314729 ], [ -5.365187, 6.314696 ], [ -5.365483, 6.314677 ], [ -5.370525, 6.310122 ], [ -5.369396, 6.306058 ], [ -5.368243, 6.304968 ], [ -5.367091, 6.30388 ], [ -5.366535, 6.30337 ], [ -5.365974, 6.302855 ], [ -5.365373, 6.302257 ], [ -5.364771, 6.301659 ], [ -5.364602, 6.30149 ], [ -5.364426, 6.301314 ], [ -5.363861, 6.300681 ], [ -5.363292, 6.300044 ], [ -5.363059, 6.299768 ], [ -5.362824, 6.299489 ], [ -5.362356, 6.29891 ], [ -5.361882, 6.298324 ], [ -5.361645, 6.298002 ], [ -5.361407, 6.297678 ], [ -5.360515, 6.296425 ], [ -5.359624, 6.295174 ], [ -5.358908, 6.294196 ], [ -5.358191, 6.293217 ], [ -5.35042, 6.289245 ], [ -5.34983, 6.289385 ], [ -5.349747, 6.289034 ], [ -5.351328, 6.282241 ], [ -5.350191, 6.279687 ], [ -5.34923242704473, 6.277531054664864 ], [ -5.348565, 6.276032 ], [ -5.34425, 6.270292 ], [ -5.344117, 6.269958 ], [ -5.346747, 6.264274 ] ] ], [ [ [ -5.131397, 6.649286 ], [ -5.129636, 6.648278 ], [ -5.128846, 6.647791 ], [ -5.12796, 6.647184 ], [ -5.126515, 6.646085 ], [ -5.125015, 6.644787 ], [ -5.117162, 6.647136 ], [ -5.116087, 6.646599 ], [ -5.11307, 6.64497 ], [ -5.10496, 6.644811 ], [ -5.104118, 6.645065 ], [ -5.103263, 6.642742 ], [ -5.103079, 6.641618 ], [ -5.102645, 6.63413 ], [ -5.099383, 6.630218 ], [ -5.09716, 6.628393 ], [ -5.096207, 6.627768 ], [ -5.095791, 6.627451 ], [ -5.095018, 6.626738 ], [ -5.094191, 6.62588 ], [ -5.093031, 6.624452 ], [ -5.092489, 6.62368 ], [ -5.092177, 6.623146 ], [ -5.088015, 6.617038 ], [ -5.086428, 6.615622 ], [ -5.085793, 6.614919 ], [ -5.085012, 6.613973 ], [ -5.084581, 6.613386 ], [ -5.084299, 6.612942 ], [ -5.084097, 6.612568 ], [ -5.08392, 6.612176 ], [ -5.079503, 6.606178 ], [ -5.077323, 6.604566 ], [ -5.070123, 6.601038 ], [ -5.069524, 6.60079 ], [ -5.069046, 6.600533 ], [ -5.06858, 6.600213 ], [ -5.068202, 6.599897 ], [ -5.067805, 6.599495 ], [ -5.059083, 6.597584 ], [ -5.058128, 6.598231 ], [ -5.057648, 6.598585 ], [ -5.057337, 6.598795 ], [ -5.056617, 6.599336 ], [ -5.055404, 6.600178 ], [ -5.054826, 6.600606 ], [ -5.054228, 6.600996 ], [ -5.053197, 6.601728 ], [ -5.051966, 6.602575 ], [ -5.04946, 6.604383 ], [ -5.047354, 6.601463 ], [ -5.048112, 6.593743 ], [ -5.045891, 6.590796 ], [ -5.045472, 6.590356 ], [ -5.045235, 6.589931 ], [ -5.045062, 6.589258 ], [ -5.045054, 6.588692 ], [ -5.045359, 6.587846 ], [ -5.045619, 6.587463 ], [ -5.046733, 6.585313 ], [ -5.047007, 6.584813 ], [ -5.047249, 6.584486 ], [ -5.048235, 6.583219 ], [ -5.048639, 6.582694 ], [ -5.04902, 6.58225 ], [ -5.04943, 6.581822 ], [ -5.050206, 6.573078 ], [ -5.04963, 6.57252 ], [ -5.048617, 6.571596 ], [ -5.047364, 6.570627 ], [ -5.043931, 6.56882 ], [ -5.036094, 6.570292 ], [ -5.02934, 6.571734 ], [ -5.026623, 6.572975 ], [ -5.022381, 6.57883 ], [ -5.022436, 6.58243 ], [ -5.02053, 6.589563 ], [ -5.020083, 6.59127 ], [ -5.019871, 6.591781 ], [ -5.018966, 6.599846 ], [ -5.019294, 6.600976 ], [ -5.019496, 6.601822 ], [ -5.01968, 6.602749 ], [ -5.019809, 6.603702 ], [ -5.019849, 6.604177 ], [ -5.019861, 6.604538 ], [ -5.019851, 6.604915 ], [ -5.01976, 6.606619 ], [ -5.019588, 6.608841 ], [ -5.019524, 6.60938 ], [ -5.019428, 6.609975 ], [ -5.019231, 6.612046 ], [ -5.019184, 6.615537 ], [ -5.019464, 6.61769 ], [ -5.019507, 6.61827 ], [ -5.019514, 6.618571 ], [ -5.019479, 6.619398 ], [ -5.019403, 6.620263 ], [ -5.019304, 6.6208 ], [ -5.018946, 6.622874 ], [ -5.01853, 6.624813 ], [ -5.016713, 6.633479 ], [ -5.01701, 6.634377 ], [ -5.017199, 6.635461 ], [ -5.01731, 6.63648 ], [ -5.01732, 6.637887 ], [ -5.017369, 6.639362 ], [ -5.017364, 6.641173 ], [ -5.017586, 6.644522 ], [ -5.017961, 6.647234 ], [ -5.018066, 6.648306 ], [ -5.018061, 6.649764 ], [ -5.017963, 6.650459 ], [ -5.017776, 6.651264 ], [ -5.01854, 6.657468 ], [ -5.021508, 6.660713 ], [ -5.0219, 6.664291 ], [ -5.022532, 6.673098 ], [ -5.02117, 6.674896 ], [ -5.020857, 6.674993 ], [ -5.019165, 6.67437 ], [ -5.013175, 6.669681 ], [ -5.015093, 6.662347 ], [ -5.013812, 6.656493 ], [ -5.013609, 6.655872 ], [ -5.013454, 6.654908 ], [ -5.01343, 6.654253 ], [ -5.013531, 6.653278 ], [ -5.01402, 6.645016 ], [ -5.013752, 6.642232 ], [ -5.013765, 6.641094 ], [ -5.013769, 6.639354 ], [ -5.013722, 6.638008 ], [ -5.012768, 6.633579 ], [ -5.012439, 6.632689 ], [ -5.012297, 6.632111 ], [ -5.012216, 6.631611 ], [ -5.012202, 6.630719 ], [ -5.012298, 6.630072 ], [ -5.012662, 6.628883 ], [ -5.013346, 6.626891 ], [ -5.013453, 6.626533 ], [ -5.013646, 6.625974 ], [ -5.014415, 6.623472 ], [ -5.014903, 6.621998 ], [ -5.015116, 6.621473 ], [ -5.015874, 6.617963 ], [ -5.015614, 6.616006 ], [ -5.015475, 6.615091 ], [ -5.015447, 6.61481 ], [ -5.01543, 6.614386 ], [ -5.015443, 6.613882 ], [ -5.015648, 6.611705 ], [ -5.015845, 6.609634 ], [ -5.007477, 6.606369 ], [ -5.006553, 6.608324 ], [ -5.005523, 6.610469 ], [ -5.004347, 6.612334 ], [ -5.003017, 6.614407 ], [ -5.002336, 6.615202 ], [ -5.0003, 6.6178 ], [ -4.997995, 6.620674 ], [ -4.996151, 6.622196 ], [ -4.995675, 6.622635 ], [ -4.994697, 6.623702 ], [ -4.993988, 6.624406 ], [ -4.991872, 6.627455 ], [ -4.988274, 6.627341 ], [ -4.988333, 6.625485 ], [ -4.988386, 6.625078 ], [ -4.988629, 6.624389 ], [ -4.988947, 6.623871 ], [ -4.989395, 6.623418 ], [ -4.989788, 6.623126 ], [ -4.991114, 6.622094 ], [ -4.992154, 6.621154 ], [ -4.993017, 6.620207 ], [ -4.993688, 6.61957 ], [ -4.995699, 6.617901 ], [ -4.997466, 6.615579 ], [ -4.999502, 6.612981 ], [ -5.000278, 6.61207 ], [ -5.001302, 6.610413 ], [ -5.002479, 6.608548 ], [ -5.003298, 6.606785 ], [ -5.004222, 6.60483 ], [ -5.004587, 6.604135 ], [ -5.002268, 6.5968 ], [ -4.996756, 6.597239 ], [ -4.996046, 6.597623 ], [ -4.995489, 6.597776 ], [ -4.992214, 6.599175 ], [ -4.991705, 6.599422 ], [ -4.990842, 6.5996 ], [ -4.98437, 6.601472 ], [ -4.984083, 6.601665 ], [ -4.983709, 6.601851 ], [ -4.983254, 6.602002 ], [ -4.981875, 6.602271 ], [ -4.980563, 6.602267 ], [ -4.979338, 6.60204 ], [ -4.975721, 6.601298 ], [ -4.975721, 6.597698 ], [ -4.976692, 6.5976 ], [ -4.977416, 6.597608 ], [ -4.985544, 6.595747 ], [ -4.986404, 6.595341 ], [ -4.987336, 6.595225 ], [ -4.993477, 6.594119 ], [ -4.997396, 6.592293 ], [ -4.997888, 6.59204 ], [ -4.998624, 6.591878 ], [ -4.999293, 6.591872 ], [ -5.007094, 6.588219 ], [ -5.008026, 6.587019 ], [ -5.009111, 6.585686 ], [ -5.009673, 6.585034 ], [ -5.011183, 6.583366 ], [ -5.012865, 6.578352 ], [ -5.012875, 6.577802 ], [ -5.008506, 6.569964 ], [ -5.005158, 6.569247 ], [ -4.999693, 6.570221 ], [ -4.994404, 6.567294 ], [ -4.991621, 6.56501 ], [ -4.984927, 6.560828 ], [ -4.982888, 6.56053 ], [ -4.979386, 6.56006 ], [ -4.977541, 6.5598 ], [ -4.975634, 6.559529 ], [ -4.974082, 6.559259 ], [ -4.971305, 6.558719 ], [ -4.970197, 6.558573 ], [ -4.966163, 6.55817 ], [ -4.962134, 6.557768 ], [ -4.957583, 6.55808 ], [ -4.957144, 6.558027 ], [ -4.956221, 6.557933 ], [ -4.955711, 6.55787 ], [ -4.949942, 6.557101 ], [ -4.945994, 6.557886 ], [ -4.941881, 6.558695 ], [ -4.940799, 6.558789 ], [ -4.939955, 6.558733 ], [ -4.937998, 6.558345 ], [ -4.935879, 6.557916 ], [ -4.929149, 6.556929 ], [ -4.926507, 6.557063 ], [ -4.925061, 6.557012 ], [ -4.923638, 6.556852 ], [ -4.915956, 6.557821 ], [ -4.914313, 6.558584 ], [ -4.912709, 6.559329 ], [ -4.911431, 6.55996 ], [ -4.909047, 6.561216 ], [ -4.905403, 6.563196 ], [ -4.901758, 6.565177 ], [ -4.898114, 6.567157 ], [ -4.894465, 6.56914 ], [ -4.892234, 6.570344 ], [ -4.890003, 6.571548 ], [ -4.888294, 6.56838 ], [ -4.890524, 6.567176 ], [ -4.892755, 6.565972 ], [ -4.896395, 6.563994 ], [ -4.900039, 6.562014 ], [ -4.903684, 6.560033 ], [ -4.907328, 6.558053 ], [ -4.909753, 6.556775 ], [ -4.911114, 6.556101 ], [ -4.912796, 6.555319 ], [ -4.914439, 6.554556 ], [ -4.916022, 6.553806 ], [ -4.920153, 6.551715 ], [ -4.928958, 6.553334 ], [ -4.931447, 6.553201 ], [ -4.932356, 6.553204 ], [ -4.933205, 6.553295 ], [ -4.933871, 6.553417 ], [ -4.934642, 6.553638 ], [ -4.9387, 6.554814 ], [ -4.945293, 6.554355 ], [ -4.949241, 6.55357 ], [ -4.950258, 6.553392 ], [ -4.950895, 6.553314 ], [ -4.951561, 6.553269 ], [ -4.95264, 6.553251 ], [ -4.953269, 6.553275 ], [ -4.953705, 6.553306 ], [ -4.956159, 6.553557 ], [ -4.96248, 6.554184 ], [ -4.970392, 6.554261 ], [ -4.973973, 6.553891 ], [ -4.979889, 6.556495 ], [ -4.983367, 6.556962 ], [ -4.985447, 6.557266 ], [ -4.987507, 6.557567 ], [ -4.994398, 6.553495 ], [ -4.996293, 6.550434 ], [ -4.999252, 6.551187 ], [ -5.005925, 6.547845 ], [ -5.006015, 6.541467 ], [ -5.003949, 6.536619 ], [ -5.003377, 6.53597 ], [ -5.002256, 6.534385 ], [ -5.00129, 6.53296 ], [ -5.00099, 6.532461 ], [ -5.000795, 6.531407 ], [ -5.001128, 6.531065 ], [ -5.004345, 6.52945 ], [ -5.011357, 6.529635 ], [ -5.013083, 6.522761 ], [ -5.01176, 6.519287 ], [ -5.010481, 6.515921 ], [ -5.008619, 6.513207 ], [ -5.006735, 6.511568 ], [ -5.0057, 6.51062 ], [ -5.005466, 6.510368 ], [ -5.004905, 6.509699 ], [ -5.004492, 6.509164 ], [ -5.003856, 6.508137 ], [ -5.003325, 6.507219 ], [ -5.001941, 6.505204 ], [ -4.997049, 6.500412 ], [ -4.996569, 6.500067 ], [ -4.99603, 6.499607 ], [ -4.994756, 6.498357 ], [ -4.99312, 6.496723 ], [ -4.99149, 6.495131 ], [ -4.989833, 6.493511 ], [ -4.989167, 6.49283 ], [ -4.987632, 6.4913 ], [ -4.986032, 6.489702 ], [ -4.978473, 6.488843 ], [ -4.973477, 6.493528 ], [ -4.973332, 6.493854 ], [ -4.972357, 6.497652 ], [ -4.96878, 6.497246 ], [ -4.968964, 6.495617 ], [ -4.969028, 6.494771 ], [ -4.969089, 6.49439 ], [ -4.969363, 6.493663 ], [ -4.969801, 6.492818 ], [ -4.970133, 6.491926 ], [ -4.964361, 6.485447 ], [ -4.963565, 6.485737 ], [ -4.96319, 6.485923 ], [ -4.962096, 6.486611 ], [ -4.96018, 6.483564 ], [ -4.96088, 6.475901 ], [ -4.963329, 6.473262 ], [ -4.964494, 6.474344 ], [ -4.9649, 6.474668 ], [ -4.965403, 6.475214 ], [ -4.972139, 6.478044 ], [ -4.978606, 6.472897 ], [ -4.978601, 6.470373 ], [ -4.978543, 6.467112 ], [ -4.978495, 6.465745 ], [ -4.978483, 6.464198 ], [ -4.978445, 6.462657 ], [ -4.97843, 6.460674 ], [ -4.97847, 6.460187 ], [ -4.978582, 6.459314 ], [ -4.979008, 6.456934 ], [ -4.979278, 6.452614 ], [ -4.979275, 6.450765 ], [ -4.97929, 6.448468 ], [ -4.979304, 6.446171 ], [ -4.979318, 6.443874 ], [ -4.979333, 6.441532 ], [ -4.979398, 6.439456 ], [ -4.979462, 6.437397 ], [ -4.979509, 6.435233 ], [ -4.979588, 6.433237 ], [ -4.983185, 6.43338 ], [ -4.983106, 6.435376 ], [ -4.983061, 6.437474 ], [ -4.982996, 6.439568 ], [ -4.982932, 6.441644 ], [ -4.982918, 6.443896 ], [ -4.982904, 6.446193 ], [ -4.98289, 6.448491 ], [ -4.982875, 6.450788 ], [ -4.982878, 6.452608 ], [ -4.982881, 6.454443 ], [ -4.982856, 6.455262 ], [ -4.982809, 6.455947 ], [ -4.982561, 6.457513 ], [ -4.982126, 6.459947 ], [ -4.982042, 6.460635 ], [ -4.98202, 6.460951 ], [ -4.982045, 6.462617 ], [ -4.982082, 6.464109 ], [ -4.982095, 6.465717 ], [ -4.982141, 6.466984 ], [ -4.982201, 6.470308 ], [ -4.982206, 6.47289 ], [ -4.98227, 6.473691 ], [ -4.982437, 6.474743 ], [ -4.982832, 6.47693 ], [ -4.982917, 6.477466 ], [ -4.98324, 6.479198 ], [ -4.984944, 6.482713 ], [ -4.985719, 6.483644 ], [ -4.987084, 6.485328 ], [ -4.988435, 6.486995 ], [ -4.988703, 6.487288 ], [ -4.990174, 6.488751 ], [ -4.991709, 6.490281 ], [ -4.992405, 6.490992 ], [ -4.994006, 6.492556 ], [ -4.995636, 6.494149 ], [ -4.997299, 6.495808 ], [ -4.998552, 6.497038 ], [ -4.999114, 6.497463 ], [ -5.000824, 6.498558 ], [ -5.008379, 6.494901 ], [ -5.007717, 6.49205 ], [ -5.007054, 6.489199 ], [ -5.006392, 6.486348 ], [ -5.005741, 6.483544 ], [ -5.005356, 6.482068 ], [ -5.004967, 6.480655 ], [ -5.004522, 6.479257 ], [ -5.004042, 6.477856 ], [ -5.003278, 6.475765 ], [ -5.002454, 6.473757 ], [ -5.00148, 6.471641 ], [ -5.000505, 6.469524 ], [ -4.99953, 6.467408 ], [ -4.998551, 6.465282 ], [ -4.997571, 6.463123 ], [ -4.996599, 6.460982 ], [ -4.994642, 6.458822 ], [ -4.994665, 6.455943 ], [ -4.993887, 6.452896 ], [ -4.993616, 6.451567 ], [ -4.99347, 6.450639 ], [ -4.993345, 6.449689 ], [ -4.99316, 6.447841 ], [ -4.993078, 6.446226 ], [ -4.99305, 6.444556 ], [ -4.993113, 6.442942 ], [ -4.993241, 6.44131 ], [ -4.993387, 6.440039 ], [ -4.993576, 6.438726 ], [ -4.994144, 6.435735 ], [ -4.994711, 6.432745 ], [ -4.995279, 6.429754 ], [ -4.995844, 6.426777 ], [ -4.9961, 6.42537 ], [ -4.996309, 6.423948 ], [ -4.996471, 6.422488 ], [ -4.996645, 6.420316 ], [ -4.99667, 6.417856 ], [ -4.996694, 6.415397 ], [ -4.996719, 6.412937 ], [ -4.996744, 6.410534 ], [ -4.9967, 6.408437 ], [ -4.996583, 6.406415 ], [ -4.996428, 6.404748 ], [ -4.996116, 6.402059 ], [ -4.999692, 6.401644 ], [ -4.999968, 6.403475 ], [ -5.000168, 6.40608 ], [ -5.000294, 6.408229 ], [ -5.000343, 6.410457 ], [ -5.000319, 6.412973 ], [ -5.000294, 6.415433 ], [ -5.00027, 6.417892 ], [ -5.000245, 6.420352 ], [ -5.00006, 6.422769 ], [ -4.999887, 6.424343 ], [ -4.999663, 6.42589 ], [ -4.999386, 6.42742 ], [ -4.998816, 6.430425 ], [ -4.998248, 6.433416 ], [ -4.997681, 6.436407 ], [ -4.997113, 6.439398 ], [ -4.996952, 6.440546 ], [ -4.996817, 6.441721 ], [ -5.004274, 6.44662 ], [ -5.004569, 6.446514 ], [ -5.005291, 6.446327 ], [ -5.005699, 6.446289 ], [ -5.007315, 6.446289 ], [ -5.007313, 6.449889 ], [ -5.00351, 6.453355 ], [ -5.003234, 6.45367 ], [ -5.000849, 6.461636 ], [ -5.001829, 6.463794 ], [ -5.0028, 6.465902 ], [ -5.003775, 6.468018 ], [ -5.004749, 6.470134 ], [ -5.005724, 6.472251 ], [ -5.006608, 6.474396 ], [ -5.007423, 6.476618 ], [ -5.007928, 6.47809 ], [ -5.008397, 6.479562 ], [ -5.008826, 6.48111 ], [ -5.009224, 6.482634 ], [ -5.016593, 6.486312 ], [ -5.018308, 6.484539 ], [ -5.018494, 6.484271 ], [ -5.019027, 6.483387 ], [ -5.019448, 6.482686 ], [ -5.020436, 6.479485 ], [ -5.020516, 6.478566 ], [ -5.020552, 6.478156 ], [ -5.020664, 6.477364 ], [ -5.020926, 6.475726 ], [ -5.020988, 6.474959 ], [ -5.021056, 6.474468 ], [ -5.021166, 6.47408 ], [ -5.021331, 6.473377 ], [ -5.021402, 6.472992 ], [ -5.021498, 6.472211 ], [ -5.021502, 6.472159 ], [ -5.021599, 6.471517 ], [ -5.021739, 6.470629 ], [ -5.025312, 6.471076 ], [ -5.027069, 6.478497 ], [ -5.022713, 6.484363 ], [ -5.021882, 6.485738 ], [ -5.020961, 6.487106 ], [ -5.020348, 6.48791 ], [ -5.020108, 6.488215 ], [ -5.019838, 6.488497 ], [ -5.019115, 6.489041 ], [ -5.018802, 6.489247 ], [ -5.017536, 6.490097 ], [ -5.015491, 6.490845 ], [ -5.012892, 6.498437 ], [ -5.013898, 6.502787 ], [ -5.014582, 6.505614 ], [ -5.01527, 6.508458 ], [ -5.015613, 6.509573 ], [ -5.015932, 6.510462 ], [ -5.016385, 6.511559 ], [ -5.017529, 6.51385 ], [ -5.018578, 6.515568 ], [ -5.020135, 6.517894 ], [ -5.020815, 6.51897 ], [ -5.021435, 6.520044 ], [ -5.02215, 6.521387 ], [ -5.022832, 6.522855 ], [ -5.023088, 6.52346 ], [ -5.023427, 6.524351 ], [ -5.02394, 6.52585 ], [ -5.024552, 6.527773 ], [ -5.025006, 6.529104 ], [ -5.025385, 6.530125 ], [ -5.025615, 6.530683 ], [ -5.026256, 6.532056 ], [ -5.026753, 6.532975 ], [ -5.027059, 6.533486 ], [ -5.027787, 6.534632 ], [ -5.028153, 6.535183 ], [ -5.028408, 6.535542 ], [ -5.029193, 6.536562 ], [ -5.030481, 6.538054 ], [ -5.030955, 6.538562 ], [ -5.031922, 6.539493 ], [ -5.032799, 6.540255 ], [ -5.040729, 6.541412 ], [ -5.043273, 6.540221 ], [ -5.045807, 6.539034 ], [ -5.048402, 6.537797 ], [ -5.050996, 6.536559 ], [ -5.053591, 6.535321 ], [ -5.056185, 6.534084 ], [ -5.060222, 6.529065 ], [ -5.060512, 6.528462 ], [ -5.060945, 6.52779 ], [ -5.061498, 6.526983 ], [ -5.061933, 6.526408 ], [ -5.063193, 6.524535 ], [ -5.063771, 6.523711 ], [ -5.064236, 6.522977 ], [ -5.065565, 6.52075 ], [ -5.065691, 6.520554 ], [ -5.067415, 6.513105 ], [ -5.066444, 6.510006 ], [ -5.065856, 6.508281 ], [ -5.065766, 6.507957 ], [ -5.065638, 6.507034 ], [ -5.065667, 6.506685 ], [ -5.065716, 6.50594 ], [ -5.065907, 6.505055 ], [ -5.06679, 6.501943 ], [ -5.072162, 6.500773 ], [ -5.074873, 6.503142 ], [ -5.074853, 6.505014 ], [ -5.074875, 6.505525 ], [ -5.074882, 6.506276 ], [ -5.074812, 6.508179 ], [ -5.074776, 6.508742 ], [ -5.074751, 6.509893 ], [ -5.074644, 6.510629 ], [ -5.074565, 6.510942 ], [ -5.074059, 6.512162 ], [ -5.073617, 6.513001 ], [ -5.073313, 6.513495 ], [ -5.072267, 6.516594 ], [ -5.07222, 6.51714 ], [ -5.071991, 6.517757 ], [ -5.077757, 6.523874 ], [ -5.079609, 6.522983 ], [ -5.082056, 6.521826 ], [ -5.082862, 6.52146 ], [ -5.085694, 6.520102 ], [ -5.086242, 6.519867 ], [ -5.087894, 6.519261 ], [ -5.088929, 6.518996 ], [ -5.089487, 6.518868 ], [ -5.090526, 6.51867 ], [ -5.091175, 6.518568 ], [ -5.092295, 6.51844 ], [ -5.093243, 6.518385 ], [ -5.094512, 6.51839 ], [ -5.097213, 6.518518 ], [ -5.099921, 6.518646 ], [ -5.102662, 6.518787 ], [ -5.105402, 6.518928 ], [ -5.112264, 6.515909 ], [ -5.113561, 6.513365 ], [ -5.11384, 6.512002 ], [ -5.113684, 6.507995 ], [ -5.113571, 6.506106 ], [ -5.113457, 6.504217 ], [ -5.117051, 6.504002 ], [ -5.11791, 6.508034 ], [ -5.117983, 6.508474 ], [ -5.118033, 6.508964 ], [ -5.117417, 6.512709 ], [ -5.117369, 6.513189 ], [ -5.117302, 6.513559 ], [ -5.120166, 6.521215 ], [ -5.122006, 6.522013 ], [ -5.123836, 6.522807 ], [ -5.125705, 6.523605 ], [ -5.127593, 6.524412 ], [ -5.129905, 6.525434 ], [ -5.132194, 6.526446 ], [ -5.135318, 6.527775 ], [ -5.133908, 6.531088 ], [ -5.130785, 6.529758 ], [ -5.12845, 6.528727 ], [ -5.126138, 6.527705 ], [ -5.12429, 6.526916 ], [ -5.122422, 6.526117 ], [ -5.120573, 6.525315 ], [ -5.118733, 6.524517 ], [ -5.111353, 6.523504 ], [ -5.110883, 6.523409 ], [ -5.109911, 6.523229 ], [ -5.105217, 6.522524 ], [ -5.102476, 6.522382 ], [ -5.099736, 6.522241 ], [ -5.097043, 6.522114 ], [ -5.094342, 6.521986 ], [ -5.087122, 6.523406 ], [ -5.084419, 6.524705 ], [ -5.083549, 6.525102 ], [ -5.081147, 6.526238 ], [ -5.079319, 6.527118 ], [ -5.07748, 6.528004 ], [ -5.074684, 6.529312 ], [ -5.071905, 6.530612 ], [ -5.069003, 6.532002 ], [ -5.066086, 6.533398 ], [ -5.063115, 6.534777 ], [ -5.062043, 6.535275 ], [ -5.059899, 6.536299 ], [ -5.057737, 6.537332 ], [ -5.055141, 6.538571 ], [ -5.052546, 6.539808 ], [ -5.049951, 6.541046 ], [ -5.047356, 6.542283 ], [ -5.0448, 6.543481 ], [ -5.044124, 6.551687 ], [ -5.045433, 6.55315 ], [ -5.046345, 6.554078 ], [ -5.047024, 6.554732 ], [ -5.048596, 6.556115 ], [ -5.049418, 6.556776 ], [ -5.050955, 6.557928 ], [ -5.053903, 6.560008 ], [ -5.054415, 6.56039 ], [ -5.055689, 6.561392 ], [ -5.056995, 6.562533 ], [ -5.057351, 6.562884 ], [ -5.057968, 6.563461 ], [ -5.058434, 6.563936 ], [ -5.059403, 6.564962 ], [ -5.060238, 6.565913 ], [ -5.060915, 6.566736 ], [ -5.062488, 6.568487 ], [ -5.070993, 6.568232 ], [ -5.073737, 6.565903 ], [ -5.073926, 6.566125 ], [ -5.075327, 6.567846 ], [ -5.075662, 6.568224 ], [ -5.076173, 6.570011 ], [ -5.076188, 6.570685 ], [ -5.076258, 6.571893 ], [ -5.076316, 6.572387 ], [ -5.076277, 6.573573 ], [ -5.081042, 6.58067 ], [ -5.08232, 6.581479 ], [ -5.082671, 6.581729 ], [ -5.082997, 6.582066 ], [ -5.086785, 6.587028 ], [ -5.087493, 6.587801 ], [ -5.088149, 6.588557 ], [ -5.090332, 6.591279 ], [ -5.093927, 6.59545 ], [ -5.098831, 6.600132 ], [ -5.104112, 6.606588 ], [ -5.104832, 6.60722 ], [ -5.106027, 6.608313 ], [ -5.106795, 6.609089 ], [ -5.107114, 6.609435 ], [ -5.108413, 6.610984 ], [ -5.109265, 6.612115 ], [ -5.109942, 6.613082 ], [ -5.118673, 6.614689 ], [ -5.119441, 6.614083 ], [ -5.120231, 6.613648 ], [ -5.121965, 6.616803 ], [ -5.119956, 6.618419 ], [ -5.118939, 6.619418 ], [ -5.117254, 6.622377 ], [ -5.118024, 6.629153 ], [ -5.119314, 6.631115 ], [ -5.120603, 6.633076 ], [ -5.121893, 6.635037 ], [ -5.12316, 6.636965 ], [ -5.124155, 6.638414 ], [ -5.125171, 6.639709 ], [ -5.126222, 6.640912 ], [ -5.127375, 6.642069 ], [ -5.128697, 6.643221 ], [ -5.130003, 6.644219 ], [ -5.131431, 6.645158 ], [ -5.134051, 6.646575 ], [ -5.136399, 6.647572 ], [ -5.138819, 6.648603 ], [ -5.140229, 6.649278 ], [ -5.140945, 6.649656 ], [ -5.141733, 6.650114 ], [ -5.142987, 6.650882 ], [ -5.144132, 6.651679 ], [ -5.145321, 6.652605 ], [ -5.146485848676291, 6.653604142088502 ], [ -5.146603, 6.653477 ], [ -5.147395, 6.654207 ], [ -5.154105, 6.658819 ], [ -5.158262, 6.666297 ], [ -5.159319, 6.667861 ], [ -5.160296, 6.669451 ], [ -5.161387, 6.671266 ], [ -5.162471, 6.673067 ], [ -5.163196248435669, 6.674261387985184 ], [ -5.16377, 6.675205 ], [ -5.166238, 6.678971 ], [ -5.167564, 6.680696 ], [ -5.167887069355024, 6.681078784555358 ], [ -5.167888, 6.681078 ], [ -5.169348, 6.68281 ], [ -5.170808, 6.684542 ], [ -5.171983, 6.685916 ], [ -5.180918, 6.686525 ], [ -5.181451, 6.686136 ], [ -5.182004, 6.685843 ], [ -5.182292, 6.685727 ], [ -5.182297153392074, 6.685739825878932 ], [ -5.182595, 6.685635 ], [ -5.183012, 6.685557 ], [ -5.184286, 6.685425 ], [ -5.184286120754858, 6.685426158987639 ], [ -5.184424, 6.685412 ], [ -5.185402, 6.685365 ], [ -5.187987, 6.686452 ], [ -5.187782, 6.687295 ], [ -5.18772, 6.687508 ], [ -5.187405, 6.688107 ], [ -5.182797, 6.69447 ], [ -5.182704673912962, 6.694660753016831 ], [ -5.182711, 6.694664 ], [ -5.18257, 6.694939 ], [ -5.182437946039337, 6.700987221459723 ], [ -5.183801, 6.705053 ], [ -5.18556, 6.707457 ], [ -5.187338, 6.709886 ], [ -5.189115, 6.712314 ], [ -5.190892, 6.714743 ], [ -5.19267, 6.717171 ], [ -5.201223, 6.714491 ], [ -5.201694, 6.713535 ], [ -5.203111, 6.711037 ], [ -5.203246, 6.710819 ], [ -5.203261898614445, 6.710828850906205 ], [ -5.203509, 6.710488 ], [ -5.204128, 6.710005 ], [ -5.207594, 6.706871 ], [ -5.208621, 6.706382 ], [ -5.209009, 6.70634 ], [ -5.210054, 6.706305 ], [ -5.212033, 6.706284 ], [ -5.212071, 6.709884 ], [ -5.20806750328811, 6.711929860184713 ], [ -5.204425, 6.71849 ], [ -5.203582, 6.723093 ], [ -5.203431, 6.723897 ], [ -5.209412, 6.730201 ], [ -5.212912195459285, 6.733167786298592 ], [ -5.216123, 6.732319 ], [ -5.217244, 6.732496 ], [ -5.217407, 6.732574 ], [ -5.220703, 6.736215 ], [ -5.227247, 6.738158 ], [ -5.228363, 6.74158 ], [ -5.237248, 6.740667 ], [ -5.240509, 6.742193 ], [ -5.240368, 6.745898 ], [ -5.240345, 6.746251 ], [ -5.240087, 6.747247 ], [ -5.24028768817193, 6.750382828475002 ], [ -5.240779, 6.751644 ], [ -5.240865639487636, 6.752453395213434 ], [ -5.248448, 6.753036 ], [ -5.250979, 6.745861 ], [ -5.251001, 6.745455 ], [ -5.25100125929722, 6.745454638411215 ], [ -5.251022, 6.745076 ], [ -5.251497245753264, 6.744408099842773 ], [ -5.252409, 6.741852 ], [ -5.254588, 6.738153 ], [ -5.258186, 6.738263 ], [ -5.258164, 6.738979 ], [ -5.258152612000489, 6.739110799347281 ], [ -5.258156, 6.739111 ], [ -5.258096, 6.739766 ], [ -5.257748, 6.740774 ], [ -5.257351, 6.741507 ], [ -5.25718, 6.74186 ], [ -5.256995, 6.742251 ], [ -5.257189036713294, 6.742594052444215 ], [ -5.262302, 6.73863 ], [ -5.263021, 6.735498 ], [ -5.264333, 6.735658 ], [ -5.266733021499252, 6.735696149405674 ], [ -5.266734, 6.735695 ], [ -5.267680419868812, 6.735337985872065 ], [ -5.272601238094299, 6.731859869940094 ], [ -5.27379, 6.728822 ], [ -5.274325, 6.726146 ], [ -5.274349, 6.726069 ], [ -5.274353436513631, 6.726055744978474 ], [ -5.274417, 6.725854 ], [ -5.274928, 6.724337 ], [ -5.275005, 6.724109 ], [ -5.275222, 6.723466 ], [ -5.275426, 6.722859 ], [ -5.276436, 6.719865 ], [ -5.276614, 6.719336 ], [ -5.277019, 6.712153 ], [ -5.274644, 6.709766 ], [ -5.277196, 6.707227 ], [ -5.279571, 6.709613 ], [ -5.284959, 6.714357 ], [ -5.28618621303416, 6.716465751053804 ], [ -5.291875180116649, 6.722001452483983 ], [ -5.292006, 6.722117 ], [ -5.294407558861845, 6.723766390952282 ], [ -5.296829902489616, 6.723963960884799 ], [ -5.299155716738227, 6.723744578099078 ], [ -5.301779614019466, 6.723411291013951 ], [ -5.302462, 6.723156 ], [ -5.303658762836864, 6.723384760443924 ], [ -5.305302, 6.723439 ], [ -5.307851434446885, 6.723528741523625 ], [ -5.314009, 6.72281 ], [ -5.317541, 6.72351 ], [ -5.323222523357767, 6.725994509013373 ], [ -5.323431, 6.726031 ], [ -5.32359162065333, 6.726152037588975 ], [ -5.326662, 6.727441 ], [ -5.327208, 6.732034 ], [ -5.329458, 6.737549 ], [ -5.335255090908213, 6.737857662480329 ], [ -5.339115, 6.73153 ], [ -5.347021342227058, 6.730817385622024 ], [ -5.34804, 6.728533 ], [ -5.348136819707748, 6.728492483057083 ], [ -5.348137, 6.728492 ], [ -5.348408, 6.728379 ], [ -5.356294, 6.725146 ], [ -5.359723, 6.72405 ], [ -5.362531, 6.7252 ], [ -5.364185, 6.726283 ], [ -5.37004498511, 6.733096982685928 ], [ -5.37155, 6.733169 ], [ -5.371549995915024, 6.733169084910826 ], [ -5.371966, 6.733189 ], [ -5.371965986015285, 6.733189290688065 ], [ -5.372626, 6.733221 ], [ -5.374554, 6.733303 ], [ -5.374697, 6.733311 ], [ -5.374697063084143, 6.73331131039631 ], [ -5.376396, 6.73341 ], [ -5.376395995219021, 6.733410081823034 ], [ -5.376515, 6.733417 ], [ -5.379483, 6.733624 ], [ -5.381851, 6.733807 ], [ -5.381850994336725, 6.733807073377237 ], [ -5.382057, 6.733823 ], [ -5.383508, 6.733907 ], [ -5.3833, 6.737501 ], [ -5.38185, 6.737417 ], [ -5.381574014625458, 6.737395810502635 ], [ -5.381574, 6.737396 ], [ -5.379206, 6.737214 ], [ -5.376264, 6.737009 ], [ -5.37448883154224, 6.736904523939725 ], [ -5.374487, 6.736905 ], [ -5.374344, 6.736896 ], [ -5.372475, 6.736818 ], [ -5.3723670088916, 6.736812814103516 ], [ -5.372367, 6.736813 ], [ -5.369871275944895, 6.736693268055555 ], [ -5.362558920369599, 6.73940040667752 ], [ -5.360817354303975, 6.740445036107709 ], [ -5.360531, 6.740704 ], [ -5.354063, 6.74308 ], [ -5.346633, 6.747806 ], [ -5.346033, 6.747996 ], [ -5.346028644505947, 6.747992882995668 ], [ -5.345831, 6.748054 ], [ -5.345442, 6.748144 ], [ -5.345419134401259, 6.748114328331093 ], [ -5.344923, 6.748187 ], [ -5.344585, 6.748167 ], [ -5.341160710337704, 6.745110408793559 ], [ -5.338351, 6.744107 ], [ -5.331631, 6.743506 ], [ -5.331302977558281, 6.749807829804615 ], [ -5.332828817279416, 6.751666590082077 ], [ -5.334973, 6.752402 ], [ -5.334997689566237, 6.752420769109027 ], [ -5.335371, 6.752386 ], [ -5.335647, 6.752404 ], [ -5.335756, 6.752428 ], [ -5.335867, 6.752756 ], [ -5.335944950534351, 6.753140880763359 ], [ -5.335953, 6.753147 ], [ -5.335986, 6.753408 ], [ -5.336078, 6.754201 ], [ -5.337047, 6.759594 ], [ -5.335353, 6.763711 ], [ -5.333943, 6.767023 ], [ -5.332013, 6.768997 ], [ -5.331816582534587, 6.769015138658376 ], [ -5.326699858115227, 6.770676481753044 ], [ -5.325872781575321, 6.771049497170942 ], [ -5.325105243710313, 6.771552108023076 ], [ -5.324587418093438, 6.772671766454493 ], [ -5.324591, 6.772733 ], [ -5.324529, 6.772799 ], [ -5.324528380885587, 6.772799418516081 ], [ -5.323106966037105, 6.775872845298732 ], [ -5.323098, 6.776096 ], [ -5.324488788420799, 6.77850453326213 ], [ -5.326817265861033, 6.781680737962469 ], [ -5.327949181651515, 6.781409913585497 ], [ -5.327991, 6.781387 ], [ -5.328975, 6.782037 ], [ -5.329721, 6.784544 ], [ -5.326905, 6.788068 ], [ -5.325682, 6.790225 ], [ -5.323569, 6.794191 ], [ -5.323555, 6.794211 ], [ -5.321664, 6.797024 ], [ -5.321466, 6.79722 ], [ -5.321361, 6.797324 ], [ -5.321260704190964, 6.797476187641212 ], [ -5.320408, 6.805628 ], [ -5.325128, 6.808052 ], [ -5.331404, 6.810295 ], [ -5.337581, 6.808759 ], [ -5.341282, 6.807586 ], [ -5.345153, 6.810052 ], [ -5.347943, 6.812326 ], [ -5.350704, 6.816105 ], [ -5.350608, 6.817866 ], [ -5.355567, 6.825008 ], [ -5.362781, 6.820923 ], [ -5.36552, 6.819337 ], [ -5.365599379197307, 6.81930796663028 ], [ -5.367087, 6.817461 ], [ -5.367445, 6.816967 ], [ -5.369680404582899, 6.816469519291075 ], [ -5.372712, 6.811793 ], [ -5.375851, 6.81003 ], [ -5.376142, 6.810548 ], [ -5.376469, 6.812918 ], [ -5.376524, 6.813305 ], [ -5.376475, 6.814129 ], [ -5.376296, 6.814912 ], [ -5.376109, 6.815543 ], [ -5.375869, 6.816118 ], [ -5.375675, 6.816484 ], [ -5.375313, 6.817043 ], [ -5.375155960059423, 6.817270991720958 ], [ -5.375265, 6.819428 ], [ -5.37466, 6.822977 ], [ -5.371996, 6.822855 ], [ -5.3658, 6.824919 ], [ -5.36536, 6.825292 ], [ -5.363561088094472, 6.828246615741238 ], [ -5.363440490251989, 6.82991523081921 ], [ -5.363394387783138, 6.830553113496638 ], [ -5.363333918763809, 6.831389774545675 ], [ -5.366454, 6.837729 ], [ -5.371493, 6.839714 ], [ -5.375425, 6.839139 ], [ -5.378476, 6.838117 ], [ -5.381432098989621, 6.836852479192975 ], [ -5.381745, 6.835662 ], [ -5.381827, 6.835415 ], [ -5.381832135587294, 6.835416707353575 ], [ -5.381891, 6.835251 ], [ -5.382076, 6.834858 ], [ -5.38238, 6.834221 ], [ -5.382722, 6.833626 ], [ -5.384194, 6.830582 ], [ -5.384622, 6.827071 ], [ -5.384591, 6.826647 ], [ -5.387797, 6.825936 ], [ -5.389413, 6.826819 ], [ -5.390459, 6.828918 ], [ -5.396452, 6.833637 ], [ -5.398328, 6.833451 ], [ -5.398682, 6.837034 ], [ -5.396585, 6.840277 ], [ -5.395437, 6.840162 ], [ -5.392405533715075, 6.845527529275915 ], [ -5.393836, 6.84954 ], [ -5.393250229706078, 6.857829737923675 ], [ -5.399424, 6.860926 ], [ -5.402175, 6.863148 ], [ -5.404651, 6.867787 ], [ -5.404686, 6.86798 ], [ -5.404725, 6.868556 ], [ -5.40744800255793, 6.874036968139642 ], [ -5.411126, 6.877847 ], [ -5.413218, 6.878607 ], [ -5.414390865101129, 6.879595201234143 ], [ -5.415832, 6.880365 ], [ -5.418405, 6.88174 ], [ -5.424341, 6.884566 ], [ -5.429043, 6.887424 ], [ -5.427338, 6.890595 ], [ -5.425512, 6.889613 ], [ -5.423685, 6.888632 ], [ -5.420093, 6.886718 ], [ -5.415945, 6.884767 ], [ -5.408061, 6.883554 ], [ -5.40508, 6.88431 ], [ -5.40468, 6.884349 ], [ -5.399326, 6.882028 ], [ -5.39594, 6.880804 ], [ -5.394232, 6.879311 ], [ -5.394644, 6.878418 ], [ -5.390936841525884, 6.875734293368381 ], [ -5.386247, 6.874607 ], [ -5.386246520926501, 6.874606557861872 ], [ -5.385949, 6.874929 ], [ -5.384397, 6.876611 ], [ -5.382503, 6.878664 ], [ -5.379857, 6.876223 ], [ -5.381751, 6.87417 ], [ -5.382908, 6.872857 ], [ -5.383303, 6.872488 ], [ -5.38360101926569, 6.872165017780354 ], [ -5.383601, 6.872165 ], [ -5.384492196752917, 6.871199181509398 ], [ -5.384492, 6.871199 ], [ -5.384855, 6.870806 ], [ -5.384102, 6.862102 ], [ -5.375903, 6.860097 ], [ -5.374156, 6.861659 ], [ -5.370522, 6.867124 ], [ -5.369833, 6.869808 ], [ -5.369737, 6.870127 ], [ -5.3695, 6.871146 ], [ -5.365994, 6.870329 ], [ -5.365977, 6.866417 ], [ -5.365109, 6.859738 ], [ -5.364594, 6.858707 ], [ -5.364154, 6.856391 ], [ -5.35837, 6.851022 ], [ -5.35065, 6.852903 ], [ -5.347615, 6.854736 ], [ -5.347477, 6.854561 ], [ -5.347062, 6.853196 ], [ -5.346587100918312, 6.851181263456736 ], [ -5.344847, 6.850604 ], [ -5.344850180727708, 6.85057606117553 ], [ -5.34485, 6.850576 ], [ -5.344884, 6.850279 ], [ -5.344978983829662, 6.849866645050868 ], [ -5.344351, 6.849483 ], [ -5.344383, 6.849312 ], [ -5.344877, 6.848348 ], [ -5.346354, 6.843421 ], [ -5.340491, 6.837329 ], [ -5.338584, 6.83742 ], [ -5.335258, 6.839129 ], [ -5.334994, 6.839052 ], [ -5.331838, 6.838523 ], [ -5.325897196136449, 6.842814269596636 ], [ -5.328657, 6.848356 ], [ -5.327849935707989, 6.849305343103368 ], [ -5.32785, 6.849306 ], [ -5.32767, 6.849517 ], [ -5.326554, 6.851304 ], [ -5.321246, 6.852186 ], [ -5.321508, 6.860293 ], [ -5.327733, 6.861601 ], [ -5.33009, 6.860496 ], [ -5.33263, 6.858853 ], [ -5.333011, 6.858686 ], [ -5.333075, 6.858751 ], [ -5.333426, 6.859185 ], [ -5.334168, 6.860136 ], [ -5.338323, 6.863625 ], [ -5.339066, 6.863856 ], [ -5.341156, 6.864474 ], [ -5.341301, 6.865648 ], [ -5.341137, 6.868074 ], [ -5.339244, 6.871872 ], [ -5.339547076183644, 6.872683962689195 ], [ -5.340753, 6.874583 ], [ -5.344109, 6.882003 ], [ -5.344508, 6.882542 ], [ -5.34497, 6.883263 ], [ -5.345469, 6.884216 ], [ -5.345695, 6.884739 ], [ -5.346006, 6.885601 ], [ -5.346249, 6.886598 ], [ -5.349374159445013, 6.890202435859388 ], [ -5.353888, 6.891497 ], [ -5.35645, 6.894026 ], [ -5.362912, 6.896105 ], [ -5.365605, 6.898494 ], [ -5.363938, 6.900374 ], [ -5.361045985511671, 6.904042056986162 ], [ -5.361176, 6.906542 ], [ -5.36097, 6.907018 ], [ -5.360738, 6.907314 ], [ -5.360669, 6.907386 ], [ -5.357048759890528, 6.908517604580796 ], [ -5.35344, 6.912207 ], [ -5.35179, 6.914065 ], [ -5.349098, 6.911675 ], [ -5.345763, 6.909395 ], [ -5.340387, 6.906755 ], [ -5.337326, 6.90486 ], [ -5.336613, 6.901231 ], [ -5.335938, 6.899629 ], [ -5.335629, 6.898771 ], [ -5.335206, 6.897824 ], [ -5.338441, 6.896243 ], [ -5.343234, 6.890108 ], [ -5.342708, 6.887249 ], [ -5.335235, 6.883957 ], [ -5.331077, 6.882368 ], [ -5.324693, 6.880286 ], [ -5.317237, 6.876026 ], [ -5.316792, 6.875865 ], [ -5.316248, 6.875669 ], [ -5.314975, 6.875211 ], [ -5.313924, 6.874833 ], [ -5.311807, 6.872137 ], [ -5.305667, 6.871019 ], [ -5.301414, 6.872889 ], [ -5.300348, 6.879831 ], [ -5.300989, 6.881019 ], [ -5.301882, 6.882782 ], [ -5.302591, 6.88422 ], [ -5.303348, 6.885917 ], [ -5.303891, 6.887556 ], [ -5.304102, 6.888443 ], [ -5.304262, 6.889328 ], [ -5.304365, 6.889999 ], [ -5.304453, 6.890802 ], [ -5.304518, 6.892578 ], [ -5.304464, 6.893868 ], [ -5.304324, 6.894999 ], [ -5.30413, 6.896803 ], [ -5.303894, 6.897687 ], [ -5.30362, 6.898517 ], [ -5.308186, 6.906125 ], [ -5.308737, 6.90609 ], [ -5.309229863823835, 6.906906830055963 ], [ -5.314995, 6.905366 ], [ -5.318033, 6.907298 ], [ -5.321697, 6.914874 ], [ -5.323122, 6.916064 ], [ -5.323117936048385, 6.916068866881396 ], [ -5.32353, 6.916369 ], [ -5.324362, 6.917088 ], [ -5.325186, 6.917713 ], [ -5.325873, 6.918315 ], [ -5.325266, 6.921829 ], [ -5.325109, 6.921814 ], [ -5.324586, 6.921684 ], [ -5.324237, 6.921522 ], [ -5.322929, 6.920518 ], [ -5.322188, 6.919957 ], [ -5.321045, 6.919012 ], [ -5.320817779955955, 6.918823473224325 ], [ -5.320814, 6.918828 ], [ -5.319504641994104, 6.917734571209111 ], [ -5.315989066823691, 6.917928443329737 ], [ -5.31001, 6.919723 ], [ -5.309371, 6.920586 ], [ -5.306478, 6.918444 ], [ -5.298035, 6.91675 ], [ -5.297482, 6.917827 ], [ -5.29662, 6.919461 ], [ -5.295737, 6.921131 ], [ -5.293972, 6.924295 ], [ -5.292306, 6.927161 ], [ -5.290588, 6.930119 ], [ -5.289883, 6.931411 ], [ -5.288917, 6.933296 ], [ -5.287988, 6.935104 ], [ -5.286976, 6.937334 ], [ -5.285785, 6.940175 ], [ -5.284672, 6.94309 ], [ -5.285505276521612, 6.946763464521271 ], [ -5.289604, 6.950965 ], [ -5.292899, 6.958628 ], [ -5.291762, 6.962043 ], [ -5.283522, 6.964777 ], [ -5.281125, 6.967463 ], [ -5.281076, 6.975807 ], [ -5.281198, 6.976059 ], [ -5.278397, 6.978055 ], [ -5.280457, 6.985053 ], [ -5.281144, 6.985699 ], [ -5.282056, 6.98631 ], [ -5.282042, 6.98689 ], [ -5.281141, 6.989298 ], [ -5.278128, 6.997121 ], [ -5.278099, 7.000346 ], [ -5.278061, 7.003735 ], [ -5.277977, 7.004567 ], [ -5.274395, 7.004207 ], [ -5.273199, 7.000096 ], [ -5.264779, 7.001035 ], [ -5.264382, 7.004268 ], [ -5.263831, 7.007815 ], [ -5.263257, 7.01058 ], [ -5.263255832526077, 7.010579757562862 ], [ -5.26322, 7.010752 ], [ -5.262547, 7.013409 ], [ -5.262545758169115, 7.013408685450286 ], [ -5.262517, 7.013522 ], [ -5.261701, 7.016309 ], [ -5.261699772974362, 7.016308640948503 ], [ -5.261646, 7.016492 ], [ -5.260673, 7.019378 ], [ -5.26067092304045, 7.019377299155543 ], [ -5.260596, 7.019599 ], [ -5.260165, 7.020679 ], [ -5.258991, 7.023522 ], [ -5.257833, 7.026325 ], [ -5.256965, 7.028577 ], [ -5.255414, 7.032371 ], [ -5.253863, 7.036165 ], [ -5.252565774155926, 7.035634741416677 ], [ -5.252392, 7.036063 ], [ -5.251337, 7.038662 ], [ -5.250282, 7.041261 ], [ -5.249226, 7.04386 ], [ -5.248162, 7.046286 ], [ -5.252149, 7.05245 ], [ -5.256385, 7.050602 ], [ -5.257352, 7.049163 ], [ -5.258318, 7.047725 ], [ -5.259078, 7.046574 ], [ -5.259843, 7.045416 ], [ -5.260004, 7.045195 ], [ -5.26018, 7.044957 ], [ -5.260419, 7.044703 ], [ -5.260664, 7.044443 ], [ -5.261569, 7.043575 ], [ -5.262471, 7.042709 ], [ -5.264088, 7.040087 ], [ -5.26451, 7.038102 ], [ -5.264932, 7.036117 ], [ -5.265214, 7.03481 ], [ -5.265671, 7.033542 ], [ -5.2658, 7.032915 ], [ -5.26584, 7.03274 ], [ -5.26588, 7.032564 ], [ -5.265976, 7.032094 ], [ -5.266013, 7.031918 ], [ -5.26605, 7.031742 ], [ -5.266339, 7.030359 ], [ -5.266378, 7.030184 ], [ -5.266417, 7.030008 ], [ -5.266512, 7.029503 ], [ -5.266559, 7.029329 ], [ -5.266607, 7.029155 ], [ -5.266689, 7.028823 ], [ -5.26676, 7.028587 ], [ -5.266887, 7.028248 ], [ -5.267315, 7.026787 ], [ -5.267951, 7.025453 ], [ -5.268586, 7.02412 ], [ -5.268911, 7.024275 ], [ -5.269425, 7.032675 ], [ -5.269378, 7.037368 ], [ -5.26937, 7.037838 ], [ -5.26936, 7.038326 ], [ -5.269255, 7.039509 ], [ -5.261819, 7.043834 ], [ -5.259379, 7.046773 ], [ -5.258618, 7.047924 ], [ -5.257651, 7.049364 ], [ -5.256684, 7.050803 ], [ -5.256127, 7.051675 ], [ -5.254863, 7.053831 ], [ -5.254386, 7.054745 ], [ -5.253907, 7.055663 ], [ -5.252583, 7.058213 ], [ -5.25126, 7.060762 ], [ -5.249936, 7.063312 ], [ -5.247622, 7.06821 ], [ -5.24725, 7.069154 ], [ -5.246841, 7.070208 ], [ -5.246432, 7.071263 ], [ -5.245901, 7.072633 ], [ -5.24537, 7.074002 ], [ -5.244585, 7.076033 ], [ -5.243799, 7.078064 ], [ -5.243599, 7.078526 ], [ -5.243401, 7.078981 ], [ -5.24327, 7.07926 ], [ -5.243141, 7.079535 ], [ -5.241848, 7.0821 ], [ -5.240556, 7.08466 ], [ -5.240125, 7.085553 ], [ -5.239693, 7.086448 ], [ -5.238659, 7.08845 ], [ -5.237626, 7.090448 ], [ -5.235773, 7.096092 ], [ -5.235316, 7.098074 ], [ -5.235955, 7.105585 ], [ -5.235751, 7.105992 ], [ -5.231723, 7.112721 ], [ -5.231017, 7.114799 ], [ -5.230536, 7.116129 ], [ -5.230056, 7.117456 ], [ -5.229202, 7.11996 ], [ -5.227941, 7.125192 ], [ -5.227789, 7.126859 ], [ -5.227641, 7.128318 ], [ -5.227493, 7.129775 ], [ -5.227289, 7.134926 ], [ -5.231595, 7.140674 ], [ -5.234289, 7.143414 ], [ -5.234636, 7.144049 ], [ -5.23482, 7.144348 ], [ -5.235141, 7.145 ], [ -5.235453, 7.145636 ], [ -5.235644, 7.145996 ], [ -5.235836, 7.146361 ], [ -5.242641, 7.150339 ], [ -5.246238, 7.148399 ], [ -5.249828, 7.146462 ], [ -5.250667, 7.145968 ], [ -5.2515, 7.145477 ], [ -5.251788, 7.145294 ], [ -5.252311, 7.144949 ], [ -5.252547, 7.144787 ], [ -5.253076, 7.144402 ], [ -5.253598, 7.144021 ], [ -5.254953, 7.142926 ], [ -5.256306, 7.141834 ], [ -5.257798, 7.140573 ], [ -5.259288, 7.139313 ], [ -5.259886, 7.138791 ], [ -5.260492, 7.138264 ], [ -5.26073, 7.138077 ], [ -5.26099, 7.137876 ], [ -5.261266, 7.137718 ], [ -5.266117, 7.134362 ], [ -5.271574, 7.132548 ], [ -5.272625, 7.132053 ], [ -5.273853, 7.131416 ], [ -5.274819, 7.130942 ], [ -5.275792, 7.130465 ], [ -5.281993, 7.125107 ], [ -5.282675, 7.123884 ], [ -5.283358, 7.122659 ], [ -5.284304, 7.121009 ], [ -5.285249, 7.119358 ], [ -5.285562, 7.119537 ], [ -5.284616, 7.121188 ], [ -5.28367, 7.122838 ], [ -5.282989, 7.124059 ], [ -5.28177, 7.1263 ], [ -5.281231, 7.127321 ], [ -5.280978, 7.127686 ], [ -5.280736, 7.128033 ], [ -5.280563, 7.128225 ], [ -5.280405, 7.128399 ], [ -5.280181, 7.128569 ], [ -5.279982, 7.128716 ], [ -5.279407, 7.129106 ], [ -5.278837, 7.129493 ], [ -5.277374, 7.130151 ], [ -5.275939, 7.130794 ], [ -5.274978, 7.131265 ], [ -5.273349, 7.132102 ], [ -5.266949, 7.13664 ], [ -5.260123, 7.139063 ], [ -5.256742, 7.147363 ], [ -5.256524, 7.147649 ], [ -5.256295, 7.147546 ], [ -5.250011, 7.146772 ], [ -5.246409, 7.148716 ], [ -5.242812, 7.150656 ], [ -5.242112, 7.151023 ], [ -5.241415, 7.151389 ], [ -5.240671, 7.151765 ], [ -5.239929, 7.152141 ], [ -5.23917, 7.152543 ], [ -5.235076, 7.157427 ], [ -5.233791, 7.165044 ], [ -5.236715, 7.167118 ], [ -5.239637, 7.169191 ], [ -5.241933, 7.170778 ], [ -5.244224, 7.172361 ], [ -5.244456, 7.172511 ], [ -5.245449, 7.173089 ], [ -5.247782, 7.17408 ], [ -5.250107, 7.175068 ], [ -5.250653, 7.175275 ], [ -5.251195, 7.17548 ], [ -5.252337, 7.175883 ], [ -5.253477, 7.176285 ], [ -5.254753, 7.176711 ], [ -5.256027, 7.177136 ], [ -5.257552, 7.177633 ], [ -5.259079, 7.178131 ], [ -5.260286, 7.178542 ], [ -5.261492, 7.178952 ], [ -5.263673, 7.179664 ], [ -5.26585, 7.180373 ], [ -5.268075, 7.181029 ], [ -5.270301, 7.181685 ], [ -5.272526, 7.182341 ], [ -5.274753, 7.182998 ], [ -5.277976, 7.18398 ], [ -5.281204, 7.184964 ], [ -5.281649, 7.185115 ], [ -5.2821, 7.185267 ], [ -5.283918, 7.185947 ], [ -5.285736, 7.186627 ], [ -5.28561, 7.186964 ], [ -5.283792, 7.186284 ], [ -5.281974, 7.185604 ], [ -5.281534, 7.185456 ], [ -5.281089, 7.185306 ], [ -5.277871, 7.184325 ], [ -5.274648, 7.183342 ], [ -5.272424, 7.182686 ], [ -5.270199, 7.182031 ], [ -5.267973, 7.181375 ], [ -5.265748, 7.180719 ], [ -5.263562, 7.180006 ], [ -5.26138, 7.179295 ], [ -5.26017, 7.178883 ], [ -5.258963, 7.178472 ], [ -5.25744, 7.177975 ], [ -5.255915, 7.177478 ], [ -5.254639, 7.177052 ], [ -5.253363, 7.176626 ], [ -5.252218, 7.176222 ], [ -5.251075, 7.175819 ], [ -5.250525, 7.175611 ], [ -5.24998, 7.175405 ], [ -5.247641, 7.174411 ], [ -5.245308, 7.17342 ], [ -5.245124, 7.173325 ], [ -5.244953, 7.173236 ], [ -5.244721, 7.173099 ], [ -5.244499, 7.172967 ], [ -5.24426, 7.172813 ], [ -5.244028, 7.172663 ], [ -5.241728, 7.171074 ], [ -5.239432, 7.169488 ], [ -5.236507, 7.167412 ], [ -5.230893, 7.173723 ], [ -5.23187, 7.176201 ], [ -5.232847, 7.178678 ], [ -5.233824, 7.181156 ], [ -5.234802, 7.183635 ], [ -5.235632, 7.185798 ], [ -5.236461, 7.187959 ], [ -5.236818, 7.188849 ], [ -5.237176, 7.189741 ], [ -5.237742, 7.19123 ], [ -5.238309, 7.19272 ], [ -5.239029, 7.194699 ], [ -5.239754, 7.196692 ], [ -5.239912, 7.197279 ], [ -5.240073, 7.197879 ], [ -5.240115, 7.1981 ], [ -5.240159, 7.198335 ], [ -5.240197, 7.198694 ], [ -5.24021, 7.198989 ], [ -5.240202, 7.199213 ], [ -5.240194, 7.199447 ], [ -5.240167, 7.199755 ], [ -5.24014, 7.200069 ], [ -5.239602, 7.204409 ], [ -5.239064, 7.208748 ], [ -5.242787, 7.216252 ], [ -5.244303, 7.216488 ], [ -5.245658, 7.216366 ], [ -5.246435, 7.216233 ], [ -5.246496, 7.216588 ], [ -5.245718, 7.216721 ], [ -5.24494, 7.216853 ], [ -5.244603, 7.216852 ], [ -5.244298, 7.216848 ], [ -5.237471, 7.222391 ], [ -5.237246, 7.224277 ], [ -5.237021, 7.226162 ], [ -5.236664, 7.22612 ], [ -5.236888, 7.224234 ], [ -5.237113, 7.222348 ], [ -5.237342, 7.220226 ], [ -5.237572, 7.218101 ], [ -5.23771, 7.217047 ], [ -5.237848, 7.215996 ], [ -5.238277, 7.212352 ], [ -5.238707, 7.208706 ], [ -5.239244, 7.204365 ], [ -5.239782, 7.200024 ], [ -5.238691, 7.194822 ], [ -5.23797, 7.192843 ], [ -5.237405, 7.191358 ], [ -5.236839, 7.189869 ], [ -5.236484, 7.188983 ], [ -5.236127, 7.188093 ], [ -5.235296, 7.185927 ], [ -5.234466, 7.183764 ], [ -5.23349, 7.181288 ], [ -5.232513, 7.17881 ], [ -5.231536, 7.176333 ], [ -5.22621, 7.172384 ], [ -5.222269, 7.171851 ], [ -5.219889, 7.170553 ], [ -5.211507, 7.17248 ], [ -5.210042, 7.1782 ], [ -5.209776, 7.178442 ], [ -5.202751, 7.18096 ], [ -5.199758, 7.183864 ], [ -5.196766, 7.186768 ], [ -5.193774, 7.189672 ], [ -5.190781, 7.192576 ], [ -5.19037, 7.192972 ], [ -5.189957, 7.193371 ], [ -5.189702, 7.193605 ], [ -5.189441, 7.193843 ], [ -5.189156, 7.194081 ], [ -5.188987, 7.194201 ], [ -5.18881, 7.194326 ], [ -5.188291, 7.194652 ], [ -5.18777, 7.194978 ], [ -5.18432, 7.197097 ], [ -5.178903, 7.201139 ], [ -5.177344, 7.20277 ], [ -5.174175, 7.210297 ], [ -5.17359, 7.213077 ], [ -5.173005, 7.215857 ], [ -5.172358, 7.218985 ], [ -5.17171, 7.222112 ], [ -5.171063, 7.225239 ], [ -5.170415, 7.228367 ], [ -5.169767, 7.231494 ], [ -5.16912, 7.234621 ], [ -5.168755, 7.236419 ], [ -5.168401, 7.238652 ], [ -5.167718, 7.242768 ], [ -5.167036, 7.246877 ], [ -5.166762, 7.249112 ], [ -5.166489, 7.251347 ], [ -5.166215, 7.253582 ], [ -5.165942, 7.255815 ], [ -5.165566, 7.25913 ], [ -5.165191, 7.262446 ], [ -5.164815, 7.265761 ], [ -5.164438, 7.269089 ], [ -5.168898, 7.275393 ], [ -5.169525, 7.275707 ], [ -5.170381, 7.276119 ], [ -5.170636, 7.276228 ], [ -5.171505, 7.27667 ], [ -5.171825, 7.276812 ], [ -5.171679, 7.277142 ], [ -5.171359, 7.277 ], [ -5.171038, 7.276858 ], [ -5.165973, 7.276497 ], [ -5.161081, 7.280839 ], [ -5.160367, 7.282651 ], [ -5.159487, 7.284439 ], [ -5.158599, 7.286242 ], [ -5.156829, 7.289095 ], [ -5.155046, 7.291964 ], [ -5.153576, 7.293805 ], [ -5.152096, 7.295658 ], [ -5.150905, 7.296914 ], [ -5.14971, 7.298174 ], [ -5.148283, 7.299568 ], [ -5.146841, 7.300975 ], [ -5.142452, 7.304451 ], [ -5.142225, 7.304172 ], [ -5.142543, 7.303912 ], [ -5.142861, 7.303653 ], [ -5.143578, 7.303088 ], [ -5.144292, 7.302525 ], [ -5.145455, 7.301609 ], [ -5.148031, 7.299311 ], [ -5.149458, 7.297917 ], [ -5.150644, 7.296666 ], [ -5.151835, 7.29541 ], [ -5.153295, 7.29358 ], [ -5.154765, 7.291739 ], [ -5.156523, 7.288905 ], [ -5.158293, 7.286053 ], [ -5.159164, 7.28428 ], [ -5.154754, 7.27723 ], [ -5.154474, 7.277178 ], [ -5.154072, 7.277086 ], [ -5.153448, 7.276852 ], [ -5.15282, 7.276617 ], [ -5.152561, 7.276512 ], [ -5.152301, 7.276407 ], [ -5.152436, 7.276074 ], [ -5.152696, 7.276179 ], [ -5.152955, 7.276284 ], [ -5.153574, 7.276515 ], [ -5.155027, 7.276876 ], [ -5.155659, 7.276969 ], [ -5.156268, 7.277061 ], [ -5.16353, 7.271965 ], [ -5.163805, 7.270502 ], [ -5.164084, 7.269022 ], [ -5.164458, 7.26572 ], [ -5.164833, 7.262405 ], [ -5.165209, 7.25909 ], [ -5.165584, 7.255775 ], [ -5.165858, 7.253538 ], [ -5.166131, 7.251303 ], [ -5.166405, 7.249068 ], [ -5.166679, 7.246833 ], [ -5.167363, 7.242709 ], [ -5.168046, 7.238593 ], [ -5.168039, 7.238406 ], [ -5.168034, 7.238186 ], [ -5.168402, 7.236348 ], [ -5.168767, 7.234549 ], [ -5.169415, 7.231421 ], [ -5.170062, 7.228294 ], [ -5.17071, 7.225166 ], [ -5.171358, 7.222039 ], [ -5.172005, 7.218912 ], [ -5.163806, 7.2155 ], [ -5.162401, 7.219517 ], [ -5.162163, 7.220148 ], [ -5.161919, 7.220791 ], [ -5.16095, 7.222856 ], [ -5.159981, 7.224923 ], [ -5.159145, 7.226651 ], [ -5.158309, 7.228379 ], [ -5.157383, 7.230316 ], [ -5.156459, 7.232248 ], [ -5.156261, 7.232699 ], [ -5.156067, 7.233138 ], [ -5.15578, 7.23393 ], [ -5.155494, 7.234719 ], [ -5.154597, 7.237304 ], [ -5.153699, 7.239888 ], [ -5.152802, 7.242472 ], [ -5.151906, 7.245053 ], [ -5.151684, 7.24574 ], [ -5.151452, 7.246448 ], [ -5.151034, 7.247324 ], [ -5.150617, 7.248196 ], [ -5.149783, 7.250029 ], [ -5.148947, 7.251865 ], [ -5.14831, 7.253212 ], [ -5.147672, 7.254562 ], [ -5.147255, 7.255414 ], [ -5.146839, 7.256264 ], [ -5.14624, 7.257513 ], [ -5.145647, 7.258752 ], [ -5.145377, 7.259503 ], [ -5.14522, 7.259979 ], [ -5.144764, 7.261206 ], [ -5.14431, 7.262427 ], [ -5.143934, 7.263548 ], [ -5.143558, 7.264672 ], [ -5.142887, 7.266578 ], [ -5.142216, 7.268483 ], [ -5.141877, 7.268363 ], [ -5.142547, 7.266458 ], [ -5.143218, 7.264553 ], [ -5.143593, 7.263434 ], [ -5.143968, 7.262312 ], [ -5.144426, 7.26108 ], [ -5.144882, 7.259854 ], [ -5.145036, 7.25939 ], [ -5.145191, 7.258921 ], [ -5.145313, 7.258617 ], [ -5.145916, 7.257358 ], [ -5.146514, 7.256108 ], [ -5.146932, 7.255255 ], [ -5.147349, 7.254404 ], [ -5.147985, 7.253059 ], [ -5.14505, 7.244665 ], [ -5.144673, 7.244393 ], [ -5.144302, 7.244125 ], [ -5.143933, 7.243882 ], [ -5.143556, 7.243634 ], [ -5.142403, 7.242768 ], [ -5.141249, 7.241903 ], [ -5.141465, 7.241615 ], [ -5.142619, 7.24248 ], [ -5.143772, 7.243346 ], [ -5.144131, 7.243582 ], [ -5.1445, 7.243824 ], [ -5.152462, 7.242354 ], [ -5.153359, 7.23977 ], [ -5.154256, 7.237186 ], [ -5.155154, 7.234601 ], [ -5.155441, 7.233807 ], [ -5.155728, 7.233016 ], [ -5.155931, 7.232553 ], [ -5.15613, 7.232102 ], [ -5.157058, 7.230161 ], [ -5.157984, 7.228224 ], [ -5.158821, 7.226494 ], [ -5.159657, 7.224766 ], [ -5.160624, 7.222703 ], [ -5.161593, 7.220638 ], [ -5.154995, 7.214989 ], [ -5.15376, 7.215756 ], [ -5.153149, 7.216117 ], [ -5.152543, 7.216475 ], [ -5.15188, 7.216899 ], [ -5.151216, 7.217324 ], [ -5.150554, 7.217735 ], [ -5.149155, 7.218592 ], [ -5.148579, 7.218949 ], [ -5.148005, 7.219305 ], [ -5.147512, 7.219621 ], [ -5.147022, 7.219936 ], [ -5.146319, 7.220401 ], [ -5.145611, 7.220869 ], [ -5.145231, 7.221105 ], [ -5.144855, 7.221338 ], [ -5.144077, 7.221853 ], [ -5.1433, 7.222367 ], [ -5.142354, 7.223006 ], [ -5.141408, 7.223646 ], [ -5.141207, 7.223347 ], [ -5.142152, 7.222708 ], [ -5.143098, 7.222069 ], [ -5.143878, 7.221553 ], [ -5.148784, 7.214423 ], [ -5.156036, 7.213918 ], [ -5.158431, 7.212451 ], [ -5.160825, 7.210984 ], [ -5.162079, 7.210244 ], [ -5.163331, 7.209504 ], [ -5.163835, 7.209198 ], [ -5.164342, 7.20889 ], [ -5.164939, 7.208512 ], [ -5.165539, 7.208134 ], [ -5.167304, 7.207107 ], [ -5.169229, 7.205942 ], [ -5.173204, 7.202863 ], [ -5.174743, 7.20133 ], [ -5.178993, 7.195325 ], [ -5.179526, 7.194423 ], [ -5.180065, 7.193511 ], [ -5.180681, 7.192601 ], [ -5.181302, 7.191684 ], [ -5.182037, 7.190699 ], [ -5.182778, 7.189709 ], [ -5.183117, 7.189291 ], [ -5.183461, 7.188867 ], [ -5.184994, 7.187142 ], [ -5.186526, 7.185418 ], [ -5.188059, 7.183693 ], [ -5.189589, 7.181973 ], [ -5.190217, 7.181227 ], [ -5.190842, 7.180485 ], [ -5.191642, 7.179487 ], [ -5.192435, 7.178496 ], [ -5.188765, 7.170398 ], [ -5.187706, 7.170224 ], [ -5.186642, 7.17005 ], [ -5.186376, 7.169999 ], [ -5.185893, 7.169922 ], [ -5.185656, 7.169894 ], [ -5.183647, 7.169568 ], [ -5.181616, 7.169238 ], [ -5.181026, 7.169068 ], [ -5.180408, 7.168887 ], [ -5.180078, 7.16873 ], [ -5.179708, 7.168547 ], [ -5.179306, 7.168198 ], [ -5.178891, 7.167838 ], [ -5.176807, 7.165665 ], [ -5.174723, 7.163493 ], [ -5.172639, 7.16132 ], [ -5.170543, 7.159135 ], [ -5.170072, 7.158538 ], [ -5.16959, 7.157927 ], [ -5.169298, 7.157476 ], [ -5.16899, 7.156995 ], [ -5.164614, 7.15018 ], [ -5.16487, 7.149927 ], [ -5.166077, 7.151153 ], [ -5.167284, 7.152379 ], [ -5.167552, 7.152796 ], [ -5.167796, 7.153184 ], [ -5.168566, 7.155034 ], [ -5.170825, 7.158911 ], [ -5.172898, 7.161071 ], [ -5.174983, 7.163244 ], [ -5.177067, 7.165416 ], [ -5.183704, 7.169213 ], [ -5.185714, 7.169538 ], [ -5.185936, 7.169565 ], [ -5.186165, 7.169592 ], [ -5.186444, 7.169645 ], [ -5.18671, 7.169696 ], [ -5.187764, 7.169869 ], [ -5.188823, 7.170043 ], [ -5.189836, 7.170228 ], [ -5.190846, 7.170413 ], [ -5.191221, 7.170471 ], [ -5.191601, 7.170529 ], [ -5.191971, 7.170606 ], [ -5.199617, 7.165907 ], [ -5.201075, 7.163005 ], [ -5.202339, 7.160013 ], [ -5.203257, 7.158193 ], [ -5.204174, 7.156372 ], [ -5.204642, 7.15543 ], [ -5.203445, 7.146807 ], [ -5.202913, 7.146224 ], [ -5.20238, 7.145702 ], [ -5.201652, 7.145014 ], [ -5.201454, 7.144843 ], [ -5.200798, 7.144306 ], [ -5.200142, 7.143768 ], [ -5.198845, 7.142705 ], [ -5.197548, 7.141641 ], [ -5.195536, 7.140006 ], [ -5.193524, 7.138371 ], [ -5.191512, 7.136735 ], [ -5.1895, 7.1351 ], [ -5.187572, 7.133543 ], [ -5.180317, 7.130325 ], [ -5.171828, 7.132884 ], [ -5.169378, 7.132467 ], [ -5.168456, 7.132479 ], [ -5.167466, 7.132511 ], [ -5.166477, 7.132543 ], [ -5.166465, 7.132183 ], [ -5.167455, 7.132151 ], [ -5.173363, 7.126972 ], [ -5.170407, 7.119692 ], [ -5.169849, 7.11932 ], [ -5.169573, 7.119147 ], [ -5.16931, 7.118981 ], [ -5.168451, 7.118536 ], [ -5.167601, 7.118095 ], [ -5.167151, 7.117892 ], [ -5.166708, 7.117692 ], [ -5.166316, 7.117536 ], [ -5.165498, 7.117238 ], [ -5.165068, 7.117095 ], [ -5.164105, 7.116812 ], [ -5.163157, 7.116533 ], [ -5.16269, 7.116436 ], [ -5.162228, 7.116341 ], [ -5.16181, 7.116269 ], [ -5.161397, 7.116198 ], [ -5.161124, 7.11616 ], [ -5.160857, 7.116123 ], [ -5.160236, 7.116056 ], [ -5.159624, 7.11599 ], [ -5.15898, 7.115953 ], [ -5.157654, 7.115877 ], [ -5.156379, 7.1158 ], [ -5.1551, 7.115722 ], [ -5.153702, 7.115609 ], [ -5.152304, 7.115495 ], [ -5.150676, 7.115353 ], [ -5.14905, 7.115212 ], [ -5.147533, 7.11509 ], [ -5.146012, 7.114967 ], [ -5.145591, 7.114923 ], [ -5.145174, 7.114879 ], [ -5.14284, 7.114679 ], [ -5.140504, 7.114479 ], [ -5.139511, 7.114381 ], [ -5.138523, 7.114284 ], [ -5.137919, 7.114241 ], [ -5.136767, 7.114191 ], [ -5.135881, 7.114195 ], [ -5.135242, 7.114227 ], [ -5.134376, 7.114308 ], [ -5.133433, 7.114432 ], [ -5.133053, 7.114493 ], [ -5.132467, 7.114603 ], [ -5.125469, 7.119483 ], [ -5.125128, 7.11937 ], [ -5.118471, 7.114659 ], [ -5.117247, 7.114774 ], [ -5.115896, 7.114877 ], [ -5.114544, 7.114979 ], [ -5.114517, 7.11462 ], [ -5.115868, 7.114518 ], [ -5.11722, 7.114415 ], [ -5.123828, 7.109936 ], [ -5.1241, 7.109699 ], [ -5.12456, 7.110227 ], [ -5.12502, 7.110755 ], [ -5.133376, 7.114076 ], [ -5.133761, 7.114014 ], [ -5.134337, 7.113951 ], [ -5.134904, 7.113888 ], [ -5.135219, 7.113868 ], [ -5.135526, 7.113848 ], [ -5.135868, 7.113836 ], [ -5.136206, 7.113824 ], [ -5.136772, 7.113831 ], [ -5.13733, 7.113838 ], [ -5.137944, 7.113882 ], [ -5.138549, 7.113925 ], [ -5.139546, 7.114023 ], [ -5.140539, 7.11412 ], [ -5.142871, 7.11432 ], [ -5.145204, 7.114521 ], [ -5.147562, 7.114731 ], [ -5.149079, 7.114853 ], [ -5.150707, 7.114995 ], [ -5.152335, 7.115136 ], [ -5.153731, 7.11525 ], [ -5.156401, 7.11544 ], [ -5.157676, 7.115518 ], [ -5.159001, 7.115594 ], [ -5.159645, 7.115631 ], [ -5.160275, 7.115698 ], [ -5.160895, 7.115765 ], [ -5.161174, 7.115804 ], [ -5.161447, 7.115841 ], [ -5.161871, 7.115914 ], [ -5.162289, 7.115986 ], [ -5.162762, 7.116083 ], [ -5.16323, 7.11618 ], [ -5.164207, 7.116467 ], [ -5.16517, 7.11675 ], [ -5.165611, 7.116896 ], [ -5.166047, 7.117041 ], [ -5.166449, 7.117201 ], [ -5.166842, 7.117358 ], [ -5.167299, 7.117564 ], [ -5.167749, 7.117767 ], [ -5.168617, 7.118216 ], [ -5.169476, 7.118661 ], [ -5.169765, 7.118842 ], [ -5.17004, 7.119015 ], [ -5.170607, 7.119393 ], [ -5.171169, 7.119769 ], [ -5.171435, 7.119961 ], [ -5.171695, 7.12015 ], [ -5.173096, 7.1213 ], [ -5.174487, 7.122444 ], [ -5.174746, 7.122649 ], [ -5.175008, 7.122855 ], [ -5.176063, 7.123727 ], [ -5.184477, 7.124847 ], [ -5.184759, 7.125071 ], [ -5.187798, 7.133263 ], [ -5.189727, 7.13482 ], [ -5.191739, 7.136456 ], [ -5.193751, 7.138091 ], [ -5.195763, 7.139726 ], [ -5.201643, 7.142628 ], [ -5.210267, 7.144017 ], [ -5.211569, 7.141413 ], [ -5.21287, 7.138809 ], [ -5.214172, 7.136206 ], [ -5.215658, 7.13321 ], [ -5.217144, 7.130215 ], [ -5.21863, 7.127219 ], [ -5.220116, 7.124224 ], [ -5.220518, 7.123367 ], [ -5.221169, 7.1219 ], [ -5.22142, 7.121286 ], [ -5.221649, 7.120699 ], [ -5.222087, 7.119519 ], [ -5.222297, 7.118922 ], [ -5.22253, 7.118191 ], [ -5.222943, 7.116806 ], [ -5.223123, 7.116149 ], [ -5.223376, 7.115107 ], [ -5.22363, 7.114059 ], [ -5.224316, 7.110823 ], [ -5.225002, 7.107582 ], [ -5.225689, 7.104342 ], [ -5.226375, 7.101101 ], [ -5.226982, 7.092199 ], [ -5.227207, 7.091781 ], [ -5.230667, 7.08421 ], [ -5.231108, 7.083026 ], [ -5.231367, 7.082402 ], [ -5.231629, 7.081772 ], [ -5.23301, 7.078777 ], [ -5.234391, 7.075782 ], [ -5.235772, 7.072788 ], [ -5.237153, 7.069793 ], [ -5.238534, 7.066798 ], [ -5.240063, 7.063464 ], [ -5.240214, 7.063117 ], [ -5.241286, 7.060752 ], [ -5.242359, 7.058388 ], [ -5.243434, 7.055995 ], [ -5.244508, 7.053602 ], [ -5.245583, 7.05121 ], [ -5.24677, 7.048563 ], [ -5.247832, 7.046141 ], [ -5.249948, 7.041125 ], [ -5.251003, 7.038526 ], [ -5.252058, 7.035928 ], [ -5.252232420701315, 7.035498478690033 ], [ -5.250531, 7.034803 ], [ -5.252082, 7.031009 ], [ -5.253633, 7.027214 ], [ -5.254473, 7.025031 ], [ -5.255663, 7.022148 ], [ -5.256838, 7.019305 ], [ -5.258235, 7.015341 ], [ -5.258247438335637, 7.0152984208849 ], [ -5.258246, 7.015298 ], [ -5.259057567671668, 7.012525143788468 ], [ -5.259057, 7.012525 ], [ -5.260824, 7.003719 ], [ -5.261205, 7.000597 ], [ -5.261621, 6.997898 ], [ -5.261633951071657, 6.997828176831068 ], [ -5.261633, 6.997828 ], [ -5.262012, 6.99579 ], [ -5.262776, 6.992502 ], [ -5.262816433225721, 6.992367033552291 ], [ -5.262813, 6.992366 ], [ -5.263489, 6.990122 ], [ -5.263599911397327, 6.989817063150709 ], [ -5.263597, 6.989816 ], [ -5.264293095617642, 6.987911298804473 ], [ -5.265052, 6.985832 ], [ -5.265386184575998, 6.984989073201539 ], [ -5.265386, 6.984989 ], [ -5.266574129831861, 6.981992194071942 ], [ -5.267633462057902, 6.975416415539891 ], [ -5.267224263946646, 6.972859871201083 ], [ -5.265537409595155, 6.970319314595717 ], [ -5.261379371202289, 6.967500903956797 ], [ -5.261148, 6.967404 ], [ -5.259018, 6.968489 ], [ -5.257997, 6.968954 ], [ -5.256746, 6.969461 ], [ -5.256387, 6.969579 ], [ -5.255524, 6.969804 ], [ -5.254615, 6.968755 ], [ -5.25448, 6.968404 ], [ -5.254615, 6.966321 ], [ -5.255024, 6.963066 ], [ -5.257048, 6.962356 ], [ -5.259102, 6.962008 ], [ -5.263940642235593, 6.956226363590697 ], [ -5.264403, 6.953477 ], [ -5.264961219694555, 6.9526318934036 ], [ -5.265394, 6.947551 ], [ -5.265788, 6.943973 ], [ -5.271771689778613, 6.941168650037789 ], [ -5.273715, 6.938676 ], [ -5.274314, 6.937837 ], [ -5.274948, 6.937114 ], [ -5.275516, 6.936562 ], [ -5.277466, 6.934618 ], [ -5.279189649111207, 6.932747234355657 ], [ -5.279189, 6.932746 ], [ -5.280415, 6.931355 ], [ -5.282846, 6.928159 ], [ -5.286071, 6.920233 ], [ -5.286351940252356, 6.919832177609424 ], [ -5.286352, 6.919832 ], [ -5.287381, 6.918364 ], [ -5.288308, 6.917179 ], [ -5.289021, 6.916554 ], [ -5.293167, 6.910299 ], [ -5.293827, 6.908394 ], [ -5.294598, 6.906101 ], [ -5.295374, 6.903792 ], [ -5.29144, 6.896594 ], [ -5.290721, 6.894367 ], [ -5.282287, 6.89222 ], [ -5.280508, 6.893464 ], [ -5.277559689614338, 6.893146020729571 ], [ -5.276745, 6.893784 ], [ -5.276582, 6.894226 ], [ -5.274265696715886, 6.893367677900347 ], [ -5.27346, 6.893588 ], [ -5.272641, 6.893756 ], [ -5.272163, 6.893741 ], [ -5.272156910462832, 6.893733308302945 ], [ -5.271937, 6.893723 ], [ -5.265264, 6.894654 ], [ -5.261839, 6.893545 ], [ -5.260641, 6.889167 ], [ -5.258583, 6.886293 ], [ -5.258738, 6.886161 ], [ -5.259174, 6.885869 ], [ -5.26192296349642, 6.881724560284753 ], [ -5.261228155430159, 6.879913112605797 ], [ -5.259993017740044, 6.878518081794278 ], [ -5.259086, 6.877908 ], [ -5.257492, 6.876863 ], [ -5.257076, 6.876607 ], [ -5.256953293454783, 6.876525558566263 ], [ -5.256953, 6.876526 ], [ -5.255949, 6.875859 ], [ -5.255134, 6.875255 ], [ -5.246570693852965, 6.876557103918222 ], [ -5.246526202896296, 6.879954559361579 ], [ -5.246753, 6.882231 ], [ -5.24674649441824, 6.882240438216057 ], [ -5.251593, 6.885948 ], [ -5.251211, 6.889528 ], [ -5.248960297651457, 6.893375047145272 ], [ -5.248905, 6.893667 ], [ -5.248707712473693, 6.893806782193526 ], [ -5.248707, 6.893808 ], [ -5.248236, 6.894141 ], [ -5.247054, 6.894566 ], [ -5.244385, 6.894206 ], [ -5.243160759538657, 6.894319283259027 ], [ -5.241046230226774, 6.895863954227234 ], [ -5.236075510239511, 6.900108564294957 ], [ -5.235974, 6.900699 ], [ -5.232426, 6.900089 ], [ -5.22925475770533, 6.899916625542362 ], [ -5.224313169784612, 6.900735855048686 ], [ -5.223188528416424, 6.901862707666123 ], [ -5.222968, 6.902312 ], [ -5.222031, 6.903313 ], [ -5.219969, 6.906392 ], [ -5.219328278970674, 6.907348267595393 ], [ -5.217865, 6.909533 ], [ -5.214874, 6.907529 ], [ -5.217202, 6.901924 ], [ -5.219199, 6.898929 ], [ -5.216754, 6.891116 ], [ -5.218135, 6.887791 ], [ -5.218929987410767, 6.888122012302027 ], [ -5.21893, 6.888122 ], [ -5.220244, 6.88857 ], [ -5.220805, 6.888786 ], [ -5.225309172296045, 6.8879785243137 ], [ -5.22955, 6.885628 ], [ -5.231992, 6.879144 ], [ -5.229188, 6.871742 ], [ -5.225575369679205, 6.86839599471153 ], [ -5.225454, 6.868361 ], [ -5.221296, 6.868346 ], [ -5.213401, 6.871259 ], [ -5.21306893442623, 6.871795147540984 ], [ -5.213071, 6.871822 ], [ -5.212798, 6.873273 ], [ -5.21256499565958, 6.873540721319509 ], [ -5.212565, 6.873541 ], [ -5.212449, 6.873674 ], [ -5.212443, 6.873681 ], [ -5.212327, 6.873814 ], [ -5.212325843479696, 6.873814511704051 ], [ -5.212092, 6.874081 ], [ -5.21115599360321, 6.874883749911485 ], [ -5.210425, 6.876064 ], [ -5.21002, 6.876609 ], [ -5.209988, 6.876655 ], [ -5.206453, 6.876682 ], [ -5.200767, 6.881955 ], [ -5.196663, 6.885459 ], [ -5.194223, 6.888106 ], [ -5.186626, 6.892838 ], [ -5.185545, 6.894023 ], [ -5.182885, 6.891597 ], [ -5.183967, 6.890412 ], [ -5.184904529349693, 6.889317523344105 ], [ -5.184904, 6.889317 ], [ -5.185998, 6.888041 ], [ -5.189809, 6.880149 ], [ -5.192178, 6.874612 ], [ -5.19428, 6.869962 ], [ -5.196185, 6.866073 ], [ -5.200068, 6.859795 ], [ -5.200848, 6.858897 ], [ -5.200848173611703, 6.858896991676954 ], [ -5.201081, 6.858629 ], [ -5.201081159717802, 6.858628992910978 ], [ -5.201692, 6.857926 ], [ -5.202431995836189, 6.858569036499537 ], [ -5.202568, 6.858563 ], [ -5.210661, 6.859267 ], [ -5.211731, 6.858069 ], [ -5.211215141691679, 6.853681965842741 ], [ -5.207506, 6.849987 ], [ -5.20402, 6.84909 ], [ -5.204113, 6.848726 ], [ -5.204383, 6.848058 ], [ -5.205701, 6.843435 ], [ -5.202446, 6.838084 ], [ -5.202085419041966, 6.83719104042694 ], [ -5.201797, 6.836919 ], [ -5.201703, 6.836244 ], [ -5.201769345850828, 6.835689025923479 ], [ -5.201722, 6.835633 ], [ -5.201851, 6.835006 ], [ -5.201374674435343, 6.831448021591932 ], [ -5.201005, 6.830614 ], [ -5.196630372619483, 6.830042307368259 ], [ -5.19153, 6.831204 ], [ -5.191385, 6.831726 ], [ -5.191384860518866, 6.831725961239604 ], [ -5.191369, 6.831783 ], [ -5.191338870253696, 6.83177462724836 ], [ -5.191184, 6.832237 ], [ -5.190888, 6.83275 ], [ -5.190347, 6.833604 ], [ -5.190293, 6.833632 ], [ -5.188963, 6.833176 ], [ -5.187557, 6.832056 ], [ -5.182841, 6.828336 ], [ -5.179317, 6.827601 ], [ -5.174334, 6.826266 ], [ -5.171267, 6.824381 ], [ -5.171091, 6.821507 ], [ -5.16523448461283, 6.814785556183616 ], [ -5.164806, 6.814634 ], [ -5.164806105622512, 6.814633701761391 ], [ -5.164287, 6.81445 ], [ -5.16428703330665, 6.814449905954433 ], [ -5.163906, 6.814315 ], [ -5.163906142842753, 6.814314596665305 ], [ -5.161793, 6.813566 ], [ -5.160674, 6.813164 ], [ -5.158072, 6.812272 ], [ -5.158072203459763, 6.812271406183417 ], [ -5.157832, 6.812189 ], [ -5.155556, 6.811374 ], [ -5.15677, 6.807985 ], [ -5.163499, 6.809477 ], [ -5.169869, 6.812608 ], [ -5.171022, 6.812994 ], [ -5.173546720312953, 6.813891833687241 ], [ -5.173547, 6.813891 ], [ -5.174276, 6.814136 ], [ -5.175609, 6.814648 ], [ -5.177071, 6.815154 ], [ -5.179092, 6.815898 ], [ -5.188036, 6.816394 ], [ -5.188376, 6.816417 ], [ -5.189068, 6.816586 ], [ -5.189558, 6.816798 ], [ -5.190352987493593, 6.817666975665562 ], [ -5.190784, 6.817675 ], [ -5.191391, 6.817758 ], [ -5.191596, 6.817924 ], [ -5.19169757402234, 6.818016179893107 ], [ -5.191702, 6.818016 ], [ -5.191858, 6.818049 ], [ -5.192355883592604, 6.818274432415798 ], [ -5.192417, 6.818273 ], [ -5.192631, 6.818399 ], [ -5.194248493906718, 6.818928505334284 ], [ -5.197444152878154, 6.819443021274952 ], [ -5.198877663282626, 6.816702890986199 ], [ -5.198247, 6.811416 ], [ -5.198247076933789, 6.81141561182909 ], [ -5.196283168191399, 6.810628270145144 ], [ -5.194535, 6.810219 ], [ -5.193891, 6.806677 ], [ -5.19452, 6.806563 ], [ -5.195738, 6.806701 ], [ -5.195866482901741, 6.806739710096545 ], [ -5.195867, 6.806738 ], [ -5.201527, 6.800902 ], [ -5.20317867530168, 6.799567742964117 ], [ -5.206621376193008, 6.796606067270944 ], [ -5.206112, 6.793717 ], [ -5.206024, 6.793453 ], [ -5.207817, 6.785351 ], [ -5.208009, 6.78371 ], [ -5.208352, 6.782453 ], [ -5.207781, 6.773992 ], [ -5.207762, 6.773588 ], [ -5.20598726648073, 6.76756271744753 ], [ -5.205853522924657, 6.76723984113059 ], [ -5.203402, 6.764714 ], [ -5.205328, 6.759911 ], [ -5.20577, 6.758047 ], [ -5.205895, 6.757566 ], [ -5.210126, 6.754095 ], [ -5.209494, 6.748472 ], [ -5.20696, 6.74596 ], [ -5.204391, 6.743411 ], [ -5.195887, 6.741744 ], [ -5.194145, 6.738768 ], [ -5.194102439689236, 6.738672772370808 ], [ -5.194089457934708, 6.738650430776106 ], [ -5.192632, 6.738366 ], [ -5.190706, 6.735324 ], [ -5.190723106483314, 6.735313168183926 ], [ -5.190723, 6.735313 ], [ -5.191453, 6.734851 ], [ -5.192405089989226, 6.733921370849314 ], [ -5.190872243498444, 6.726802004599841 ], [ -5.189952, 6.725133 ], [ -5.189306, 6.724743 ], [ -5.188745, 6.724274 ], [ -5.183287, 6.719894 ], [ -5.178226330578097, 6.718661443481146 ], [ -5.176397052027088, 6.718929574502779 ], [ -5.170079, 6.72164 ], [ -5.169481, 6.722565 ], [ -5.1694777541011, 6.722562903690294 ], [ -5.169393, 6.722693 ], [ -5.168926, 6.723298 ], [ -5.168539, 6.723729 ], [ -5.167915, 6.724346 ], [ -5.167195, 6.725117 ], [ -5.164408, 6.722838 ], [ -5.164892, 6.722246 ], [ -5.165524, 6.721655 ], [ -5.167361, 6.719058 ], [ -5.166749639190993, 6.712643099262428 ], [ -5.16312, 6.707189 ], [ -5.162641, 6.706797 ], [ -5.162146, 6.706323 ], [ -5.161388, 6.705552 ], [ -5.160975, 6.705097 ], [ -5.160616, 6.704658 ], [ -5.158692, 6.701879 ], [ -5.158271, 6.70119 ], [ -5.157964, 6.700519 ], [ -5.157735, 6.699778 ], [ -5.157741869364423, 6.699775872055524 ], [ -5.157689, 6.699599 ], [ -5.157564, 6.698981 ], [ -5.157162, 6.696776 ], [ -5.154523, 6.689615 ], [ -5.15765, 6.68783 ], [ -5.163292, 6.68104 ], [ -5.161857, 6.678991 ], [ -5.160693, 6.677075 ], [ -5.159954548389325, 6.675858838713347 ], [ -5.159952647576614, 6.675855709250315 ], [ -5.159385, 6.674922 ], [ -5.158302, 6.673121 ], [ -5.157227, 6.671334 ], [ -5.156334, 6.669873 ], [ -5.155373, 6.668445 ], [ -5.154442, 6.667191 ], [ -5.153049, 6.665452 ], [ -5.153050393638921, 6.665450884493927 ], [ -5.153031, 6.665428 ], [ -5.152315398870079, 6.664620730956741 ], [ -5.152203, 6.664723 ], [ -5.148687, 6.662074 ], [ -5.142981, 6.65534 ], [ -5.139861, 6.65319 ], [ -5.137266, 6.651851 ], [ -5.134991, 6.650885 ], [ -5.132643, 6.649888 ], [ -5.131397, 6.649286 ] ] ], [ [ [ -4.815832, 6.613586 ], [ -4.813589, 6.617017 ], [ -4.81313, 6.617648 ], [ -4.812676, 6.618272 ], [ -4.811459, 6.619677 ], [ -4.810251, 6.621071 ], [ -4.808097, 6.623517 ], [ -4.805943, 6.625962 ], [ -4.805754, 6.626155 ], [ -4.805571, 6.626339 ], [ -4.805389, 6.626501 ], [ -4.805216, 6.626655 ], [ -4.804238, 6.627483 ], [ -4.803264, 6.628307 ], [ -4.802301, 6.629137 ], [ -4.801337, 6.629968 ], [ -4.799462, 6.631537 ], [ -4.79759, 6.633105 ], [ -4.797149, 6.633398 ], [ -4.796725, 6.63368 ], [ -4.79646, 6.633825 ], [ -4.796209, 6.633962 ], [ -4.795956, 6.634081 ], [ -4.795713, 6.634194 ], [ -4.795416, 6.634314 ], [ -4.794826, 6.634519 ], [ -4.794244, 6.634722 ], [ -4.790356, 6.636006 ], [ -4.786471, 6.637288 ], [ -4.788948, 6.645929 ], [ -4.789321, 6.646028 ], [ -4.789712, 6.646134 ], [ -4.789991, 6.646242 ], [ -4.790288, 6.646358 ], [ -4.790524, 6.646481 ], [ -4.791155, 6.646869 ], [ -4.79179, 6.64726 ], [ -4.792241, 6.647556 ], [ -4.792921, 6.647981 ], [ -4.793358, 6.648219 ], [ -4.794312, 6.648645 ], [ -4.795081, 6.648974 ], [ -4.79545, 6.649149 ], [ -4.795822, 6.649325 ], [ -4.796318, 6.649574 ], [ -4.80011, 6.650543 ], [ -4.801056, 6.650621 ], [ -4.801471536277615, 6.650655700315458 ], [ -4.801914, 6.650692 ], [ -4.801913946119507, 6.650692644769896 ], [ -4.802014, 6.650701 ], [ -4.802938, 6.650834 ], [ -4.803861, 6.650967 ], [ -4.80381, 6.651324 ], [ -4.802886, 6.651191 ], [ -4.801027, 6.65098 ], [ -4.79941, 6.650865 ], [ -4.798736, 6.650827 ], [ -4.798713220464981, 6.650823572990307 ], [ -4.798713, 6.650825 ], [ -4.798563264317172, 6.650801013215858 ], [ -4.79851, 6.650793 ], [ -4.798302, 6.65076 ], [ -4.797975, 6.650676 ], [ -4.797665, 6.650595 ], [ -4.797378, 6.650487 ], [ -4.797011, 6.650314 ], [ -4.796657, 6.650147 ], [ -4.796157, 6.649896 ], [ -4.795296, 6.649474 ], [ -4.79417, 6.648976 ], [ -4.793406, 6.648649 ], [ -4.793192, 6.648538 ], [ -4.79299, 6.648434 ], [ -4.792744, 6.648295 ], [ -4.792504, 6.648159 ], [ -4.78722, 6.645865 ], [ -4.783859, 6.645234 ], [ -4.783203, 6.645187 ], [ -4.782869, 6.645108 ], [ -4.778612, 6.644781 ], [ -4.773317, 6.647448 ], [ -4.770916, 6.649656 ], [ -4.768522, 6.651856 ], [ -4.766435, 6.653819 ], [ -4.764346, 6.655782 ], [ -4.763972, 6.656113 ], [ -4.763602, 6.65644 ], [ -4.763326, 6.656654 ], [ -4.763122, 6.656788 ], [ -4.76293, 6.656913 ], [ -4.762747, 6.657007 ], [ -4.76258, 6.657093 ], [ -4.762327, 6.657189 ], [ -4.762093, 6.657277 ], [ -4.761809, 6.657346 ], [ -4.761545, 6.65741 ], [ -4.761337, 6.657445 ], [ -4.761142, 6.657479 ], [ -4.760829, 6.657514 ], [ -4.759999, 6.657482 ], [ -4.759196, 6.657449 ], [ -4.756706, 6.657313 ], [ -4.754219, 6.657176 ], [ -4.751786, 6.657051 ], [ -4.7498, 6.656952 ], [ -4.747263, 6.6568 ], [ -4.744529, 6.664992 ], [ -4.745356, 6.665696 ], [ -4.746306, 6.666487 ], [ -4.74726, 6.66728 ], [ -4.747684, 6.667651 ], [ -4.748114, 6.668027 ], [ -4.748313, 6.668215 ], [ -4.74853, 6.668423 ], [ -4.748768, 6.668732 ], [ -4.748862, 6.668921 ], [ -4.748963, 6.669122 ], [ -4.749739, 6.671043 ], [ -4.750514, 6.672961 ], [ -4.751208, 6.67461 ], [ -4.7519, 6.676251 ], [ -4.752849, 6.678252 ], [ -4.754355, 6.680996 ], [ -4.754482, 6.681194 ], [ -4.754614, 6.681399 ], [ -4.754798, 6.681716 ], [ -4.75499, 6.682047 ], [ -4.755327, 6.682767 ], [ -4.755671, 6.683505 ], [ -4.755769, 6.683801 ], [ -4.759256, 6.691921 ], [ -4.760173, 6.693411 ], [ -4.760234432474809, 6.69351088639034 ], [ -4.761526, 6.695554 ], [ -4.762124, 6.696418 ], [ -4.762354, 6.696737 ], [ -4.76266, 6.697272 ], [ -4.762977, 6.697831 ], [ -4.763465, 6.699066 ], [ -4.763952, 6.700301 ], [ -4.763618, 6.700433 ], [ -4.760808, 6.696962 ], [ -4.760626, 6.696652 ], [ -4.758292, 6.691095 ], [ -4.758137, 6.690833 ], [ -4.757987, 6.690577 ], [ -4.757449, 6.689455 ], [ -4.756673, 6.687898 ], [ -4.756424, 6.687441 ], [ -4.756312, 6.687215 ], [ -4.756203, 6.686996 ], [ -4.756114, 6.686764 ], [ -4.756032, 6.686548 ], [ -4.753632, 6.680706 ], [ -4.753476, 6.680415 ], [ -4.752523, 6.678407 ], [ -4.751575, 6.676406 ], [ -4.750877, 6.67475 ], [ -4.750182, 6.673101 ], [ -4.749405, 6.671178 ], [ -4.742092, 6.668035 ], [ -4.741733, 6.668011 ], [ -4.737466, 6.663666 ], [ -4.732921, 6.663167 ], [ -4.732693, 6.662488 ], [ -4.732047, 6.661195 ], [ -4.724024, 6.660063 ], [ -4.722255, 6.662326 ], [ -4.720485, 6.66459 ], [ -4.720021, 6.665171 ], [ -4.719543, 6.665768 ], [ -4.719253, 6.666051 ], [ -4.718946, 6.666348 ], [ -4.718517, 6.666671 ], [ -4.718067, 6.667007 ], [ -4.717729, 6.667196 ], [ -4.717391, 6.667386 ], [ -4.716500551870129, 6.668762539163867 ], [ -4.713348, 6.675691 ], [ -4.713338, 6.679686 ], [ -4.713587, 6.681125 ], [ -4.714588, 6.685715 ], [ -4.715532, 6.688613 ], [ -4.716482, 6.691539 ], [ -4.716579, 6.692146 ], [ -4.716876, 6.693559 ], [ -4.717062, 6.694512 ], [ -4.716794, 6.694981 ], [ -4.716471, 6.695509 ], [ -4.712354, 6.703227 ], [ -4.71213, 6.705992 ], [ -4.710479, 6.714706 ], [ -4.710503, 6.71498 ], [ -4.710528, 6.715266 ], [ -4.710532, 6.715485 ], [ -4.710498, 6.715755 ], [ -4.710464, 6.716025 ], [ -4.710107, 6.715981 ], [ -4.708872, 6.713415 ], [ -4.70966, 6.710754 ], [ -4.709673194482603, 6.710705327019733 ], [ -4.709672, 6.710705 ], [ -4.709797465753385, 6.710246904109734 ], [ -4.70984, 6.71009 ], [ -4.710016, 6.709448 ], [ -4.710118, 6.709164 ], [ -4.710216, 6.708893 ], [ -4.712198, 6.700504 ], [ -4.712843, 6.698812 ], [ -4.713476, 6.697171 ], [ -4.715189, 6.688725 ], [ -4.71323, 6.684696 ], [ -4.713053, 6.684347 ], [ -4.712903, 6.684038 ], [ -4.713058, 6.68251 ], [ -4.712984, 6.679749 ], [ -4.712737, 6.678364 ], [ -4.712863, 6.676986 ], [ -4.712701, 6.674155 ], [ -4.7067, 6.667978 ], [ -4.701312, 6.66747 ], [ -4.693216, 6.669592 ], [ -4.692992, 6.66931 ], [ -4.689171, 6.662315 ], [ -4.683266, 6.662624 ], [ -4.6828, 6.662915 ], [ -4.682576, 6.663063 ], [ -4.681906, 6.663536 ], [ -4.681237, 6.664009 ], [ -4.680404, 6.66461 ], [ -4.679563, 6.665217 ], [ -4.679157, 6.66548 ], [ -4.676987, 6.667034 ], [ -4.674324, 6.668916 ], [ -4.670274, 6.671579 ], [ -4.668417, 6.673064 ], [ -4.668102, 6.673336 ], [ -4.662716, 6.67924 ], [ -4.660996, 6.681762 ], [ -4.659277, 6.684284 ], [ -4.657557, 6.686806 ], [ -4.655584, 6.694462 ], [ -4.655971, 6.696723 ], [ -4.656113, 6.697227 ], [ -4.656289, 6.697778 ], [ -4.656468, 6.698345 ], [ -4.656526, 6.698614 ], [ -4.660108, 6.706248 ], [ -4.660323, 6.70653 ], [ -4.660463, 6.706761 ], [ -4.66061, 6.707004 ], [ -4.662443, 6.709898 ], [ -4.66253, 6.710069 ], [ -4.665736, 6.715429 ], [ -4.665907, 6.715656 ], [ -4.666064, 6.715896 ], [ -4.666432, 6.716513 ], [ -4.66723, 6.71775 ], [ -4.667664, 6.718379 ], [ -4.667368, 6.718584 ], [ -4.666933, 6.717955 ], [ -4.666499, 6.717325 ], [ -4.666123, 6.716698 ], [ -4.664919, 6.715055 ], [ -4.664505, 6.714536 ], [ -4.664097, 6.714024 ], [ -4.663643, 6.713367 ], [ -4.663197, 6.71272 ], [ -4.66302, 6.712399 ], [ -4.662877, 6.71208 ], [ -4.662743, 6.711734 ], [ -4.662611, 6.711396 ], [ -4.661199, 6.70897 ], [ -4.661185080808445, 6.708949283063732 ], [ -4.661184, 6.70895 ], [ -4.661069, 6.708778 ], [ -4.660955, 6.708605 ], [ -4.660803, 6.708292 ], [ -4.660686, 6.708004 ], [ -4.660435, 6.707454 ], [ -4.659346, 6.705935 ], [ -4.65886, 6.705392 ], [ -4.658472, 6.704924 ], [ -4.649807, 6.706482 ], [ -4.649604, 6.706972 ], [ -4.649394, 6.707478 ], [ -4.649188, 6.707863 ], [ -4.648972, 6.708265 ], [ -4.648657, 6.708723 ], [ -4.648333, 6.709194 ], [ -4.648131, 6.709436 ], [ -4.647923, 6.709684 ], [ -4.646935, 6.710754 ], [ -4.645945, 6.711825 ], [ -4.643645, 6.71425 ], [ -4.641345, 6.716675 ], [ -4.639751, 6.718375 ], [ -4.638156, 6.720075 ], [ -4.636562, 6.721775 ], [ -4.636801, 6.729337 ], [ -4.637017, 6.729626 ], [ -4.637246, 6.729934 ], [ -4.637735, 6.730808 ], [ -4.639837, 6.733371 ], [ -4.640272, 6.733753 ], [ -4.640034, 6.734024 ], [ -4.639599, 6.733642 ], [ -4.639164, 6.73326 ], [ -4.638847, 6.73294 ], [ -4.638538, 6.732629 ], [ -4.638361, 6.732406 ], [ -4.638066, 6.732045 ], [ -4.63793, 6.731886 ], [ -4.63742, 6.730983 ], [ -4.636932, 6.73011 ], [ -4.628194, 6.731805 ], [ -4.627988, 6.733006 ], [ -4.627022, 6.734744 ], [ -4.626896, 6.735056 ], [ -4.623573, 6.738568 ], [ -4.623041, 6.73942 ], [ -4.62231, 6.740623 ], [ -4.621567, 6.741843 ], [ -4.621241, 6.74226 ], [ -4.620907, 6.742685 ], [ -4.620654, 6.74297 ], [ -4.620391, 6.743264 ], [ -4.620209, 6.743441 ], [ -4.620026, 6.743617 ], [ -4.619776, 6.743358 ], [ -4.622733, 6.739233 ], [ -4.623268, 6.738377 ], [ -4.623801, 6.737524 ], [ -4.625076, 6.735246 ], [ -4.626355, 6.732961 ], [ -4.627149, 6.731565 ], [ -4.627286, 6.731342 ], [ -4.627497, 6.731033 ], [ -4.627703, 6.730731 ], [ -4.627829, 6.730573 ], [ -4.627947, 6.730426 ], [ -4.630449, 6.727747 ], [ -4.629056, 6.718961 ], [ -4.6285, 6.718805 ], [ -4.628597, 6.718459 ], [ -4.634711, 6.712549 ], [ -4.635008, 6.70802 ], [ -4.63493, 6.707587 ], [ -4.634911, 6.707355 ], [ -4.634892, 6.707115 ], [ -4.634699, 6.70563 ], [ -4.635053, 6.705564 ], [ -4.63513, 6.70598 ], [ -4.635208, 6.706396 ], [ -4.63524, 6.706687 ], [ -4.635246, 6.706903 ], [ -4.635362, 6.707955 ], [ -4.635438, 6.708371 ], [ -4.635513, 6.708944 ], [ -4.635587, 6.709509 ], [ -4.635617, 6.709886 ], [ -4.641737097723538, 6.713130455617796 ], [ -4.645683, 6.711577 ], [ -4.64667, 6.710509 ], [ -4.650403, 6.702391 ], [ -4.651207, 6.698848 ], [ -4.65149, 6.697636 ], [ -4.651773, 6.696425 ], [ -4.652051, 6.695393 ], [ -4.652327, 6.694366 ], [ -4.652408, 6.694146 ], [ -4.652483, 6.693943 ], [ -4.652753, 6.693392 ], [ -4.653015, 6.692857 ], [ -4.653423, 6.692243 ], [ -4.65382, 6.691649 ], [ -4.65554, 6.689125 ], [ -4.65726, 6.686603 ], [ -4.658979, 6.684081 ], [ -4.652498, 6.677893 ], [ -4.652122, 6.678106 ], [ -4.651738, 6.678325 ], [ -4.651351, 6.678516 ], [ -4.650968, 6.678705 ], [ -4.650699, 6.678847 ], [ -4.65026, 6.679106 ], [ -4.650078, 6.679229 ], [ -4.649246, 6.679837 ], [ -4.648412, 6.680446 ], [ -4.647897, 6.680807 ], [ -4.647379, 6.68117 ], [ -4.64719, 6.681296 ], [ -4.64699, 6.68143 ], [ -4.646366, 6.681846 ], [ -4.645824, 6.682218 ], [ -4.645505, 6.682452 ], [ -4.64511, 6.682708 ], [ -4.644477, 6.683142 ], [ -4.644217, 6.683334 ], [ -4.643917, 6.683522 ], [ -4.64362, 6.683707 ], [ -4.64293, 6.684165 ], [ -4.642243, 6.68462 ], [ -4.641968, 6.684815 ], [ -4.641698, 6.685006 ], [ -4.640995, 6.68554 ], [ -4.640292, 6.686075 ], [ -4.640291634019292, 6.686074518181361 ], [ -4.640291, 6.686075 ], [ -4.640073, 6.685789 ], [ -4.645624, 6.678754 ], [ -4.645776, 6.678559 ], [ -4.65232, 6.67758 ], [ -4.652842, 6.677329 ], [ -4.653354, 6.677084 ], [ -4.65364, 6.676958 ], [ -4.65392, 6.676836 ], [ -4.654506, 6.676563 ], [ -4.655096, 6.676289 ], [ -4.655374, 6.676174 ], [ -4.655587, 6.676099 ], [ -4.655785, 6.676046 ], [ -4.65597, 6.675996 ], [ -4.656229, 6.67595 ], [ -4.656473, 6.675907 ], [ -4.65735, 6.675804 ], [ -4.658217, 6.675703 ], [ -4.658517, 6.675654 ], [ -4.658825, 6.675604 ], [ -4.66297, 6.667634 ], [ -4.662315, 6.665649 ], [ -4.661642, 6.663006 ], [ -4.658605, 6.656746 ], [ -4.65773, 6.655969 ], [ -4.657445, 6.655727 ], [ -4.657159, 6.655482 ], [ -4.648812, 6.653856 ], [ -4.646751, 6.655294 ], [ -4.645437, 6.656189 ], [ -4.64411, 6.657092 ], [ -4.643838, 6.657248 ], [ -4.643659, 6.656935 ], [ -4.643932, 6.656779 ], [ -4.645234, 6.655892 ], [ -4.646549, 6.654997 ], [ -4.647768, 6.647205 ], [ -4.645398, 6.644823 ], [ -4.643029, 6.642441 ], [ -4.640267, 6.639685 ], [ -4.637507, 6.63693 ], [ -4.630748, 6.632844 ], [ -4.628356, 6.632091 ], [ -4.622960861553631, 6.632734893029559 ], [ -4.619614, 6.634289 ], [ -4.618767, 6.635035 ], [ -4.615531, 6.640348 ], [ -4.615172, 6.640372 ], [ -4.614923, 6.639267 ], [ -4.614897, 6.639034 ], [ -4.614893, 6.638724 ], [ -4.614891, 6.638431 ], [ -4.614909, 6.63822 ], [ -4.614926, 6.638027 ], [ -4.614971, 6.633517 ], [ -4.613533, 6.629777 ], [ -4.60859, 6.625613 ], [ -4.606336, 6.624781 ], [ -4.604082, 6.623949 ], [ -4.601827, 6.623117 ], [ -4.599908, 6.622398 ], [ -4.59799, 6.621679 ], [ -4.596917, 6.621287 ], [ -4.592532, 6.620081 ], [ -4.592592, 6.619726 ], [ -4.594238, 6.619768 ], [ -4.595115, 6.620075 ], [ -4.595992, 6.620382 ], [ -4.5965, 6.620583 ], [ -4.597825, 6.62108 ], [ -4.597944, 6.621135 ], [ -4.601953, 6.62278 ], [ -4.604207, 6.623612 ], [ -4.606461, 6.624443 ], [ -4.608715, 6.625275 ], [ -4.610969, 6.626106 ], [ -4.611993986165023, 6.626466310276333 ], [ -4.612768, 6.626738 ], [ -4.614049, 6.627188 ], [ -4.614428, 6.627309 ], [ -4.614812, 6.627431 ], [ -4.616548, 6.628017 ], [ -4.617426438214715, 6.628388495623754 ], [ -4.618491867605692, 6.628674858516177 ], [ -4.626448500032526, 6.626536196806543 ], [ -4.627005, 6.626324 ], [ -4.627294, 6.62607 ], [ -4.627592, 6.625807 ], [ -4.62838, 6.625081 ], [ -4.628885, 6.624587 ], [ -4.629393, 6.62409 ], [ -4.630548, 6.622999 ], [ -4.631704, 6.621907 ], [ -4.633453, 6.620289 ], [ -4.635202, 6.61867 ], [ -4.635447, 6.618935 ], [ -4.633698, 6.620553 ], [ -4.631949, 6.622171 ], [ -4.630795, 6.623261 ], [ -4.62964, 6.624352 ], [ -4.631431828268176, 6.631764213888117 ], [ -4.632491, 6.633031 ], [ -4.634291, 6.633621 ], [ -4.634601, 6.633795 ], [ -4.635387, 6.634207 ], [ -4.637759, 6.636673 ], [ -4.640522, 6.63943 ], [ -4.643283, 6.642187 ], [ -4.645653, 6.644569 ], [ -4.648023, 6.646951 ], [ -4.649371, 6.648153 ], [ -4.650727, 6.649362 ], [ -4.6515, 6.650039 ], [ -4.652273, 6.650717 ], [ -4.654835, 6.652965 ], [ -4.657397, 6.655212 ], [ -4.657679, 6.655453 ], [ -4.657963, 6.655695 ], [ -4.658844, 6.656477 ], [ -4.659723, 6.657256 ], [ -4.660239, 6.657654 ], [ -4.661576, 6.658519 ], [ -4.662409, 6.658992 ], [ -4.662893, 6.659253 ], [ -4.663381, 6.659515 ], [ -4.665977, 6.660964 ], [ -4.66761, 6.661888 ], [ -4.669672, 6.66304 ], [ -4.671734, 6.664192 ], [ -4.672678, 6.664698 ], [ -4.673625, 6.665206 ], [ -4.681784, 6.662207 ], [ -4.683097, 6.660988 ], [ -4.685778, 6.661185 ], [ -4.686852, 6.652371 ], [ -4.686417, 6.652154 ], [ -4.686242, 6.652057 ], [ -4.686057, 6.651954 ], [ -4.685847, 6.651819 ], [ -4.685626, 6.651676 ], [ -4.685385, 6.651492 ], [ -4.681037, 6.649971 ], [ -4.680074, 6.649403 ], [ -4.681829, 6.646676 ], [ -4.682111, 6.646451 ], [ -4.682505, 6.646857 ], [ -4.68258, 6.647022 ], [ -4.684678, 6.649798 ], [ -4.684866, 6.650002 ], [ -4.687704, 6.652379 ], [ -4.688081, 6.65258 ], [ -4.692159, 6.653168 ], [ -4.696758, 6.646534 ], [ -4.696797, 6.646182 ], [ -4.696879, 6.645632 ], [ -4.697023, 6.644615 ], [ -4.698293, 6.640073 ], [ -4.698315, 6.639532 ], [ -4.698331, 6.638963 ], [ -4.698501, 6.637934 ], [ -4.698797, 6.637437 ], [ -4.699666, 6.636756 ], [ -4.701468, 6.63704 ], [ -4.703952, 6.637621 ], [ -4.706276, 6.638194 ], [ -4.707747, 6.638561 ], [ -4.71277, 6.642446 ], [ -4.714695, 6.644295 ], [ -4.715662, 6.646455 ], [ -4.717891, 6.650022 ], [ -4.718958, 6.651823 ], [ -4.719205, 6.652221 ], [ -4.727792, 6.653509 ], [ -4.728255, 6.652999 ], [ -4.728656, 6.652591 ], [ -4.729081, 6.652163 ], [ -4.729385, 6.65195 ], [ -4.729707, 6.651725 ], [ -4.730026, 6.651555 ], [ -4.730381, 6.651372 ], [ -4.730659, 6.651295 ], [ -4.730955, 6.651213 ], [ -4.732194, 6.65096 ], [ -4.733288, 6.650947 ], [ -4.734292, 6.650955 ], [ -4.736351, 6.650927 ], [ -4.737413, 6.650891 ], [ -4.739616, 6.653458 ], [ -4.747285, 6.656441 ], [ -4.749818, 6.656593 ], [ -4.751804, 6.656692 ], [ -4.754239, 6.656817 ], [ -4.75942, 6.651156 ], [ -4.759468, 6.650951 ], [ -4.759591, 6.650347 ], [ -4.759668, 6.649941 ], [ -4.760022, 6.650007 ], [ -4.768278, 6.651591 ], [ -4.770672, 6.649391 ], [ -4.773059, 6.647197 ], [ -4.773514, 6.646731 ], [ -4.774643, 6.645465 ], [ -4.775326, 6.644657 ], [ -4.776002, 6.643856 ], [ -4.776685, 6.643048 ], [ -4.776973, 6.642743 ], [ -4.777267, 6.642432 ], [ -4.777422, 6.642285 ], [ -4.777585, 6.64213 ], [ -4.777745, 6.641995 ], [ -4.777912, 6.641855 ], [ -4.778199, 6.641638 ], [ -4.778495, 6.641416 ], [ -4.778659, 6.641306 ], [ -4.778832, 6.64119 ], [ -4.779658, 6.640711 ], [ -4.780486, 6.640231 ], [ -4.781112, 6.639877 ], [ -4.781736, 6.639525 ], [ -4.783233, 6.638654 ], [ -4.785227, 6.6375 ], [ -4.785482, 6.637347 ], [ -4.78569, 6.637238 ], [ -4.785915, 6.637121 ], [ -4.786132, 6.637035 ], [ -4.786358, 6.636946 ], [ -4.790243, 6.635664 ], [ -4.794125, 6.634382 ], [ -4.799231, 6.631261 ], [ -4.801102, 6.629696 ], [ -4.802066, 6.628864 ], [ -4.803031, 6.628032 ], [ -4.807827, 6.623279 ], [ -4.809979, 6.620835 ], [ -4.813467950115997, 6.616187015521756 ], [ -4.815595, 6.608705 ], [ -4.815756, 6.608383 ], [ -4.821112, 6.60525 ], [ -4.821375, 6.605496 ], [ -4.818075, 6.610155 ], [ -4.818027951166179, 6.610226968144825 ], [ -4.818028, 6.610227 ], [ -4.817738855586572, 6.610669182560176 ], [ -4.815832, 6.613586 ] ] ], [ [ [ -6.703744, 6.519087 ], [ -6.703033, 6.518998 ], [ -6.70233, 6.518855 ], [ -6.701804, 6.51872 ], [ -6.701097, 6.518491 ], [ -6.700432, 6.51823 ], [ -6.697806, 6.517103 ], [ -6.691473, 6.521358 ], [ -6.691315, 6.521859 ], [ -6.691008, 6.522401 ], [ -6.690625, 6.522884 ], [ -6.688023987181212, 6.5208172143618 ], [ -6.687929, 6.520811 ], [ -6.687897574228153, 6.520716765615844 ], [ -6.687806, 6.520644 ], [ -6.687197, 6.518616 ], [ -6.687022, 6.518038 ], [ -6.686967, 6.517567 ], [ -6.681289, 6.510703 ], [ -6.680796, 6.510513 ], [ -6.680322, 6.510298 ], [ -6.679785, 6.510033 ], [ -6.679324, 6.509776 ], [ -6.678871, 6.509491 ], [ -6.678432, 6.509174 ], [ -6.677942, 6.508781 ], [ -6.677325, 6.508231 ], [ -6.675614, 6.506594 ], [ -6.667273, 6.505065 ], [ -6.662002, 6.503248 ], [ -6.66137, 6.503025 ], [ -6.660756, 6.502749 ], [ -6.660148, 6.502402 ], [ -6.659114, 6.501594 ], [ -6.651619, 6.498759 ], [ -6.649508, 6.498849 ], [ -6.648656, 6.498824 ], [ -6.647432, 6.498723 ], [ -6.646394, 6.498587 ], [ -6.645363, 6.498394 ], [ -6.642324, 6.497696 ], [ -6.639352, 6.497013 ], [ -6.636607, 6.496408 ], [ -6.635318, 6.496151 ], [ -6.633935, 6.495941 ], [ -6.632575, 6.49576 ], [ -6.631124, 6.495593 ], [ -6.626709, 6.495013 ], [ -6.622322, 6.494436 ], [ -6.620603, 6.49423 ], [ -6.619552, 6.494083 ], [ -6.618408, 6.493879 ], [ -6.616211, 6.493463 ], [ -6.613778, 6.492948 ], [ -6.611384, 6.49244 ], [ -6.60899, 6.491933 ], [ -6.606596, 6.491426 ], [ -6.603948, 6.490853 ], [ -6.596978, 6.495404 ], [ -6.597176, 6.497126 ], [ -6.597219, 6.49759 ], [ -6.598366, 6.500423 ], [ -6.59843, 6.501788 ], [ -6.598469, 6.502234 ], [ -6.598479, 6.502705 ], [ -6.598447, 6.503255 ], [ -6.598382, 6.503857 ], [ -6.598344, 6.504097 ], [ -6.598205, 6.505299 ], [ -6.598203, 6.506453 ], [ -6.60243, 6.514171 ], [ -6.603936, 6.514999 ], [ -6.605065, 6.51549 ], [ -6.606734, 6.516418 ], [ -6.609954, 6.518641 ], [ -6.613964, 6.520055 ], [ -6.615232, 6.520432 ], [ -6.615865, 6.520786 ], [ -6.616434, 6.521242 ], [ -6.617612, 6.522258 ], [ -6.618299, 6.523014 ], [ -6.618635, 6.523625 ], [ -6.619102, 6.524967 ], [ -6.620881, 6.532737 ], [ -6.621521, 6.534187 ], [ -6.621816, 6.535279 ], [ -6.621875, 6.535888 ], [ -6.621874618552489, 6.535888036825011 ], [ -6.621875, 6.535892 ], [ -6.618292, 6.536238 ], [ -6.617602, 6.534223 ], [ -6.617043, 6.532759 ], [ -6.616341, 6.53079 ], [ -6.61603, 6.529946 ], [ -6.610671, 6.523281 ], [ -6.609836, 6.522958 ], [ -6.608721, 6.522271 ], [ -6.60676, 6.52112 ], [ -6.605879, 6.520651 ], [ -6.605455, 6.520373 ], [ -6.605253, 6.520223 ], [ -6.601833, 6.518055 ], [ -6.601126, 6.517717 ], [ -6.600334, 6.517142 ], [ -6.598949, 6.516022 ], [ -6.598092, 6.515298 ], [ -6.59781, 6.515045 ], [ -6.597434, 6.514624 ], [ -6.597123, 6.51419 ], [ -6.596863, 6.513755 ], [ -6.590934, 6.509253 ], [ -6.590331, 6.508932 ], [ -6.589727, 6.508317 ], [ -6.581552, 6.508782 ], [ -6.580478, 6.511116 ], [ -6.579647, 6.512938 ], [ -6.578584, 6.515266 ], [ -6.577787, 6.51699 ], [ -6.576977, 6.518741 ], [ -6.576098, 6.52056 ], [ -6.575039, 6.522843 ], [ -6.574117, 6.524768 ], [ -6.573205, 6.526673 ], [ -6.572628, 6.527918 ], [ -6.571603, 6.530178 ], [ -6.571373, 6.537353 ], [ -6.574608, 6.54007 ], [ -6.57495, 6.540278 ], [ -6.575473, 6.540688 ], [ -6.575678, 6.540896 ], [ -6.576403, 6.541645 ], [ -6.577228, 6.542588 ], [ -6.577646, 6.543077 ], [ -6.579171, 6.544652 ], [ -6.579456, 6.544943 ], [ -6.579905, 6.545512 ], [ -6.580461, 6.546416 ], [ -6.580839, 6.547126 ], [ -6.58491, 6.552116 ], [ -6.588987, 6.553977 ], [ -6.589285, 6.554088 ], [ -6.590161, 6.554482 ], [ -6.590862, 6.554923 ], [ -6.591128, 6.555176 ], [ -6.591418, 6.55551 ], [ -6.591725, 6.555944 ], [ -6.595416, 6.559839 ], [ -6.595893, 6.560288 ], [ -6.597093, 6.561767 ], [ -6.59758, 6.562751 ], [ -6.594353, 6.564347 ], [ -6.5911, 6.56132 ], [ -6.590272, 6.560571 ], [ -6.585398, 6.557009 ], [ -6.584543, 6.556346 ], [ -6.582669, 6.55495 ], [ -6.581804, 6.554408 ], [ -6.580997, 6.553831 ], [ -6.58076, 6.553646 ], [ -6.580094, 6.553059 ], [ -6.579785, 6.552768 ], [ -6.579424, 6.552381 ], [ -6.579098, 6.551954 ], [ -6.57822, 6.550397 ], [ -6.577957, 6.549812 ], [ -6.576187, 6.546867 ], [ -6.575564, 6.546232 ], [ -6.574822, 6.545309 ], [ -6.574499, 6.544936 ], [ -6.574108, 6.544518 ], [ -6.571404, 6.542913 ], [ -6.564095, 6.546479 ], [ -6.562948, 6.54894 ], [ -6.561798, 6.551408 ], [ -6.561284, 6.552499 ], [ -6.560196, 6.554916 ], [ -6.559004, 6.557681 ], [ -6.557842, 6.560715 ], [ -6.55716, 6.562652 ], [ -6.556129, 6.565586 ], [ -6.555349, 6.567896 ], [ -6.55494, 6.569029 ], [ -6.55444, 6.570317 ], [ -6.554053, 6.571194 ], [ -6.552646, 6.574125 ], [ -6.551226, 6.577084 ], [ -6.554937, 6.584387 ], [ -6.557637, 6.584676 ], [ -6.55961, 6.584503 ], [ -6.560095, 6.584511 ], [ -6.560894, 6.584563 ], [ -6.561327, 6.584593 ], [ -6.562788, 6.584613 ], [ -6.563409, 6.584678 ], [ -6.563037, 6.588259 ], [ -6.561297, 6.588193 ], [ -6.560669, 6.588156 ], [ -6.557968, 6.588261 ], [ -6.556494, 6.588464 ], [ -6.55592, 6.588478 ], [ -6.555268, 6.588395 ], [ -6.554632, 6.588196 ], [ -6.552692, 6.587524 ], [ -6.544646, 6.590825 ], [ -6.543334, 6.593552 ], [ -6.546611, 6.601389 ], [ -6.546419, 6.604984 ], [ -6.544363014444369, 6.604874597125276 ], [ -6.544363, 6.604875 ], [ -6.542683, 6.604814 ], [ -6.535711, 6.609112 ], [ -6.533906, 6.61286 ], [ -6.532105, 6.616597 ], [ -6.530972, 6.618987 ], [ -6.529838, 6.621377 ], [ -6.526585, 6.619834 ], [ -6.527719, 6.617444 ], [ -6.528853, 6.615054 ], [ -6.530662, 6.611297 ], [ -6.531467, 6.605786 ], [ -6.532195, 6.601922 ], [ -6.532416, 6.60143 ], [ -6.532416755915468, 6.601429385073497 ], [ -6.532475, 6.6013 ], [ -6.537488, 6.597304 ], [ -6.53879, 6.594695 ], [ -6.534719, 6.586758 ], [ -6.534028, 6.586377 ], [ -6.530001, 6.584603 ], [ -6.529994, 6.581003 ], [ -6.533351, 6.57269 ], [ -6.532647, 6.572147 ], [ -6.532636, 6.572024 ], [ -6.532229, 6.568558 ], [ -6.532671, 6.568491 ], [ -6.533396, 6.568503 ], [ -6.539221, 6.56909 ], [ -6.541007, 6.568922 ], [ -6.54159, 6.568936 ], [ -6.542642, 6.569194 ], [ -6.543115, 6.569387 ], [ -6.54383, 6.569846 ], [ -6.551963, 6.566675 ], [ -6.552717, 6.564435 ], [ -6.553764, 6.561458 ], [ -6.554446, 6.559521 ], [ -6.555641, 6.556394 ], [ -6.550034, 6.55092 ], [ -6.547852, 6.550826 ], [ -6.546946, 6.550813 ], [ -6.545694, 6.550756 ], [ -6.544137, 6.550746 ], [ -6.543643, 6.550702 ], [ -6.543226, 6.550634 ], [ -6.541621, 6.550456 ], [ -6.539265, 6.550312 ], [ -6.53857, 6.550137 ], [ -6.537975, 6.549857 ], [ -6.536766, 6.548859 ], [ -6.535705, 6.547495 ], [ -6.535182, 6.546866 ], [ -6.534963, 6.546375 ], [ -6.534802, 6.545788 ], [ -6.53475, 6.545241 ], [ -6.53421, 6.540144 ], [ -6.534233, 6.537487 ], [ -6.533440532195104, 6.535918374260283 ], [ -6.530583, 6.53175 ], [ -6.531146, 6.529854 ], [ -6.531284, 6.529303 ], [ -6.532037, 6.526482 ], [ -6.532415, 6.525576 ], [ -6.532828, 6.524757 ], [ -6.533168, 6.524144 ], [ -6.533701, 6.523258 ], [ -6.534685, 6.522317 ], [ -6.535672, 6.521767 ], [ -6.536121, 6.521518 ], [ -6.536493, 6.521359 ], [ -6.53792, 6.520961 ], [ -6.538645, 6.520782 ], [ -6.539695, 6.520479 ], [ -6.5412, 6.52016 ], [ -6.541758, 6.520015 ], [ -6.543537, 6.519513 ], [ -6.544203, 6.519353 ], [ -6.545527, 6.519125 ], [ -6.546099, 6.51908 ], [ -6.54668, 6.519126 ], [ -6.548014, 6.519441 ], [ -6.548782, 6.519722 ], [ -6.549152, 6.519846 ], [ -6.550024, 6.520109 ], [ -6.550529, 6.520271 ], [ -6.550887, 6.520443 ], [ -6.555875, 6.521928 ], [ -6.556251, 6.521967 ], [ -6.556745, 6.522109 ], [ -6.557138, 6.522296 ], [ -6.559297, 6.523328 ], [ -6.562812, 6.52432 ], [ -6.565255, 6.524592 ], [ -6.571792, 6.521288 ], [ -6.572831, 6.519046 ], [ -6.573736, 6.517174 ], [ -6.573529, 6.509856 ], [ -6.573273, 6.509297 ], [ -6.574295, 6.50675 ], [ -6.572176, 6.498401 ], [ -6.569395, 6.497922 ], [ -6.568074, 6.497117 ], [ -6.56799, 6.497018 ], [ -6.563366, 6.493331 ], [ -6.557313, 6.492074 ], [ -6.554092, 6.492467 ], [ -6.552879, 6.492613 ], [ -6.551915, 6.49276 ], [ -6.55126, 6.492877 ], [ -6.549353, 6.493363 ], [ -6.548412, 6.493694 ], [ -6.547527, 6.494023 ], [ -6.545902, 6.494739 ], [ -6.544611, 6.495253 ], [ -6.543907, 6.495533 ], [ -6.540898, 6.496856 ], [ -6.537169, 6.500331 ], [ -6.53635, 6.50038 ], [ -6.530264, 6.501469 ], [ -6.528405, 6.502232 ], [ -6.52639, 6.503052 ], [ -6.525171, 6.50342 ], [ -6.523906, 6.50371 ], [ -6.522097, 6.50402 ], [ -6.51783, 6.504703 ], [ -6.513546, 6.505388 ], [ -6.510664, 6.505822 ], [ -6.507802, 6.506252 ], [ -6.504367, 6.50681 ], [ -6.501174, 6.507301 ], [ -6.49736, 6.515157 ], [ -6.49832, 6.516113 ], [ -6.498679, 6.516952 ], [ -6.498677, 6.517727 ], [ -6.498544, 6.518176 ], [ -6.497564, 6.523668 ], [ -6.497504, 6.524303 ], [ -6.497257, 6.525265 ], [ -6.496918, 6.526492 ], [ -6.488366, 6.525716 ], [ -6.485587, 6.523428 ], [ -6.486548, 6.52226 ], [ -6.487371, 6.521393 ], [ -6.486789, 6.512882 ], [ -6.484372, 6.510859 ], [ -6.478308, 6.507399 ], [ -6.476006, 6.506783 ], [ -6.474397, 6.506378 ], [ -6.471657, 6.505662 ], [ -6.464844, 6.506996 ], [ -6.464736, 6.506929 ], [ -6.464439, 6.506615 ], [ -6.463224232251891, 6.505109763161515 ], [ -6.46174265279206, 6.503945258768423 ], [ -6.455607, 6.500556 ], [ -6.454638, 6.500475 ], [ -6.452422, 6.500413 ], [ -6.450206, 6.500351 ], [ -6.450306, 6.496753 ], [ -6.452522, 6.496814 ], [ -6.454738, 6.496876 ], [ -6.455898, 6.496968 ], [ -6.456768, 6.49709 ], [ -6.464958, 6.496467 ], [ -6.465521, 6.496412 ], [ -6.467507, 6.496391 ], [ -6.472533, 6.50217 ], [ -6.475307, 6.502895 ], [ -6.476886, 6.503292 ], [ -6.479238, 6.503921 ], [ -6.481745, 6.504554 ], [ -6.490606, 6.505356 ], [ -6.492714, 6.505006 ], [ -6.495721, 6.504533 ], [ -6.497874, 6.50421 ], [ -6.500571, 6.503752 ], [ -6.503821, 6.503252 ], [ -6.507225, 6.502699 ], [ -6.510128, 6.502262 ], [ -6.51301, 6.501828 ], [ -6.517261, 6.501148 ], [ -6.521528, 6.500465 ], [ -6.523298, 6.500162 ], [ -6.52436, 6.499913 ], [ -6.525336, 6.49961 ], [ -6.527038, 6.498902 ], [ -6.528897, 6.498139 ], [ -6.531212, 6.497141 ], [ -6.528856, 6.488736 ], [ -6.527763, 6.487642 ], [ -6.527289, 6.487102 ], [ -6.527073, 6.486691 ], [ -6.526776, 6.48604 ], [ -6.526489, 6.485359 ], [ -6.526251, 6.484872 ], [ -6.529313052463512, 6.479111968895297 ], [ -6.529312, 6.479108 ], [ -6.53067, 6.475774 ], [ -6.531402, 6.476073 ], [ -6.532154, 6.476583 ], [ -6.532559733684893, 6.47728522034933 ], [ -6.532659, 6.477235 ], [ -6.535735, 6.482043 ], [ -6.536755, 6.483609 ], [ -6.53699, 6.484114 ], [ -6.538115, 6.486203 ], [ -6.541381, 6.48968 ], [ -6.547146, 6.490324 ], [ -6.548158, 6.489967 ], [ -6.549299, 6.48962 ], [ -6.550511, 6.489355 ], [ -6.551277, 6.489216 ], [ -6.552335, 6.489054 ], [ -6.55366, 6.488893 ], [ -6.556876, 6.4885 ], [ -6.559982, 6.488101 ], [ -6.562413, 6.488235 ], [ -6.566734, 6.480798 ], [ -6.568901, 6.477924 ], [ -6.5693, 6.478297 ], [ -6.570072, 6.479256 ], [ -6.570471, 6.479808 ], [ -6.574331, 6.482547 ], [ -6.579185, 6.475294 ], [ -6.578427, 6.474457 ], [ -6.577372, 6.472895 ], [ -6.576308, 6.471316 ], [ -6.57541, 6.469953 ], [ -6.573434, 6.467053 ], [ -6.571699, 6.464333 ], [ -6.570286, 6.462193 ], [ -6.568146, 6.45894 ], [ -6.561772, 6.453861 ], [ -6.558901, 6.452272 ], [ -6.557029, 6.45121 ], [ -6.553766, 6.449602 ], [ -6.552055, 6.44895 ], [ -6.550253, 6.448261 ], [ -6.549088, 6.447731 ], [ -6.548435, 6.447324 ], [ -6.547891, 6.446872 ], [ -6.547441, 6.446437 ], [ -6.546997, 6.445889 ], [ -6.546457, 6.445046 ], [ -6.545566, 6.443176 ], [ -6.544936, 6.441773 ], [ -6.536327, 6.440493 ], [ -6.535576, 6.440845 ], [ -6.530138, 6.44358 ], [ -6.529237, 6.444122 ], [ -6.52681, 6.445483 ], [ -6.52614, 6.445761 ], [ -6.522277, 6.447425 ], [ -6.51907, 6.449306 ], [ -6.518584, 6.449613 ], [ -6.518198, 6.449805 ], [ -6.51615, 6.45064 ], [ -6.51479, 6.447307 ], [ -6.51759, 6.445681 ], [ -6.517945, 6.445399 ], [ -6.518641, 6.445008 ], [ -6.520754, 6.443818 ], [ -6.521359, 6.443279 ], [ -6.52195, 6.442718 ], [ -6.522492, 6.442344 ], [ -6.522589, 6.433836 ], [ -6.521156, 6.433356 ], [ -6.517299, 6.433157 ], [ -6.516684, 6.433192 ], [ -6.516364, 6.433156 ], [ -6.515852, 6.433052 ], [ -6.514786, 6.432841 ], [ -6.514235, 6.432751 ], [ -6.514235775886494, 6.432746238817422 ], [ -6.513419, 6.432623 ], [ -6.512432, 6.432253 ], [ -6.513297, 6.423488 ], [ -6.514055, 6.419969 ], [ -6.516658, 6.41922 ], [ -6.51702, 6.419066 ], [ -6.517471, 6.418957 ], [ -6.518576, 6.418666 ], [ -6.519061, 6.418502 ], [ -6.519597, 6.418372 ], [ -6.519848, 6.418327 ], [ -6.520993, 6.418244 ], [ -6.523564, 6.418226 ], [ -6.524128, 6.418199 ], [ -6.52569, 6.418156 ], [ -6.526447, 6.418186 ], [ -6.527225, 6.418541 ], [ -6.529053, 6.419612 ], [ -6.534717, 6.413492 ], [ -6.534394, 6.412546 ], [ -6.534178, 6.412092 ], [ -6.53383, 6.411516 ], [ -6.53357, 6.411169 ], [ -6.531497, 6.408835 ], [ -6.53072, 6.407889 ], [ -6.523361, 6.405781 ], [ -6.521571, 6.402658 ], [ -6.5223, 6.40224 ], [ -6.523356, 6.401666 ], [ -6.523863, 6.393079 ], [ -6.523022, 6.392293 ], [ -6.522467, 6.391837 ], [ -6.517107, 6.390525 ], [ -6.51195, 6.388224 ], [ -6.509231, 6.38701 ], [ -6.508919, 6.386784 ], [ -6.506499, 6.384174 ], [ -6.503914, 6.381806 ], [ -6.506134, 6.378972 ], [ -6.507757, 6.380243 ], [ -6.515443, 6.378832 ], [ -6.518486, 6.380755 ], [ -6.522391933442962, 6.387199370989366 ], [ -6.523597, 6.388238 ], [ -6.524533, 6.388889 ], [ -6.525289, 6.389497 ], [ -6.526312, 6.39044 ], [ -6.527676, 6.391916 ], [ -6.528939, 6.39329 ], [ -6.529644, 6.394104 ], [ -6.530282, 6.395074 ], [ -6.530635, 6.395817 ], [ -6.530898, 6.396533 ], [ -6.531074, 6.397141 ], [ -6.531225, 6.397941 ], [ -6.531299, 6.398566 ], [ -6.534278, 6.406548 ], [ -6.536261, 6.408777 ], [ -6.536687, 6.409326 ], [ -6.537041, 6.409852 ], [ -6.537307, 6.410312 ], [ -6.537633, 6.410975 ], [ -6.537905, 6.411603 ], [ -6.538177, 6.412499 ], [ -6.538804, 6.415026 ], [ -6.539414, 6.417489 ], [ -6.539529, 6.418022 ], [ -6.539616, 6.418528 ], [ -6.539724, 6.419374 ], [ -6.539965, 6.421686 ], [ -6.540164, 6.423347 ], [ -6.540551, 6.426557 ], [ -6.543195, 6.433111 ], [ -6.544601, 6.434653 ], [ -6.544964, 6.435084 ], [ -6.545517, 6.435856 ], [ -6.546029, 6.436639 ], [ -6.547014, 6.438099 ], [ -6.547484, 6.438846 ], [ -6.547772, 6.439358 ], [ -6.54819, 6.440234 ], [ -6.553336, 6.445586 ], [ -6.555047, 6.446237 ], [ -6.555923, 6.446578 ], [ -6.556747, 6.446925 ], [ -6.558805, 6.448079 ], [ -6.560677, 6.44914 ], [ -6.563515, 6.450711 ], [ -6.566369, 6.452291 ], [ -6.573322, 6.449821 ], [ -6.573643, 6.449407 ], [ -6.574386, 6.448659 ], [ -6.577023, 6.443782 ], [ -6.5776, 6.440398 ], [ -6.577609, 6.438999 ], [ -6.571747, 6.432481 ], [ -6.571182, 6.432331 ], [ -6.570585, 6.432012 ], [ -6.570187, 6.431677 ], [ -6.569247, 6.430862 ], [ -6.566991, 6.429092 ], [ -6.56654, 6.428615 ], [ -6.566234, 6.42805 ], [ -6.566107, 6.427648 ], [ -6.565823, 6.426401 ], [ -6.565729, 6.426082 ], [ -6.565443, 6.425264 ], [ -6.565341, 6.424704 ], [ -6.564682, 6.422468 ], [ -6.564326, 6.421579 ], [ -6.563273, 6.419451 ], [ -6.563224, 6.419272 ], [ -6.565846, 6.416806 ], [ -6.56592, 6.416884 ], [ -6.56691, 6.418143 ], [ -6.567319, 6.418735 ], [ -6.567476, 6.419106 ], [ -6.567998, 6.421065 ], [ -6.568495, 6.42202 ], [ -6.568664, 6.422383 ], [ -6.568825, 6.422975 ], [ -6.570897, 6.42738 ], [ -6.571202, 6.427667 ], [ -6.574392, 6.429244 ], [ -6.58257, 6.425663 ], [ -6.582641, 6.425063 ], [ -6.582739, 6.423643 ], [ -6.582514, 6.422056 ], [ -6.581267, 6.419383 ], [ -6.58077, 6.41839 ], [ -6.579423, 6.416526 ], [ -6.578152, 6.415229 ], [ -6.580724, 6.41271 ], [ -6.582657, 6.414652 ], [ -6.582984, 6.415038 ], [ -6.583164, 6.415291 ], [ -6.585056, 6.41854 ], [ -6.585423, 6.419182 ], [ -6.585691, 6.419804 ], [ -6.585889, 6.420419 ], [ -6.586217, 6.421913 ], [ -6.586309, 6.422466 ], [ -6.586378, 6.424398 ], [ -6.586356, 6.424839 ], [ -6.586119, 6.426714 ], [ -6.586068, 6.427156 ], [ -6.585909, 6.42783 ], [ -6.585228, 6.430549 ], [ -6.585082, 6.430997 ], [ -6.584579, 6.432057 ], [ -6.584371, 6.432527 ], [ -6.584063, 6.433035 ], [ -6.583163, 6.434217 ], [ -6.581294, 6.44172 ], [ -6.581317, 6.442758 ], [ -6.580811, 6.444332 ], [ -6.580127, 6.446606 ], [ -6.579797, 6.447709 ], [ -6.579434, 6.44846 ], [ -6.579123, 6.448907 ], [ -6.578003, 6.450187 ], [ -6.577302, 6.450948 ], [ -6.57574, 6.453014 ], [ -6.574202, 6.454795 ], [ -6.574703, 6.462348 ], [ -6.576469, 6.465117 ], [ -6.578385, 6.467926 ], [ -6.579313, 6.469335 ], [ -6.584786, 6.473297 ], [ -6.58792, 6.473354 ], [ -6.593927, 6.474442 ], [ -6.599667, 6.470555 ], [ -6.603239, 6.471167 ], [ -6.602947, 6.472271 ], [ -6.602745, 6.472932 ], [ -6.602542, 6.473445 ], [ -6.602328, 6.473859 ], [ -6.60201, 6.474363 ], [ -6.601186, 6.475466 ], [ -6.60072, 6.476194 ], [ -6.599391, 6.482856 ], [ -6.604709, 6.487335 ], [ -6.607342, 6.487904 ], [ -6.609736, 6.488411 ], [ -6.61213, 6.488919 ], [ -6.614525, 6.489426 ], [ -6.616881, 6.489926 ], [ -6.619044, 6.490336 ], [ -6.620052, 6.490518 ], [ -6.621031, 6.490656 ], [ -6.622791, 6.490866 ], [ -6.627178, 6.491443 ], [ -6.631536, 6.492017 ], [ -6.633052, 6.492191 ], [ -6.634481, 6.492383 ], [ -6.636021, 6.492621 ], [ -6.637382, 6.492892 ], [ -6.64016, 6.493505 ], [ -6.643131, 6.494188 ], [ -6.646034, 6.494857 ], [ -6.652363, 6.49507 ], [ -6.653543, 6.49506 ], [ -6.654676, 6.495189 ], [ -6.655299, 6.495306 ], [ -6.656151, 6.49552 ], [ -6.656899, 6.495778 ], [ -6.657597, 6.496073 ], [ -6.658176, 6.496363 ], [ -6.658843, 6.49675 ], [ -6.659439, 6.497181 ], [ -6.659878, 6.497535 ], [ -6.661371, 6.498789 ], [ -6.67014, 6.497652 ], [ -6.670555, 6.497307 ], [ -6.670945, 6.497056 ], [ -6.674537, 6.494233 ], [ -6.674909, 6.49391 ], [ -6.680522, 6.488639 ], [ -6.681486, 6.487087 ], [ -6.682709, 6.484714 ], [ -6.686065, 6.486018 ], [ -6.685784, 6.48674 ], [ -6.685449, 6.487536 ], [ -6.684993, 6.488367 ], [ -6.684393, 6.48921 ], [ -6.683587, 6.490528 ], [ -6.682672, 6.492039 ], [ -6.682469, 6.492374 ], [ -6.681691, 6.493509 ], [ -6.681177, 6.494484 ], [ -6.681011, 6.494747 ], [ -6.680709, 6.495101 ], [ -6.680327, 6.495459 ], [ -6.679835, 6.495878 ], [ -6.679619, 6.496054 ], [ -6.678104, 6.503994 ], [ -6.679726, 6.505549 ], [ -6.680204, 6.50598 ], [ -6.681829, 6.507029 ], [ -6.682471, 6.507303 ], [ -6.684869, 6.508136 ], [ -6.687291, 6.508978 ], [ -6.694792, 6.508813 ], [ -6.695413509652878, 6.509468898514931 ], [ -6.697778, 6.510712 ], [ -6.701764, 6.514885 ], [ -6.706863, 6.515316 ], [ -6.709144, 6.514955 ], [ -6.710023053106786, 6.514842275529613 ], [ -6.712621, 6.51444 ], [ -6.713172, 6.517998 ], [ -6.71055, 6.518404 ], [ -6.707428, 6.518872 ], [ -6.706089, 6.519064 ], [ -6.705425, 6.519125 ], [ -6.704821, 6.519137 ], [ -6.704383, 6.519136 ], [ -6.703744, 6.519087 ] ] ], [ [ [ -7.661966, 6.545419 ], [ -7.660176, 6.545328 ], [ -7.658392, 6.545236 ], [ -7.657303, 6.545219 ], [ -7.655285, 6.545247 ], [ -7.653727, 6.54535 ], [ -7.653095, 6.545409 ], [ -7.649201, 6.546025 ], [ -7.648069, 6.546245 ], [ -7.647531, 6.546356 ], [ -7.64625, 6.546619 ], [ -7.64497, 6.546882 ], [ -7.6445, 6.546961 ], [ -7.644036, 6.54704 ], [ -7.642738, 6.547212 ], [ -7.641446, 6.547382 ], [ -7.640886, 6.547448 ], [ -7.640329, 6.547513 ], [ -7.638893, 6.547615 ], [ -7.637464, 6.547716 ], [ -7.636566, 6.547748 ], [ -7.635675, 6.54778 ], [ -7.630309319687059, 6.554938573492423 ], [ -7.6304, 6.555391 ], [ -7.630399058672042, 6.555391189332252 ], [ -7.630404, 6.555416 ], [ -7.630051, 6.555486 ], [ -7.629956, 6.55501 ], [ -7.629861, 6.554533 ], [ -7.629192, 6.551997 ], [ -7.629121, 6.551686 ], [ -7.624782, 6.546092 ], [ -7.621789, 6.545767 ], [ -7.618791, 6.545442 ], [ -7.616367, 6.545168 ], [ -7.613943, 6.544895 ], [ -7.612117, 6.544709 ], [ -7.610288, 6.544523 ], [ -7.609214, 6.544391 ], [ -7.608144, 6.54426 ], [ -7.60706, 6.544175 ], [ -7.602505, 6.544517 ], [ -7.601411, 6.544741 ], [ -7.601079, 6.544808 ], [ -7.600197, 6.544917 ], [ -7.599328, 6.545025 ], [ -7.597973, 6.544825 ], [ -7.591842, 6.551374 ], [ -7.591876, 6.551664 ], [ -7.591911, 6.551983 ], [ -7.591883, 6.552591 ], [ -7.591846, 6.553244 ], [ -7.591745, 6.553562 ], [ -7.591632, 6.55391 ], [ -7.591024, 6.55674 ], [ -7.590919, 6.558471 ], [ -7.590647, 6.562222 ], [ -7.590654, 6.562436 ], [ -7.590643, 6.562697 ], [ -7.590628, 6.562989 ], [ -7.590632, 6.565427 ], [ -7.591488, 6.571665 ], [ -7.591425, 6.572143 ], [ -7.591361, 6.572629 ], [ -7.59134664232228, 6.572712992414665 ], [ -7.591064, 6.574769 ], [ -7.590704, 6.574751 ], [ -7.589134, 6.572458 ], [ -7.590109, 6.564404 ], [ -7.590093, 6.564197 ], [ -7.590079, 6.564004 ], [ -7.58994, 6.560831 ], [ -7.589938, 6.560553 ], [ -7.589942, 6.560321 ], [ -7.590006, 6.560075 ], [ -7.590064, 6.559875 ], [ -7.590665, 6.556718 ], [ -7.590766, 6.555019 ], [ -7.590329, 6.549138 ], [ -7.590246, 6.548901 ], [ -7.59019, 6.548717 ], [ -7.583933, 6.543048 ], [ -7.583189, 6.54305 ], [ -7.582437, 6.543052 ], [ -7.58056, 6.543084 ], [ -7.57868, 6.543115 ], [ -7.577834, 6.543076 ], [ -7.577, 6.543038 ], [ -7.576274, 6.542966 ], [ -7.575558, 6.542895 ], [ -7.575297, 6.54285 ], [ -7.57505, 6.542807 ], [ -7.574601, 6.542704 ], [ -7.574162, 6.542603 ], [ -7.56555, 6.54508 ], [ -7.563554, 6.545248 ], [ -7.563263, 6.545037 ], [ -7.556964, 6.540191 ], [ -7.555583, 6.540234 ], [ -7.554389, 6.540333 ], [ -7.553187, 6.540432 ], [ -7.549838, 6.540804 ], [ -7.546483, 6.541177 ], [ -7.543129, 6.541549 ], [ -7.539775, 6.541922 ], [ -7.536421, 6.542295 ], [ -7.533067, 6.542667 ], [ -7.526831, 6.547878 ], [ -7.526472, 6.547896 ], [ -7.526457, 6.5476 ], [ -7.522347, 6.542829 ], [ -7.516526, 6.54585 ], [ -7.515106, 6.546301 ], [ -7.508626, 6.552472 ], [ -7.506409, 6.552057 ], [ -7.499742, 6.552049 ], [ -7.496893, 6.554001 ], [ -7.496318, 6.554593 ], [ -7.494938, 6.554721 ], [ -7.487293, 6.552089 ], [ -7.487023, 6.552034 ], [ -7.484356, 6.547998 ], [ -7.478902, 6.547572 ], [ -7.476165, 6.548505 ], [ -7.473428, 6.549437 ], [ -7.470691, 6.55037 ], [ -7.467969, 6.551397 ], [ -7.465021, 6.552272 ], [ -7.46209, 6.553242 ], [ -7.459159, 6.554212 ], [ -7.456223, 6.555183 ], [ -7.453048, 6.563124 ], [ -7.453088, 6.563278 ], [ -7.453111, 6.563476 ], [ -7.453854, 6.568038 ], [ -7.453956, 6.568367 ], [ -7.457719, 6.575176 ], [ -7.457937, 6.575406 ], [ -7.458139, 6.575747 ], [ -7.458192, 6.575913 ], [ -7.461097, 6.582257 ], [ -7.461243, 6.582538 ], [ -7.461408, 6.582896 ], [ -7.466066, 6.588507 ], [ -7.468262, 6.589823 ], [ -7.468784, 6.590074 ], [ -7.469315, 6.590391 ], [ -7.474823, 6.592733 ], [ -7.475333, 6.593046 ], [ -7.47589, 6.593402 ], [ -7.476016, 6.593561 ], [ -7.476162, 6.593753 ], [ -7.476689, 6.594835 ], [ -7.477215, 6.595917 ], [ -7.476892, 6.596075 ], [ -7.472104, 6.593082 ], [ -7.464658, 6.588686 ], [ -7.461922, 6.586984 ], [ -7.461661, 6.586665 ], [ -7.461597, 6.586366 ], [ -7.461434, 6.585713 ], [ -7.461213, 6.584993 ], [ -7.461119, 6.58471 ], [ -7.459831, 6.58169 ], [ -7.459686, 6.581248 ], [ -7.459238, 6.580048 ], [ -7.458852, 6.579149 ], [ -7.458417, 6.578267 ], [ -7.455239, 6.574399 ], [ -7.455113, 6.574261 ], [ -7.455011, 6.574067 ], [ -7.454889, 6.573751 ], [ -7.453894, 6.571831 ], [ -7.453798, 6.571625 ], [ -7.453737, 6.571343 ], [ -7.453721, 6.571124 ], [ -7.453707, 6.570639 ], [ -7.453656, 6.569699 ], [ -7.453123, 6.567268 ], [ -7.453052, 6.566975 ], [ -7.452631, 6.565747 ], [ -7.445171, 6.561212 ], [ -7.437756, 6.559692 ], [ -7.434358, 6.562064 ], [ -7.429913, 6.566665 ], [ -7.430222, 6.572224 ], [ -7.430276, 6.572347 ], [ -7.430343, 6.572588 ], [ -7.430495, 6.573204 ], [ -7.430571, 6.573465 ], [ -7.430597, 6.57368 ], [ -7.430625, 6.573922 ], [ -7.430614, 6.57426 ], [ -7.430512, 6.576104 ], [ -7.433723, 6.583427 ], [ -7.43515, 6.584499 ], [ -7.43742, 6.585555 ], [ -7.437931, 6.586005 ], [ -7.438442, 6.586456 ], [ -7.438204, 6.586726 ], [ -7.43622, 6.585691 ], [ -7.435548, 6.585227 ], [ -7.434253, 6.584539 ], [ -7.431359, 6.582984 ], [ -7.430892, 6.582812 ], [ -7.430459, 6.582649 ], [ -7.430072, 6.582376 ], [ -7.429727, 6.582126 ], [ -7.429601, 6.581713 ], [ -7.429546, 6.581414 ], [ -7.428915, 6.578123 ], [ -7.428809, 6.577713 ], [ -7.428846, 6.577382 ], [ -7.428883, 6.577103 ], [ -7.428968, 6.576922 ], [ -7.429361, 6.57164 ], [ -7.42255, 6.57017 ], [ -7.42208, 6.570536 ], [ -7.421617, 6.570897 ], [ -7.420954, 6.571454 ], [ -7.420297, 6.572006 ], [ -7.419454, 6.572771 ], [ -7.418612, 6.573535 ], [ -7.41591, 6.575996 ], [ -7.415939, 6.584446 ], [ -7.417579, 6.585747 ], [ -7.419232, 6.587059 ], [ -7.41954, 6.587358 ], [ -7.41986, 6.587669 ], [ -7.420294, 6.588177 ], [ -7.420748, 6.588713 ], [ -7.421084, 6.589304 ], [ -7.421704, 6.590239 ], [ -7.422005, 6.590607 ], [ -7.419652, 6.596921 ], [ -7.419541, 6.597264 ], [ -7.418432, 6.597194 ], [ -7.418176, 6.597176 ], [ -7.418048, 6.597148 ], [ -7.417923, 6.597091 ], [ -7.417763, 6.596916 ], [ -7.416266, 6.595574 ], [ -7.416097, 6.595434 ], [ -7.415962, 6.595219 ], [ -7.415552, 6.594603 ], [ -7.415055, 6.593522 ], [ -7.41496, 6.593323 ], [ -7.414879, 6.593148 ], [ -7.414194, 6.591732 ], [ -7.414148, 6.591611 ], [ -7.414093, 6.591306 ], [ -7.413923, 6.590636 ], [ -7.413884, 6.590458 ], [ -7.41358, 6.589261 ], [ -7.413499, 6.589019 ], [ -7.413428, 6.5888 ], [ -7.413381, 6.588608 ], [ -7.413338, 6.588429 ], [ -7.413282, 6.588112 ], [ -7.406753, 6.584144 ], [ -7.406532163907467, 6.584332658945567 ], [ -7.407584, 6.585564 ], [ -7.404586, 6.588126 ], [ -7.401588, 6.590689 ], [ -7.399914, 6.592108 ], [ -7.398246, 6.593523 ], [ -7.398076562681687, 6.593656444466319 ], [ -7.398077, 6.593657 ], [ -7.396057, 6.595247 ], [ -7.394831, 6.59629 ], [ -7.394066, 6.596976 ], [ -7.392562631163908, 6.601472036101603 ], [ -7.393442, 6.606039 ], [ -7.394214, 6.606535 ], [ -7.394619, 6.606886 ], [ -7.394903, 6.607203 ], [ -7.395475, 6.607842 ], [ -7.395307766151639, 6.608308849680474 ], [ -7.401449, 6.609368 ], [ -7.401637, 6.609304 ], [ -7.40187, 6.60923 ], [ -7.402049, 6.609217 ], [ -7.402239, 6.609203 ], [ -7.402743, 6.609193 ], [ -7.403253, 6.609182 ], [ -7.403439, 6.609185 ], [ -7.403669, 6.609194 ], [ -7.404021, 6.609296 ], [ -7.404312, 6.609465 ], [ -7.404527, 6.609653 ], [ -7.404683, 6.609842 ], [ -7.404863, 6.610071 ], [ -7.404998, 6.610367 ], [ -7.405143, 6.610695 ], [ -7.405221, 6.611027 ], [ -7.405242, 6.611278 ], [ -7.405263, 6.611529 ], [ -7.404905, 6.611559 ], [ -7.399062, 6.610714 ], [ -7.398022, 6.610515 ], [ -7.396568, 6.610282 ], [ -7.396383, 6.610241 ], [ -7.395985, 6.610088 ], [ -7.395223, 6.609829 ], [ -7.394821, 6.609711 ], [ -7.394807258418433, 6.609706066079021 ], [ -7.394261, 6.611231 ], [ -7.393937, 6.611115 ], [ -7.393649, 6.610993 ], [ -7.393321, 6.610811 ], [ -7.392877, 6.610442 ], [ -7.390456774329271, 6.608798185098181 ], [ -7.383602, 6.612033 ], [ -7.381916, 6.614838 ], [ -7.382558, 6.622934 ], [ -7.380957, 6.626159 ], [ -7.378895, 6.625797 ], [ -7.371119243160011, 6.626589203694373 ], [ -7.369921, 6.627424 ], [ -7.369766, 6.627499 ], [ -7.364962, 6.629523 ], [ -7.362567, 6.630849 ], [ -7.360172, 6.632174 ], [ -7.358693, 6.63322 ], [ -7.35621, 6.635109 ], [ -7.355160448660105, 6.635906906943833 ], [ -7.353437, 6.638216 ], [ -7.351567, 6.639738 ], [ -7.350364, 6.640093 ], [ -7.347360391457713, 6.644859979506447 ], [ -7.352286, 6.650612 ], [ -7.353851619454746, 6.650926707324025 ], [ -7.355029, 6.651112 ], [ -7.35596, 6.651201 ], [ -7.357698, 6.651482 ], [ -7.360068, 6.651836 ], [ -7.360725, 6.651924 ], [ -7.362635, 6.652204 ], [ -7.362234, 6.655781 ], [ -7.359662, 6.655795 ], [ -7.358004293853427, 6.655643784853947 ], [ -7.357926, 6.655784 ], [ -7.357612, 6.655608 ], [ -7.354694, 6.654696 ], [ -7.353259, 6.654478 ], [ -7.346592, 6.658154 ], [ -7.345854, 6.661867 ], [ -7.345239, 6.66511 ], [ -7.345664, 6.669455 ], [ -7.347838, 6.673884 ], [ -7.349468, 6.677192 ], [ -7.349861, 6.678213 ], [ -7.350094, 6.679118 ], [ -7.350422, 6.687557 ], [ -7.350463, 6.691706 ], [ -7.350489, 6.695051 ], [ -7.353622, 6.701157 ], [ -7.353233, 6.701905 ], [ -7.352522, 6.702492 ], [ -7.350568, 6.705631 ], [ -7.356834, 6.712049 ], [ -7.358853, 6.711628 ], [ -7.366093, 6.712422 ], [ -7.366246, 6.712411 ], [ -7.367942, 6.714628 ], [ -7.368134857534257, 6.714776823071753 ], [ -7.368664, 6.714865 ], [ -7.369756, 6.714961 ], [ -7.371244, 6.715442 ], [ -7.37173, 6.71694 ], [ -7.371871757490391, 6.717208697124643 ], [ -7.372631, 6.716731 ], [ -7.375167, 6.714589 ], [ -7.375616, 6.715001 ], [ -7.37605, 6.715598 ], [ -7.376257, 6.71629 ], [ -7.383324, 6.718498 ], [ -7.384491, 6.712266 ], [ -7.384528, 6.708666 ], [ -7.384979, 6.708671 ], [ -7.385535, 6.708709 ], [ -7.386872, 6.709309 ], [ -7.3945, 6.713315 ], [ -7.402146, 6.716655 ], [ -7.405914, 6.717813 ], [ -7.405986, 6.721412 ], [ -7.404934, 6.721433 ], [ -7.404201, 6.721399 ], [ -7.403078, 6.721107 ], [ -7.399238, 6.72007 ], [ -7.39826, 6.72009 ], [ -7.396992, 6.719912 ], [ -7.396245, 6.719656 ], [ -7.387779505352339, 6.719787085980855 ], [ -7.386646, 6.720476 ], [ -7.384432, 6.72306 ], [ -7.383739, 6.72388 ], [ -7.382786, 6.724768 ], [ -7.381527, 6.725661 ], [ -7.381224, 6.725932 ], [ -7.378615, 6.72904 ], [ -7.377904, 6.730558 ], [ -7.377642, 6.731177 ], [ -7.376759, 6.732008 ], [ -7.376054, 6.732266 ], [ -7.37252, 6.734502 ], [ -7.371254, 6.738383 ], [ -7.376805, 6.744278 ], [ -7.377162, 6.744301 ], [ -7.378455, 6.744333 ], [ -7.37921, 6.744356 ], [ -7.380146, 6.744319 ], [ -7.380587, 6.744265 ], [ -7.381278, 6.744119 ], [ -7.383581, 6.743141 ], [ -7.384201, 6.74281 ], [ -7.386733, 6.741266 ], [ -7.387595, 6.740666 ], [ -7.388205, 6.74046 ], [ -7.388814, 6.740347 ], [ -7.392193, 6.73924 ], [ -7.396132, 6.738043 ], [ -7.403374, 6.735551 ], [ -7.403982, 6.735135 ], [ -7.404926, 6.734656 ], [ -7.40575, 6.734427 ], [ -7.412029, 6.730099 ], [ -7.413855, 6.727878 ], [ -7.414265, 6.726468 ], [ -7.414698, 6.725858 ], [ -7.416404, 6.72563 ], [ -7.417013, 6.726246 ], [ -7.419942, 6.729841 ], [ -7.422099, 6.732724 ], [ -7.417249, 6.739907 ], [ -7.415188, 6.743089 ], [ -7.414959, 6.742951 ], [ -7.414375, 6.742439 ], [ -7.409061907327531, 6.738981125905706 ], [ -7.404475239296848, 6.739903165980905 ], [ -7.403372, 6.740503 ], [ -7.402553, 6.740994 ], [ -7.401474, 6.741318 ], [ -7.399451, 6.741884 ], [ -7.398759, 6.742072 ], [ -7.398093, 6.742132 ], [ -7.393314, 6.742661 ], [ -7.389996092303633, 6.744086443668309 ], [ -7.391482, 6.751707 ], [ -7.394132, 6.754144 ], [ -7.393885, 6.754413 ], [ -7.393295, 6.754908 ], [ -7.392676, 6.75525 ], [ -7.392033, 6.755428 ], [ -7.391043, 6.755394 ], [ -7.388892, 6.755215 ], [ -7.387887, 6.75515 ], [ -7.38282, 6.761955 ], [ -7.38415, 6.763944 ], [ -7.384344, 6.764287 ], [ -7.384714, 6.76508 ], [ -7.385043, 6.765892 ], [ -7.385494, 6.767316 ], [ -7.385809, 6.768618 ], [ -7.385924, 6.769101 ], [ -7.386293, 6.770469 ], [ -7.386599, 6.771549 ], [ -7.387271, 6.773312 ], [ -7.388187, 6.775834 ], [ -7.388694, 6.777014 ], [ -7.389305, 6.778081 ], [ -7.390717, 6.779802 ], [ -7.398281, 6.782136 ], [ -7.400466, 6.781713 ], [ -7.402971, 6.781028 ], [ -7.404023, 6.780698 ], [ -7.410958, 6.776219 ], [ -7.412115, 6.772829 ], [ -7.412244, 6.771818 ], [ -7.412455, 6.770311 ], [ -7.41605, 6.770495 ], [ -7.423991, 6.774005 ], [ -7.430571, 6.777337 ], [ -7.432459, 6.780402 ], [ -7.429302, 6.786955 ], [ -7.427877, 6.787462 ], [ -7.424278, 6.787369 ], [ -7.423042, 6.785569 ], [ -7.422561, 6.785043 ], [ -7.414581, 6.782007 ], [ -7.413581, 6.782276 ], [ -7.412487, 6.782541 ], [ -7.412016, 6.782668 ], [ -7.41072, 6.782913 ], [ -7.408563, 6.783267 ], [ -7.407731, 6.783468 ], [ -7.406264, 6.783876 ], [ -7.404826, 6.784207 ], [ -7.404069, 6.784456 ], [ -7.401419, 6.785185 ], [ -7.396937, 6.792889 ], [ -7.40456, 6.795896 ], [ -7.404561180632352, 6.795897324023009 ], [ -7.405958, 6.794732 ], [ -7.406583, 6.794521 ], [ -7.406841, 6.794478 ], [ -7.406842045552287, 6.794484315989328 ], [ -7.407042, 6.794456 ], [ -7.40872, 6.794307 ], [ -7.409568, 6.797806 ], [ -7.414788, 6.802172 ], [ -7.416355, 6.805413 ], [ -7.421888, 6.811517 ], [ -7.423487, 6.812049 ], [ -7.42456, 6.815485 ], [ -7.42403, 6.815651 ], [ -7.423566, 6.815735 ], [ -7.422732, 6.815747 ], [ -7.421805, 6.81552 ], [ -7.4165, 6.814772 ], [ -7.415804, 6.814768 ], [ -7.409036, 6.820174 ], [ -7.409372, 6.822897 ], [ -7.409727, 6.825654 ], [ -7.410084, 6.82843 ], [ -7.41047, 6.831711 ], [ -7.410863, 6.835056 ], [ -7.413865895407265, 6.839674987940674 ], [ -7.417597, 6.841436 ], [ -7.417939, 6.841375 ], [ -7.418707, 6.841309 ], [ -7.418933, 6.841305 ], [ -7.418996, 6.844904 ], [ -7.416921, 6.845744 ], [ -7.412508, 6.853521 ], [ -7.412716, 6.855812 ], [ -7.412779340028587, 6.856509958391936 ], [ -7.412963, 6.858523 ], [ -7.413178, 6.86118 ], [ -7.413466, 6.864447 ], [ -7.413753, 6.867701 ], [ -7.41402, 6.870477 ], [ -7.410437, 6.870823 ], [ -7.410169, 6.868046 ], [ -7.40988, 6.864764 ], [ -7.409592, 6.861496 ], [ -7.409374, 6.858814 ], [ -7.409339090163728, 6.858429991801011 ], [ -7.409339, 6.85843 ], [ -7.409287000000159, 6.857857000001745 ], [ -7.409149, 6.856339 ], [ -7.408923, 6.853847 ], [ -7.406295258634644, 6.849765801189813 ], [ -7.401797, 6.84679 ], [ -7.401162, 6.846688 ], [ -7.400837, 6.846589 ], [ -7.400059, 6.846321 ], [ -7.400901, 6.842821 ], [ -7.404357388891899, 6.840680637675663 ], [ -7.407276, 6.835351 ], [ -7.406895, 6.832133 ], [ -7.406508, 6.828852 ], [ -7.406156, 6.826113 ], [ -7.405802, 6.823356 ], [ -7.405463, 6.820616 ], [ -7.405371, 6.82024 ], [ -7.405154, 6.819526 ], [ -7.404762, 6.818507 ], [ -7.403833, 6.816589 ], [ -7.402477, 6.813964 ], [ -7.393698, 6.814526 ], [ -7.3933, 6.815337 ], [ -7.392976, 6.81573 ], [ -7.392277, 6.816687 ], [ -7.392177, 6.816845 ], [ -7.3921737507862, 6.816842938245585 ], [ -7.392083, 6.81698 ], [ -7.391683, 6.817441 ], [ -7.391202, 6.817852 ], [ -7.3895, 6.819436 ], [ -7.38893, 6.819977 ], [ -7.388659, 6.820173 ], [ -7.388129, 6.820459 ], [ -7.387596, 6.820664 ], [ -7.387593456214097, 6.820657377486891 ], [ -7.387419, 6.820722 ], [ -7.386743, 6.820885 ], [ -7.386234, 6.820943 ], [ -7.385322, 6.820929 ], [ -7.383186, 6.821025 ], [ -7.381755, 6.817722 ], [ -7.382347, 6.81743 ], [ -7.383041, 6.817051 ], [ -7.38382, 6.816875 ], [ -7.384737, 6.816945 ], [ -7.387875, 6.815931 ], [ -7.388619, 6.815285 ], [ -7.389402, 6.814346 ], [ -7.385649, 6.806734 ], [ -7.384957, 6.806653 ], [ -7.384529, 6.806516 ], [ -7.383988, 6.806367 ], [ -7.384306, 6.802782 ], [ -7.386777, 6.801404 ], [ -7.387749, 6.800984 ], [ -7.39005, 6.799991 ], [ -7.392731, 6.792016 ], [ -7.392383, 6.7909 ], [ -7.39194, 6.789165 ], [ -7.389259, 6.783564 ], [ -7.388038, 6.782206 ], [ -7.386598, 6.780455 ], [ -7.386188, 6.779902 ], [ -7.385802, 6.779257 ], [ -7.385492, 6.778661 ], [ -7.384884, 6.777265 ], [ -7.383889, 6.774545 ], [ -7.383235, 6.772831 ], [ -7.382835, 6.771471 ], [ -7.382448, 6.770039 ], [ -7.37983, 6.763959 ], [ -7.37818, 6.761661 ], [ -7.377043, 6.759996 ], [ -7.375768, 6.75817 ], [ -7.367924, 6.754043 ], [ -7.364218, 6.754357 ], [ -7.360910255219975, 6.753766784978689 ], [ -7.353355, 6.757789 ], [ -7.352875, 6.758199 ], [ -7.351656, 6.758626 ], [ -7.349916, 6.757212 ], [ -7.349055, 6.754761 ], [ -7.34535, 6.750654 ], [ -7.341568, 6.747493 ], [ -7.336216, 6.751658 ], [ -7.336563, 6.755422 ], [ -7.332886, 6.763288 ], [ -7.333066, 6.764847 ], [ -7.33306, 6.765264 ], [ -7.332983, 6.765903 ], [ -7.332692, 6.766957 ], [ -7.33206, 6.770184 ], [ -7.331997, 6.770562 ], [ -7.331893, 6.771007 ], [ -7.331733, 6.771536 ], [ -7.33077, 6.774878 ], [ -7.33037, 6.776116 ], [ -7.329423, 6.783429 ], [ -7.330044, 6.787305 ], [ -7.330215, 6.78806 ], [ -7.330577, 6.789786 ], [ -7.331438, 6.793925 ], [ -7.331591, 6.794697 ], [ -7.331669, 6.795238 ], [ -7.331713, 6.795748 ], [ -7.331727, 6.796254 ], [ -7.332283, 6.801653 ], [ -7.331196, 6.803945 ], [ -7.330058, 6.804483 ], [ -7.327597, 6.803864 ], [ -7.327641, 6.801894 ], [ -7.327659, 6.801119 ], [ -7.327978455030371, 6.79928658346215 ], [ -7.328083524575341, 6.797673015450121 ], [ -7.328083, 6.797673 ], [ -7.327602, 6.793896 ], [ -7.327507, 6.793531 ], [ -7.327202, 6.791715 ], [ -7.327008, 6.790258 ], [ -7.326694, 6.788809 ], [ -7.326299, 6.78755 ], [ -7.317893, 6.785122 ], [ -7.314663, 6.786699 ], [ -7.313149, 6.787406 ], [ -7.312037, 6.787934 ], [ -7.310709, 6.788768 ], [ -7.310237, 6.789042 ], [ -7.309729, 6.789307 ], [ -7.307651, 6.790239 ], [ -7.307650871185962, 6.790238712726332 ], [ -7.307648, 6.79024 ], [ -7.305973, 6.791018 ], [ -7.303414, 6.792244 ], [ -7.302723, 6.792511 ], [ -7.299892, 6.793656 ], [ -7.298543, 6.790318 ], [ -7.301374, 6.789173 ], [ -7.304411, 6.787774 ], [ -7.306132, 6.786975 ], [ -7.310122, 6.784886 ], [ -7.311575, 6.784168 ], [ -7.317245, 6.778341 ], [ -7.317538, 6.777427 ], [ -7.317714, 6.776953 ], [ -7.318197, 6.775848 ], [ -7.318767, 6.774662 ], [ -7.319598, 6.772883 ], [ -7.316056, 6.765762 ], [ -7.316225, 6.762166 ], [ -7.314737, 6.754202 ], [ -7.310193, 6.750782 ], [ -7.305662, 6.744791 ], [ -7.300088, 6.744433 ], [ -7.298403, 6.744298 ], [ -7.29688, 6.744197 ], [ -7.294705, 6.744184 ], [ -7.29049, 6.744326 ], [ -7.286401, 6.744601 ], [ -7.283606, 6.744906 ], [ -7.28169, 6.745102 ], [ -7.279801, 6.745294 ], [ -7.277979, 6.745508 ], [ -7.275048, 6.745768 ], [ -7.27364, 6.745817 ], [ -7.270916, 6.745792 ], [ -7.266875, 6.745729 ], [ -7.260676982271847, 6.747738784676931 ], [ -7.258198, 6.750158 ], [ -7.257958, 6.751094 ], [ -7.257244, 6.752177 ], [ -7.256527, 6.752727 ], [ -7.254253, 6.754703 ], [ -7.254136782577513, 6.754597799066044 ], [ -7.253315, 6.755241 ], [ -7.252683, 6.755731 ], [ -7.252013, 6.756192 ], [ -7.249971, 6.753227 ], [ -7.248982, 6.751027 ], [ -7.24228, 6.745338 ], [ -7.238759, 6.746059 ], [ -7.238725, 6.746052 ], [ -7.230527, 6.748208 ], [ -7.229085, 6.752186 ], [ -7.228875, 6.752871 ], [ -7.228501, 6.753381 ], [ -7.228027, 6.75374 ], [ -7.224261, 6.757544 ], [ -7.223758, 6.757445 ], [ -7.220752, 6.756739 ], [ -7.22114, 6.754503 ], [ -7.221219, 6.753759 ], [ -7.22172, 6.750948 ], [ -7.215697, 6.744755 ], [ -7.212814, 6.744992 ], [ -7.210719, 6.745178 ], [ -7.208596, 6.745366 ], [ -7.2072, 6.745467 ], [ -7.206023, 6.745522 ], [ -7.204454, 6.745541 ], [ -7.201738, 6.74551 ], [ -7.199004, 6.745478 ], [ -7.196871, 6.745432 ], [ -7.189914, 6.745868 ], [ -7.186333, 6.746239 ], [ -7.183828, 6.745077 ], [ -7.183937, 6.741479 ], [ -7.187502, 6.741034 ], [ -7.191628, 6.741006 ], [ -7.193888, 6.7417 ], [ -7.194470996160893, 6.741725089092037 ], [ -7.194471, 6.741725 ], [ -7.197431851161048, 6.741403974202546 ], [ -7.203151, 6.735345 ], [ -7.203195, 6.734398 ], [ -7.203274, 6.733507 ], [ -7.206865, 6.733757 ], [ -7.206818, 6.734437 ], [ -7.212496, 6.741406 ], [ -7.215402, 6.741167 ], [ -7.218265, 6.740955 ], [ -7.221114, 6.740743 ], [ -7.221962, 6.740666 ], [ -7.222425, 6.740647 ], [ -7.224976, 6.740661 ], [ -7.227415, 6.74077 ], [ -7.229783, 6.740878 ], [ -7.234663, 6.735168 ], [ -7.23749, 6.732939 ], [ -7.244676590189313, 6.72898468668867 ], [ -7.245389494175805, 6.728205647708545 ], [ -7.245632, 6.724532 ], [ -7.251838, 6.72008 ], [ -7.254516, 6.722486 ], [ -7.253766, 6.723419 ], [ -7.253258, 6.724065 ], [ -7.252823, 6.724646 ], [ -7.252428, 6.725146 ], [ -7.251597, 6.726285 ], [ -7.251015, 6.727021 ], [ -7.250421, 6.727747 ], [ -7.248875, 6.732166 ], [ -7.248899, 6.733385 ], [ -7.248874, 6.733977 ], [ -7.255433749918041, 6.738982052126731 ], [ -7.256495349203672, 6.73925270043938 ], [ -7.257137, 6.739103 ], [ -7.261195, 6.736757 ], [ -7.26218, 6.73575 ], [ -7.262768, 6.73508 ], [ -7.264788, 6.733518 ], [ -7.266991, 6.736365 ], [ -7.273673, 6.742217 ], [ -7.27492, 6.742171 ], [ -7.277657, 6.741922 ], [ -7.279381, 6.741719 ], [ -7.281324, 6.74152 ], [ -7.28324, 6.741325 ], [ -7.286011, 6.741022 ], [ -7.290281, 6.740732 ], [ -7.293472, 6.734371 ], [ -7.293684, 6.733301 ], [ -7.293788, 6.733092 ], [ -7.293955, 6.732756 ], [ -7.300538552596176, 6.728193867964771 ], [ -7.299835, 6.727749 ], [ -7.299285, 6.727341 ], [ -7.295928, 6.725749 ], [ -7.295940024616889, 6.725649518563054 ], [ -7.294324, 6.724969 ], [ -7.293664, 6.72434 ], [ -7.293377, 6.723929 ], [ -7.29534, 6.720903 ], [ -7.293463, 6.713734 ], [ -7.293349, 6.710136 ], [ -7.295011, 6.70798 ], [ -7.297071, 6.705027 ], [ -7.299198, 6.706112 ], [ -7.300171, 6.706828 ], [ -7.30209, 6.708643 ], [ -7.303788, 6.710223 ], [ -7.304224, 6.710713 ], [ -7.304503, 6.711325 ], [ -7.304553, 6.712188 ], [ -7.306375, 6.72011 ], [ -7.306658, 6.720503 ], [ -7.306885, 6.720891 ], [ -7.3071, 6.721481 ], [ -7.307194, 6.722077 ], [ -7.312472721388846, 6.727516776076102 ], [ -7.317124, 6.722129 ], [ -7.320095, 6.720097 ], [ -7.324514, 6.721437 ], [ -7.326371, 6.721413 ], [ -7.327900691991595, 6.722376202598165 ], [ -7.32806, 6.722277 ], [ -7.331507318469125, 6.723173616110788 ], [ -7.331864, 6.723241 ], [ -7.335716, 6.715204 ], [ -7.334479, 6.71456 ], [ -7.333908, 6.714346 ], [ -7.332985, 6.713582 ], [ -7.33017, 6.710363 ], [ -7.332145, 6.707353 ], [ -7.33377082223352, 6.705208750036584 ], [ -7.333101, 6.703631 ], [ -7.331423, 6.701682 ], [ -7.33119, 6.701332 ], [ -7.330687, 6.700469 ], [ -7.330296, 6.699723 ], [ -7.32989, 6.698929 ], [ -7.329908597384721, 6.698919498279421 ], [ -7.329756, 6.698603 ], [ -7.329554, 6.697813 ], [ -7.329524, 6.697492 ], [ -7.332739, 6.695873 ], [ -7.332831, 6.696054 ], [ -7.333086, 6.697014 ], [ -7.333664, 6.698337 ], [ -7.334765, 6.699927 ], [ -7.335175, 6.700351 ], [ -7.336724, 6.701886 ], [ -7.337716, 6.702717 ], [ -7.33794715957105, 6.703239406492374 ], [ -7.337973, 6.703232 ], [ -7.338043, 6.703456 ], [ -7.346953, 6.702371 ], [ -7.346933, 6.700397 ], [ -7.346914, 6.698419 ], [ -7.346889, 6.695078 ], [ -7.346863, 6.691742 ], [ -7.346822, 6.687593 ], [ -7.346595, 6.679966 ], [ -7.346239, 6.678783 ], [ -7.344609, 6.675475 ], [ -7.337878, 6.670555 ], [ -7.331690870161156, 6.669005699469094 ], [ -7.325035, 6.672968 ], [ -7.322679, 6.676537 ], [ -7.316997, 6.680038 ], [ -7.315311, 6.681941 ], [ -7.312616, 6.679553 ], [ -7.314118, 6.676989 ], [ -7.315355980221487, 6.675934841084127 ], [ -7.315177, 6.675609 ], [ -7.312061, 6.667419 ], [ -7.311726, 6.667304 ], [ -7.311732454478187, 6.667285183648779 ], [ -7.311376, 6.66714 ], [ -7.30674, 6.666575 ], [ -7.304923, 6.664812 ], [ -7.304653, 6.663642 ], [ -7.304679, 6.663403 ], [ -7.306149, 6.662814 ], [ -7.308129, 6.662376 ], [ -7.31007, 6.662866 ], [ -7.310408007788181, 6.662966267235674 ], [ -7.310413, 6.66295 ], [ -7.312214, 6.663502 ], [ -7.315797, 6.663871 ], [ -7.318975, 6.663825 ], [ -7.323703, 6.656178 ], [ -7.322893, 6.655269 ], [ -7.319097, 6.653622 ], [ -7.316849, 6.653705 ], [ -7.316368, 6.653741 ], [ -7.316101, 6.650151 ], [ -7.317444, 6.649822 ], [ -7.322708, 6.643687 ], [ -7.322906, 6.643238 ], [ -7.326201, 6.644689 ], [ -7.330873, 6.647943 ], [ -7.331767, 6.648329 ], [ -7.337949, 6.649225 ], [ -7.34354, 6.643616 ], [ -7.343835797421103, 6.642676894900834 ], [ -7.343786, 6.641246 ], [ -7.344514470543386, 6.63902983499598 ], [ -7.344629201998091, 6.637848239987363 ], [ -7.340251, 6.632424 ], [ -7.337928, 6.632131 ], [ -7.337164, 6.632051 ], [ -7.33618, 6.63183 ], [ -7.336967, 6.628317 ], [ -7.338823, 6.621426 ], [ -7.337607, 6.61865 ], [ -7.337607230297561, 6.618649899135675 ], [ -7.337521, 6.618453 ], [ -7.337523921701053, 6.618451720371149 ], [ -7.337438, 6.618255 ], [ -7.337019, 6.617079 ], [ -7.336173, 6.61446 ], [ -7.339442, 6.612952 ], [ -7.339676, 6.613461 ], [ -7.340468, 6.616048 ], [ -7.345617, 6.622648 ], [ -7.345953, 6.622913 ], [ -7.346375, 6.623413 ], [ -7.346698, 6.624078 ], [ -7.346842, 6.624621 ], [ -7.347099, 6.627063 ], [ -7.347216, 6.627951 ], [ -7.354032, 6.632243 ], [ -7.35663, 6.63027 ], [ -7.358429, 6.629024 ], [ -7.360824, 6.627699 ], [ -7.363219, 6.626373 ], [ -7.365614, 6.625048 ], [ -7.368326, 6.623547 ], [ -7.371258, 6.621923 ], [ -7.377144, 6.615789 ], [ -7.377987832786363, 6.609657407661122 ], [ -7.376337, 6.606579 ], [ -7.37625, 6.60623 ], [ -7.373768, 6.598932 ], [ -7.372596, 6.597486 ], [ -7.371195, 6.596154 ], [ -7.371042, 6.595991 ], [ -7.370894, 6.595762 ], [ -7.370873606666665, 6.5957297 ], [ -7.370752, 6.595541 ], [ -7.370753753975705, 6.595539871203755 ], [ -7.370733, 6.595507 ], [ -7.368076, 6.59158 ], [ -7.368023, 6.591224 ], [ -7.368345, 6.591026 ], [ -7.368693, 6.591121 ], [ -7.370723, 6.593564 ], [ -7.370824, 6.593693 ], [ -7.376454, 6.599784 ], [ -7.376759, 6.599955 ], [ -7.376792328187838, 6.599986106308648 ], [ -7.377927, 6.598823 ], [ -7.378949, 6.59963 ], [ -7.38599455982634, 6.598542777055095 ], [ -7.387960905194532, 6.597541751855899 ], [ -7.388975, 6.596674 ], [ -7.389677, 6.596018 ], [ -7.391575, 6.594371 ], [ -7.391575519004067, 6.59437159820774 ], [ -7.391665, 6.594294 ], [ -7.392501, 6.593546 ], [ -7.393831, 6.592418 ], [ -7.39585, 6.590828 ], [ -7.395851200096353, 6.590829524504976 ], [ -7.395918, 6.590777 ], [ -7.397586, 6.589362 ], [ -7.399249, 6.587952 ], [ -7.402247, 6.58539 ], [ -7.405246, 6.582827 ], [ -7.406298166456734, 6.584058727798153 ], [ -7.406519, 6.58387 ], [ -7.4085, 6.578951 ], [ -7.415668, 6.57573 ], [ -7.41837, 6.573269 ], [ -7.419212, 6.572504 ], [ -7.420055, 6.571739 ], [ -7.420722, 6.571178 ], [ -7.419285, 6.5624 ], [ -7.419154, 6.562304 ], [ -7.418796, 6.561966 ], [ -7.418616, 6.561804 ], [ -7.418394, 6.561512 ], [ -7.418185, 6.561185 ], [ -7.415345, 6.5581 ], [ -7.41515, 6.557931 ], [ -7.414854, 6.55761 ], [ -7.414541, 6.557268 ], [ -7.413941, 6.556518 ], [ -7.413742, 6.556255 ], [ -7.411159, 6.553495 ], [ -7.409985, 6.552163 ], [ -7.409721, 6.551872 ], [ -7.408157, 6.549648 ], [ -7.40788, 6.549268 ], [ -7.407577, 6.548838 ], [ -7.405315, 6.544531 ], [ -7.402421, 6.540368 ], [ -7.402324, 6.540208 ], [ -7.400958, 6.537256 ], [ -7.400936, 6.53678 ], [ -7.400915, 6.536304 ], [ -7.401275, 6.536288 ], [ -7.402955, 6.538354 ], [ -7.404643, 6.542551 ], [ -7.406168, 6.544897 ], [ -7.406439, 6.545272 ], [ -7.406747, 6.545815 ], [ -7.407045, 6.546341 ], [ -7.407168, 6.546585 ], [ -7.407287, 6.546821 ], [ -7.409441, 6.550434 ], [ -7.409576, 6.550614 ], [ -7.412884, 6.55408 ], [ -7.413044, 6.554234 ], [ -7.413187, 6.554373 ], [ -7.417419, 6.558916 ], [ -7.417609, 6.559084 ], [ -7.417778, 6.559236 ], [ -7.417935, 6.559392 ], [ -7.426471, 6.561883 ], [ -7.428748, 6.561313 ], [ -7.428937, 6.561358 ], [ -7.43755, 6.559396 ], [ -7.438179, 6.55897 ], [ -7.438807, 6.558545 ], [ -7.439186, 6.558331 ], [ -7.444364, 6.550998 ], [ -7.444493, 6.550097 ], [ -7.444553, 6.546642 ], [ -7.443105, 6.540852 ], [ -7.443043, 6.540719 ], [ -7.44294, 6.540361 ], [ -7.442595, 6.539309 ], [ -7.442509, 6.538947 ], [ -7.442255, 6.537607 ], [ -7.442196, 6.537275 ], [ -7.442136, 6.536939 ], [ -7.441864, 6.535598 ], [ -7.441809, 6.535141 ], [ -7.438152, 6.52799 ], [ -7.436485, 6.526742 ], [ -7.434806, 6.525483 ], [ -7.431891, 6.523614 ], [ -7.431572, 6.523401 ], [ -7.431313, 6.523132 ], [ -7.429285, 6.520557 ], [ -7.422396, 6.517222 ], [ -7.422439, 6.516865 ], [ -7.424578, 6.517125 ], [ -7.426716, 6.517385 ], [ -7.42692, 6.517417 ], [ -7.427117, 6.517448 ], [ -7.427356, 6.517607 ], [ -7.427511, 6.51773 ], [ -7.427663807060805, 6.517923515990956 ], [ -7.427667, 6.517921 ], [ -7.429568987868628, 6.520335024297384 ], [ -7.43835, 6.520551 ], [ -7.439687, 6.51456 ], [ -7.438268, 6.512107 ], [ -7.437461, 6.51139 ], [ -7.437364, 6.51108 ], [ -7.437339, 6.510846 ], [ -7.437314, 6.510598 ], [ -7.43731, 6.510409 ], [ -7.437313, 6.510166 ], [ -7.437365, 6.509987 ], [ -7.437418, 6.509807 ], [ -7.437763, 6.509908 ], [ -7.439729, 6.513037 ], [ -7.439857, 6.513355 ], [ -7.439954, 6.513621 ], [ -7.440581, 6.515197 ], [ -7.440709, 6.515505 ], [ -7.440818, 6.515779 ], [ -7.44091, 6.5164 ], [ -7.440991, 6.516979 ], [ -7.441013, 6.517981 ], [ -7.441033, 6.518962 ], [ -7.441114, 6.520004 ], [ -7.442362, 6.526678 ], [ -7.442431, 6.52686 ], [ -7.44248, 6.527224 ], [ -7.442394, 6.527486 ], [ -7.442005, 6.534018 ], [ -7.442059, 6.534329 ], [ -7.442111, 6.534631 ], [ -7.442351, 6.535977 ], [ -7.442399, 6.536179 ], [ -7.442738, 6.537979 ], [ -7.442792, 6.538213 ], [ -7.444112, 6.541826 ], [ -7.444187, 6.541965 ], [ -7.4443, 6.542247 ], [ -7.444436, 6.542677 ], [ -7.444518, 6.542922 ], [ -7.444633, 6.543322 ], [ -7.444746, 6.543717 ], [ -7.444807, 6.54401 ], [ -7.444958, 6.544789 ], [ -7.44498, 6.545024 ], [ -7.444966, 6.545299 ], [ -7.445091, 6.547724 ], [ -7.445096, 6.54808 ], [ -7.44508, 6.548305 ], [ -7.445064, 6.548514 ], [ -7.445021, 6.548882 ], [ -7.444978, 6.549243 ], [ -7.444849, 6.550148 ], [ -7.451176, 6.555864 ], [ -7.452839, 6.555606 ], [ -7.453274, 6.555527 ], [ -7.453714, 6.555447 ], [ -7.454132, 6.555357 ], [ -7.454556, 6.555267 ], [ -7.454961, 6.555167 ], [ -7.455741, 6.554953 ], [ -7.456119, 6.554839 ], [ -7.459046, 6.55387 ], [ -7.461977, 6.5529 ], [ -7.464908, 6.551931 ], [ -7.467839, 6.550961 ], [ -7.470574, 6.550029 ], [ -7.473312, 6.549096 ], [ -7.476049, 6.548164 ], [ -7.48107, 6.543898 ], [ -7.477921, 6.536479 ], [ -7.469942, 6.533734 ], [ -7.468931, 6.534295 ], [ -7.46882, 6.534334 ], [ -7.468581, 6.534351 ], [ -7.468283, 6.534363 ], [ -7.468049, 6.534293 ], [ -7.467861, 6.534179 ], [ -7.468049, 6.533871 ], [ -7.473323, 6.529174 ], [ -7.473786, 6.529012 ], [ -7.47425, 6.528849 ], [ -7.4747, 6.528674 ], [ -7.477642, 6.520287 ], [ -7.477445, 6.519973 ], [ -7.477246, 6.519611 ], [ -7.477041, 6.519236 ], [ -7.47686, 6.518833 ], [ -7.476674, 6.51842 ], [ -7.476561, 6.518117 ], [ -7.476439, 6.517781 ], [ -7.476402, 6.517566 ], [ -7.476362, 6.517324 ], [ -7.476356, 6.516992 ], [ -7.476364, 6.51662 ], [ -7.476361, 6.515855 ], [ -7.476381, 6.515516 ], [ -7.476402, 6.515169 ], [ -7.476428, 6.514923 ], [ -7.476456, 6.51466 ], [ -7.476562, 6.507954 ], [ -7.476546, 6.507784 ], [ -7.476576, 6.507515 ], [ -7.476702, 6.505722 ], [ -7.47672, 6.505526 ], [ -7.47674, 6.505318 ], [ -7.476818, 6.504645 ], [ -7.476855, 6.504239 ], [ -7.476906, 6.504008 ], [ -7.476961, 6.503767 ], [ -7.47702, 6.503567 ], [ -7.47717, 6.503124 ], [ -7.475391, 6.494631 ], [ -7.475032, 6.494211 ], [ -7.474659, 6.493813 ], [ -7.47427, 6.493396 ], [ -7.474089, 6.49314 ], [ -7.473902, 6.492823 ], [ -7.473807, 6.492623 ], [ -7.473695, 6.492277 ], [ -7.473623, 6.49199 ], [ -7.473549, 6.491691 ], [ -7.473504, 6.491442 ], [ -7.46975, 6.483638 ], [ -7.468748, 6.482786 ], [ -7.468185, 6.482363 ], [ -7.468401, 6.482075 ], [ -7.468964, 6.482499 ], [ -7.469527, 6.482922 ], [ -7.470001, 6.48338 ], [ -7.470457, 6.483824 ], [ -7.471047, 6.484482 ], [ -7.471628, 6.485131 ], [ -7.471982, 6.485635 ], [ -7.472323, 6.486121 ], [ -7.472351456375325, 6.486173294176644 ], [ -7.472352, 6.486173 ], [ -7.472759734328134, 6.486923585074214 ], [ -7.472896, 6.487174 ], [ -7.473458, 6.48821 ], [ -7.473685, 6.489024 ], [ -7.478149, 6.496477 ], [ -7.478312, 6.49669 ], [ -7.478436, 6.496932 ], [ -7.478555, 6.49722 ], [ -7.478668, 6.497496 ], [ -7.47878, 6.497803 ], [ -7.478889, 6.498103 ], [ -7.478952, 6.498373 ], [ -7.478984, 6.49865 ], [ -7.478967, 6.498961 ], [ -7.478918, 6.499279 ], [ -7.478862, 6.499478 ], [ -7.47881, 6.499656 ], [ -7.478698, 6.499896 ], [ -7.478597, 6.500109 ], [ -7.478468, 6.50041 ], [ -7.478251, 6.500945 ], [ -7.478082, 6.501474 ], [ -7.477995, 6.501784 ], [ -7.477912, 6.502011 ], [ -7.477751, 6.502501 ], [ -7.477664, 6.50279 ], [ -7.477511, 6.50324 ], [ -7.477144, 6.505059 ], [ -7.477062, 6.506321 ], [ -7.477537, 6.508949 ], [ -7.48415, 6.512707 ], [ -7.489736, 6.5086 ], [ -7.49008, 6.508494 ], [ -7.498443, 6.508974 ], [ -7.500771, 6.506803 ], [ -7.500882, 6.50668 ], [ -7.501094, 6.506511 ], [ -7.505414, 6.501089 ], [ -7.505456, 6.501008 ], [ -7.505862, 6.50037 ], [ -7.506082, 6.500099 ], [ -7.509285, 6.495474 ], [ -7.509484, 6.495174 ], [ -7.51027, 6.494193 ], [ -7.510614, 6.494302 ], [ -7.510555, 6.494487 ], [ -7.510496, 6.494672 ], [ -7.510126, 6.497488 ], [ -7.510128, 6.497699 ], [ -7.50982, 6.498888 ], [ -7.509785, 6.499006 ], [ -7.509661, 6.499203 ], [ -7.509558, 6.499355 ], [ -7.509406, 6.499547 ], [ -7.509258, 6.499651 ], [ -7.505361, 6.503093 ], [ -7.505184, 6.503336 ], [ -7.504899, 6.503748 ], [ -7.504769, 6.503952 ], [ -7.50458, 6.50421 ], [ -7.504399, 6.504457 ], [ -7.504189, 6.504663 ], [ -7.503612, 6.505279 ], [ -7.502892, 6.50618 ], [ -7.502712, 6.506349 ], [ -7.500847, 6.508345 ], [ -7.500448, 6.508884 ], [ -7.500277, 6.509081 ], [ -7.49819, 6.511979 ], [ -7.499783, 6.518851 ], [ -7.500175, 6.519219 ], [ -7.500607, 6.519872 ], [ -7.501154, 6.520671 ], [ -7.501378, 6.52101 ], [ -7.501558, 6.521689 ], [ -7.501249, 6.521873 ], [ -7.496318, 6.525907 ], [ -7.496268, 6.526134 ], [ -7.496151, 6.52645 ], [ -7.496079, 6.529505 ], [ -7.503938, 6.531097 ], [ -7.504119, 6.530914 ], [ -7.504262, 6.5308 ], [ -7.50464, 6.530455 ], [ -7.504892, 6.530712 ], [ -7.510715, 6.533339 ], [ -7.515701, 6.529986 ], [ -7.516638, 6.528231 ], [ -7.51698, 6.524487 ], [ -7.517051, 6.524134 ], [ -7.520834, 6.517322 ], [ -7.520299, 6.514805 ], [ -7.524745, 6.510837 ], [ -7.524309, 6.502255 ], [ -7.524236, 6.502138 ], [ -7.524185, 6.502004 ], [ -7.52411, 6.50174 ], [ -7.523956, 6.501254 ], [ -7.523867, 6.501001 ], [ -7.523791, 6.500666 ], [ -7.523613, 6.49999 ], [ -7.523501, 6.499612 ], [ -7.523471, 6.499407 ], [ -7.523442, 6.499212 ], [ -7.523195, 6.498035 ], [ -7.52295, 6.496866 ], [ -7.522869, 6.49655 ], [ -7.522791, 6.496241 ], [ -7.522551, 6.495423 ], [ -7.522307, 6.494581 ], [ -7.521137, 6.492001 ], [ -7.521001, 6.491789 ], [ -7.520804, 6.491414 ], [ -7.52035, 6.490674 ], [ -7.520645, 6.490468 ], [ -7.52078, 6.49066 ], [ -7.520914, 6.490852 ], [ -7.521815, 6.492226 ], [ -7.522106, 6.492845 ], [ -7.522364, 6.493414 ], [ -7.522447, 6.493624 ], [ -7.522526, 6.493826 ], [ -7.52261, 6.494178 ], [ -7.522897, 6.495322 ], [ -7.523136, 6.49614 ], [ -7.523218, 6.496461 ], [ -7.523299, 6.496777 ], [ -7.523547, 6.497961 ], [ -7.523794, 6.499138 ], [ -7.523958, 6.499887 ], [ -7.524064, 6.50024 ], [ -7.525353, 6.502766 ], [ -7.532942, 6.50445 ], [ -7.534538, 6.503479 ], [ -7.535487, 6.502871 ], [ -7.536428, 6.502268 ], [ -7.536789, 6.502007 ], [ -7.537145, 6.50175 ], [ -7.538106, 6.500991 ], [ -7.539064, 6.500234 ], [ -7.539613, 6.499781 ], [ -7.543155, 6.493679 ], [ -7.543507, 6.493755 ], [ -7.543166, 6.49532 ], [ -7.542826, 6.496885 ], [ -7.542814005117116, 6.496916213956594 ], [ -7.542816, 6.496917 ], [ -7.542744231433506, 6.497097784110536 ], [ -7.542738, 6.497114 ], [ -7.542659, 6.497315 ], [ -7.542447, 6.497592 ], [ -7.542262, 6.497823 ], [ -7.541939, 6.498154 ], [ -7.541627, 6.498472 ], [ -7.541009, 6.499039 ], [ -7.540398, 6.499599 ], [ -7.539842, 6.500058 ], [ -7.539294, 6.500512 ], [ -7.538329, 6.501274 ], [ -7.537368, 6.502033 ], [ -7.537, 6.502299 ], [ -7.536639, 6.50256 ], [ -7.535681, 6.503174 ], [ -7.534732, 6.503782 ], [ -7.533129, 6.504757 ], [ -7.53153, 6.505731 ], [ -7.530642, 6.506294 ], [ -7.527077, 6.512352 ], [ -7.525086, 6.514108 ], [ -7.52186, 6.518476 ], [ -7.521704, 6.519019 ], [ -7.52146, 6.519792 ], [ -7.521218, 6.520561 ], [ -7.520825, 6.521405 ], [ -7.52044, 6.522225 ], [ -7.519472, 6.523912 ], [ -7.51851, 6.525585 ], [ -7.5182, 6.526118 ], [ -7.517889, 6.526651 ], [ -7.516955, 6.5284 ], [ -7.518191, 6.535256 ], [ -7.525759, 6.535823 ], [ -7.527299, 6.533998 ], [ -7.52884, 6.532174 ], [ -7.53038, 6.530349 ], [ -7.531917, 6.52853 ], [ -7.532235, 6.528123 ], [ -7.532562, 6.527707 ], [ -7.532778, 6.527468 ], [ -7.532987, 6.527237 ], [ -7.533358, 6.526776 ], [ -7.533876, 6.525979 ], [ -7.533957, 6.52584 ], [ -7.53406, 6.525683 ], [ -7.534209, 6.525505 ], [ -7.534635, 6.525057 ], [ -7.535053, 6.52462 ], [ -7.535576, 6.523984 ], [ -7.536111, 6.523335 ], [ -7.53703, 6.522237 ], [ -7.537164, 6.522058 ], [ -7.537308, 6.521866 ], [ -7.537469, 6.521687 ], [ -7.537672, 6.521473 ], [ -7.537817, 6.521388 ], [ -7.538001, 6.521308 ], [ -7.538751, 6.521081 ], [ -7.539385, 6.520865 ], [ -7.5396, 6.520785 ], [ -7.539794, 6.520731 ], [ -7.540001, 6.520706 ], [ -7.5404, 6.520705 ], [ -7.545111, 6.519588 ], [ -7.545844, 6.519255 ], [ -7.546593, 6.518915 ], [ -7.54995, 6.517004 ], [ -7.550183, 6.51687 ], [ -7.550665, 6.516661 ], [ -7.551158, 6.516447 ], [ -7.551418, 6.516354 ], [ -7.55169, 6.516257 ], [ -7.551901, 6.5162 ], [ -7.558716258812298, 6.51171231577379 ], [ -7.559368, 6.510925 ], [ -7.559696, 6.511072 ], [ -7.559525, 6.51401 ], [ -7.559491, 6.514181 ], [ -7.559428, 6.514338 ], [ -7.559345, 6.514464 ], [ -7.559204, 6.514578 ], [ -7.559094, 6.514633 ], [ -7.554994, 6.516511 ], [ -7.554687, 6.516607 ], [ -7.548504, 6.518886 ], [ -7.548235, 6.519089 ], [ -7.548076, 6.519169 ], [ -7.547864, 6.51921 ], [ -7.54526, 6.519916 ], [ -7.54397, 6.520547 ], [ -7.542675, 6.521181 ], [ -7.542466, 6.521263 ], [ -7.542271, 6.521339 ], [ -7.541949, 6.521394 ], [ -7.53533, 6.524848 ], [ -7.534027, 6.526513 ], [ -7.533638, 6.527001 ], [ -7.533268, 6.527462 ], [ -7.533045, 6.527709 ], [ -7.532519, 6.528345 ], [ -7.5322, 6.528752 ], [ -7.530655, 6.530581 ], [ -7.529115, 6.532406 ], [ -7.527575, 6.53423 ], [ -7.533249, 6.540614 ], [ -7.533561, 6.540794 ], [ -7.539735, 6.541564 ], [ -7.543089, 6.541192 ], [ -7.546444, 6.540819 ], [ -7.549798, 6.540446 ], [ -7.553157, 6.540073 ], [ -7.55436, 6.539974 ], [ -7.555571, 6.539875 ], [ -7.556953, 6.539831 ], [ -7.55834, 6.539787 ], [ -7.558862, 6.539787 ], [ -7.559387, 6.539787 ], [ -7.56, 6.539797 ], [ -7.560623, 6.539808 ], [ -7.562926, 6.539973 ], [ -7.565234, 6.540138 ], [ -7.566002, 6.540212 ], [ -7.566784, 6.540288 ], [ -7.567376, 6.540389 ], [ -7.567977, 6.540493 ], [ -7.568618, 6.540639 ], [ -7.569265, 6.540788 ], [ -7.570225, 6.541049 ], [ -7.571194, 6.541313 ], [ -7.571975, 6.541569 ], [ -7.572749, 6.541823 ], [ -7.573501, 6.542039 ], [ -7.574243, 6.542252 ], [ -7.574682, 6.542353 ], [ -7.58179, 6.537149 ], [ -7.581831, 6.536936 ], [ -7.581886, 6.536681 ], [ -7.58208, 6.536298 ], [ -7.584321, 6.53316 ], [ -7.584599, 6.532888 ], [ -7.584924, 6.532582 ], [ -7.587641, 6.529157 ], [ -7.587983, 6.52927 ], [ -7.587811, 6.529792 ], [ -7.587638, 6.530315 ], [ -7.587474, 6.530695 ], [ -7.587317, 6.531061 ], [ -7.587107, 6.53139 ], [ -7.586912, 6.531692 ], [ -7.586546, 6.532012 ], [ -7.586216, 6.532292 ], [ -7.584021, 6.534625 ], [ -7.583818, 6.535021 ], [ -7.587048, 6.542866 ], [ -7.588552, 6.543084 ], [ -7.590064, 6.543303 ], [ -7.595769, 6.540291 ], [ -7.596698, 6.539729 ], [ -7.597191, 6.539803 ], [ -7.602204, 6.541554 ], [ -7.610324, 6.544165 ], [ -7.612153, 6.544351 ], [ -7.613984, 6.544537 ], [ -7.616407, 6.544811 ], [ -7.61883, 6.545084 ], [ -7.621828, 6.545409 ], [ -7.624829, 6.545735 ], [ -7.63129, 6.540239 ], [ -7.631128, 6.537701 ], [ -7.630431, 6.533959 ], [ -7.630339, 6.533727 ], [ -7.630337183879093, 6.53372185138539 ], [ -7.630249, 6.533498 ], [ -7.630257100118166, 6.533494817810721 ], [ -7.630236, 6.533435 ], [ -7.630208, 6.532732 ], [ -7.63018, 6.532028 ], [ -7.630539, 6.532014 ], [ -7.631075, 6.534372 ], [ -7.631203, 6.53475 ], [ -7.631317, 6.535096 ], [ -7.631487, 6.537679 ], [ -7.633235, 6.543563 ], [ -7.641399, 6.547026 ], [ -7.642691, 6.546855 ], [ -7.643976, 6.546685 ], [ -7.646047753207677, 6.544819237501981 ], [ -7.650233, 6.540168 ], [ -7.650587, 6.540103 ], [ -7.651623, 6.54047 ], [ -7.65841, 6.544877 ], [ -7.660195, 6.544968 ], [ -7.661975, 6.54506 ], [ -7.662682, 6.545076 ], [ -7.663394, 6.545092 ], [ -7.664721, 6.545151 ], [ -7.666058, 6.545211 ], [ -7.673872, 6.544556 ], [ -7.674068, 6.544857 ], [ -7.679083, 6.551222 ], [ -7.680377, 6.551889 ], [ -7.680241, 6.552222 ], [ -7.673277, 6.551083 ], [ -7.667768365401246, 6.546620670830302 ], [ -7.666021, 6.545569 ], [ -7.664705, 6.545511 ], [ -7.663378, 6.545452 ], [ -7.662674, 6.545436 ], [ -7.661966, 6.545419 ] ] ], [ [ [ -6.019151, 6.612155 ], [ -6.013564, 6.618864 ], [ -6.013496, 6.619524 ], [ -6.013442, 6.619794 ], [ -6.011637, 6.62035 ], [ -6.009179, 6.620019 ], [ -6.00854, 6.61993 ], [ -6.008005, 6.619789 ], [ -6.007003, 6.619454 ], [ -6.006468, 6.619285 ], [ -6.005614, 6.618973 ], [ -6.004965, 6.618669 ], [ -6.004538, 6.618402 ], [ -6.004291, 6.618201 ], [ -6.00394, 6.617764 ], [ -6.00366, 6.616948 ], [ -6.003601, 6.616157 ], [ -5.998392, 6.610369 ], [ -5.995781, 6.610565 ], [ -5.993855, 6.610713 ], [ -5.991926, 6.610861 ], [ -5.98925, 6.611053 ], [ -5.986584, 6.611245 ], [ -5.985185, 6.611334 ], [ -5.983162, 6.611497 ], [ -5.981609, 6.611602 ], [ -5.978122, 6.611878 ], [ -5.974182, 6.61216 ], [ -5.971804, 6.612327 ], [ -5.969426, 6.612493 ], [ -5.967049, 6.61266 ], [ -5.963784, 6.612977 ], [ -5.960472, 6.613297 ], [ -5.95716, 6.613617 ], [ -5.953848, 6.613938 ], [ -5.950536, 6.614258 ], [ -5.947223, 6.614579 ], [ -5.946443, 6.622459 ], [ -5.948148, 6.625629 ], [ -5.947825, 6.627122 ], [ -5.947089, 6.630646 ], [ -5.94198, 6.63396 ], [ -5.941496, 6.638833 ], [ -5.941049, 6.642405 ], [ -5.940979, 6.642482 ], [ -5.940717, 6.642552 ], [ -5.939486, 6.651431 ], [ -5.941015, 6.652607 ], [ -5.941588, 6.652872 ], [ -5.94208, 6.653062 ], [ -5.943205, 6.653445 ], [ -5.944155, 6.653647 ], [ -5.945465, 6.65397 ], [ -5.946488, 6.654279 ], [ -5.949131, 6.655287 ], [ -5.949859, 6.655708 ], [ -5.9504, 6.656175 ], [ -5.951099, 6.656987 ], [ -5.95164, 6.657743 ], [ -5.956779, 6.66251 ], [ -5.964267, 6.66524 ], [ -5.965132, 6.66534 ], [ -5.966077, 6.665415 ], [ -5.969835, 6.665767 ], [ -5.976496, 6.664967 ], [ -5.976811, 6.664902 ], [ -5.977776, 6.664795 ], [ -5.978021, 6.664807 ], [ -5.979453, 6.664979 ], [ -5.981836, 6.665361 ], [ -5.9826, 6.66553 ], [ -5.987623, 6.667129 ], [ -5.987612, 6.670729 ], [ -5.988281, 6.679471 ], [ -5.989605, 6.681507 ], [ -5.991592, 6.683715 ], [ -5.989911, 6.686898 ], [ -5.989085, 6.686461 ], [ -5.988566, 6.686115 ], [ -5.987947, 6.685534 ], [ -5.987516, 6.685025 ], [ -5.980098, 6.680057 ], [ -5.97956, 6.679852 ], [ -5.978862, 6.679393 ], [ -5.976397, 6.677259 ], [ -5.975788, 6.676728 ], [ -5.975281, 6.676008 ], [ -5.974759, 6.67365 ], [ -5.967959, 6.669486 ], [ -5.967279, 6.669463 ], [ -5.96646, 6.669277 ], [ -5.963866, 6.668817 ], [ -5.961221, 6.668782 ], [ -5.960495, 6.668735 ], [ -5.959813, 6.668599 ], [ -5.95919, 6.668383 ], [ -5.957792, 6.667441 ], [ -5.956474, 6.666511 ], [ -5.953437, 6.665412 ], [ -5.952047, 6.664705 ], [ -5.951338, 6.664263 ], [ -5.951076, 6.664079 ], [ -5.950438, 6.663259 ], [ -5.94968, 6.661385 ], [ -5.949567, 6.661189 ], [ -5.945222, 6.657649 ], [ -5.944437, 6.65742 ], [ -5.9433, 6.657144 ], [ -5.942884, 6.657086 ], [ -5.942195, 6.6569 ], [ -5.940925, 6.656472 ], [ -5.935652, 6.663164 ], [ -5.935913, 6.664008 ], [ -5.93687, 6.66587 ], [ -5.937379, 6.666695 ], [ -5.937638, 6.667553 ], [ -5.937848, 6.668562 ], [ -5.938158, 6.669834 ], [ -5.9397, 6.673821 ], [ -5.941126, 6.675229 ], [ -5.943391, 6.676538 ], [ -5.944095, 6.676794 ], [ -5.944791, 6.677348 ], [ -5.945204, 6.677969 ], [ -5.946168, 6.679177 ], [ -5.946786, 6.679781 ], [ -5.948178, 6.681508 ], [ -5.948895, 6.682477 ], [ -5.94923, 6.683403 ], [ -5.945845, 6.684627 ], [ -5.939348, 6.678606 ], [ -5.938664, 6.677981 ], [ -5.93735, 6.676613 ], [ -5.936693, 6.675933 ], [ -5.935989, 6.675167 ], [ -5.935319, 6.674151 ], [ -5.935104, 6.673712 ], [ -5.934928, 6.672993 ], [ -5.933054, 6.666706 ], [ -5.932522, 6.66545 ], [ -5.931808, 6.663696 ], [ -5.931121, 6.661933 ], [ -5.929631, 6.658927 ], [ -5.928259, 6.656649 ], [ -5.927741, 6.655831 ], [ -5.926903, 6.654627 ], [ -5.926199, 6.653764 ], [ -5.923945, 6.651513 ], [ -5.922057, 6.649744 ], [ -5.921157, 6.648564 ], [ -5.920715, 6.647764 ], [ -5.920357, 6.646995 ], [ -5.919675, 6.64519 ], [ -5.91957, 6.644882 ], [ -5.919467, 6.644275 ], [ -5.919485, 6.643641 ], [ -5.919935, 6.641894 ], [ -5.919384, 6.639136 ], [ -5.914807, 6.636297 ], [ -5.910071, 6.640933 ], [ -5.908129, 6.641085 ], [ -5.903647, 6.642912 ], [ -5.900751, 6.649879 ], [ -5.900863, 6.65267 ], [ -5.900831, 6.653265 ], [ -5.900766, 6.653807 ], [ -5.900681, 6.654226 ], [ -5.900444, 6.655082 ], [ -5.900251, 6.655666 ], [ -5.898045, 6.66139 ], [ -5.899555, 6.669615 ], [ -5.905625, 6.675424 ], [ -5.906592, 6.678892 ], [ -5.90488, 6.679599 ], [ -5.904574, 6.679719 ], [ -5.904251756045943, 6.679794278300744 ], [ -5.904253, 6.679805 ], [ -5.904086, 6.679833 ], [ -5.903529, 6.679849 ], [ -5.902797, 6.679732 ], [ -5.902502, 6.679659 ], [ -5.902056, 6.679481 ], [ -5.901505, 6.679094 ], [ -5.900803, 6.678394 ], [ -5.900228, 6.677764 ], [ -5.899571, 6.676851 ], [ -5.898942, 6.676059 ], [ -5.898668, 6.675664 ], [ -5.898219, 6.675112 ], [ -5.897804, 6.674535 ], [ -5.889198044562189, 6.672803838359795 ], [ -5.887763, 6.675532 ], [ -5.88712, 6.677622 ], [ -5.884056, 6.679512 ], [ -5.882922, 6.679717 ], [ -5.879602, 6.678325 ], [ -5.880078, 6.677189 ], [ -5.880553, 6.676197 ], [ -5.880849, 6.675652 ], [ -5.881208, 6.675143 ], [ -5.881312852929612, 6.675020042967434 ], [ -5.881311, 6.675017 ], [ -5.881625, 6.674654 ], [ -5.881962, 6.674321 ], [ -5.882523, 6.673849 ], [ -5.884479, 6.671946 ], [ -5.886625, 6.670058 ], [ -5.88705, 6.669691 ], [ -5.887896, 6.668881 ], [ -5.88919, 6.66752 ], [ -5.891161, 6.665409 ], [ -5.89144, 6.665048 ], [ -5.891823, 6.664517 ], [ -5.892184, 6.664103 ], [ -5.892406, 6.663877 ], [ -5.894446, 6.655986 ], [ -5.892745, 6.653051 ], [ -5.892502, 6.6527 ], [ -5.892325, 6.652327 ], [ -5.891487, 6.650741 ], [ -5.889532, 6.648115 ], [ -5.889273, 6.647771 ], [ -5.888923, 6.64721 ], [ -5.888926775403462, 6.647207643772431 ], [ -5.888514, 6.646536 ], [ -5.888342, 6.646135 ], [ -5.89165, 6.644716 ], [ -5.898491, 6.642897 ], [ -5.899063, 6.642229 ], [ -5.895333, 6.63419 ], [ -5.888801, 6.629269 ], [ -5.888647, 6.628483 ], [ -5.888688, 6.627939 ], [ -5.888793, 6.627399 ], [ -5.884745, 6.621271 ], [ -5.881352, 6.622198 ], [ -5.879231, 6.62277 ], [ -5.877253, 6.623298 ], [ -5.876217, 6.623722 ], [ -5.875595, 6.624052 ], [ -5.873602, 6.625512 ], [ -5.870878, 6.627556 ], [ -5.868979, 6.628991 ], [ -5.867058, 6.630444 ], [ -5.864717, 6.632158 ], [ -5.861848, 6.634205 ], [ -5.859253, 6.636032 ], [ -5.856506, 6.637955 ], [ -5.855727, 6.638391 ], [ -5.855089, 6.638692 ], [ -5.854321, 6.63897 ], [ -5.853437, 6.639212 ], [ -5.85227, 6.639451 ], [ -5.8484, 6.640127 ], [ -5.84453, 6.640803 ], [ -5.84066, 6.641478 ], [ -5.83679, 6.642154 ], [ -5.831586, 6.643671 ], [ -5.829769, 6.652213 ], [ -5.830069, 6.653137 ], [ -5.830098, 6.653593 ], [ -5.830073, 6.653978 ], [ -5.830592, 6.659561 ], [ -5.827484, 6.661378 ], [ -5.826901, 6.660379 ], [ -5.82632, 6.65921 ], [ -5.826102, 6.658576 ], [ -5.825953, 6.657747 ], [ -5.826000279813051, 6.657206382465533 ], [ -5.82595, 6.657199 ], [ -5.826075, 6.656352 ], [ -5.826115, 6.655692 ], [ -5.818555, 6.650939 ], [ -5.817718, 6.651288 ], [ -5.815848, 6.651936 ], [ -5.813983, 6.652582 ], [ -5.808362, 6.65794 ], [ -5.805767, 6.660409 ], [ -5.805711, 6.660354 ], [ -5.805294, 6.6598 ], [ -5.805115, 6.659499 ], [ -5.803963217536713, 6.658269648513675 ], [ -5.802835620984458, 6.658071206578403 ], [ -5.7955, 6.659351 ], [ -5.78735, 6.656757 ], [ -5.78546, 6.656684 ], [ -5.78357, 6.656611 ], [ -5.783709, 6.653014 ], [ -5.785599, 6.653087 ], [ -5.787489, 6.65316 ], [ -5.790094, 6.653244 ], [ -5.792709, 6.65333 ], [ -5.793622002429819, 6.653326085734491 ], [ -5.793622, 6.653326 ], [ -5.79454, 6.6533 ], [ -5.795491, 6.653232 ], [ -5.800107408880063, 6.652796151608579 ], [ -5.803707, 6.648311 ], [ -5.803606, 6.647768 ], [ -5.80358, 6.647007 ], [ -5.803610482650245, 6.647005949458413 ], [ -5.803613, 6.646578 ], [ -5.803683, 6.646239 ], [ -5.803763, 6.645731 ], [ -5.803925, 6.6447 ], [ -5.80405, 6.644184 ], [ -5.80426, 6.643594 ], [ -5.807652, 6.644802 ], [ -5.814669, 6.648534 ], [ -5.81654, 6.647886 ], [ -5.817157, 6.647622 ], [ -5.817965, 6.647202 ], [ -5.818487, 6.646883 ], [ -5.819148, 6.646427 ], [ -5.820938, 6.64514 ], [ -5.827304, 6.638972 ], [ -5.827239, 6.638627 ], [ -5.827189, 6.638101 ], [ -5.827213, 6.637647 ], [ -5.826168, 6.632498 ], [ -5.825585, 6.631576 ], [ -5.825102, 6.630766 ], [ -5.824533, 6.629265 ], [ -5.824136, 6.627309 ], [ -5.823766, 6.626004 ], [ -5.82343, 6.624924 ], [ -5.823342, 6.624423 ], [ -5.823179, 6.623409 ], [ -5.823119, 6.623077 ], [ -5.826662, 6.622435 ], [ -5.82679, 6.622952 ], [ -5.826879, 6.623412 ], [ -5.82713, 6.624547 ], [ -5.827244, 6.625037 ], [ -5.827368048063566, 6.625491636152968 ], [ -5.82741, 6.625482 ], [ -5.827644, 6.626503 ], [ -5.829812, 6.631273 ], [ -5.830043, 6.631722 ], [ -5.830315, 6.632628 ], [ -5.830487, 6.633162 ], [ -5.836169, 6.638608 ], [ -5.84004, 6.637932 ], [ -5.843911, 6.637256 ], [ -5.847781, 6.636581 ], [ -5.851651, 6.635905 ], [ -5.85718, 6.633089 ], [ -5.859775, 6.631262 ], [ -5.862625, 6.629228 ], [ -5.864932, 6.627539 ], [ -5.866808, 6.62612 ], [ -5.868706, 6.624684 ], [ -5.871442, 6.622632 ], [ -5.873467, 6.621148 ], [ -5.873998, 6.62082 ], [ -5.874568, 6.620522 ], [ -5.875302, 6.620182 ], [ -5.876032, 6.619911 ], [ -5.878293, 6.619295 ], [ -5.880088, 6.610507 ], [ -5.876656, 6.60942 ], [ -5.872278, 6.6055 ], [ -5.872273, 6.601961 ], [ -5.872777859545071, 6.598480542197114 ], [ -5.869528, 6.59209 ], [ -5.866991, 6.590452 ], [ -5.864667, 6.588972 ], [ -5.862344, 6.587493 ], [ -5.862344151476351, 6.58749276213357 ], [ -5.861597, 6.587017 ], [ -5.859951, 6.585964 ], [ -5.858304, 6.584911 ], [ -5.860244, 6.581879 ], [ -5.86189, 6.582931 ], [ -5.863536, 6.583984 ], [ -5.864277758743175, 6.584456378850556 ], [ -5.864278, 6.584456 ], [ -5.866245295500256, 6.585709378106061 ], [ -5.868925, 6.587416 ], [ -5.877152, 6.585156 ], [ -5.87709, 6.583272 ], [ -5.877235, 6.581519 ], [ -5.877198, 6.581002 ], [ -5.876274, 6.578249 ], [ -5.875915, 6.577621 ], [ -5.878947, 6.57568 ], [ -5.879263, 6.576173 ], [ -5.879408, 6.576431 ], [ -5.879806, 6.577128 ], [ -5.880202, 6.577923 ], [ -5.880687, 6.579185 ], [ -5.880726416316651, 6.579836612081584 ], [ -5.880804, 6.579837 ], [ -5.880822, 6.581202 ], [ -5.880747, 6.583187 ], [ -5.881471, 6.586234 ], [ -5.881561, 6.586649 ], [ -5.881694, 6.587297 ], [ -5.881595, 6.588191 ], [ -5.881586, 6.588338 ], [ -5.88141, 6.589064 ], [ -5.883468, 6.596807 ], [ -5.88539, 6.59839 ], [ -5.888245, 6.600703 ], [ -5.895278, 6.595194 ], [ -5.895003, 6.594573 ], [ -5.894657, 6.59367 ], [ -5.894218, 6.592792 ], [ -5.893608, 6.590602 ], [ -5.896804, 6.588944 ], [ -5.900438, 6.590255 ], [ -5.904038, 6.590255 ], [ -5.909585, 6.583577 ], [ -5.909173, 6.581825 ], [ -5.908887, 6.580814 ], [ -5.908268, 6.57881 ], [ -5.907566, 6.577389 ], [ -5.907262, 6.576662 ], [ -5.907109, 6.576109 ], [ -5.907029, 6.575593 ], [ -5.907011, 6.57521 ], [ -5.907103, 6.574541 ], [ -5.90761, 6.570395 ], [ -5.907584, 6.56957 ], [ -5.907638, 6.56877 ], [ -5.907753, 6.567496 ], [ -5.908024, 6.565146 ], [ -5.908039, 6.564669 ], [ -5.908162, 6.563996 ], [ -5.908326, 6.563578 ], [ -5.908479, 6.563296 ], [ -5.908686, 6.562967 ], [ -5.911733, 6.564884 ], [ -5.911583, 6.565979 ], [ -5.911504, 6.566823 ], [ -5.911489218592072, 6.566926594069009 ], [ -5.911492, 6.566927 ], [ -5.911385, 6.567657 ], [ -5.911284, 6.568641 ], [ -5.911309, 6.570569 ], [ -5.91157, 6.572669 ], [ -5.911618, 6.573085 ], [ -5.911611, 6.573622 ], [ -5.91215, 6.578918 ], [ -5.912413, 6.580091 ], [ -5.912631, 6.580828 ], [ -5.913493, 6.583416 ], [ -5.913781, 6.584415 ], [ -5.914162, 6.585526 ], [ -5.914146, 6.586602 ], [ -5.914412, 6.588427 ], [ -5.914593, 6.589194 ], [ -5.914642, 6.589946 ], [ -5.914666, 6.59153 ], [ -5.914576, 6.592433 ], [ -5.920204, 6.598089 ], [ -5.922872, 6.596737 ], [ -5.929238, 6.591474 ], [ -5.930203, 6.589688 ], [ -5.931159, 6.587919 ], [ -5.932356, 6.585647 ], [ -5.933984, 6.582622 ], [ -5.934133, 6.575344 ], [ -5.933646, 6.573349 ], [ -5.933306, 6.572007 ], [ -5.932878, 6.570236 ], [ -5.932436, 6.5684 ], [ -5.932168, 6.567075 ], [ -5.931876, 6.565404 ], [ -5.931413, 6.562573 ], [ -5.931246, 6.561681 ], [ -5.930993, 6.560749 ], [ -5.930666, 6.559769 ], [ -5.930011, 6.557895 ], [ -5.929361, 6.556033 ], [ -5.928638, 6.553993 ], [ -5.92835, 6.552919 ], [ -5.92821, 6.552284 ], [ -5.928051, 6.551114 ], [ -5.927982, 6.549884 ], [ -5.927986, 6.549262 ], [ -5.922836, 6.542068 ], [ -5.922448, 6.541987 ], [ -5.921697, 6.541728 ], [ -5.917698, 6.540356 ], [ -5.914507, 6.538689 ], [ -5.914739, 6.538245 ], [ -5.916938, 6.534744 ], [ -5.917699, 6.534731 ], [ -5.918672, 6.534765 ], [ -5.919264, 6.534885 ], [ -5.919804, 6.53515 ], [ -5.928199, 6.536358 ], [ -5.934825, 6.531393 ], [ -5.93529, 6.530516 ], [ -5.93583, 6.52957 ], [ -5.93664, 6.527897 ], [ -5.937382, 6.52644 ], [ -5.93784, 6.52544 ], [ -5.938231, 6.524675 ], [ -5.938867, 6.523352 ], [ -5.939851, 6.521389 ], [ -5.940137, 6.520786 ], [ -5.941168, 6.518623 ], [ -5.943702, 6.512336 ], [ -5.944421019091978, 6.510063927217975 ], [ -5.945587, 6.505619 ], [ -5.94792, 6.502838 ], [ -5.950763, 6.505046 ], [ -5.947853, 6.511151 ], [ -5.947134, 6.513422 ], [ -5.946818, 6.514459 ], [ -5.946299, 6.515988 ], [ -5.945885255278905, 6.518622849832236 ], [ -5.946616, 6.52573 ], [ -5.943886, 6.528077 ], [ -5.938011, 6.53307 ], [ -5.937303, 6.534334 ], [ -5.936714, 6.535441 ], [ -5.935457, 6.537742 ], [ -5.938127, 6.546104 ], [ -5.938664, 6.546259 ], [ -5.938928, 6.546381 ], [ -5.94034, 6.547012 ], [ -5.941281, 6.547324 ], [ -5.940345, 6.5508 ], [ -5.939767, 6.550644 ], [ -5.93341, 6.556708 ], [ -5.934064, 6.558582 ], [ -5.934407, 6.559609 ], [ -5.934718, 6.560726 ], [ -5.934948, 6.561891 ], [ -5.935429, 6.564822 ], [ -5.943709, 6.568186 ], [ -5.944106, 6.568055 ], [ -5.944969, 6.567859 ], [ -5.945366, 6.567801 ], [ -5.946794, 6.56763 ], [ -5.948407, 6.567256 ], [ -5.949054, 6.567063 ], [ -5.95057, 6.566893 ], [ -5.950952, 6.566839 ], [ -5.955281, 6.565838 ], [ -5.955976, 6.565618 ], [ -5.957383, 6.565291 ], [ -5.958167, 6.565157 ], [ -5.961547, 6.564465 ], [ -5.9626, 6.564097 ], [ -5.963965, 6.563729 ], [ -5.964544, 6.563612 ], [ -5.965602, 6.563372 ], [ -5.966138, 6.563306 ], [ -5.967026, 6.563418 ], [ -5.967678, 6.563747 ], [ -5.969025, 6.564407 ], [ -5.971782, 6.566479 ], [ -5.971595, 6.566775 ], [ -5.971284, 6.567148 ], [ -5.970801, 6.567507 ], [ -5.969559, 6.567939 ], [ -5.969018, 6.568021 ], [ -5.968535, 6.567993 ], [ -5.961293, 6.573024 ], [ -5.960053, 6.579522 ], [ -5.961845, 6.582623 ], [ -5.969163, 6.585677 ], [ -5.97178, 6.58815 ], [ -5.970623, 6.589373 ], [ -5.969159, 6.590835 ], [ -5.968285238567596, 6.591168290443289 ], [ -5.968321, 6.591308 ], [ -5.966734, 6.59176 ], [ -5.96518, 6.592099 ], [ -5.963503, 6.592637 ], [ -5.961496, 6.592971 ], [ -5.959102, 6.594101 ], [ -5.958676, 6.594324 ], [ -5.958, 6.594525 ], [ -5.957486, 6.594587 ], [ -5.954576, 6.595665 ], [ -5.954012, 6.595973 ], [ -5.953353, 6.596178 ], [ -5.952767, 6.59624 ], [ -5.951939, 6.596347 ], [ -5.950992, 6.596481 ], [ -5.947618, 6.597787 ], [ -5.946721, 6.598166 ], [ -5.945843, 6.598505 ], [ -5.944787, 6.598803 ], [ -5.942202, 6.606971 ], [ -5.950189, 6.610675 ], [ -5.953501, 6.610355 ], [ -5.956813, 6.610034 ], [ -5.960125, 6.609714 ], [ -5.963437, 6.609393 ], [ -5.966797, 6.609069 ], [ -5.969174, 6.608902 ], [ -5.971552, 6.608735 ], [ -5.97393, 6.608569 ], [ -5.977838, 6.60829 ], [ -5.98376, 6.604255 ], [ -5.985014, 6.598488 ], [ -5.985008, 6.597934 ], [ -5.98491, 6.596825 ], [ -5.984659, 6.593258 ], [ -5.984481, 6.592148 ], [ -5.984483, 6.591771 ], [ -5.984522, 6.591141 ], [ -5.984726, 6.590458 ], [ -5.985079, 6.589951 ], [ -5.987322, 6.584902 ], [ -5.990917, 6.584711 ], [ -5.990942, 6.585191 ], [ -5.991049, 6.58643 ], [ -5.991171, 6.586942 ], [ -5.999881, 6.588944 ], [ -6.003478, 6.588695 ], [ -6.004271, 6.589934 ], [ -6.004658, 6.590881 ], [ -6.004438, 6.592227 ], [ -6.004363, 6.592954 ], [ -6.004235, 6.593564 ], [ -6.004036, 6.594167 ], [ -6.003815, 6.599428 ], [ -6.004014, 6.600292 ], [ -6.004099, 6.60072 ], [ -6.004121, 6.601192 ], [ -6.008262, 6.606947 ], [ -6.01156, 6.60747 ], [ -6.013991, 6.607777 ], [ -6.015981, 6.608048 ], [ -6.017819, 6.608319 ], [ -6.019638, 6.608588 ], [ -6.022472, 6.608977 ], [ -6.024599, 6.609345 ], [ -6.026813, 6.609731 ], [ -6.034618, 6.608856 ], [ -6.037059, 6.611502 ], [ -6.042129, 6.613993 ], [ -6.04158, 6.617551 ], [ -6.033388, 6.618357 ], [ -6.029893, 6.617494 ], [ -6.023985, 6.612892 ], [ -6.021858, 6.612524 ], [ -6.019151, 6.612155 ] ] ], [ [ [ -6.547556186878146, 6.915863340955579 ], [ -6.547557, 6.915864 ], [ -6.545942, 6.917857 ], [ -6.547847, 6.926295 ], [ -6.548772, 6.926714 ], [ -6.548771824977972, 6.926714386841137 ], [ -6.548868, 6.926758 ], [ -6.549437, 6.927057 ], [ -6.550356, 6.92748 ], [ -6.550801, 6.927705 ], [ -6.5515, 6.927984 ], [ -6.552341, 6.928701 ], [ -6.552309948880318, 6.928768576987681 ], [ -6.55233, 6.928788 ], [ -6.552274856246512, 6.928844949579282 ], [ -6.550838, 6.931972 ], [ -6.550367, 6.931756 ], [ -6.548255, 6.930457 ], [ -6.547288343903839, 6.929993239889089 ], [ -6.547288, 6.929994 ], [ -6.545995, 6.92949 ], [ -6.544352, 6.929031 ], [ -6.54363, 6.928862 ], [ -6.543323916417411, 6.928748668760965 ], [ -6.54332, 6.928759 ], [ -6.541915, 6.928227 ], [ -6.534145, 6.932342 ], [ -6.534049, 6.933092 ], [ -6.534047947792875, 6.933091865638071 ], [ -6.534039, 6.933161 ], [ -6.533608, 6.935797 ], [ -6.533603652833991, 6.93579628913497 ], [ -6.53357, 6.936 ], [ -6.533322, 6.938396 ], [ -6.533215, 6.939179 ], [ -6.529648, 6.938693 ], [ -6.529738, 6.93679 ], [ -6.530057231512659, 6.935216364905391 ], [ -6.530055, 6.935216 ], [ -6.530482168561415, 6.932603433113947 ], [ -6.530568993582651, 6.93192511263554 ], [ -6.530644, 6.931064 ], [ -6.530805, 6.930344 ], [ -6.530154234431563, 6.926127231224444 ], [ -6.529764893766792, 6.92556291853622 ], [ -6.52700340797686, 6.921560404515416 ], [ -6.524178, 6.919731 ], [ -6.522162, 6.918813 ], [ -6.52062, 6.918297 ], [ -6.518855, 6.917798 ], [ -6.517, 6.917271 ], [ -6.514653, 6.916496 ], [ -6.513541, 6.916158 ], [ -6.510961, 6.915497 ], [ -6.510003, 6.915146 ], [ -6.507611781977962, 6.91442442099335 ], [ -6.501523, 6.919553 ], [ -6.502623, 6.922405 ], [ -6.502835, 6.922865 ], [ -6.503467, 6.924084 ], [ -6.503774, 6.924656 ], [ -6.50411, 6.925491 ], [ -6.505769, 6.929472 ], [ -6.505971, 6.929805 ], [ -6.505956270226323, 6.929813901927487 ], [ -6.506119, 6.930111 ], [ -6.506745, 6.931804 ], [ -6.507371, 6.933496 ], [ -6.507341164926741, 6.933507046754021 ], [ -6.507598, 6.934245 ], [ -6.508985, 6.93769 ], [ -6.506252, 6.940033 ], [ -6.505167, 6.939087 ], [ -6.504978, 6.938938 ], [ -6.50449531925293, 6.938526658860201 ], [ -6.50447, 6.93854 ], [ -6.504342, 6.938396 ], [ -6.503881, 6.937253 ], [ -6.501238, 6.929937 ], [ -6.501027, 6.929562 ], [ -6.500822, 6.928953 ], [ -6.500752, 6.928559 ], [ -6.498751, 6.923107 ], [ -6.498519, 6.922677 ], [ -6.498367, 6.922303 ], [ -6.498154, 6.921617 ], [ -6.498012, 6.920984 ], [ -6.497647, 6.918049 ], [ -6.497571, 6.917215 ], [ -6.493456, 6.910467 ], [ -6.492319, 6.909805 ], [ -6.491628, 6.909342 ], [ -6.489484, 6.907864 ], [ -6.488112, 6.907048 ], [ -6.486459, 6.905952 ], [ -6.485562, 6.905443 ], [ -6.478212, 6.905561 ], [ -6.476096, 6.907599 ], [ -6.475887, 6.91507 ], [ -6.476367, 6.915887 ], [ -6.473445, 6.91799 ], [ -6.472138423640704, 6.920406468219503 ], [ -6.472478, 6.920617 ], [ -6.473126, 6.921199 ], [ -6.473513, 6.921719 ], [ -6.470627, 6.923871 ], [ -6.468381, 6.926451 ], [ -6.464103, 6.932886 ], [ -6.470188, 6.936487 ], [ -6.471238, 6.93748 ], [ -6.470419, 6.940079 ], [ -6.469931, 6.948802 ], [ -6.471446, 6.949298 ], [ -6.474418, 6.949127 ], [ -6.474874, 6.948994 ], [ -6.475828, 6.948822 ], [ -6.476525, 6.948812 ], [ -6.478091, 6.948819 ], [ -6.479737, 6.948728 ], [ -6.482204, 6.94869 ], [ -6.482651, 6.948659 ], [ -6.483342, 6.94872 ], [ -6.484045, 6.948972 ], [ -6.487805, 6.950318 ], [ -6.488436, 6.950554 ], [ -6.488949, 6.950974 ], [ -6.493482519352562, 6.954250675723276 ], [ -6.494174, 6.954705 ], [ -6.496156, 6.955206 ], [ -6.496816, 6.955395 ], [ -6.497801, 6.956004 ], [ -6.499095, 6.957304 ], [ -6.4994, 6.957596 ], [ -6.49691, 6.960196 ], [ -6.494022, 6.958496 ], [ -6.492936582054242, 6.958086141661107 ], [ -6.492328426847991, 6.957894277934678 ], [ -6.492274885594576, 6.957880802057634 ], [ -6.483831, 6.960856 ], [ -6.483249, 6.960798 ], [ -6.482469, 6.960717 ], [ -6.481567891725486, 6.960377381438654 ], [ -6.480434, 6.960183 ], [ -6.47998, 6.960055 ], [ -6.477973, 6.959996 ], [ -6.476049, 6.960267 ], [ -6.476265, 6.969237 ], [ -6.477005, 6.969463 ], [ -6.477572, 6.969779 ], [ -6.478172, 6.970067 ], [ -6.478170097493233, 6.970073187642519 ], [ -6.478495, 6.970202 ], [ -6.479069, 6.970513 ], [ -6.479563, 6.970821 ], [ -6.480004, 6.971158 ], [ -6.480636, 6.971728 ], [ -6.481483, 6.9726 ], [ -6.485668, 6.974941 ], [ -6.488603, 6.975387 ], [ -6.489035, 6.975457 ], [ -6.48947, 6.975595 ], [ -6.490434, 6.97595 ], [ -6.491201, 6.976283 ], [ -6.491197952747219, 6.976290862895913 ], [ -6.491395, 6.976372 ], [ -6.492084, 6.976759 ], [ -6.492392, 6.977001 ], [ -6.492944, 6.977526 ], [ -6.494397, 6.978605 ], [ -6.493876, 6.982167 ], [ -6.492954, 6.982033 ], [ -6.491691, 6.981308 ], [ -6.491452, 6.981123 ], [ -6.487302, 6.979128 ], [ -6.48261, 6.978953 ], [ -6.481333, 6.978771 ], [ -6.481007, 6.97868 ], [ -6.473079, 6.982117 ], [ -6.472884, 6.983195 ], [ -6.472694, 6.98401 ], [ -6.472554, 6.984469 ], [ -6.472372, 6.98502 ], [ -6.472045, 6.985895 ], [ -6.47124039201401, 6.987709276751669 ], [ -6.470246, 6.994717 ], [ -6.470544, 6.996557 ], [ -6.47095, 6.999283 ], [ -6.471247, 7.001463 ], [ -6.471575, 7.00369 ], [ -6.473837908681811, 7.007339741388115 ], [ -6.479199, 7.01116 ], [ -6.480477, 7.014526 ], [ -6.480377, 7.014583 ], [ -6.480058, 7.014744 ], [ -6.479561, 7.014882 ], [ -6.474645, 7.022078 ], [ -6.476458, 7.025259 ], [ -6.476337, 7.026661 ], [ -6.47562, 7.032022 ], [ -6.472038, 7.032381 ], [ -6.47181, 7.030108 ], [ -6.471582, 7.027835 ], [ -6.467028, 7.02188 ], [ -6.466311, 7.02066 ], [ -6.466199, 7.019351 ], [ -6.469258, 7.012446 ], [ -6.469233127561336, 7.01228001011265 ], [ -6.468396, 7.00941 ], [ -6.467686, 7.001988 ], [ -6.467383, 6.99977 ], [ -6.466984, 6.997086 ], [ -6.466692, 6.995295 ], [ -6.466582, 6.994463 ], [ -6.466488, 6.993641 ], [ -6.466447, 6.993037 ], [ -6.466444, 6.992402 ], [ -6.466477, 6.991346 ], [ -6.466627, 6.990186 ], [ -6.466904, 6.988897 ], [ -6.467298, 6.987743 ], [ -6.467376389096599, 6.987550567811995 ], [ -6.467375, 6.98755 ], [ -6.467929, 6.986194 ], [ -6.469364, 6.978212 ], [ -6.469009, 6.975666 ], [ -6.468631, 6.972864 ], [ -6.468254, 6.97007 ], [ -6.468054, 6.96796 ], [ -6.461482, 6.962619 ], [ -6.459544, 6.962973 ], [ -6.459045, 6.963129 ], [ -6.458521, 6.963187 ], [ -6.457623071000647, 6.963168195204203 ], [ -6.452265223369556, 6.965354512519734 ], [ -6.448721, 6.968465 ], [ -6.448418, 6.968904 ], [ -6.448385449567324, 6.968881545364702 ], [ -6.448054, 6.969293 ], [ -6.446778, 6.97114 ], [ -6.446771524127805, 6.971136125797405 ], [ -6.446574, 6.97142 ], [ -6.445674, 6.972084 ], [ -6.443787, 6.973544 ], [ -6.44348, 6.973812 ], [ -6.441114, 6.971099 ], [ -6.441737, 6.970493 ], [ -6.442315, 6.969921 ], [ -6.44456, 6.967733 ], [ -6.44503, 6.96712 ], [ -6.446512, 6.964385 ], [ -6.44669, 6.963999 ], [ -6.447222579637586, 6.963425519638613 ], [ -6.447196, 6.963391 ], [ -6.447914, 6.962681 ], [ -6.448332, 6.962168 ], [ -6.451252059170216, 6.95541391561056 ], [ -6.449710335863754, 6.953652702587274 ], [ -6.448793189562679, 6.952604985397723 ], [ -6.447242024524727, 6.951569038161655 ], [ -6.445743939985078, 6.950568540793371 ], [ -6.443909329335671, 6.951666889434433 ], [ -6.443267, 6.952156 ], [ -6.442803, 6.952723 ], [ -6.441225, 6.954219 ], [ -6.440193, 6.955048 ], [ -6.43961, 6.955422 ], [ -6.438508, 6.955955 ], [ -6.437745, 6.956364 ], [ -6.434684, 6.958328 ], [ -6.434052, 6.958877 ], [ -6.434051133661031, 6.958876002664414 ], [ -6.433983, 6.958935 ], [ -6.433592, 6.959247 ], [ -6.433586054226324, 6.959239553222907 ], [ -6.433403, 6.95938 ], [ -6.431418, 6.960653 ], [ -6.431048, 6.960911 ], [ -6.430331, 6.961242 ], [ -6.429866, 6.961326 ], [ -6.429235, 6.961368 ], [ -6.423770086350861, 6.957451167691744 ], [ -6.421256, 6.958876 ], [ -6.420795, 6.959061 ], [ -6.42016, 6.959257 ], [ -6.419003, 6.955848 ], [ -6.420244, 6.954737 ], [ -6.42119, 6.954004 ], [ -6.424785, 6.949535 ], [ -6.4250787028671, 6.949123159666804 ], [ -6.425077, 6.949122 ], [ -6.42552, 6.948471 ], [ -6.426759, 6.946307 ], [ -6.427172, 6.945601 ], [ -6.428117, 6.944898 ], [ -6.429358, 6.936519 ], [ -6.428077, 6.935474 ], [ -6.428042, 6.935327 ], [ -6.428027, 6.935162 ], [ -6.428149, 6.934092 ], [ -6.428716, 6.932502 ], [ -6.428854443427166, 6.925947962300303 ], [ -6.427804769040621, 6.923694328909423 ], [ -6.427383, 6.923063 ], [ -6.427432, 6.922894 ], [ -6.427633, 6.922482 ], [ -6.428094, 6.921752 ], [ -6.428565, 6.921353 ], [ -6.430865600036426, 6.917065743195142 ], [ -6.426638, 6.911364 ], [ -6.421984, 6.911489 ], [ -6.421241, 6.911721 ], [ -6.415955, 6.915077 ], [ -6.413262, 6.916791 ], [ -6.409648792279707, 6.918195821212024 ], [ -6.410061, 6.919144 ], [ -6.410449, 6.919941 ], [ -6.413307, 6.92297 ], [ -6.413715, 6.923196 ], [ -6.412561843540074, 6.926709671798575 ], [ -6.412907, 6.927806 ], [ -6.414458, 6.930904 ], [ -6.414436692951817, 6.93091987511626 ], [ -6.414653, 6.931228 ], [ -6.415014, 6.932403 ], [ -6.415081, 6.933699 ], [ -6.411713, 6.934971 ], [ -6.411466, 6.934317 ], [ -6.410971696515049, 6.932972807123929 ], [ -6.410295, 6.93288 ], [ -6.406779, 6.932107 ], [ -6.405007988198746, 6.928735706141519 ], [ -6.403422, 6.928547 ], [ -6.403042, 6.928488 ], [ -6.402826, 6.928441 ], [ -6.402494354155554, 6.928122151955504 ], [ -6.399668, 6.931035 ], [ -6.399605, 6.93198 ], [ -6.399589844849184, 6.931978991625544 ], [ -6.399566, 6.932267 ], [ -6.399374, 6.933101 ], [ -6.399249, 6.934142 ], [ -6.399038, 6.935094 ], [ -6.398361, 6.936846 ], [ -6.397679, 6.938258 ], [ -6.394438, 6.936691 ], [ -6.386997, 6.93693 ], [ -6.383604, 6.935726 ], [ -6.383919, 6.93484 ], [ -6.384506, 6.933071 ], [ -6.385106, 6.931267 ], [ -6.385526, 6.930099 ], [ -6.385536939004425, 6.929916436050443 ], [ -6.377254, 6.927122 ], [ -6.37459, 6.928864 ], [ -6.374012, 6.928296 ], [ -6.373312, 6.927455 ], [ -6.373013614378219, 6.926300800209672 ], [ -6.372743, 6.926262 ], [ -6.372725556534815, 6.926176627344788 ], [ -6.371153, 6.924114 ], [ -6.371673, 6.921595 ], [ -6.37176, 6.920606 ], [ -6.370689478481895, 6.917071371602245 ], [ -6.369562204380271, 6.916776017706801 ], [ -6.36239, 6.91703 ], [ -6.362128253225515, 6.917039384473015 ], [ -6.359886, 6.918868 ], [ -6.359885440258959, 6.918867641107215 ], [ -6.359885, 6.918868 ], [ -6.359716, 6.918759 ], [ -6.359442, 6.918545 ], [ -6.356620837760173, 6.917667693816814 ], [ -6.351953624837015, 6.918761201391798 ], [ -6.351593518802719, 6.919072242121993 ], [ -6.350534421779996, 6.919987034655081 ], [ -6.350388, 6.920865 ], [ -6.350425, 6.923169 ], [ -6.350434, 6.923878 ], [ -6.350483, 6.924855 ], [ -6.350475, 6.925177 ], [ -6.35043, 6.926528 ], [ -6.346832, 6.926408 ], [ -6.339751, 6.920982 ], [ -6.338482, 6.921293 ], [ -6.337565, 6.92145 ], [ -6.328931, 6.919108 ], [ -6.328367, 6.919536 ], [ -6.328119, 6.919683 ], [ -6.326129, 6.917046 ], [ -6.320006, 6.910452 ], [ -6.318832, 6.910398 ], [ -6.318832019992771, 6.910397569496981 ], [ -6.315908, 6.910262 ], [ -6.311832, 6.910073 ], [ -6.31063, 6.910032 ], [ -6.31046, 6.910023 ], [ -6.310637, 6.906428 ], [ -6.311955, 6.906475 ], [ -6.316075, 6.906666 ], [ -6.319031995431516, 6.906803098372862 ], [ -6.319032, 6.906803 ], [ -6.320173, 6.906856 ], [ -6.3223609223499, 6.906946825538617 ], [ -6.322361, 6.906945 ], [ -6.323313975401436, 6.906985578307416 ], [ -6.323314, 6.906985 ], [ -6.324848375523097, 6.907050557418239 ], [ -6.327012, 6.907142 ], [ -6.329803, 6.907261 ], [ -6.332595, 6.90738 ], [ -6.333381987956092, 6.907415269005556 ], [ -6.333382, 6.907415 ], [ -6.334342431011249, 6.9074583114323 ], [ -6.335583071346509, 6.907513910950105 ], [ -6.341216, 6.907415 ], [ -6.344357, 6.907721 ], [ -6.349366, 6.908119 ], [ -6.351286, 6.908208 ], [ -6.353031, 6.908249 ], [ -6.356398, 6.908365 ], [ -6.359965793384594, 6.901332026757359 ], [ -6.360179, 6.900145 ], [ -6.35891, 6.899355 ], [ -6.358910071947673, 6.899354413929663 ], [ -6.357635, 6.89856 ], [ -6.357635065816983, 6.898559748954594 ], [ -6.357207, 6.898293 ], [ -6.357207107707836, 6.898292676659228 ], [ -6.357198, 6.898287 ], [ -6.359119576249987, 6.892550246004681 ], [ -6.358724, 6.887493 ], [ -6.358637, 6.887098 ], [ -6.358459, 6.886327 ], [ -6.361788, 6.884956 ], [ -6.361909, 6.88525 ], [ -6.362078, 6.885862 ], [ -6.364986, 6.890923 ], [ -6.364694, 6.891464 ], [ -6.366035, 6.900021 ], [ -6.366467, 6.90051 ], [ -6.375152, 6.900659 ], [ -6.378742, 6.90039 ], [ -6.380998004117114, 6.900395924232394 ], [ -6.381369, 6.900077 ], [ -6.382031, 6.899684 ], [ -6.382477, 6.899476 ], [ -6.386709429021987, 6.900141243101753 ], [ -6.385889, 6.892657 ], [ -6.385526, 6.89228 ], [ -6.384911, 6.891689 ], [ -6.3847, 6.891343 ], [ -6.384455, 6.890791 ], [ -6.383918, 6.889555 ], [ -6.384035, 6.888451 ], [ -6.384245, 6.888049 ], [ -6.385058, 6.886637 ], [ -6.38515, 6.886458 ], [ -6.385151038047848, 6.88645853296398 ], [ -6.385327, 6.886121 ], [ -6.385371950254329, 6.886108494553159 ], [ -6.385845, 6.885435 ], [ -6.386233, 6.885119 ], [ -6.386269525250078, 6.885124883261758 ], [ -6.386513, 6.884821 ], [ -6.386619, 6.884715 ], [ -6.387358, 6.883987 ], [ -6.38823, 6.883564 ], [ -6.388535, 6.883462 ], [ -6.388735, 6.883463 ], [ -6.391955, 6.882689 ], [ -6.395059, 6.880865 ], [ -6.393491, 6.872062 ], [ -6.389948, 6.870418 ], [ -6.389747639793772, 6.870325003902021 ], [ -6.388809114697188, 6.869889508961431 ], [ -6.386777, 6.868947 ], [ -6.386777129756852, 6.868946720457865 ], [ -6.386726, 6.868923 ], [ -6.386726009214468, 6.868922980135676 ], [ -6.386532, 6.868833 ], [ -6.386532006574156, 6.868832985827594 ], [ -6.386407, 6.868775 ], [ -6.386407204531216, 6.8687745590766 ], [ -6.386406, 6.868774 ], [ -6.38640641851427, 6.868773098053404 ], [ -6.386333, 6.868739 ], [ -6.385644, 6.868376 ], [ -6.384259, 6.867805 ], [ -6.383378, 6.867424 ], [ -6.383381089853337, 6.867416853768174 ], [ -6.383205, 6.867339 ], [ -6.381993, 6.86666 ], [ -6.380203, 6.865689 ], [ -6.378413, 6.864719 ], [ -6.380129, 6.861554 ], [ -6.381919, 6.862525 ], [ -6.383709, 6.863495 ], [ -6.385688, 6.864501 ], [ -6.387016, 6.865047 ], [ -6.387934766519834, 6.865514925510618 ], [ -6.388046993103268, 6.865567014867807 ], [ -6.388047, 6.865567 ], [ -6.388240987934759, 6.865657026009953 ], [ -6.388241, 6.865657 ], [ -6.388292949425266, 6.865681108955858 ], [ -6.388293, 6.865681 ], [ -6.389131064657078, 6.866070065773459 ], [ -6.389354574158264, 6.866173793209717 ], [ -6.391464, 6.867152 ], [ -6.395006, 6.868796 ], [ -6.40088, 6.869221 ], [ -6.404143, 6.867751 ], [ -6.405390313025427, 6.859490252081214 ], [ -6.404899, 6.859193 ], [ -6.404079, 6.858964 ], [ -6.403833, 6.858314 ], [ -6.403832942339373, 6.858313849280912 ], [ -6.403556, 6.858239 ], [ -6.403297, 6.857563 ], [ -6.403295839231237, 6.857559085516646 ], [ -6.403278, 6.857558 ], [ -6.402667, 6.857398 ], [ -6.402666846638323, 6.85739727147811 ], [ -6.402643, 6.857391 ], [ -6.401245, 6.850643 ], [ -6.400747, 6.849782 ], [ -6.396134, 6.842717 ], [ -6.396532, 6.839139 ], [ -6.397119, 6.838249 ], [ -6.400698, 6.838635 ], [ -6.409224, 6.840615 ], [ -6.411371, 6.837725 ], [ -6.414822, 6.832454 ], [ -6.415004, 6.831859 ], [ -6.415334, 6.831228 ], [ -6.415423, 6.831108 ], [ -6.417799, 6.83269 ], [ -6.424437, 6.832647 ], [ -6.424868, 6.832489 ], [ -6.425528, 6.832332 ], [ -6.425982, 6.832276 ], [ -6.42648, 6.832295 ], [ -6.427524, 6.832833 ], [ -6.42766, 6.832958 ], [ -6.428483294751217, 6.833717210452817 ], [ -6.428941, 6.833754 ], [ -6.429169198145732, 6.833767077257635 ], [ -6.429373368248673, 6.833670217031633 ], [ -6.429391476377869, 6.833661626364043 ], [ -6.431175699290485, 6.831685800854108 ], [ -6.434705, 6.826444 ], [ -6.428962, 6.8232 ], [ -6.428866185508233, 6.821636104809858 ], [ -6.425825, 6.821242 ], [ -6.422518, 6.819819 ], [ -6.422425, 6.816241 ], [ -6.423713, 6.80823 ], [ -6.427118, 6.807059 ], [ -6.428421, 6.809453 ], [ -6.42858702290081, 6.809983774902401 ], [ -6.428639, 6.80997 ], [ -6.428954, 6.811157 ], [ -6.42913, 6.812232 ], [ -6.429186, 6.812744 ], [ -6.429945, 6.815653 ], [ -6.43329, 6.819235 ], [ -6.43401, 6.819735 ], [ -6.434199325378189, 6.819901381577204 ], [ -6.434205, 6.819895 ], [ -6.439335, 6.814471 ], [ -6.441487, 6.812337 ], [ -6.444336, 6.810136 ], [ -6.44955, 6.803383 ], [ -6.449652, 6.801858 ], [ -6.449652312822758, 6.801858020901298 ], [ -6.449708, 6.801028 ], [ -6.449976, 6.797561 ], [ -6.44339, 6.791883 ], [ -6.442101, 6.792406 ], [ -6.441612, 6.792512 ], [ -6.44118, 6.792518 ], [ -6.43643, 6.793647 ], [ -6.435783, 6.79391 ], [ -6.435259, 6.793982 ], [ -6.434674, 6.793982 ], [ -6.433347, 6.793899 ], [ -6.433571, 6.790306 ], [ -6.436031, 6.789202 ], [ -6.436216329819532, 6.789091991390546 ], [ -6.436213, 6.789086 ], [ -6.436405, 6.78898 ], [ -6.43688, 6.788786 ], [ -6.437241, 6.788689 ], [ -6.43793, 6.788613 ], [ -6.439054, 6.788685 ], [ -6.439268, 6.788683 ], [ -6.439968, 6.78871 ], [ -6.441915, 6.788496 ], [ -6.442104349770402, 6.788460772135739 ], [ -6.442103, 6.788453 ], [ -6.442775, 6.788336 ], [ -6.443956321566584, 6.788033846794026 ], [ -6.445647, 6.787337 ], [ -6.448250528093378, 6.783166401191645 ], [ -6.449508, 6.779043 ], [ -6.44753, 6.777234 ], [ -6.447530093607035, 6.777233897687125 ], [ -6.447188, 6.776921 ], [ -6.447118, 6.776855 ], [ -6.447083, 6.776822 ], [ -6.447083002227244, 6.776821790039438 ], [ -6.443225, 6.773288 ], [ -6.442514, 6.772669 ], [ -6.441302, 6.77167 ], [ -6.44359, 6.768891 ], [ -6.448213, 6.770454 ], [ -6.449549, 6.77118 ], [ -6.458057, 6.768336 ], [ -6.458619, 6.766921 ], [ -6.459298, 6.765131 ], [ -6.459860586666409, 6.763650073334013 ], [ -6.460126457205901, 6.762949430413629 ], [ -6.460465, 6.761976 ], [ -6.460465815457457, 6.761976283971067 ], [ -6.460483, 6.761927 ], [ -6.461197, 6.759994 ], [ -6.461487, 6.759169 ], [ -6.46167, 6.758714 ], [ -6.46199, 6.757836 ], [ -6.462582, 6.756152 ], [ -6.462823, 6.755432 ], [ -6.463383, 6.75397 ], [ -6.464619, 6.750606 ], [ -6.465854, 6.747241 ], [ -6.469233, 6.748482 ], [ -6.467998, 6.751847 ], [ -6.466763, 6.755211 ], [ -6.466, 6.757283 ], [ -6.465386, 6.75903 ], [ -6.465052, 6.759947 ], [ -6.464596, 6.761181 ], [ -6.463864596116572, 6.763159859353536 ], [ -6.463865, 6.76316 ], [ -6.463863961333199, 6.763162986534855 ], [ -6.463864, 6.763163 ], [ -6.463512, 6.764175 ], [ -6.46349267446742, 6.764225876402069 ], [ -6.463493, 6.764226 ], [ -6.463393964368635, 6.764486986471514 ], [ -6.463394, 6.764487 ], [ -6.46335352870226, 6.764593545714335 ], [ -6.463343886067611, 6.764618956742248 ], [ -6.463344, 6.764619 ], [ -6.463226586666301, 6.764928073334295 ], [ -6.462739, 6.766213 ], [ -6.461984, 6.768199 ], [ -6.461403, 6.769665 ], [ -6.4612, 6.770137 ], [ -6.460491, 6.771986 ], [ -6.460442768605419, 6.77210790839623 ], [ -6.460443, 6.772108 ], [ -6.459403, 6.774736 ], [ -6.458579, 6.776959 ], [ -6.459398, 6.784191 ], [ -6.459632, 6.785708 ], [ -6.459667652059843, 6.78598982104447 ], [ -6.460481512854144, 6.787146343197223 ], [ -6.460960257993258, 6.787826655312987 ], [ -6.461018742590301, 6.787909763791179 ], [ -6.465217813547655, 6.792912865168563 ], [ -6.469713, 6.7904 ], [ -6.472666, 6.792458 ], [ -6.472328, 6.792945 ], [ -6.471891, 6.793494 ], [ -6.471482, 6.793965 ], [ -6.471232747475671, 6.794193988091457 ], [ -6.471239, 6.794201 ], [ -6.470744, 6.794643 ], [ -6.469943, 6.795217 ], [ -6.469126, 6.795699 ], [ -6.468612, 6.795962 ], [ -6.468134, 6.796162 ], [ -6.468029350895503, 6.79619809681668 ], [ -6.46803, 6.7962 ], [ -6.468027902914308, 6.796200715343414 ], [ -6.468028, 6.796201 ], [ -6.467473, 6.79639 ], [ -6.466697, 6.796585 ], [ -6.466544266652407, 6.796610384453022 ], [ -6.466545, 6.796615 ], [ -6.465981, 6.796704 ], [ -6.465852696862275, 6.796716716771173 ], [ -6.465853, 6.79672 ], [ -6.465416, 6.79676 ], [ -6.464857, 6.796783 ], [ -6.463733278703073, 6.796719254122552 ], [ -6.463733, 6.796724 ], [ -6.46359905065729, 6.796716137145501 ], [ -6.463599, 6.796717 ], [ -6.461004988762421, 6.796563865168443 ], [ -6.460871, 6.796556 ], [ -6.455675796731841, 6.799814148339551 ], [ -6.453514493576947, 6.803063060537915 ], [ -6.453885751673782, 6.804387626328651 ], [ -6.459199, 6.80985 ], [ -6.46009, 6.80991 ], [ -6.460582, 6.809958 ], [ -6.461521, 6.810159 ], [ -6.461704, 6.810201 ], [ -6.462421, 6.810332 ], [ -6.462739, 6.8104 ], [ -6.463307, 6.810572 ], [ -6.463758, 6.810759 ], [ -6.464398, 6.810999 ], [ -6.467006, 6.811659 ], [ -6.467645, 6.811752 ], [ -6.468691, 6.812357 ], [ -6.46905, 6.812884 ], [ -6.469253, 6.813587 ], [ -6.469202, 6.814395 ], [ -6.469003, 6.814929 ], [ -6.468515857421875, 6.818290095703126 ], [ -6.469534432368575, 6.819987720614292 ], [ -6.470201281074258, 6.820626513518857 ], [ -6.471957184277389, 6.822305318886505 ], [ -6.472488, 6.821513 ], [ -6.47252, 6.821262 ], [ -6.475635, 6.820446 ], [ -6.476369, 6.821177 ], [ -6.481851, 6.826344 ], [ -6.485564819945568, 6.832052502154656 ], [ -6.485974, 6.832255 ], [ -6.487282, 6.838185 ], [ -6.487242, 6.838637 ], [ -6.487541, 6.843742 ], [ -6.486805, 6.847266 ], [ -6.485884, 6.847115 ], [ -6.48538, 6.847065 ], [ -6.484142, 6.846646 ], [ -6.483674, 6.846493 ], [ -6.479703071703331, 6.847773115593976 ], [ -6.479744704566782, 6.851759462269336 ], [ -6.480096891121492, 6.853276386745564 ], [ -6.481436, 6.856368 ], [ -6.481437752511424, 6.856371091435385 ], [ -6.482966, 6.857041 ], [ -6.490622174248661, 6.857147348377905 ], [ -6.491175, 6.85623 ], [ -6.494684, 6.855427 ], [ -6.500389, 6.859174 ], [ -6.501025, 6.859345 ], [ -6.501735, 6.859868 ], [ -6.502274, 6.860407 ], [ -6.502429, 6.861043 ], [ -6.502563, 6.862134 ], [ -6.502605, 6.86267 ], [ -6.506962, 6.868537 ], [ -6.510417, 6.868167 ], [ -6.515297, 6.860666 ], [ -6.514982, 6.859946 ], [ -6.51464, 6.85923 ], [ -6.513806, 6.85765 ], [ -6.513563, 6.856833 ], [ -6.513533, 6.856579 ], [ -6.513529, 6.856023 ], [ -6.513633, 6.855331 ], [ -6.514107, 6.853006 ], [ -6.513466, 6.845735 ], [ -6.513476245199206, 6.845716275140165 ], [ -6.513352, 6.845376 ], [ -6.513224, 6.844762 ], [ -6.515239807732129, 6.840990880613615 ], [ -6.513628, 6.835171 ], [ -6.516477, 6.83297 ], [ -6.518133, 6.835115 ], [ -6.518669, 6.835935 ], [ -6.51912, 6.836763 ], [ -6.519443, 6.83745 ], [ -6.519616, 6.837926 ], [ -6.519771, 6.838656 ], [ -6.519788411792303, 6.838823547435362 ], [ -6.519794, 6.838823 ], [ -6.519877, 6.839676 ], [ -6.519881754622723, 6.839790110945359 ], [ -6.519885, 6.83979 ], [ -6.519896, 6.840132 ], [ -6.519891, 6.840653 ], [ -6.519889525700833, 6.840696983258479 ], [ -6.51989, 6.840697 ], [ -6.519889862237963, 6.840700995099072 ], [ -6.51989, 6.840701 ], [ -6.519873, 6.84119 ], [ -6.519841, 6.841516 ], [ -6.51981776808987, 6.841653573311299 ], [ -6.51982, 6.841654 ], [ -6.519562456938667, 6.843794579059777 ], [ -6.519549, 6.844701 ], [ -6.519546791057201, 6.844752948240981 ], [ -6.519548, 6.844753 ], [ -6.519491, 6.846065 ], [ -6.519393, 6.846802 ], [ -6.519187, 6.847772 ], [ -6.519125, 6.848128 ], [ -6.518931, 6.848697 ], [ -6.518836, 6.849041 ], [ -6.518797, 6.849154 ], [ -6.518390332417132, 6.850517764170152 ], [ -6.518297, 6.851129 ], [ -6.518184, 6.851586 ], [ -6.517822, 6.852746 ], [ -6.517641, 6.853693 ], [ -6.518116288095744, 6.857504241807062 ], [ -6.526332, 6.857406 ], [ -6.526587, 6.857378 ], [ -6.527564, 6.857525 ], [ -6.529615440505236, 6.85768726441197 ], [ -6.530502, 6.856681 ], [ -6.530147, 6.854865 ], [ -6.529964, 6.854379 ], [ -6.529996181282246, 6.854366887840341 ], [ -6.529853, 6.853894 ], [ -6.52977, 6.852939 ], [ -6.529770501338598, 6.852938956672716 ], [ -6.529768, 6.85291 ], [ -6.529768289140137, 6.852909975011586 ], [ -6.529767, 6.852895 ], [ -6.529770672356062, 6.852894682534752 ], [ -6.529759, 6.852753 ], [ -6.529775, 6.852201 ], [ -6.53003, 6.851363 ], [ -6.53031, 6.850957 ], [ -6.530728, 6.850526 ], [ -6.531417, 6.849977 ], [ -6.53396, 6.852526 ], [ -6.534011166573154, 6.854624654766604 ], [ -6.541753, 6.858616 ], [ -6.545342, 6.857373 ], [ -6.550941957757417, 6.851256078633208 ], [ -6.550034, 6.848407 ], [ -6.5497, 6.847933 ], [ -6.549494, 6.847271 ], [ -6.553877, 6.842524 ], [ -6.555085, 6.840038 ], [ -6.558504, 6.841166 ], [ -6.558222, 6.842021 ], [ -6.558027, 6.842729 ], [ -6.557743, 6.843397 ], [ -6.557505, 6.843766 ], [ -6.556938133874056, 6.845127229518326 ], [ -6.563094, 6.851209 ], [ -6.565091, 6.85054 ], [ -6.567073, 6.849851 ], [ -6.569173, 6.849129 ], [ -6.569173115331881, 6.849129335932467 ], [ -6.569954, 6.848861 ], [ -6.56995410345035, 6.848861301324585 ], [ -6.57038, 6.848715 ], [ -6.575004, 6.846031 ], [ -6.578232, 6.844438 ], [ -6.579155, 6.844173 ], [ -6.580833, 6.843623 ], [ -6.589664, 6.842213 ], [ -6.592406, 6.841366 ], [ -6.593795, 6.84086 ], [ -6.595029, 6.844242 ], [ -6.593017, 6.845396 ], [ -6.589032, 6.846215 ], [ -6.583375, 6.848814 ], [ -6.580725, 6.851568 ], [ -6.578733, 6.854203 ], [ -6.578216, 6.854923 ], [ -6.577827, 6.855268 ], [ -6.577511, 6.855458 ], [ -6.577131, 6.855635 ], [ -6.576624, 6.855833 ], [ -6.570372576821832, 6.85391051771999 ], [ -6.569236, 6.854561 ], [ -6.562221, 6.855298 ], [ -6.556828, 6.860056 ], [ -6.550075, 6.859542 ], [ -6.54652, 6.860774 ], [ -6.542932, 6.862018 ], [ -6.542136, 6.870849 ], [ -6.542425, 6.871125 ], [ -6.539942, 6.873732 ], [ -6.531569, 6.87509 ], [ -6.528658, 6.877209 ], [ -6.526428, 6.874923 ], [ -6.52581, 6.874017 ], [ -6.525528, 6.873541 ], [ -6.52532, 6.873084 ], [ -6.52426, 6.871397 ], [ -6.52274797691301, 6.870474855877958 ], [ -6.514986, 6.870365 ], [ -6.510731, 6.873399 ], [ -6.50757, 6.875121 ], [ -6.499514, 6.878703 ], [ -6.497796, 6.881437 ], [ -6.497156, 6.888096 ], [ -6.49704219651688, 6.888557695202878 ], [ -6.496878, 6.890947 ], [ -6.496973668554465, 6.891261260077166 ], [ -6.497221534630912, 6.891705540110275 ], [ -6.4979315065598, 6.89297810776695 ], [ -6.499639, 6.894327 ], [ -6.500376690974714, 6.897046011424499 ], [ -6.500774, 6.897305 ], [ -6.500523365238424, 6.897760974084313 ], [ -6.500512, 6.89782 ], [ -6.500027, 6.898664 ], [ -6.499574, 6.89939 ], [ -6.498546, 6.9003 ], [ -6.500606, 6.908909 ], [ -6.502102, 6.909384 ], [ -6.502563, 6.909536 ], [ -6.503133, 6.909676 ], [ -6.504729, 6.909969 ], [ -6.506684, 6.910395 ], [ -6.508762, 6.910853 ], [ -6.509725, 6.911145 ], [ -6.511278, 6.91178 ], [ -6.514591, 6.912714 ], [ -6.515784, 6.913078 ], [ -6.517984, 6.913808 ], [ -6.519838, 6.914335 ], [ -6.521781, 6.914889 ], [ -6.523654, 6.915537 ], [ -6.52567, 6.916454 ], [ -6.528799, 6.917685 ], [ -6.530651, 6.91841 ], [ -6.532614, 6.919183 ], [ -6.533588, 6.919644 ], [ -6.54184, 6.917766 ], [ -6.54274, 6.916239 ], [ -6.542751660279125, 6.916245867611206 ], [ -6.543145, 6.91559 ], [ -6.545691, 6.911496 ], [ -6.546105, 6.910748 ], [ -6.546788, 6.909947 ], [ -6.547771, 6.909192 ], [ -6.547771358628152, 6.909192467050616 ], [ -6.547785, 6.909182 ], [ -6.54778518535435, 6.909182241307191 ], [ -6.547852, 6.909131 ], [ -6.549668, 6.907806 ], [ -6.55179, 6.910713 ], [ -6.548372, 6.91447 ], [ -6.548277853306904, 6.9146506391835 ], [ -6.548286, 6.914655 ], [ -6.548275873018844, 6.914673931967235 ], [ -6.548276, 6.914674 ], [ -6.54788, 6.915414 ], [ -6.54761415789296, 6.915749114689112 ], [ -6.547635, 6.915766 ], [ -6.547556186878146, 6.915863340955579 ] ] ], [ [ [ -8.210513, 7.350618 ], [ -8.207599, 7.348735 ], [ -8.207589, 7.348587 ], [ -8.207872, 7.347552 ], [ -8.205928, 7.340367 ], [ -8.20155, 7.337838 ], [ -8.201581, 7.337617 ], [ -8.202017, 7.336629 ], [ -8.202813, 7.335853 ], [ -8.203398, 7.335335 ], [ -8.204078, 7.334792 ], [ -8.204538, 7.327 ], [ -8.201807, 7.325246 ], [ -8.201559, 7.322572 ], [ -8.194017, 7.319372 ], [ -8.190868, 7.321116 ], [ -8.184209, 7.32205 ], [ -8.183554, 7.321759 ], [ -8.183188, 7.319813 ], [ -8.183566, 7.318987 ], [ -8.183719, 7.318651 ], [ -8.183787, 7.31852 ], [ -8.184236, 7.317617 ], [ -8.184401, 7.317353 ], [ -8.184789, 7.316895 ], [ -8.185402, 7.316437 ], [ -8.18652, 7.316086 ], [ -8.188021, 7.315455 ], [ -8.188671, 7.315284 ], [ -8.18906, 7.315182 ], [ -8.194026, 7.311872 ], [ -8.196346, 7.304752 ], [ -8.195897, 7.30268 ], [ -8.195458, 7.300475 ], [ -8.194463, 7.298744 ], [ -8.185554, 7.297938 ], [ -8.183551, 7.296504 ], [ -8.183325, 7.296093 ], [ -8.180769, 7.292118 ], [ -8.180375, 7.291007 ], [ -8.179119, 7.288583 ], [ -8.17887, 7.288145 ], [ -8.177244, 7.285894 ], [ -8.176667, 7.28527 ], [ -8.17411, 7.283469 ], [ -8.173437, 7.282879 ], [ -8.165144, 7.285284 ], [ -8.165048, 7.288883 ], [ -8.164968, 7.288968 ], [ -8.164607, 7.289025 ], [ -8.163929, 7.288984 ], [ -8.157218, 7.292717 ], [ -8.157372, 7.297475 ], [ -8.158013, 7.299072 ], [ -8.15875, 7.300794 ], [ -8.158891, 7.301083 ], [ -8.159693, 7.302445 ], [ -8.159854, 7.302763 ], [ -8.160454, 7.303842 ], [ -8.161569, 7.305404 ], [ -8.162919, 7.307234 ], [ -8.163322, 7.307787 ], [ -8.163447, 7.30806 ], [ -8.163884, 7.309126 ], [ -8.164023, 7.309579 ], [ -8.165556, 7.313205 ], [ -8.165818, 7.313619 ], [ -8.165948, 7.313872 ], [ -8.169289, 7.318371 ], [ -8.168694, 7.321922 ], [ -8.166969, 7.321633 ], [ -8.166557, 7.321534 ], [ -8.166205, 7.32141 ], [ -8.165849, 7.32122 ], [ -8.165298, 7.320751 ], [ -8.164596, 7.319938 ], [ -8.163893, 7.318962 ], [ -8.163246, 7.318094 ], [ -8.163062, 7.317784 ], [ -8.162894, 7.317385 ], [ -8.160927, 7.31332 ], [ -8.160675, 7.312914 ], [ -8.160486, 7.312529 ], [ -8.16032, 7.311985 ], [ -8.158135, 7.307371 ], [ -8.157697, 7.306586 ], [ -8.157035, 7.305142 ], [ -8.1568, 7.304736 ], [ -8.156504, 7.304116 ], [ -8.155791, 7.302913 ], [ -8.155536, 7.302415 ], [ -8.155246, 7.301925 ], [ -8.154904, 7.301154 ], [ -8.154255, 7.299489 ], [ -8.154065, 7.299 ], [ -8.153369, 7.297363 ], [ -8.153214, 7.297028 ], [ -8.153081, 7.296662 ], [ -8.152974, 7.296263 ], [ -8.152857, 7.295602 ], [ -8.152846, 7.294983 ], [ -8.152979, 7.29428 ], [ -8.153058, 7.293998 ], [ -8.145703, 7.288875 ], [ -8.144445, 7.290302 ], [ -8.144141, 7.29067 ], [ -8.143762, 7.291087 ], [ -8.143463, 7.29144 ], [ -8.142627, 7.292808 ], [ -8.142271, 7.293467 ], [ -8.14173, 7.294785 ], [ -8.14132, 7.296221 ], [ -8.140953, 7.297212 ], [ -8.14076, 7.29765 ], [ -8.140436, 7.298219 ], [ -8.139701, 7.300116 ], [ -8.139519, 7.300728 ], [ -8.139324, 7.301198 ], [ -8.138662, 7.302871 ], [ -8.137952, 7.305333 ], [ -8.137859, 7.305853 ], [ -8.13768, 7.306553 ], [ -8.137574, 7.306877 ], [ -8.136859, 7.308767 ], [ -8.136671, 7.309124 ], [ -8.136439, 7.309449 ], [ -8.136212, 7.3097 ], [ -8.1331, 7.316254 ], [ -8.133324, 7.320719 ], [ -8.133347, 7.321208 ], [ -8.133317, 7.321539 ], [ -8.133211, 7.322428 ], [ -8.129618, 7.322198 ], [ -8.128712, 7.320373 ], [ -8.128483, 7.319839 ], [ -8.128384, 7.319544 ], [ -8.128293, 7.319113 ], [ -8.128267, 7.318581 ], [ -8.128288, 7.318326 ], [ -8.128404, 7.31777 ], [ -8.128555, 7.317287 ], [ -8.129617, 7.313091 ], [ -8.129842, 7.31239 ], [ -8.129974, 7.312031 ], [ -8.130256, 7.31138 ], [ -8.130547, 7.310802 ], [ -8.130732, 7.310423 ], [ -8.131174, 7.309759 ], [ -8.134544, 7.302693 ], [ -8.134817, 7.302118 ], [ -8.136443, 7.298129 ], [ -8.136513, 7.297846 ], [ -8.13666, 7.29741 ], [ -8.136793, 7.297107 ], [ -8.138265, 7.293808 ], [ -8.138561, 7.292844 ], [ -8.138822, 7.292234 ], [ -8.139199, 7.291591 ], [ -8.139454, 7.291108 ], [ -8.139789, 7.290415 ], [ -8.139994, 7.290064 ], [ -8.140604, 7.289252 ], [ -8.141007, 7.288769 ], [ -8.14166, 7.288021 ], [ -8.142832, 7.286583 ], [ -8.143243, 7.286198 ], [ -8.143723, 7.285868 ], [ -8.144039, 7.285633 ], [ -8.146258, 7.280564 ], [ -8.141974, 7.27607 ], [ -8.140974, 7.275944 ], [ -8.137915, 7.269949 ], [ -8.13111, 7.267692 ], [ -8.130465, 7.267744 ], [ -8.129691, 7.267862 ], [ -8.129389, 7.267919 ], [ -8.128648, 7.268085 ], [ -8.124247, 7.26925 ], [ -8.123641, 7.27616 ], [ -8.121253, 7.278849 ], [ -8.120215, 7.278204 ], [ -8.117122, 7.276496 ], [ -8.116679, 7.276309 ], [ -8.11395, 7.274724 ], [ -8.105899, 7.276442 ], [ -8.105096, 7.277692 ], [ -8.104374, 7.278532 ], [ -8.099558, 7.283565 ], [ -8.099437, 7.283739 ], [ -8.096295, 7.282279 ], [ -8.096319, 7.282137 ], [ -8.096383, 7.281429 ], [ -8.089309, 7.276237 ], [ -8.089015, 7.276332 ], [ -8.087971, 7.276777 ], [ -8.087585, 7.276909 ], [ -8.087061, 7.277065 ], [ -8.084516, 7.277965 ], [ -8.082229, 7.278719 ], [ -8.080348, 7.279006 ], [ -8.07785, 7.278567 ], [ -8.07629, 7.277786 ], [ -8.077902, 7.274567 ], [ -8.083371, 7.274552 ], [ -8.085666, 7.273709 ], [ -8.08623, 7.273562 ], [ -8.086535, 7.273466 ], [ -8.086795, 7.273374 ], [ -8.08759, 7.273026 ], [ -8.088145, 7.272831 ], [ -8.088826, 7.272544 ], [ -8.089402, 7.272332 ], [ -8.089698, 7.272196 ], [ -8.090393, 7.271936 ], [ -8.09069, 7.271851 ], [ -8.091307, 7.271765 ], [ -8.093229, 7.271425 ], [ -8.093348, 7.262485 ], [ -8.091959, 7.262315 ], [ -8.086639, 7.262234 ], [ -8.085975, 7.262252 ], [ -8.085137, 7.262368 ], [ -8.082743, 7.262963 ], [ -8.082077, 7.263116 ], [ -8.081255, 7.263266 ], [ -8.080496, 7.263339 ], [ -8.079269, 7.263332 ], [ -8.078155, 7.263232 ], [ -8.077392, 7.263061 ], [ -8.070646, 7.268523 ], [ -8.070471, 7.268672 ], [ -8.070121, 7.268759 ], [ -8.069092, 7.269128 ], [ -8.068548, 7.268846 ], [ -8.068116, 7.268622 ], [ -8.065935, 7.267599 ], [ -8.063693, 7.266546 ], [ -8.061283, 7.265243 ], [ -8.060768, 7.264898 ], [ -8.056671, 7.260946 ], [ -8.056165, 7.260811 ], [ -8.055352, 7.260684 ], [ -8.054041, 7.260642 ], [ -8.048609, 7.267549 ], [ -8.04899, 7.268929 ], [ -8.049134, 7.269505 ], [ -8.049155, 7.270012 ], [ -8.049335, 7.2727 ], [ -8.049476, 7.273389 ], [ -8.049461, 7.273989 ], [ -8.049364, 7.274424 ], [ -8.04921, 7.274844 ], [ -8.049089, 7.275102 ], [ -8.048522, 7.275287 ], [ -8.048019, 7.275309 ], [ -8.046802, 7.275307 ], [ -8.044929, 7.272683 ], [ -8.044883, 7.271784 ], [ -8.044858, 7.271392 ], [ -8.044927, 7.270838 ], [ -8.044625, 7.26659 ], [ -8.044571, 7.266055 ], [ -8.044617, 7.265585 ], [ -8.039424, 7.258402 ], [ -8.03752, 7.258172 ], [ -8.035532, 7.25793 ], [ -8.034799, 7.257801 ], [ -8.034086, 7.257618 ], [ -8.032782, 7.257176 ], [ -8.030024, 7.256002 ], [ -8.022704, 7.257197 ], [ -8.020368, 7.257852 ], [ -8.020012, 7.25742 ], [ -8.019784, 7.257097 ], [ -8.019528, 7.25636 ], [ -8.019603, 7.2555 ], [ -8.014886, 7.248769 ], [ -8.012173, 7.248812 ], [ -8.011925, 7.248793 ], [ -8.012193, 7.245203 ], [ -8.014819, 7.245169 ], [ -8.016072, 7.245299 ], [ -8.017253, 7.245604 ], [ -8.018123, 7.246009 ], [ -8.018744, 7.246409 ], [ -8.025952, 7.25044 ], [ -8.028661, 7.251551 ], [ -8.03139, 7.252671 ], [ -8.037951, 7.254598 ], [ -8.039855, 7.254828 ], [ -8.040679, 7.254995 ], [ -8.041598, 7.255237 ], [ -8.043179, 7.25575 ], [ -8.047177, 7.256678 ], [ -8.053595, 7.25707 ], [ -8.054623, 7.25703 ], [ -8.058489, 7.256005 ], [ -8.064761, 7.250054 ], [ -8.064788, 7.249364 ], [ -8.06465, 7.24707 ], [ -8.06457, 7.246318 ], [ -8.064609, 7.245879 ], [ -8.064839, 7.243706 ], [ -8.065116, 7.240383 ], [ -8.065373, 7.239583 ], [ -8.066114, 7.237834 ], [ -8.067112, 7.237466 ], [ -8.07018, 7.238782 ], [ -8.070023, 7.239281 ], [ -8.069629, 7.242167 ], [ -8.069578, 7.242749 ], [ -8.069411, 7.243365 ], [ -8.06863, 7.247624 ], [ -8.068691, 7.24828 ], [ -8.068597, 7.249141 ], [ -8.068535, 7.249459 ], [ -8.068444, 7.250914 ], [ -8.068437, 7.251704 ], [ -8.073763, 7.258276 ], [ -8.080865, 7.25297 ], [ -8.081025, 7.252861 ], [ -8.083864, 7.244382 ], [ -8.083098, 7.242404 ], [ -8.083753, 7.23895 ], [ -8.08383, 7.238947 ], [ -8.084728, 7.239145 ], [ -8.085685, 7.239799 ], [ -8.08623, 7.240351 ], [ -8.086426, 7.240613 ], [ -8.086545, 7.240796 ], [ -8.086888, 7.241371 ], [ -8.087232, 7.242141 ], [ -8.088846, 7.244432 ], [ -8.096629, 7.245811 ], [ -8.097009, 7.245667 ], [ -8.097763, 7.245438 ], [ -8.098447, 7.245319 ], [ -8.098574, 7.245312 ], [ -8.099171, 7.245313 ], [ -8.099966, 7.245628 ], [ -8.100587, 7.246063 ], [ -8.101376, 7.246957 ], [ -8.104541, 7.249678 ], [ -8.112547, 7.249706 ], [ -8.11355, 7.246249 ], [ -8.116169, 7.242298 ], [ -8.116626, 7.242067 ], [ -8.117521, 7.233352 ], [ -8.117218, 7.232593 ], [ -8.114716, 7.227648 ], [ -8.113246, 7.22614 ], [ -8.112834, 7.225529 ], [ -8.111837, 7.223735 ], [ -8.110746, 7.221746 ], [ -8.108699, 7.218338 ], [ -8.108002, 7.21702 ], [ -8.107785, 7.216287 ], [ -8.107652, 7.215707 ], [ -8.107601, 7.215398 ], [ -8.107557, 7.215097 ], [ -8.106982, 7.212287 ], [ -8.106924, 7.211404 ], [ -8.107047, 7.210756 ], [ -8.10729, 7.209639 ], [ -8.110597, 7.208218 ], [ -8.110791, 7.208668 ], [ -8.11093, 7.20903 ], [ -8.116186, 7.216126 ], [ -8.119248, 7.21802 ], [ -8.118915, 7.224042 ], [ -8.123054, 7.229588 ], [ -8.124076, 7.230467 ], [ -8.131101, 7.232602 ], [ -8.132528, 7.23505 ], [ -8.132372, 7.236045 ], [ -8.132813, 7.239169 ], [ -8.133555, 7.240433 ], [ -8.133709, 7.240731 ], [ -8.133994, 7.241293 ], [ -8.137581, 7.244891 ], [ -8.138444, 7.24516 ], [ -8.13915, 7.245332 ], [ -8.141345, 7.245878 ], [ -8.143958, 7.247555 ], [ -8.150464, 7.244692 ], [ -8.147627, 7.238198 ], [ -8.146639, 7.237912 ], [ -8.146085, 7.237635 ], [ -8.145573, 7.237239 ], [ -8.145194, 7.236826 ], [ -8.144682, 7.236117 ], [ -8.144233, 7.235482 ], [ -8.143998, 7.235136 ], [ -8.143523, 7.234281 ], [ -8.14306, 7.233374 ], [ -8.142518, 7.232567 ], [ -8.141933, 7.231315 ], [ -8.141714, 7.230721 ], [ -8.140988, 7.229032 ], [ -8.140756, 7.228574 ], [ -8.140522, 7.227952 ], [ -8.140134, 7.227151 ], [ -8.139924, 7.226357 ], [ -8.139998, 7.225594 ], [ -8.139995, 7.224517 ], [ -8.140037, 7.223567 ], [ -8.140213, 7.223002 ], [ -8.140531, 7.222439 ], [ -8.141731, 7.214036 ], [ -8.141282, 7.21233 ], [ -8.141083, 7.211601 ], [ -8.140653, 7.209784 ], [ -8.140417, 7.209044 ], [ -8.14039, 7.20862 ], [ -8.140413, 7.208271 ], [ -8.140505, 7.207713 ], [ -8.140709, 7.200632 ], [ -8.140546, 7.199772 ], [ -8.140499, 7.199128 ], [ -8.140568, 7.19825 ], [ -8.140673, 7.197904 ], [ -8.141027, 7.19703 ], [ -8.142607, 7.192366 ], [ -8.146127, 7.193122 ], [ -8.145494, 7.19607 ], [ -8.145331, 7.203008 ], [ -8.145432, 7.203818 ], [ -8.145392, 7.205027 ], [ -8.145377, 7.205436 ], [ -8.145255, 7.20627 ], [ -8.145126, 7.206856 ], [ -8.145121, 7.212351 ], [ -8.145616, 7.21426 ], [ -8.145721, 7.214636 ], [ -8.145825, 7.215934 ], [ -8.145826, 7.216361 ], [ -8.146043, 7.218849 ], [ -8.146133, 7.219438 ], [ -8.146104, 7.219946 ], [ -8.145944, 7.22066 ], [ -8.14584, 7.221027 ], [ -8.14567, 7.221484 ], [ -8.14538, 7.222034 ], [ -8.144672, 7.228131 ], [ -8.144958, 7.228913 ], [ -8.145288, 7.230007 ], [ -8.145988, 7.231279 ], [ -8.14626, 7.231709 ], [ -8.149484, 7.233805 ], [ -8.155506, 7.22953 ], [ -8.15559, 7.229181 ], [ -8.155754, 7.228792 ], [ -8.156006, 7.228002 ], [ -8.156271, 7.227297 ], [ -8.156753, 7.225952 ], [ -8.157009, 7.225527 ], [ -8.157418, 7.224659 ], [ -8.157428, 7.224654 ], [ -8.16065, 7.223193 ], [ -8.160726, 7.223311 ], [ -8.160964, 7.22395 ], [ -8.161025, 7.224497 ], [ -8.161013, 7.224865 ], [ -8.168863, 7.229026 ], [ -8.169686, 7.228117 ], [ -8.171018, 7.2266 ], [ -8.172344, 7.22509 ], [ -8.1742, 7.222963 ], [ -8.17475, 7.22221 ], [ -8.175404, 7.221073 ], [ -8.175567, 7.220771 ], [ -8.175889, 7.220092 ], [ -8.176515, 7.21836 ], [ -8.177134, 7.216646 ], [ -8.177942, 7.210862 ], [ -8.177842, 7.210107 ], [ -8.17701, 7.206708 ], [ -8.176506, 7.204654 ], [ -8.173908, 7.199134 ], [ -8.1734, 7.1984 ], [ -8.172608, 7.19719 ], [ -8.172042, 7.196132 ], [ -8.171553, 7.194896 ], [ -8.171278, 7.193537 ], [ -8.171188, 7.192763 ], [ -8.171184, 7.192596 ], [ -8.17118, 7.192254 ], [ -8.171237, 7.190906 ], [ -8.17136, 7.189424 ], [ -8.171703, 7.185316 ], [ -8.172214, 7.179216 ], [ -8.171279, 7.173249 ], [ -8.170337, 7.169084 ], [ -8.169414, 7.164992 ], [ -8.166911, 7.16074 ], [ -8.165431, 7.158901 ], [ -8.16473, 7.157786 ], [ -8.163972, 7.156222 ], [ -8.163572, 7.15504 ], [ -8.163302, 7.154006 ], [ -8.160327, 7.146823 ], [ -8.159653, 7.145119 ], [ -8.158816, 7.140611 ], [ -8.158209, 7.13806 ], [ -8.157695, 7.13583 ], [ -8.156638, 7.131872 ], [ -8.160075, 7.130801 ], [ -8.160654, 7.13266 ], [ -8.161204, 7.135022 ], [ -8.161717, 7.137253 ], [ -8.165215, 7.143403 ], [ -8.165731, 7.147166 ], [ -8.166166, 7.148764 ], [ -8.166337, 7.149668 ], [ -8.166685, 7.152463 ], [ -8.166848, 7.153386 ], [ -8.167049, 7.154107 ], [ -8.167378, 7.155057 ], [ -8.17546, 7.157372 ], [ -8.175838, 7.15716 ], [ -8.176336, 7.156949 ], [ -8.177744, 7.160262 ], [ -8.179305, 7.16733 ], [ -8.179474, 7.167927 ], [ -8.179279, 7.169124 ], [ -8.17859, 7.169856 ], [ -8.175841, 7.178084 ], [ -8.175813, 7.179319 ], [ -8.17529, 7.185615 ], [ -8.174948, 7.189723 ], [ -8.182346, 7.194802 ], [ -8.18267, 7.19458 ], [ -8.183045, 7.194358 ], [ -8.183435, 7.194168 ], [ -8.18392, 7.193956 ], [ -8.184443, 7.193699 ], [ -8.18741, 7.191334 ], [ -8.187873, 7.190782 ], [ -8.188212, 7.190482 ], [ -8.188507, 7.190271 ], [ -8.189198, 7.189838 ], [ -8.190364, 7.188983 ], [ -8.190912, 7.18867 ], [ -8.191408, 7.188473 ], [ -8.19481, 7.187137 ], [ -8.195956, 7.186388 ], [ -8.196406, 7.186129 ], [ -8.197175, 7.185789 ], [ -8.201152, 7.183105 ], [ -8.203898, 7.185433 ], [ -8.203066, 7.186435 ], [ -8.200647, 7.190032 ], [ -8.200375, 7.19029 ], [ -8.199778, 7.190591 ], [ -8.198933, 7.19087 ], [ -8.19851, 7.190814 ], [ -8.195103, 7.191026 ], [ -8.189258, 7.195118 ], [ -8.189078, 7.195382 ], [ -8.188783, 7.195712 ], [ -8.184071, 7.203283 ], [ -8.183815, 7.204149 ], [ -8.182912, 7.206366 ], [ -8.181593, 7.211478 ], [ -8.181599, 7.212853 ], [ -8.181536, 7.21375 ], [ -8.181409, 7.214723 ], [ -8.181032, 7.21637 ], [ -8.180533, 7.217832 ], [ -8.1799, 7.219583 ], [ -8.179275, 7.221315 ], [ -8.178833, 7.222285 ], [ -8.178586, 7.222757 ], [ -8.181379, 7.230795 ], [ -8.18399, 7.231179 ], [ -8.184756, 7.231091 ], [ -8.185353, 7.231056 ], [ -8.185725, 7.231088 ], [ -8.193043, 7.22675 ], [ -8.193733, 7.225362 ], [ -8.194229, 7.224817 ], [ -8.194625, 7.224534 ], [ -8.194928, 7.224384 ], [ -8.195346, 7.224234 ], [ -8.195657, 7.224154 ], [ -8.196685, 7.223931 ], [ -8.198957, 7.223121 ], [ -8.200932, 7.222378 ], [ -8.204469, 7.220445 ], [ -8.204786, 7.220279 ], [ -8.208735, 7.21783 ], [ -8.209164, 7.217569 ], [ -8.20979, 7.217299 ], [ -8.210974, 7.216956 ], [ -8.211173, 7.216897 ], [ -8.213172, 7.218018 ], [ -8.213226, 7.218218 ], [ -8.212199, 7.220348 ], [ -8.209645, 7.221881 ], [ -8.209025, 7.222293 ], [ -8.208778, 7.22244 ], [ -8.205496, 7.224158 ], [ -8.204992, 7.224476 ], [ -8.203391, 7.225303 ], [ -8.20304, 7.225459 ], [ -8.202082, 7.225789 ], [ -8.199948, 7.226662 ], [ -8.195356, 7.230145 ], [ -8.19419, 7.231682 ], [ -8.193879, 7.232142 ], [ -8.192954, 7.237295 ], [ -8.199555, 7.242478 ], [ -8.202611, 7.24438 ], [ -8.206227, 7.247432 ], [ -8.206457, 7.247666 ], [ -8.206483, 7.247991 ], [ -8.206487, 7.2482 ], [ -8.206493, 7.250209 ], [ -8.205131, 7.251327 ], [ -8.204704, 7.251154 ], [ -8.200316, 7.250294 ], [ -8.19972, 7.250304 ], [ -8.199149, 7.250221 ], [ -8.198141, 7.249813 ], [ -8.197541, 7.249459 ], [ -8.19191, 7.247996 ], [ -8.191105, 7.248089 ], [ -8.189125, 7.248818 ], [ -8.187058, 7.257268 ], [ -8.188579, 7.259566 ], [ -8.191072, 7.261442 ], [ -8.192017, 7.264916 ], [ -8.191373, 7.265091 ], [ -8.189298, 7.264782 ], [ -8.186958, 7.263381 ], [ -8.18586, 7.262271 ], [ -8.185175, 7.260736 ], [ -8.176662, 7.260197 ], [ -8.176201, 7.260639 ], [ -8.174768, 7.261277 ], [ -8.174092, 7.261648 ], [ -8.173402, 7.262061 ], [ -8.171474, 7.263512 ], [ -8.169723, 7.264527 ], [ -8.163937, 7.26774 ], [ -8.165517, 7.272754 ], [ -8.170469, 7.275111 ], [ -8.171556, 7.275841 ], [ -8.173008, 7.276862 ], [ -8.173675, 7.277491 ], [ -8.173959, 7.277875 ], [ -8.174441, 7.278587 ], [ -8.175811, 7.280173 ], [ -8.176559, 7.28083 ], [ -8.179068, 7.282804 ], [ -8.179235, 7.282894 ], [ -8.179447, 7.283042 ], [ -8.180191, 7.283477 ], [ -8.181242, 7.284034 ], [ -8.18882, 7.280363 ], [ -8.190045, 7.278598 ], [ -8.190736, 7.278037 ], [ -8.191836, 7.27737 ], [ -8.192826, 7.27702 ], [ -8.193666, 7.276566 ], [ -8.194265, 7.276453 ], [ -8.195238, 7.276274 ], [ -8.196417, 7.275853 ], [ -8.1966, 7.275841 ], [ -8.198768, 7.27545 ], [ -8.19966, 7.27549 ], [ -8.200985, 7.27541 ], [ -8.201754, 7.275311 ], [ -8.202247, 7.275292 ], [ -8.202382, 7.27889 ], [ -8.208461, 7.285021 ], [ -8.209282, 7.285027 ], [ -8.209898, 7.284986 ], [ -8.214079, 7.283832 ], [ -8.214548, 7.28363 ], [ -8.215272, 7.283505 ], [ -8.218735, 7.2832 ], [ -8.223481, 7.28225 ], [ -8.224292, 7.282063 ], [ -8.225138, 7.281882 ], [ -8.226787, 7.281719 ], [ -8.230318, 7.281367 ], [ -8.231159, 7.281304 ], [ -8.231745, 7.281386 ], [ -8.232218, 7.281445 ], [ -8.23321, 7.281776 ], [ -8.23207, 7.285191 ], [ -8.22939, 7.285272 ], [ -8.228126, 7.285461 ], [ -8.22307, 7.287121 ], [ -8.222412, 7.28735 ], [ -8.221419, 7.287377 ], [ -8.218285, 7.287951 ], [ -8.217496, 7.288004 ], [ -8.213202, 7.288439 ], [ -8.212572, 7.288624 ], [ -8.211837, 7.288711 ], [ -8.211124, 7.288714 ], [ -8.210374, 7.288677 ], [ -8.209216, 7.288696 ], [ -8.208677, 7.288684 ], [ -8.207615, 7.288704 ], [ -8.206913, 7.288828 ], [ -8.206224, 7.288927 ], [ -8.20569, 7.29782 ], [ -8.20584, 7.297872 ], [ -8.207236, 7.298249 ], [ -8.207735, 7.298343 ], [ -8.20845, 7.298419 ], [ -8.209452, 7.298654 ], [ -8.209763, 7.298784 ], [ -8.21102, 7.299553 ], [ -8.211873, 7.300501 ], [ -8.212178, 7.300927 ], [ -8.212562, 7.301445 ], [ -8.213042, 7.302006 ], [ -8.21322, 7.302248 ], [ -8.21405, 7.303315 ], [ -8.218867, 7.306812 ], [ -8.2226, 7.307503 ], [ -8.223902, 7.307662 ], [ -8.226381, 7.308048 ], [ -8.230606, 7.30861 ], [ -8.231266, 7.312149 ], [ -8.230783, 7.312239 ], [ -8.229948, 7.3123 ], [ -8.228933, 7.312204 ], [ -8.22559, 7.311626 ], [ -8.224829, 7.311548 ], [ -8.223874, 7.311364 ], [ -8.222207, 7.311081 ], [ -8.221089, 7.311076 ], [ -8.214676, 7.317086 ], [ -8.214776, 7.317869 ], [ -8.214627, 7.318192 ], [ -8.214137, 7.319116 ], [ -8.213104, 7.320954 ], [ -8.213051, 7.320965 ], [ -8.211298, 7.329747 ], [ -8.212945, 7.330382 ], [ -8.218039, 7.329412 ], [ -8.218457, 7.329012 ], [ -8.218545, 7.328949 ], [ -8.219951, 7.327663 ], [ -8.220418, 7.327044 ], [ -8.221257, 7.326461 ], [ -8.221915, 7.326223 ], [ -8.22346, 7.325612 ], [ -8.22458, 7.325534 ], [ -8.22823, 7.325074 ], [ -8.230879, 7.327512 ], [ -8.230032, 7.328432 ], [ -8.229198, 7.328989 ], [ -8.228055, 7.329201 ], [ -8.22675, 7.329452 ], [ -8.225493, 7.32963 ], [ -8.225289, 7.329646 ], [ -8.221062, 7.331498 ], [ -8.219749, 7.33978 ], [ -8.220285, 7.340966 ], [ -8.227997, 7.344294 ], [ -8.229478, 7.347567 ], [ -8.236137, 7.351733 ], [ -8.237964, 7.354835 ], [ -8.24006, 7.36253 ], [ -8.2405, 7.363813 ], [ -8.237095, 7.364981 ], [ -8.234693, 7.364177 ], [ -8.231233, 7.359066 ], [ -8.230606, 7.356363 ], [ -8.223956, 7.353617 ], [ -8.221957, 7.350623 ], [ -8.214531, 7.350646 ], [ -8.210513, 7.350618 ] ] ], [ [ [ -7.641197, 7.541641 ], [ -7.643662202380074, 7.545109864954853 ], [ -7.647359, 7.548522 ], [ -7.648718, 7.552562 ], [ -7.645547, 7.554265 ], [ -7.640258, 7.547192 ], [ -7.63976, 7.546469 ], [ -7.639403, 7.545862 ], [ -7.635205, 7.53926 ], [ -7.634807423052798, 7.538784646204668 ], [ -7.634807, 7.538785 ], [ -7.633256, 7.536931 ], [ -7.631706, 7.535076 ], [ -7.630135, 7.533163 ], [ -7.629444, 7.532254 ], [ -7.628865, 7.531363 ], [ -7.628228, 7.530183 ], [ -7.623267553763585, 7.526131830886722 ], [ -7.622376, 7.525543 ], [ -7.618957, 7.52667 ], [ -7.618733, 7.525991 ], [ -7.618681532326185, 7.52555352477258 ], [ -7.618648, 7.525556 ], [ -7.618589, 7.524767 ], [ -7.618563, 7.523672 ], [ -7.618605, 7.522367 ], [ -7.618679, 7.521673 ], [ -7.618761, 7.521122 ], [ -7.619006, 7.520406 ], [ -7.619925, 7.517963 ], [ -7.618331, 7.510329 ], [ -7.617921, 7.509496 ], [ -7.617731, 7.509022 ], [ -7.613477, 7.501426 ], [ -7.612616, 7.500416 ], [ -7.61231, 7.499981 ], [ -7.6121, 7.499668 ], [ -7.61012, 7.496406 ], [ -7.604638, 7.489852 ], [ -7.604008, 7.489309 ], [ -7.603641, 7.488935 ], [ -7.602883, 7.488005 ], [ -7.601179, 7.48566 ], [ -7.59953, 7.483387 ], [ -7.597882, 7.481115 ], [ -7.592275, 7.474299 ], [ -7.591916, 7.473871 ], [ -7.590969, 7.472388 ], [ -7.589957, 7.470682 ], [ -7.588969, 7.469013 ], [ -7.588602, 7.468289 ], [ -7.583291, 7.461803 ], [ -7.582363, 7.461083 ], [ -7.581875, 7.460627 ], [ -7.58112, 7.459769 ], [ -7.580161, 7.458351 ], [ -7.579746, 7.457635 ], [ -7.578353, 7.45529 ], [ -7.576947, 7.452921 ], [ -7.572847, 7.448031 ], [ -7.572354, 7.447461 ], [ -7.571964, 7.446885 ], [ -7.571575, 7.446132 ], [ -7.57135, 7.445534 ], [ -7.57119, 7.444931 ], [ -7.569078, 7.440212 ], [ -7.568012, 7.438756 ], [ -7.567671, 7.438249 ], [ -7.567335, 7.437623 ], [ -7.567068, 7.436992 ], [ -7.558799, 7.440498 ], [ -7.55658397155305, 7.442121855314149 ], [ -7.556503, 7.442525 ], [ -7.555735, 7.442435 ], [ -7.553, 7.441615 ], [ -7.552354, 7.441433 ], [ -7.551737, 7.441006 ], [ -7.551116, 7.440199 ], [ -7.550344, 7.439072 ], [ -7.549584377830337, 7.437987600596574 ], [ -7.548429, 7.436985 ], [ -7.547506, 7.432929 ], [ -7.547371, 7.432463 ], [ -7.547285, 7.431841 ], [ -7.547296, 7.431388 ], [ -7.547259, 7.427943 ], [ -7.547175, 7.425777 ], [ -7.547097, 7.42533 ], [ -7.546938100982874, 7.424580121879768 ], [ -7.539677, 7.419797 ], [ -7.537075, 7.41208 ], [ -7.528981, 7.413159 ], [ -7.527782, 7.415208 ], [ -7.527478, 7.416038 ], [ -7.527193, 7.41687 ], [ -7.527041, 7.41721 ], [ -7.526225, 7.419209 ], [ -7.525969, 7.41986 ], [ -7.525594, 7.420613 ], [ -7.525255, 7.421212 ], [ -7.524408, 7.422848 ], [ -7.52358, 7.425393 ], [ -7.52347, 7.425826 ], [ -7.523325, 7.426263 ], [ -7.52311, 7.426779 ], [ -7.52287, 7.427265 ], [ -7.520123, 7.430732 ], [ -7.518722, 7.432659 ], [ -7.517511, 7.434808 ], [ -7.517224, 7.435272 ], [ -7.516856, 7.435779 ], [ -7.516486, 7.436196 ], [ -7.514183, 7.439177 ], [ -7.513828, 7.439608 ], [ -7.509238, 7.445501 ], [ -7.506001, 7.45368 ], [ -7.504300527915244, 7.456190701973581 ], [ -7.502932, 7.461936 ], [ -7.502908, 7.462465 ], [ -7.50099, 7.463647 ], [ -7.499727, 7.463266 ], [ -7.499485, 7.463084 ], [ -7.499312, 7.4623 ], [ -7.499278, 7.461679 ], [ -7.498825, 7.458798 ], [ -7.498938, 7.457821 ], [ -7.499383, 7.456424 ], [ -7.49955, 7.45592 ], [ -7.500645, 7.454052 ], [ -7.502483, 7.45005 ], [ -7.503005, 7.448752 ], [ -7.504012, 7.446446 ], [ -7.504756, 7.445192 ], [ -7.506888, 7.441585 ], [ -7.507198, 7.441025 ], [ -7.507644, 7.440524 ], [ -7.509588, 7.43817 ], [ -7.510008, 7.437643 ], [ -7.511772, 7.435942 ], [ -7.512426, 7.435157 ], [ -7.513726467472988, 7.432880400766892 ], [ -7.511674, 7.425856 ], [ -7.511886, 7.425 ], [ -7.51215, 7.424234 ], [ -7.513045, 7.423073 ], [ -7.512272, 7.41413 ], [ -7.50934, 7.412367 ], [ -7.500888, 7.410885 ], [ -7.500181, 7.410935 ], [ -7.494284, 7.411008 ], [ -7.490587, 7.410685 ], [ -7.482924, 7.414463 ], [ -7.482255, 7.416083 ], [ -7.481821, 7.417173 ], [ -7.481286, 7.418334 ], [ -7.480944, 7.419287 ], [ -7.480445, 7.420676 ], [ -7.479784, 7.421891 ], [ -7.4771, 7.428062 ], [ -7.476489, 7.431003 ], [ -7.475585, 7.433751 ], [ -7.475246, 7.434652 ], [ -7.474686, 7.436233 ], [ -7.473623, 7.441285 ], [ -7.472762, 7.445198 ], [ -7.472412, 7.450401 ], [ -7.472333, 7.451474 ], [ -7.472096, 7.45265 ], [ -7.471803, 7.453134 ], [ -7.470483, 7.452956 ], [ -7.469978, 7.452819 ], [ -7.468567, 7.451938 ], [ -7.468464, 7.447467 ], [ -7.46862, 7.445661 ], [ -7.468886, 7.444739 ], [ -7.469361, 7.442414 ], [ -7.46966, 7.438768 ], [ -7.469775, 7.437735 ], [ -7.470287, 7.436504 ], [ -7.47053, 7.435988 ], [ -7.471656, 7.43362 ], [ -7.472197, 7.431319 ], [ -7.47257, 7.430443 ], [ -7.473368, 7.425579 ], [ -7.47336, 7.424615 ], [ -7.473481, 7.423918 ], [ -7.468718, 7.416535 ], [ -7.467632, 7.416648 ], [ -7.464581, 7.416747 ], [ -7.463512, 7.416856 ], [ -7.461172, 7.417522 ], [ -7.460834, 7.41767 ], [ -7.459871, 7.418181 ], [ -7.459208, 7.418628 ], [ -7.458644, 7.419068 ], [ -7.457113, 7.420357 ], [ -7.45658, 7.420734 ], [ -7.456194, 7.420986 ], [ -7.455213, 7.421543 ], [ -7.454035, 7.422095 ], [ -7.453355, 7.422343 ], [ -7.450775, 7.423091 ], [ -7.449605, 7.42345 ], [ -7.447568, 7.424042 ], [ -7.44544, 7.424679 ], [ -7.44329, 7.425323 ], [ -7.442102, 7.425662 ], [ -7.439812, 7.426322 ], [ -7.433605, 7.429179 ], [ -7.431998, 7.430192 ], [ -7.431453, 7.430488 ], [ -7.429303, 7.431579 ], [ -7.427616, 7.432489 ], [ -7.425921, 7.433404 ], [ -7.424032, 7.43441 ], [ -7.422692, 7.435147 ], [ -7.420938, 7.442921 ], [ -7.421255, 7.443552 ], [ -7.422584, 7.445413 ], [ -7.42397, 7.44682 ], [ -7.424215, 7.44705 ], [ -7.424179264189197, 7.44708810078732 ], [ -7.42466, 7.447704 ], [ -7.42736, 7.449865 ], [ -7.428382, 7.450488 ], [ -7.42651, 7.453563 ], [ -7.425541, 7.453578 ], [ -7.42419, 7.453415 ], [ -7.423358, 7.452723 ], [ -7.423048, 7.452194 ], [ -7.422011, 7.45051 ], [ -7.421684, 7.45 ], [ -7.420477, 7.448611 ], [ -7.419385, 7.447524 ], [ -7.418678, 7.446862 ], [ -7.416821, 7.445398 ], [ -7.415322, 7.444334 ], [ -7.408017, 7.443744 ], [ -7.407352, 7.451917 ], [ -7.40853, 7.45408 ], [ -7.406008, 7.456649 ], [ -7.404979, 7.45564 ], [ -7.404833103768168, 7.455465183509196 ], [ -7.404827, 7.45547 ], [ -7.404641, 7.455235 ], [ -7.403724, 7.453529 ], [ -7.395561, 7.453049 ], [ -7.393353, 7.454539 ], [ -7.391799, 7.455561 ], [ -7.388734, 7.462657 ], [ -7.388827, 7.463953 ], [ -7.389289, 7.466945 ], [ -7.385834, 7.467958 ], [ -7.385578, 7.467084 ], [ -7.385422, 7.466301 ], [ -7.385011709668638, 7.465950070822963 ], [ -7.376777, 7.463613 ], [ -7.376277, 7.463869 ], [ -7.375981, 7.463986 ], [ -7.372339, 7.466911 ], [ -7.372179, 7.467084 ], [ -7.369544, 7.464631 ], [ -7.370187, 7.461409 ], [ -7.371108, 7.457929 ], [ -7.376441, 7.456153 ], [ -7.384201360525579, 7.456006041431709 ], [ -7.385484, 7.455449 ], [ -7.38825, 7.453587 ], [ -7.38982, 7.452554 ], [ -7.391374, 7.451531 ], [ -7.393548, 7.450065 ], [ -7.397991, 7.446606 ], [ -7.399041, 7.445799 ], [ -7.403797, 7.442663 ], [ -7.405638, 7.441042 ], [ -7.406975, 7.439833 ], [ -7.408329, 7.438608 ], [ -7.408430003732933, 7.438527529992993 ], [ -7.408428, 7.438525 ], [ -7.409239, 7.437883 ], [ -7.410143, 7.437273 ], [ -7.411321, 7.436619 ], [ -7.412192, 7.436219 ], [ -7.4143, 7.435437 ], [ -7.415607, 7.434848 ], [ -7.415779, 7.434755 ], [ -7.416564, 7.434319 ], [ -7.421328, 7.42699 ], [ -7.417449, 7.422613 ], [ -7.415237, 7.421132 ], [ -7.413608, 7.419764 ], [ -7.408896, 7.415744 ], [ -7.410026, 7.412326 ], [ -7.411488, 7.412722 ], [ -7.411744657208118, 7.412807552402706 ], [ -7.411749, 7.412795 ], [ -7.412925, 7.413201 ], [ -7.414233, 7.414046 ], [ -7.415139, 7.414872 ], [ -7.421941, 7.419971 ], [ -7.423207, 7.420887 ], [ -7.424156, 7.423423 ], [ -7.432934, 7.423031 ], [ -7.433388, 7.419892 ], [ -7.433847, 7.418786 ], [ -7.436001, 7.415425 ], [ -7.437336, 7.412634 ], [ -7.43769, 7.412082 ], [ -7.440722, 7.414023 ], [ -7.446535, 7.420593 ], [ -7.448601, 7.419993 ], [ -7.449717, 7.41965 ], [ -7.456316, 7.416322 ], [ -7.456988, 7.415794 ], [ -7.457844, 7.415206 ], [ -7.45912, 7.414504 ], [ -7.459686, 7.414243 ], [ -7.460397, 7.413953 ], [ -7.460919, 7.41377 ], [ -7.461527, 7.413585 ], [ -7.462187, 7.41343 ], [ -7.462927, 7.413304 ], [ -7.463775, 7.413192 ], [ -7.464377, 7.413153 ], [ -7.467514, 7.41305 ], [ -7.468327, 7.412956 ], [ -7.46925, 7.412787 ], [ -7.46991, 7.412608 ], [ -7.470612, 7.412366 ], [ -7.474929, 7.405699 ], [ -7.474642, 7.404098 ], [ -7.474258, 7.402942 ], [ -7.473748, 7.401724 ], [ -7.47177, 7.399172 ], [ -7.469843, 7.397627 ], [ -7.467771, 7.395953 ], [ -7.466731, 7.394899 ], [ -7.466046, 7.394019 ], [ -7.465504, 7.393147 ], [ -7.465059, 7.392217 ], [ -7.464689, 7.391197 ], [ -7.459935, 7.384331 ], [ -7.453004, 7.389378 ], [ -7.452987, 7.390146 ], [ -7.449388, 7.390066 ], [ -7.442289, 7.391812 ], [ -7.438901, 7.39417 ], [ -7.436366, 7.391614 ], [ -7.437732, 7.390259 ], [ -7.437893336021845, 7.390127723673637 ], [ -7.437888, 7.390121 ], [ -7.438419, 7.3897 ], [ -7.439178, 7.389266 ], [ -7.440255, 7.388792 ], [ -7.440754, 7.388556 ], [ -7.440781093464828, 7.388537907923618 ], [ -7.440772, 7.388524 ], [ -7.442388, 7.387466 ], [ -7.444005, 7.386408 ], [ -7.44567, 7.384659 ], [ -7.447043, 7.382407 ], [ -7.445717, 7.374315 ], [ -7.442843, 7.372929 ], [ -7.440948, 7.372629 ], [ -7.438339, 7.372689 ], [ -7.433356, 7.374546 ], [ -7.432451, 7.374945 ], [ -7.432449727547207, 7.374942113319904 ], [ -7.432315, 7.375001 ], [ -7.431588, 7.375254 ], [ -7.430993, 7.375408 ], [ -7.430093, 7.371922 ], [ -7.42323, 7.370556 ], [ -7.422158, 7.371341 ], [ -7.420554, 7.372546 ], [ -7.419113, 7.373613 ], [ -7.418705, 7.374001 ], [ -7.417997, 7.374719 ], [ -7.416993, 7.375773 ], [ -7.416992642653041, 7.375772659649981 ], [ -7.416383, 7.376434 ], [ -7.415659, 7.377166 ], [ -7.414588, 7.378163 ], [ -7.414059, 7.378542 ], [ -7.413585, 7.378825 ], [ -7.412049, 7.377751 ], [ -7.41176, 7.377027 ], [ -7.411753, 7.37682 ], [ -7.411742, 7.375732 ], [ -7.415391, 7.372235 ], [ -7.416142, 7.371473 ], [ -7.416625, 7.371011 ], [ -7.418392, 7.369668 ], [ -7.419996, 7.368463 ], [ -7.423756, 7.36083 ], [ -7.42716, 7.359657 ], [ -7.427929, 7.360927 ], [ -7.431781, 7.366316 ], [ -7.434389, 7.367514 ], [ -7.440832, 7.369031 ], [ -7.444227, 7.361698 ], [ -7.443979, 7.361038 ], [ -7.443853, 7.360131 ], [ -7.444144, 7.359012 ], [ -7.444733, 7.35829 ], [ -7.445357, 7.357911 ], [ -7.445634, 7.357807 ], [ -7.45368, 7.355165 ], [ -7.454178, 7.352721 ], [ -7.457706, 7.35344 ], [ -7.457234138689728, 7.355755720968482 ], [ -7.464239, 7.360828 ], [ -7.467468, 7.358548 ], [ -7.46944, 7.359025 ], [ -7.469992, 7.359473 ], [ -7.470837, 7.361917 ], [ -7.470103, 7.363229 ], [ -7.469896, 7.363462 ], [ -7.469879, 7.363482 ], [ -7.469676, 7.363719 ], [ -7.468381, 7.36455 ], [ -7.462106, 7.36935 ], [ -7.461007, 7.370896 ], [ -7.459946, 7.372386 ], [ -7.461196, 7.380565 ], [ -7.462276, 7.381595 ], [ -7.465, 7.383723 ], [ -7.468397, 7.386347 ], [ -7.468569, 7.386781 ], [ -7.472094, 7.394818 ], [ -7.474022, 7.396363 ], [ -7.474563, 7.396814 ], [ -7.475255, 7.397524 ], [ -7.475831, 7.398189 ], [ -7.476396, 7.399019 ], [ -7.476953, 7.400085 ], [ -7.477574, 7.401539 ], [ -7.484351, 7.406639 ], [ -7.48516, 7.406622 ], [ -7.48613, 7.40668 ], [ -7.487208, 7.406777 ], [ -7.4909, 7.407099 ], [ -7.494597, 7.407422 ], [ -7.500003, 7.407339 ], [ -7.500856, 7.407262 ], [ -7.502523, 7.406929 ], [ -7.503078, 7.406854 ], [ -7.503656, 7.406805 ], [ -7.504784, 7.406823 ], [ -7.505213, 7.406853 ], [ -7.506668, 7.407056 ], [ -7.512251, 7.400076 ], [ -7.511455, 7.398491 ], [ -7.510326, 7.395428 ], [ -7.511471, 7.394907 ], [ -7.512768, 7.394918 ], [ -7.51289, 7.394906 ], [ -7.513657, 7.39485 ], [ -7.521624, 7.392644 ], [ -7.520245, 7.388515 ], [ -7.51983, 7.388066 ], [ -7.519017, 7.387438 ], [ -7.518794, 7.387206 ], [ -7.518378, 7.386714 ], [ -7.517556, 7.385669 ], [ -7.516905, 7.385103 ], [ -7.516173, 7.384647 ], [ -7.51429, 7.383713 ], [ -7.513462, 7.383341 ], [ -7.512938, 7.383098 ], [ -7.512102, 7.382564 ], [ -7.511575, 7.38214 ], [ -7.507512, 7.379385 ], [ -7.505696828150349, 7.377927679162993 ], [ -7.503132, 7.377401 ], [ -7.501179, 7.376613 ], [ -7.499049, 7.375697 ], [ -7.496737, 7.374774 ], [ -7.494188, 7.373905 ], [ -7.493257, 7.373323 ], [ -7.493267547348705, 7.373306160669335 ], [ -7.493006, 7.373136 ], [ -7.491603, 7.372398 ], [ -7.489054, 7.371219 ], [ -7.490566, 7.367952 ], [ -7.493906, 7.369348 ], [ -7.497826, 7.371342 ], [ -7.501058690130304, 7.371271071166961 ], [ -7.507276971490486, 7.368301264576247 ], [ -7.507413, 7.3673 ], [ -7.511013, 7.367243 ], [ -7.511027, 7.368184 ], [ -7.511605060347086, 7.371110799510363 ], [ -7.517995, 7.370582 ], [ -7.518831, 7.370417 ], [ -7.520226, 7.370124 ], [ -7.520871, 7.37001 ], [ -7.521659, 7.370148 ], [ -7.522271, 7.370471 ], [ -7.530075, 7.367583 ], [ -7.5302, 7.366172 ], [ -7.530204, 7.36603 ], [ -7.53046, 7.365491 ], [ -7.531676, 7.364372 ], [ -7.535867, 7.356472 ], [ -7.535756, 7.355882 ], [ -7.535654, 7.355139 ], [ -7.535629, 7.354565 ], [ -7.535611, 7.354018 ], [ -7.535618069857665, 7.354017764207081 ], [ -7.535614, 7.353814 ], [ -7.534206, 7.348083 ], [ -7.534129, 7.346284 ], [ -7.534306, 7.346196 ], [ -7.535, 7.345936 ], [ -7.537355, 7.345812 ], [ -7.539596, 7.346751 ], [ -7.540042, 7.347718 ], [ -7.54011, 7.34787 ], [ -7.540692, 7.349225 ], [ -7.540977, 7.349945 ], [ -7.541227, 7.351976 ], [ -7.540932, 7.359448 ], [ -7.54123, 7.360238 ], [ -7.541899, 7.362881 ], [ -7.548558, 7.365837 ], [ -7.548824, 7.365855 ], [ -7.550266, 7.366308 ], [ -7.550381572962687, 7.366328027436476 ], [ -7.550965, 7.365947 ], [ -7.551607, 7.365527 ], [ -7.551732, 7.36545 ], [ -7.553176, 7.365806 ], [ -7.554995, 7.367178 ], [ -7.55709, 7.370105 ], [ -7.565413, 7.372817 ], [ -7.569443, 7.366365 ], [ -7.569393, 7.360675 ], [ -7.569269, 7.359649 ], [ -7.569272, 7.358947 ], [ -7.569310895141815, 7.358911047002044 ], [ -7.569339, 7.358416 ], [ -7.569817095329542, 7.358443137297503 ], [ -7.571916, 7.356503 ], [ -7.57233, 7.356952 ], [ -7.572807, 7.357821 ], [ -7.575698, 7.361822 ], [ -7.577019, 7.362985 ], [ -7.584889, 7.359657 ], [ -7.585039, 7.359054 ], [ -7.585434, 7.357887 ], [ -7.585689, 7.357335 ], [ -7.586091, 7.356582 ], [ -7.58695, 7.355162 ], [ -7.588669, 7.352321 ], [ -7.590261, 7.349723 ], [ -7.592084, 7.346692 ], [ -7.594001, 7.34352 ], [ -7.59558, 7.338169 ], [ -7.59599, 7.33704 ], [ -7.601847, 7.333756 ], [ -7.603468, 7.331749 ], [ -7.604611, 7.330345 ], [ -7.606725, 7.327797 ], [ -7.607281, 7.32715 ], [ -7.608957, 7.325025 ], [ -7.610182, 7.323525 ], [ -7.610983, 7.322583 ], [ -7.611957, 7.314656 ], [ -7.611312314960585, 7.312612692913241 ], [ -7.610852, 7.311156 ], [ -7.61085262444765, 7.311155802825152 ], [ -7.610355, 7.309579 ], [ -7.609561, 7.307043 ], [ -7.608768, 7.30451 ], [ -7.608177, 7.302636 ], [ -7.607586, 7.300762 ], [ -7.61102, 7.299679 ], [ -7.612577, 7.303384 ], [ -7.613250640067902, 7.30622394223025 ], [ -7.616023, 7.312809 ], [ -7.616463, 7.313706 ], [ -7.616215, 7.317335 ], [ -7.616234, 7.318314 ], [ -7.616172, 7.319186 ], [ -7.616073, 7.31973 ], [ -7.615763, 7.321065 ], [ -7.615616, 7.321518 ], [ -7.61524, 7.322478 ], [ -7.615059, 7.322862 ], [ -7.61473, 7.323455 ], [ -7.614333, 7.32409 ], [ -7.613895, 7.324701 ], [ -7.612932, 7.325848 ], [ -7.611747, 7.327301 ], [ -7.610108, 7.329379 ], [ -7.609458, 7.33014 ], [ -7.607382, 7.332643 ], [ -7.606259, 7.334022 ], [ -7.604647, 7.336018 ], [ -7.603031, 7.338019 ], [ -7.606997, 7.34596 ], [ -7.610766, 7.344867 ], [ -7.614214, 7.345903 ], [ -7.619676839600523, 7.346815783275042 ], [ -7.619747290387241, 7.346813015416241 ], [ -7.625213, 7.342529 ], [ -7.625696, 7.342418 ], [ -7.625989799201022, 7.342442615219684 ], [ -7.626289, 7.342291 ], [ -7.626342, 7.342283 ], [ -7.626902, 7.342283 ], [ -7.627737, 7.342589 ], [ -7.628378, 7.343331 ], [ -7.628703, 7.344421 ], [ -7.628724667521305, 7.344516075589173 ], [ -7.628725, 7.344516 ], [ -7.628729788821681, 7.344537048011481 ], [ -7.62873, 7.344537 ], [ -7.628935, 7.345439 ], [ -7.629379, 7.347233 ], [ -7.63661, 7.352542 ], [ -7.637063, 7.352541 ], [ -7.639376, 7.352123 ], [ -7.640231, 7.351802 ], [ -7.642325, 7.350835 ], [ -7.647215, 7.347315 ], [ -7.647458, 7.347031 ], [ -7.649252, 7.344682 ], [ -7.650406, 7.343267 ], [ -7.651441, 7.342248 ], [ -7.651444601672206, 7.342251657279971 ], [ -7.651567, 7.342132 ], [ -7.652131, 7.341661 ], [ -7.652132542750403, 7.341662846888806 ], [ -7.65223, 7.341582 ], [ -7.652666, 7.341264 ], [ -7.653216, 7.340897 ], [ -7.659593, 7.335683 ], [ -7.6604, 7.334868 ], [ -7.662958, 7.337401 ], [ -7.660402, 7.340353 ], [ -7.659937, 7.340822 ], [ -7.659395, 7.3413 ], [ -7.658674, 7.341867 ], [ -7.658509973558546, 7.341972585882972 ], [ -7.658514, 7.341979 ], [ -7.658006, 7.342297 ], [ -7.652723980910644, 7.346418750358299 ], [ -7.650319, 7.349216 ], [ -7.649964, 7.349639 ], [ -7.649329, 7.35039 ], [ -7.648457308884039, 7.35146955983643 ], [ -7.645297, 7.359204 ], [ -7.643353, 7.362234 ], [ -7.638973, 7.361352 ], [ -7.634612454017791, 7.358917499993456 ], [ -7.630421855051698, 7.366405177971661 ], [ -7.630773, 7.366977 ], [ -7.627707, 7.368863 ], [ -7.627235, 7.368096 ], [ -7.62711673829981, 7.367830126980595 ], [ -7.627103, 7.367836 ], [ -7.626687, 7.366864 ], [ -7.6264605240592, 7.36633267476484 ], [ -7.624900490440011, 7.363054114749192 ], [ -7.619045, 7.359727 ], [ -7.618528, 7.359474 ], [ -7.618236, 7.359285 ], [ -7.609783, 7.357585 ], [ -7.606325, 7.365499 ], [ -7.606645, 7.366109 ], [ -7.606787, 7.366613 ], [ -7.606858, 7.367154 ], [ -7.607477, 7.370195 ], [ -7.608124, 7.371882 ], [ -7.608179, 7.372253 ], [ -7.608195, 7.372949 ], [ -7.60813, 7.373368 ], [ -7.607768, 7.375105 ], [ -7.607156, 7.376246 ], [ -7.606731, 7.376575 ], [ -7.606448, 7.376741 ], [ -7.604215, 7.374456 ], [ -7.603091, 7.369751 ], [ -7.602899, 7.368914 ], [ -7.601279, 7.36564 ], [ -7.594870144949188, 7.3624897905542 ], [ -7.588259, 7.365759 ], [ -7.585226, 7.368345 ], [ -7.579048, 7.37453 ], [ -7.576754, 7.380988 ], [ -7.575688, 7.383658 ], [ -7.57207, 7.389216 ], [ -7.569997, 7.396882 ], [ -7.571398, 7.401379 ], [ -7.572541, 7.403173 ], [ -7.573118, 7.404086 ], [ -7.573447, 7.404688 ], [ -7.573833, 7.405495 ], [ -7.575334791534805, 7.408951704392953 ], [ -7.583686, 7.41044 ], [ -7.584202, 7.409956 ], [ -7.584641, 7.409457 ], [ -7.58545, 7.409037 ], [ -7.586133, 7.408969 ], [ -7.586798, 7.409105 ], [ -7.589113, 7.40953 ], [ -7.589806, 7.409631 ], [ -7.590382, 7.409834 ], [ -7.591425, 7.410252 ], [ -7.592016, 7.410596 ], [ -7.593545, 7.411679 ], [ -7.595567, 7.413226 ], [ -7.595987, 7.413752 ], [ -7.596254, 7.414229 ], [ -7.596594, 7.41495 ], [ -7.59677, 7.415477 ], [ -7.59713, 7.417122 ], [ -7.602375, 7.423029 ], [ -7.60287, 7.423615 ], [ -7.606249, 7.428271 ], [ -7.60702, 7.429169 ], [ -7.609061, 7.431467 ], [ -7.609952, 7.432545 ], [ -7.607489, 7.43517 ], [ -7.605639, 7.433724 ], [ -7.60512, 7.433161 ], [ -7.602493, 7.430187 ], [ -7.60092, 7.428961 ], [ -7.600466, 7.428519 ], [ -7.597037, 7.4257 ], [ -7.596327, 7.425292 ], [ -7.595907, 7.424836 ], [ -7.595055, 7.423278 ], [ -7.594736, 7.42232 ], [ -7.594587, 7.42173 ], [ -7.594389, 7.420446 ], [ -7.594029, 7.419056 ], [ -7.593768, 7.41841 ], [ -7.587574, 7.413793 ], [ -7.584505, 7.414503 ], [ -7.582936, 7.415276 ], [ -7.582476, 7.415589 ], [ -7.581636, 7.416035 ], [ -7.577523, 7.421621 ], [ -7.576956, 7.424086 ], [ -7.576721, 7.424929 ], [ -7.576477, 7.425606 ], [ -7.576306, 7.425972 ], [ -7.576028, 7.426458 ], [ -7.575763, 7.426834 ], [ -7.575263, 7.427443 ], [ -7.57484, 7.42788 ], [ -7.574492, 7.428197 ], [ -7.5741, 7.428509 ], [ -7.573802, 7.428708 ], [ -7.573186, 7.429078 ], [ -7.571120876689278, 7.435951429370897 ], [ -7.571983, 7.438085 ], [ -7.573104, 7.439621 ], [ -7.573478, 7.440203 ], [ -7.573781, 7.440757 ], [ -7.574044, 7.441367 ], [ -7.574288, 7.442105 ], [ -7.57724, 7.447052 ], [ -7.57791, 7.447763 ], [ -7.578535, 7.448606 ], [ -7.580042, 7.451083 ], [ -7.581449, 7.453452 ], [ -7.58287, 7.455845 ], [ -7.587046, 7.459995 ], [ -7.589131, 7.461459 ], [ -7.589699, 7.46192 ], [ -7.590099, 7.46233 ], [ -7.590589, 7.46297 ], [ -7.590918, 7.463568 ], [ -7.591214, 7.464278 ], [ -7.591407, 7.464914 ], [ -7.593054, 7.468846 ], [ -7.597026, 7.47394 ], [ -7.597752, 7.474778 ], [ -7.599148, 7.476729 ], [ -7.600796, 7.479001 ], [ -7.602444, 7.481274 ], [ -7.604093, 7.483546 ], [ -7.60877, 7.488421 ], [ -7.609792, 7.489367 ], [ -7.610438, 7.490151 ], [ -7.610822, 7.490672 ], [ -7.611261, 7.491347 ], [ -7.613198, 7.494539 ], [ -7.617941, 7.500894 ], [ -7.618632, 7.501777 ], [ -7.619355, 7.502938 ], [ -7.619742, 7.50366 ], [ -7.623617, 7.511398 ], [ -7.624611, 7.513022 ], [ -7.626899, 7.517021 ], [ -7.627824, 7.518861 ], [ -7.628666, 7.520775 ], [ -7.632145, 7.527441 ], [ -7.63227, 7.527701 ], [ -7.636018, 7.534621 ], [ -7.63738429629598, 7.536256148147769 ], [ -7.638012, 7.537007 ], [ -7.639205, 7.538499 ], [ -7.639818, 7.539369 ], [ -7.640493, 7.540396 ], [ -7.641197, 7.541641 ] ] ], [ [ [ -3.396173, 5.15325 ], [ -3.393761, 5.152781 ], [ -3.387538, 5.152054 ], [ -3.384943, 5.15195 ], [ -3.382348, 5.151845 ], [ -3.379753, 5.151741 ], [ -3.379409, 5.151735 ], [ -3.379061, 5.151729 ], [ -3.375378, 5.151581 ], [ -3.3717, 5.151433 ], [ -3.371477, 5.151422 ], [ -3.371256, 5.151412 ], [ -3.370945, 5.151385 ], [ -3.370641, 5.151358 ], [ -3.37005, 5.151292 ], [ -3.369463, 5.151226 ], [ -3.36517, 5.150716 ], [ -3.36088, 5.150205 ], [ -3.356589, 5.149695 ], [ -3.352298, 5.149185 ], [ -3.351894, 5.149114 ], [ -3.351499, 5.149045 ], [ -3.349516, 5.148581 ], [ -3.347542, 5.148118 ], [ -3.347153, 5.148043 ], [ -3.346756, 5.147967 ], [ -3.339879, 5.15352 ], [ -3.339667, 5.154597 ], [ -3.339454, 5.155676 ], [ -3.339185, 5.15698 ], [ -3.338915, 5.158282 ], [ -3.338507, 5.160313 ], [ -3.3381, 5.162343 ], [ -3.342065, 5.170017 ], [ -3.344, 5.170913 ], [ -3.345409, 5.171615 ], [ -3.346817, 5.172317 ], [ -3.347968, 5.172878 ], [ -3.349149, 5.173459 ], [ -3.349305, 5.173579 ], [ -3.349499, 5.173741 ], [ -3.349611, 5.173904 ], [ -3.349742, 5.174103 ], [ -3.349831, 5.174327 ], [ -3.349924, 5.174562 ], [ -3.350251, 5.175597 ], [ -3.35058, 5.17664 ], [ -3.350673, 5.176994 ], [ -3.350764, 5.177343 ], [ -3.351177, 5.178731 ], [ -3.35159, 5.180119 ], [ -3.351244, 5.180222 ], [ -3.350832, 5.178834 ], [ -3.345249, 5.171937 ], [ -3.343839, 5.171235 ], [ -3.341914, 5.170344 ], [ -3.339984, 5.169451 ], [ -3.339706, 5.169304 ], [ -3.339437, 5.169161 ], [ -3.338646, 5.168775 ], [ -3.33785, 5.168387 ], [ -3.337592, 5.168232 ], [ -3.337353, 5.167955 ], [ -3.337189, 5.167717 ], [ -3.337106, 5.167581 ], [ -3.336992, 5.167312 ], [ -3.336949, 5.167076 ], [ -3.336916, 5.166879 ], [ -3.336907, 5.166591 ], [ -3.33692, 5.166416 ], [ -3.336944, 5.166245 ], [ -3.33711, 5.165463 ], [ -3.337274, 5.164694 ], [ -3.33751, 5.163486 ], [ -3.337747, 5.162274 ], [ -3.335141, 5.155335 ], [ -3.332765, 5.152501 ], [ -3.330617, 5.14914 ], [ -3.321955, 5.148529 ], [ -3.321512, 5.151944 ], [ -3.32107, 5.15536 ], [ -3.324147, 5.160829 ], [ -3.32583, 5.162084 ], [ -3.326138, 5.162272 ], [ -3.326955, 5.16729 ], [ -3.326769, 5.167598 ], [ -3.324782, 5.169649 ], [ -3.324134, 5.170639 ], [ -3.323329, 5.170372 ], [ -3.322524, 5.170105 ], [ -3.318233, 5.168067 ], [ -3.313746, 5.16285 ], [ -3.310085, 5.161713 ], [ -3.309165, 5.160932 ], [ -3.308515, 5.1602 ], [ -3.304144, 5.155322 ], [ -3.29729, 5.153499 ], [ -3.293944, 5.154053 ], [ -3.287946, 5.156396 ], [ -3.287487, 5.156317 ], [ -3.287028, 5.156239 ], [ -3.286683, 5.155513 ], [ -3.286477, 5.154907 ], [ -3.286455, 5.154812 ], [ -3.28649, 5.15464 ], [ -3.286487, 5.147431 ], [ -3.283813, 5.144494 ], [ -3.284987, 5.138617 ], [ -3.285247, 5.137454 ], [ -3.285452, 5.136919 ], [ -3.288061, 5.13263 ], [ -3.290004, 5.132259 ], [ -3.292073, 5.132272 ], [ -3.294266, 5.132883 ], [ -3.29444, 5.132946 ], [ -3.294639, 5.13302 ], [ -3.294847, 5.133131 ], [ -3.297867, 5.136472 ], [ -3.30282, 5.140097 ], [ -3.30943, 5.142108 ], [ -3.315889, 5.14177 ], [ -3.322949, 5.140148 ], [ -3.329684, 5.140944 ], [ -3.334171, 5.143139 ], [ -3.341078, 5.146659 ], [ -3.343949, 5.147136 ], [ -3.346825, 5.147613 ], [ -3.347221, 5.14769 ], [ -3.347624, 5.147768 ], [ -3.349598, 5.14823 ], [ -3.356631, 5.149338 ], [ -3.360922, 5.149848 ], [ -3.369479, 5.148038 ], [ -3.369834, 5.148094 ], [ -3.375393, 5.151221 ], [ -3.379067, 5.151369 ], [ -3.379415, 5.151375 ], [ -3.379767, 5.151381 ], [ -3.382362, 5.151485 ], [ -3.384957, 5.15159 ], [ -3.387552, 5.151694 ], [ -3.390156, 5.151799 ], [ -3.396072, 5.151955 ], [ -3.4022, 5.153893 ], [ -3.409509, 5.154445 ], [ -3.409766, 5.154516 ], [ -3.418333, 5.156724 ], [ -3.42055, 5.157214 ], [ -3.422587, 5.157664 ], [ -3.424623, 5.158113 ], [ -3.424545, 5.158465 ], [ -3.422509, 5.158015 ], [ -3.420473, 5.157565 ], [ -3.418255, 5.157076 ], [ -3.412593, 5.156004 ], [ -3.409141, 5.155421 ], [ -3.405125, 5.154748 ], [ -3.402141, 5.154248 ], [ -3.399157, 5.153749 ], [ -3.396173, 5.15325 ] ] ], [ [ [ -3.552711, 5.218917 ], [ -3.552623, 5.219007 ], [ -3.55261, 5.21902 ], [ -3.552323, 5.219261 ], [ -3.552037, 5.219502 ], [ -3.552014, 5.219519 ], [ -3.551182, 5.220056 ], [ -3.55097, 5.220191 ], [ -3.550953, 5.2202 ], [ -3.550729, 5.22031 ], [ -3.550506, 5.22042 ], [ -3.550495, 5.220424 ], [ -3.550171, 5.220558 ], [ -3.550155, 5.220563 ], [ -3.549911, 5.220638 ], [ -3.549887, 5.220643 ], [ -3.549785, 5.22066 ], [ -3.549762, 5.220662 ], [ -3.549621, 5.220667 ], [ -3.54956, 5.220658 ], [ -3.549128, 5.220547 ], [ -3.549105, 5.22054 ], [ -3.548893, 5.220463 ], [ -3.548681, 5.220385 ], [ -3.54866, 5.220375 ], [ -3.546677, 5.219499 ], [ -3.546603, 5.219447 ], [ -3.539273, 5.215277 ], [ -3.537993, 5.215097 ], [ -3.537747, 5.215073 ], [ -3.537724, 5.21507 ], [ -3.536707, 5.214889 ], [ -3.535891, 5.214756 ], [ -3.535075, 5.214623 ], [ -3.535025, 5.214607 ], [ -3.534969, 5.214579 ], [ -3.534898, 5.214516 ], [ -3.534857, 5.214455 ], [ -3.534828, 5.214351 ], [ -3.53034, 5.208057 ], [ -3.527185, 5.207843 ], [ -3.526765, 5.207929 ], [ -3.526334, 5.208017 ], [ -3.525947, 5.208084 ], [ -3.522992, 5.209359 ], [ -3.52278, 5.209425 ], [ -3.521981, 5.209571 ], [ -3.521182, 5.209717 ], [ -3.520533, 5.209834 ], [ -3.519888, 5.209949 ], [ -3.519454, 5.210038 ], [ -3.519016, 5.210128 ], [ -3.517951, 5.210325 ], [ -3.516887, 5.210521 ], [ -3.516123, 5.210668 ], [ -3.515133, 5.210865 ], [ -3.514888, 5.210919 ], [ -3.514283, 5.211024 ], [ -3.51358, 5.211138 ], [ -3.513206, 5.211189 ], [ -3.510405, 5.210908 ], [ -3.51017, 5.210865 ], [ -3.507435, 5.210431 ], [ -3.507071, 5.210383 ], [ -3.506872, 5.210322 ], [ -3.50641, 5.210117 ], [ -3.504959, 5.209558 ], [ -3.496215, 5.20885 ], [ -3.495827, 5.20892 ], [ -3.495543, 5.208946 ], [ -3.495072, 5.208982 ], [ -3.493242, 5.209203 ], [ -3.488262, 5.210112 ], [ -3.487863, 5.210188 ], [ -3.486885, 5.210403 ], [ -3.48069, 5.213176 ], [ -3.476995, 5.219397 ], [ -3.476635, 5.219401 ], [ -3.475811, 5.214797 ], [ -3.476569, 5.212939 ], [ -3.482525, 5.210869 ], [ -3.485963, 5.207767 ], [ -3.488347, 5.204417 ], [ -3.49615, 5.208496 ], [ -3.496819, 5.208355 ], [ -3.497286, 5.208284 ], [ -3.498, 5.208156 ], [ -3.499292, 5.207889 ], [ -3.499855, 5.207777 ], [ -3.50035, 5.207691 ], [ -3.500604, 5.207726 ], [ -3.500795, 5.207761 ], [ -3.501427, 5.207914 ], [ -3.50197, 5.208098 ], [ -3.502477, 5.208273 ], [ -3.503781, 5.208747 ], [ -3.505385, 5.209261 ], [ -3.505482, 5.209288 ], [ -3.508687, 5.210166 ], [ -3.509071, 5.2102 ], [ -3.511851, 5.210461 ], [ -3.511977, 5.210466 ], [ -3.512277, 5.210507 ], [ -3.512503, 5.210554 ], [ -3.514614, 5.210594 ], [ -3.515055, 5.210514 ], [ -3.515286, 5.210462 ], [ -3.519684, 5.202755 ], [ -3.521931, 5.19624 ], [ -3.519111, 5.189206 ], [ -3.519011, 5.188951 ], [ -3.5177, 5.186326 ], [ -3.517899, 5.186026 ], [ -3.522004, 5.182585 ], [ -3.522349, 5.182687 ], [ -3.526273, 5.189329 ], [ -3.526284, 5.189689 ], [ -3.52288, 5.194034 ], [ -3.525006, 5.199305 ], [ -3.525446, 5.199626 ], [ -3.525607, 5.199753 ], [ -3.525763, 5.199876 ], [ -3.526386, 5.200439 ], [ -3.528535, 5.203262 ], [ -3.535055, 5.209377 ], [ -3.536079, 5.209731 ], [ -3.536149, 5.209774 ], [ -3.536179, 5.209806 ], [ -3.536231, 5.209932 ], [ -3.54256, 5.21542 ], [ -3.543397, 5.215566 ], [ -3.544229, 5.215711 ], [ -3.544233, 5.215711 ], [ -3.544784, 5.215793 ], [ -3.545339, 5.215875 ], [ -3.545343, 5.215876 ], [ -3.545692, 5.215936 ], [ -3.554041, 5.214974 ], [ -3.554114, 5.215089 ], [ -3.554129, 5.215118 ], [ -3.554199, 5.215291 ], [ -3.554269, 5.215465 ], [ -3.554275, 5.215481 ], [ -3.554323, 5.215638 ], [ -3.55433, 5.215694 ], [ -3.554327, 5.215837 ], [ -3.554324, 5.215864 ], [ -3.554281, 5.21611 ], [ -3.554238, 5.216356 ], [ -3.554229, 5.21639 ], [ -3.554069, 5.216801 ], [ -3.553908, 5.217213 ], [ -3.553889, 5.217248 ], [ -3.553623, 5.217641 ], [ -3.553357, 5.218034 ], [ -3.553354, 5.218039 ], [ -3.55304, 5.218468 ], [ -3.552727, 5.218898 ], [ -3.552711, 5.218917 ] ] ], [ [ [ -3.073712, 5.358994 ], [ -3.073409, 5.358904 ], [ -3.073061, 5.35875 ], [ -3.072735, 5.358605 ], [ -3.07243, 5.358429 ], [ -3.072142, 5.358262 ], [ -3.071843, 5.358036 ], [ -3.071564, 5.357822 ], [ -3.071296, 5.357553 ], [ -3.071047, 5.357301 ], [ -3.070859, 5.357054 ], [ -3.070688, 5.356826 ], [ -3.070551, 5.356619 ], [ -3.070421, 5.356422 ], [ -3.070271, 5.356109 ], [ -3.070133, 5.355818 ], [ -3.070036, 5.35554 ], [ -3.069948, 5.355281 ], [ -3.06989, 5.355086 ], [ -3.069836, 5.354899 ], [ -3.069794, 5.354625 ], [ -3.069758, 5.354375 ], [ -3.069744, 5.354029 ], [ -3.069732, 5.353702 ], [ -3.06974, 5.352382 ], [ -3.061838, 5.348641 ], [ -3.061046, 5.349173 ], [ -3.06088, 5.349307 ], [ -3.058481, 5.352566 ], [ -3.058434, 5.352702 ], [ -3.058361, 5.352832 ], [ -3.058284, 5.352928 ], [ -3.057264, 5.354388 ], [ -3.056862, 5.355078 ], [ -3.056551, 5.354896 ], [ -3.058071, 5.350749 ], [ -3.05816, 5.350552 ], [ -3.05851, 5.350298 ], [ -3.058745, 5.35017 ], [ -3.059225, 5.349891 ], [ -3.060081, 5.349372 ], [ -3.060395, 5.34918 ], [ -3.060962, 5.348776 ], [ -3.061202, 5.348607 ], [ -3.062437, 5.347453 ], [ -3.062548, 5.338913 ], [ -3.060956, 5.337353 ], [ -3.059363, 5.335792 ], [ -3.059084, 5.335507 ], [ -3.058807, 5.335224 ], [ -3.05854, 5.334879 ], [ -3.058288, 5.33455 ], [ -3.058072, 5.334237 ], [ -3.057862, 5.333932 ], [ -3.056215, 5.331853 ], [ -3.051803, 5.324234 ], [ -3.049508, 5.323395 ], [ -3.0465, 5.318145 ], [ -3.046433, 5.318033 ], [ -3.046039, 5.317337 ], [ -3.044862, 5.315567 ], [ -3.043465, 5.307608 ], [ -3.042153, 5.306507 ], [ -3.040835, 5.305402 ], [ -3.040688, 5.305286 ], [ -3.040536, 5.305167 ], [ -3.038931, 5.303773 ], [ -3.037333, 5.302385 ], [ -3.032128, 5.299929 ], [ -3.028376, 5.29961 ], [ -3.024733, 5.29949 ], [ -3.024076, 5.299463 ], [ -3.023415, 5.299436 ], [ -3.022466, 5.299375 ], [ -3.021523, 5.299314 ], [ -3.021113, 5.299298 ], [ -3.020706, 5.299282 ], [ -3.020018, 5.299269 ], [ -3.019327, 5.299255 ], [ -3.017887, 5.299204 ], [ -3.016449, 5.299153 ], [ -3.014928, 5.299102 ], [ -3.009183, 5.305213 ], [ -3.009173, 5.306344 ], [ -3.009183, 5.3075 ], [ -3.009192, 5.30866 ], [ -3.009179, 5.309822 ], [ -3.009167, 5.310982 ], [ -3.009164, 5.314857 ], [ -3.009161, 5.318731 ], [ -3.009155, 5.321959 ], [ -3.009149, 5.325186 ], [ -3.008789, 5.325186 ], [ -3.006537, 5.31903 ], [ -3.006484, 5.318729 ], [ -3.006528, 5.31843 ], [ -3.008819, 5.309818 ], [ -3.008832, 5.308656 ], [ -3.008823, 5.307503 ], [ -3.008813, 5.306346 ], [ -3.008823, 5.30521 ], [ -3.00397, 5.297721 ], [ -3.003636, 5.297563 ], [ -3.003285, 5.297395 ], [ -3.002962, 5.297195 ], [ -3.002629, 5.29699 ], [ -3.002129, 5.296637 ], [ -3.001633, 5.296287 ], [ -3.000958, 5.295837 ], [ -3.000286, 5.295389 ], [ -2.999074, 5.29461 ], [ -2.997859, 5.29383 ], [ -2.99694, 5.293216 ], [ -2.988565, 5.290673 ], [ -2.986948, 5.290666 ], [ -2.985405, 5.290619 ], [ -2.983869, 5.290573 ], [ -2.982767, 5.290584 ], [ -2.981669, 5.290595 ], [ -2.980566, 5.290623 ], [ -2.97946, 5.29065 ], [ -2.979015, 5.290651 ], [ -2.97856, 5.290652 ], [ -2.975363, 5.290674 ], [ -2.973916, 5.290645 ], [ -2.972472, 5.290615 ], [ -2.971613, 5.290613 ], [ -2.970744, 5.29061 ], [ -2.970372, 5.290587 ], [ -2.969992, 5.290564 ], [ -2.969692, 5.290532 ], [ -2.969379, 5.290498 ], [ -2.96912, 5.290451 ], [ -2.968854, 5.290403 ], [ -2.968461, 5.290317 ], [ -2.968051, 5.290226 ], [ -2.967662, 5.290102 ], [ -2.967267, 5.289976 ], [ -2.966557, 5.289721 ], [ -2.965838, 5.289462 ], [ -2.963843, 5.288676 ], [ -2.962838, 5.288293 ], [ -2.960104, 5.287297 ], [ -2.958366, 5.28668 ], [ -2.957068, 5.286178 ], [ -2.955773, 5.285676 ], [ -2.953016, 5.284642 ], [ -2.950257, 5.283607 ], [ -2.946479, 5.282195 ], [ -2.943952, 5.281271 ], [ -2.942753, 5.280807 ], [ -2.939334, 5.279523 ], [ -2.937107, 5.278701 ], [ -2.93538, 5.278035 ], [ -2.933652, 5.27737 ], [ -2.933781, 5.277034 ], [ -2.935509, 5.277699 ], [ -2.937237, 5.278365 ], [ -2.939459, 5.279185 ], [ -2.941683, 5.280007 ], [ -2.942884, 5.280472 ], [ -2.944082, 5.280936 ], [ -2.946603, 5.281857 ], [ -2.949127, 5.28278 ], [ -2.949759, 5.283027 ], [ -2.950388, 5.283272 ], [ -2.953143, 5.284305 ], [ -2.955899, 5.285339 ], [ -2.957198, 5.285842 ], [ -2.958496, 5.286344 ], [ -2.960224, 5.286957 ], [ -2.963509, 5.287631 ], [ -2.966679, 5.289382 ], [ -2.967389, 5.289637 ], [ -2.967772, 5.289759 ], [ -2.968538, 5.289965 ], [ -2.970394, 5.290228 ], [ -2.971614, 5.290253 ], [ -2.972473, 5.290255 ], [ -2.973923, 5.290285 ], [ -2.97537, 5.290314 ], [ -2.975946, 5.290271 ], [ -2.976539, 5.290228 ], [ -2.976857, 5.290222 ], [ -2.977171, 5.290221 ], [ -2.977879, 5.290257 ], [ -2.978578, 5.290293 ], [ -2.979014, 5.290291 ], [ -2.979459, 5.29029 ], [ -2.980557, 5.290263 ], [ -2.98166, 5.290235 ], [ -2.98658, 5.284446 ], [ -2.984848, 5.280674 ], [ -2.98428, 5.280114 ], [ -2.983703, 5.279544 ], [ -2.98354, 5.279354 ], [ -2.982964, 5.278503 ], [ -2.982388, 5.277654 ], [ -2.981877, 5.276918 ], [ -2.981361, 5.276175 ], [ -2.981047, 5.275671 ], [ -2.98072, 5.275144 ], [ -2.980213, 5.273995 ], [ -2.979699, 5.272829 ], [ -2.973204, 5.266889 ], [ -2.972897, 5.266701 ], [ -2.972409, 5.261612 ], [ -2.972347, 5.261258 ], [ -2.974325, 5.257047 ], [ -2.97445, 5.256728 ], [ -2.974576, 5.25641 ], [ -2.974911, 5.256542 ], [ -2.974785, 5.256861 ], [ -2.975301, 5.265588 ], [ -2.975641, 5.266195 ], [ -2.975923, 5.266677 ], [ -2.97706, 5.268311 ], [ -2.982153, 5.272487 ], [ -2.987487, 5.273224 ], [ -2.98762, 5.273559 ], [ -2.98671, 5.282297 ], [ -2.98681, 5.282623 ], [ -2.986896, 5.282914 ], [ -2.986945, 5.283204 ], [ -2.989388, 5.28818 ], [ -2.993265, 5.290822 ], [ -2.993772, 5.291009 ], [ -2.994088, 5.291155 ], [ -2.994392, 5.291295 ], [ -2.994922, 5.291557 ], [ -2.995447, 5.291818 ], [ -2.99584, 5.292063 ], [ -2.996217, 5.292299 ], [ -2.99714, 5.292916 ], [ -2.998059, 5.293531 ], [ -2.999268, 5.294307 ], [ -3.000481, 5.295086 ], [ -3.001158, 5.295538 ], [ -3.001832, 5.295988 ], [ -3.0102, 5.298544 ], [ -3.012488, 5.298644 ], [ -3.012956, 5.298668 ], [ -3.013423, 5.298693 ], [ -3.01494, 5.298743 ], [ -3.01646, 5.298793 ], [ -3.0179, 5.298844 ], [ -3.01934, 5.298895 ], [ -3.020025, 5.298909 ], [ -3.020713, 5.298922 ], [ -3.021127, 5.298938 ], [ -3.021537, 5.298954 ], [ -3.02249, 5.299016 ], [ -3.025558, 5.29883 ], [ -3.028389, 5.29925 ], [ -3.030853, 5.299337 ], [ -3.031087, 5.299367 ], [ -3.031305, 5.299395 ], [ -3.032199, 5.299576 ], [ -3.035369, 5.299544 ], [ -3.036127, 5.299564 ], [ -3.038019, 5.29964 ], [ -3.039908, 5.299715 ], [ -3.040245, 5.299736 ], [ -3.040578, 5.299757 ], [ -3.041865, 5.299795 ], [ -3.043158, 5.299834 ], [ -3.044589, 5.299831 ], [ -3.050471, 5.296776 ], [ -3.052047, 5.289859 ], [ -3.050485, 5.284749 ], [ -3.045182, 5.282146 ], [ -3.044766, 5.282122 ], [ -3.044354, 5.282098 ], [ -3.042301, 5.282021 ], [ -3.040248, 5.281943 ], [ -3.039979, 5.281934 ], [ -3.039714, 5.281925 ], [ -3.039266, 5.281922 ], [ -3.038809, 5.281919 ], [ -3.037938, 5.281867 ], [ -3.037073, 5.281815 ], [ -3.036185, 5.281788 ], [ -3.035293, 5.281761 ], [ -3.034748, 5.281731 ], [ -3.034207, 5.2817 ], [ -3.033342, 5.281668 ], [ -3.032475, 5.281636 ], [ -3.029347, 5.281479 ], [ -3.026408, 5.281149 ], [ -3.026048, 5.281137 ], [ -3.026082, 5.280087 ], [ -3.026116, 5.279036 ], [ -3.026248, 5.275628 ], [ -3.026379, 5.27222 ], [ -3.026424, 5.271121 ], [ -3.026469, 5.270018 ], [ -3.026505, 5.269479 ], [ -3.026553, 5.268392 ], [ -3.026567, 5.267834 ], [ -3.026652, 5.265537 ], [ -3.026737, 5.263242 ], [ -3.026768, 5.262122 ], [ -3.0268, 5.260999 ], [ -3.02685, 5.259884 ], [ -3.0269, 5.25877 ], [ -3.026974, 5.256492 ], [ -3.027047, 5.254214 ], [ -3.027162, 5.250903 ], [ -3.027277, 5.247591 ], [ -3.027325, 5.246401 ], [ -3.027374, 5.245213 ], [ -3.027441, 5.243092 ], [ -3.027508, 5.24097 ], [ -3.027868, 5.240981 ], [ -3.03662, 5.241077 ], [ -3.036688, 5.238802 ], [ -3.036755, 5.236526 ], [ -3.036871, 5.233219 ], [ -3.036986, 5.229912 ], [ -3.037346, 5.229924 ], [ -3.037231, 5.233232 ], [ -3.037115, 5.236539 ], [ -3.037047, 5.238813 ], [ -3.03698, 5.241088 ], [ -3.036886, 5.24333 ], [ -3.036793, 5.245569 ], [ -3.036766, 5.246338 ], [ -3.036738, 5.247107 ], [ -3.036736, 5.247476 ], [ -3.036733, 5.247851 ], [ -3.036697, 5.248621 ], [ -3.03666, 5.249383 ], [ -3.036625, 5.250342 ], [ -3.036589, 5.251302 ], [ -3.036576, 5.251862 ], [ -3.036563, 5.252425 ], [ -3.036513, 5.253525 ], [ -3.036463, 5.254622 ], [ -3.036443, 5.255345 ], [ -3.036423, 5.256072 ], [ -3.036373, 5.257352 ], [ -3.036324, 5.25863 ], [ -3.036323, 5.258928 ], [ -3.036321, 5.259233 ], [ -3.036282, 5.260375 ], [ -3.036242, 5.261512 ], [ -3.036072, 5.265933 ], [ -3.035901, 5.270352 ], [ -3.035759, 5.274313 ], [ -3.040261, 5.281583 ], [ -3.042314, 5.281661 ], [ -3.044368, 5.281738 ], [ -3.044787, 5.281762 ], [ -3.045203, 5.281786 ], [ -3.046277, 5.281794 ], [ -3.047361, 5.281802 ], [ -3.053465, 5.275525 ], [ -3.053578, 5.272362 ], [ -3.053634, 5.271026 ], [ -3.053689, 5.269694 ], [ -3.053699, 5.26927 ], [ -3.053708, 5.268841 ], [ -3.053729, 5.268418 ], [ -3.05375, 5.268 ], [ -3.053768, 5.267307 ], [ -3.053786, 5.266613 ], [ -3.053904, 5.263271 ], [ -3.054022, 5.259927 ], [ -3.054107, 5.257898 ], [ -3.054191, 5.255872 ], [ -3.054253, 5.25376 ], [ -3.054316, 5.251646 ], [ -3.054374, 5.250051 ], [ -3.054432, 5.248457 ], [ -3.05445, 5.247738 ], [ -3.054467, 5.247014 ], [ -3.054492, 5.246588 ], [ -3.054512, 5.245855 ], [ -3.05455, 5.244921 ], [ -3.054589, 5.243988 ], [ -3.054654, 5.242077 ], [ -3.054719, 5.240167 ], [ -3.054734, 5.239554 ], [ -3.054749, 5.238935 ], [ -3.054779, 5.238313 ], [ -3.054809, 5.237694 ], [ -3.054848, 5.236473 ], [ -3.054887, 5.235247 ], [ -3.054912, 5.234536 ], [ -3.054915, 5.234147 ], [ -3.054948, 5.233412 ], [ -3.054981, 5.232682 ], [ -3.05499, 5.232218 ], [ -3.054998, 5.23175 ], [ -3.055035, 5.230947 ], [ -3.055071, 5.230146 ], [ -3.055172, 5.227047 ], [ -3.055274, 5.223949 ], [ -3.055374, 5.220906 ], [ -3.055474, 5.217863 ], [ -3.055834, 5.217875 ], [ -3.055734, 5.220918 ], [ -3.055634, 5.223961 ], [ -3.055532, 5.227059 ], [ -3.055431, 5.230157 ], [ -3.055394, 5.230963 ], [ -3.055358, 5.231766 ], [ -3.055349, 5.232225 ], [ -3.055341, 5.232688 ], [ -3.055308, 5.233428 ], [ -3.055275, 5.234163 ], [ -3.055272, 5.23454 ], [ -3.055268, 5.234922 ], [ -3.055247, 5.23527 ], [ -3.055208, 5.236485 ], [ -3.055169, 5.237706 ], [ -3.055139, 5.238331 ], [ -3.055109, 5.238953 ], [ -3.055094, 5.239562 ], [ -3.055079, 5.240176 ], [ -3.061482, 5.246199 ], [ -3.064872, 5.246302 ], [ -3.068263, 5.246405 ], [ -3.072764, 5.240308 ], [ -3.073124, 5.240321 ], [ -3.076989, 5.246699 ], [ -3.080279, 5.246827 ], [ -3.083569, 5.246955 ], [ -3.083555, 5.247315 ], [ -3.080265, 5.247187 ], [ -3.076975, 5.247059 ], [ -3.074848, 5.246997 ], [ -3.07272, 5.246936 ], [ -3.07149, 5.246884 ], [ -3.070263, 5.246832 ], [ -3.069258, 5.246798 ], [ -3.068251, 5.246765 ], [ -3.064861, 5.246662 ], [ -3.061471, 5.246559 ], [ -3.054675, 5.25166 ], [ -3.054613, 5.25377 ], [ -3.054551, 5.255882 ], [ -3.054466, 5.257913 ], [ -3.054382, 5.259942 ], [ -3.054264, 5.263283 ], [ -3.054146, 5.266626 ], [ -3.054128, 5.267317 ], [ -3.05411, 5.268009 ], [ -3.054089, 5.268436 ], [ -3.054068, 5.268859 ], [ -3.054059, 5.269278 ], [ -3.054049, 5.269702 ], [ -3.053993, 5.271041 ], [ -3.053938, 5.272377 ], [ -3.053825, 5.275538 ], [ -3.053713, 5.2787 ], [ -3.0578, 5.284984 ], [ -3.058282, 5.285277 ], [ -3.05833, 5.285605 ], [ -3.056927, 5.288213 ], [ -3.063313, 5.294329 ], [ -3.06367, 5.294297 ], [ -3.064386, 5.294186 ], [ -3.065085, 5.294011 ], [ -3.065346, 5.294008 ], [ -3.068923, 5.293242 ], [ -3.072117, 5.290237 ], [ -3.071883, 5.282492 ], [ -3.071782, 5.28216 ], [ -3.071807, 5.281994 ], [ -3.071899, 5.281767 ], [ -3.072011, 5.281595 ], [ -3.072208, 5.281405 ], [ -3.076087, 5.278092 ], [ -3.076196, 5.277955 ], [ -3.076366, 5.277821 ], [ -3.076709, 5.277658 ], [ -3.077116, 5.277479 ], [ -3.077344, 5.277481 ], [ -3.07784, 5.27769 ], [ -3.078981, 5.278136 ], [ -3.079127, 5.278187 ], [ -3.079416, 5.278339 ], [ -3.084291, 5.280685 ], [ -3.084715, 5.285055 ], [ -3.084358, 5.285104 ], [ -3.082069, 5.28143 ], [ -3.081189, 5.280619 ], [ -3.073667, 5.285448 ], [ -3.073688, 5.28576 ], [ -3.073704, 5.28604 ], [ -3.073758, 5.287508 ], [ -3.073782, 5.28774 ], [ -3.073738, 5.288122 ], [ -3.073695, 5.288465 ], [ -3.073653, 5.288674 ], [ -3.073596, 5.288827 ], [ -3.073461, 5.289018 ], [ -3.073105, 5.289554 ], [ -3.071614, 5.292271 ], [ -3.071526, 5.292486 ], [ -3.071185, 5.292727 ], [ -3.071021, 5.292844 ], [ -3.070529, 5.293216 ], [ -3.070299, 5.293382 ], [ -3.070091, 5.29353 ], [ -3.069884, 5.293604 ], [ -3.065925, 5.301674 ], [ -3.06893, 5.305692 ], [ -3.068978, 5.305862 ], [ -3.071984, 5.310309 ], [ -3.078454, 5.31011 ], [ -3.078735, 5.310334 ], [ -3.078099, 5.311454 ], [ -3.077953, 5.311642 ], [ -3.07783, 5.311794 ], [ -3.077611, 5.311986 ], [ -3.077448, 5.312067 ], [ -3.076532, 5.312453 ], [ -3.076165, 5.312569 ], [ -3.076018, 5.312579 ], [ -3.075762, 5.31254 ], [ -3.069312, 5.317717 ], [ -3.069378, 5.319015 ], [ -3.069406, 5.31926 ], [ -3.069425, 5.319803 ], [ -3.069443, 5.320341 ], [ -3.069471, 5.320812 ], [ -3.0695, 5.321282 ], [ -3.069522, 5.3216 ], [ -3.069641, 5.322396 ], [ -3.069745, 5.322923 ], [ -3.077092, 5.327716 ], [ -3.077183, 5.328065 ], [ -3.076838, 5.328155 ], [ -3.076288, 5.328324 ], [ -3.070181, 5.333337 ], [ -3.067819, 5.341621 ], [ -3.071319, 5.345548 ], [ -3.079949, 5.344634 ], [ -3.080294, 5.344739 ], [ -3.080338, 5.348033 ], [ -3.080009, 5.348179 ], [ -3.076944, 5.348646 ], [ -3.076692, 5.348749 ], [ -3.075616, 5.349327 ], [ -3.075377, 5.34944 ], [ -3.075164, 5.349539 ], [ -3.074935, 5.349568 ], [ -3.07261, 5.358118 ], [ -3.073208, 5.358422 ], [ -3.07441, 5.358776 ], [ -3.07471, 5.358819 ], [ -3.07542, 5.358844 ], [ -3.076138, 5.35887 ], [ -3.076645, 5.358906 ], [ -3.077163, 5.358944 ], [ -3.077621, 5.359004 ], [ -3.078087, 5.359065 ], [ -3.078546, 5.359149 ], [ -3.07902, 5.359236 ], [ -3.079343, 5.359326 ], [ -3.079689, 5.359423 ], [ -3.079938, 5.359528 ], [ -3.080201, 5.359641 ], [ -3.080511, 5.359806 ], [ -3.080812, 5.359966 ], [ -3.082192, 5.360608 ], [ -3.08357, 5.36125 ], [ -3.083712618285699, 5.361314298720204 ], [ -3.084379, 5.359838 ], [ -3.084461836526347, 5.359875362269095 ], [ -3.084462, 5.359875 ], [ -3.084756958874165, 5.360008091199318 ], [ -3.084757, 5.360008 ], [ -3.08684, 5.360948 ], [ -3.089212, 5.362078 ], [ -3.096294, 5.363888 ], [ -3.097617, 5.363897 ], [ -3.098914, 5.363936 ], [ -3.099835, 5.363922 ], [ -3.106654, 5.359218 ], [ -3.109842, 5.360889 ], [ -3.112827, 5.368979 ], [ -3.114678, 5.371691 ], [ -3.115497, 5.372965 ], [ -3.116659, 5.374729 ], [ -3.125642, 5.374662 ], [ -3.125974, 5.374276 ], [ -3.126793295774641, 5.373526704225359 ], [ -3.127048, 5.373272 ], [ -3.127049, 5.373271 ], [ -3.129595, 5.375816 ], [ -3.129395, 5.384483 ], [ -3.129521, 5.385028 ], [ -3.129657, 5.385717 ], [ -3.12978, 5.386493 ], [ -3.130925, 5.390304 ], [ -3.131, 5.390491 ], [ -3.137807, 5.396299 ], [ -3.14193, 5.397594 ], [ -3.144087, 5.398534 ], [ -3.14537, 5.399137 ], [ -3.147576, 5.400138 ], [ -3.149252, 5.400901 ], [ -3.150916, 5.401636 ], [ -3.152599, 5.402379 ], [ -3.155254, 5.40357 ], [ -3.16146, 5.405817 ], [ -3.163434, 5.406406 ], [ -3.168991, 5.407608 ], [ -3.169969, 5.407739 ], [ -3.170589, 5.407867 ], [ -3.1713, 5.408103 ], [ -3.171919, 5.408393 ], [ -3.172492, 5.408748 ], [ -3.173069, 5.409189 ], [ -3.17356, 5.409672 ], [ -3.173916, 5.410095 ], [ -3.174286, 5.410645 ], [ -3.174583, 5.411174 ], [ -3.174858, 5.411836 ], [ -3.175108, 5.412794 ], [ -3.175192, 5.413261 ], [ -3.175241, 5.413885 ], [ -3.17524, 5.415313 ], [ -3.175252, 5.415947 ], [ -3.175356, 5.41673 ], [ -3.175454, 5.417208 ], [ -3.175682, 5.417968 ], [ -3.175831, 5.418344 ], [ -3.175988, 5.418686 ], [ -3.176231, 5.419135 ], [ -3.17664, 5.41974 ], [ -3.177827, 5.421525 ], [ -3.185722, 5.42031 ], [ -3.18639, 5.418534 ], [ -3.187489, 5.415503 ], [ -3.189305, 5.411674 ], [ -3.191188, 5.407717 ], [ -3.191768, 5.406731 ], [ -3.19238, 5.405909 ], [ -3.192932, 5.405326 ], [ -3.193649, 5.404718 ], [ -3.19428, 5.4043 ], [ -3.19486, 5.403969 ], [ -3.195604, 5.403667 ], [ -3.199495, 5.402603 ], [ -3.206274, 5.396817 ], [ -3.209285, 5.390641 ], [ -3.20987, 5.387303 ], [ -3.210576, 5.38524 ], [ -3.210991, 5.385136 ], [ -3.210991325963033, 5.385136168509241 ], [ -3.211068, 5.385117 ], [ -3.218809, 5.388947 ], [ -3.21995, 5.392361 ], [ -3.21669, 5.397201 ], [ -3.212817, 5.402502 ], [ -3.211577, 5.406263 ], [ -3.208292, 5.406235 ], [ -3.200445, 5.406076 ], [ -3.194305, 5.409518 ], [ -3.192557, 5.413217 ], [ -3.190742, 5.417045 ], [ -3.189777, 5.419753 ], [ -3.189091, 5.421577 ], [ -3.188414, 5.423377 ], [ -3.187707, 5.424621 ], [ -3.186784, 5.425721 ], [ -3.186256, 5.426298 ], [ -3.183691, 5.433862 ], [ -3.183998, 5.434512 ], [ -3.192818, 5.436265 ], [ -3.197801, 5.43377 ], [ -3.198738, 5.433941 ], [ -3.203347, 5.43882 ], [ -3.209366, 5.444045 ], [ -3.213401, 5.445057 ], [ -3.216896, 5.446118 ], [ -3.220811, 5.451227 ], [ -3.220937, 5.451812 ], [ -3.220976, 5.453756 ], [ -3.220638, 5.454867 ], [ -3.223751, 5.463076 ], [ -3.224887, 5.463605 ], [ -3.231702, 5.46402 ], [ -3.232078, 5.463907 ], [ -3.23399, 5.463457 ], [ -3.235743, 5.463053 ], [ -3.236747, 5.462696 ], [ -3.238213, 5.462022 ], [ -3.239099, 5.461584 ], [ -3.241907, 5.45998 ], [ -3.242312, 5.459752 ], [ -3.244182, 5.458816 ], [ -3.244784, 5.458625 ], [ -3.245151, 5.458561 ], [ -3.245448, 5.458537 ], [ -3.245842, 5.458534 ], [ -3.246318, 5.458586 ], [ -3.246771, 5.458695 ], [ -3.255146, 5.455674 ], [ -3.256426, 5.452271 ], [ -3.256636, 5.451425 ], [ -3.256756, 5.451081 ], [ -3.257017, 5.450457 ], [ -3.257401, 5.449622 ], [ -3.257768, 5.448881 ], [ -3.258355, 5.447638 ], [ -3.259311, 5.445695 ], [ -3.261652, 5.440695 ], [ -3.261926, 5.439151 ], [ -3.262166, 5.436241 ], [ -3.259406, 5.430456 ], [ -3.260367, 5.428242 ], [ -3.261094, 5.427687 ], [ -3.266934, 5.423292 ], [ -3.268631, 5.421233 ], [ -3.268936, 5.420893 ], [ -3.269247, 5.420582 ], [ -3.269679, 5.420187 ], [ -3.271072, 5.419011 ], [ -3.27212, 5.41147 ], [ -3.270228, 5.409 ], [ -3.269794, 5.408409 ], [ -3.269553, 5.407772 ], [ -3.268567, 5.404786 ], [ -3.268399, 5.401318 ], [ -3.268608, 5.401284 ], [ -3.269069, 5.401261 ], [ -3.269475, 5.401308 ], [ -3.269921, 5.40145 ], [ -3.270624, 5.401835 ], [ -3.270979, 5.402079 ], [ -3.271132294424848, 5.402212202437124 ], [ -3.271137, 5.402207 ], [ -3.271391, 5.402437 ], [ -3.271449685193737, 5.402494326740179 ], [ -3.271451, 5.402493 ], [ -3.271607, 5.402648 ], [ -3.271954, 5.40304 ], [ -3.272288, 5.403494 ], [ -3.272535, 5.403898 ], [ -3.279368, 5.409345 ], [ -3.287624, 5.408501 ], [ -3.288096, 5.408263 ], [ -3.28883, 5.407933 ], [ -3.289772, 5.407591 ], [ -3.291487, 5.407025 ], [ -3.291906, 5.406905 ], [ -3.292459, 5.406777 ], [ -3.293118, 5.406673 ], [ -3.293627, 5.406621 ], [ -3.294381, 5.406584 ], [ -3.29504, 5.406593 ], [ -3.295676, 5.406632 ], [ -3.29605, 5.406676 ], [ -3.297353, 5.406822 ], [ -3.297887, 5.406829 ], [ -3.300066, 5.406463 ], [ -3.304839, 5.40018 ], [ -3.304892, 5.399475 ], [ -3.304999, 5.399156 ], [ -3.306112, 5.393298 ], [ -3.306293, 5.391811 ], [ -3.307175, 5.389859 ], [ -3.308624, 5.390306 ], [ -3.309893, 5.39181 ], [ -3.310035, 5.392678 ], [ -3.310305, 5.393973 ], [ -3.310381, 5.394576 ], [ -3.310393, 5.395148 ], [ -3.316096, 5.400321 ], [ -3.321206, 5.395934 ], [ -3.321536, 5.394844 ], [ -3.321585, 5.394638 ], [ -3.325086, 5.395477 ], [ -3.330659, 5.402334 ], [ -3.333076305227724, 5.402730647607027 ], [ -3.334856, 5.402743 ], [ -3.334965, 5.402765 ], [ -3.335182616639464, 5.402848229852451 ], [ -3.335327, 5.402838 ], [ -3.335751, 5.40293 ], [ -3.340634, 5.404533 ], [ -3.343486, 5.405365 ], [ -3.344464, 5.405612 ], [ -3.344834, 5.405736 ], [ -3.344832, 5.407406 ], [ -3.344769, 5.407788 ], [ -3.343688, 5.409149 ], [ -3.339247, 5.409272 ], [ -3.333554, 5.407164 ], [ -3.328582, 5.406244 ], [ -3.326002, 5.405766 ], [ -3.319565, 5.411275 ], [ -3.319464, 5.411663 ], [ -3.319366, 5.411913 ], [ -3.318871, 5.412918 ], [ -3.318791, 5.413031 ], [ -3.316228080590557, 5.41121181605951 ], [ -3.316054, 5.411255 ], [ -3.316003964059036, 5.411052736069152 ], [ -3.315855, 5.410947 ], [ -3.315782, 5.409652 ], [ -3.308662, 5.405436 ], [ -3.306064, 5.407198 ], [ -3.305653, 5.407632 ], [ -3.30522, 5.408016 ], [ -3.304802, 5.40833 ], [ -3.30424, 5.408666 ], [ -3.303686, 5.408934 ], [ -3.301343, 5.409829 ], [ -3.299437, 5.410309 ], [ -3.29892, 5.410382 ], [ -3.298035, 5.410426 ], [ -3.297317, 5.410421 ], [ -3.295673, 5.410257 ], [ -3.287459, 5.413164 ], [ -3.286463, 5.414184 ], [ -3.286166, 5.414469 ], [ -3.285754, 5.414829 ], [ -3.285339, 5.415153 ], [ -3.28457, 5.415671 ], [ -3.283233, 5.416475 ], [ -3.282536, 5.416882 ], [ -3.281959, 5.417166 ], [ -3.280567, 5.417721 ], [ -3.273341, 5.421806 ], [ -3.269713, 5.425581 ], [ -3.266065, 5.432881 ], [ -3.26582, 5.435882 ], [ -3.265746, 5.436613 ], [ -3.265514, 5.439446 ], [ -3.265373, 5.440533 ], [ -3.265268, 5.441094 ], [ -3.265129, 5.441628 ], [ -3.26439, 5.443707 ], [ -3.262541, 5.447285 ], [ -3.261585, 5.449228 ], [ -3.264059, 5.457362 ], [ -3.265383, 5.459049 ], [ -3.266027, 5.459779 ], [ -3.266804, 5.460489 ], [ -3.267435, 5.460994 ], [ -3.269747, 5.462475 ], [ -3.276998, 5.458583 ], [ -3.279977, 5.45806 ], [ -3.28059, 5.458336 ], [ -3.280883, 5.458643 ], [ -3.281314, 5.459347 ], [ -3.284054, 5.463914 ], [ -3.290131, 5.469984 ], [ -3.291174, 5.470253 ], [ -3.291173953252992, 5.470253181268153 ], [ -3.291181, 5.470255 ], [ -3.291180551907987, 5.470256739475231 ], [ -3.291297, 5.470287 ], [ -3.291676, 5.470407 ], [ -3.292168, 5.470601 ], [ -3.292471, 5.470738 ], [ -3.290986, 5.474017 ], [ -3.288623, 5.47347 ], [ -3.28603, 5.473448 ], [ -3.285478, 5.473521 ], [ -3.28462, 5.473501 ], [ -3.284206, 5.47345 ], [ -3.283865, 5.473373 ], [ -3.283544, 5.47326 ], [ -3.2812, 5.472366 ], [ -3.280402, 5.472242 ], [ -3.279893, 5.472078 ], [ -3.279308, 5.471844 ], [ -3.278949, 5.471673 ], [ -3.278706, 5.471539 ], [ -3.278129, 5.471068 ], [ -3.277677, 5.4705 ], [ -3.275038, 5.468325 ], [ -3.272183, 5.467266 ], [ -3.271467, 5.467135 ], [ -3.27087, 5.466917 ], [ -3.270501, 5.466728 ], [ -3.269377, 5.466148 ], [ -3.263048, 5.471955 ], [ -3.263182, 5.472451 ], [ -3.263239, 5.473019 ], [ -3.267226, 5.479343 ], [ -3.269159, 5.480168 ], [ -3.269603, 5.480479 ], [ -3.270267, 5.480953 ], [ -3.270531, 5.481181 ], [ -3.270984, 5.481527 ], [ -3.2717, 5.482114 ], [ -3.272645, 5.482777 ], [ -3.274307, 5.483527 ], [ -3.275045, 5.484023 ], [ -3.275581, 5.484756 ], [ -3.276898, 5.486694 ], [ -3.277474, 5.490247 ], [ -3.276697, 5.490373 ], [ -3.276182, 5.490393 ], [ -3.275673, 5.490322 ], [ -3.274063, 5.489913 ], [ -3.273364, 5.489627 ], [ -3.272666, 5.489025 ], [ -3.272269, 5.488401 ], [ -3.269361, 5.48485 ], [ -3.26469011325462, 5.482741564100176 ], [ -3.258937, 5.484775 ], [ -3.258167, 5.485222 ], [ -3.257451, 5.48541 ], [ -3.256707, 5.485434 ], [ -3.256261, 5.485349 ], [ -3.25574, 5.485185 ], [ -3.255183, 5.48491 ], [ -3.253526, 5.484053 ], [ -3.248606, 5.484558 ], [ -3.24614, 5.492038 ], [ -3.246559, 5.493364 ], [ -3.246701, 5.493939 ], [ -3.247153, 5.495488 ], [ -3.247558, 5.496805 ], [ -3.247714, 5.497674 ], [ -3.247664, 5.498578 ], [ -3.247626, 5.506694 ], [ -3.244182, 5.507743 ], [ -3.244157032231751, 5.507660990191964 ], [ -3.244157, 5.507661 ], [ -3.244155437293478, 5.50765586680579 ], [ -3.244155, 5.507656 ], [ -3.243525, 5.505585 ], [ -3.242647, 5.503514 ], [ -3.242358, 5.502794 ], [ -3.242242, 5.502288 ], [ -3.242156, 5.501197 ], [ -3.242228, 5.500538 ], [ -3.24261, 5.49975 ], [ -3.24058, 5.491384 ], [ -3.234452, 5.48895 ], [ -3.233326, 5.488522 ], [ -3.232571, 5.48793 ], [ -3.230176, 5.48498 ], [ -3.229602, 5.4843 ], [ -3.229244, 5.483671 ], [ -3.228895, 5.482701 ], [ -3.226079, 5.479276 ], [ -3.225752, 5.479062 ], [ -3.218989, 5.477666 ], [ -3.213333, 5.479711 ], [ -3.212572, 5.485433 ], [ -3.213376, 5.487497 ], [ -3.213913, 5.488342 ], [ -3.214084, 5.488848 ], [ -3.214188, 5.489509 ], [ -3.214192, 5.490106 ], [ -3.214833, 5.493541 ], [ -3.214944, 5.494179 ], [ -3.215246, 5.495312 ], [ -3.215359, 5.495784 ], [ -3.215435, 5.496303 ], [ -3.215453, 5.496968 ], [ -3.2154, 5.497437 ], [ -3.215121, 5.498199 ], [ -3.213709, 5.502927 ], [ -3.217431, 5.51059 ], [ -3.217853, 5.511513 ], [ -3.219753, 5.514745 ], [ -3.220331, 5.5162 ], [ -3.220413, 5.517301 ], [ -3.220829, 5.520022 ], [ -3.221035, 5.521215 ], [ -3.220861, 5.523088 ], [ -3.22083, 5.524121 ], [ -3.220799, 5.525161 ], [ -3.217232, 5.525648 ], [ -3.217179, 5.525257 ], [ -3.217195565788899, 5.524872949794036 ], [ -3.217168, 5.524871 ], [ -3.217114, 5.522285 ], [ -3.217068, 5.521884 ], [ -3.216747, 5.520382 ], [ -3.214726, 5.515744 ], [ -3.206808, 5.512705 ], [ -3.205981, 5.512572 ], [ -3.203426, 5.512514 ], [ -3.202534, 5.512349 ], [ -3.202214, 5.512206 ], [ -3.202214656211473, 5.512204451567041 ], [ -3.201192, 5.511791 ], [ -3.200725, 5.511411 ], [ -3.202753, 5.508633 ], [ -3.202997, 5.508618 ], [ -3.207822537231538, 5.503873893709245 ], [ -3.20937, 5.501806 ], [ -3.209425, 5.501242 ], [ -3.209579, 5.500446 ], [ -3.209669, 5.500099 ], [ -3.209994, 5.499312 ], [ -3.210221, 5.498883 ], [ -3.210809, 5.493631 ], [ -3.210636, 5.493142 ], [ -3.210516, 5.492678 ], [ -3.210445, 5.492192 ], [ -3.209319, 5.489659 ], [ -3.200414, 5.490307 ], [ -3.200179, 5.49143 ], [ -3.199789, 5.492223 ], [ -3.198956, 5.493371 ], [ -3.198181, 5.494081 ], [ -3.195431, 5.498588 ], [ -3.195159, 5.499304 ], [ -3.194673, 5.500129 ], [ -3.193165, 5.501998 ], [ -3.192047, 5.50331 ], [ -3.191274, 5.504064 ], [ -3.188889, 5.508673 ], [ -3.187978, 5.511283 ], [ -3.192374, 5.518254 ], [ -3.192825, 5.518565 ], [ -3.194198, 5.519865 ], [ -3.194934, 5.520551 ], [ -3.197186, 5.522578 ], [ -3.197674, 5.522981 ], [ -3.197821, 5.523164 ], [ -3.198109, 5.523715 ], [ -3.19846, 5.524414 ], [ -3.19878, 5.525082 ], [ -3.199029, 5.525984 ], [ -3.199614, 5.527518 ], [ -3.203365, 5.533109 ], [ -3.20375, 5.533367 ], [ -3.20455, 5.533818 ], [ -3.204844, 5.534008 ], [ -3.205214, 5.534305 ], [ -3.205616, 5.534799 ], [ -3.206833, 5.536341 ], [ -3.207573, 5.537108 ], [ -3.207788, 5.537808 ], [ -3.207734, 5.538597 ], [ -3.207452, 5.539207 ], [ -3.206449, 5.540472 ], [ -3.203153, 5.539023 ], [ -3.19753, 5.536914 ], [ -3.196255, 5.53572 ], [ -3.196045, 5.535379 ], [ -3.195391, 5.53372 ], [ -3.195045, 5.533064 ], [ -3.194926, 5.532304 ], [ -3.194939, 5.532077 ], [ -3.195052, 5.531572 ], [ -3.193414, 5.524508 ], [ -3.192711, 5.523732 ], [ -3.191058, 5.522181 ], [ -3.187391, 5.520349 ], [ -3.186911, 5.520182 ], [ -3.179668, 5.525125 ], [ -3.180133, 5.527151 ], [ -3.180199, 5.527646 ], [ -3.180222, 5.528485 ], [ -3.180129, 5.529263 ], [ -3.180032, 5.529656 ], [ -3.179484, 5.53149 ], [ -3.178797, 5.533664 ], [ -3.178621, 5.53483 ], [ -3.178814, 5.537593 ], [ -3.178788, 5.538129 ], [ -3.178705, 5.538645 ], [ -3.178477, 5.539532 ], [ -3.178317, 5.539945 ], [ -3.178094, 5.540415 ], [ -3.177888, 5.540755 ], [ -3.177691, 5.541024 ], [ -3.177136, 5.541687 ], [ -3.176607, 5.542181 ], [ -3.174762, 5.543498 ], [ -3.174436, 5.543788 ], [ -3.173232, 5.545018 ], [ -3.172865, 5.545337 ], [ -3.169893, 5.552607 ], [ -3.170779, 5.555719 ], [ -3.170939, 5.556214 ], [ -3.176231, 5.56295 ], [ -3.177221556298053, 5.565846770601122 ], [ -3.180849, 5.568287 ], [ -3.180894, 5.568571 ], [ -3.180946, 5.569774 ], [ -3.180908, 5.570235 ], [ -3.18243, 5.578877 ], [ -3.182544, 5.579182 ], [ -3.182712, 5.579882 ], [ -3.182755, 5.580534 ], [ -3.182734, 5.580893 ], [ -3.182672, 5.581284 ], [ -3.182509, 5.582176 ], [ -3.182472, 5.582261 ], [ -3.181687, 5.58323 ], [ -3.180234, 5.584766 ], [ -3.177546, 5.582372 ], [ -3.173769, 5.578167 ], [ -3.172259, 5.574898 ], [ -3.170578728983715, 5.566516625491248 ], [ -3.169955, 5.56587 ], [ -3.169485, 5.56561 ], [ -3.169104, 5.56533 ], [ -3.168668, 5.564879 ], [ -3.168465, 5.564619 ], [ -3.168098, 5.564006 ], [ -3.167813, 5.563183 ], [ -3.166208, 5.55486 ], [ -3.164871, 5.550033 ], [ -3.164786, 5.549531 ], [ -3.164775, 5.549029 ], [ -3.164829, 5.548571 ], [ -3.164967, 5.547851 ], [ -3.165123, 5.547297 ], [ -3.165335, 5.546693 ], [ -3.165665, 5.54604 ], [ -3.165988, 5.545582 ], [ -3.166403, 5.545161 ], [ -3.166833, 5.544826 ], [ -3.167402, 5.544478 ], [ -3.168958, 5.543562 ], [ -3.169605, 5.54313 ], [ -3.171858, 5.541276 ], [ -3.175044, 5.534297 ], [ -3.175092, 5.533811 ], [ -3.175278, 5.532903 ], [ -3.175723, 5.524051 ], [ -3.175648, 5.523493 ], [ -3.175654, 5.522333 ], [ -3.175837, 5.519945 ], [ -3.175944, 5.51906 ], [ -3.176213, 5.518006 ], [ -3.176781, 5.51651 ], [ -3.177216, 5.515704 ], [ -3.177556, 5.515192 ], [ -3.178116, 5.514551 ], [ -3.178923, 5.513905 ], [ -3.179803, 5.513422 ], [ -3.185488, 5.507492 ], [ -3.18644, 5.504461 ], [ -3.186875, 5.503512 ], [ -3.187398, 5.502745 ], [ -3.18775, 5.50233 ], [ -3.188385, 5.501758 ], [ -3.189502, 5.500764 ], [ -3.190417, 5.499673 ], [ -3.19223, 5.496092 ], [ -3.192357, 5.495436 ], [ -3.192571, 5.494753 ], [ -3.193207, 5.493591 ], [ -3.193725, 5.49293 ], [ -3.191713, 5.485008 ], [ -3.188198, 5.485749 ], [ -3.179717, 5.487074 ], [ -3.179376, 5.487226 ], [ -3.17836, 5.48756 ], [ -3.177812, 5.487691 ], [ -3.177238, 5.487783 ], [ -3.173884, 5.489104 ], [ -3.169595, 5.496358 ], [ -3.169458, 5.49693 ], [ -3.169114, 5.497544 ], [ -3.168833, 5.49784 ], [ -3.167323, 5.49964 ], [ -3.166887, 5.500211 ], [ -3.165064, 5.504239 ], [ -3.164757, 5.504999 ], [ -3.164464, 5.505355 ], [ -3.164306, 5.505506 ], [ -3.164299191852919, 5.50550192573816 ], [ -3.164123, 5.505659 ], [ -3.163667, 5.505954 ], [ -3.163148, 5.50616 ], [ -3.161912, 5.506538 ], [ -3.161409, 5.506689 ], [ -3.160975, 5.50675 ], [ -3.157023, 5.507444 ], [ -3.15662, 5.507559 ], [ -3.155628, 5.504098 ], [ -3.15636, 5.50359 ], [ -3.160028, 5.4964 ], [ -3.1599, 5.492802 ], [ -3.158963, 5.485167 ], [ -3.15298, 5.486222 ], [ -3.150888, 5.488692 ], [ -3.150479, 5.48912 ], [ -3.149985, 5.489508 ], [ -3.149166, 5.490025 ], [ -3.148161, 5.490821 ], [ -3.145363, 5.488555 ], [ -3.14588, 5.487916 ], [ -3.146316, 5.487502 ], [ -3.149031, 5.484718 ], [ -3.149057889746124, 5.482157006964061 ], [ -3.146925, 5.479708 ], [ -3.14664, 5.47612 ], [ -3.14736, 5.475929 ], [ -3.148361674436292, 5.475532064670165 ], [ -3.147711, 5.474087 ], [ -3.147509, 5.473733 ], [ -3.1471, 5.472848 ], [ -3.150369, 5.47134 ], [ -3.157435, 5.474617 ], [ -3.159419, 5.473656 ], [ -3.161333, 5.472574 ], [ -3.16216, 5.47229 ], [ -3.162848, 5.472209 ], [ -3.163765, 5.472367 ], [ -3.164881, 5.472891 ], [ -3.168092, 5.473566 ], [ -3.172055, 5.472366 ], [ -3.172916, 5.472054 ], [ -3.176936, 5.464303 ], [ -3.17542, 5.462561 ], [ -3.170395, 5.461213 ], [ -3.169465, 5.461223 ], [ -3.16841, 5.461135 ], [ -3.167762, 5.461039 ], [ -3.164566, 5.461048 ], [ -3.163365, 5.461396 ], [ -3.162878, 5.461422 ], [ -3.161939, 5.461443 ], [ -3.16066, 5.461562 ], [ -3.159663, 5.461519 ], [ -3.158041, 5.461518 ], [ -3.157789, 5.461486 ], [ -3.156866, 5.461416 ], [ -3.155229, 5.461372 ], [ -3.154449, 5.461109 ], [ -3.153966, 5.460788 ], [ -3.153436, 5.460269 ], [ -3.153079, 5.459713 ], [ -3.152553, 5.458564 ], [ -3.152271, 5.457048 ], [ -3.152376, 5.456789 ], [ -3.155357879547906, 5.457121266578195 ], [ -3.155719, 5.456884 ], [ -3.157138601696624, 5.457135525698305 ], [ -3.164763, 5.456873 ], [ -3.16564, 5.456718 ], [ -3.166746, 5.456911 ], [ -3.167029, 5.456958 ], [ -3.167495, 5.457083 ], [ -3.171335, 5.457091 ], [ -3.175977, 5.450099 ], [ -3.176061, 5.450001 ], [ -3.177991, 5.448891 ], [ -3.17895, 5.448291 ], [ -3.179909, 5.448005 ], [ -3.183356, 5.439762 ], [ -3.183014, 5.439283 ], [ -3.182358, 5.438481 ], [ -3.181846, 5.437808 ], [ -3.181405, 5.437178 ], [ -3.181034, 5.436589 ], [ -3.180738, 5.436039 ], [ -3.17685, 5.431926 ], [ -3.173627, 5.430497 ], [ -3.173634, 5.421722 ], [ -3.173054, 5.420827 ], [ -3.172707, 5.420168 ], [ -3.172477, 5.419652 ], [ -3.172264, 5.419098 ], [ -3.172066, 5.418484 ], [ -3.171925, 5.41792 ], [ -3.171802, 5.417306 ], [ -3.165964, 5.410815 ], [ -3.164885, 5.410574 ], [ -3.164386, 5.410448 ], [ -3.162403, 5.409856 ], [ -3.160412, 5.409261 ], [ -3.157592, 5.408401 ], [ -3.156116, 5.407904 ], [ -3.154933, 5.407407 ], [ -3.153779, 5.406854 ], [ -3.151146, 5.405672 ], [ -3.149462, 5.404929 ], [ -3.147759, 5.404177 ], [ -3.141111, 5.408271 ], [ -3.141168, 5.410816 ], [ -3.14118, 5.411388 ], [ -3.141053, 5.412173 ], [ -3.140851, 5.415689 ], [ -3.14089, 5.416039 ], [ -3.141231, 5.418634 ], [ -3.139454, 5.421765 ], [ -3.139047, 5.421533 ], [ -3.133764, 5.418728 ], [ -3.130783, 5.41696 ], [ -3.130676, 5.416906 ], [ -3.129756, 5.414641 ], [ -3.129588, 5.414173 ], [ -3.129503, 5.413643 ], [ -3.122804, 5.407805 ], [ -3.122168, 5.407947 ], [ -3.121756, 5.407964 ], [ -3.121371, 5.407925 ], [ -3.12016, 5.407831 ], [ -3.120145, 5.404231 ], [ -3.123718, 5.403012 ], [ -3.124156, 5.402766 ], [ -3.124586, 5.402599 ], [ -3.124984, 5.402488 ], [ -3.127859, 5.394959 ], [ -3.126521, 5.393481 ], [ -3.125188, 5.39202 ], [ -3.123756, 5.390348 ], [ -3.117363, 5.38808 ], [ -3.113781, 5.388442 ], [ -3.113732, 5.387953 ], [ -3.113769805376419, 5.387526933407759 ], [ -3.11374, 5.387523 ], [ -3.113884, 5.385458 ], [ -3.113969, 5.384836 ], [ -3.113653, 5.376709 ], [ -3.112469, 5.374912 ], [ -3.1117, 5.373715 ], [ -3.110013, 5.371223 ], [ -3.102607, 5.367475 ], [ -3.101052, 5.367463 ], [ -3.093255, 5.37057 ], [ -3.093135992025742, 5.370609835305191 ], [ -3.093123, 5.370615 ], [ -3.093016, 5.37065 ], [ -3.09102, 5.37142 ], [ -3.090197, 5.371729 ], [ -3.088828, 5.370759 ], [ -3.088676, 5.370294 ], [ -3.088643, 5.370179 ], [ -3.08854245387789, 5.369787348914831 ], [ -3.08760775244967, 5.368673000628148 ], [ -3.086680658653767, 5.36757972033798 ], [ -3.084197, 5.366597 ], [ -3.083238, 5.365192 ], [ -3.082248, 5.363667 ], [ -3.074697, 5.359178 ], [ -3.07436, 5.359133 ], [ -3.074042, 5.359089 ], [ -3.073712, 5.358994 ] ] ], [ [ [ -3.485212, 5.601003 ], [ -3.484983, 5.601131 ], [ -3.484785, 5.601238 ], [ -3.484522, 5.601342 ], [ -3.484279, 5.601436 ], [ -3.483742, 5.601522 ], [ -3.483243, 5.601598 ], [ -3.482331, 5.60158 ], [ -3.481451, 5.60156 ], [ -3.475819, 5.602547 ], [ -3.471199, 5.608009 ], [ -3.471094, 5.608194 ], [ -3.470945, 5.60843 ], [ -3.467896, 5.612633 ], [ -3.467768, 5.612831 ], [ -3.46761, 5.613066 ], [ -3.467465, 5.613198 ], [ -3.467264, 5.613364 ], [ -3.463436, 5.620783 ], [ -3.463565, 5.621784 ], [ -3.463673, 5.622895 ], [ -3.463576, 5.623073 ], [ -3.463445, 5.623294 ], [ -3.461552, 5.626585 ], [ -3.460524, 5.630443 ], [ -3.462951, 5.636984 ], [ -3.463143, 5.63727 ], [ -3.463338, 5.637563 ], [ -3.463502, 5.637839 ], [ -3.463574, 5.638095 ], [ -3.463453, 5.63921 ], [ -3.463422, 5.639516 ], [ -3.463388, 5.639843 ], [ -3.463405, 5.64505 ], [ -3.464694, 5.650177 ], [ -3.464536, 5.6505 ], [ -3.463128, 5.650808 ], [ -3.46281, 5.650638 ], [ -3.462863, 5.648921 ], [ -3.462862, 5.648581 ], [ -3.462896, 5.648234 ], [ -3.462977, 5.644529 ], [ -3.462908, 5.643971 ], [ -3.462873, 5.643458 ], [ -3.457703, 5.636528 ], [ -3.457521, 5.636298 ], [ -3.45747, 5.636072 ], [ -3.458131, 5.633474 ], [ -3.458193, 5.633125 ], [ -3.458307, 5.632843 ], [ -3.459775, 5.62741 ], [ -3.459888, 5.6271 ], [ -3.461026, 5.624608 ], [ -3.462837, 5.617838 ], [ -3.462873, 5.617554 ], [ -3.462908, 5.617301 ], [ -3.462976, 5.617088 ], [ -3.463037, 5.616908 ], [ -3.463181, 5.616678 ], [ -3.463305, 5.61649 ], [ -3.464936, 5.614162 ], [ -3.465086, 5.613897 ], [ -3.466945, 5.609948 ], [ -3.467143, 5.609597 ], [ -3.467413, 5.609401 ], [ -3.467628, 5.609262 ], [ -3.467853, 5.609166 ], [ -3.468049, 5.609085 ], [ -3.468717, 5.60047 ], [ -3.466649, 5.599804 ], [ -3.466627, 5.5998 ], [ -3.466303, 5.599729 ], [ -3.465979, 5.599658 ], [ -3.465946, 5.599647 ], [ -3.46576, 5.599566 ], [ -3.465573, 5.599485 ], [ -3.465538, 5.599465 ], [ -3.465361, 5.599333 ], [ -3.465313, 5.599279 ], [ -3.464407, 5.59824 ], [ -3.464192, 5.597984 ], [ -3.464181, 5.59797 ], [ -3.46389, 5.597547 ], [ -3.463599, 5.597123 ], [ -3.463579, 5.597087 ], [ -3.460704, 5.594122 ], [ -3.453291, 5.595173 ], [ -3.45291, 5.59554 ], [ -3.452512, 5.595923 ], [ -3.452322, 5.596062 ], [ -3.452105, 5.596218 ], [ -3.451832, 5.596349 ], [ -3.451505, 5.596456 ], [ -3.451117, 5.596573 ], [ -3.447921, 5.596894 ], [ -3.443179, 5.598201 ], [ -3.442866, 5.598295 ], [ -3.440135, 5.59939 ], [ -3.439266, 5.599805 ], [ -3.438783, 5.599881 ], [ -3.438238, 5.599955 ], [ -3.436482, 5.600288 ], [ -3.436164, 5.600347 ], [ -3.43316, 5.600651 ], [ -3.432889, 5.600722 ], [ -3.432593, 5.600798 ], [ -3.432395, 5.600821 ], [ -3.432144, 5.600843 ], [ -3.431909, 5.600799 ], [ -3.428559, 5.601181 ], [ -3.42551, 5.608865 ], [ -3.425584, 5.609053 ], [ -3.425668, 5.609275 ], [ -3.425702, 5.609502 ], [ -3.425663, 5.609721 ], [ -3.425231, 5.61604 ], [ -3.42503, 5.616339 ], [ -3.424863, 5.616226 ], [ -3.424726, 5.616084 ], [ -3.424626, 5.615915 ], [ -3.42408, 5.614869 ], [ -3.424003, 5.61464 ], [ -3.42342, 5.606023 ], [ -3.423424, 5.605707 ], [ -3.42343, 5.605424 ], [ -3.423816, 5.602415 ], [ -3.424125, 5.602103 ], [ -3.424337, 5.602002 ], [ -3.424983, 5.60174 ], [ -3.427238, 5.600836 ], [ -3.427654, 5.600741 ], [ -3.42999, 5.600108 ], [ -3.43034, 5.600104 ], [ -3.430624, 5.600112 ], [ -3.433665, 5.600007 ], [ -3.433945, 5.599979 ], [ -3.441232, 5.597771 ], [ -3.444888, 5.596432 ], [ -3.445066, 5.596342 ], [ -3.445279, 5.596275 ], [ -3.445463, 5.59622 ], [ -3.445727, 5.59619 ], [ -3.449254, 5.596156 ], [ -3.449532, 5.596077 ], [ -3.453842, 5.592959 ], [ -3.453707, 5.585952 ], [ -3.453557, 5.585621 ], [ -3.4534, 5.585271 ], [ -3.453344, 5.585094 ], [ -3.453281, 5.584882 ], [ -3.453254, 5.584565 ], [ -3.452529, 5.579638 ], [ -3.452457, 5.579359 ], [ -3.450339, 5.571696 ], [ -3.450201, 5.571423 ], [ -3.450055, 5.571129 ], [ -3.449969, 5.570893 ], [ -3.449872, 5.570591 ], [ -3.449882, 5.570294 ], [ -3.448987, 5.565754 ], [ -3.44887, 5.565488 ], [ -3.448805, 5.564975 ], [ -3.448739, 5.564421 ], [ -3.447898, 5.561504 ], [ -3.439599, 5.560108 ], [ -3.439345, 5.560255 ], [ -3.439193, 5.560303 ], [ -3.439083, 5.559961 ], [ -3.440456, 5.55806 ], [ -3.440578, 5.557894 ], [ -3.440748, 5.55775 ], [ -3.441135, 5.557499 ], [ -3.441506, 5.557259 ], [ -3.441933, 5.557041 ], [ -3.442343, 5.556833 ], [ -3.442634, 5.556757 ], [ -3.442885, 5.556697 ], [ -3.443098, 5.556676 ], [ -3.448301, 5.54959 ], [ -3.448174, 5.549108 ], [ -3.448163, 5.548878 ], [ -3.448164, 5.548575 ], [ -3.44827, 5.548296 ], [ -3.448505, 5.547796 ], [ -3.44874, 5.547296 ], [ -3.449066, 5.54745 ], [ -3.449924, 5.553059 ], [ -3.449985, 5.553337 ], [ -3.450039, 5.553589 ], [ -3.450079, 5.553995 ], [ -3.450116, 5.55438 ], [ -3.450101, 5.554713 ], [ -3.450023, 5.555014 ], [ -3.449951, 5.555277 ], [ -3.449665, 5.556028 ], [ -3.449204, 5.563232 ], [ -3.451349, 5.567996 ], [ -3.451535, 5.568335 ], [ -3.451603, 5.568649 ], [ -3.454249, 5.575627 ], [ -3.454334, 5.575806 ], [ -3.454379, 5.576265 ], [ -3.454408, 5.576666 ], [ -3.455553, 5.582388 ], [ -3.455621, 5.582639 ], [ -3.457098, 5.587075 ], [ -3.457207, 5.587423 ], [ -3.462302, 5.594483 ], [ -3.462554, 5.59468 ], [ -3.462572, 5.594696 ], [ -3.462737, 5.594866 ], [ -3.462903, 5.595036 ], [ -3.46291, 5.595044 ], [ -3.46313, 5.595297 ], [ -3.46335, 5.595551 ], [ -3.467928, 5.599553 ], [ -3.476801, 5.599349 ], [ -3.477029, 5.599245 ], [ -3.477286, 5.59913 ], [ -3.477594, 5.599069 ], [ -3.477916, 5.599146 ], [ -3.486613, 5.598547 ], [ -3.489624, 5.596046 ], [ -3.49146, 5.593534 ], [ -3.491815, 5.585465 ], [ -3.491696, 5.585146 ], [ -3.49164, 5.584777 ], [ -3.491582, 5.584368 ], [ -3.491638, 5.583501 ], [ -3.491695, 5.582631 ], [ -3.491719, 5.582334 ], [ -3.491744, 5.582027 ], [ -3.491774, 5.581809 ], [ -3.49182, 5.581542 ], [ -3.492204, 5.580704 ], [ -3.493075, 5.578169 ], [ -3.493063, 5.57021 ], [ -3.493215, 5.568962 ], [ -3.495711, 5.564972 ], [ -3.499857, 5.562471 ], [ -3.502186, 5.560678 ], [ -3.502546, 5.560681 ], [ -3.502689, 5.56499 ], [ -3.503741, 5.572026 ], [ -3.503515, 5.572307 ], [ -3.499062, 5.577956 ], [ -3.499787, 5.582113 ], [ -3.499855, 5.582427 ], [ -3.499862, 5.582647 ], [ -3.499866, 5.582906 ], [ -3.499982, 5.586617 ], [ -3.499659, 5.586754 ], [ -3.492878, 5.591843 ], [ -3.491556, 5.594189 ], [ -3.491328, 5.594687 ], [ -3.491113, 5.595035 ], [ -3.49091, 5.595362 ], [ -3.489441, 5.597778 ], [ -3.489223, 5.598047 ], [ -3.485212, 5.601003 ] ] ], [ [ [ -4.015815, 7.147934 ], [ -4.014667, 7.148319 ], [ -4.013864, 7.148481 ], [ -4.013092, 7.148502 ], [ -4.012185, 7.148345 ], [ -4.011126, 7.148015 ], [ -4.008957, 7.147274 ], [ -4.000607, 7.1467 ], [ -3.998805, 7.147139 ], [ -3.998194, 7.147255 ], [ -3.997551, 7.147328 ], [ -3.99657, 7.147382 ], [ -3.995678, 7.147371 ], [ -3.989514, 7.147368 ], [ -3.988813, 7.147419 ], [ -3.98816, 7.147416 ], [ -3.987774, 7.147384 ], [ -3.987212, 7.147283 ], [ -3.986361, 7.14702 ], [ -3.985866, 7.146812 ], [ -3.978718, 7.144708 ], [ -3.976917, 7.144744 ], [ -3.97618, 7.144706 ], [ -3.975559, 7.1446 ], [ -3.974979, 7.144447 ], [ -3.974349, 7.144214 ], [ -3.973848, 7.143974 ], [ -3.973065, 7.143466 ], [ -3.967788, 7.140906 ], [ -3.967136, 7.140736 ], [ -3.966547, 7.140525 ], [ -3.96585, 7.140157 ], [ -3.957069, 7.140562 ], [ -3.955163, 7.142781 ], [ -3.952863, 7.14758 ], [ -3.952397, 7.14934 ], [ -3.953505, 7.156777 ], [ -3.954738, 7.159837 ], [ -3.955928, 7.162359 ], [ -3.956439, 7.163386 ], [ -3.957007, 7.164595 ], [ -3.958366, 7.167517 ], [ -3.959745, 7.170485 ], [ -3.961113, 7.173654 ], [ -3.962081913350633, 7.175851803451693 ], [ -3.962741, 7.177301 ], [ -3.963754, 7.179691 ], [ -3.964881, 7.18187 ], [ -3.96604, 7.184112 ], [ -3.96697, 7.186108 ], [ -3.967306, 7.187013 ], [ -3.967445, 7.187493 ], [ -3.967751, 7.188803 ], [ -3.968389, 7.192222 ], [ -3.969028, 7.195641 ], [ -3.965489, 7.196302 ], [ -3.964851, 7.192883 ], [ -3.96278, 7.185639 ], [ -3.961684, 7.183524 ], [ -3.960557, 7.181346 ], [ -3.959429, 7.178713 ], [ -3.9588, 7.177332 ], [ -3.958787557666601, 7.177303754254353 ], [ -3.958787, 7.177304 ], [ -3.957819, 7.175105 ], [ -3.95644, 7.171912 ], [ -3.955102, 7.169035 ], [ -3.953743, 7.166113 ], [ -3.953181, 7.164919 ], [ -3.952705, 7.163961 ], [ -3.951483, 7.161373 ], [ -3.950167, 7.158126 ], [ -3.941252, 7.159102 ], [ -3.940547, 7.160203 ], [ -3.940202, 7.160646 ], [ -3.939909, 7.160966 ], [ -3.938331, 7.163178 ], [ -3.937972, 7.163852 ], [ -3.936931, 7.165471 ], [ -3.933903, 7.163524 ], [ -3.935138, 7.161516 ], [ -3.936008, 7.160051 ], [ -3.939183, 7.154167 ], [ -3.93949, 7.15361 ], [ -3.939755, 7.153152 ], [ -3.940271, 7.152347 ], [ -3.940597, 7.151907 ], [ -3.940833, 7.151622 ], [ -3.94106, 7.15139 ], [ -3.941293, 7.151183 ], [ -3.941865, 7.150736 ], [ -3.943293, 7.14973 ], [ -3.946671, 7.146929 ], [ -3.950554, 7.142623 ], [ -3.952432, 7.140436 ], [ -3.954338, 7.138216 ], [ -3.955952, 7.130648 ], [ -3.95543, 7.126965 ], [ -3.954905, 7.123266 ], [ -3.954562, 7.121251 ], [ -3.95421, 7.119187 ], [ -3.953719, 7.115691 ], [ -3.953645, 7.114922 ], [ -3.953563, 7.111862 ], [ -3.953488, 7.108923 ], [ -3.953098, 7.106124 ], [ -3.952453, 7.103181 ], [ -3.951802, 7.100202 ], [ -3.95135, 7.098104 ], [ -3.95119, 7.097292 ], [ -3.951039, 7.096666 ], [ -3.947781, 7.092254 ], [ -3.942986, 7.091623 ], [ -3.942396, 7.091781 ], [ -3.940746, 7.092159 ], [ -3.940028, 7.092253 ], [ -3.938318, 7.092231 ], [ -3.936006, 7.092031 ], [ -3.931296, 7.092509 ], [ -3.924062, 7.093285 ], [ -3.919551, 7.094458 ], [ -3.917984, 7.094853 ], [ -3.914497, 7.095247 ], [ -3.911776, 7.095682 ], [ -3.91074, 7.095819 ], [ -3.903535, 7.097608 ], [ -3.902278, 7.094234 ], [ -3.9037, 7.093705 ], [ -3.906757, 7.092682 ], [ -3.907767, 7.092454 ], [ -3.908716, 7.092337 ], [ -3.910525, 7.092226 ], [ -3.911215107239367, 7.09212611605746 ], [ -3.912803, 7.091806 ], [ -3.914142, 7.091664 ], [ -3.915193, 7.091494 ], [ -3.917147, 7.09129 ], [ -3.918568, 7.090995 ], [ -3.920153, 7.090351 ], [ -3.92139, 7.081891 ], [ -3.919063, 7.081386 ], [ -3.916115, 7.081124 ], [ -3.914203, 7.081256 ], [ -3.912787, 7.081033 ], [ -3.910024, 7.08094 ], [ -3.908634, 7.080881 ], [ -3.906475, 7.081058 ], [ -3.90584, 7.081059 ], [ -3.903045, 7.081125 ], [ -3.90192, 7.080826 ], [ -3.900668, 7.080314 ], [ -3.898486, 7.079601 ], [ -3.899606, 7.076179 ], [ -3.901787, 7.076893 ], [ -3.905654, 7.077463 ], [ -3.906462, 7.077458 ], [ -3.908075, 7.077255 ], [ -3.908446047075194, 7.077271884963604 ], [ -3.908448, 7.07725 ], [ -3.908954, 7.077295 ], [ -3.910171, 7.077343 ], [ -3.912832, 7.077387 ], [ -3.915764, 7.077541 ], [ -3.918565, 7.077586 ], [ -3.919972, 7.077903 ], [ -3.922151, 7.078372 ], [ -3.924227, 7.078283 ], [ -3.925959, 7.077708 ], [ -3.926427, 7.077592 ], [ -3.927412, 7.077536 ], [ -3.929036, 7.077852 ], [ -3.930302, 7.078002 ], [ -3.931553, 7.078069 ], [ -3.933184, 7.078172 ], [ -3.933627, 7.078139 ], [ -3.934125, 7.078067 ], [ -3.935475, 7.077673 ], [ -3.936285, 7.069063 ], [ -3.93378, 7.068224 ], [ -3.933068, 7.067995 ], [ -3.93244, 7.067838 ], [ -3.929488, 7.067211 ], [ -3.929056, 7.067094 ], [ -3.92856, 7.066922 ], [ -3.927949, 7.066654 ], [ -3.927525, 7.066412 ], [ -3.926886, 7.065986 ], [ -3.925591, 7.065016 ], [ -3.924765, 7.064489 ], [ -3.924085, 7.064137 ], [ -3.921444, 7.062945 ], [ -3.918835, 7.061766 ], [ -3.917849, 7.061383 ], [ -3.916846, 7.061094 ], [ -3.912833, 7.060415 ], [ -3.908819, 7.059737 ], [ -3.904805, 7.059059 ], [ -3.900802, 7.058383 ], [ -3.89789, 7.057909 ], [ -3.896498, 7.057711 ], [ -3.894519, 7.05749 ], [ -3.891938, 7.057186 ], [ -3.889357, 7.056882 ], [ -3.886776, 7.056578 ], [ -3.884217, 7.056276 ], [ -3.882542, 7.056099 ], [ -3.88058, 7.055921 ], [ -3.877785, 7.0558 ], [ -3.874937, 7.055677 ], [ -3.873993, 7.055608 ], [ -3.871999, 7.055408 ], [ -3.869837, 7.055141 ], [ -3.862221, 7.055167 ], [ -3.858877, 7.055462 ], [ -3.857293, 7.055561 ], [ -3.856586, 7.05556 ], [ -3.855292, 7.055512 ], [ -3.853985, 7.055426 ], [ -3.852845, 7.055275 ], [ -3.851823, 7.055101 ], [ -3.849906, 7.054652 ], [ -3.846357, 7.053634 ], [ -3.842808, 7.052615 ], [ -3.842808043047415, 7.052614850005987 ], [ -3.842516, 7.052531 ], [ -3.834491, 7.055281 ], [ -3.828894, 7.055281 ], [ -3.827123, 7.052147 ], [ -3.827911, 7.051701 ], [ -3.828932, 7.051235 ], [ -3.835435, 7.046473 ], [ -3.83836, 7.044375 ], [ -3.840199, 7.046316 ], [ -3.847177051454708, 7.050123391203408 ], [ -3.84735, 7.050173 ], [ -3.850899, 7.051192 ], [ -3.858646, 7.05187 ], [ -3.861904, 7.051581 ], [ -3.865485, 7.044494 ], [ -3.867074, 7.041264 ], [ -3.868656, 7.042041 ], [ -3.870168, 7.042763 ], [ -3.87048, 7.042939 ], [ -3.875598, 7.045565 ], [ -3.878866, 7.046595 ], [ -3.882375, 7.047424 ], [ -3.884051, 7.048034 ], [ -3.884519, 7.048262 ], [ -3.887459, 7.049485 ], [ -3.888011, 7.049696 ], [ -3.888954, 7.050082 ], [ -3.889927, 7.050591 ], [ -3.890567, 7.050893 ], [ -3.891451, 7.051346 ], [ -3.892811, 7.052138 ], [ -3.898396, 7.054345 ], [ -3.901379, 7.05483 ], [ -3.905404, 7.055509 ], [ -3.909418, 7.056188 ], [ -3.913432, 7.056866 ], [ -3.917446, 7.057544 ], [ -3.918061, 7.05768 ], [ -3.918938, 7.057952 ], [ -3.919604, 7.058184 ], [ -3.920254, 7.058458 ], [ -3.922926, 7.059664 ], [ -3.925566, 7.060857 ], [ -3.92641, 7.061287 ], [ -3.926918, 7.061571 ], [ -3.927622, 7.062044 ], [ -3.933186, 7.064317 ], [ -3.933932, 7.0645 ], [ -3.934866, 7.064792 ], [ -3.937428, 7.06565 ], [ -3.938096, 7.065795 ], [ -3.938833, 7.065917 ], [ -3.939485, 7.065956 ], [ -3.940194, 7.065966 ], [ -3.942228, 7.065853 ], [ -3.944391, 7.065737 ], [ -3.946334, 7.065604 ], [ -3.949765, 7.065151 ], [ -3.950204, 7.065111 ], [ -3.950953, 7.065073 ], [ -3.951805, 7.065093 ], [ -3.957435, 7.058956 ], [ -3.956191, 7.056497 ], [ -3.947772, 7.055954 ], [ -3.947556, 7.056175 ], [ -3.945022, 7.056035 ], [ -3.944672, 7.054019 ], [ -3.940102, 7.046353 ], [ -3.939153, 7.04595 ], [ -3.936824, 7.0453 ], [ -3.934285, 7.044305 ], [ -3.933721, 7.043788 ], [ -3.932298, 7.042093 ], [ -3.930726, 7.04019 ], [ -3.929463, 7.038133 ], [ -3.924325, 7.033765 ], [ -3.923455, 7.033278 ], [ -3.918875, 7.030793 ], [ -3.916526, 7.030163 ], [ -3.914559, 7.029858 ], [ -3.913672, 7.029659 ], [ -3.911738, 7.029415 ], [ -3.911153, 7.029126 ], [ -3.907167, 7.027702 ], [ -3.906625, 7.027575 ], [ -3.905106, 7.027118 ], [ -3.904603, 7.026887 ], [ -3.90388, 7.026472 ], [ -3.902759, 7.025919 ], [ -3.904352, 7.02269 ], [ -3.905472, 7.023243 ], [ -3.909271, 7.024296 ], [ -3.909726, 7.024342 ], [ -3.910208, 7.024433 ], [ -3.910588, 7.024542 ], [ -3.910869953235613, 7.024667990914339 ], [ -3.910875, 7.024658 ], [ -3.911096, 7.024769 ], [ -3.911467, 7.024984 ], [ -3.913977, 7.026072 ], [ -3.914737, 7.026198 ], [ -3.915975, 7.026319 ], [ -3.917347, 7.026625 ], [ -3.92173, 7.019222 ], [ -3.92136, 7.018556 ], [ -3.919954, 7.016272 ], [ -3.918932, 7.015067 ], [ -3.918386, 7.014537 ], [ -3.917394, 7.013596 ], [ -3.916972, 7.012941 ], [ -3.916379, 7.011959 ], [ -3.915616, 7.01084 ], [ -3.918588, 7.00881 ], [ -3.91977, 7.010329 ], [ -3.921894, 7.01289 ], [ -3.923186, 7.014325 ], [ -3.923506028263908, 7.014719032339695 ], [ -3.923542, 7.014693 ], [ -3.923999, 7.015326 ], [ -3.927045, 7.019561 ], [ -3.927539, 7.020138 ], [ -3.927935, 7.020774 ], [ -3.928288, 7.02402 ], [ -3.929178, 7.027436 ], [ -3.929307, 7.027793 ], [ -3.929542, 7.029045 ], [ -3.929652, 7.029656 ], [ -3.932272, 7.035881 ], [ -3.933784, 7.03829 ], [ -3.939803, 7.04219 ], [ -3.942157, 7.043156 ], [ -3.949183, 7.040071 ], [ -3.949937, 7.040414 ], [ -3.950739, 7.040822 ], [ -3.951192, 7.041024 ], [ -3.952183, 7.04169 ], [ -3.952685, 7.042126 ], [ -3.953275, 7.042789 ], [ -3.961916, 7.041175 ], [ -3.962058, 7.040892 ], [ -3.962841, 7.039539 ], [ -3.963352, 7.038764 ], [ -3.965142, 7.035799 ], [ -3.966385, 7.033746 ], [ -3.967309, 7.032224 ], [ -3.967625, 7.031622 ], [ -3.96854, 7.022851 ], [ -3.968937, 7.019202 ], [ -3.972669, 7.013389 ], [ -3.973948, 7.010127 ], [ -3.975225, 7.006874 ], [ -3.975942, 7.005019 ], [ -3.976669, 7.003143 ], [ -3.977396, 7.00134 ], [ -3.977696, 7.0007 ], [ -3.977911, 7.000293 ], [ -3.979256, 6.998009 ], [ -3.980599, 6.995729 ], [ -3.982286, 6.992844 ], [ -3.983974, 6.989958 ], [ -3.981164, 6.981593 ], [ -3.979224, 6.981394 ], [ -3.978881, 6.981302 ], [ -3.977924, 6.98095 ], [ -3.972393, 6.981314 ], [ -3.971549, 6.981613 ], [ -3.9712, 6.9817 ], [ -3.970257, 6.981868 ], [ -3.969874, 6.981886 ], [ -3.968623, 6.981915 ], [ -3.968399, 6.981932 ], [ -3.967283, 6.982067 ], [ -3.96267, 6.983936 ], [ -3.961681, 6.984561 ], [ -3.96086, 6.985055 ], [ -3.959003, 6.981971 ], [ -3.962308, 6.979821 ], [ -3.96269, 6.979603 ], [ -3.963329, 6.979308 ], [ -3.963762, 6.979147 ], [ -3.963955215888681, 6.979099315776907 ], [ -3.963953, 6.97909 ], [ -3.965087, 6.97882 ], [ -3.965998, 6.978627 ], [ -3.966721, 6.978511 ], [ -3.967963, 6.978358 ], [ -3.972298, 6.977257 ], [ -3.9735, 6.976815 ], [ -3.980023, 6.971447 ], [ -3.982273, 6.966481 ], [ -3.980599, 6.962434 ], [ -3.980463, 6.962231 ], [ -3.980488750161743, 6.962213784472553 ], [ -3.980211, 6.961659 ], [ -3.979557, 6.959792 ], [ -3.978608, 6.95782 ], [ -3.98178, 6.956117 ], [ -3.982555, 6.95756 ], [ -3.9828, 6.958101 ], [ -3.984641, 6.961636 ], [ -3.984889, 6.962077 ], [ -3.985182, 6.962785 ], [ -3.985366, 6.96332 ], [ -3.985799, 6.965315 ], [ -3.993091, 6.969497 ], [ -3.997569, 6.967222 ], [ -3.997848, 6.966945 ], [ -3.998413, 6.966446 ], [ -3.9991, 6.965947 ], [ -3.999612, 6.965664 ], [ -4.000598, 6.965173 ], [ -4.001214, 6.964945 ], [ -4.001888, 6.964754 ], [ -4.002942, 6.964557 ], [ -4.003512, 6.964503 ], [ -4.004509, 6.964498 ], [ -4.005244, 6.964556 ], [ -4.008442, 6.9648 ], [ -4.014348, 6.961489 ], [ -4.016199, 6.958759 ], [ -4.018106, 6.95595 ], [ -4.019131, 6.954601 ], [ -4.019493, 6.954165 ], [ -4.020309, 6.953278 ], [ -4.021168, 6.952408 ], [ -4.023674, 6.950077 ], [ -4.026197, 6.947731 ], [ -4.027237, 6.946788 ], [ -4.028571422711339, 6.945540128515423 ], [ -4.033676, 6.93949 ], [ -4.035157, 6.937314 ], [ -4.038133, 6.939339 ], [ -4.036855, 6.94294 ], [ -4.035593, 6.946312 ], [ -4.028616, 6.950397 ], [ -4.026126, 6.952713 ], [ -4.023619, 6.955044 ], [ -4.020974, 6.958126 ], [ -4.019179, 6.960778 ], [ -4.018217, 6.969571 ], [ -4.015608, 6.972051 ], [ -4.011765, 6.970478 ], [ -4.011205, 6.970295 ], [ -4.010838, 6.970113 ], [ -4.007572, 6.968651 ], [ -4.005916, 6.968355 ], [ -3.998523, 6.972225 ], [ -3.994855, 6.978491 ], [ -3.993389, 6.980996 ], [ -3.991923, 6.9835 ], [ -3.990457, 6.986005 ], [ -3.988769, 6.98889 ], [ -3.987082, 6.991776 ], [ -3.985394, 6.994661 ], [ -3.983706, 6.997547 ], [ -3.982358, 6.999835 ], [ -3.981013, 7.00212 ], [ -3.980659, 7.002861 ], [ -3.980009, 7.004485 ], [ -3.9793, 7.006319 ], [ -3.978582, 7.008173 ], [ -3.9773, 7.011442 ], [ -3.97602, 7.014703 ], [ -3.975441, 7.016236 ], [ -3.975244, 7.016837 ], [ -3.974918, 7.017948 ], [ -3.974171, 7.02107 ], [ -3.973586, 7.023716 ], [ -3.973129, 7.02553 ], [ -3.972685, 7.027291 ], [ -3.972114, 7.029896 ], [ -3.971843, 7.030797 ], [ -3.971591, 7.031529 ], [ -3.971375, 7.0321 ], [ -3.971112, 7.03268 ], [ -3.970866, 7.033188 ], [ -3.970498, 7.033893 ], [ -3.972464, 7.042554 ], [ -3.974986, 7.04459 ], [ -3.982131, 7.048383 ], [ -3.983741, 7.046846 ], [ -3.984479, 7.046817 ], [ -3.985263, 7.046819 ], [ -3.990211, 7.046018 ], [ -3.990565, 7.045909 ], [ -3.997039, 7.041711 ], [ -3.999969, 7.03478 ], [ -4.000074, 7.03376 ], [ -4.000548, 7.03269 ], [ -4.000887, 7.032191 ], [ -4.001595, 7.031002 ], [ -4.002077, 7.030236 ], [ -4.002364, 7.029886 ], [ -4.002364092477484, 7.029886075835524 ], [ -4.002374, 7.029874 ], [ -4.005157, 7.032157 ], [ -4.004684, 7.032852 ], [ -4.004412, 7.033353 ], [ -4.003643, 7.036195 ], [ -4.00356, 7.036667 ], [ -4.009644, 7.043059 ], [ -4.010157, 7.043036 ], [ -4.014024, 7.042038 ], [ -4.015046, 7.041484 ], [ -4.015947, 7.040911 ], [ -4.016822, 7.040298 ], [ -4.018173, 7.039456 ], [ -4.020963, 7.037722 ], [ -4.021898, 7.037179 ], [ -4.022524, 7.036857 ], [ -4.023739, 7.036448 ], [ -4.029371, 7.034735 ], [ -4.029616, 7.034668 ], [ -4.030261391434762, 7.037019310662638 ], [ -4.030952, 7.037892 ], [ -4.02978, 7.03882 ], [ -4.028751, 7.03932 ], [ -4.02798, 7.039585 ], [ -4.027113, 7.039821 ], [ -4.021333, 7.042182 ], [ -4.020663, 7.04252 ], [ -4.016984, 7.044518 ], [ -4.015283, 7.045537 ], [ -4.014098, 7.046073 ], [ -4.013344, 7.046281 ], [ -4.011911, 7.046572 ], [ -4.011235, 7.046665 ], [ -4.008906, 7.046826 ], [ -4.005217, 7.047912 ], [ -4.003343, 7.04842 ], [ -4.00267, 7.048491 ], [ -4.000817, 7.048363 ], [ -3.999481, 7.048175 ], [ -3.997537, 7.048232 ], [ -3.99572, 7.048385 ], [ -3.993893, 7.048842 ], [ -3.988465, 7.055142 ], [ -3.992729, 7.061476 ], [ -3.997972, 7.063458 ], [ -4.000794, 7.066373 ], [ -4.00312, 7.068201 ], [ -4.004254, 7.071095 ], [ -4.004616, 7.072124 ], [ -4.009565, 7.078473 ], [ -4.011313, 7.079357 ], [ -4.012289, 7.079882 ], [ -4.012979, 7.080274 ], [ -4.013766, 7.080686 ], [ -4.014602, 7.081113 ], [ -4.015528, 7.081776 ], [ -4.01633, 7.082308 ], [ -4.023447, 7.084844 ], [ -4.029042, 7.083911 ], [ -4.029919, 7.083632 ], [ -4.030702, 7.083447 ], [ -4.031857, 7.083228 ], [ -4.032308, 7.083245 ], [ -4.032493, 7.083274 ], [ -4.03502007671842, 7.089480868789868 ], [ -4.037347, 7.09214 ], [ -4.037346920355828, 7.09214013681558 ], [ -4.037381, 7.09216 ], [ -4.03557, 7.095271 ], [ -4.034543, 7.094674 ], [ -4.03403, 7.0944 ], [ -4.032611, 7.093756 ], [ -4.032041, 7.093441 ], [ -4.031522, 7.093103 ], [ -4.031067, 7.092737 ], [ -4.030631, 7.092313 ], [ -4.03016, 7.091803 ], [ -4.023338, 7.088449 ], [ -4.021769, 7.088415 ], [ -4.020347, 7.088324 ], [ -4.019908, 7.088269 ], [ -4.019027, 7.088014 ], [ -4.017363, 7.0874 ], [ -4.017177, 7.08735 ], [ -4.016657, 7.087145 ], [ -4.016194, 7.0869 ], [ -4.015643, 7.086504 ], [ -4.015152, 7.086041 ], [ -4.014439, 7.085414 ], [ -4.013579, 7.084803 ], [ -4.005195, 7.087624 ], [ -4.005002, 7.089933 ], [ -4.004823, 7.092803 ], [ -4.004871, 7.093789 ], [ -4.005002, 7.094819 ], [ -4.005704, 7.097497 ], [ -4.00735, 7.102386 ], [ -4.009056, 7.10448 ], [ -4.010742, 7.106551 ], [ -4.011795, 7.1078 ], [ -4.012688, 7.108835 ], [ -4.014602, 7.110835 ], [ -4.015244, 7.111567 ], [ -4.017979, 7.114105 ], [ -4.018475, 7.114621 ], [ -4.02218, 7.118711 ], [ -4.022379, 7.118898 ], [ -4.020672, 7.12198 ], [ -4.024432, 7.129498 ], [ -4.027409, 7.127909 ], [ -4.027409094855802, 7.127909177630912 ], [ -4.02749, 7.127866 ], [ -4.029185, 7.131042 ], [ -4.029104873072609, 7.131084762310498 ], [ -4.029105, 7.131085 ], [ -4.026127, 7.132674 ], [ -4.024819, 7.133343 ], [ -4.023774, 7.133765 ], [ -4.018649, 7.140021 ], [ -4.018622, 7.141218 ], [ -4.018596, 7.142879 ], [ -4.018641, 7.143389 ], [ -4.015815, 7.147934 ] ] ], [ [ [ -3.942424, 6.036158 ], [ -3.937384, 6.033964 ], [ -3.936881, 6.033856 ], [ -3.936327, 6.033656 ], [ -3.935885, 6.033405 ], [ -3.935423, 6.033006 ], [ -3.934418, 6.03188 ], [ -3.934025, 6.031374 ], [ -3.933758, 6.030834 ], [ -3.933539, 6.030199 ], [ -3.932012, 6.026668 ], [ -3.928788, 6.023824 ], [ -3.928519, 6.023666 ], [ -3.928097, 6.02331 ], [ -3.927641, 6.022647 ], [ -3.918868, 6.022816 ], [ -3.91859, 6.023289 ], [ -3.918093, 6.024277 ], [ -3.9178, 6.025072 ], [ -3.916688, 6.028153 ], [ -3.916392, 6.028834 ], [ -3.915737, 6.030027 ], [ -3.915165, 6.0309 ], [ -3.914417, 6.031836 ], [ -3.91229, 6.034168 ], [ -3.911386, 6.03517 ], [ -3.912472, 6.043897 ], [ -3.912846, 6.044353 ], [ -3.912933, 6.044509 ], [ -3.916042, 6.048306 ], [ -3.916311, 6.048539 ], [ -3.917502, 6.049465 ], [ -3.918418, 6.050106 ], [ -3.918711, 6.050437 ], [ -3.921502, 6.05381 ], [ -3.925621, 6.056873 ], [ -3.926381, 6.057338 ], [ -3.929637, 6.059031 ], [ -3.928598, 6.062478 ], [ -3.926628, 6.061982 ], [ -3.925965, 6.061779 ], [ -3.925421, 6.061484 ], [ -3.922884, 6.060131 ], [ -3.921029, 6.05907 ], [ -3.920021, 6.058314 ], [ -3.919333, 6.057523 ], [ -3.917358, 6.054907 ], [ -3.91695, 6.054509 ], [ -3.916575, 6.054059 ], [ -3.91633, 6.053707 ], [ -3.914691, 6.051962 ], [ -3.912639, 6.050478 ], [ -3.912356, 6.050297 ], [ -3.911963, 6.049987 ], [ -3.906918, 6.048106 ], [ -3.902422, 6.05122 ], [ -3.902187, 6.051691 ], [ -3.901733, 6.05239 ], [ -3.901288, 6.052925 ], [ -3.900893, 6.053416 ], [ -3.899951, 6.054505 ], [ -3.899192, 6.055246 ], [ -3.897437, 6.056688 ], [ -3.896674, 6.057268 ], [ -3.895703, 6.057834 ], [ -3.890917, 6.064609 ], [ -3.890624, 6.065724 ], [ -3.889375, 6.069152 ], [ -3.888548, 6.071237 ], [ -3.888203, 6.071937 ], [ -3.887809, 6.072624 ], [ -3.887451, 6.073181 ], [ -3.88685, 6.074011 ], [ -3.886137, 6.074897 ], [ -3.885163, 6.075904 ], [ -3.88463, 6.076398 ], [ -3.88073, 6.084144 ], [ -3.87912, 6.085845 ], [ -3.876956, 6.090702 ], [ -3.875454, 6.090584 ], [ -3.872407382939074, 6.096576620298473 ], [ -3.873311, 6.100098 ], [ -3.876755, 6.100904 ], [ -3.880114, 6.100402 ], [ -3.880316, 6.100786 ], [ -3.881119, 6.102483 ], [ -3.877334, 6.106593 ], [ -3.876217, 6.108508 ], [ -3.880304, 6.115988 ], [ -3.881984, 6.116093 ], [ -3.882309, 6.116156 ], [ -3.883179, 6.116269 ], [ -3.885979, 6.116049 ], [ -3.886545, 6.115942 ], [ -3.886849, 6.119542 ], [ -3.886458, 6.119668 ], [ -3.88467, 6.128434 ], [ -3.887298, 6.130036 ], [ -3.889838, 6.131462 ], [ -3.892919, 6.133356 ], [ -3.893915, 6.134674 ], [ -3.894875, 6.136446 ], [ -3.89537, 6.137899 ], [ -3.89638, 6.141889 ], [ -3.897277, 6.145033 ], [ -3.897969, 6.147349 ], [ -3.899307, 6.151803 ], [ -3.899498, 6.152484 ], [ -3.900393, 6.155466 ], [ -3.900392719781832, 6.155466084008578 ], [ -3.900444, 6.155637 ], [ -3.896995, 6.156671 ], [ -3.89605, 6.153518 ], [ -3.895842, 6.15278 ], [ -3.895008, 6.1501 ], [ -3.894506, 6.148332 ], [ -3.893828, 6.146064 ], [ -3.893143, 6.143771 ], [ -3.892889, 6.142767 ], [ -3.892357, 6.140866 ], [ -3.888075, 6.134601 ], [ -3.885535, 6.133174 ], [ -3.882797, 6.131509 ], [ -3.881777, 6.13091 ], [ -3.875272, 6.129047 ], [ -3.871831, 6.129892 ], [ -3.869068, 6.12618 ], [ -3.868461, 6.125316 ], [ -3.866147, 6.123027 ], [ -3.865575, 6.122642 ], [ -3.86501, 6.1215 ], [ -3.856335, 6.120108 ], [ -3.854988, 6.123712 ], [ -3.854787, 6.124545 ], [ -3.854807, 6.128142 ], [ -3.855164, 6.129042 ], [ -3.855194, 6.129593 ], [ -3.855174, 6.12998 ], [ -3.855005, 6.132053 ], [ -3.852932, 6.132822 ], [ -3.845749, 6.136471 ], [ -3.845252, 6.136854 ], [ -3.844631, 6.137246 ], [ -3.841443, 6.139749 ], [ -3.840915, 6.140173 ], [ -3.840646, 6.140358 ], [ -3.836261, 6.145655 ], [ -3.835433, 6.147225 ], [ -3.83701, 6.154784 ], [ -3.838511, 6.157417 ], [ -3.838004, 6.158599 ], [ -3.837881, 6.166521 ], [ -3.842891, 6.170754 ], [ -3.843342, 6.170948 ], [ -3.843621, 6.171076 ], [ -3.842538, 6.174509 ], [ -3.839631, 6.175417 ], [ -3.83904, 6.175452 ], [ -3.837938, 6.175468 ], [ -3.837563, 6.175469 ], [ -3.837083, 6.175389 ], [ -3.836443, 6.1751 ], [ -3.835465, 6.170054 ], [ -3.834595, 6.167993 ], [ -3.833738, 6.166078 ], [ -3.833548, 6.165566 ], [ -3.824993, 6.163649 ], [ -3.824315, 6.164399 ], [ -3.823667, 6.165241 ], [ -3.821971, 6.167742 ], [ -3.820259, 6.170265 ], [ -3.81779, 6.173865 ], [ -3.816755, 6.17548 ], [ -3.815719, 6.177094 ], [ -3.814863, 6.178429 ], [ -3.81373, 6.180264 ], [ -3.812534, 6.182193 ], [ -3.815525, 6.190138 ], [ -3.815871, 6.190311 ], [ -3.816372, 6.190598 ], [ -3.816916, 6.190878 ], [ -3.817484, 6.191136 ], [ -3.817832, 6.191339 ], [ -3.818388, 6.19164 ], [ -3.818821, 6.191952 ], [ -3.819667, 6.192555 ], [ -3.817704, 6.195572 ], [ -3.813502869894803, 6.19435805054498 ], [ -3.809624, 6.194987 ], [ -3.804452, 6.197457 ], [ -3.804186, 6.197354 ], [ -3.797081, 6.19727 ], [ -3.794797, 6.198598 ], [ -3.792874, 6.199727 ], [ -3.790973, 6.200843 ], [ -3.785393880858115, 6.206655082360533 ], [ -3.783888, 6.208894 ], [ -3.783887647397931, 6.208893762728437 ], [ -3.783796, 6.20903 ], [ -3.782201, 6.211401 ], [ -3.780606, 6.213773 ], [ -3.777619, 6.211764 ], [ -3.779214, 6.209392 ], [ -3.780809, 6.20702 ], [ -3.782406, 6.204646 ], [ -3.784003, 6.202273 ], [ -3.784364, 6.201755 ], [ -3.784828, 6.201178 ], [ -3.78546, 6.200478 ], [ -3.785967, 6.199985 ], [ -3.786511, 6.199499 ], [ -3.786892, 6.199198 ], [ -3.787706, 6.198619 ], [ -3.789108, 6.197764 ], [ -3.791051, 6.196622 ], [ -3.791131, 6.187833 ], [ -3.790551, 6.187532 ], [ -3.789296, 6.186707 ], [ -3.788783, 6.186195 ], [ -3.788614, 6.185983 ], [ -3.791425, 6.183733 ], [ -3.794394529928651, 6.184654877931475 ], [ -3.796919, 6.184771 ], [ -3.805333, 6.185794 ], [ -3.807984, 6.182062 ], [ -3.809596, 6.180113 ], [ -3.810667, 6.178373 ], [ -3.8118, 6.176538 ], [ -3.812689, 6.175151 ], [ -3.813724, 6.173536 ], [ -3.81476, 6.171921 ], [ -3.81731, 6.168201 ], [ -3.818991, 6.165721 ], [ -3.820688, 6.16322 ], [ -3.821456, 6.162211 ], [ -3.822311, 6.161248 ], [ -3.824829, 6.158664 ], [ -3.823901, 6.149713 ], [ -3.82269, 6.148849 ], [ -3.822291, 6.148377 ], [ -3.822013, 6.147739 ], [ -3.825199, 6.146267 ], [ -3.833076, 6.143977 ], [ -3.834673, 6.140888 ], [ -3.835173, 6.139859 ], [ -3.838408, 6.137507 ], [ -3.839598, 6.136464 ], [ -3.8402, 6.135869 ], [ -3.840755, 6.135395 ], [ -3.843631, 6.130957 ], [ -3.843715, 6.130462 ], [ -3.837008, 6.124776 ], [ -3.836614, 6.12459 ], [ -3.836505, 6.123239 ], [ -3.829233, 6.118736 ], [ -3.827483, 6.119579 ], [ -3.82575, 6.120415 ], [ -3.824223, 6.121159 ], [ -3.822437, 6.121815 ], [ -3.821322, 6.122297 ], [ -3.818807, 6.123893 ], [ -3.818175, 6.124329 ], [ -3.81741, 6.124902 ], [ -3.816071, 6.126078 ], [ -3.815564, 6.126462 ], [ -3.814954, 6.126886 ], [ -3.814155, 6.127339 ], [ -3.813283, 6.127688 ], [ -3.81261, 6.127906 ], [ -3.81186, 6.128096 ], [ -3.808194, 6.129144 ], [ -3.805535, 6.130762 ], [ -3.804751, 6.131184 ], [ -3.80412, 6.131419 ], [ -3.803335, 6.131627 ], [ -3.802753, 6.1317 ], [ -3.795427, 6.133444 ], [ -3.79197, 6.135155 ], [ -3.789703, 6.136168 ], [ -3.787492, 6.137154 ], [ -3.784995, 6.138372 ], [ -3.782424, 6.139869 ], [ -3.782064, 6.140056 ], [ -3.78174, 6.140197 ], [ -3.778596, 6.141615 ], [ -3.775134, 6.143357 ], [ -3.771689, 6.145091 ], [ -3.769453, 6.146245 ], [ -3.768306721328533, 6.146835817750649 ], [ -3.766874, 6.147575 ], [ -3.764896, 6.148567 ], [ -3.762917, 6.149559 ], [ -3.761304, 6.146341 ], [ -3.763282, 6.145349 ], [ -3.76526, 6.144357 ], [ -3.765566046556886, 6.144199090263927 ], [ -3.765566, 6.144199 ], [ -3.767802, 6.143045 ], [ -3.770038, 6.141891 ], [ -3.773516, 6.140141 ], [ -3.776977, 6.138399 ], [ -3.778527, 6.137604 ], [ -3.779037, 6.137368 ], [ -3.781562, 6.136144 ], [ -3.782105, 6.13582 ], [ -3.783334, 6.135178 ], [ -3.785913, 6.133919 ], [ -3.788235, 6.132881 ], [ -3.788976, 6.125393 ], [ -3.788791, 6.12514 ], [ -3.788578, 6.124818 ], [ -3.788187, 6.124118 ], [ -3.788018, 6.123723 ], [ -3.786684, 6.120933 ], [ -3.786382, 6.120352 ], [ -3.784594, 6.117457 ], [ -3.784458, 6.117205 ], [ -3.784257, 6.11672 ], [ -3.784197, 6.116482 ], [ -3.784159, 6.116298 ], [ -3.784162512868857, 6.11629728926371 ], [ -3.784138, 6.116166 ], [ -3.784055, 6.115423 ], [ -3.784065, 6.114967 ], [ -3.784134, 6.113842 ], [ -3.785013, 6.113211 ], [ -3.785226, 6.11309 ], [ -3.78576, 6.112902 ], [ -3.785937, 6.112857 ], [ -3.787731, 6.113969 ], [ -3.788943, 6.115057 ], [ -3.789003, 6.115204 ], [ -3.789245, 6.115865 ], [ -3.789449, 6.116484 ], [ -3.789472, 6.116616 ], [ -3.790577, 6.120223 ], [ -3.796261, 6.125238 ], [ -3.796941, 6.125535 ], [ -3.797747, 6.125942 ], [ -3.806735, 6.125831 ], [ -3.807395, 6.125506 ], [ -3.80828, 6.125186 ], [ -3.809041, 6.124968 ], [ -3.815703, 6.121666 ], [ -3.816129, 6.121367 ], [ -3.81676, 6.120931 ], [ -3.819157, 6.11937 ], [ -3.819695, 6.119085 ], [ -3.821002, 6.118514 ], [ -3.824153, 6.117188 ], [ -3.82592, 6.116336 ], [ -3.82767, 6.115493 ], [ -3.828433, 6.11515 ], [ -3.829507, 6.114706 ], [ -3.83044, 6.114292 ], [ -3.833379, 6.113041 ], [ -3.837188, 6.110193 ], [ -3.838281, 6.109069 ], [ -3.838583, 6.108707 ], [ -3.8391, 6.108062 ], [ -3.83929, 6.107792 ], [ -3.837495, 6.099056 ], [ -3.83835, 6.095551 ], [ -3.846136, 6.092497 ], [ -3.849939, 6.090805 ], [ -3.855195, 6.087193 ], [ -3.854999, 6.079079 ], [ -3.852197, 6.076382 ], [ -3.850958, 6.075797 ], [ -3.844698, 6.075961 ], [ -3.844114, 6.07618 ], [ -3.843343, 6.07637 ], [ -3.842892, 6.076449 ], [ -3.842465, 6.076489 ], [ -3.841863, 6.076495 ], [ -3.841143, 6.076427 ], [ -3.840386, 6.076311 ], [ -3.839471, 6.076104 ], [ -3.838997, 6.075915 ], [ -3.832365, 6.075385 ], [ -3.831647, 6.075426 ], [ -3.83037, 6.075305 ], [ -3.829732, 6.075052 ], [ -3.827287, 6.073578 ], [ -3.82632, 6.073043 ], [ -3.825523, 6.072536 ], [ -3.823266, 6.070828 ], [ -3.820526, 6.069148 ], [ -3.820540313815402, 6.069121521113681 ], [ -3.820121, 6.068859 ], [ -3.819488, 6.068061 ], [ -3.81917, 6.06717 ], [ -3.819066, 6.066354 ], [ -3.81898, 6.064574 ], [ -3.818948, 6.06334 ], [ -3.822547, 6.063246 ], [ -3.826701, 6.068663 ], [ -3.835373, 6.070751 ], [ -3.835925, 6.070718 ], [ -3.836435, 6.070772 ], [ -3.837285, 6.071051 ], [ -3.83902, 6.071604 ], [ -3.845197, 6.07174 ], [ -3.845772, 6.071698 ], [ -3.847286, 6.071622 ], [ -3.848011, 6.07156 ], [ -3.849193, 6.071633 ], [ -3.855432, 6.065972 ], [ -3.855483, 6.065488 ], [ -3.854938, 6.061832 ], [ -3.854796, 6.061235 ], [ -3.854758, 6.060653 ], [ -3.8548, 6.060196 ], [ -3.853394, 6.051416 ], [ -3.853163, 6.051051 ], [ -3.847991, 6.045284 ], [ -3.845407, 6.044424 ], [ -3.845967, 6.040868 ], [ -3.847709, 6.041143 ], [ -3.848219, 6.041266 ], [ -3.848935, 6.041586 ], [ -3.851765, 6.04306 ], [ -3.852857, 6.043592 ], [ -3.853663, 6.04396 ], [ -3.854309, 6.044372 ], [ -3.85496, 6.045032 ], [ -3.855237, 6.045391 ], [ -3.855602, 6.046079 ], [ -3.859338, 6.051196 ], [ -3.859734, 6.051671 ], [ -3.860115, 6.052443 ], [ -3.860251, 6.053219 ], [ -3.860216, 6.053849 ], [ -3.859835, 6.055389 ], [ -3.859689, 6.055896 ], [ -3.859294, 6.063313 ], [ -3.85941, 6.063843 ], [ -3.859436, 6.064326 ], [ -3.859797, 6.068281 ], [ -3.859929, 6.068814 ], [ -3.859982, 6.069368 ], [ -3.859997, 6.071319 ], [ -3.859985, 6.071899 ], [ -3.859925, 6.072453 ], [ -3.859701, 6.073506 ], [ -3.859656, 6.073827 ], [ -3.861635, 6.08008 ], [ -3.86853, 6.080954 ], [ -3.869157, 6.080661 ], [ -3.869684, 6.080524 ], [ -3.875235, 6.078745 ], [ -3.875999, 6.078275 ], [ -3.878756, 6.076253 ], [ -3.881133, 6.074558 ], [ -3.885995, 6.067913 ], [ -3.887144, 6.064801 ], [ -3.887489, 6.06351 ], [ -3.888261, 6.061102 ], [ -3.889094, 6.05853 ], [ -3.88954, 6.057509 ], [ -3.890074, 6.056498 ], [ -3.890514, 6.055794 ], [ -3.891271, 6.054751 ], [ -3.891712, 6.054201 ], [ -3.892366, 6.053491 ], [ -3.893941, 6.051804 ], [ -3.895509, 6.050124 ], [ -3.896797, 6.048728 ], [ -3.8981, 6.047316 ], [ -3.899392, 6.045949 ], [ -3.900655, 6.044612 ], [ -3.901039, 6.036907 ], [ -3.900643, 6.036133 ], [ -3.900119, 6.035144 ], [ -3.899458, 6.033451 ], [ -3.899141, 6.032325 ], [ -3.899132, 6.031658 ], [ -3.899185, 6.031362 ], [ -3.89941, 6.03047 ], [ -3.899803, 6.029273 ], [ -3.899830189310403, 6.029281464522005 ], [ -3.89997, 6.028886 ], [ -3.900707, 6.027579 ], [ -3.901359, 6.026449 ], [ -3.902171, 6.025558 ], [ -3.902407, 6.025328 ], [ -3.902918, 6.024919 ], [ -3.90347, 6.024535 ], [ -3.905681, 6.027377 ], [ -3.913302, 6.02693 ], [ -3.914438, 6.023786 ], [ -3.914885, 6.022644 ], [ -3.915515, 6.021418 ], [ -3.915994, 6.020648 ], [ -3.916999, 6.019329 ], [ -3.917771, 6.018496 ], [ -3.91918, 6.017151 ], [ -3.92303, 6.00986 ], [ -3.925389, 6.007209 ], [ -3.931301147831397, 6.004686713413038 ], [ -3.931775761619193, 6.004408725337329 ], [ -3.933023, 6.003434 ], [ -3.937166, 5.995961 ], [ -3.937028, 5.994225 ], [ -3.936898, 5.992012 ], [ -3.936768, 5.989818 ], [ -3.936548, 5.986665 ], [ -3.94014, 5.986415 ], [ -3.943602, 5.993851 ], [ -3.9449, 5.997209 ], [ -3.938679, 6.003061 ], [ -3.937915, 6.003992 ], [ -3.937217, 6.004678 ], [ -3.935274, 6.006244 ], [ -3.933993852588206, 6.007244811363438 ], [ -3.933994, 6.007245 ], [ -3.933359806782686, 6.00879569477457 ], [ -3.931593479001199, 6.014612205895431 ], [ -3.931884328219543, 6.016046915975623 ], [ -3.93399, 6.023094 ], [ -3.934318, 6.023529 ], [ -3.934737, 6.024149 ], [ -3.935577, 6.025569 ], [ -3.936524, 6.026906 ], [ -3.942883, 6.032193 ], [ -3.943566, 6.032576 ], [ -3.945239, 6.033661 ], [ -3.943357, 6.03673 ], [ -3.942424, 6.036158 ] ] ], [ [ [ -3.361679, 6.643883 ], [ -3.359742, 6.644515 ], [ -3.354286, 6.651176 ], [ -3.35424, 6.651365 ], [ -3.353789, 6.654647 ], [ -3.353784, 6.654823 ], [ -3.353746, 6.655039 ], [ -3.353668, 6.655329 ], [ -3.353337, 6.656543 ], [ -3.353288, 6.6567 ], [ -3.352989, 6.657558 ], [ -3.351958, 6.6603 ], [ -3.351604, 6.660231 ], [ -3.351666, 6.659916 ], [ -3.351823, 6.659017 ], [ -3.351887, 6.658681 ], [ -3.351949, 6.658359 ], [ -3.351997, 6.658234 ], [ -3.352085, 6.658099 ], [ -3.353149, 6.65577 ], [ -3.353364, 6.654278 ], [ -3.347534, 6.648423 ], [ -3.343627, 6.649679 ], [ -3.340879, 6.657663 ], [ -3.341008, 6.657972 ], [ -3.341142, 6.658294 ], [ -3.341225, 6.658553 ], [ -3.341266, 6.658729 ], [ -3.341311, 6.658934 ], [ -3.341335, 6.659307 ], [ -3.341317, 6.659565 ], [ -3.341285, 6.659772 ], [ -3.341254, 6.659971 ], [ -3.341221, 6.660265 ], [ -3.341175, 6.660607 ], [ -3.341122, 6.661879 ], [ -3.341143, 6.662172 ], [ -3.341165, 6.662489 ], [ -3.341274, 6.664242 ], [ -3.341284, 6.664456 ], [ -3.341294, 6.66467 ], [ -3.340934, 6.664687 ], [ -3.340742, 6.663923 ], [ -3.340722, 6.66381 ], [ -3.340763, 6.663119 ], [ -3.340632, 6.661199 ], [ -3.34064, 6.661031 ], [ -3.339368, 6.655933 ], [ -3.332208, 6.652503 ], [ -3.327948, 6.65398 ], [ -3.31992, 6.65193 ], [ -3.317598, 6.651762 ], [ -3.315278, 6.651594 ], [ -3.312321, 6.651412 ], [ -3.309363, 6.65123 ], [ -3.302258, 6.653639 ], [ -3.301984, 6.653406 ], [ -3.293959, 6.65122 ], [ -3.293106, 6.651529 ], [ -3.292228, 6.651907 ], [ -3.291834, 6.652092 ], [ -3.291336, 6.652348 ], [ -3.290353, 6.652912 ], [ -3.289563, 6.653435 ], [ -3.288841, 6.653998 ], [ -3.28821, 6.654539 ], [ -3.288002, 6.654728 ], [ -3.287823, 6.654873 ], [ -3.286879, 6.655712 ], [ -3.286098, 6.656418 ], [ -3.281394, 6.662988 ], [ -3.28074, 6.66355 ], [ -3.275331, 6.670487 ], [ -3.273962, 6.677276 ], [ -3.273884, 6.678015 ], [ -3.273866, 6.678206 ], [ -3.273807, 6.678383 ], [ -3.273171, 6.687185 ], [ -3.273248, 6.687555 ], [ -3.273327, 6.687949 ], [ -3.274279, 6.692663 ], [ -3.27435, 6.692962 ], [ -3.274774, 6.694437 ], [ -3.274823, 6.6946 ], [ -3.274864, 6.694785 ], [ -3.274959, 6.695417 ], [ -3.275555, 6.697622 ], [ -3.281672, 6.704223 ], [ -3.281852, 6.704313 ], [ -3.289143, 6.705617 ], [ -3.292887, 6.704559 ], [ -3.293102, 6.704472 ], [ -3.293333, 6.704379 ], [ -3.293783, 6.704242 ], [ -3.294262, 6.704098 ], [ -3.294465, 6.704073 ], [ -3.294655, 6.704069 ], [ -3.294857, 6.704065 ], [ -3.300831, 6.703302 ], [ -3.30508, 6.702928 ], [ -3.307342, 6.702628 ], [ -3.308096, 6.702559 ], [ -3.311834, 6.701959 ], [ -3.314833, 6.701426 ], [ -3.314896, 6.701781 ], [ -3.311897, 6.702313 ], [ -3.308898, 6.702846 ], [ -3.308129, 6.702917 ], [ -3.306095, 6.703312 ], [ -3.305637, 6.703443 ], [ -3.303894, 6.703686 ], [ -3.303279, 6.703795 ], [ -3.302697, 6.703895 ], [ -3.302271, 6.703936 ], [ -3.301859, 6.703974 ], [ -3.299303, 6.704452 ], [ -3.298759, 6.70463 ], [ -3.298142, 6.704631 ], [ -3.296849, 6.70473 ], [ -3.291647, 6.705664 ], [ -3.291254, 6.705801 ], [ -3.290876, 6.705854 ], [ -3.290615, 6.705867 ], [ -3.289786, 6.705981 ], [ -3.288646, 6.706243 ], [ -3.288415, 6.706324 ], [ -3.2854, 6.713883 ], [ -3.286959, 6.715531 ], [ -3.287258, 6.715825 ], [ -3.287565, 6.716128 ], [ -3.289461, 6.717505 ], [ -3.289738, 6.717632 ], [ -3.290349, 6.718052 ], [ -3.290968, 6.718479 ], [ -3.291637, 6.718997 ], [ -3.292312, 6.719521 ], [ -3.292741, 6.71989 ], [ -3.293188, 6.720276 ], [ -3.293436, 6.720558 ], [ -3.293702, 6.720864 ], [ -3.301352, 6.724269 ], [ -3.301628, 6.724283 ], [ -3.301869, 6.724322 ], [ -3.302134, 6.724366 ], [ -3.302353, 6.724433 ], [ -3.302483, 6.724494 ], [ -3.302649, 6.724594 ], [ -3.30274, 6.724672 ], [ -3.302952, 6.724902 ], [ -3.305789, 6.727733 ], [ -3.306059, 6.728011 ], [ -3.306906, 6.728836 ], [ -3.313852, 6.732683 ], [ -3.314128, 6.732762 ], [ -3.314277, 6.73284 ], [ -3.31446, 6.732979 ], [ -3.314692, 6.733188 ], [ -3.314903, 6.733435 ], [ -3.320824, 6.73962 ], [ -3.320992, 6.739795 ], [ -3.321194, 6.740046 ], [ -3.321303, 6.740239 ], [ -3.321416, 6.740442 ], [ -3.325693, 6.747332 ], [ -3.325404, 6.747547 ], [ -3.323749, 6.745646 ], [ -3.323394, 6.745148 ], [ -3.323059, 6.744671 ], [ -3.322906, 6.744437 ], [ -3.322756, 6.744208 ], [ -3.317039, 6.737371 ], [ -3.316829, 6.737154 ], [ -3.31663, 6.736949 ], [ -3.316459, 6.736753 ], [ -3.309263, 6.731512 ], [ -3.309053, 6.731401 ], [ -3.308909, 6.731299 ], [ -3.308683, 6.731104 ], [ -3.308468, 6.730918 ], [ -3.307846, 6.730276 ], [ -3.304229, 6.727187 ], [ -3.297625, 6.724176 ], [ -3.297273, 6.724059 ], [ -3.296935, 6.723945 ], [ -3.296655, 6.723818 ], [ -3.296107, 6.723515 ], [ -3.295572, 6.723218 ], [ -3.295245, 6.723011 ], [ -3.294928, 6.722809 ], [ -3.294549, 6.722494 ], [ -3.29419, 6.722193 ], [ -3.288023, 6.717178 ], [ -3.285674, 6.715025 ], [ -3.285459, 6.714714 ], [ -3.282784, 6.710648 ], [ -3.282658, 6.71048 ], [ -3.282549, 6.710332 ], [ -3.282399, 6.709883 ], [ -3.27768, 6.702541 ], [ -3.277513, 6.702356 ], [ -3.277237, 6.701997 ], [ -3.276969, 6.701648 ], [ -3.276841, 6.701435 ], [ -3.276599, 6.700935 ], [ -3.276069, 6.699878 ], [ -3.27577, 6.699302 ], [ -3.275687, 6.699088 ], [ -3.275612, 6.698893 ], [ -3.275219, 6.697749 ], [ -3.275006, 6.697185 ], [ -3.274937, 6.696963 ], [ -3.274819, 6.696541 ], [ -3.274703, 6.696124 ], [ -3.274174, 6.693924 ], [ -3.274117, 6.693742 ], [ -3.273454, 6.691541 ], [ -3.273395, 6.691356 ], [ -3.27334, 6.691182 ], [ -3.273257, 6.690822 ], [ -3.273178, 6.690367 ], [ -3.273056, 6.689718 ], [ -3.273011, 6.689508 ], [ -3.271475, 6.685175 ], [ -3.271373, 6.684993 ], [ -3.271278, 6.684822 ], [ -3.271156, 6.684444 ], [ -3.271131, 6.684156 ], [ -3.271133, 6.683873 ], [ -3.27116, 6.683644 ], [ -3.27135, 6.683007 ], [ -3.271533, 6.682399 ], [ -3.271695, 6.681606 ], [ -3.271619, 6.678656 ], [ -3.271098, 6.677251 ], [ -3.262502, 6.67512 ], [ -3.262317, 6.675219 ], [ -3.262126, 6.675322 ], [ -3.260734, 6.675997 ], [ -3.259323, 6.676679 ], [ -3.25844, 6.677239 ], [ -3.258269, 6.677318 ], [ -3.254131, 6.680486 ], [ -3.253921, 6.680708 ], [ -3.253696, 6.680945 ], [ -3.253536, 6.681077 ], [ -3.253364, 6.681218 ], [ -3.250509, 6.684301 ], [ -3.24492, 6.686813 ], [ -3.24378, 6.687532 ], [ -3.240368, 6.688437 ], [ -3.239884, 6.688492 ], [ -3.239345, 6.688544 ], [ -3.23856, 6.68839 ], [ -3.236237, 6.688565 ], [ -3.234153, 6.696615 ], [ -3.234691, 6.697123 ], [ -3.23523, 6.697631 ], [ -3.234983, 6.697893 ], [ -3.233087, 6.696452 ], [ -3.232708, 6.695974 ], [ -3.23141, 6.694415 ], [ -3.231021, 6.693825 ], [ -3.230647, 6.693254 ], [ -3.230626, 6.692626 ], [ -3.230636, 6.6921 ], [ -3.23074, 6.691619 ], [ -3.230841, 6.691175 ], [ -3.231246, 6.690304 ], [ -3.231639, 6.689469 ], [ -3.23254, 6.688893 ], [ -3.233371, 6.688394 ], [ -3.234152, 6.688351 ], [ -3.23697, 6.68796 ], [ -3.2374, 6.687916 ], [ -3.237793, 6.68788 ], [ -3.24187, 6.687378 ], [ -3.242601, 6.687178 ], [ -3.245763, 6.685823 ], [ -3.246875, 6.685166 ], [ -3.24798, 6.684513 ], [ -3.251108, 6.682496 ], [ -3.251354, 6.682297 ], [ -3.254205, 6.678987 ], [ -3.25438, 6.678735 ], [ -3.254514, 6.678614 ], [ -3.255849, 6.6778 ], [ -3.256119, 6.677662 ], [ -3.256413, 6.677534 ], [ -3.258824, 6.676325 ], [ -3.25897, 6.676268 ], [ -3.260577, 6.675673 ], [ -3.261969, 6.674998 ], [ -3.262723, 6.674487 ], [ -3.262959, 6.674329 ], [ -3.26322, 6.6742 ], [ -3.26346, 6.674083 ], [ -3.264853, 6.673276 ], [ -3.265947, 6.672616 ], [ -3.264793, 6.664233 ], [ -3.263987, 6.663623 ], [ -3.260528, 6.661944 ], [ -3.258293, 6.658617 ], [ -3.258102, 6.658312 ], [ -3.258042, 6.655464 ], [ -3.257487, 6.652556 ], [ -3.249613, 6.648268 ], [ -3.248691, 6.648443 ], [ -3.247745, 6.648578 ], [ -3.244483, 6.64979 ], [ -3.243025, 6.650788 ], [ -3.242309, 6.65141 ], [ -3.241308, 6.652494 ], [ -3.240649, 6.653257 ], [ -3.239634, 6.654366 ], [ -3.23862, 6.655472 ], [ -3.238104, 6.656052 ], [ -3.235136, 6.663033 ], [ -3.235023, 6.66333 ], [ -3.234843, 6.663436 ], [ -3.234696, 6.66344 ], [ -3.22969, 6.664598 ], [ -3.229508, 6.664674 ], [ -3.22928, 6.664762 ], [ -3.228947, 6.664799 ], [ -3.220824, 6.666752 ], [ -3.220617, 6.666877 ], [ -3.220376, 6.667018 ], [ -3.219998, 6.667149 ], [ -3.219593, 6.667286 ], [ -3.219001, 6.667395 ], [ -3.2184, 6.667506 ], [ -3.21518, 6.667955 ], [ -3.211956, 6.668404 ], [ -3.210897, 6.668528 ], [ -3.209848, 6.668651 ], [ -3.209064, 6.668785 ], [ -3.208284, 6.668919 ], [ -3.206806, 6.66921 ], [ -3.205317, 6.669504 ], [ -3.204846, 6.669568 ], [ -3.204353, 6.669633 ], [ -3.204039, 6.669636 ], [ -3.203704, 6.669638 ], [ -3.203436, 6.669607 ], [ -3.20314, 6.669571 ], [ -3.202775, 6.669467 ], [ -3.202395, 6.669358 ], [ -3.201056, 6.668848 ], [ -3.196673, 6.676337 ], [ -3.197762, 6.677372 ], [ -3.198851, 6.678406 ], [ -3.198603, 6.678667 ], [ -3.194942, 6.675972 ], [ -3.194393, 6.675568 ], [ -3.193878, 6.675184 ], [ -3.193179, 6.674514 ], [ -3.192498, 6.673859 ], [ -3.191303, 6.672736 ], [ -3.190107, 6.671612 ], [ -3.185288, 6.669463 ], [ -3.185077, 6.669442 ], [ -3.177656, 6.672554 ], [ -3.176684, 6.674097 ], [ -3.176372, 6.674492 ], [ -3.176051, 6.674897 ], [ -3.175854, 6.675114 ], [ -3.175634, 6.675353 ], [ -3.175387, 6.675542 ], [ -3.170444, 6.681453 ], [ -3.170286, 6.681677 ], [ -3.170073, 6.681837 ], [ -3.163087, 6.686935 ], [ -3.162284, 6.687868 ], [ -3.162066, 6.688084 ], [ -3.161821, 6.688242 ], [ -3.161642, 6.688327 ], [ -3.161442, 6.688419 ], [ -3.16068, 6.68867 ], [ -3.159912, 6.688922 ], [ -3.158923, 6.689209 ], [ -3.157935, 6.689496 ], [ -3.157834, 6.68915 ], [ -3.164611, 6.684416 ], [ -3.165247, 6.683518 ], [ -3.165884, 6.682616 ], [ -3.166103, 6.682362 ], [ -3.166311, 6.682121 ], [ -3.171921, 6.675692 ], [ -3.17217, 6.675514 ], [ -3.172389, 6.675412 ], [ -3.178817, 6.670074 ], [ -3.179319, 6.669317 ], [ -3.179534, 6.669085 ], [ -3.17973, 6.668877 ], [ -3.180037, 6.668699 ], [ -3.18038, 6.668617 ], [ -3.180741, 6.668618 ], [ -3.18273, 6.668763 ], [ -3.190001, 6.666995 ], [ -3.190211, 6.666909 ], [ -3.190387, 6.66684 ], [ -3.190581, 6.666775 ], [ -3.190766, 6.666713 ], [ -3.192119, 6.666431 ], [ -3.193451, 6.666154 ], [ -3.193864, 6.666148 ], [ -3.194242, 6.666146 ], [ -3.194473, 6.666188 ], [ -3.194669, 6.666227 ], [ -3.194885, 6.666305 ], [ -3.195073, 6.666376 ], [ -3.19982, 6.667994 ], [ -3.208214, 6.668566 ], [ -3.209003, 6.66843 ], [ -3.209787, 6.668296 ], [ -3.210855, 6.668171 ], [ -3.211914, 6.668047 ], [ -3.21513, 6.667598 ], [ -3.222668, 6.663626 ], [ -3.222939, 6.66338 ], [ -3.22319, 6.663155 ], [ -3.223396, 6.66303 ], [ -3.223573, 6.662926 ], [ -3.223805, 6.66284 ], [ -3.224006, 6.662768 ], [ -3.224342, 6.662716 ], [ -3.224656, 6.662734 ], [ -3.224932, 6.662752 ], [ -3.225604, 6.663013 ], [ -3.226221, 6.66326 ], [ -3.231945, 6.662856 ], [ -3.235165, 6.659363 ], [ -3.235799, 6.65844 ], [ -3.236415, 6.657552 ], [ -3.236866, 6.656972 ], [ -3.237311, 6.656401 ], [ -3.237835, 6.655812 ], [ -3.238351, 6.655233 ], [ -3.239368, 6.654123 ], [ -3.240383, 6.653014 ], [ -3.241036, 6.652259 ], [ -3.241692, 6.6515 ], [ -3.242062, 6.651148 ], [ -3.24242, 6.65081 ], [ -3.242801, 6.650507 ], [ -3.24317, 6.650214 ], [ -3.244287, 6.649488 ], [ -3.245391, 6.648773 ], [ -3.245683, 6.648635 ], [ -3.245952, 6.64851 ], [ -3.246368, 6.648427 ], [ -3.246741, 6.648358 ], [ -3.252118, 6.647184 ], [ -3.252401, 6.647123 ], [ -3.252707, 6.647098 ], [ -3.252982, 6.64711 ], [ -3.253147, 6.647139 ], [ -3.253467, 6.647227 ], [ -3.253773, 6.647312 ], [ -3.254439, 6.64753 ], [ -3.254762, 6.647641 ], [ -3.254957, 6.647728 ], [ -3.255138, 6.647808 ], [ -3.255324, 6.647907 ], [ -3.2555, 6.648 ], [ -3.256463, 6.648553 ], [ -3.257421, 6.649103 ], [ -3.257647, 6.649239 ], [ -3.257871, 6.649373 ], [ -3.258522, 6.649771 ], [ -3.2588, 6.649926 ], [ -3.259825, 6.650501 ], [ -3.26449, 6.651748 ], [ -3.268864, 6.651338 ], [ -3.275638, 6.646028 ], [ -3.275768, 6.643844 ], [ -3.275733, 6.643503 ], [ -3.275742, 6.643347 ], [ -3.275809, 6.643066 ], [ -3.275963, 6.642799 ], [ -3.27614, 6.642501 ], [ -3.276265, 6.642365 ], [ -3.276401, 6.642218 ], [ -3.276559, 6.642074 ], [ -3.276742, 6.641912 ], [ -3.27705, 6.641715 ], [ -3.279176, 6.640194 ], [ -3.283576, 6.63455 ], [ -3.284421, 6.631304 ], [ -3.284508, 6.631096 ], [ -3.284677, 6.630817 ], [ -3.284971, 6.63048 ], [ -3.285287, 6.630121 ], [ -3.287067, 6.62761 ], [ -3.287267, 6.627222 ], [ -3.287466, 6.626909 ], [ -3.287586, 6.626774 ], [ -3.287732, 6.626617 ], [ -3.287912, 6.62648 ], [ -3.288098, 6.626338 ], [ -3.288397, 6.626131 ], [ -3.290662, 6.623054 ], [ -3.286058, 6.615505 ], [ -3.285762, 6.615457 ], [ -3.285499, 6.615328 ], [ -3.284512, 6.614721 ], [ -3.283525, 6.614114 ], [ -3.283713, 6.613808 ], [ -3.291213, 6.609172 ], [ -3.29157, 6.609219 ], [ -3.294215, 6.612793 ], [ -3.29832, 6.615358 ], [ -3.298433, 6.6157 ], [ -3.299034, 6.621353 ], [ -3.298822, 6.621643 ], [ -3.290466, 6.624673 ], [ -3.290378, 6.624883 ], [ -3.290183, 6.625155 ], [ -3.290008, 6.625391 ], [ -3.289813, 6.625604 ], [ -3.289586, 6.625791 ], [ -3.286794, 6.628996 ], [ -3.286586, 6.629335 ], [ -3.286385, 6.629662 ], [ -3.284652, 6.63309 ], [ -3.284574, 6.633304 ], [ -3.284421, 6.633633 ], [ -3.283723, 6.635449 ], [ -3.283651, 6.635707 ], [ -3.283585, 6.635931 ], [ -3.283494, 6.636163 ], [ -3.283409, 6.63638 ], [ -3.283221, 6.6369 ], [ -3.283032, 6.637425 ], [ -3.282924, 6.637638 ], [ -3.282823, 6.637793 ], [ -3.28269, 6.637954 ], [ -3.282569, 6.638098 ], [ -3.281705, 6.638813 ], [ -3.281281, 6.639173 ], [ -3.280871, 6.639521 ], [ -3.280613, 6.639677 ], [ -3.28038, 6.639815 ], [ -3.280025, 6.640048 ], [ -3.279662, 6.640285 ], [ -3.278944, 6.640862 ], [ -3.278489, 6.641247 ], [ -3.276187, 6.645077 ], [ -3.276128, 6.64544 ], [ -3.276072, 6.645768 ], [ -3.281404, 6.652501 ], [ -3.283821, 6.651955 ], [ -3.284489, 6.652225 ], [ -3.291172, 6.652027 ], [ -3.291681, 6.651766 ], [ -3.292075, 6.651581 ], [ -3.292479, 6.651392 ], [ -3.292972, 6.651194 ], [ -3.293479, 6.650993 ], [ -3.293852, 6.650877 ], [ -3.294235, 6.650758 ], [ -3.294579, 6.650671 ], [ -3.294933, 6.650583 ], [ -3.295624, 6.650448 ], [ -3.296332, 6.650311 ], [ -3.296714, 6.650274 ], [ -3.297104, 6.650236 ], [ -3.297468, 6.650216 ], [ -3.297842, 6.650196 ], [ -3.298364, 6.650193 ], [ -3.298895, 6.650191 ], [ -3.300036, 6.650245 ], [ -3.301181, 6.6503 ], [ -3.302482, 6.650391 ], [ -3.303783, 6.650481 ], [ -3.306585, 6.650676 ], [ -3.309385, 6.65087 ], [ -3.312343, 6.651053 ], [ -3.315304, 6.651235 ], [ -3.317624, 6.651403 ], [ -3.319942, 6.651571 ], [ -3.322294, 6.651709 ], [ -3.324648, 6.651848 ], [ -3.326265, 6.651958 ], [ -3.327883, 6.652068 ], [ -3.328597, 6.652116 ], [ -3.329303, 6.652165 ], [ -3.330089, 6.652177 ], [ -3.330868, 6.65219 ], [ -3.331274, 6.652181 ], [ -3.331674, 6.652173 ], [ -3.332188, 6.652144 ], [ -3.333675, 6.651992 ], [ -3.334649, 6.65187 ], [ -3.335571, 6.65169 ], [ -3.336481, 6.651513 ], [ -3.336966, 6.651383 ], [ -3.337444, 6.651256 ], [ -3.338528, 6.650924 ], [ -3.33961, 6.650593 ], [ -3.343517, 6.649337 ], [ -3.346661, 6.646687 ], [ -3.345832, 6.638133 ], [ -3.345596, 6.637877 ], [ -3.342033, 6.635113 ], [ -3.341805, 6.63496 ], [ -3.34174, 6.634876 ], [ -3.339973, 6.631955 ], [ -3.339843, 6.631793 ], [ -3.337492, 6.629292 ], [ -3.33735, 6.629166 ], [ -3.337202, 6.629035 ], [ -3.336972, 6.628814 ], [ -3.336336, 6.628181 ], [ -3.335997, 6.627863 ], [ -3.336243, 6.627601 ], [ -3.336582, 6.627919 ], [ -3.336921, 6.628237 ], [ -3.337081, 6.628406 ], [ -3.337588, 6.628896 ], [ -3.337731, 6.629022 ], [ -3.338167, 6.629363 ], [ -3.338611, 6.629712 ], [ -3.338874, 6.629932 ], [ -3.339098, 6.630149 ], [ -3.339218, 6.630284 ], [ -3.339423, 6.630589 ], [ -3.339771, 6.631073 ], [ -3.339938, 6.631283 ], [ -3.340583, 6.632088 ], [ -3.340805, 6.632313 ], [ -3.341029, 6.63252 ], [ -3.348234, 6.627193 ], [ -3.348171, 6.62699 ], [ -3.348119, 6.626681 ], [ -3.347872, 6.625823 ], [ -3.347756, 6.625518 ], [ -3.347688, 6.625268 ], [ -3.347629, 6.624894 ], [ -3.347569, 6.624511 ], [ -3.347532, 6.624164 ], [ -3.346876, 6.621706 ], [ -3.346703, 6.621323 ], [ -3.346529, 6.62094 ], [ -3.346857, 6.620791 ], [ -3.347031, 6.621174 ], [ -3.347352, 6.621861 ], [ -3.347501, 6.62217 ], [ -3.347642, 6.622598 ], [ -3.350899, 6.628968 ], [ -3.351206, 6.629616 ], [ -3.351486, 6.630222 ], [ -3.353842, 6.63448 ], [ -3.354018, 6.634751 ], [ -3.354165, 6.635022 ], [ -3.354268, 6.63526 ], [ -3.354318, 6.635452 ], [ -3.354338, 6.635783 ], [ -3.354435, 6.636559 ], [ -3.354501, 6.636937 ], [ -3.356404, 6.640729 ], [ -3.362877, 6.641974 ], [ -3.363619, 6.641651 ], [ -3.363763, 6.641639 ], [ -3.367967, 6.64238 ], [ -3.368587, 6.642437 ], [ -3.369216, 6.642496 ], [ -3.369593, 6.642552 ], [ -3.369984, 6.64261 ], [ -3.370457, 6.642718 ], [ -3.370936, 6.642827 ], [ -3.377521, 6.642133 ], [ -3.379893, 6.640558 ], [ -3.382645, 6.637424 ], [ -3.382812, 6.637141 ], [ -3.383014, 6.636814 ], [ -3.385258, 6.632272 ], [ -3.385488, 6.631391 ], [ -3.385845, 6.631439 ], [ -3.38582, 6.631624 ], [ -3.385795, 6.631809 ], [ -3.385511, 6.632972 ], [ -3.38543, 6.633251 ], [ -3.385355, 6.633499 ], [ -3.387203, 6.642286 ], [ -3.38786157219131, 6.646138426321785 ], [ -3.391536, 6.649065 ], [ -3.391685522312098, 6.649178546277875 ], [ -3.391689, 6.649174 ], [ -3.393053, 6.650217 ], [ -3.394285, 6.651269 ], [ -3.400021, 6.655167 ], [ -3.402635, 6.65645 ], [ -3.404911, 6.657553 ], [ -3.406749, 6.658416 ], [ -3.408608, 6.659288 ], [ -3.41026, 6.660083 ], [ -3.417848, 6.662309 ], [ -3.420618, 6.662645 ], [ -3.422299, 6.662956 ], [ -3.42287, 6.663075 ], [ -3.424667, 6.663579 ], [ -3.428713, 6.664775 ], [ -3.432737, 6.665965 ], [ -3.434902, 6.66664 ], [ -3.441641, 6.660734 ], [ -3.442351, 6.657204 ], [ -3.442748, 6.657284 ], [ -3.443166, 6.657395 ], [ -3.444873, 6.657936 ], [ -3.445177563758693, 6.6580293131516 ], [ -3.445181, 6.65802 ], [ -3.445343, 6.65808 ], [ -3.448588, 6.658539 ], [ -3.44938, 6.658625 ], [ -3.45609, 6.653047 ], [ -3.455886, 6.65182 ], [ -3.455886809312397, 6.651819543528068 ], [ -3.45587, 6.651718 ], [ -3.454865211457581, 6.649731349637856 ], [ -3.454411797832567, 6.649075615988932 ], [ -3.453193, 6.647778 ], [ -3.455817, 6.645313 ], [ -3.457085, 6.646663 ], [ -3.461739, 6.651127 ], [ -3.461245042398261, 6.65332710309226 ], [ -3.461252, 6.653386 ], [ -3.460526, 6.658767 ], [ -3.460591, 6.661077 ], [ -3.460768, 6.66235 ], [ -3.460819, 6.662873 ], [ -3.460809, 6.66359 ], [ -3.46069, 6.664218 ], [ -3.460413, 6.664885 ], [ -3.459366, 6.666829 ], [ -3.458452, 6.67519 ], [ -3.458534, 6.675712 ], [ -3.458756, 6.678935 ], [ -3.458962, 6.682009 ], [ -3.459091, 6.68433 ], [ -3.460838, 6.690392 ], [ -3.461912, 6.692558 ], [ -3.462939, 6.694151 ], [ -3.464017, 6.69547 ], [ -3.464577, 6.696044 ], [ -3.469965, 6.700349 ], [ -3.471326, 6.701337 ], [ -3.472254, 6.702077 ], [ -3.473011, 6.702652 ], [ -3.478426, 6.703726 ], [ -3.484148, 6.697386 ], [ -3.484348, 6.696672 ], [ -3.484628, 6.696175 ], [ -3.486901, 6.689169 ], [ -3.486991, 6.688666 ], [ -3.487393, 6.687392 ], [ -3.488267, 6.68578 ], [ -3.489797, 6.683246 ], [ -3.490489, 6.681912 ], [ -3.490726, 6.681417 ], [ -3.492446, 6.672996 ], [ -3.492523, 6.672453 ], [ -3.492373, 6.6669 ], [ -3.492149, 6.665427 ], [ -3.492124, 6.665134 ], [ -3.492133164739142, 6.665133228608913 ], [ -3.49212, 6.664889 ], [ -3.49214, 6.662589 ], [ -3.492113, 6.661723 ], [ -3.492113062150191, 6.661722998013543 ], [ -3.492113, 6.661721 ], [ -3.492132638748325, 6.661720372302375 ], [ -3.49213, 6.661409 ], [ -3.492259, 6.660572 ], [ -3.492514, 6.659564 ], [ -3.492514225869272, 6.659564057211586 ], [ -3.492515, 6.659561 ], [ -3.492567818634526, 6.659574378702843 ], [ -3.492732, 6.659044 ], [ -3.492953, 6.658571 ], [ -3.496553, 6.658537 ], [ -3.496559, 6.659173 ], [ -3.496144787892695, 6.662210965767691 ], [ -3.49659329970192, 6.667877096690924 ], [ -3.496854, 6.669458 ], [ -3.49735, 6.675878 ], [ -3.497195, 6.677548 ], [ -3.49717, 6.677928 ], [ -3.496973, 6.678641 ], [ -3.496583, 6.679241 ], [ -3.494767, 6.681901 ], [ -3.494433, 6.682456 ], [ -3.493522, 6.684039 ], [ -3.493024, 6.684939 ], [ -3.492617, 6.6858 ], [ -3.490891, 6.692211 ], [ -3.490846, 6.692924 ], [ -3.490062, 6.695558 ], [ -3.489646, 6.696539 ], [ -3.487612, 6.701107 ], [ -3.487342, 6.701944 ], [ -3.486835, 6.703346 ], [ -3.48645, 6.705757 ], [ -3.486455, 6.706185 ], [ -3.486332, 6.706809 ], [ -3.486577, 6.71121 ], [ -3.492976, 6.713619 ], [ -3.49629, 6.712628 ], [ -3.497457, 6.713198 ], [ -3.49794, 6.713423 ], [ -3.498816, 6.713883 ], [ -3.501560088875291, 6.714023747921362 ], [ -3.507581, 6.711052 ], [ -3.507621, 6.703184 ], [ -3.507461, 6.702273 ], [ -3.507331, 6.700962 ], [ -3.50735617494453, 6.700956696803452 ], [ -3.507321, 6.700515 ], [ -3.505473, 6.69552 ], [ -3.507368, 6.692635 ], [ -3.507603, 6.692618 ], [ -3.515091, 6.691834 ], [ -3.517879, 6.689556 ], [ -3.526243, 6.691096 ], [ -3.527916, 6.690002 ], [ -3.528727, 6.689981 ], [ -3.529343, 6.693195 ], [ -3.528961, 6.696404 ], [ -3.537133, 6.699552 ], [ -3.538244, 6.698583 ], [ -3.538594, 6.698422 ], [ -3.539904, 6.697761 ], [ -3.541215, 6.696887 ], [ -3.541693, 6.696543 ], [ -3.542701, 6.695716 ], [ -3.542704941725852, 6.695720797347745 ], [ -3.542829, 6.69562 ], [ -3.544796, 6.693995 ], [ -3.547169, 6.692334 ], [ -3.551310379520723, 6.686277797932257 ], [ -3.552078, 6.683949 ], [ -3.5522, 6.682177 ], [ -3.55263, 6.681506 ], [ -3.553852, 6.680085 ], [ -3.556766, 6.6822 ], [ -3.555714, 6.685945 ], [ -3.555572131364963, 6.686411281527744 ], [ -3.555591, 6.686419 ], [ -3.555038, 6.688234 ], [ -3.554182, 6.68983 ], [ -3.553176, 6.691918 ], [ -3.552201, 6.693802 ], [ -3.55175, 6.694375 ], [ -3.551079, 6.694875 ], [ -3.550585, 6.695102 ], [ -3.545554, 6.698102 ], [ -3.543979, 6.699325 ], [ -3.543332, 6.699799 ], [ -3.541904, 6.700755 ], [ -3.539706, 6.70207 ], [ -3.539075, 6.702593 ], [ -3.537898, 6.70336 ], [ -3.536527, 6.704431 ], [ -3.535026, 6.705595 ], [ -3.533904, 6.706387 ], [ -3.5334, 6.706766 ], [ -3.531698, 6.708008 ], [ -3.530701, 6.708841 ], [ -3.529826, 6.70965 ], [ -3.529085, 6.710254 ], [ -3.528062, 6.711394 ], [ -3.527583, 6.711851 ], [ -3.526423, 6.712783 ], [ -3.530042, 6.720593 ], [ -3.530624, 6.720671 ], [ -3.531249, 6.720797 ], [ -3.531598, 6.720921 ], [ -3.537174, 6.720598 ], [ -3.537724, 6.720298 ], [ -3.53857, 6.719912 ], [ -3.539525, 6.719576 ], [ -3.540382, 6.719461 ], [ -3.540893, 6.719473 ], [ -3.541411, 6.719558 ], [ -3.544945, 6.720518 ], [ -3.545757, 6.720818 ], [ -3.547168, 6.721434 ], [ -3.551983, 6.722801 ], [ -3.556454, 6.721809 ], [ -3.557262, 6.721509 ], [ -3.55803, 6.721384 ], [ -3.558589, 6.721383 ], [ -3.560097, 6.721525 ], [ -3.562648, 6.721514 ], [ -3.564081, 6.721467 ], [ -3.566754, 6.721195 ], [ -3.567524, 6.721129 ], [ -3.568088, 6.721141 ], [ -3.572569, 6.721008 ], [ -3.577846, 6.719377 ], [ -3.5784, 6.719147 ], [ -3.57904, 6.71893 ], [ -3.579532, 6.718792 ], [ -3.582642, 6.718029 ], [ -3.584685, 6.717565 ], [ -3.588449, 6.716714 ], [ -3.590445, 6.716257 ], [ -3.592441, 6.7158 ], [ -3.592441614066239, 6.715802684150061 ], [ -3.592954, 6.715686 ], [ -3.59385, 6.71554 ], [ -3.594658, 6.715475 ], [ -3.595804, 6.715429 ], [ -3.599399, 6.715342 ], [ -3.607496, 6.712003 ], [ -3.608183, 6.711674 ], [ -3.609022680410394, 6.711441441454965 ], [ -3.609907532106865, 6.711118604785374 ], [ -3.61251373857696, 6.709991862662898 ], [ -3.616527, 6.704325 ], [ -3.619848, 6.702936 ], [ -3.626299, 6.706468 ], [ -3.629104, 6.705873 ], [ -3.633248, 6.704611 ], [ -3.63519, 6.707643 ], [ -3.634377, 6.708163 ], [ -3.633811, 6.708463 ], [ -3.633355, 6.708651 ], [ -3.632761, 6.708814 ], [ -3.629807, 6.709404 ], [ -3.624461, 6.711249 ], [ -3.624332654876752, 6.711300605744805 ], [ -3.624334, 6.711304 ], [ -3.623598, 6.711596 ], [ -3.620446, 6.713174 ], [ -3.616595, 6.721291 ], [ -3.616584125502481, 6.721299556603562 ], [ -3.616783, 6.721585 ], [ -3.617926, 6.72382 ], [ -3.618839, 6.72555 ], [ -3.615656, 6.727231 ], [ -3.611692739838633, 6.722932080486419 ], [ -3.605598, 6.721103 ], [ -3.599486, 6.718941 ], [ -3.595891, 6.719028 ], [ -3.592857243422429, 6.719500677744104 ], [ -3.589234, 6.721287 ], [ -3.584078145941279, 6.72151213480788 ], [ -3.576899, 6.723746 ], [ -3.576286, 6.723951 ], [ -3.573244, 6.724544 ], [ -3.570864, 6.724977 ], [ -3.570459, 6.72503 ], [ -3.569873, 6.725057 ], [ -3.565238, 6.72503 ], [ -3.564174, 6.725066 ], [ -3.562766, 6.725112 ], [ -3.554982, 6.726624 ], [ -3.554525, 6.72673 ], [ -3.553952, 6.726798 ], [ -3.552971, 6.726725 ], [ -3.54946, 6.726153 ], [ -3.548597, 6.725952 ], [ -3.545739, 6.724739 ], [ -3.537105, 6.724795 ], [ -3.535456, 6.725242 ], [ -3.534841, 6.725331 ], [ -3.534032, 6.72533 ], [ -3.533435, 6.725289 ], [ -3.532113, 6.724993 ], [ -3.525612, 6.725373 ], [ -3.525634655116661, 6.732545771757059 ], [ -3.528886, 6.736405 ], [ -3.529933, 6.736652 ], [ -3.530521, 6.736956 ], [ -3.53076, 6.7371 ], [ -3.52996, 6.74061 ], [ -3.526578, 6.740599 ], [ -3.522551764366351, 6.74192747439888 ], [ -3.521589, 6.743416 ], [ -3.52256, 6.751278 ], [ -3.523966, 6.753761 ], [ -3.52207, 6.756759 ], [ -3.523419, 6.763984 ], [ -3.523221, 6.765502 ], [ -3.517951, 6.768277 ], [ -3.516614, 6.769525 ], [ -3.512183, 6.776863 ], [ -3.517799, 6.783676 ], [ -3.519838, 6.785133 ], [ -3.520939, 6.788605 ], [ -3.521705, 6.790398 ], [ -3.522524457954615, 6.792011609119456 ], [ -3.524079, 6.794665 ], [ -3.524367, 6.795287 ], [ -3.526231153550901, 6.798883546312417 ], [ -3.530186, 6.80296 ], [ -3.529803, 6.80654 ], [ -3.529382, 6.806495 ], [ -3.528084, 6.806478 ], [ -3.523329, 6.813291 ], [ -3.524873, 6.81586 ], [ -3.525045758608409, 6.817208014292667 ], [ -3.525347, 6.817967 ], [ -3.525348, 6.818001 ], [ -3.525347681558494, 6.818001418703947 ], [ -3.525349, 6.818068 ], [ -3.525183753669348, 6.818284772876082 ], [ -3.525568, 6.821283 ], [ -3.525268, 6.82163 ], [ -3.522700726920486, 6.821542048530057 ], [ -3.522514, 6.821787 ], [ -3.521882, 6.821514 ], [ -3.521467, 6.821271 ], [ -3.520963, 6.820768 ], [ -3.520565, 6.819784 ], [ -3.519268, 6.816725 ], [ -3.518403, 6.815807 ], [ -3.517926, 6.815266 ], [ -3.515401, 6.813686 ], [ -3.514159, 6.812978 ], [ -3.506178, 6.81513 ], [ -3.505415, 6.818035 ], [ -3.510151195990749, 6.824436583752951 ], [ -3.511302, 6.825138 ], [ -3.511879, 6.825915 ], [ -3.512362, 6.826981 ], [ -3.512366, 6.82706 ], [ -3.512365798905067, 6.827060234305671 ], [ -3.512369, 6.827127 ], [ -3.512256048512762, 6.827264935777801 ], [ -3.512396, 6.827766 ], [ -3.512398, 6.828248 ], [ -3.509797767467929, 6.829689574871932 ], [ -3.509658, 6.829791 ], [ -3.509003, 6.829936 ], [ -3.505226, 6.830739 ], [ -3.500646209188689, 6.835596778113832 ], [ -3.500514792410717, 6.836051607700883 ], [ -3.499721, 6.838802 ], [ -3.499720761464763, 6.83880193110821 ], [ -3.499635, 6.839099 ], [ -3.498869, 6.841753 ], [ -3.498103, 6.844407 ], [ -3.494644, 6.843408 ], [ -3.49541, 6.840754 ], [ -3.496176, 6.8381 ], [ -3.496799483234828, 6.835940318211307 ], [ -3.497255, 6.834361 ], [ -3.498198, 6.831096 ], [ -3.498755, 6.82902 ], [ -3.499321, 6.826911 ], [ -3.499821, 6.825034 ], [ -3.500322, 6.823153 ], [ -3.50082937779843, 6.821254100912807 ], [ -3.500829, 6.821254 ], [ -3.501383, 6.81918 ], [ -3.501937, 6.817106 ], [ -3.502696, 6.814216 ], [ -3.503456, 6.811318 ], [ -3.504216, 6.808421 ], [ -3.505483, 6.800599 ], [ -3.505459, 6.799269 ], [ -3.505481, 6.798289 ], [ -3.505589, 6.796022 ], [ -3.505647, 6.793553 ], [ -3.505687, 6.793043 ], [ -3.50649, 6.788652 ], [ -3.50727, 6.784439 ], [ -3.507596, 6.782631 ], [ -3.50786, 6.78105 ], [ -3.508126, 6.779263 ], [ -3.508478, 6.77725 ], [ -3.508627, 6.776303 ], [ -3.50744, 6.769518 ], [ -3.505332, 6.766564 ], [ -3.503774, 6.757916 ], [ -3.503316, 6.756442 ], [ -3.500521, 6.750672 ], [ -3.499592, 6.749567 ], [ -3.496008, 6.747276 ], [ -3.492952, 6.746156 ], [ -3.486581, 6.748939 ], [ -3.485665, 6.752128 ], [ -3.485586, 6.753643 ], [ -3.485531, 6.755528 ], [ -3.485528, 6.757553 ], [ -3.483333, 6.760808 ], [ -3.475529, 6.763404 ], [ -3.473724, 6.765571 ], [ -3.472005, 6.767881 ], [ -3.46931, 6.773582 ], [ -3.467086674851142, 6.774836009611399 ], [ -3.466721, 6.775407 ], [ -3.464391, 6.776417 ], [ -3.463985, 6.77646 ], [ -3.46371548525747, 6.776294260225954 ], [ -3.46305, 6.776558 ], [ -3.460418, 6.776888 ], [ -3.459126, 6.777078 ], [ -3.457264, 6.777279 ], [ -3.455176, 6.777515 ], [ -3.451083, 6.777115 ], [ -3.449045, 6.77674 ], [ -3.448746, 6.776576 ], [ -3.448787642183168, 6.776500232359923 ], [ -3.448094, 6.775854 ], [ -3.447944, 6.775658 ], [ -3.447921, 6.775617 ], [ -3.44952, 6.772738 ], [ -3.453746, 6.773195 ], [ -3.458802, 6.773492 ], [ -3.459885, 6.773327 ], [ -3.465661, 6.770494 ], [ -3.467377, 6.768069 ], [ -3.469117, 6.765731 ], [ -3.470836, 6.763421 ], [ -3.471921, 6.76185 ], [ -3.474091, 6.757872 ], [ -3.474582, 6.756126 ], [ -3.474804, 6.755553 ], [ -3.475208, 6.754923 ], [ -3.471287, 6.74683 ], [ -3.470335, 6.746218 ], [ -3.468648, 6.741554 ], [ -3.46874, 6.738482 ], [ -3.466787, 6.73003 ], [ -3.465517, 6.729977 ], [ -3.464001, 6.730254 ], [ -3.463644, 6.730286 ], [ -3.463126, 6.730274 ], [ -3.460502, 6.73026 ], [ -3.458263, 6.730688 ], [ -3.457673, 6.730741 ], [ -3.453628, 6.731905 ], [ -3.45295, 6.732113 ], [ -3.452556, 6.732156 ], [ -3.451623, 6.732246 ], [ -3.449706, 6.732402 ], [ -3.441587, 6.735574 ], [ -3.439633, 6.735959 ], [ -3.437942, 6.735599 ], [ -3.430906, 6.734478 ], [ -3.423036, 6.736953 ], [ -3.422784, 6.737104 ], [ -3.421842, 6.737469 ], [ -3.420614, 6.737579 ], [ -3.419294, 6.737731 ], [ -3.414158, 6.730635 ], [ -3.412354, 6.729775 ], [ -3.406719, 6.728617 ], [ -3.405407, 6.728659 ], [ -3.400761, 6.735922 ], [ -3.400958, 6.736521 ], [ -3.401052, 6.737009 ], [ -3.397774045835066, 6.737636594731239 ], [ -3.397723, 6.73769 ], [ -3.397610887233722, 6.737667832958929 ], [ -3.397516, 6.737686 ], [ -3.389474, 6.736059 ], [ -3.388508, 6.736203 ], [ -3.387835, 6.736267 ], [ -3.387378, 6.736281 ], [ -3.384296, 6.736517 ], [ -3.382688, 6.736757 ], [ -3.381788, 6.733272 ], [ -3.38216, 6.733175 ], [ -3.38233703983543, 6.733145664314639 ], [ -3.382336, 6.733139 ], [ -3.383023, 6.733032 ], [ -3.384582, 6.732744 ], [ -3.388022151315346, 6.731858472575797 ], [ -3.3884470282661, 6.731704109175985 ], [ -3.395877, 6.728279 ], [ -3.396295, 6.727995 ], [ -3.396581, 6.727851 ], [ -3.40094, 6.725607 ], [ -3.401198, 6.725463 ], [ -3.401857, 6.725255 ], [ -3.402247, 6.725245449886105 ], [ -3.402247, 6.725212 ], [ -3.405086, 6.725073 ], [ -3.405904, 6.716169 ], [ -3.405905572045634, 6.716134667441341 ], [ -3.405459, 6.715898 ], [ -3.404521, 6.715458 ], [ -3.404597, 6.714994 ], [ -3.40482, 6.714357 ], [ -3.405026, 6.714014 ], [ -3.40537, 6.713632 ], [ -3.405755, 6.713335 ], [ -3.406040321297567, 6.713191822464808 ], [ -3.406041, 6.713177 ], [ -3.406307, 6.713058 ], [ -3.406728573848317, 6.712948194718578 ], [ -3.406727, 6.71293 ], [ -3.406952, 6.71289 ], [ -3.407489, 6.712863 ], [ -3.409272, 6.712908 ], [ -3.409867, 6.712912 ], [ -3.410742, 6.713125 ], [ -3.411522, 6.713372 ], [ -3.411826, 6.7135 ], [ -3.412395, 6.713879 ], [ -3.412725, 6.714216 ], [ -3.415317, 6.716925 ], [ -3.415797, 6.717496 ], [ -3.417962, 6.720473 ], [ -3.418312, 6.720952 ], [ -3.418598, 6.721879 ], [ -3.41864, 6.7231 ], [ -3.422287, 6.729445 ], [ -3.427009, 6.730851 ], [ -3.428833, 6.730919 ], [ -3.432768, 6.730276 ], [ -3.433651, 6.730098 ], [ -3.434453, 6.730066 ], [ -3.435259, 6.730148 ], [ -3.436131, 6.73032 ], [ -3.443917, 6.729409 ], [ -3.444623, 6.729078 ], [ -3.445598, 6.728889 ], [ -3.452253, 6.723203 ], [ -3.452135, 6.719829 ], [ -3.449409, 6.713977 ], [ -3.446081, 6.711943 ], [ -3.446157, 6.708344 ], [ -3.446162997360129, 6.708344125011783 ], [ -3.446163, 6.708344 ], [ -3.447991137011126, 6.708382229138571 ], [ -3.448782, 6.708362 ], [ -3.449882, 6.708406 ], [ -3.450537193337139, 6.70862067286181 ], [ -3.450562, 6.708572 ], [ -3.450996, 6.708771 ], [ -3.451984, 6.709787 ], [ -3.452677, 6.711345 ], [ -3.454102, 6.713162 ], [ -3.455327, 6.714402 ], [ -3.455828, 6.716104 ], [ -3.455764, 6.717454 ], [ -3.455756, 6.71926 ], [ -3.455733, 6.71995 ], [ -3.455852, 6.723118 ], [ -3.464395, 6.723544 ], [ -3.469265, 6.720146 ], [ -3.47276, 6.712307 ], [ -3.472388, 6.711618 ], [ -3.472004, 6.710873 ], [ -3.471574, 6.709935 ], [ -3.470496, 6.708214 ], [ -3.466805, 6.705351 ], [ -3.464285, 6.70278 ], [ -3.461772, 6.701408 ], [ -3.460686, 6.700839 ], [ -3.458836, 6.699461 ], [ -3.457939, 6.698785 ], [ -3.457245, 6.698158 ], [ -3.456708, 6.696523 ], [ -3.455818, 6.688258 ], [ -3.454856, 6.686295 ], [ -3.453924, 6.684389 ], [ -3.449276, 6.678617 ], [ -3.447681, 6.67712 ], [ -3.44574, 6.675264 ], [ -3.440184, 6.671985 ], [ -3.437038, 6.671004 ], [ -3.433828, 6.670077 ], [ -3.431717, 6.669417 ], [ -3.427692, 6.668227 ], [ -3.423689, 6.667043 ], [ -3.420185, 6.666219 ], [ -3.417416, 6.665883 ], [ -3.414534, 6.66553 ], [ -3.413712, 6.665372 ], [ -3.412807, 6.665124 ], [ -3.411623, 6.664689 ], [ -3.411141, 6.664484 ], [ -3.4087, 6.663327 ], [ -3.407078, 6.662547 ], [ -3.405219, 6.661675 ], [ -3.40334, 6.660792 ], [ -3.401099, 6.659706 ], [ -3.399275, 6.658844 ], [ -3.398267, 6.658311 ], [ -3.396796, 6.657489 ], [ -3.395517, 6.656711 ], [ -3.394048, 6.655701 ], [ -3.391944, 6.654003 ], [ -3.389186236868593, 6.652825099700896 ], [ -3.383613, 6.653768 ], [ -3.383267, 6.653669 ], [ -3.379271, 6.648198 ], [ -3.374285, 6.644083 ], [ -3.370844, 6.643175 ], [ -3.370377, 6.643069 ], [ -3.367138, 6.642758 ], [ -3.363922, 6.64317 ], [ -3.363606, 6.643253 ], [ -3.361679, 6.643883 ] ] ], [ [ [ -3.295707, 7.038442 ], [ -3.295381, 7.038659 ], [ -3.295062, 7.038872 ], [ -3.294784, 7.039015 ], [ -3.294524, 7.039148 ], [ -3.293234, 7.039673 ], [ -3.291959, 7.040192 ], [ -3.29109, 7.040558 ], [ -3.289005, 7.041726 ], [ -3.287016, 7.043308 ], [ -3.28471, 7.051155 ], [ -3.289785, 7.054111 ], [ -3.290056, 7.054141 ], [ -3.290176, 7.054171 ], [ -3.290175077365923, 7.054174701141299 ], [ -3.290215, 7.054186 ], [ -3.290446, 7.054307 ], [ -3.29054, 7.054381 ], [ -3.290678, 7.054559 ], [ -3.290787, 7.054768 ], [ -3.290903, 7.055039 ], [ -3.291018, 7.055311 ], [ -3.290687, 7.055452 ], [ -3.287366, 7.054496 ], [ -3.287135, 7.054425 ], [ -3.286823, 7.054296 ], [ -3.286525, 7.054173 ], [ -3.286344, 7.054081 ], [ -3.281063, 7.052297 ], [ -3.280468, 7.052225 ], [ -3.272396, 7.05504 ], [ -3.272027, 7.055406 ], [ -3.271283, 7.056213 ], [ -3.270532, 7.057025 ], [ -3.27039, 7.057165 ], [ -3.270254, 7.057299 ], [ -3.270012, 7.057513 ], [ -3.269771, 7.057696 ], [ -3.26954, 7.057871 ], [ -3.269018, 7.058246 ], [ -3.2685, 7.058618 ], [ -3.268012, 7.05896 ], [ -3.267526, 7.0593 ], [ -3.26724, 7.059485 ], [ -3.266956, 7.059628 ], [ -3.266689, 7.059762 ], [ -3.266351, 7.059892 ], [ -3.266113, 7.059954 ], [ -3.265894, 7.060011 ], [ -3.265244, 7.06011 ], [ -3.264613, 7.060205 ], [ -3.262554, 7.060453 ], [ -3.257509, 7.062481 ], [ -3.255085, 7.06611 ], [ -3.252648, 7.069756 ], [ -3.250211, 7.073402 ], [ -3.247774, 7.077048 ], [ -3.247338, 7.077567 ], [ -3.246914, 7.078069 ], [ -3.246546, 7.078446 ], [ -3.246188, 7.078813 ], [ -3.245673, 7.07934 ], [ -3.245158, 7.079866 ], [ -3.24446, 7.080616 ], [ -3.243693, 7.089397 ], [ -3.243434, 7.089647 ], [ -3.241928, 7.090941 ], [ -3.242646, 7.099766 ], [ -3.242822, 7.09992 ], [ -3.24296, 7.100105 ], [ -3.243104, 7.100298 ], [ -3.245473, 7.102727 ], [ -3.245643, 7.102888 ], [ -3.246026, 7.103325 ], [ -3.246418, 7.103776 ], [ -3.246617, 7.104051 ], [ -3.246823, 7.104337 ], [ -3.246964, 7.104571 ], [ -3.251428, 7.110694 ], [ -3.254101, 7.112817 ], [ -3.254857, 7.114074 ], [ -3.257116, 7.11738 ], [ -3.258662, 7.119529 ], [ -3.258719, 7.120016 ], [ -3.25965, 7.125769 ], [ -3.259316, 7.125902 ], [ -3.259299471550186, 7.125860810815195 ], [ -3.259299, 7.125861 ], [ -3.258916931858749, 7.124907515241612 ], [ -3.258627, 7.124185 ], [ -3.257938, 7.122467 ], [ -3.255314, 7.11553 ], [ -3.252581, 7.112475 ], [ -3.252391, 7.112309 ], [ -3.24939, 7.110008 ], [ -3.24917, 7.109833 ], [ -3.248975, 7.109675 ], [ -3.248794, 7.109507 ], [ -3.248623, 7.109347 ], [ -3.248377, 7.109056 ], [ -3.248146, 7.10878 ], [ -3.248001, 7.108576 ], [ -3.247865, 7.108383 ], [ -3.247715, 7.108102 ], [ -3.247567, 7.107672 ], [ -3.247432, 7.107269 ], [ -3.244261, 7.102244 ], [ -3.243821, 7.101865 ], [ -3.243627, 7.101664 ], [ -3.243484, 7.101486 ], [ -3.243352, 7.101321 ], [ -3.241328, 7.099397 ], [ -3.241131, 7.099236 ], [ -3.240885, 7.098965 ], [ -3.240771, 7.098806 ], [ -3.240539, 7.098301 ], [ -3.240325, 7.097825 ], [ -3.239439, 7.096564 ], [ -3.239273, 7.096355 ], [ -3.239114, 7.096155 ], [ -3.238967, 7.095984 ], [ -3.238815, 7.095807 ], [ -3.23872, 7.095669 ], [ -3.231153, 7.093839 ], [ -3.230487, 7.101682 ], [ -3.229105, 7.101568 ], [ -3.228474, 7.101523 ], [ -3.222157, 7.103874 ], [ -3.220528, 7.108914 ], [ -3.220526, 7.109274 ], [ -3.216906, 7.112715 ], [ -3.217302, 7.121665 ], [ -3.21745, 7.121875 ], [ -3.223256, 7.12861 ], [ -3.227047, 7.132827 ], [ -3.22704, 7.133187 ], [ -3.224058, 7.1387 ], [ -3.22095, 7.14387 ], [ -3.216278, 7.145313 ], [ -3.214357, 7.152179 ], [ -3.216514, 7.154527 ], [ -3.216663, 7.154638 ], [ -3.216818, 7.154755 ], [ -3.217168, 7.155043 ], [ -3.217751, 7.155483 ], [ -3.218208, 7.155771 ], [ -3.219441, 7.156335 ], [ -3.220475, 7.156779 ], [ -3.220665, 7.156854 ], [ -3.220864, 7.156933 ], [ -3.221338, 7.15715 ], [ -3.221863, 7.157404 ], [ -3.226032, 7.159634 ], [ -3.227169, 7.160911 ], [ -3.228735, 7.164328 ], [ -3.228936, 7.164766 ], [ -3.22914, 7.16521 ], [ -3.229405, 7.165834 ], [ -3.22967, 7.166464 ], [ -3.229954, 7.167186 ], [ -3.230241, 7.167921 ], [ -3.2303, 7.168113 ], [ -3.230363, 7.168322 ], [ -3.234295, 7.17636 ], [ -3.235005, 7.177373 ], [ -3.237599, 7.180826 ], [ -3.237777, 7.181062 ], [ -3.237926, 7.181327 ], [ -3.238472, 7.182501 ], [ -3.238764, 7.183165 ], [ -3.239417, 7.184601 ], [ -3.239783, 7.185384 ], [ -3.239924, 7.185718 ], [ -3.240517, 7.187072 ], [ -3.240878444639463, 7.187887444639141 ], [ -3.240971, 7.188096 ], [ -3.240642, 7.188242 ], [ -3.240641835462739, 7.188241629247538 ], [ -3.240641, 7.188242 ], [ -3.2403272430603, 7.187532756939839 ], [ -3.240188, 7.187219 ], [ -3.239735, 7.186195 ], [ -3.239593, 7.185858 ], [ -3.239091, 7.184754 ], [ -3.238728, 7.183977 ], [ -3.236236, 7.179942 ], [ -3.23597, 7.179495 ], [ -3.235308, 7.178473 ], [ -3.234885, 7.177859 ], [ -3.234419, 7.17718 ], [ -3.234131, 7.176784 ], [ -3.233556, 7.17597 ], [ -3.233239, 7.175551 ], [ -3.233096, 7.175332 ], [ -3.232959, 7.175124 ], [ -3.23216, 7.173851 ], [ -3.231364, 7.172581 ], [ -3.231065, 7.172048 ], [ -3.23077, 7.171523 ], [ -3.230645, 7.171265 ], [ -3.230564, 7.171003 ], [ -3.230493, 7.170768 ], [ -3.23025, 7.169573 ], [ -3.224603, 7.16319 ], [ -3.218373, 7.163193 ], [ -3.216194, 7.164214 ], [ -3.212458, 7.170244 ], [ -3.212391, 7.170906 ], [ -3.212277, 7.171626 ], [ -3.212163, 7.172348 ], [ -3.212019, 7.173182 ], [ -3.211875, 7.17402 ], [ -3.211561, 7.175662 ], [ -3.211248, 7.177302 ], [ -3.210515, 7.181421 ], [ -3.209752, 7.185684 ], [ -3.209688, 7.185994 ], [ -3.209627, 7.186289 ], [ -3.20933, 7.188744 ], [ -3.209033, 7.191197 ], [ -3.208717, 7.194046 ], [ -3.208401, 7.196894 ], [ -3.208362, 7.197283 ], [ -3.208322, 7.197678 ], [ -3.208231, 7.198349 ], [ -3.208141, 7.199017 ], [ -3.207899, 7.20098 ], [ -3.207658, 7.202942 ], [ -3.207405, 7.205092 ], [ -3.207153, 7.20724 ], [ -3.207096, 7.21017 ], [ -3.207462, 7.213415 ], [ -3.207828, 7.216666 ], [ -3.207895, 7.217478 ], [ -3.207964, 7.218309 ], [ -3.207955, 7.218666 ], [ -3.207947, 7.219028 ], [ -3.207845, 7.221295 ], [ -3.207743, 7.223567 ], [ -3.207725, 7.223853 ], [ -3.207705, 7.224147 ], [ -3.207679, 7.224405 ], [ -3.207652, 7.224671 ], [ -3.207599, 7.225032 ], [ -3.207543, 7.225408 ], [ -3.207436, 7.225866 ], [ -3.207325, 7.226339 ], [ -3.207161, 7.226849 ], [ -3.206991, 7.227371 ], [ -3.206853, 7.227707 ], [ -3.206712, 7.228051 ], [ -3.206574, 7.228349 ], [ -3.206431, 7.228657 ], [ -3.206335, 7.228833 ], [ -3.206235, 7.229017 ], [ -3.206029, 7.229357 ], [ -3.205818, 7.229706 ], [ -3.205641, 7.229967 ], [ -3.205461, 7.230233 ], [ -3.2042, 7.231987 ], [ -3.202941, 7.233739 ], [ -3.202503, 7.234367 ], [ -3.201204, 7.242324 ], [ -3.202094, 7.244275 ], [ -3.202461, 7.244893 ], [ -3.204171, 7.24749 ], [ -3.20626, 7.250671 ], [ -3.207888, 7.253176 ], [ -3.209518, 7.255684 ], [ -3.209823, 7.256177 ], [ -3.210134, 7.256682 ], [ -3.210237, 7.256881 ], [ -3.210345, 7.257089 ], [ -3.210441, 7.257304 ], [ -3.210542, 7.257531 ], [ -3.210675, 7.257887 ], [ -3.210811, 7.258254 ], [ -3.210896, 7.258532 ], [ -3.210983, 7.258822 ], [ -3.211029, 7.259019 ], [ -3.211076, 7.259224 ], [ -3.211267, 7.260266 ], [ -3.211457, 7.261306 ], [ -3.211774, 7.262952 ], [ -3.211902501278751, 7.263621751918047 ], [ -3.212092, 7.264605 ], [ -3.211738, 7.264673 ], [ -3.211653, 7.264230570978408 ], [ -3.21142, 7.26302 ], [ -3.211103, 7.261374 ], [ -3.205687, 7.254401 ], [ -3.199837, 7.250359 ], [ -3.199676, 7.250269 ], [ -3.198739, 7.249532 ], [ -3.198739180358972, 7.249531142054345 ], [ -3.198739, 7.249531 ], [ -3.20052, 7.24106 ], [ -3.200469, 7.240586 ], [ -3.200421, 7.240131 ], [ -3.200421, 7.2396 ], [ -3.200422, 7.239087 ], [ -3.200481, 7.238575 ], [ -3.200539, 7.238082 ], [ -3.200622, 7.237698 ], [ -3.200703, 7.23733 ], [ -3.200839, 7.236875 ], [ -3.200972, 7.236434 ], [ -3.201159, 7.236 ], [ -3.201338, 7.235586 ], [ -3.201552, 7.23519 ], [ -3.201758, 7.234806 ], [ -3.202207, 7.234161 ], [ -3.202646, 7.233533 ], [ -3.203908, 7.231777 ], [ -3.205169, 7.230022 ], [ -3.207384, 7.223543 ], [ -3.207486, 7.221279 ], [ -3.207587, 7.219011 ], [ -3.207537, 7.217508 ], [ -3.207469, 7.216695 ], [ -3.207104, 7.213456 ], [ -3.206739, 7.210211 ], [ -3.206713, 7.209881 ], [ -3.206687, 7.209557 ], [ -3.206682, 7.209079 ], [ -3.206677, 7.208613 ], [ -3.206695, 7.20829 ], [ -3.206712, 7.207978 ], [ -3.206754, 7.207585 ], [ -3.206795, 7.207202 ], [ -3.207048, 7.20505 ], [ -3.207301, 7.202899 ], [ -3.199588, 7.198523 ], [ -3.199367, 7.198594 ], [ -3.199129, 7.198671 ], [ -3.195537, 7.201713 ], [ -3.195434, 7.20184 ], [ -3.19501, 7.202204 ], [ -3.194909, 7.202276 ], [ -3.192563, 7.204222 ], [ -3.19244, 7.204371 ], [ -3.192308, 7.204532 ], [ -3.192069, 7.204777 ], [ -3.191825, 7.205028 ], [ -3.19072, 7.20627 ], [ -3.19038, 7.206614 ], [ -3.189989, 7.206994 ], [ -3.189724, 7.207111 ], [ -3.189178, 7.207169 ], [ -3.183174, 7.209086 ], [ -3.182867, 7.208897 ], [ -3.182972, 7.208726 ], [ -3.183078, 7.208555 ], [ -3.18317, 7.208436 ], [ -3.183319, 7.208289 ], [ -3.183523, 7.208138 ], [ -3.183981, 7.207912 ], [ -3.184411, 7.207702 ], [ -3.184547, 7.207651 ], [ -3.184849, 7.207588 ], [ -3.186875, 7.207106 ], [ -3.187673, 7.206832 ], [ -3.187819, 7.206803 ], [ -3.191177, 7.205145 ], [ -3.191578, 7.204766 ], [ -3.190635, 7.195894 ], [ -3.190422, 7.195755 ], [ -3.190297, 7.195612 ], [ -3.190121, 7.195316 ], [ -3.183869, 7.190599 ], [ -3.183671, 7.190299 ], [ -3.183672156141519, 7.190298236173856 ], [ -3.183672, 7.190298 ], [ -3.18406, 7.190041 ], [ -3.184449, 7.189784 ], [ -3.184807, 7.189628 ], [ -3.185108, 7.189531 ], [ -3.185394, 7.189439 ], [ -3.185641, 7.189395 ], [ -3.185912, 7.189389 ], [ -3.186192, 7.189438 ], [ -3.186467, 7.189525 ], [ -3.186692, 7.189623 ], [ -3.186809, 7.189703 ], [ -3.186949, 7.189869 ], [ -3.189638, 7.192921 ], [ -3.189827, 7.193095 ], [ -3.189976, 7.19324 ], [ -3.190139, 7.193445 ], [ -3.190286, 7.193633 ], [ -3.190387, 7.193837 ], [ -3.192293, 7.196223 ], [ -3.192439, 7.196379 ], [ -3.192563, 7.196514 ], [ -3.197996, 7.198453 ], [ -3.20171, 7.195147 ], [ -3.201854, 7.194836 ], [ -3.201983, 7.194569 ], [ -3.202122, 7.194304 ], [ -3.202306, 7.19402 ], [ -3.203034, 7.192577 ], [ -3.203257, 7.191879 ], [ -3.20337, 7.191446 ], [ -3.203424, 7.191283 ], [ -3.203497, 7.191166 ], [ -3.206388, 7.187442 ], [ -3.21016, 7.181358 ], [ -3.210894, 7.177238 ], [ -3.211208, 7.175594 ], [ -3.211522, 7.173952 ], [ -3.211665, 7.173121 ], [ -3.211808, 7.172287 ], [ -3.211922, 7.171569 ], [ -3.212036, 7.17085 ], [ -3.212099, 7.170208 ], [ -3.212131, 7.168887 ], [ -3.212112, 7.168652 ], [ -3.212023, 7.168008 ], [ -3.211874, 7.167085 ], [ -3.211812, 7.166802 ], [ -3.211712, 7.166429 ], [ -3.211611, 7.166049 ], [ -3.21153, 7.165785 ], [ -3.211361, 7.165299 ], [ -3.211059, 7.164594 ], [ -3.210612, 7.163759 ], [ -3.202043, 7.162827 ], [ -3.201513, 7.163475 ], [ -3.200949, 7.164156 ], [ -3.200674, 7.16435 ], [ -3.200388, 7.164551 ], [ -3.20008, 7.164733 ], [ -3.199889, 7.164807 ], [ -3.197203, 7.166221 ], [ -3.195487, 7.167118 ], [ -3.194744, 7.167569 ], [ -3.19215, 7.169961 ], [ -3.192055, 7.17005 ], [ -3.191941, 7.170101 ], [ -3.191519, 7.170171 ], [ -3.189026, 7.170406 ], [ -3.187411, 7.170789 ], [ -3.186865, 7.170912 ], [ -3.186562, 7.17098 ], [ -3.185989, 7.171132 ], [ -3.185883, 7.170788 ], [ -3.186166, 7.1707 ], [ -3.187028, 7.170461 ], [ -3.187677, 7.170279 ], [ -3.188039, 7.170161 ], [ -3.191952, 7.168116 ], [ -3.192154, 7.168 ], [ -3.192914, 7.167747 ], [ -3.193101, 7.16768 ], [ -3.193272, 7.16762 ], [ -3.195768, 7.166346 ], [ -3.195969, 7.166211 ], [ -3.197625, 7.164923 ], [ -3.197747, 7.1648 ], [ -3.196269, 7.156011 ], [ -3.196008, 7.155763 ], [ -3.196885, 7.152391 ], [ -3.18982, 7.148139 ], [ -3.189481, 7.148017 ], [ -3.188857, 7.14502 ], [ -3.188943, 7.144792 ], [ -3.189142, 7.144209 ], [ -3.189264, 7.143879 ], [ -3.189886, 7.137202 ], [ -3.189754, 7.136246 ], [ -3.189768, 7.136156 ], [ -3.190039514586787, 7.135387384080189 ], [ -3.190542, 7.131253 ], [ -3.184405, 7.127748 ], [ -3.18366, 7.127912 ], [ -3.182909, 7.128076 ], [ -3.181686, 7.128309 ], [ -3.180473, 7.12854 ], [ -3.179741, 7.128761 ], [ -3.179381, 7.128889 ], [ -3.178724, 7.129155 ], [ -3.177905, 7.129497 ], [ -3.177715, 7.129585 ], [ -3.177541, 7.129642 ], [ -3.17625, 7.13016 ], [ -3.174955, 7.13068 ], [ -3.174572, 7.130818 ], [ -3.174178, 7.13096 ], [ -3.173979, 7.131017 ], [ -3.173771, 7.131077 ], [ -3.173021, 7.131255 ], [ -3.172271, 7.131434 ], [ -3.164875, 7.135704 ], [ -3.164494, 7.136107 ], [ -3.164109, 7.136514 ], [ -3.163498, 7.137125 ], [ -3.162888, 7.137735 ], [ -3.161615, 7.139041 ], [ -3.161298, 7.146955 ], [ -3.16143, 7.147291 ], [ -3.161301, 7.147341 ], [ -3.161135, 7.147371 ], [ -3.160007, 7.147442 ], [ -3.159721, 7.147471 ], [ -3.152836, 7.151634 ], [ -3.152293, 7.152649 ], [ -3.152072, 7.153104 ], [ -3.151748, 7.153836 ], [ -3.151425, 7.154565 ], [ -3.15112, 7.155287 ], [ -3.150813, 7.156013 ], [ -3.150041, 7.157751 ], [ -3.149269, 7.159489 ], [ -3.149268766999398, 7.159488895893348 ], [ -3.149163, 7.159727 ], [ -3.148946, 7.160244 ], [ -3.148726, 7.160769 ], [ -3.148326, 7.161618 ], [ -3.147926, 7.162467 ], [ -3.1476, 7.162313 ], [ -3.14883, 7.159588 ], [ -3.14897906388844, 7.15925278627986 ], [ -3.151093, 7.154425 ], [ -3.151419, 7.15369 ], [ -3.151743, 7.152958 ], [ -3.151969, 7.152492 ], [ -3.152193, 7.15203 ], [ -3.152364, 7.151715 ], [ -3.15253, 7.151445 ], [ -3.152691, 7.151184 ], [ -3.15301, 7.150703 ], [ -3.153326, 7.150228 ], [ -3.154904, 7.147874 ], [ -3.155954, 7.146259 ], [ -3.156841, 7.144919 ], [ -3.158674, 7.142059 ], [ -3.158996, 7.141572 ], [ -3.159315, 7.141088 ], [ -3.159697, 7.140594 ], [ -3.16007, 7.140112 ], [ -3.161357, 7.13879 ], [ -3.16263, 7.137484 ], [ -3.163243, 7.136871 ], [ -3.164232, 7.13586 ], [ -3.164993, 7.135038 ], [ -3.165375, 7.134616 ], [ -3.166256, 7.13369 ], [ -3.167135, 7.132768 ], [ -3.167356, 7.132584 ], [ -3.167561, 7.132415 ], [ -3.167867, 7.132215 ], [ -3.168116, 7.13209 ], [ -3.168418, 7.131978 ], [ -3.168642, 7.131911 ], [ -3.168855, 7.131847 ], [ -3.169396, 7.131728 ], [ -3.169925, 7.131612 ], [ -3.171056, 7.131348 ], [ -3.172189, 7.131083 ], [ -3.172938, 7.130905 ], [ -3.17445, 7.13048 ], [ -3.174832, 7.130341 ], [ -3.176116, 7.129826 ], [ -3.177406, 7.129308 ], [ -3.177923, 7.129091 ], [ -3.178589, 7.128821 ], [ -3.179246, 7.128555 ], [ -3.179621, 7.128422 ], [ -3.179988, 7.128291 ], [ -3.180195, 7.128239 ], [ -3.180385, 7.128191 ], [ -3.181619, 7.127956 ], [ -3.182842, 7.127723 ], [ -3.183583, 7.12756 ], [ -3.184328, 7.127396 ], [ -3.186042, 7.127056 ], [ -3.187752, 7.126717 ], [ -3.190897, 7.124044 ], [ -3.186682, 7.117154 ], [ -3.186205, 7.117141 ], [ -3.185953, 7.117042 ], [ -3.185776, 7.116951 ], [ -3.185074, 7.116641 ], [ -3.184524, 7.116411 ], [ -3.183795, 7.116127 ], [ -3.183323, 7.115975 ], [ -3.183147, 7.115829 ], [ -3.183051, 7.115699 ], [ -3.182042, 7.114246 ], [ -3.176001, 7.110881 ], [ -3.175707, 7.110832 ], [ -3.17539, 7.110777 ], [ -3.175187, 7.110714 ], [ -3.174975, 7.110648 ], [ -3.17476, 7.110567 ], [ -3.174519, 7.110441 ], [ -3.173855, 7.110116 ], [ -3.173728, 7.110015 ], [ -3.173687, 7.109823 ], [ -3.174786, 7.105337 ], [ -3.175776, 7.102085 ], [ -3.176084, 7.10119 ], [ -3.176168, 7.101025 ], [ -3.176251, 7.10086 ], [ -3.176572, 7.101022 ], [ -3.176822, 7.105277 ], [ -3.176915, 7.105583 ], [ -3.176976, 7.105823 ], [ -3.180418, 7.110658 ], [ -3.181043, 7.11104 ], [ -3.181145, 7.111136 ], [ -3.181357, 7.111478 ], [ -3.181546, 7.111791 ], [ -3.181643, 7.111998 ], [ -3.18173, 7.112188 ], [ -3.187095, 7.116795 ], [ -3.187779, 7.116903 ], [ -3.189355, 7.116976 ], [ -3.189621, 7.116984 ], [ -3.189863, 7.116994 ], [ -3.190005, 7.117022 ], [ -3.190167, 7.117081 ], [ -3.19036, 7.117181 ], [ -3.190534, 7.117272 ], [ -3.198004, 7.112274 ], [ -3.197778, 7.111395 ], [ -3.19437, 7.10682 ], [ -3.19407, 7.106639 ], [ -3.193779, 7.106462 ], [ -3.193379, 7.106245 ], [ -3.192766, 7.105984 ], [ -3.192638, 7.105892 ], [ -3.192525, 7.105739 ], [ -3.192466, 7.105556 ], [ -3.192442, 7.105381 ], [ -3.192798, 7.105332 ], [ -3.196698, 7.10674 ], [ -3.196846, 7.106772 ], [ -3.197, 7.106926 ], [ -3.197595, 7.107719 ], [ -3.197758, 7.107926 ], [ -3.198323, 7.108629 ], [ -3.198453, 7.108807 ], [ -3.199419, 7.109955 ], [ -3.20695, 7.105259 ], [ -3.206677, 7.104358 ], [ -3.206403, 7.103454 ], [ -3.206271, 7.103001 ], [ -3.206139, 7.102543 ], [ -3.205935, 7.101767 ], [ -3.202242, 7.098114 ], [ -3.202085, 7.09779 ], [ -3.197438, 7.093032 ], [ -3.197061, 7.092921 ], [ -3.196675, 7.092806 ], [ -3.196339, 7.092689 ], [ -3.196048, 7.092559 ], [ -3.195749, 7.092425 ], [ -3.195444, 7.09227 ], [ -3.195129, 7.09211 ], [ -3.194846, 7.091942 ], [ -3.194596, 7.09174 ], [ -3.194354, 7.091544 ], [ -3.193761, 7.091113 ], [ -3.193163, 7.090679 ], [ -3.192591, 7.090239 ], [ -3.192012, 7.089794 ], [ -3.191526, 7.089386 ], [ -3.191046, 7.088982 ], [ -3.190764, 7.088763 ], [ -3.190488, 7.088547 ], [ -3.189969, 7.088169 ], [ -3.189442, 7.087785 ], [ -3.18923, 7.08761 ], [ -3.188336, 7.086939 ], [ -3.187451, 7.086275 ], [ -3.186781, 7.085835 ], [ -3.186116, 7.085398 ], [ -3.185495, 7.085016 ], [ -3.184879, 7.084637 ], [ -3.184384, 7.084355 ], [ -3.183891, 7.084075 ], [ -3.183127, 7.083661 ], [ -3.18212, 7.083161 ], [ -3.181679, 7.082953 ], [ -3.181223, 7.082738 ], [ -3.180787, 7.082482 ], [ -3.180355, 7.082228 ], [ -3.179724, 7.081877 ], [ -3.17639987492326, 7.080696665749961 ], [ -3.175736812926245, 7.080572500000201 ], [ -3.175611, 7.080549 ], [ -3.175211, 7.080488 ], [ -3.174801, 7.080426 ], [ -3.174583, 7.080379 ], [ -3.174344, 7.080327 ], [ -3.173752, 7.080126 ], [ -3.172463, 7.079766 ], [ -3.171749, 7.079604 ], [ -3.171829, 7.079253 ], [ -3.172543, 7.079415 ], [ -3.173257, 7.079578 ], [ -3.1778, 7.080571 ], [ -3.178013, 7.080627 ], [ -3.178205, 7.080679 ], [ -3.178585, 7.08086 ], [ -3.178934, 7.081029 ], [ -3.179105, 7.081121 ], [ -3.179268, 7.08121 ], [ -3.1799, 7.081562 ], [ -3.18053, 7.081913 ], [ -3.18251, 7.082919 ], [ -3.183299, 7.083344 ], [ -3.184062, 7.083758 ], [ -3.184561, 7.084042 ], [ -3.185057, 7.084324 ], [ -3.185684, 7.084709 ], [ -3.186305, 7.085091 ], [ -3.186979, 7.085534 ], [ -3.187649, 7.085975 ], [ -3.188552, 7.086651 ], [ -3.189446, 7.087322 ], [ -3.190181, 7.087878 ], [ -3.1907, 7.088256 ], [ -3.190986, 7.088479 ], [ -3.191267, 7.088698 ], [ -3.191758, 7.08911 ], [ -3.192244, 7.089519 ], [ -3.19281, 7.089953 ], [ -3.193383, 7.090393 ], [ -3.193972, 7.090822 ], [ -3.194566, 7.091253 ], [ -3.196195, 7.09223 ], [ -3.197163, 7.092575 ], [ -3.204722, 7.089344 ], [ -3.204958, 7.089072 ], [ -3.213258, 7.089874 ], [ -3.219665, 7.08357 ], [ -3.219768, 7.083284 ], [ -3.220117, 7.082487 ], [ -3.219216691270933, 7.077654178799788 ], [ -3.217465, 7.07322 ], [ -3.21719, 7.073016 ], [ -3.217405, 7.072727 ], [ -3.224331, 7.067534 ], [ -3.224340524446744, 7.06661745516333 ], [ -3.22434, 7.066616 ], [ -3.224361, 7.064573 ], [ -3.224382, 7.06253 ], [ -3.224407, 7.061796 ], [ -3.224431, 7.061067 ], [ -3.224431, 7.05709 ], [ -3.224432, 7.056221 ], [ -3.224433, 7.055352 ], [ -3.224763261021837, 7.055352 ], [ -3.225036, 7.052237 ], [ -3.225349, 7.05206 ], [ -3.227363, 7.051708 ], [ -3.227705, 7.051821 ], [ -3.231255, 7.058104 ], [ -3.231903, 7.059369 ], [ -3.231893, 7.059723 ], [ -3.231882, 7.060077 ], [ -3.231794, 7.061052 ], [ -3.230458, 7.062196 ], [ -3.229106, 7.063506 ], [ -3.227873, 7.072322 ], [ -3.231566, 7.073301 ], [ -3.232954, 7.074007 ], [ -3.239213, 7.077821 ], [ -3.247474, 7.076848 ], [ -3.249911, 7.073202 ], [ -3.252349, 7.069556 ], [ -3.254786, 7.06591 ], [ -3.257236, 7.062247 ], [ -3.257461, 7.061984 ], [ -3.257699, 7.061708 ], [ -3.257927, 7.061492 ], [ -3.258073, 7.061374 ], [ -3.258228, 7.061249 ], [ -3.258468, 7.061082 ], [ -3.258747, 7.06092 ], [ -3.259046, 7.060747 ], [ -3.259279, 7.060649 ], [ -3.259536, 7.060543 ], [ -3.259712, 7.060497 ], [ -3.2599, 7.060449 ], [ -3.260173, 7.060397 ], [ -3.260457, 7.060343 ], [ -3.262511, 7.060096 ], [ -3.268808, 7.057953 ], [ -3.271018, 7.055968 ], [ -3.271774, 7.05515 ], [ -3.272142, 7.054785 ], [ -3.272521, 7.05441 ], [ -3.273075, 7.053942 ], [ -3.273634, 7.053471 ], [ -3.276251, 7.051375 ], [ -3.275146, 7.043422 ], [ -3.274976, 7.043283 ], [ -3.272808, 7.041854 ], [ -3.272641, 7.041781 ], [ -3.272408, 7.041644 ], [ -3.272141, 7.041481 ], [ -3.271883, 7.041235 ], [ -3.271387, 7.040797 ], [ -3.271127, 7.040586 ], [ -3.27093, 7.040397 ], [ -3.270714, 7.040141 ], [ -3.270508736842093, 7.039897421052618 ], [ -3.270505, 7.039893 ], [ -3.270505006567164, 7.039892994459701 ], [ -3.270489, 7.039874 ], [ -3.270259, 7.039551 ], [ -3.270029, 7.039228 ], [ -3.270323, 7.039019 ], [ -3.274253, 7.041981 ], [ -3.274413, 7.042093 ], [ -3.274693, 7.042347 ], [ -3.27618, 7.043717 ], [ -3.276361, 7.043862 ], [ -3.284799, 7.044611 ], [ -3.286792, 7.043026 ], [ -3.288788, 7.041438 ], [ -3.289124, 7.041186 ], [ -3.289472, 7.040925 ], [ -3.289664, 7.040803 ], [ -3.289866, 7.0407 ], [ -3.290079, 7.040593 ], [ -3.29095, 7.040226 ], [ -3.291823, 7.039858 ], [ -3.299148091932994, 7.035490714860077 ], [ -3.299634, 7.035139 ], [ -3.301476301664484, 7.033805897133518 ], [ -3.301925, 7.033481 ], [ -3.30192510237692, 7.033481141678013 ], [ -3.302883, 7.032788 ], [ -3.302883250886078, 7.032788347197796 ], [ -3.303091, 7.032638 ], [ -3.304425, 7.031738 ], [ -3.305759, 7.030839 ], [ -3.30596, 7.031138 ], [ -3.304626, 7.032037 ], [ -3.303292, 7.032936 ], [ -3.303093670642948, 7.033079544207302 ], [ -3.303094, 7.03308 ], [ -3.300333707524043, 7.035077367685742 ], [ -3.299367, 7.035777 ], [ -3.296597, 7.037782 ], [ -3.296153, 7.038111 ], [ -3.295707, 7.038442 ] ] ], [ [ [ -2.90444836635519, 8.113627633511854 ], [ -2.901721, 8.110377 ], [ -2.901106, 8.109689 ], [ -2.900661, 8.109136 ], [ -2.90015, 8.108466 ], [ -2.898872, 8.106681 ], [ -2.897624, 8.104938 ], [ -2.891709, 8.099366 ], [ -2.888504, 8.098223 ], [ -2.885139, 8.097014 ], [ -2.882475, 8.096067 ], [ -2.879805, 8.095117 ], [ -2.877861, 8.094426 ], [ -2.876835, 8.093951 ], [ -2.875876, 8.093366 ], [ -2.875102, 8.09278 ], [ -2.874214, 8.091955 ], [ -2.872228, 8.089735 ], [ -2.870352, 8.087628 ], [ -2.869282, 8.086459 ], [ -2.86885, 8.086062 ], [ -2.868328, 8.08563 ], [ -2.867262, 8.084885 ], [ -2.865184, 8.083491 ], [ -2.857555, 8.088175 ], [ -2.859122, 8.093428 ], [ -2.860838, 8.094988 ], [ -2.86118, 8.095306 ], [ -2.862261, 8.09624 ], [ -2.862896, 8.096674 ], [ -2.863533, 8.097219 ], [ -2.864923, 8.098612 ], [ -2.866628098418463, 8.100392684243577 ], [ -2.867109, 8.100794 ], [ -2.86774, 8.101412 ], [ -2.868611, 8.102167 ], [ -2.869561, 8.103066 ], [ -2.867088, 8.105682 ], [ -2.866137, 8.104783 ], [ -2.865385, 8.104135 ], [ -2.864256, 8.103102 ], [ -2.864069359998657, 8.102908987396438 ], [ -2.864061, 8.102917 ], [ -2.862323, 8.101103 ], [ -2.859803, 8.098907 ], [ -2.859056, 8.098277 ], [ -2.858786, 8.098021 ], [ -2.857099, 8.096549 ], [ -2.856658, 8.096102 ], [ -2.855551, 8.094871 ], [ -2.854662, 8.09384 ], [ -2.850922, 8.090804 ], [ -2.8488, 8.089274 ], [ -2.848188, 8.088903 ], [ -2.847532, 8.088346 ], [ -2.846889, 8.087537 ], [ -2.84631, 8.086572 ], [ -2.845798, 8.085511 ], [ -2.845574, 8.085123 ], [ -2.84495, 8.0838 ], [ -2.844338, 8.082608 ], [ -2.844051, 8.081837 ], [ -2.843301, 8.079951 ], [ -2.843068, 8.07942 ], [ -2.841654, 8.075738 ], [ -2.840401, 8.074187 ], [ -2.838966, 8.072445 ], [ -2.834949, 8.070212 ], [ -2.829062, 8.073993 ], [ -2.829257, 8.077473 ], [ -2.830127, 8.081321 ], [ -2.831022, 8.085302 ], [ -2.831222, 8.087286 ], [ -2.83051, 8.09128 ], [ -2.829094, 8.093511 ], [ -2.827659, 8.097674 ], [ -2.827463, 8.098817 ], [ -2.826867, 8.102825 ], [ -2.829154, 8.109181 ], [ -2.829971, 8.110397 ], [ -2.830757, 8.111556 ], [ -2.83137, 8.112711 ], [ -2.828189, 8.114397 ], [ -2.82661, 8.111925 ], [ -2.825214, 8.110136 ], [ -2.824443, 8.109073 ], [ -2.824119, 8.10845 ], [ -2.823885, 8.107825 ], [ -2.823562, 8.106991 ], [ -2.82346, 8.106562 ], [ -2.823345, 8.105782 ], [ -2.823254, 8.105305 ], [ -2.823206, 8.104842 ], [ -2.823211, 8.104324 ], [ -2.82325, 8.103484 ], [ -2.823271, 8.102652 ], [ -2.823243, 8.101722 ], [ -2.82167, 8.097085 ], [ -2.82083, 8.095101 ], [ -2.819743, 8.092698 ], [ -2.819696, 8.092623 ], [ -2.819269, 8.091557 ], [ -2.818555, 8.09 ], [ -2.818436, 8.089783 ], [ -2.818082, 8.088958 ], [ -2.81763, 8.087686 ], [ -2.817528, 8.086581 ], [ -2.817607, 8.085218 ], [ -2.817243, 8.082901 ], [ -2.817407, 8.08098 ], [ -2.818075, 8.078636 ], [ -2.818051, 8.077267 ], [ -2.812443, 8.070537 ], [ -2.80763, 8.07466 ], [ -2.807397, 8.075518 ], [ -2.807328, 8.077883 ], [ -2.807343, 8.078124 ], [ -2.807328, 8.078559 ], [ -2.807315, 8.07943 ], [ -2.807295, 8.079569 ], [ -2.807166, 8.080549 ], [ -2.806658, 8.082722 ], [ -2.806589, 8.083369 ], [ -2.806541, 8.084097 ], [ -2.806389, 8.085126 ], [ -2.806369, 8.086117 ], [ -2.80633, 8.086666 ], [ -2.806207, 8.087495 ], [ -2.806156, 8.088482 ], [ -2.80599, 8.08895 ], [ -2.805197, 8.091029 ], [ -2.805026, 8.092487 ], [ -2.805203, 8.094306 ], [ -2.805348, 8.095437 ], [ -2.805395, 8.095902 ], [ -2.805555, 8.097106 ], [ -2.805585, 8.097506 ], [ -2.805726, 8.098471 ], [ -2.805844, 8.099657 ], [ -2.805778, 8.100875 ], [ -2.805631, 8.101588 ], [ -2.805366, 8.102372 ], [ -2.805179, 8.102687 ], [ -2.802981, 8.108442 ], [ -2.799948, 8.110382 ], [ -2.799477, 8.109646 ], [ -2.799256, 8.109247 ], [ -2.799019, 8.108677 ], [ -2.798954, 8.10848 ], [ -2.798919, 8.10835 ], [ -2.798702, 8.107558 ], [ -2.798835, 8.105904 ], [ -2.799289, 8.104579 ], [ -2.799367180807867, 8.104415492826556 ], [ -2.79936, 8.104412 ], [ -2.799847, 8.103412 ], [ -2.801664, 8.09522 ], [ -2.801507, 8.094223 ], [ -2.801406, 8.093683 ], [ -2.801361, 8.093239 ], [ -2.80135, 8.092703 ], [ -2.801422, 8.091773 ], [ -2.801432, 8.091327 ], [ -2.801688, 8.09 ], [ -2.801773, 8.089453 ], [ -2.80193, 8.088992 ], [ -2.802761, 8.085519 ], [ -2.802797, 8.084884 ], [ -2.802985, 8.083251 ], [ -2.802994, 8.083168 ], [ -2.803096, 8.0822 ], [ -2.803123, 8.081623 ], [ -2.8036, 8.079629 ], [ -2.803681, 8.078842 ], [ -2.803565, 8.07703 ], [ -2.803578, 8.076108 ], [ -2.79977, 8.070047 ], [ -2.796163, 8.069807 ], [ -2.793797, 8.07097 ], [ -2.789922, 8.073023 ], [ -2.787932, 8.075112 ], [ -2.785162, 8.078129 ], [ -2.782414, 8.081122 ], [ -2.780622, 8.083146 ], [ -2.777863, 8.088034 ], [ -2.777486, 8.089362 ], [ -2.776992, 8.091661 ], [ -2.776296, 8.093875 ], [ -2.77271, 8.093552 ], [ -2.772781, 8.092767 ], [ -2.772816302608814, 8.092572475420823 ], [ -2.772809, 8.092571 ], [ -2.772879, 8.092227 ], [ -2.773075, 8.091596 ], [ -2.773957, 8.088646 ], [ -2.774447, 8.086651 ], [ -2.774641, 8.085988 ], [ -2.774902, 8.08531 ], [ -2.775363, 8.084281 ], [ -2.771957, 8.0765 ], [ -2.771137, 8.076177 ], [ -2.770676, 8.075921 ], [ -2.770144, 8.075506 ], [ -2.76118, 8.07479 ], [ -2.758858, 8.076311 ], [ -2.756565, 8.077812 ], [ -2.754496, 8.079225 ], [ -2.752013, 8.085465 ], [ -2.755444, 8.091059 ], [ -2.756788, 8.092017 ], [ -2.757485, 8.092551 ], [ -2.75902, 8.093638 ], [ -2.757186, 8.096736 ], [ -2.756184, 8.096143 ], [ -2.75514, 8.095282 ], [ -2.754608, 8.094882 ], [ -2.753356, 8.093991 ], [ -2.752605, 8.09351 ], [ -2.751998, 8.093108 ], [ -2.751236, 8.092596 ], [ -2.750617, 8.092115 ], [ -2.749068, 8.090925 ], [ -2.742678, 8.089456 ], [ -2.739633, 8.09224 ], [ -2.736729, 8.094894 ], [ -2.733826, 8.097548 ], [ -2.731397, 8.094891 ], [ -2.734301, 8.092237 ], [ -2.731566, 8.085155 ], [ -2.729794, 8.083901 ], [ -2.729355, 8.083069 ], [ -2.72889, 8.081819 ], [ -2.729039, 8.081334 ], [ -2.730867, 8.08025 ], [ -2.734582, 8.078438 ], [ -2.735992, 8.078778 ], [ -2.737097, 8.07956 ], [ -2.739292, 8.080688 ], [ -2.74028, 8.081066 ], [ -2.746499974064645, 8.080183943696898 ], [ -2.749107, 8.078677 ], [ -2.750303, 8.077733 ], [ -2.752466, 8.076252 ], [ -2.754534, 8.074839 ], [ -2.756885, 8.073299 ], [ -2.759207, 8.071779 ], [ -2.760528, 8.07073 ], [ -2.761976, 8.06959 ], [ -2.763426, 8.068466 ], [ -2.764865, 8.06735 ], [ -2.765803, 8.066584 ], [ -2.766978, 8.06566 ], [ -2.768157, 8.064706 ], [ -2.768746, 8.064176 ], [ -2.770588, 8.062309 ], [ -2.769278, 8.054202 ], [ -2.768313, 8.053236 ], [ -2.770859, 8.045067 ], [ -2.76564, 8.043776 ], [ -2.763996, 8.043366 ], [ -2.762906, 8.042969 ], [ -2.761919, 8.042677 ], [ -2.761457, 8.042506 ], [ -2.761008, 8.042316 ], [ -2.75665, 8.040656 ], [ -2.754099, 8.039992 ], [ -2.752865, 8.039798 ], [ -2.74789, 8.039785 ], [ -2.740893, 8.042028 ], [ -2.740297, 8.042229 ], [ -2.73988, 8.042296 ], [ -2.739262, 8.042341 ], [ -2.738869, 8.042341 ], [ -2.738012, 8.042262 ], [ -2.737453, 8.042119 ], [ -2.736238, 8.041687 ], [ -2.73395, 8.040799 ], [ -2.731489, 8.039788 ], [ -2.732858, 8.036458 ], [ -2.735319, 8.03747 ], [ -2.74204, 8.036579 ], [ -2.742703, 8.036317 ], [ -2.743379, 8.036218 ], [ -2.744726, 8.036238 ], [ -2.748228, 8.036078 ], [ -2.74964, 8.035874 ], [ -2.750325, 8.035817 ], [ -2.750847, 8.035821 ], [ -2.751295, 8.035858 ], [ -2.753513, 8.036256 ], [ -2.754659, 8.036436 ], [ -2.757546, 8.03717 ], [ -2.759558, 8.037725 ], [ -2.76003, 8.037881 ], [ -2.762551, 8.039063 ], [ -2.763914, 8.039513 ], [ -2.765217, 8.039979 ], [ -2.766491, 8.040278 ], [ -2.771557, 8.041535 ], [ -2.772702, 8.041763 ], [ -2.773107, 8.041847 ], [ -2.773538, 8.041966 ], [ -2.776555, 8.042225 ], [ -2.779599, 8.041842 ], [ -2.780441, 8.041741 ], [ -2.78131, 8.041578 ], [ -2.783556, 8.040905 ], [ -2.782473, 8.032175 ], [ -2.78211, 8.031635 ], [ -2.781779, 8.024533 ], [ -2.779314, 8.022215 ], [ -2.778276, 8.021262 ], [ -2.777846, 8.020841 ], [ -2.777176, 8.020254 ], [ -2.775906, 8.019096 ], [ -2.774686, 8.01811 ], [ -2.774034, 8.017574 ], [ -2.77348, 8.017091 ], [ -2.770703, 8.014802 ], [ -2.767929, 8.012515 ], [ -2.766236, 8.011124 ], [ -2.765614, 8.010635 ], [ -2.763144, 8.008597 ], [ -2.760667, 8.006587 ], [ -2.759933, 8.006017 ], [ -2.759296, 8.005494 ], [ -2.758581, 8.004932 ], [ -2.758, 8.00444 ], [ -2.75757, 8.0041 ], [ -2.757272, 8.003797 ], [ -2.756923, 8.003369 ], [ -2.752421, 7.998746 ], [ -2.745918, 7.996563 ], [ -2.745491, 7.996236 ], [ -2.743494, 7.993974 ], [ -2.742689, 7.99258 ], [ -2.742722, 7.99045 ], [ -2.742926, 7.990144 ], [ -2.743073, 7.989953 ], [ -2.744581, 7.989517 ], [ -2.74717, 7.989783 ], [ -2.748203, 7.990147 ], [ -2.74836, 7.990265 ], [ -2.754277, 7.995661 ], [ -2.754541203796576, 7.995833220818264 ], [ -2.754542, 7.995832 ], [ -2.756414, 7.997054 ], [ -2.756772, 7.997308 ], [ -2.757199, 7.997677 ], [ -2.757561, 7.998044 ], [ -2.758238, 7.998892 ], [ -2.762873, 8.003742 ], [ -2.765412, 8.005802 ], [ -2.767905, 8.007858 ], [ -2.768457, 8.00829 ], [ -2.770214, 8.009734 ], [ -2.772993, 8.012025 ], [ -2.77577, 8.014314 ], [ -2.776396, 8.014857 ], [ -2.776971, 8.015328 ], [ -2.778168, 8.016296 ], [ -2.779597, 8.01759 ], [ -2.780217, 8.018131 ], [ -2.780784, 8.01868 ], [ -2.781747, 8.019561 ], [ -2.787251, 8.022006 ], [ -2.78763, 8.022034 ], [ -2.788166, 8.022197 ], [ -2.794089, 8.015837 ], [ -2.793771, 8.015087 ], [ -2.793689, 8.014677 ], [ -2.793571, 8.01334 ], [ -2.793564, 8.012984 ], [ -2.793267, 8.010602 ], [ -2.793177, 8.01015 ], [ -2.793095832365402, 8.009101666213384 ], [ -2.792509, 8.006421 ], [ -2.792203, 8.00517 ], [ -2.792171, 8.004397 ], [ -2.792225, 8.002365 ], [ -2.795824, 8.002462 ], [ -2.79637, 8.006548 ], [ -2.796484, 8.006985 ], [ -2.796554, 8.007663 ], [ -2.79668, 8.008761 ], [ -2.797023, 8.010304 ], [ -2.797179, 8.011999 ], [ -2.797772, 8.015085 ], [ -2.79826, 8.016297 ], [ -2.798517, 8.017176 ], [ -2.79875, 8.018087 ], [ -2.798902, 8.018591 ], [ -2.798686, 8.021296 ], [ -2.807645, 8.02126 ], [ -2.807844, 8.017107 ], [ -2.80986, 8.014124 ], [ -2.81749, 8.010367 ], [ -2.818283, 8.007806 ], [ -2.818658, 8.006736 ], [ -2.821084, 8.000018 ], [ -2.821218, 7.999366 ], [ -2.821494, 7.99829 ], [ -2.821635, 7.99794 ], [ -2.822132, 7.996535 ], [ -2.82308, 7.994231 ], [ -2.823885, 7.992457 ], [ -2.824626, 7.990792 ], [ -2.825421, 7.989456 ], [ -2.829611, 7.982776 ], [ -2.830365, 7.981274 ], [ -2.832009, 7.979016 ], [ -2.836398, 7.973299 ], [ -2.836755, 7.972887 ], [ -2.840637, 7.968709 ], [ -2.84387, 7.970292 ], [ -2.843278, 7.971502 ], [ -2.841942, 7.973339 ], [ -2.838397, 7.977528 ], [ -2.8376, 7.978409 ], [ -2.834812, 7.981274 ], [ -2.832855, 7.984336 ], [ -2.831713, 7.98685 ], [ -2.831199, 7.98804 ], [ -2.829555, 7.990123 ], [ -2.827754, 7.992575 ], [ -2.827183, 7.993903 ], [ -2.826358, 7.99572 ], [ -2.825463, 7.997903 ], [ -2.825031, 7.999136 ], [ -2.824609, 8.001002 ], [ -2.828766, 8.008824 ], [ -2.830363, 8.008623 ], [ -2.831702, 8.008155 ], [ -2.834639, 8.007485 ], [ -2.836561, 8.007049 ], [ -2.838482, 8.006613 ], [ -2.839589, 8.006364 ], [ -2.841559, 8.005818 ], [ -2.84456, 8.004862 ], [ -2.845945, 8.004364 ], [ -2.847914, 8.003603 ], [ -2.850637, 8.002611 ], [ -2.855338, 8.001259 ], [ -2.858678, 8.000356 ], [ -2.866203, 7.996708 ], [ -2.867358, 7.989512 ], [ -2.866639, 7.988276 ], [ -2.869751, 7.986466 ], [ -2.87047, 7.987701 ], [ -2.871269, 7.989027 ], [ -2.871608, 7.989637 ], [ -2.872627, 7.991276 ], [ -2.872680595946775, 7.991366239820929 ], [ -2.872681, 7.991366 ], [ -2.873566, 7.992857 ], [ -2.881994, 7.990688 ], [ -2.881637, 7.988791 ], [ -2.881063, 7.986877 ], [ -2.880985, 7.986162 ], [ -2.880979, 7.985378 ], [ -2.881015, 7.984819 ], [ -2.881038, 7.983694 ], [ -2.884629, 7.983447 ], [ -2.884677, 7.984141 ], [ -2.884645, 7.984848 ], [ -2.885187, 7.987934 ], [ -2.885309, 7.988244 ], [ -2.885438, 7.988731 ], [ -2.885507, 7.989217 ], [ -2.885587, 7.990469 ], [ -2.885795, 7.991627 ], [ -2.885842, 7.99198 ], [ -2.887404, 7.995791 ], [ -2.894807, 7.998254 ], [ -2.898857, 7.990303 ], [ -2.898688, 7.989565 ], [ -2.898532, 7.988909 ], [ -2.898301, 7.988159 ], [ -2.898272, 7.987764 ], [ -2.899833, 7.985435 ], [ -2.900697, 7.984405 ], [ -2.902152, 7.985085 ], [ -2.909784, 7.98669 ], [ -2.911382, 7.985358 ], [ -2.912944, 7.984057 ], [ -2.914125, 7.983023 ], [ -2.915158, 7.98203 ], [ -2.916202, 7.980874 ], [ -2.917337, 7.979372 ], [ -2.91889, 7.976885 ], [ -2.921944, 7.978792 ], [ -2.920391, 7.981279 ], [ -2.919781, 7.98219 ], [ -2.918965, 7.983183 ], [ -2.914678, 7.989791 ], [ -2.91389, 7.990456 ], [ -2.913279, 7.990797 ], [ -2.906567, 7.994049 ], [ -2.90437, 7.995859 ], [ -2.902035, 8.003395 ], [ -2.902156, 8.004437 ], [ -2.902315, 8.005461 ], [ -2.902409, 8.005894 ], [ -2.902491, 8.006661 ], [ -2.902763, 8.008545 ], [ -2.903216, 8.010401 ], [ -2.903407, 8.011272 ], [ -2.903443, 8.011816 ], [ -2.903349, 8.013421 ], [ -2.899755, 8.013211 ], [ -2.899365, 8.010204 ], [ -2.899254, 8.009781 ], [ -2.89906, 8.008678 ], [ -2.898935, 8.00801 ], [ -2.892059, 8.002837 ], [ -2.886825, 8.006653 ], [ -2.885465, 8.009094 ], [ -2.885460979737812, 8.009092455769567 ], [ -2.885406, 8.009233 ], [ -2.885153, 8.009739 ], [ -2.88418, 8.013986 ], [ -2.884182, 8.014485 ], [ -2.88471, 8.017132 ], [ -2.884868, 8.017817 ], [ -2.884859, 8.018366 ], [ -2.884779, 8.018812 ], [ -2.884582, 8.01938 ], [ -2.8842, 8.019977 ], [ -2.884123, 8.02006 ], [ -2.884053, 8.020135 ], [ -2.882516, 8.020626 ], [ -2.882291, 8.020559 ], [ -2.881284, 8.018238 ], [ -2.880702, 8.016843 ], [ -2.878168, 8.013067 ], [ -2.87811, 8.010241 ], [ -2.878414, 8.009475 ], [ -2.875086, 8.002978 ], [ -2.867589, 8.007825 ], [ -2.867483, 8.008578 ], [ -2.867162, 8.010138 ], [ -2.863574, 8.009849 ], [ -2.856277, 8.004734 ], [ -2.851653, 8.006064 ], [ -2.849151, 8.006984 ], [ -2.847242, 8.007722 ], [ -2.845779, 8.008249 ], [ -2.842653, 8.009248 ], [ -2.840552, 8.009833 ], [ -2.839279, 8.010124 ], [ -2.837357, 8.01056 ], [ -2.835436, 8.010996 ], [ -2.832502, 8.011665 ], [ -2.829566, 8.012334 ], [ -2.82657, 8.013028 ], [ -2.823326, 8.020896 ], [ -2.825276, 8.022015 ], [ -2.827891, 8.025592 ], [ -2.827001, 8.026579 ], [ -2.823405, 8.026738 ], [ -2.82013, 8.03344 ], [ -2.8257, 8.037843 ], [ -2.828161, 8.037455 ], [ -2.828926, 8.03716 ], [ -2.829245, 8.037018 ], [ -2.830226, 8.036711 ], [ -2.830696, 8.036658 ], [ -2.8324, 8.036547 ], [ -2.833069, 8.036528 ], [ -2.83399, 8.036391 ], [ -2.835009, 8.036275 ], [ -2.836467, 8.036089 ], [ -2.838297, 8.035919 ], [ -2.839236, 8.036009 ], [ -2.840023, 8.03619 ], [ -2.84143, 8.036516 ], [ -2.841935, 8.036623 ], [ -2.84252, 8.036795 ], [ -2.848568, 8.035478 ], [ -2.850847, 8.032147 ], [ -2.851161, 8.030861 ], [ -2.851320608061439, 8.030652293755598 ], [ -2.851325, 8.030637 ], [ -2.85133436105553, 8.030634310104144 ], [ -2.852185, 8.029522 ], [ -2.852468, 8.029242 ], [ -2.852488, 8.029231 ], [ -2.854313, 8.029123 ], [ -2.857762, 8.028547 ], [ -2.858101, 8.028464 ], [ -2.858101669513044, 8.028466727992541 ], [ -2.858219, 8.028439 ], [ -2.859423, 8.028226 ], [ -2.860138, 8.028146 ], [ -2.8624, 8.028112 ], [ -2.862454, 8.031711 ], [ -2.856501, 8.033623 ], [ -2.855561, 8.034392 ], [ -2.853225, 8.036248 ], [ -2.852352, 8.036989 ], [ -2.850894, 8.038225 ], [ -2.849729, 8.03935 ], [ -2.852901, 8.047155 ], [ -2.853636, 8.047331 ], [ -2.853976, 8.047494 ], [ -2.85964, 8.047843 ], [ -2.861332, 8.047189 ], [ -2.862406, 8.047177 ], [ -2.863011, 8.047434 ], [ -2.865337, 8.048424 ], [ -2.866448, 8.048686 ], [ -2.866816, 8.048761 ], [ -2.867537, 8.048875 ], [ -2.868839, 8.049111 ], [ -2.87028, 8.049317 ], [ -2.872725, 8.049788 ], [ -2.872044, 8.053323 ], [ -2.879467, 8.056283 ], [ -2.882879, 8.055134 ], [ -2.883525, 8.057052 ], [ -2.883701, 8.057692 ], [ -2.883779, 8.058097 ], [ -2.883788, 8.05874 ], [ -2.883596, 8.059648 ], [ -2.883389, 8.060219 ], [ -2.882624, 8.061606 ], [ -2.882395, 8.062057 ], [ -2.881898, 8.062684 ], [ -2.881343754951275, 8.063040353527972 ], [ -2.881357, 8.063069 ], [ -2.881153, 8.063163 ], [ -2.879885, 8.063629 ], [ -2.87773, 8.064431 ], [ -2.87516, 8.072743 ], [ -2.874435578426755, 8.073467421573245 ], [ -2.876411, 8.079772 ], [ -2.881097038124051, 8.083129132184057 ], [ -2.882708, 8.082537 ], [ -2.882961, 8.083226 ], [ -2.883443, 8.084523 ], [ -2.883511876137997, 8.084859150208088 ], [ -2.883534, 8.084875 ], [ -2.883602, 8.085299 ], [ -2.883673, 8.086451 ], [ -2.883708, 8.087067 ], [ -2.88376, 8.087564 ], [ -2.883801, 8.088208 ], [ -2.889722, 8.094836 ], [ -2.893247, 8.096112 ], [ -2.894534, 8.096732 ], [ -2.89562, 8.097402 ], [ -2.896552, 8.098085 ], [ -2.897246, 8.0987 ], [ -2.898024, 8.099472 ], [ -2.898663, 8.100223 ], [ -2.900551, 8.102843 ], [ -2.901799, 8.104586 ], [ -2.90714, 8.110565 ], [ -2.907864, 8.111387 ], [ -2.908472, 8.112207 ], [ -2.912681, 8.117724 ], [ -2.91531, 8.123477 ], [ -2.912643, 8.125894 ], [ -2.910856, 8.123923 ], [ -2.908687, 8.121422 ], [ -2.907465, 8.118018 ], [ -2.90444836635519, 8.113627633511854 ] ] ], [ [ [ -5.157071, 7.691072 ], [ -5.150625750434922, 7.69053019973054 ], [ -5.143961, 7.692691 ], [ -5.141076, 7.694844 ], [ -5.140393, 7.693929 ], [ -5.140336265315224, 7.693847813257071 ], [ -5.140336, 7.693848 ], [ -5.139625, 7.69283 ], [ -5.139538723673309, 7.692653510784184 ], [ -5.136202494567722, 7.692859000080074 ], [ -5.136160238672659, 7.692862077405765 ], [ -5.13488128962087, 7.692978855193685 ], [ -5.134596, 7.693013 ], [ -5.13458449355994, 7.693005954934218 ], [ -5.134584, 7.693006 ], [ -5.13454150685731, 7.692979963087636 ], [ -5.134541, 7.69298 ], [ -5.13383, 7.692544 ], [ -5.133707927536429, 7.692456021611327 ], [ -5.133699, 7.692456 ], [ -5.125369460108512, 7.695342444625076 ], [ -5.125340021967499, 7.695380971250439 ], [ -5.125439, 7.69809 ], [ -5.12545, 7.698725 ], [ -5.125434, 7.699611 ], [ -5.125378, 7.700021 ], [ -5.125368897342182, 7.70003850745301 ], [ -5.125344, 7.700202 ], [ -5.125209, 7.700729 ], [ -5.124982, 7.701343 ], [ -5.123948, 7.705425 ], [ -5.123573, 7.707919 ], [ -5.123378546007834, 7.714814980795581 ], [ -5.123890273789457, 7.716031759120402 ], [ -5.126127, 7.717627 ], [ -5.126725, 7.717808 ], [ -5.126929, 7.717892 ], [ -5.125563, 7.721223 ], [ -5.124488, 7.722341 ], [ -5.123974, 7.72268 ], [ -5.122716, 7.722979 ], [ -5.122397, 7.72301 ], [ -5.116604, 7.729582 ], [ -5.116762, 7.730098 ], [ -5.116794, 7.730332 ], [ -5.116761, 7.730933 ], [ -5.116723, 7.731153 ], [ -5.114219, 7.731682 ], [ -5.111068, 7.731377 ], [ -5.104141, 7.736272 ], [ -5.103528, 7.737527 ], [ -5.1028, 7.739342 ], [ -5.102113, 7.746209 ], [ -5.104048, 7.75069 ], [ -5.100856, 7.757547 ], [ -5.097256, 7.757614 ], [ -5.097225, 7.755921 ], [ -5.097115, 7.754091 ], [ -5.097053, 7.752725 ], [ -5.096218942580502, 7.750679154515324 ], [ -5.095896, 7.750684 ], [ -5.090901731713226, 7.747425575556349 ], [ -5.090023, 7.747089 ], [ -5.088169, 7.743573 ], [ -5.08767518614052, 7.742886161951336 ], [ -5.085243620851423, 7.739655441972714 ], [ -5.081081, 7.73592 ], [ -5.081004, 7.735024 ], [ -5.082758, 7.732734 ], [ -5.084165, 7.727636 ], [ -5.083572, 7.725118 ], [ -5.075586, 7.723835 ], [ -5.073018, 7.730568 ], [ -5.072684, 7.731258 ], [ -5.068909, 7.735901 ], [ -5.066121, 7.739578 ], [ -5.065451, 7.740339 ], [ -5.065382, 7.740418 ], [ -5.05949, 7.744792 ], [ -5.056251, 7.749469 ], [ -5.054561, 7.754472 ], [ -5.057588, 7.76194 ], [ -5.058962, 7.763462 ], [ -5.05940344483324, 7.76441748153909 ], [ -5.06226, 7.770178 ], [ -5.062493, 7.771388 ], [ -5.062508, 7.771815 ], [ -5.061974, 7.773696 ], [ -5.056177, 7.780567 ], [ -5.05571, 7.784838 ], [ -5.053951, 7.787978 ], [ -5.052558, 7.787319 ], [ -5.051166, 7.786522 ], [ -5.044354, 7.79096 ], [ -5.044957, 7.793038 ], [ -5.045566, 7.795139 ], [ -5.04644, 7.798324 ], [ -5.046828, 7.799441 ], [ -5.047303, 7.801246 ], [ -5.048582, 7.805595 ], [ -5.049477, 7.808556 ], [ -5.050412, 7.811695 ], [ -5.051317, 7.814815 ], [ -5.051497, 7.815486 ], [ -5.051655, 7.816224 ], [ -5.051839, 7.817442 ], [ -5.054912125090498, 7.818318789415458 ], [ -5.060896298015005, 7.817822058270008 ], [ -5.061487, 7.815833 ], [ -5.061487347370718, 7.815833103174437 ], [ -5.061504, 7.815777 ], [ -5.061504492093022, 7.815777146159185 ], [ -5.061564, 7.815577 ], [ -5.061951, 7.814383 ], [ -5.065375, 7.815494 ], [ -5.065373438502191, 7.815498817644404 ], [ -5.065374, 7.815499 ], [ -5.064988, 7.816688 ], [ -5.064954249754273, 7.816801777165497 ], [ -5.064955, 7.816802 ], [ -5.064370948073792, 7.818768725102418 ], [ -5.064331871462931, 7.819314394544566 ], [ -5.064082, 7.826571 ], [ -5.063969123792019, 7.827119211445375 ], [ -5.064749, 7.830001 ], [ -5.064542, 7.830066 ], [ -5.058014, 7.833828 ], [ -5.056308, 7.836846 ], [ -5.056281, 7.842972 ], [ -5.05683, 7.845565 ], [ -5.056821893293049, 7.845676651463923 ], [ -5.056822, 7.845677 ], [ -5.056808, 7.845868 ], [ -5.056509511704145, 7.847348330373443 ], [ -5.055923, 7.851752 ], [ -5.056264, 7.856957 ], [ -5.056689, 7.858853 ], [ -5.056962186991994, 7.860075254065591 ], [ -5.057152, 7.860923 ], [ -5.057151820548248, 7.860923040150605 ], [ -5.057177029219909, 7.861035651425648 ], [ -5.058357, 7.866181 ], [ -5.058397, 7.866353 ], [ -5.058396528450604, 7.866353303502635 ], [ -5.058435, 7.866521 ], [ -5.05562, 7.868141 ], [ -5.055619605885957, 7.868140610034525 ], [ -5.055619, 7.868141 ], [ -5.055335, 7.867859 ], [ -5.054925, 7.867321 ], [ -5.05488635914843, 7.867152565518797 ], [ -5.054886, 7.867152 ], [ -5.054847, 7.866981 ], [ -5.054492005723659, 7.865432747651923 ], [ -5.054473, 7.865437 ], [ -5.054157193334037, 7.864025956743367 ], [ -5.054157, 7.864026 ], [ -5.053850143702135, 7.862654967807122 ], [ -5.05385, 7.862655 ], [ -5.05372946919799, 7.862115794809226 ], [ -5.053685123288001, 7.861917657535717 ], [ -5.053607629632134, 7.861571703714884 ], [ -5.053577, 7.861435 ], [ -5.053568571427861, 7.861397336731521 ], [ -5.053562, 7.861368 ], [ -5.053386648648514, 7.860584432431831 ], [ -5.05327, 7.860064 ], [ -5.053248987854161, 7.859970072874091 ], [ -5.053175, 7.85964 ], [ -5.052751, 7.857744 ], [ -5.052638399102337, 7.857247909403429 ], [ -5.052638, 7.857248 ], [ -5.051893, 7.853964 ], [ -5.051148, 7.850681 ], [ -5.050167, 7.846361 ], [ -5.043691, 7.840819 ], [ -5.041645, 7.841825 ], [ -5.041359, 7.841716 ], [ -5.040251, 7.841322 ], [ -5.04009, 7.84127 ], [ -5.04008951583067, 7.841269305165798 ], [ -5.040061, 7.84126 ], [ -5.038336, 7.838763 ], [ -5.036566, 7.835627 ], [ -5.037802378592036, 7.834346785261268 ], [ -5.040199258765327, 7.831803289135581 ], [ -5.040363, 7.831601 ], [ -5.040478, 7.831347 ], [ -5.040489, 7.831322 ], [ -5.040692, 7.830853 ], [ -5.040696459172352, 7.830851564411988 ], [ -5.040702, 7.830839 ], [ -5.040867, 7.830394 ], [ -5.041884, 7.830022 ], [ -5.045362836907902, 7.827302668441766 ], [ -5.0456, 7.826549 ], [ -5.048371, 7.821034 ], [ -5.048407, 7.820179 ], [ -5.0484, 7.819569 ], [ -5.048352, 7.818771 ], [ -5.048255, 7.817789 ], [ -5.048096, 7.81677 ], [ -5.04798, 7.816253 ], [ -5.047843, 7.81576 ], [ -5.046954, 7.812698 ], [ -5.039108, 7.810703 ], [ -5.037696, 7.811709 ], [ -5.034814, 7.815831 ], [ -5.034665, 7.81647 ], [ -5.03466471635882, 7.816469933984254 ], [ -5.034664, 7.816473 ], [ -5.034658618721449, 7.816471747540417 ], [ -5.03462, 7.816631 ], [ -5.034503, 7.816988 ], [ -5.034499835201975, 7.816986959873398 ], [ -5.034461, 7.817102 ], [ -5.034355, 7.817365 ], [ -5.034348644815301, 7.817362433556329 ], [ -5.034266, 7.817554 ], [ -5.034028, 7.817958 ], [ -5.033603, 7.818454 ], [ -5.03344, 7.818591 ], [ -5.033432564212049, 7.818582217748734 ], [ -5.033167, 7.818782 ], [ -5.032422, 7.819205 ], [ -5.032421873405164, 7.819204777267095 ], [ -5.031538, 7.819732 ], [ -5.029696, 7.816639 ], [ -5.031919, 7.812154 ], [ -5.032172, 7.811637 ], [ -5.032358, 7.81132 ], [ -5.032532, 7.811044 ], [ -5.032919, 7.81055 ], [ -5.033198, 7.810267 ], [ -5.033524, 7.810021 ], [ -5.033659746014127, 7.809942150830078 ], [ -5.033658, 7.809939 ], [ -5.033827, 7.809845 ], [ -5.035371, 7.808908 ], [ -5.037009, 7.807778 ], [ -5.038071, 7.807089 ], [ -5.039919, 7.805761 ], [ -5.041696, 7.803459 ], [ -5.042096, 7.796097 ], [ -5.041499, 7.794041 ], [ -5.040897, 7.791963 ], [ -5.040049, 7.788437 ], [ -5.039663, 7.786681 ], [ -5.038973, 7.783701 ], [ -5.038373, 7.781284 ], [ -5.03792, 7.779087 ], [ -5.032698, 7.772078 ], [ -5.03133, 7.768126 ], [ -5.02299, 7.766425 ], [ -5.021646, 7.767561 ], [ -5.020618, 7.768347 ], [ -5.019322, 7.769129 ], [ -5.018068, 7.7696 ], [ -5.016507, 7.769961 ], [ -5.014919, 7.770263 ], [ -5.013038, 7.770594 ], [ -5.013036803682316, 7.7705872016947 ], [ -5.012858, 7.770618 ], [ -5.012004, 7.770588 ], [ -5.010982, 7.769946 ], [ -5.008152, 7.767787 ], [ -5.007105, 7.764342 ], [ -5.008061, 7.764052 ], [ -5.008228767354217, 7.76401446815342 ], [ -5.008229, 7.764009 ], [ -5.008508, 7.763952 ], [ -5.008961, 7.763897 ], [ -5.012306, 7.755573 ], [ -5.010998, 7.754728 ], [ -5.009986, 7.75403 ], [ -5.009989565166464, 7.754019494305389 ], [ -5.009763, 7.753882 ], [ -5.009625, 7.753775 ], [ -5.009629957966644, 7.753764895293556 ], [ -5.009379, 7.753544 ], [ -5.009276, 7.753428 ], [ -5.009288125483837, 7.753410657981187 ], [ -5.009073, 7.753095 ], [ -5.008979, 7.752966 ], [ -5.009759, 7.750193 ], [ -5.009874017355031, 7.742583793991543 ], [ -5.008987724186905, 7.742529029717628 ], [ -5.002756, 7.744765 ], [ -4.999165, 7.744503 ], [ -4.997774225509273, 7.740804891996532 ], [ -4.997100933571041, 7.740499344752815 ], [ -4.99164773732421, 7.738973178155415 ], [ -4.98965, 7.739279 ], [ -4.986588, 7.7455 ], [ -4.986897, 7.747314 ], [ -4.989243771989579, 7.751440714025756 ], [ -4.995513, 7.753446 ], [ -4.996826, 7.754856 ], [ -4.998009, 7.75604 ], [ -4.997605, 7.756428 ], [ -4.996637, 7.757313 ], [ -4.996498, 7.757456 ], [ -4.995987, 7.757884 ], [ -4.995697, 7.758077 ], [ -4.995179, 7.758291 ], [ -4.994774477236882, 7.758344407108779 ], [ -4.994777, 7.758371 ], [ -4.994058, 7.758439 ], [ -4.993243, 7.758494 ], [ -4.991688, 7.758673 ], [ -4.991223, 7.758681 ], [ -4.984749, 7.764877 ], [ -4.98476, 7.766517 ], [ -4.984757833111917, 7.766517014445921 ], [ -4.984758, 7.766548 ], [ -4.984987, 7.767911 ], [ -4.981482, 7.768734 ], [ -4.977251, 7.766145 ], [ -4.976396, 7.765379 ], [ -4.96826, 7.76219 ], [ -4.963242, 7.767328 ], [ -4.959669, 7.767768 ], [ -4.959375, 7.76538 ], [ -4.95937, 7.764855 ], [ -4.95945900847679, 7.764153613202891 ], [ -4.95649, 7.760001 ], [ -4.957841, 7.756664 ], [ -4.959114, 7.75718 ], [ -4.966892, 7.754099 ], [ -4.968331, 7.751909 ], [ -4.969678, 7.749938 ], [ -4.970239, 7.743437 ], [ -4.962765, 7.740288 ], [ -4.961541, 7.740573 ], [ -4.958312, 7.741507 ], [ -4.955372, 7.742367 ], [ -4.954148, 7.742731 ], [ -4.95218, 7.74334 ], [ -4.949779, 7.744465 ], [ -4.948412, 7.74518 ], [ -4.945949, 7.746547 ], [ -4.943983, 7.747679 ], [ -4.941646, 7.748888 ], [ -4.935934, 7.754071 ], [ -4.934859, 7.755769 ], [ -4.934265, 7.756605 ], [ -4.931678, 7.760317 ], [ -4.930215, 7.761411 ], [ -4.929605, 7.76191 ], [ -4.928949, 7.762412 ], [ -4.928945807724672, 7.762407835465474 ], [ -4.928743, 7.762561 ], [ -4.928032, 7.763011 ], [ -4.928030929819814, 7.763009311147926 ], [ -4.927844, 7.763127 ], [ -4.927053, 7.763561 ], [ -4.927050796699629, 7.763556991111495 ], [ -4.92687, 7.763655 ], [ -4.92634, 7.763894 ], [ -4.926339125405677, 7.76389371050724 ], [ -4.926145, 7.763981 ], [ -4.925445, 7.764267 ], [ -4.924771, 7.764511 ], [ -4.924770911273928, 7.764510755298267 ], [ -4.924549, 7.764591 ], [ -4.922061, 7.765421 ], [ -4.920597, 7.765932 ], [ -4.920596531002206, 7.765930657014741 ], [ -4.920449, 7.765982 ], [ -4.913368435697903, 7.768846419193096 ], [ -4.911471, 7.76987 ], [ -4.911470365711945, 7.769868823839178 ], [ -4.911019, 7.770112 ], [ -4.910353, 7.770462 ], [ -4.909715, 7.770693 ], [ -4.908993, 7.770923 ], [ -4.908623, 7.771013 ], [ -4.907752, 7.771203 ], [ -4.905302, 7.771669 ], [ -4.904629, 7.768133 ], [ -4.907079, 7.767666 ], [ -4.909438, 7.766878 ], [ -4.909762872794648, 7.766702618423781 ], [ -4.909762, 7.766701 ], [ -4.911853, 7.765574 ], [ -4.913943, 7.764447 ], [ -4.916066, 7.757611 ], [ -4.918148, 7.754674 ], [ -4.9198, 7.755723 ], [ -4.92079, 7.756266 ], [ -4.923202, 7.757364 ], [ -4.930579861425568, 7.754715813699478 ], [ -4.931844726002593, 7.753746454406535 ], [ -4.93289, 7.752149 ], [ -4.933635, 7.750871 ], [ -4.934401, 7.749614 ], [ -4.934638, 7.749276 ], [ -4.935267, 7.748575 ], [ -4.935804, 7.74806 ], [ -4.936269, 7.747677 ], [ -4.936608, 7.747414 ], [ -4.937299, 7.746998 ], [ -4.937923, 7.746669 ], [ -4.9380207767251, 7.746622642276463 ], [ -4.93802, 7.746621 ], [ -4.940106, 7.745634 ], [ -4.942328, 7.744482 ], [ -4.942616149289685, 7.740330760725006 ], [ -4.940182, 7.735414 ], [ -4.938922988489448, 7.73519955822114 ], [ -4.937934, 7.735185 ], [ -4.937086, 7.735158 ], [ -4.936503, 7.73509 ], [ -4.93570643750668, 7.735086061495706 ], [ -4.933787, 7.735271 ], [ -4.932651, 7.735098 ], [ -4.931049, 7.735036 ], [ -4.931187, 7.731439 ], [ -4.93279, 7.731501 ], [ -4.935382, 7.731502 ], [ -4.935530175856864, 7.731493855983439 ], [ -4.93553, 7.73149 ], [ -4.936037, 7.731466 ], [ -4.936715, 7.731497 ], [ -4.938689, 7.731569 ], [ -4.939313, 7.731618 ], [ -4.942741397482774, 7.729652497036088 ], [ -4.946255, 7.725669 ], [ -4.949466, 7.724041 ], [ -4.94979, 7.724613 ], [ -4.950094954810537, 7.725165241884466 ], [ -4.951124023032937, 7.726693725206268 ], [ -4.951125, 7.726693 ], [ -4.951145856943949, 7.726721106191036 ], [ -4.951146, 7.726721 ], [ -4.951804, 7.727608 ], [ -4.952091, 7.728058 ], [ -4.952195501285394, 7.728238158324593 ], [ -4.952196, 7.728238 ], [ -4.953494, 7.729862 ], [ -4.96134, 7.725892 ], [ -4.961252, 7.725019 ], [ -4.961301, 7.724917 ], [ -4.961716, 7.724125 ], [ -4.963535, 7.721623 ], [ -4.965011773424708, 7.717682873560075 ], [ -4.965226, 7.712527 ], [ -4.965139, 7.712424 ], [ -4.965000037046064, 7.71213849429464 ], [ -4.964872, 7.712046 ], [ -4.964831015572698, 7.711793421552677 ], [ -4.96478, 7.711761 ], [ -4.964699, 7.71152 ], [ -4.964606, 7.711075 ], [ -4.964636502504475, 7.710781656765471 ], [ -4.963935, 7.709933 ], [ -4.963940084763249, 7.709807101261965 ], [ -4.96394, 7.709807 ], [ -4.96396, 7.709314 ], [ -4.964887919450731, 7.705622316543712 ], [ -4.96445, 7.705229 ], [ -4.963899, 7.704131 ], [ -4.963898, 7.703715 ], [ -4.957257, 7.697903 ], [ -4.956511, 7.698348 ], [ -4.955928, 7.698559 ], [ -4.954382, 7.698886 ], [ -4.953084, 7.69903 ], [ -4.951476, 7.699297 ], [ -4.948772, 7.700079 ], [ -4.947207, 7.700584 ], [ -4.947206654078996, 7.700582927488362 ], [ -4.946478, 7.700846 ], [ -4.945719, 7.701005 ], [ -4.944832, 7.701078 ], [ -4.943112, 7.701125 ], [ -4.935997, 7.702906 ], [ -4.935671, 7.703044 ], [ -4.93566224793357, 7.703023278654998 ], [ -4.935272, 7.70316 ], [ -4.934808500827859, 7.703238856191858 ], [ -4.932664, 7.703823 ], [ -4.93139, 7.700456 ], [ -4.932203, 7.700149 ], [ -4.935182, 7.699198 ], [ -4.935243475008879, 7.69916283186429 ], [ -4.935243, 7.699162 ], [ -4.935248062421878, 7.699159109255763 ], [ -4.935248, 7.699159 ], [ -4.93626902159469, 7.698576117940196 ], [ -4.936859, 7.698219 ], [ -4.93767, 7.697835 ], [ -4.93835, 7.697627 ], [ -4.939859, 7.697348 ], [ -4.940441, 7.697205 ], [ -4.941112, 7.697172 ], [ -4.941964, 7.697237 ], [ -4.945962, 7.697206 ], [ -4.946102756943739, 7.697160346868102 ], [ -4.946102, 7.697158 ], [ -4.947667, 7.696653 ], [ -4.948089, 7.696447 ], [ -4.950628, 7.695798 ], [ -4.952353, 7.687947 ], [ -4.951072, 7.686321 ], [ -4.949403, 7.684064 ], [ -4.948064, 7.682201 ], [ -4.947316, 7.681246 ], [ -4.946538, 7.680349 ], [ -4.945907, 7.679731 ], [ -4.944704, 7.678691 ], [ -4.943966, 7.678148 ], [ -4.943057, 7.677554 ], [ -4.93441, 7.67935 ], [ -4.931449, 7.680945 ], [ -4.930553, 7.680795 ], [ -4.930553000174005, 7.680794917782406 ], [ -4.930452, 7.680778 ], [ -4.930426330384216, 7.68034251721993 ], [ -4.929733, 7.680539 ], [ -4.928743, 7.680825 ], [ -4.921741, 7.675826 ], [ -4.919617, 7.676833 ], [ -4.917935, 7.67747 ], [ -4.916889, 7.677752 ], [ -4.915963, 7.677972 ], [ -4.91489, 7.678142 ], [ -4.913726, 7.678258 ], [ -4.912534, 7.678268 ], [ -4.911759, 7.678238 ], [ -4.911759130142085, 7.678234607818277 ], [ -4.911629, 7.678229 ], [ -4.910701, 7.678126 ], [ -4.910701438159588, 7.678122041073222 ], [ -4.910571, 7.678107 ], [ -4.90922, 7.677863 ], [ -4.90922141619341, 7.67785517227262 ], [ -4.909049, 7.677823 ], [ -4.907892, 7.677496 ], [ -4.907892011195933, 7.677495960466143 ], [ -4.907878, 7.677492 ], [ -4.907879271456506, 7.677487510371728 ], [ -4.907745, 7.677449 ], [ -4.90667, 7.677061 ], [ -4.906672245047033, 7.677054784358747 ], [ -4.906515, 7.676997 ], [ -4.905595, 7.676565 ], [ -4.90559679189484, 7.676561180650565 ], [ -4.90547, 7.676501 ], [ -4.904419, 7.675905 ], [ -4.904419254866635, 7.675904550539244 ], [ -4.904413, 7.675901 ], [ -4.904415206268024, 7.675897110458792 ], [ -4.904291, 7.675826 ], [ -4.903321, 7.675167 ], [ -4.902393, 7.67447 ], [ -4.901807, 7.674006 ], [ -4.900254, 7.672784 ], [ -4.898701, 7.671562 ], [ -4.900928, 7.668733 ], [ -4.904423, 7.670986 ], [ -4.909254121434438, 7.673532852793321 ], [ -4.913358307047767, 7.673969938658773 ], [ -4.915423343031194, 7.673763239831314 ], [ -4.920193, 7.672576 ], [ -4.92219, 7.671625 ], [ -4.923664, 7.670973 ], [ -4.925099, 7.670462 ], [ -4.926408, 7.670109 ], [ -4.927749, 7.669856 ], [ -4.928731, 7.669743 ], [ -4.92969, 7.669678 ], [ -4.930707, 7.669653 ], [ -4.93194, 7.66972 ], [ -4.932799, 7.669802 ], [ -4.939514, 7.664345 ], [ -4.942476, 7.6623 ], [ -4.946324, 7.656618 ], [ -4.946912, 7.654832 ], [ -4.950331, 7.655959 ], [ -4.949689, 7.660139 ], [ -4.949646293669444, 7.660401199526945 ], [ -4.949657, 7.660403 ], [ -4.949652969312378, 7.660426994839294 ], [ -4.949653, 7.660427 ], [ -4.94964779782809, 7.66045796600095 ], [ -4.949648, 7.660458 ], [ -4.949631866626342, 7.660553977577 ], [ -4.949632, 7.660554 ], [ -4.949295, 7.662558 ], [ -4.949046, 7.663669 ], [ -4.94753, 7.667061 ], [ -4.947043906060407, 7.671509003407111 ], [ -4.947106, 7.671589 ], [ -4.947237, 7.671832 ], [ -4.950997, 7.676318 ], [ -4.953873, 7.678484 ], [ -4.953967, 7.684181 ], [ -4.957849439219719, 7.684559121744011 ], [ -4.96315, 7.682258 ], [ -4.963247, 7.681551 ], [ -4.964417284310083, 7.679593133991252 ], [ -4.965286, 7.675216 ], [ -4.965217, 7.673603 ], [ -4.965217258235369, 7.673602989015843 ], [ -4.965215, 7.67355 ], [ -4.965215268588102, 7.673549988500815 ], [ -4.965212646917443, 7.673488237528415 ], [ -4.96504, 7.672436 ], [ -4.968592, 7.671851 ], [ -4.976588, 7.674177 ], [ -4.977827, 7.66534 ], [ -4.976869, 7.664958 ], [ -4.976503, 7.664841 ], [ -4.975829, 7.664551 ], [ -4.975287, 7.664298 ], [ -4.974413, 7.66391 ], [ -4.973692, 7.663478 ], [ -4.973039, 7.663047 ], [ -4.971214, 7.661922 ], [ -4.969389, 7.660797 ], [ -4.969389060937509, 7.660796901178061 ], [ -4.969373, 7.660787 ], [ -4.96937309962837, 7.660786838433357 ], [ -4.969362, 7.66078 ], [ -4.969362057397523, 7.660779906869557 ], [ -4.969054, 7.66059 ], [ -4.969054162851144, 7.660589735765613 ], [ -4.96904, 7.660581 ], [ -4.970929, 7.657517 ], [ -4.970942718184254, 7.657525457260594 ], [ -4.970943, 7.657525 ], [ -4.971262852276413, 7.657722239562324 ], [ -4.971263, 7.657722 ], [ -4.971498000001494, 7.657867000000921 ], [ -4.973104, 7.658857 ], [ -4.974891147236418, 7.659960249883886 ], [ -4.975425, 7.660271 ], [ -4.97655, 7.660903 ], [ -4.977200461284498, 7.661085918952285 ], [ -4.985768, 7.659625 ], [ -4.985811, 7.659621 ], [ -4.989209, 7.660684 ], [ -4.993486135660206, 7.65961269831432 ], [ -4.994589485559096, 7.656919748166803 ], [ -4.994893, 7.654725 ], [ -4.994994001970783, 7.653934517583191 ], [ -4.993926811219998, 7.649335895620719 ], [ -4.991807, 7.645963 ], [ -4.985299, 7.644391 ], [ -4.984928, 7.64443 ], [ -4.98368, 7.644496 ], [ -4.980692, 7.643871 ], [ -4.980342, 7.643707 ], [ -4.979909, 7.643423 ], [ -4.979709, 7.643251 ], [ -4.979305, 7.642779 ], [ -4.979052, 7.642249 ], [ -4.973879, 7.63503 ], [ -4.975139, 7.631658 ], [ -4.976834, 7.632291 ], [ -4.978529, 7.632925 ], [ -4.978787658281165, 7.633061090023143 ], [ -4.978794, 7.63305 ], [ -4.979122, 7.633237 ], [ -4.979628, 7.633645 ], [ -4.979932, 7.633994 ], [ -4.980040961061819, 7.634159230505684 ], [ -4.980049, 7.634154 ], [ -4.980053688913554, 7.63416120234019 ], [ -4.980054, 7.634161 ], [ -4.98006085052408, 7.634171527928852 ], [ -4.981175655963641, 7.634863498879207 ], [ -4.985059, 7.637213 ], [ -4.985466, 7.637441 ], [ -4.986559, 7.638031 ], [ -4.987248, 7.638316 ], [ -4.987927, 7.638646 ], [ -4.988135886601913, 7.63877526293154 ], [ -4.988145, 7.638772 ], [ -4.989383, 7.639547 ], [ -4.989536710462088, 7.639662865083165 ], [ -4.989546, 7.639662 ], [ -4.989911, 7.639945 ], [ -4.997784, 7.636272 ], [ -4.996177, 7.633409 ], [ -4.996179191968184, 7.633407770682812 ], [ -4.996102, 7.63327 ], [ -4.995912, 7.632874 ], [ -4.995526, 7.632251 ], [ -4.995527542805888, 7.632250044881687 ], [ -4.995485, 7.632181 ], [ -4.994085, 7.629676 ], [ -4.992977, 7.627802 ], [ -4.992734, 7.627457 ], [ -4.991584, 7.626022 ], [ -4.991233, 7.625427 ], [ -4.991234072584329, 7.625426301109616 ], [ -4.991201, 7.62537 ], [ -4.990579, 7.624225 ], [ -4.990579133080458, 7.624224927739498 ], [ -4.990577, 7.624221 ], [ -4.990577066435498, 7.624220963947614 ], [ -4.990576, 7.624219 ], [ -4.990577776730575, 7.624218035264498 ], [ -4.990338, 7.623782 ], [ -4.989922, 7.622933 ], [ -4.993003, 7.621071 ], [ -4.993255, 7.621489 ], [ -4.993447, 7.621868 ], [ -4.994918, 7.624062 ], [ -4.995472, 7.625016 ], [ -4.995652, 7.625316 ], [ -4.995848, 7.625629 ], [ -4.999123, 7.629034 ], [ -4.999132677189645, 7.62905157966977 ], [ -4.999135, 7.629054 ], [ -4.999412, 7.629559 ], [ -5.005781446446393, 7.632129926173153 ], [ -5.008568076119927, 7.63260796311715 ], [ -5.009732, 7.632044 ], [ -5.010424, 7.632084 ], [ -5.010668555375474, 7.632081220961642 ], [ -5.010689, 7.632074 ], [ -5.010864, 7.632079 ], [ -5.011912, 7.63225 ], [ -5.012993, 7.632776 ], [ -5.01351, 7.633115 ], [ -5.01371, 7.633288 ], [ -5.013909, 7.633469 ], [ -5.013910023613573, 7.633470199727214 ], [ -5.013912, 7.633472 ], [ -5.013984502141038, 7.633556985365419 ], [ -5.015231, 7.632748 ], [ -5.015366, 7.632956 ], [ -5.016603, 7.634459 ], [ -5.017455, 7.635117 ], [ -5.018119, 7.635744 ], [ -5.018255, 7.635854 ], [ -5.01849, 7.636082 ], [ -5.026051, 7.635694 ], [ -5.027195, 7.633272 ], [ -5.023975, 7.626509 ], [ -5.021855, 7.62476 ], [ -5.021132, 7.624357 ], [ -5.020273, 7.623941 ], [ -5.019642, 7.623602 ], [ -5.018355, 7.622881 ], [ -5.017124, 7.622229 ], [ -5.014755, 7.620904 ], [ -5.012465, 7.61925 ], [ -5.012068, 7.616772 ], [ -5.011866, 7.615329 ], [ -5.011892, 7.614259 ], [ -5.012188, 7.609358 ], [ -5.011812, 7.606075 ], [ -5.011816067931329, 7.606074532460912 ], [ -5.011796, 7.605895 ], [ -5.011298, 7.603263 ], [ -5.011131, 7.601198 ], [ -5.0112, 7.599333 ], [ -5.011108, 7.595841 ], [ -5.01227, 7.586936 ], [ -5.012282968807017, 7.586929237125175 ], [ -5.012283, 7.586929 ], [ -5.01349646066192, 7.586296421359045 ], [ -5.013691845677609, 7.58520271731878 ], [ -5.014571, 7.577345 ], [ -5.016323, 7.5742 ], [ -5.017036, 7.574598 ], [ -5.019032996678636, 7.574800362993859 ], [ -5.025421569916854, 7.574922437641724 ], [ -5.027026982777453, 7.574623344473847 ], [ -5.033834, 7.570782 ], [ -5.036097, 7.569143 ], [ -5.036907, 7.568711 ], [ -5.038041, 7.568398 ], [ -5.038664, 7.568296 ], [ -5.041281, 7.568094 ], [ -5.042085, 7.568 ], [ -5.048378, 7.563755 ], [ -5.04915, 7.562029 ], [ -5.050404, 7.559156 ], [ -5.05237, 7.55476 ], [ -5.053864, 7.55148 ], [ -5.054006, 7.551192 ], [ -5.054089855088477, 7.551164698343287 ], [ -5.054636, 7.550023 ], [ -5.051614, 7.541785 ], [ -5.05072395081759, 7.541243780136897 ], [ -5.050132, 7.540946 ], [ -5.051751, 7.53773 ], [ -5.056534046019925, 7.537702524388588 ], [ -5.058074, 7.537528 ], [ -5.064046, 7.532408 ], [ -5.064637, 7.530973 ], [ -5.065017, 7.529975 ], [ -5.065552, 7.528315 ], [ -5.065552131696169, 7.52831504246404 ], [ -5.065580094167173, 7.528228303975551 ], [ -5.06643, 7.525565 ], [ -5.066764849197956, 7.524548360629542 ], [ -5.067414, 7.522532 ], [ -5.067471, 7.52236 ], [ -5.069683, 7.521383 ], [ -5.069723, 7.521396 ], [ -5.070891, 7.523484 ], [ -5.070835427011106, 7.523651693931399 ], [ -5.070836, 7.523652 ], [ -5.070614, 7.525573 ], [ -5.070573, 7.5257 ], [ -5.069598543379572, 7.52796255287968 ], [ -5.069198, 7.529988 ], [ -5.069156241185744, 7.53011352244462 ], [ -5.069156, 7.530115 ], [ -5.068519, 7.532029 ], [ -5.0684754, 7.532138 ], [ -5.068472, 7.532155 ], [ -5.068387, 7.532359 ], [ -5.067854, 7.533068 ], [ -5.067006, 7.53453 ], [ -5.066503, 7.535665 ], [ -5.065453, 7.537955 ], [ -5.065171, 7.546307 ], [ -5.067476, 7.553905 ], [ -5.0657, 7.561682 ], [ -5.066398, 7.565214 ], [ -5.064644, 7.570583 ], [ -5.064719, 7.571115 ], [ -5.064794, 7.571482 ], [ -5.064929, 7.572494 ], [ -5.073791, 7.573975 ], [ -5.07459, 7.572306 ], [ -5.075111, 7.570202 ], [ -5.075619, 7.569401 ], [ -5.076431, 7.566429 ], [ -5.076648908823022, 7.565773929797186 ], [ -5.076654, 7.565756 ], [ -5.07752, 7.563154 ], [ -5.078385, 7.560552 ], [ -5.078882, 7.559117 ], [ -5.079491320507599, 7.556874218583611 ], [ -5.07952, 7.556768 ], [ -5.07968442105225, 7.55616357894877 ], [ -5.080292, 7.553928 ], [ -5.081236, 7.550269 ], [ -5.082166, 7.546671 ], [ -5.082746, 7.54405 ], [ -5.083379, 7.541222 ], [ -5.083753, 7.539172 ], [ -5.08413, 7.537104 ], [ -5.084634, 7.534488 ], [ -5.085139, 7.531871 ], [ -5.08563, 7.529322 ], [ -5.085642983056889, 7.529254572718807 ], [ -5.08546, 7.52464 ], [ -5.085872, 7.522918 ], [ -5.088222, 7.517532 ], [ -5.08839, 7.515194 ], [ -5.088446812406191, 7.514408375187771 ], [ -5.088558, 7.512863 ], [ -5.088558563173058, 7.51286304061872 ], [ -5.088559, 7.512857 ], [ -5.09215, 7.513115 ], [ -5.092032249097469, 7.514744003610169 ], [ -5.091981, 7.515456 ], [ -5.091813, 7.517791 ], [ -5.091435, 7.5202 ], [ -5.091276704985108, 7.520857953872873 ], [ -5.091281, 7.520859 ], [ -5.090943, 7.522245 ], [ -5.090625765914012, 7.523557943484954 ], [ -5.090626, 7.523558 ], [ -5.090114, 7.525676 ], [ -5.089178, 7.529936 ], [ -5.088673, 7.532553 ], [ -5.088169, 7.535169 ], [ -5.087665, 7.537786 ], [ -5.087295, 7.539818 ], [ -5.086921, 7.541868 ], [ -5.086261, 7.544828 ], [ -5.085681, 7.547449 ], [ -5.084722, 7.551169 ], [ -5.083778, 7.554827 ], [ -5.083632417438009, 7.555362841698757 ], [ -5.083633, 7.555363 ], [ -5.083134179487166, 7.557196692307744 ], [ -5.083064, 7.557455 ], [ -5.082034, 7.561538 ], [ -5.081680015782317, 7.562637379838119 ], [ -5.081685, 7.562639 ], [ -5.081024231166121, 7.564674070597709 ], [ -5.081022, 7.564681 ], [ -5.080995906896132, 7.564761305173706 ], [ -5.080871, 7.565146 ], [ -5.080056, 7.567654 ], [ -5.079013, 7.570603 ], [ -5.077984, 7.573508 ], [ -5.077932993576256, 7.573651997726896 ], [ -5.077933, 7.573652 ], [ -5.07693, 7.576485 ], [ -5.075927, 7.579317 ], [ -5.075334, 7.58102 ], [ -5.074739, 7.582732 ], [ -5.073867, 7.591109 ], [ -5.073889, 7.59159 ], [ -5.073858, 7.592038 ], [ -5.072449, 7.60008 ], [ -5.072642, 7.601648 ], [ -5.072922, 7.603554 ], [ -5.073216, 7.605202 ], [ -5.073796, 7.607589 ], [ -5.074155, 7.608879 ], [ -5.074541, 7.610071 ], [ -5.075587, 7.612848 ], [ -5.07825922996641, 7.617698147556054 ], [ -5.080779762513837, 7.621827695821173 ], [ -5.081693336244797, 7.623067653566577 ], [ -5.081917, 7.623371 ], [ -5.08305, 7.624909 ], [ -5.083079956846086, 7.624952498385523 ], [ -5.08309, 7.624965 ], [ -5.083738, 7.625908 ], [ -5.083776576148662, 7.625967275545503 ], [ -5.083777, 7.625967 ], [ -5.084435, 7.626979 ], [ -5.084484274056757, 7.627059221329935 ], [ -5.084488, 7.627064 ], [ -5.085618, 7.628905 ], [ -5.086291, 7.630132 ], [ -5.086942, 7.631383 ], [ -5.088283, 7.634234 ], [ -5.093332524024685, 7.637903218306673 ], [ -5.095627336410201, 7.639189351197715 ], [ -5.095859, 7.639266 ], [ -5.095980545802575, 7.63937656747202 ], [ -5.098464, 7.640336 ], [ -5.100514564565283, 7.645805294909834 ], [ -5.103064, 7.65017 ], [ -5.104665, 7.652133 ], [ -5.106224, 7.654044 ], [ -5.106237442137416, 7.654059484205847 ], [ -5.106238, 7.654059 ], [ -5.107738, 7.655788 ], [ -5.109303, 7.657522 ], [ -5.117733, 7.658811 ], [ -5.119386, 7.657137 ], [ -5.120851, 7.655654 ], [ -5.122316, 7.654171 ], [ -5.122316195706151, 7.654171193337198 ], [ -5.122675, 7.653808 ], [ -5.124579, 7.651854 ], [ -5.125409, 7.651008 ], [ -5.127519, 7.648884 ], [ -5.12909, 7.647271 ], [ -5.130896, 7.645442 ], [ -5.132365423515885, 7.643953862895597 ], [ -5.135624132827143, 7.640650403387809 ], [ -5.135654, 7.64062 ], [ -5.135654102787216, 7.640620021865527 ], [ -5.135736, 7.640537 ], [ -5.140199, 7.633769 ], [ -5.140921, 7.632311 ], [ -5.143342, 7.633467 ], [ -5.144147, 7.633908 ], [ -5.14354, 7.636498 ], [ -5.141227, 7.641626 ], [ -5.141105, 7.641906 ], [ -5.13918, 7.644962 ], [ -5.139109, 7.64505 ], [ -5.135537731993253, 7.646419306937897 ], [ -5.134071957841967, 7.648597366196475 ], [ -5.132495, 7.653558 ], [ -5.132369771929729, 7.653868052631816 ], [ -5.132336, 7.653952 ], [ -5.132329, 7.653969 ], [ -5.132012, 7.654779 ], [ -5.13187, 7.655143 ], [ -5.131869860976146, 7.655143117839828 ], [ -5.131777, 7.655381 ], [ -5.131308323234075, 7.655753824939286 ], [ -5.131652, 7.657037 ], [ -5.131554, 7.6572 ], [ -5.12926355015346, 7.657707094107875 ], [ -5.129173, 7.657871 ], [ -5.121948, 7.659667 ], [ -5.120294, 7.661341 ], [ -5.119567571585311, 7.669079155012388 ], [ -5.12253722085022, 7.671199971802201 ], [ -5.127473, 7.672711 ], [ -5.127535, 7.673072 ], [ -5.127541, 7.674012 ], [ -5.127052618842066, 7.675202319668084 ], [ -5.127066, 7.675222 ], [ -5.126737305100844, 7.67589659421452 ], [ -5.126683903073823, 7.676037910748794 ], [ -5.126684, 7.676038 ], [ -5.126679603401692, 7.676049629711653 ], [ -5.12668, 7.67605 ], [ -5.12662003803188, 7.676208330948501 ], [ -5.126246622955001, 7.677294571026092 ], [ -5.130992273668956, 7.683436103936088 ], [ -5.13256, 7.684297 ], [ -5.133406, 7.684294 ], [ -5.134199, 7.68434 ], [ -5.135067, 7.684443 ], [ -5.137117, 7.684822 ], [ -5.139234, 7.68518 ], [ -5.141374, 7.685543 ], [ -5.143056, 7.685852 ], [ -5.146902284330837, 7.686369523306974 ], [ -5.153886, 7.681407 ], [ -5.154527, 7.679856 ], [ -5.157854, 7.681231 ], [ -5.159704923640939, 7.686394643778945 ], [ -5.162353190802292, 7.688511528027432 ], [ -5.163992802063742, 7.689265908930039 ], [ -5.164347, 7.689364 ], [ -5.164346976420741, 7.689364085115976 ], [ -5.164849, 7.689503 ], [ -5.164848865055926, 7.689503487259042 ], [ -5.165482, 7.689679 ], [ -5.165481788647092, 7.689679762937812 ], [ -5.166088, 7.689848 ], [ -5.166555, 7.68996 ], [ -5.169368, 7.690537 ], [ -5.168644, 7.694064 ], [ -5.16583, 7.693486 ], [ -5.165255, 7.69335 ], [ -5.164521276386437, 7.693147002305357 ], [ -5.164521, 7.693148 ], [ -5.163888076167995, 7.692972724970925 ], [ -5.163888, 7.692973 ], [ -5.162776989956535, 7.692665075893183 ], [ -5.161523, 7.692318 ], [ -5.159414, 7.691733 ], [ -5.158994127992631, 7.691614546992373 ], [ -5.158994, 7.691615 ], [ -5.157405278176376, 7.691166305537595 ], [ -5.157071, 7.691072 ] ] ], [ [ [ -5.911895, 6.956882 ], [ -5.90493, 6.957285 ], [ -5.901088085251597, 6.958281995835049 ], [ -5.898065, 6.961698 ], [ -5.893216785916731, 6.963907800430745 ], [ -5.891148, 6.966723 ], [ -5.890553, 6.968618 ], [ -5.89015, 6.969649 ], [ -5.887586, 6.971085 ], [ -5.887322, 6.97088 ], [ -5.886718, 6.97003 ], [ -5.886594, 6.969281 ], [ -5.886633, 6.968831 ], [ -5.886867, 6.968173 ], [ -5.886915, 6.96801 ], [ -5.887198, 6.966758 ], [ -5.884016, 6.95991 ], [ -5.876468, 6.962108 ], [ -5.875209, 6.963887 ], [ -5.87479, 6.964418 ], [ -5.873853, 6.966125 ], [ -5.873431, 6.969426 ], [ -5.870985, 6.971043 ], [ -5.870592, 6.970867 ], [ -5.870292, 6.97071 ], [ -5.869979, 6.970348 ], [ -5.869552, 6.969733 ], [ -5.869346, 6.969022 ], [ -5.869287, 6.968456 ], [ -5.869205, 6.967372 ], [ -5.869221, 6.966441 ], [ -5.869245, 6.965991 ], [ -5.86932, 6.965577 ], [ -5.869502, 6.965074 ], [ -5.869653, 6.964793 ], [ -5.866102, 6.957625 ], [ -5.863426, 6.957897 ], [ -5.86075, 6.958168 ], [ -5.858073, 6.958439 ], [ -5.855586, 6.958588 ], [ -5.853174, 6.95873 ], [ -5.850762, 6.958873 ], [ -5.84835, 6.959015 ], [ -5.844677, 6.959318 ], [ -5.840961, 6.959624 ], [ -5.839033, 6.959997 ], [ -5.836427, 6.960721 ], [ -5.835638, 6.960883 ], [ -5.832901, 6.961112 ], [ -5.830372, 6.961311 ], [ -5.827844, 6.961511 ], [ -5.825315, 6.961711 ], [ -5.823937, 6.961992 ], [ -5.821878, 6.962527 ], [ -5.819755, 6.963077 ], [ -5.814556, 6.966562 ], [ -5.811872, 6.971518 ], [ -5.813732, 6.977009 ], [ -5.814837, 6.978407 ], [ -5.816885, 6.981122 ], [ -5.820327, 6.983514 ], [ -5.821342, 6.984198 ], [ -5.822029, 6.984968 ], [ -5.827523, 6.990807 ], [ -5.825472, 6.993765 ], [ -5.817441, 6.992018 ], [ -5.816283, 6.989228 ], [ -5.816051, 6.988681 ], [ -5.812793, 6.981879 ], [ -5.812218, 6.981073 ], [ -5.809886, 6.978207 ], [ -5.809257, 6.977594 ], [ -5.808947, 6.977239 ], [ -5.808549, 6.976477 ], [ -5.808393, 6.975854 ], [ -5.808335, 6.975345 ], [ -5.804391, 6.968408 ], [ -5.796557, 6.966779 ], [ -5.792757, 6.967721 ], [ -5.790379, 6.968291 ], [ -5.788279, 6.968811 ], [ -5.786164, 6.969335 ], [ -5.785455, 6.969465 ], [ -5.784787, 6.96954 ], [ -5.782047, 6.969759 ], [ -5.777392, 6.970517 ], [ -5.775116, 6.971678 ], [ -5.773135, 6.972708 ], [ -5.772005, 6.973225 ], [ -5.771359, 6.973474 ], [ -5.770478, 6.973761 ], [ -5.770078, 6.973874 ], [ -5.768249, 6.974458 ], [ -5.764548, 6.976441 ], [ -5.762032, 6.979122 ], [ -5.759979, 6.984999 ], [ -5.766783, 6.990812 ], [ -5.767794, 6.990942 ], [ -5.769319, 6.99124 ], [ -5.771366, 6.991868 ], [ -5.773284, 6.9923 ], [ -5.774625, 6.992402 ], [ -5.776506, 6.992425 ], [ -5.778355, 6.992447 ], [ -5.780385, 6.992435 ], [ -5.783345, 6.992345 ], [ -5.783345021412165, 6.992345706994333 ], [ -5.783932, 6.992328 ], [ -5.785025, 6.992308 ], [ -5.785089, 6.995908 ], [ -5.783996, 6.995927 ], [ -5.783453982010823, 6.995943406027085 ], [ -5.783454, 6.995944 ], [ -5.780494, 6.996033 ], [ -5.778378, 6.996047 ], [ -5.776463, 6.996024 ], [ -5.774581, 6.996002 ], [ -5.773435, 6.995969 ], [ -5.772617, 6.995838 ], [ -5.770577, 6.995381 ], [ -5.769329, 6.995082 ], [ -5.768943, 6.994978 ], [ -5.767185, 6.99449 ], [ -5.765754, 6.994436 ], [ -5.761321, 7.00171 ], [ -5.761596, 7.002342 ], [ -5.763472, 7.007052 ], [ -5.764433, 7.009429 ], [ -5.765384, 7.011784 ], [ -5.766069, 7.013416 ], [ -5.766846, 7.015345 ], [ -5.767211, 7.016407 ], [ -5.768083, 7.019207 ], [ -5.768435, 7.020491 ], [ -5.768752, 7.021785 ], [ -5.769219, 7.024199 ], [ -5.769394, 7.025317 ], [ -5.769532, 7.02655 ], [ -5.769773, 7.029202 ], [ -5.769814, 7.030137 ], [ -5.769831, 7.031454 ], [ -5.769769, 7.033643 ], [ -5.769707, 7.035851 ], [ -5.769632, 7.037796 ], [ -5.769532, 7.040756 ], [ -5.769448, 7.042663 ], [ -5.773572, 7.050073 ], [ -5.774143, 7.05049 ], [ -5.774321, 7.050624 ], [ -5.777706, 7.052684 ], [ -5.784182, 7.055218 ], [ -5.785931, 7.055687 ], [ -5.788004, 7.056276 ], [ -5.791181, 7.057342 ], [ -5.792808, 7.058117 ], [ -5.793993, 7.058935 ], [ -5.791946, 7.061897 ], [ -5.788336, 7.060743 ], [ -5.781134, 7.058537 ], [ -5.778097, 7.057103 ], [ -5.775119, 7.055617 ], [ -5.768145, 7.05962 ], [ -5.767968, 7.061996 ], [ -5.767789, 7.064396 ], [ -5.767616, 7.066344 ], [ -5.767447, 7.068248 ], [ -5.767281, 7.070846 ], [ -5.767116, 7.073412 ], [ -5.767043, 7.074984 ], [ -5.76701, 7.076192 ], [ -5.767009, 7.077961 ], [ -5.767104, 7.081289 ], [ -5.770185506445727, 7.088880393512972 ], [ -5.772222, 7.090227 ], [ -5.773597, 7.091102 ], [ -5.77178, 7.09421 ], [ -5.769302, 7.101816 ], [ -5.769662, 7.104813 ], [ -5.766088, 7.105242 ], [ -5.765728, 7.102245 ], [ -5.765501, 7.100264 ], [ -5.765275, 7.098292 ], [ -5.765030155416584, 7.096289977623153 ], [ -5.76503, 7.09629 ], [ -5.764886, 7.095288 ], [ -5.764743, 7.09416 ], [ -5.764432, 7.091493 ], [ -5.764123, 7.088843 ], [ -5.763956, 7.087507 ], [ -5.763668, 7.084345 ], [ -5.763509, 7.081487 ], [ -5.763411, 7.078064 ], [ -5.76341, 7.076192 ], [ -5.763444, 7.074888 ], [ -5.76352, 7.073244 ], [ -5.763688, 7.070616 ], [ -5.763855, 7.068018 ], [ -5.76403, 7.066027 ], [ -5.764203, 7.064079 ], [ -5.764378, 7.061728 ], [ -5.764555, 7.059353 ], [ -5.764718, 7.057466 ], [ -5.758528, 7.051454 ], [ -5.754821, 7.052777 ], [ -5.753123, 7.054409 ], [ -5.751045, 7.056498 ], [ -5.750122, 7.057604 ], [ -5.748857, 7.059758 ], [ -5.748491, 7.060425 ], [ -5.748228, 7.060788 ], [ -5.747921, 7.061132 ], [ -5.747272, 7.061746 ], [ -5.746771, 7.062153 ], [ -5.744501, 7.059358 ], [ -5.74626, 7.056827 ], [ -5.746512, 7.056433 ], [ -5.746593288525318, 7.056322954809736 ], [ -5.746592, 7.056322 ], [ -5.74723, 7.055461 ], [ -5.748121, 7.054359 ], [ -5.748417, 7.054037 ], [ -5.75057, 7.05187 ], [ -5.752543, 7.049884 ], [ -5.752815, 7.0496 ], [ -5.753207, 7.049302 ], [ -5.755001, 7.048213 ], [ -5.755404, 7.04799 ], [ -5.755829, 7.047832 ], [ -5.756432, 7.047736 ], [ -5.762096, 7.044316 ], [ -5.764141, 7.039228 ], [ -5.766232, 7.031352 ], [ -5.766214, 7.030188 ], [ -5.766177, 7.02936 ], [ -5.765947, 7.02688 ], [ -5.765816, 7.025717 ], [ -5.765663, 7.024759 ], [ -5.765218, 7.022471 ], [ -5.76494, 7.021354 ], [ -5.764612, 7.020162 ], [ -5.763774, 7.017478 ], [ -5.763443, 7.016519 ], [ -5.762731, 7.014766 ], [ -5.762064, 7.013177 ], [ -5.761095, 7.010777 ], [ -5.756906, 7.007881 ], [ -5.75115, 7.011731 ], [ -5.750796, 7.012289 ], [ -5.750419, 7.012999 ], [ -5.750181, 7.013486 ], [ -5.749463, 7.014638 ], [ -5.749013, 7.014903 ], [ -5.748825, 7.015001 ], [ -5.748373, 7.015202 ], [ -5.74683, 7.012121 ], [ -5.73856, 7.009808 ], [ -5.737188, 7.011122 ], [ -5.736851, 7.011362 ], [ -5.735871, 7.012125 ], [ -5.734521, 7.013272 ], [ -5.73291, 7.014782 ], [ -5.731546, 7.022971 ], [ -5.728723, 7.025205 ], [ -5.721553, 7.02745 ], [ -5.720593, 7.02937 ], [ -5.719633, 7.03129 ], [ -5.716413, 7.02968 ], [ -5.710671, 7.024458 ], [ -5.710927, 7.020867 ], [ -5.712725, 7.020661 ], [ -5.719898, 7.017179 ], [ -5.72173, 7.014628 ], [ -5.722378, 7.013789 ], [ -5.722892, 7.013049 ], [ -5.723553, 7.012272 ], [ -5.724319, 7.011461 ], [ -5.724803, 7.011005 ], [ -5.728709495585663, 7.00429499677945 ], [ -5.729304866832691, 7.00269544668804 ], [ -5.730499, 6.999038 ], [ -5.726062, 6.991986 ], [ -5.721978, 6.991002 ], [ -5.71548, 6.987593 ], [ -5.712623, 6.987757 ], [ -5.711693, 6.987881 ], [ -5.710639, 6.987971 ], [ -5.709352, 6.988022 ], [ -5.707244, 6.987978 ], [ -5.705187, 6.987841 ], [ -5.701684, 6.987519 ], [ -5.698254, 6.987203 ], [ -5.695712, 6.987074 ], [ -5.692744, 6.98685 ], [ -5.686619, 6.987476 ], [ -5.682819, 6.98839 ], [ -5.679482, 6.989021 ], [ -5.673083, 6.991056 ], [ -5.671593, 6.987779 ], [ -5.673333, 6.986988 ], [ -5.675073, 6.986197 ], [ -5.676224, 6.985843 ], [ -5.676521432447252, 6.985801348777584 ], [ -5.676519, 6.985783 ], [ -5.679009, 6.985453 ], [ -5.682147, 6.984853 ], [ -5.685775, 6.983976 ], [ -5.68949, 6.983081 ], [ -5.693015, 6.98326 ], [ -5.695983, 6.983484 ], [ -5.698436, 6.983607 ], [ -5.702013, 6.983934 ], [ -5.705516, 6.984256 ], [ -5.707482, 6.984386 ], [ -5.709424, 6.984423 ], [ -5.710486, 6.984374 ], [ -5.713678, 6.976311 ], [ -5.712589, 6.972556 ], [ -5.713176, 6.970441 ], [ -5.709786, 6.963735 ], [ -5.708295, 6.962573 ], [ -5.707677, 6.962108 ], [ -5.70684, 6.96155 ], [ -5.705104, 6.960439 ], [ -5.70337, 6.959328 ], [ -5.702393, 6.958704 ], [ -5.701147, 6.957869 ], [ -5.700282, 6.957261 ], [ -5.699533, 6.956627 ], [ -5.699109, 6.956225 ], [ -5.698749, 6.955833 ], [ -5.698269, 6.955263 ], [ -5.697388, 6.954121 ], [ -5.696216, 6.952674 ], [ -5.693966, 6.9499 ], [ -5.691077, 6.946675 ], [ -5.688989, 6.944946 ], [ -5.687055, 6.943246 ], [ -5.686238, 6.94249 ], [ -5.6844, 6.940911 ], [ -5.682544, 6.939387 ], [ -5.680635, 6.937817 ], [ -5.679916, 6.937177 ], [ -5.678683, 6.936017 ], [ -5.67836, 6.935749 ], [ -5.677775, 6.935307 ], [ -5.676098, 6.934454 ], [ -5.674934, 6.934173 ], [ -5.667892, 6.939537 ], [ -5.667229, 6.939013 ], [ -5.660711, 6.935436 ], [ -5.657074, 6.935745 ], [ -5.653422, 6.936055 ], [ -5.64982, 6.936331 ], [ -5.646642, 6.936598 ], [ -5.641743, 6.940817 ], [ -5.6409, 6.941617 ], [ -5.639529, 6.942951 ], [ -5.639528960454824, 6.942950959368159 ], [ -5.639421, 6.943056 ], [ -5.63691, 6.940477 ], [ -5.637551, 6.931712 ], [ -5.637186, 6.931145 ], [ -5.634252, 6.9285 ], [ -5.633065, 6.927847 ], [ -5.632283, 6.927415 ], [ -5.631458, 6.927014 ], [ -5.629663, 6.926229 ], [ -5.626407, 6.925316 ], [ -5.624238, 6.925003 ], [ -5.62206, 6.92469 ], [ -5.62009, 6.924396 ], [ -5.618138, 6.924104 ], [ -5.615305, 6.92371 ], [ -5.613293, 6.923444 ], [ -5.611206, 6.92317 ], [ -5.609005, 6.922887 ], [ -5.609005453874293, 6.922883477540813 ], [ -5.606283, 6.922529 ], [ -5.605372, 6.92242 ], [ -5.604666, 6.920847 ], [ -5.604736, 6.920219 ], [ -5.6058, 6.918846 ], [ -5.609693, 6.9189 ], [ -5.613765, 6.919875 ], [ -5.615777, 6.920141 ], [ -5.618634, 6.920538 ], [ -5.626383, 6.91837 ], [ -5.629503732896383, 6.919625499955883 ], [ -5.629663, 6.919597 ], [ -5.636603, 6.924089 ], [ -5.636787, 6.924194 ], [ -5.637219, 6.924546 ], [ -5.637966, 6.925394 ], [ -5.639465, 6.928164 ], [ -5.639812, 6.928619 ], [ -5.640137, 6.929084 ], [ -5.64641, 6.933006 ], [ -5.649517, 6.932744 ], [ -5.653148, 6.932466 ], [ -5.656769, 6.932158 ], [ -5.660406, 6.931849 ], [ -5.663441, 6.931558 ], [ -5.669553, 6.925304 ], [ -5.669348, 6.924243 ], [ -5.66928, 6.923733 ], [ -5.669282, 6.922883 ], [ -5.669292, 6.921894 ], [ -5.669333, 6.92129 ], [ -5.669338, 6.919886 ], [ -5.669294, 6.918827 ], [ -5.669385, 6.918363 ], [ -5.669519, 6.917979 ], [ -5.6699, 6.917005 ], [ -5.669494, 6.908251 ], [ -5.670454, 6.905073 ], [ -5.671439, 6.905081 ], [ -5.672, 6.905207 ], [ -5.672793, 6.905604 ], [ -5.673428, 6.906106 ], [ -5.673589, 6.906267 ], [ -5.673888184618853, 6.906573866962846 ], [ -5.673913, 6.906555 ], [ -5.67429, 6.906986 ], [ -5.674698, 6.907443 ], [ -5.675045, 6.908141 ], [ -5.675204, 6.908544 ], [ -5.675287, 6.909342 ], [ -5.675348, 6.91085 ], [ -5.6754, 6.912313 ], [ -5.675278, 6.913665 ], [ -5.675223, 6.914135 ], [ -5.675073, 6.914918 ], [ -5.674875, 6.915867 ], [ -5.672915, 6.922016 ], [ -5.672915, 6.922619 ], [ -5.673083, 6.92436 ], [ -5.673234, 6.925167 ], [ -5.678946, 6.931794 ], [ -5.679702, 6.932266 ], [ -5.68051, 6.932862 ], [ -5.680969, 6.933236 ], [ -5.682377, 6.93455 ], [ -5.683025, 6.935125 ], [ -5.684829, 6.936605 ], [ -5.686685, 6.938129 ], [ -5.688584, 6.939759 ], [ -5.689497, 6.940601 ], [ -5.691366, 6.942243 ], [ -5.693372, 6.943901 ], [ -5.694081, 6.944504 ], [ -5.694493, 6.944896 ], [ -5.694856, 6.945285 ], [ -5.695492, 6.946036 ], [ -5.696783, 6.947658 ], [ -5.699014, 6.950409 ], [ -5.700186, 6.951856 ], [ -5.701118, 6.953063 ], [ -5.703195, 6.954908 ], [ -5.704398, 6.955714 ], [ -5.705307, 6.956294 ], [ -5.707045, 6.957407 ], [ -5.708781, 6.958519 ], [ -5.709672, 6.959112 ], [ -5.717522, 6.957495 ], [ -5.718078, 6.955697 ], [ -5.718494, 6.954228 ], [ -5.718783, 6.95333 ], [ -5.71924, 6.952313 ], [ -5.720989, 6.946918 ], [ -5.718931, 6.938213 ], [ -5.718325, 6.936459 ], [ -5.716894, 6.93396 ], [ -5.719143, 6.931148 ], [ -5.722468, 6.925208 ], [ -5.725197, 6.922859 ], [ -5.72785, 6.920319 ], [ -5.728807, 6.919678 ], [ -5.729432, 6.919354 ], [ -5.731448, 6.922337 ], [ -5.729989, 6.924511 ], [ -5.732689, 6.932747 ], [ -5.732605, 6.933029 ], [ -5.732454467852052, 6.933443598180977 ], [ -5.732473, 6.933495 ], [ -5.73219, 6.934172 ], [ -5.731128, 6.935506 ], [ -5.729228, 6.937917 ], [ -5.725553, 6.944543 ], [ -5.724571, 6.947904 ], [ -5.724251, 6.949623 ], [ -5.724101, 6.950537 ], [ -5.723814, 6.952487 ], [ -5.723711, 6.952902 ], [ -5.723597, 6.953208 ], [ -5.723132, 6.960077 ], [ -5.728449, 6.965022 ], [ -5.731458, 6.964457 ], [ -5.732082, 6.964115 ], [ -5.732624, 6.963774 ], [ -5.733016, 6.963552 ], [ -5.733097, 6.963516 ], [ -5.735539, 6.966162 ], [ -5.742512, 6.969123 ], [ -5.746069, 6.966711 ], [ -5.748374, 6.96609 ], [ -5.754975, 6.962351 ], [ -5.757967, 6.964287 ], [ -5.757971, 6.964319 ], [ -5.766668, 6.966045 ], [ -5.767118, 6.964909 ], [ -5.767241, 6.963193 ], [ -5.767196, 6.962702 ], [ -5.767129, 6.96217 ], [ -5.766522, 6.959553 ], [ -5.765922, 6.95696 ], [ -5.765353, 6.954646 ], [ -5.764777, 6.951712 ], [ -5.764181, 6.948947 ], [ -5.763774, 6.946884 ], [ -5.763368, 6.944825 ], [ -5.762572, 6.940843 ], [ -5.761764, 6.93679 ], [ -5.761473, 6.934965 ], [ -5.76118, 6.933122 ], [ -5.760768, 6.930357 ], [ -5.760185, 6.92636 ], [ -5.759689, 6.922955 ], [ -5.759453, 6.921581 ], [ -5.758946, 6.917959 ], [ -5.75889, 6.916795 ], [ -5.758909, 6.91597 ], [ -5.758984, 6.915246 ], [ -5.759171, 6.914121 ], [ -5.759195, 6.911573 ], [ -5.759091, 6.909786 ], [ -5.75903, 6.909158 ], [ -5.758536, 6.906005 ], [ -5.750632, 6.903459 ], [ -5.750133, 6.903765 ], [ -5.749818, 6.903988 ], [ -5.749188, 6.904357 ], [ -5.748174, 6.905156 ], [ -5.747367, 6.90546 ], [ -5.746843, 6.905538 ], [ -5.746315, 6.901977 ], [ -5.746434, 6.898994 ], [ -5.747085, 6.895453 ], [ -5.747745, 6.895575 ], [ -5.749306, 6.895802 ], [ -5.750074, 6.896055 ], [ -5.75759, 6.89214 ], [ -5.757369, 6.88958 ], [ -5.757172, 6.887508 ], [ -5.757129, 6.886008 ], [ -5.757166, 6.884641 ], [ -5.757166024928345, 6.884641000671867 ], [ -5.757167, 6.884605 ], [ -5.757286, 6.881676 ], [ -5.757408, 6.879204 ], [ -5.757529, 6.876761 ], [ -5.757639, 6.873495 ], [ -5.761237, 6.873617 ], [ -5.761127, 6.876883 ], [ -5.761003, 6.879382 ], [ -5.760881, 6.881853 ], [ -5.76076448519964, 6.884737986125136 ], [ -5.760765, 6.884738 ], [ -5.760727, 6.886106 ], [ -5.76077, 6.887398 ], [ -5.760952, 6.889232 ], [ -5.761177, 6.89183 ], [ -5.761391, 6.8944 ], [ -5.7615, 6.896177 ], [ -5.761655, 6.899608 ], [ -5.769322, 6.904238 ], [ -5.769959, 6.904134 ], [ -5.771726, 6.904131 ], [ -5.777968, 6.903552 ], [ -5.779486, 6.906817 ], [ -5.779044, 6.911876 ], [ -5.785212, 6.917759 ], [ -5.788388, 6.919453 ], [ -5.787815, 6.920527 ], [ -5.78706, 6.921461 ], [ -5.786428, 6.922107 ], [ -5.785024, 6.922813 ], [ -5.783929, 6.922974 ], [ -5.782348, 6.922993 ], [ -5.775465, 6.924202 ], [ -5.769387, 6.928237 ], [ -5.765319, 6.936225 ], [ -5.766102, 6.940137 ], [ -5.766898, 6.94412 ], [ -5.767306, 6.946187 ], [ -5.767713, 6.94825 ], [ -5.768296, 6.950955 ], [ -5.768886, 6.953951 ], [ -5.769417, 6.956099 ], [ -5.770029, 6.95874 ], [ -5.770636, 6.961357 ], [ -5.777731, 6.966548 ], [ -5.778417, 6.966424 ], [ -5.778887, 6.966379 ], [ -5.78176, 6.966171 ], [ -5.784415, 6.965959 ], [ -5.787413, 6.965317 ], [ -5.793862, 6.962134 ], [ -5.800523, 6.961985 ], [ -5.805079, 6.96022 ], [ -5.80831, 6.958463 ], [ -5.813793, 6.954183 ], [ -5.815636, 6.950744 ], [ -5.815833, 6.950377 ], [ -5.816086, 6.950009 ], [ -5.819109, 6.94393 ], [ -5.819212, 6.943609 ], [ -5.819454, 6.943037 ], [ -5.820375, 6.941155 ], [ -5.820595, 6.94076 ], [ -5.821037, 6.940008 ], [ -5.821436, 6.939393 ], [ -5.821864, 6.938687 ], [ -5.822768, 6.93726 ], [ -5.823752, 6.93563 ], [ -5.824693, 6.934074 ], [ -5.825192, 6.93315 ], [ -5.825824, 6.931888 ], [ -5.827237, 6.92878 ], [ -5.828432, 6.926271 ], [ -5.831683, 6.927819 ], [ -5.830488, 6.930328 ], [ -5.830414821498771, 6.930488918838318 ], [ -5.830415, 6.930489 ], [ -5.829101, 6.933378 ], [ -5.828413, 6.934759 ], [ -5.827861, 6.935783 ], [ -5.826835, 6.937489 ], [ -5.825851, 6.93912 ], [ -5.824905, 6.940614 ], [ -5.824517, 6.941256 ], [ -5.82406, 6.941963 ], [ -5.822573, 6.94621 ], [ -5.822474, 6.946795 ], [ -5.822216, 6.947546 ], [ -5.821344, 6.949214 ], [ -5.820707, 6.950108 ], [ -5.820408, 6.950621 ], [ -5.825032, 6.958122 ], [ -5.82756, 6.957922 ], [ -5.830089, 6.957722 ], [ -5.832618, 6.957523 ], [ -5.834938, 6.957352 ], [ -5.835463, 6.957253 ], [ -5.838166, 6.956503 ], [ -5.838918, 6.956319 ], [ -5.839496, 6.95621 ], [ -5.840666, 6.956036 ], [ -5.844381, 6.95573 ], [ -5.848138, 6.955421 ], [ -5.85055, 6.955279 ], [ -5.852962, 6.955137 ], [ -5.855374, 6.954994 ], [ -5.85771, 6.954858 ], [ -5.860386, 6.954586 ], [ -5.863063, 6.954315 ], [ -5.865739, 6.954044 ], [ -5.870532, 6.948419 ], [ -5.869846, 6.945547 ], [ -5.869088, 6.942648 ], [ -5.869088012221522, 6.942647996803387 ], [ -5.869025, 6.942407 ], [ -5.868802, 6.941535 ], [ -5.868622, 6.940711 ], [ -5.868139, 6.938688 ], [ -5.867657, 6.936756 ], [ -5.871149, 6.935883 ], [ -5.87564, 6.942983 ], [ -5.87578, 6.943531 ], [ -5.875852, 6.945781 ], [ -5.875828, 6.946536 ], [ -5.875144852898933, 6.949008884545829 ], [ -5.879141, 6.954954 ], [ -5.881653, 6.955591 ], [ -5.8849, 6.956421 ], [ -5.887327, 6.957035 ], [ -5.895729, 6.955508 ], [ -5.898325, 6.953225 ], [ -5.899943, 6.950701 ], [ -5.903481, 6.950037 ], [ -5.906973, 6.952872 ], [ -5.911879, 6.953282 ], [ -5.915446, 6.952362 ], [ -5.917142, 6.955537 ], [ -5.916607, 6.955823 ], [ -5.915924, 6.95613 ], [ -5.915617, 6.956242 ], [ -5.914337, 6.956615 ], [ -5.91355, 6.956758 ], [ -5.912709, 6.956865 ], [ -5.911895, 6.956882 ] ] ], [ [ [ -6.250646, 8.094423 ], [ -6.250297, 8.094175 ], [ -6.249965, 8.093939 ], [ -6.242073, 8.089849 ], [ -6.241738, 8.089769 ], [ -6.237432, 8.088392 ], [ -6.23722, 8.088333 ], [ -6.237021, 8.088278 ], [ -6.236211, 8.088022 ], [ -6.231755, 8.086843 ], [ -6.231421, 8.086763 ], [ -6.23111, 8.086651 ], [ -6.229693, 8.086035 ], [ -6.228286, 8.085423 ], [ -6.227324, 8.08498 ], [ -6.225723, 8.084281 ], [ -6.225074, 8.08402 ], [ -6.224863, 8.083908 ], [ -6.224608, 8.083733 ], [ -6.222956, 8.082483 ], [ -6.22131, 8.081237 ], [ -6.220304, 8.080511 ], [ -6.219294, 8.079783 ], [ -6.215748, 8.077775 ], [ -6.214131, 8.077038 ], [ -6.213946, 8.076944 ], [ -6.213758, 8.076825 ], [ -6.213586, 8.076715 ], [ -6.213432, 8.076586 ], [ -6.211401, 8.075044 ], [ -6.21107, 8.074809 ], [ -6.210744, 8.074578 ], [ -6.210613, 8.074448 ], [ -6.207672, 8.072184 ], [ -6.205641, 8.07128 ], [ -6.203613, 8.070378 ], [ -6.195838, 8.071778 ], [ -6.192239, 8.07803 ], [ -6.192017, 8.078869 ], [ -6.191794, 8.079712 ], [ -6.191671, 8.080134 ], [ -6.191544, 8.080571 ], [ -6.191454, 8.080797 ], [ -6.191334, 8.081004 ], [ -6.191125, 8.081314 ], [ -6.190898, 8.081647 ], [ -6.189114, 8.083552 ], [ -6.187342, 8.085444 ], [ -6.186093, 8.092415 ], [ -6.183498, 8.100811 ], [ -6.183406, 8.101232 ], [ -6.178283, 8.108513 ], [ -6.177979, 8.109141 ], [ -6.177339, 8.110584 ], [ -6.176937, 8.111599 ], [ -6.176535, 8.112615 ], [ -6.174738, 8.118424 ], [ -6.174404, 8.119785 ], [ -6.174065, 8.121164 ], [ -6.173984, 8.121388 ], [ -6.1739, 8.121623 ], [ -6.17293, 8.123873 ], [ -6.171956, 8.126134 ], [ -6.171144, 8.12773 ], [ -6.170332, 8.129327 ], [ -6.170012, 8.129164 ], [ -6.170823, 8.127567 ], [ -6.171635, 8.125971 ], [ -6.172599, 8.123731 ], [ -6.173569, 8.121481 ], [ -6.174054, 8.119699 ], [ -6.174388, 8.118338 ], [ -6.174554, 8.117575 ], [ -6.17472, 8.116806 ], [ -6.174916, 8.116057 ], [ -6.175111, 8.115317 ], [ -6.175253, 8.114887 ], [ -6.175393, 8.114469 ], [ -6.175799, 8.113469 ], [ -6.176201, 8.112479 ], [ -6.176603, 8.111466 ], [ -6.177005, 8.110452 ], [ -6.177176, 8.110035 ], [ -6.177347, 8.109622 ], [ -6.177655, 8.108984 ], [ -6.177959, 8.108356 ], [ -6.179239, 8.106019 ], [ -6.180123, 8.102434 ], [ -6.178024, 8.094947 ], [ -6.178205, 8.094635 ], [ -6.180523, 8.092102 ], [ -6.180678, 8.09203 ], [ -6.184928, 8.088338 ], [ -6.185548, 8.087359 ], [ -6.186159, 8.086393 ], [ -6.186612, 8.085802 ], [ -6.187056, 8.085225 ], [ -6.188851, 8.083306 ], [ -6.190635, 8.081401 ], [ -6.191448, 8.079611 ], [ -6.191669, 8.078777 ], [ -6.191891, 8.077938 ], [ -6.19231, 8.075955 ], [ -6.185253, 8.070793 ], [ -6.183864, 8.071252 ], [ -6.183108, 8.071478 ], [ -6.182355, 8.071703 ], [ -6.181894, 8.071852 ], [ -6.181427, 8.072001 ], [ -6.1809, 8.072152 ], [ -6.180377, 8.072301 ], [ -6.179388, 8.07261 ], [ -6.175109, 8.076565 ], [ -6.17274, 8.079645 ], [ -6.172623, 8.079834 ], [ -6.172467, 8.080047 ], [ -6.172309, 8.080262 ], [ -6.172185, 8.080424 ], [ -6.172051, 8.08057 ], [ -6.171944, 8.080665 ], [ -6.171712, 8.08079 ], [ -6.171278, 8.080937 ], [ -6.169331, 8.081902 ], [ -6.166379, 8.084429 ], [ -6.166309, 8.084506 ], [ -6.166069, 8.084718 ], [ -6.165821, 8.084937 ], [ -6.165628, 8.085089 ], [ -6.165424, 8.085249 ], [ -6.164994, 8.085538 ], [ -6.164545, 8.085837 ], [ -6.161537, 8.088808 ], [ -6.161412, 8.088991 ], [ -6.161259, 8.089137 ], [ -6.16109, 8.089296 ], [ -6.159814, 8.090387 ], [ -6.15926, 8.090937 ], [ -6.157463, 8.093457 ], [ -6.157177, 8.093988 ], [ -6.157009, 8.094325 ], [ -6.156938, 8.094429 ], [ -6.155456, 8.096878 ], [ -6.155252, 8.097269 ], [ -6.154869, 8.098092 ], [ -6.154678, 8.098552 ], [ -6.154029, 8.100077 ], [ -6.153871, 8.100556 ], [ -6.153736, 8.100858 ], [ -6.153553, 8.1012 ], [ -6.152863, 8.102162 ], [ -6.152753, 8.102321 ], [ -6.152633, 8.102494 ], [ -6.15235, 8.102829 ], [ -6.151424, 8.104033 ], [ -6.150304, 8.105844 ], [ -6.149823, 8.106796 ], [ -6.149648, 8.107183 ], [ -6.149456, 8.107599 ], [ -6.148785, 8.10856 ], [ -6.148114, 8.109521 ], [ -6.147819, 8.109315 ], [ -6.14849, 8.108354 ], [ -6.149495, 8.106647 ], [ -6.149983, 8.105682 ], [ -6.150468, 8.104724 ], [ -6.151135, 8.103819 ], [ -6.151785, 8.10294 ], [ -6.154032, 8.098983 ], [ -6.154722, 8.097508 ], [ -6.154932, 8.097103 ], [ -6.155285, 8.096381 ], [ -6.155438, 8.096041 ], [ -6.155642, 8.09566 ], [ -6.15584, 8.095289 ], [ -6.156008, 8.095016 ], [ -6.15617, 8.094753 ], [ -6.157146, 8.093286 ], [ -6.157436, 8.092749 ], [ -6.157618, 8.092432 ], [ -6.157797, 8.092118 ], [ -6.157938, 8.091905 ], [ -6.158583, 8.091054 ], [ -6.158819, 8.090843 ], [ -6.15956, 8.090132 ], [ -6.160104, 8.089591 ], [ -6.162051, 8.087016 ], [ -6.162143, 8.086872 ], [ -6.162341, 8.086635 ], [ -6.162561, 8.08644 ], [ -6.16286, 8.086228 ], [ -6.163098, 8.086102 ], [ -6.16331, 8.085997 ], [ -6.16357, 8.085895 ], [ -6.164794, 8.085239 ], [ -6.16648, 8.08365 ], [ -6.166635, 8.083456 ], [ -6.166885, 8.083172 ], [ -6.16713, 8.082896 ], [ -6.167376, 8.07394 ], [ -6.160304, 8.07322 ], [ -6.160069, 8.073354 ], [ -6.159856, 8.073448 ], [ -6.15963, 8.073547 ], [ -6.159007, 8.073768 ], [ -6.158381, 8.073991 ], [ -6.157564, 8.074264 ], [ -6.156743, 8.07454 ], [ -6.156102, 8.074736 ], [ -6.155455, 8.074934 ], [ -6.155133, 8.07502 ], [ -6.154804, 8.075108 ], [ -6.15453, 8.075169 ], [ -6.154249, 8.075232 ], [ -6.15405, 8.075268 ], [ -6.153836, 8.075306 ], [ -6.153405, 8.075345 ], [ -6.152966, 8.075384 ], [ -6.152357, 8.075407 ], [ -6.151745, 8.07543 ], [ -6.150716, 8.075446 ], [ -6.149688, 8.075462 ], [ -6.148162, 8.075486 ], [ -6.146644, 8.07551 ], [ -6.146333, 8.075526 ], [ -6.145704, 8.075574 ], [ -6.144998, 8.075665 ], [ -6.144612, 8.075724 ], [ -6.144196, 8.0758 ], [ -6.143302, 8.075998 ], [ -6.142274, 8.076289 ], [ -6.141732, 8.076456 ], [ -6.140393, 8.0769 ], [ -6.139049, 8.077346 ], [ -6.138145, 8.077618 ], [ -6.137235, 8.077892 ], [ -6.136147, 8.07818 ], [ -6.134992, 8.078486 ], [ -6.130729, 8.07963 ], [ -6.125096, 8.08632 ], [ -6.124993, 8.08672 ], [ -6.124786, 8.087871 ], [ -6.124737, 8.088276 ], [ -6.124672, 8.089 ], [ -6.124603, 8.089755 ], [ -6.12449, 8.090187 ], [ -6.12399, 8.094566 ], [ -6.123856, 8.095021 ], [ -6.123718, 8.095486 ], [ -6.123642, 8.095694 ], [ -6.123337, 8.096297 ], [ -6.123008, 8.096934 ], [ -6.121995, 8.098459 ], [ -6.121802, 8.098749 ], [ -6.119534, 8.102692 ], [ -6.11918, 8.102626 ], [ -6.119244, 8.102282 ], [ -6.119314, 8.102039 ], [ -6.11938, 8.101813 ], [ -6.119469, 8.10161 ], [ -6.119669, 8.101099 ], [ -6.119781, 8.100827 ], [ -6.11989, 8.100562 ], [ -6.120012, 8.100292 ], [ -6.120131, 8.100028 ], [ -6.120213, 8.099909 ], [ -6.120434, 8.099671 ], [ -6.121841, 8.097941 ], [ -6.122154, 8.097448 ], [ -6.123624, 8.093497 ], [ -6.12361, 8.092476 ], [ -6.123644, 8.092155 ], [ -6.123743, 8.091783 ], [ -6.123885, 8.091162 ], [ -6.124028, 8.090534 ], [ -6.124142, 8.090096 ], [ -6.124314, 8.088969 ], [ -6.124378, 8.088244 ], [ -6.116832, 8.083776 ], [ -6.115953, 8.084187 ], [ -6.115453, 8.084453 ], [ -6.114399, 8.085167 ], [ -6.112652, 8.087047 ], [ -6.110888, 8.088943 ], [ -6.110623, 8.089167 ], [ -6.11035, 8.089397 ], [ -6.110076, 8.089606 ], [ -6.109797, 8.089819 ], [ -6.10924, 8.090216 ], [ -6.108293, 8.090946 ], [ -6.107511, 8.091723 ], [ -6.107107, 8.092181 ], [ -6.106699, 8.092607 ], [ -6.106278, 8.093045 ], [ -6.105897, 8.093369 ], [ -6.105505, 8.093701 ], [ -6.105121, 8.093984 ], [ -6.104724, 8.094275 ], [ -6.104394, 8.094478 ], [ -6.104054, 8.094687 ], [ -6.103731, 8.094858 ], [ -6.103399, 8.095034 ], [ -6.10295, 8.095242 ], [ -6.102463, 8.095463 ], [ -6.102195, 8.095518 ], [ -6.101848, 8.095527 ], [ -6.100877, 8.095425 ], [ -6.0999, 8.095322 ], [ -6.098608, 8.095142 ], [ -6.097318, 8.094961 ], [ -6.096683, 8.094884 ], [ -6.096058, 8.094807 ], [ -6.093697, 8.094637 ], [ -6.08976, 8.0946 ], [ -6.082601, 8.097014 ], [ -6.081431, 8.097739 ], [ -6.081242, 8.097433 ], [ -6.082412, 8.096708 ], [ -6.083582, 8.095984 ], [ -6.083937, 8.095792 ], [ -6.084283, 8.095604 ], [ -6.084739, 8.09542 ], [ -6.085176, 8.095245 ], [ -6.085952, 8.094997 ], [ -6.086716, 8.094753 ], [ -6.087111, 8.094649 ], [ -6.087496, 8.094548 ], [ -6.087841, 8.094475 ], [ -6.088178, 8.094405 ], [ -6.088527, 8.094375 ], [ -6.088855, 8.094348 ], [ -6.089716, 8.094243 ], [ -6.090585, 8.094137 ], [ -6.090972, 8.094122 ], [ -6.091343, 8.094108 ], [ -6.093723, 8.094278 ], [ -6.096084, 8.094448 ], [ -6.096727, 8.094526 ], [ -6.097362, 8.094604 ], [ -6.098657, 8.094785 ], [ -6.106846, 8.091932 ], [ -6.107241, 8.091485 ], [ -6.10764, 8.091032 ], [ -6.10806, 8.090672 ], [ -6.108461, 8.090331 ], [ -6.109031, 8.089923 ], [ -6.109588, 8.089526 ], [ -6.109858, 8.08932 ], [ -6.11039, 8.088892 ], [ -6.110656, 8.088668 ], [ -6.112388, 8.086802 ], [ -6.114135, 8.084922 ], [ -6.110944, 8.07715 ], [ -6.109323, 8.076936 ], [ -6.108699, 8.07693 ], [ -6.108472, 8.076939 ], [ -6.107755, 8.077004 ], [ -6.107244, 8.077064 ], [ -6.106005, 8.077161 ], [ -6.104748, 8.07726 ], [ -6.104315, 8.077249 ], [ -6.103859, 8.077236 ], [ -6.103361, 8.077156 ], [ -6.102851, 8.077074 ], [ -6.102396, 8.076968 ], [ -6.101927, 8.076858 ], [ -6.10094, 8.076544 ], [ -6.099953, 8.07623 ], [ -6.100063, 8.075887 ], [ -6.108218, 8.076588 ], [ -6.108459, 8.076579 ], [ -6.108686, 8.076571 ], [ -6.109326, 8.076576 ], [ -6.109958, 8.076581 ], [ -6.110142, 8.07659 ], [ -6.110345, 8.076621 ], [ -6.110527, 8.076651 ], [ -6.111047, 8.076805 ], [ -6.111544, 8.076954 ], [ -6.111831, 8.07705 ], [ -6.112112, 8.077144 ], [ -6.112349, 8.07723 ], [ -6.113534, 8.077718 ], [ -6.11418, 8.077961 ], [ -6.116059, 8.078662 ], [ -6.117017, 8.078971 ], [ -6.117962, 8.079308 ], [ -6.11852, 8.079496 ], [ -6.126369, 8.080427 ], [ -6.130636, 8.079282 ], [ -6.134899, 8.078138 ], [ -6.136055, 8.077832 ], [ -6.142787, 8.072428 ], [ -6.143138, 8.072347 ], [ -6.148157, 8.075126 ], [ -6.152999, 8.068215 ], [ -6.15462, 8.067407 ], [ -6.154715, 8.06742 ], [ -6.155227, 8.06751 ], [ -6.155959, 8.067627 ], [ -6.157797, 8.067718 ], [ -6.15828, 8.067786 ], [ -6.158583, 8.067824 ], [ -6.158885, 8.067882 ], [ -6.159432, 8.067978 ], [ -6.159696, 8.068019 ], [ -6.160008, 8.068154 ], [ -6.160274, 8.068274 ], [ -6.16049, 8.068393 ], [ -6.168709, 8.069319 ], [ -6.170746, 8.068696 ], [ -6.171089, 8.068561 ], [ -6.171683, 8.068306 ], [ -6.172155, 8.068068 ], [ -6.172384, 8.067946 ], [ -6.173623, 8.067186 ], [ -6.174872, 8.066421 ], [ -6.176077, 8.065759 ], [ -6.176689, 8.065428 ], [ -6.177619, 8.064856 ], [ -6.176808, 8.05594 ], [ -6.176452, 8.055809 ], [ -6.176106, 8.055681 ], [ -6.175823, 8.055594 ], [ -6.175499, 8.055489 ], [ -6.175239, 8.055331 ], [ -6.174931, 8.05513 ], [ -6.174479, 8.05456 ], [ -6.17403, 8.053994 ], [ -6.173524, 8.053398 ], [ -6.173016, 8.052801 ], [ -6.171836, 8.051384 ], [ -6.163848, 8.047534 ], [ -6.162702, 8.047512 ], [ -6.162214, 8.047445 ], [ -6.161675, 8.047364 ], [ -6.159745, 8.046463 ], [ -6.157807, 8.045558 ], [ -6.15647, 8.044846 ], [ -6.155125, 8.044128 ], [ -6.153219, 8.042967 ], [ -6.150485, 8.041451 ], [ -6.14901, 8.040874 ], [ -6.147518, 8.040289 ], [ -6.139847, 8.039483 ], [ -6.139232, 8.039574 ], [ -6.138622, 8.039664 ], [ -6.138164, 8.039744 ], [ -6.1377, 8.039824 ], [ -6.137185, 8.039897 ], [ -6.136252, 8.040051 ], [ -6.135828, 8.040133 ], [ -6.135145, 8.040278 ], [ -6.133879, 8.040573 ], [ -6.133279, 8.040727 ], [ -6.132924, 8.040797 ], [ -6.132569, 8.040868 ], [ -6.132499, 8.040514 ], [ -6.132854, 8.040444 ], [ -6.133209, 8.040374 ], [ -6.133789, 8.040224 ], [ -6.134379, 8.040073 ], [ -6.136335, 8.031564 ], [ -6.134248, 8.030749 ], [ -6.132161, 8.029933 ], [ -6.132292, 8.029598 ], [ -6.134379, 8.030413 ], [ -6.136466, 8.031229 ], [ -6.137481, 8.031653 ], [ -6.139286, 8.032361 ], [ -6.141075, 8.033064 ], [ -6.141903, 8.03342 ], [ -6.142727, 8.033773 ], [ -6.143909, 8.034266 ], [ -6.145093, 8.03476 ], [ -6.146307, 8.035244 ], [ -6.147523, 8.035729 ], [ -6.151352, 8.037296 ], [ -6.155179, 8.038862 ], [ -6.159006, 8.040429 ], [ -6.162833, 8.041996 ], [ -6.16408, 8.042439 ], [ -6.165335, 8.042885 ], [ -6.168921, 8.044383 ], [ -6.172498, 8.045878 ], [ -6.173891, 8.046468 ], [ -6.18222, 8.044369 ], [ -6.183867, 8.038302 ], [ -6.183189, 8.03601 ], [ -6.182513, 8.033719 ], [ -6.18161, 8.030721 ], [ -6.179293, 8.025863 ], [ -6.177822, 8.021024 ], [ -6.177466, 8.020286 ], [ -6.176908, 8.019279 ], [ -6.176353, 8.018275 ], [ -6.175786, 8.017316 ], [ -6.175215, 8.016352 ], [ -6.17409, 8.014279 ], [ -6.172966, 8.012207 ], [ -6.165547, 8.008397 ], [ -6.164505, 8.008354 ], [ -6.161936, 8.00778 ], [ -6.161569, 8.007678 ], [ -6.157119, 8.006801 ], [ -6.156872, 8.006778 ], [ -6.156586, 8.006708 ], [ -6.155516, 8.006393 ], [ -6.155296, 8.006272 ], [ -6.154111, 8.005607 ], [ -6.153623, 8.005284 ], [ -6.153118, 8.004947 ], [ -6.152846, 8.004711 ], [ -6.152566, 8.004467 ], [ -6.152306, 8.004208 ], [ -6.152033, 8.003933 ], [ -6.151865, 8.003719 ], [ -6.151697, 8.003505 ], [ -6.15198, 8.003283 ], [ -6.155069, 8.005578 ], [ -6.158209, 8.006407 ], [ -6.158835, 8.006428 ], [ -6.159172, 8.006455 ], [ -6.159501, 8.006481 ], [ -6.15973, 8.006516 ], [ -6.159946, 8.006549 ], [ -6.160205, 8.006641 ], [ -6.160428, 8.006724 ], [ -6.167362, 8.001764 ], [ -6.165604, 7.998482 ], [ -6.164958, 7.997433 ], [ -6.164314, 7.996387 ], [ -6.162272, 7.993231 ], [ -6.16023, 7.990074 ], [ -6.160532, 7.989878 ], [ -6.162574, 7.993035 ], [ -6.164616, 7.996192 ], [ -6.165264, 7.997244 ], [ -6.165911, 7.998293 ], [ -6.16768, 8.001594 ], [ -6.169443, 8.004885 ], [ -6.169986, 8.005874 ], [ -6.170529, 8.006865 ], [ -6.170785, 8.007384 ], [ -6.171037, 8.007897 ], [ -6.172158, 8.009963 ], [ -6.173282, 8.012035 ], [ -6.174407, 8.014108 ], [ -6.175531, 8.01618 ], [ -6.176095, 8.017133 ], [ -6.176663, 8.018092 ], [ -6.177223, 8.019104 ], [ -6.182608, 8.023496 ], [ -6.182863, 8.024479 ], [ -6.183149, 8.025652 ], [ -6.183911, 8.028572 ], [ -6.192792, 8.027186 ], [ -6.192607, 8.025989 ], [ -6.192668, 8.025639 ], [ -6.192747, 8.025236 ], [ -6.194219, 8.022409 ], [ -6.195682, 8.019603 ], [ -6.196068, 8.018021 ], [ -6.197629, 8.013451 ], [ -6.19771, 8.012738 ], [ -6.197736, 8.012475 ], [ -6.197866, 8.011226 ], [ -6.197909, 8.010826 ], [ -6.197953, 8.010419 ], [ -6.198053, 8.009746 ], [ -6.198155, 8.009065 ], [ -6.198212, 8.008777 ], [ -6.198273, 8.00847 ], [ -6.198654, 8.006931 ], [ -6.198838, 8.005965 ], [ -6.198929, 8.005616 ], [ -6.199162, 8.005061 ], [ -6.199409, 8.004478 ], [ -6.199585, 8.00421 ], [ -6.200319, 8.002978 ], [ -6.201277, 8.001438 ], [ -6.201906, 8.00105 ], [ -6.202534, 8.000662 ], [ -6.202723, 8.000968 ], [ -6.198969, 8.007429 ], [ -6.198197, 8.012144 ], [ -6.197901, 8.014812 ], [ -6.197786, 8.015595 ], [ -6.197501, 8.016353 ], [ -6.197228, 8.017061 ], [ -6.19602, 8.019726 ], [ -6.194538, 8.022575 ], [ -6.193676, 8.029801 ], [ -6.193975, 8.03295 ], [ -6.193909, 8.033398 ], [ -6.193808, 8.034091 ], [ -6.192434, 8.041752 ], [ -6.19183, 8.045919 ], [ -6.192727, 8.049998 ], [ -6.197983, 8.05665 ], [ -6.19897, 8.056657 ], [ -6.20035, 8.05659 ], [ -6.200628, 8.05659 ], [ -6.200962, 8.056669 ], [ -6.201296, 8.056747 ], [ -6.201214, 8.057098 ], [ -6.19837, 8.062107 ], [ -6.202535, 8.069519 ], [ -6.20376, 8.070049 ], [ -6.205788, 8.070951 ], [ -6.207781, 8.071496 ], [ -6.209389, 8.07256 ], [ -6.209628, 8.072718 ], [ -6.209838, 8.072888 ], [ -6.209987, 8.073025 ], [ -6.210149, 8.073176 ], [ -6.217519, 8.078187 ], [ -6.217826, 8.078342 ], [ -6.218118, 8.078519 ], [ -6.21881, 8.079004 ], [ -6.219504, 8.079491 ], [ -6.220514, 8.080219 ], [ -6.221527, 8.08095 ], [ -6.227474, 8.084653 ], [ -6.23324, 8.086711 ], [ -6.233473, 8.086769 ], [ -6.233716, 8.08683 ], [ -6.233911, 8.08689 ], [ -6.234112, 8.086951 ], [ -6.239159, 8.088305 ], [ -6.239478, 8.088374 ], [ -6.244404, 8.089939 ], [ -6.245098, 8.090157 ], [ -6.24581, 8.090381 ], [ -6.246392, 8.09063 ], [ -6.246998, 8.090893 ], [ -6.247459, 8.091178 ], [ -6.247946, 8.091484 ], [ -6.254237, 8.095766 ], [ -6.254098, 8.096098 ], [ -6.253495, 8.095845 ], [ -6.252891, 8.095593 ], [ -6.252273, 8.095286 ], [ -6.251666, 8.094984 ], [ -6.251153, 8.094702 ], [ -6.250646, 8.094423 ] ] ], [ [ [ -6.795709, 8.001486 ], [ -6.793361, 7.9989 ], [ -6.790732, 7.996881 ], [ -6.784213, 7.995617 ], [ -6.781579, 7.995791 ], [ -6.778997, 7.995961 ], [ -6.778003, 7.995998 ], [ -6.776415, 7.996129 ], [ -6.773162, 7.996395 ], [ -6.771207, 7.996634 ], [ -6.76944, 7.996924 ], [ -6.768036, 7.997018 ], [ -6.766401, 7.996998 ], [ -6.765134, 7.996884 ], [ -6.761916, 7.996406 ], [ -6.758793, 7.99594 ], [ -6.755583, 7.99545 ], [ -6.752378, 7.994961 ], [ -6.749172, 7.994473 ], [ -6.745967, 7.993984 ], [ -6.742729, 7.993513 ], [ -6.739478, 7.99304 ], [ -6.737723, 7.992675 ], [ -6.728917, 7.992081 ], [ -6.728244, 7.992197 ], [ -6.726983, 7.992296 ], [ -6.726065, 7.992322 ], [ -6.724906, 7.992252 ], [ -6.723987, 7.992107 ], [ -6.723028, 7.991873 ], [ -6.72154, 7.991409 ], [ -6.72055, 7.991007 ], [ -6.719109, 7.990293 ], [ -6.716597, 7.989101 ], [ -6.7162, 7.988902 ], [ -6.715598, 7.988519 ], [ -6.715228, 7.988248 ], [ -6.712345, 7.986343 ], [ -6.709385, 7.984384 ], [ -6.708034, 7.983528 ], [ -6.707496, 7.983109 ], [ -6.70666, 7.982352 ], [ -6.705458, 7.981215 ], [ -6.704171, 7.979934 ], [ -6.701706, 7.977692 ], [ -6.698884, 7.976555 ], [ -6.698356, 7.976431 ], [ -6.696589, 7.97601 ], [ -6.69482, 7.975587 ], [ -6.694057, 7.975378 ], [ -6.693286, 7.97514 ], [ -6.69254, 7.974852 ], [ -6.685822, 7.975319 ], [ -6.683541, 7.982484 ], [ -6.683679, 7.982913 ], [ -6.686699, 7.986912 ], [ -6.687977, 7.988051 ], [ -6.689918, 7.989675 ], [ -6.690937, 7.990554 ], [ -6.692142, 7.991716 ], [ -6.69233, 7.992055 ], [ -6.698758, 7.996436 ], [ -6.700124, 7.996522 ], [ -6.701131, 7.997502 ], [ -6.702143, 7.999106 ], [ -6.703109, 8.000153 ], [ -6.703937, 8.001092 ], [ -6.706103, 8.003261 ], [ -6.707538, 8.004671 ], [ -6.708426, 8.005388 ], [ -6.710157, 8.006744 ], [ -6.711386, 8.007829 ], [ -6.711709, 8.008264 ], [ -6.712022, 8.008836 ], [ -6.712282, 8.00948 ], [ -6.712639, 8.010439 ], [ -6.713012, 8.011668 ], [ -6.715299, 8.016069 ], [ -6.716001, 8.017072 ], [ -6.716903, 8.018165 ], [ -6.717666, 8.019229 ], [ -6.71865, 8.02096 ], [ -6.719173, 8.02184 ], [ -6.721173, 8.02457 ], [ -6.723123, 8.027235 ], [ -6.725576, 8.030047 ], [ -6.726912, 8.031448 ], [ -6.727566, 8.032224 ], [ -6.727946, 8.032706 ], [ -6.728739, 8.033834 ], [ -6.729397, 8.034745 ], [ -6.736669, 8.039965 ], [ -6.73734, 8.040237 ], [ -6.73825, 8.040626 ], [ -6.743885, 8.042594 ], [ -6.745621, 8.043088 ], [ -6.746519, 8.043317 ], [ -6.747628, 8.043736 ], [ -6.748254, 8.044128 ], [ -6.748783, 8.044517 ], [ -6.749445, 8.045154 ], [ -6.750121, 8.045951 ], [ -6.750735, 8.046822 ], [ -6.7545, 8.052338 ], [ -6.751906, 8.054834 ], [ -6.750427, 8.053297 ], [ -6.750039, 8.052794 ], [ -6.74941, 8.051745 ], [ -6.748942, 8.051059 ], [ -6.742504, 8.046003 ], [ -6.741198, 8.04585 ], [ -6.734512, 8.04784 ], [ -6.731177, 8.048651 ], [ -6.731082, 8.04842 ], [ -6.730956, 8.047342 ], [ -6.728836, 8.040314 ], [ -6.727238, 8.038119 ], [ -6.722974, 8.032534 ], [ -6.721712, 8.031214 ], [ -6.720318, 8.029492 ], [ -6.718269, 8.026697 ], [ -6.716269, 8.023967 ], [ -6.715569, 8.022822 ], [ -6.713229, 8.019369 ], [ -6.712731, 8.018725 ], [ -6.712263, 8.018003 ], [ -6.710598, 8.015487 ], [ -6.710395, 8.015148 ], [ -6.710118, 8.014569 ], [ -6.705278, 8.007473 ], [ -6.70359, 8.005839 ], [ -6.70139, 8.003636 ], [ -6.694026, 8.001426 ], [ -6.693308, 8.001477 ], [ -6.692353, 8.001079 ], [ -6.691831, 8.000428 ], [ -6.69055, 7.998724 ], [ -6.689738, 7.997745 ], [ -6.689294, 7.996559 ], [ -6.685667, 7.990812 ], [ -6.684306, 7.989602 ], [ -6.68198, 7.987706 ], [ -6.681753, 7.987495 ], [ -6.681306, 7.986971 ], [ -6.681087, 7.986651 ], [ -6.680885, 7.986238 ], [ -6.680771, 7.985925 ], [ -6.67984, 7.983141 ], [ -6.678993, 7.981873 ], [ -6.678637, 7.981271 ], [ -6.678323, 7.980796 ], [ -6.670648, 7.978856 ], [ -6.669322, 7.979773 ], [ -6.667783, 7.981648 ], [ -6.666826, 7.98414 ], [ -6.665711, 7.987171 ], [ -6.665173, 7.988514 ], [ -6.66442, 7.99047 ], [ -6.663707, 7.992435 ], [ -6.663015, 7.994341 ], [ -6.662837, 7.994881 ], [ -6.661968, 7.998158 ], [ -6.660957, 8.002174 ], [ -6.659939, 8.006218 ], [ -6.659346, 8.008421 ], [ -6.658975, 8.009693 ], [ -6.658379, 8.011447 ], [ -6.657737, 8.013126 ], [ -6.656576, 8.015912 ], [ -6.655436, 8.018644 ], [ -6.654667, 8.020943 ], [ -6.653332, 8.028931 ], [ -6.653386, 8.030959 ], [ -6.653385, 8.031748 ], [ -6.653351, 8.033089 ], [ -6.65323, 8.034508 ], [ -6.653061, 8.035561 ], [ -6.652679, 8.037648 ], [ -6.652304, 8.039647 ], [ -6.651999, 8.040986 ], [ -6.651522, 8.042724 ], [ -6.651038, 8.044486 ], [ -6.65041, 8.046654 ], [ -6.651031, 8.055235 ], [ -6.651496, 8.056002 ], [ -6.652271, 8.05729 ], [ -6.653497, 8.059248 ], [ -6.65418, 8.06049 ], [ -6.659074, 8.067692 ], [ -6.659602, 8.068305 ], [ -6.660098, 8.068968 ], [ -6.657216, 8.071125 ], [ -6.655567, 8.069358 ], [ -6.654078, 8.068306 ], [ -6.653388, 8.067554 ], [ -6.652858, 8.06684 ], [ -6.644125, 8.068561 ], [ -6.643614, 8.069763 ], [ -6.643299, 8.070336 ], [ -6.642693, 8.071249 ], [ -6.642201, 8.071838 ], [ -6.640491, 8.07376 ], [ -6.638238, 8.077642 ], [ -6.637635, 8.079571 ], [ -6.638207, 8.087018 ], [ -6.634264452700712, 8.09372753515634 ], [ -6.633432, 8.096753 ], [ -6.633431657495502, 8.096752934830215 ], [ -6.633199, 8.097976 ], [ -6.629662, 8.097304 ], [ -6.629153, 8.090144 ], [ -6.633051, 8.082254 ], [ -6.634193, 8.078519 ], [ -6.634802, 8.076568 ], [ -6.635171, 8.075603 ], [ -6.635375, 8.075128 ], [ -6.635878, 8.074075 ], [ -6.636271, 8.073386 ], [ -6.636991, 8.072367 ], [ -6.637693, 8.071495 ], [ -6.640859, 8.066982 ], [ -6.6419, 8.063346 ], [ -6.642959, 8.059652 ], [ -6.644018, 8.055958 ], [ -6.645077, 8.052264 ], [ -6.645697, 8.050055 ], [ -6.64632, 8.047836 ], [ -6.646952, 8.045653 ], [ -6.64758, 8.043485 ], [ -6.648051, 8.04177 ], [ -6.648528, 8.040032 ], [ -6.648792, 8.038854 ], [ -6.643267, 8.031934 ], [ -6.642316, 8.032147 ], [ -6.641489, 8.032284 ], [ -6.640384, 8.032436 ], [ -6.639248, 8.032524 ], [ -6.638146, 8.032526 ], [ -6.636217, 8.032384 ], [ -6.635414, 8.03229 ], [ -6.634673, 8.032127 ], [ -6.633879, 8.031838 ], [ -6.633256, 8.031522 ], [ -6.630455, 8.029891 ], [ -6.628049, 8.029025 ], [ -6.620038, 8.030498 ], [ -6.617827, 8.031627 ], [ -6.616183, 8.03242 ], [ -6.614074, 8.033273 ], [ -6.607027, 8.037586 ], [ -6.605374, 8.039302 ], [ -6.604478, 8.040137 ], [ -6.603615, 8.040982 ], [ -6.601881, 8.042915 ], [ -6.599923, 8.044888 ], [ -6.599099, 8.045569 ], [ -6.59835, 8.046147 ], [ -6.597583, 8.046676 ], [ -6.597578701909478, 8.046669777642167 ], [ -6.597391, 8.046797 ], [ -6.596683, 8.047179 ], [ -6.595235, 8.04785 ], [ -6.594341, 8.04817 ], [ -6.593025, 8.048551 ], [ -6.592023, 8.045093 ], [ -6.598435372868189, 8.040956382218274 ], [ -6.600932, 8.038581 ], [ -6.601952, 8.037572 ], [ -6.604432, 8.035092 ], [ -6.606015, 8.033445 ], [ -6.606692, 8.032869 ], [ -6.606843, 8.032744 ], [ -6.607579, 8.032222 ], [ -6.608327, 8.031783 ], [ -6.611125, 8.03027 ], [ -6.618401, 8.027292 ], [ -6.620231, 8.026255 ], [ -6.622128, 8.025182 ], [ -6.623062, 8.024843 ], [ -6.623784, 8.024705 ], [ -6.624688, 8.024727 ], [ -6.625406, 8.024819 ], [ -6.626885, 8.025111 ], [ -6.628772, 8.025498 ], [ -6.629611, 8.025704 ], [ -6.630391, 8.025918 ], [ -6.631238, 8.026263 ], [ -6.632056, 8.026667 ], [ -6.640089, 8.028849 ], [ -6.640988, 8.028719 ], [ -6.646302, 8.026517 ], [ -6.651239, 8.019843 ], [ -6.651817, 8.018043 ], [ -6.65207, 8.017367 ], [ -6.653253, 8.014527 ], [ -6.654415, 8.011741 ], [ -6.655016, 8.010163 ], [ -6.655565, 8.008539 ], [ -6.65589, 8.007416 ], [ -6.656462, 8.005284 ], [ -6.657466, 8.001295 ], [ -6.658477, 7.997279 ], [ -6.659357, 7.993958 ], [ -6.65959, 7.993231 ], [ -6.660323, 7.991208 ], [ -6.661036, 7.989243 ], [ -6.661812, 7.987222 ], [ -6.662368, 7.985832 ], [ -6.663447, 7.982897 ], [ -6.664422, 7.980357 ], [ -6.665389, 7.977841 ], [ -6.666848, 7.973902 ], [ -6.666081, 7.966069 ], [ -6.660452, 7.960098 ], [ -6.660176, 7.959936 ], [ -6.658197, 7.958975 ], [ -6.656291, 7.958103 ], [ -6.65508, 7.957532 ], [ -6.654191, 7.957154 ], [ -6.651743, 7.956016 ], [ -6.650654, 7.955479 ], [ -6.65009, 7.955075 ], [ -6.64963, 7.954621 ], [ -6.648815, 7.95387 ], [ -6.641432, 7.950569 ], [ -6.639596, 7.950405 ], [ -6.636584, 7.94904 ], [ -6.633393, 7.947567 ], [ -6.631708, 7.946814 ], [ -6.630016, 7.946057 ], [ -6.626748, 7.944576 ], [ -6.623146, 7.942897 ], [ -6.622776, 7.942596 ], [ -6.621088, 7.941176 ], [ -6.619044, 7.939535 ], [ -6.615776, 7.936911 ], [ -6.612729, 7.934537 ], [ -6.611322, 7.933339 ], [ -6.60994, 7.932162 ], [ -6.6081, 7.930652 ], [ -6.602595, 7.926941 ], [ -6.600132, 7.925687 ], [ -6.601765, 7.922478 ], [ -6.604229, 7.923732 ], [ -6.606692, 7.924987 ], [ -6.608491, 7.926317 ], [ -6.610384, 7.927869 ], [ -6.612224, 7.929379 ], [ -6.613656, 7.930599 ], [ -6.6163, 7.932666 ], [ -6.618083, 7.934147 ], [ -6.620794, 7.936269 ], [ -6.62176, 7.93708 ], [ -6.623364, 7.938387 ], [ -6.628234, 7.941297 ], [ -6.631502, 7.942778 ], [ -6.633178, 7.943527 ], [ -6.634862, 7.94428 ], [ -6.638093, 7.945772 ], [ -6.644078, 7.946783 ], [ -6.6448, 7.946858 ], [ -6.645957, 7.947121 ], [ -6.646752, 7.947401 ], [ -6.648194, 7.9483 ], [ -6.649726, 7.949576 ], [ -6.650801, 7.95076 ], [ -6.65138, 7.951344 ], [ -6.652064, 7.951969 ], [ -6.653307, 7.952774 ], [ -6.655708, 7.953889 ], [ -6.661915, 7.947791 ], [ -6.661828, 7.946877 ], [ -6.661847, 7.94577 ], [ -6.661945, 7.944962 ], [ -6.662079, 7.944272 ], [ -6.662601, 7.941614 ], [ -6.663243, 7.938512 ], [ -6.663501, 7.937119 ], [ -6.663586, 7.93651 ], [ -6.6636, 7.932892 ], [ -6.663128, 7.928496 ], [ -6.662674, 7.924226 ], [ -6.659899, 7.918069 ], [ -6.657579, 7.914895 ], [ -6.655257, 7.911717 ], [ -6.653923, 7.909883 ], [ -6.652589, 7.908049 ], [ -6.651255, 7.906215 ], [ -6.648912, 7.90306 ], [ -6.647762, 7.90144 ], [ -6.64582, 7.898765 ], [ -6.645028, 7.897791 ], [ -6.642703, 7.895011 ], [ -6.640378, 7.89223 ], [ -6.638053, 7.889449 ], [ -6.635724, 7.886664 ], [ -6.627428, 7.888023 ], [ -6.624043, 7.886799 ], [ -6.615281, 7.887156 ], [ -6.614056, 7.887821 ], [ -6.613705, 7.888003 ], [ -6.612703, 7.888418 ], [ -6.610782, 7.888954 ], [ -6.610137, 7.889087 ], [ -6.608253, 7.889404 ], [ -6.607656, 7.885854 ], [ -6.614551, 7.883365 ], [ -6.615413, 7.882911 ], [ -6.617118, 7.881895 ], [ -6.617914, 7.881408 ], [ -6.618445, 7.881065 ], [ -6.620157, 7.880264 ], [ -6.620898, 7.8799 ], [ -6.623332, 7.878219 ], [ -6.623852, 7.877849 ], [ -6.62697, 7.869467 ], [ -6.62673, 7.868057 ], [ -6.626352, 7.865665 ], [ -6.625977, 7.863289 ], [ -6.625439, 7.860083 ], [ -6.624906, 7.856903 ], [ -6.624464, 7.854485 ], [ -6.616287, 7.850964 ], [ -6.615362, 7.851217 ], [ -6.614409, 7.847746 ], [ -6.615335, 7.847492 ], [ -6.616023, 7.847257 ], [ -6.61687, 7.846998 ], [ -6.617404, 7.846812 ], [ -6.617526383133305, 7.846775279212749 ], [ -6.617526, 7.846774 ], [ -6.619497, 7.846184 ], [ -6.624893, 7.839345 ], [ -6.62496, 7.837229 ], [ -6.624932, 7.835989 ], [ -6.624851, 7.835073 ], [ -6.624719, 7.83403 ], [ -6.624097691729535, 7.830559718046293 ], [ -6.624059, 7.830344 ], [ -6.62357, 7.827455 ], [ -6.62308, 7.824567 ], [ -6.622642, 7.821982 ], [ -6.622204, 7.819397 ], [ -6.625753, 7.818795 ], [ -6.626191, 7.82138 ], [ -6.62663, 7.823965 ], [ -6.627119, 7.826854 ], [ -6.627609, 7.829742 ], [ -6.631488, 7.835154 ], [ -6.633846, 7.837874 ], [ -6.636177, 7.845926 ], [ -6.637493, 7.846675 ], [ -6.638257, 7.847144 ], [ -6.636373, 7.850212 ], [ -6.635609, 7.849743 ], [ -6.628006, 7.853839 ], [ -6.628447, 7.856257 ], [ -6.628989, 7.859488 ], [ -6.629527, 7.862693 ], [ -6.629908, 7.865103 ], [ -6.630286, 7.867495 ], [ -6.631913, 7.872991 ], [ -6.632794, 7.875193 ], [ -6.63412, 7.878319 ], [ -6.637056, 7.882633 ], [ -6.638493, 7.884364 ], [ -6.640815, 7.88714 ], [ -6.64314, 7.889921 ], [ -6.645465, 7.892701 ], [ -6.654271, 7.89129 ], [ -6.655491, 7.889457 ], [ -6.656015, 7.888689 ], [ -6.657017, 7.886798 ], [ -6.657353, 7.886112 ], [ -6.658104, 7.884807 ], [ -6.658535, 7.884207 ], [ -6.65877, 7.883929 ], [ -6.659052, 7.883644 ], [ -6.659415, 7.88333 ], [ -6.659868, 7.88297 ], [ -6.663801, 7.878602 ], [ -6.664318, 7.877776 ], [ -6.664781, 7.877158 ], [ -6.665127, 7.876781 ], [ -6.665807, 7.876171 ], [ -6.668315, 7.873837 ], [ -6.669095, 7.873124 ], [ -6.669403, 7.872899 ], [ -6.672897, 7.870057 ], [ -6.675625, 7.872407 ], [ -6.675204, 7.872896 ], [ -6.674995, 7.873127 ], [ -6.673809, 7.874302 ], [ -6.673528, 7.874545 ], [ -6.673184, 7.874794 ], [ -6.669658, 7.877613 ], [ -6.668982, 7.878264 ], [ -6.665086, 7.88316 ], [ -6.664742, 7.883614 ], [ -6.664331, 7.884091 ], [ -6.663886, 7.884509 ], [ -6.659589, 7.889831 ], [ -6.659347, 7.890232 ], [ -6.658905, 7.890835 ], [ -6.658469, 7.891481 ], [ -6.657268, 7.893285 ], [ -6.656573, 7.894487 ], [ -6.65636, 7.894788 ], [ -6.655875, 7.895391 ], [ -6.655425, 7.896001 ], [ -6.654911, 7.896655 ], [ -6.654166, 7.904098 ], [ -6.6555, 7.905932 ], [ -6.656834, 7.907766 ], [ -6.658168, 7.9096 ], [ -6.660485, 7.912771 ], [ -6.662805, 7.915945 ], [ -6.664101, 7.917747 ], [ -6.66498, 7.919305 ], [ -6.665534, 7.920654 ], [ -6.665992, 7.922367 ], [ -6.672803, 7.926696 ], [ -6.676617, 7.925931 ], [ -6.679539, 7.928034 ], [ -6.679511, 7.92812 ], [ -6.679397, 7.928442 ], [ -6.679177, 7.928971 ], [ -6.678928, 7.929413 ], [ -6.678693, 7.929726 ], [ -6.678323, 7.930087 ], [ -6.677886, 7.930377 ], [ -6.677596, 7.93052 ], [ -6.676937, 7.930747 ], [ -6.67649, 7.930848 ], [ -6.676044, 7.930889 ], [ -6.675643, 7.930874 ], [ -6.674865, 7.930767 ], [ -6.669298, 7.931965 ], [ -6.667284, 7.935747 ], [ -6.667166, 7.936887 ], [ -6.667067, 7.93761 ], [ -6.666783, 7.939163 ], [ -6.673949, 7.944574 ], [ -6.67399, 7.94457 ], [ -6.681962, 7.940868 ], [ -6.685067, 7.940587 ], [ -6.689672, 7.938767 ], [ -6.690663, 7.937831 ], [ -6.693472, 7.935283 ], [ -6.694927, 7.933369 ], [ -6.695688, 7.931579 ], [ -6.696431, 7.93028 ], [ -6.698032, 7.9236 ], [ -6.698022, 7.923075 ], [ -6.698075, 7.922349 ], [ -6.698157, 7.921643 ], [ -6.698371, 7.920595 ], [ -6.698816, 7.918835 ], [ -6.699813, 7.916113 ], [ -6.70058, 7.913895 ], [ -6.700948, 7.913231 ], [ -6.701326, 7.912759 ], [ -6.701915, 7.912172 ], [ -6.704123, 7.910245 ], [ -6.705089, 7.909578 ], [ -6.707982993381415, 7.907933708282427 ], [ -6.708466000000961, 7.907637633802228 ], [ -6.70969, 7.906887 ], [ -6.711572, 7.909956 ], [ -6.719388, 7.914224 ], [ -6.721474, 7.912966 ], [ -6.723333, 7.916049 ], [ -6.721232, 7.917344 ], [ -6.714694, 7.922467 ], [ -6.71381, 7.923356 ], [ -6.711948, 7.924704 ], [ -6.709308, 7.926799 ], [ -6.707839, 7.927992 ], [ -6.706384, 7.929174 ], [ -6.704937, 7.930433 ], [ -6.703222, 7.931848 ], [ -6.702398, 7.932558 ], [ -6.700577, 7.934066 ], [ -6.700013, 7.93457 ], [ -6.696468, 7.937526 ], [ -6.695568, 7.938209 ], [ -6.69309, 7.940489 ], [ -6.692144, 7.941384 ], [ -6.690558, 7.942826 ], [ -6.690844, 7.950702 ], [ -6.691775, 7.952019 ], [ -6.692265, 7.955457 ], [ -6.69238, 7.957733 ], [ -6.697246, 7.964109 ], [ -6.697738, 7.967675 ], [ -6.703147, 7.974308 ], [ -6.703369, 7.974451 ], [ -6.703619, 7.974621 ], [ -6.704129, 7.97503 ], [ -6.706712, 7.977384 ], [ -6.711372, 7.981382 ], [ -6.714332, 7.983342 ], [ -6.717371, 7.985356 ], [ -6.720717, 7.987072 ], [ -6.728126, 7.988569 ], [ -6.73039, 7.988061 ], [ -6.731773, 7.987829 ], [ -6.732939, 7.987784 ], [ -6.733678, 7.987821 ], [ -6.735163, 7.988085 ], [ -6.743247, 7.98995 ], [ -6.74651, 7.990425 ], [ -6.749715, 7.990914 ], [ -6.75292, 7.991402 ], [ -6.756125, 7.991891 ], [ -6.759325, 7.992379 ], [ -6.762447, 7.992845 ], [ -6.77077, 7.993061 ], [ -6.772725, 7.992821 ], [ -6.774854, 7.99257 ], [ -6.777871, 7.9924 ], [ -6.77876, 7.992368 ], [ -6.787607, 7.99091 ], [ -6.787999, 7.990883 ], [ -6.78847, 7.990909 ], [ -6.789366, 7.991128 ], [ -6.790046, 7.991501 ], [ -6.794317, 7.994709 ], [ -6.794834, 7.995132 ], [ -6.795458234820434, 7.995774957459721 ], [ -6.802177, 8.000762 ], [ -6.801124, 8.004205 ], [ -6.798633, 8.003443 ], [ -6.79803, 8.00318 ], [ -6.797275, 8.002749 ], [ -6.796457, 8.002198 ], [ -6.795709, 8.001486 ] ] ], [ [ [ -7.669492, 9.486106 ], [ -7.670642, 9.485891 ], [ -7.671912, 9.489259 ], [ -7.671656, 9.489356 ], [ -7.663449, 9.49246 ], [ -7.663036, 9.49264 ], [ -7.662933301931176, 9.49267704425346 ], [ -7.662934, 9.492679 ], [ -7.662135, 9.492965 ], [ -7.661608, 9.493112 ], [ -7.66103, 9.493215 ], [ -7.66067051105998, 9.4932408315406 ], [ -7.660671, 9.493248 ], [ -7.658762, 9.493378 ], [ -7.656853, 9.493508 ], [ -7.656205, 9.493512 ], [ -7.65559, 9.49347 ], [ -7.65355, 9.493211 ], [ -7.651599, 9.492961 ], [ -7.642836, 9.493575 ], [ -7.642323, 9.493715 ], [ -7.635119, 9.497134 ], [ -7.634589, 9.49749 ], [ -7.634055, 9.497774 ], [ -7.633474, 9.498023 ], [ -7.630254, 9.499229 ], [ -7.629628, 9.499404 ], [ -7.629132, 9.499486 ], [ -7.628559, 9.499514 ], [ -7.62164, 9.500153 ], [ -7.620609, 9.500391 ], [ -7.619715, 9.500562 ], [ -7.618896, 9.500671 ], [ -7.618051, 9.500755 ], [ -7.617096, 9.500811 ], [ -7.616439, 9.500832 ], [ -7.615703, 9.50083 ], [ -7.612673, 9.500763 ], [ -7.609677, 9.500696 ], [ -7.60891, 9.500713 ], [ -7.607957, 9.500781 ], [ -7.602175, 9.503116 ], [ -7.601709, 9.503419 ], [ -7.601234, 9.503672 ], [ -7.600772, 9.503867 ], [ -7.600246, 9.504031 ], [ -7.599287, 9.504181 ], [ -7.598888, 9.504201 ], [ -7.595136, 9.504164 ], [ -7.591477, 9.504125 ], [ -7.586193, 9.511284 ], [ -7.586335, 9.51194 ], [ -7.58647, 9.512565 ], [ -7.592762, 9.518271 ], [ -7.594442, 9.518605 ], [ -7.597464, 9.519263 ], [ -7.59946, 9.519899 ], [ -7.602071, 9.520226 ], [ -7.603327, 9.520298 ], [ -7.60512, 9.520864 ], [ -7.604038, 9.524297 ], [ -7.601479, 9.524088 ], [ -7.600524, 9.524008 ], [ -7.600110922262663, 9.52387796764782 ], [ -7.600109, 9.523884 ], [ -7.600022201541565, 9.523856367531959 ], [ -7.600022, 9.523857 ], [ -7.598196, 9.523275 ], [ -7.596371, 9.522693 ], [ -7.593685, 9.522124 ], [ -7.590827, 9.521968 ], [ -7.589867, 9.521916 ], [ -7.584970674084484, 9.521836806373958 ], [ -7.579114, 9.526749 ], [ -7.578788, 9.528123 ], [ -7.577002, 9.530975 ], [ -7.576788, 9.531342 ], [ -7.575924, 9.5389 ], [ -7.577672, 9.541216 ], [ -7.579408, 9.543517 ], [ -7.581483, 9.546203 ], [ -7.583558, 9.54889 ], [ -7.585633, 9.551576 ], [ -7.587697, 9.554249 ], [ -7.589669, 9.556752 ], [ -7.591641, 9.559256 ], [ -7.593613, 9.561759 ], [ -7.595581, 9.564258 ], [ -7.597653, 9.566871 ], [ -7.599725, 9.569483 ], [ -7.601796, 9.572096 ], [ -7.604002, 9.574874 ], [ -7.610882, 9.579311 ], [ -7.613024, 9.580002 ], [ -7.613853, 9.580323 ], [ -7.614489, 9.580673 ], [ -7.616866037954288, 9.582186020823759 ], [ -7.620895897411052, 9.583002577711808 ], [ -7.6265, 9.583113 ], [ -7.627707, 9.586504 ], [ -7.62554, 9.587508 ], [ -7.623919, 9.588306 ], [ -7.623468, 9.588507 ], [ -7.622688, 9.588686 ], [ -7.621985, 9.58868 ], [ -7.621253, 9.588544 ], [ -7.620314, 9.588204 ], [ -7.619086, 9.587547 ], [ -7.617689, 9.586671 ], [ -7.616667, 9.586145 ], [ -7.615768, 9.585704 ], [ -7.608382, 9.588287 ], [ -7.608128, 9.590485 ], [ -7.608009, 9.59106 ], [ -7.607848, 9.591674 ], [ -7.607486, 9.592817 ], [ -7.607307, 9.595676 ], [ -7.607386, 9.596645 ], [ -7.607411, 9.598567 ], [ -7.607383, 9.600315 ], [ -7.607536, 9.601752 ], [ -7.607959, 9.604054 ], [ -7.604418, 9.604705 ], [ -7.603995, 9.602403 ], [ -7.60385, 9.601463 ], [ -7.603839273460722, 9.601356786228722 ], [ -7.603837, 9.601357 ], [ -7.603799, 9.600958 ], [ -7.603784, 9.60038 ], [ -7.603599, 9.595251 ], [ -7.60358, 9.594469 ], [ -7.603634, 9.593757 ], [ -7.603848, 9.59252 ], [ -7.604003, 9.591907 ], [ -7.604804, 9.587885 ], [ -7.60509, 9.584591 ], [ -7.602394, 9.578647 ], [ -7.601176, 9.577103 ], [ -7.598976, 9.574333 ], [ -7.596904, 9.57172 ], [ -7.594832, 9.569107 ], [ -7.59276, 9.566494 ], [ -7.590785, 9.563987 ], [ -7.588813, 9.561483 ], [ -7.586841, 9.55898 ], [ -7.584869, 9.556477 ], [ -7.582783, 9.553777 ], [ -7.580708, 9.55109 ], [ -7.578633, 9.548404 ], [ -7.576558, 9.545717 ], [ -7.574798, 9.543385 ], [ -7.57305, 9.541068 ], [ -7.565617, 9.542457 ], [ -7.565109, 9.542788 ], [ -7.56234, 9.544508 ], [ -7.559581, 9.546223 ], [ -7.55754, 9.547509 ], [ -7.554621, 9.549246 ], [ -7.549598, 9.555081 ], [ -7.548822, 9.556854 ], [ -7.548448, 9.557624 ], [ -7.5481, 9.558246 ], [ -7.547756, 9.558799 ], [ -7.547346, 9.559334 ], [ -7.545082, 9.561732 ], [ -7.542818, 9.564131 ], [ -7.542817899337541, 9.564130904951261 ], [ -7.542497, 9.564471 ], [ -7.539879, 9.562 ], [ -7.540200468431967, 9.561659442308567 ], [ -7.5402, 9.561659 ], [ -7.542306589199807, 9.559427727517166 ], [ -7.545578, 9.555293 ], [ -7.546299, 9.55364 ], [ -7.547048, 9.551926 ], [ -7.547304, 9.551306 ], [ -7.547584, 9.550709 ], [ -7.547923, 9.550146 ], [ -7.548543, 9.549357 ], [ -7.548693695407061, 9.549203774259611 ], [ -7.548688, 9.549198 ], [ -7.549079, 9.548812 ], [ -7.549881, 9.548153 ], [ -7.551243, 9.54712 ], [ -7.552712, 9.546193 ], [ -7.555699, 9.544415 ], [ -7.557661, 9.543178 ], [ -7.56044, 9.541451 ], [ -7.563209, 9.53973 ], [ -7.562308, 9.531904 ], [ -7.560533, 9.528772 ], [ -7.559037, 9.526241 ], [ -7.553098, 9.523272 ], [ -7.544833, 9.526783 ], [ -7.542562, 9.528529 ], [ -7.541784, 9.529329 ], [ -7.540085, 9.530989 ], [ -7.539181, 9.531563 ], [ -7.536614, 9.533444 ], [ -7.536095, 9.533764 ], [ -7.534802, 9.534432 ], [ -7.531916, 9.536593 ], [ -7.530195, 9.536768 ], [ -7.529556, 9.536862 ], [ -7.528705, 9.534966 ], [ -7.529029, 9.533301 ], [ -7.530781, 9.532485 ], [ -7.532863, 9.531353 ], [ -7.533456, 9.531021 ], [ -7.53572, 9.52933 ], [ -7.536525, 9.528762 ], [ -7.539237, 9.526784 ], [ -7.539982, 9.526019 ], [ -7.541226, 9.524848 ], [ -7.541603, 9.524478 ], [ -7.542321, 9.523968 ], [ -7.542646, 9.523773 ], [ -7.544715, 9.52176 ], [ -7.545864, 9.520734 ], [ -7.549251, 9.518711 ], [ -7.548159248594509, 9.511693549110523 ], [ -7.545625, 9.510437 ], [ -7.543241, 9.510705 ], [ -7.54086, 9.510973 ], [ -7.537774, 9.511326 ], [ -7.534687, 9.511679 ], [ -7.532643, 9.511911 ], [ -7.530698, 9.512129 ], [ -7.530396, 9.512165 ], [ -7.527088, 9.513182 ], [ -7.52575, 9.5136 ], [ -7.525143, 9.513744 ], [ -7.524643, 9.513795 ], [ -7.524104, 9.513775 ], [ -7.523592, 9.513694 ], [ -7.522283, 9.513422 ], [ -7.521434, 9.513209 ], [ -7.520185, 9.512813 ], [ -7.518351, 9.512166 ], [ -7.516032, 9.511175 ], [ -7.513817, 9.510225 ], [ -7.505196, 9.508359 ], [ -7.502633, 9.508237 ], [ -7.500113, 9.508214 ], [ -7.498324, 9.508104 ], [ -7.497744, 9.508013 ], [ -7.497182, 9.507888 ], [ -7.496658, 9.507731 ], [ -7.496121, 9.507551 ], [ -7.49404, 9.506785 ], [ -7.486247, 9.505519 ], [ -7.485599, 9.505512 ], [ -7.484847, 9.505422 ], [ -7.483886, 9.505192 ], [ -7.482762, 9.504893 ], [ -7.482014, 9.50471 ], [ -7.480489, 9.504397 ], [ -7.479936, 9.504224 ], [ -7.479354, 9.503975 ], [ -7.47091, 9.504148 ], [ -7.467778, 9.505115 ], [ -7.465816, 9.505708 ], [ -7.463818, 9.506312 ], [ -7.463071, 9.50652 ], [ -7.462175, 9.506736 ], [ -7.459875, 9.507195 ], [ -7.456762, 9.507734 ], [ -7.4539, 9.508284 ], [ -7.451266, 9.508746 ], [ -7.450057, 9.508981 ], [ -7.449312, 9.509101 ], [ -7.448603, 9.509156 ], [ -7.447908, 9.509162 ], [ -7.446936, 9.509086 ], [ -7.446087, 9.508983 ], [ -7.444233, 9.508727 ], [ -7.442378, 9.508471 ], [ -7.442378191619605, 9.50846961114733 ], [ -7.441991, 9.508416 ], [ -7.440916, 9.508216 ], [ -7.440284, 9.508026 ], [ -7.439488, 9.507732 ], [ -7.438701, 9.507405 ], [ -7.430564, 9.505301 ], [ -7.423072, 9.504939 ], [ -7.421779, 9.501579 ], [ -7.422608, 9.50126 ], [ -7.42388, 9.500894 ], [ -7.424283, 9.500809 ], [ -7.424853, 9.500768 ], [ -7.425426, 9.500811 ], [ -7.429287, 9.501467 ], [ -7.432836, 9.501955 ], [ -7.436053, 9.502427 ], [ -7.436564, 9.502519 ], [ -7.437239, 9.502697 ], [ -7.43797, 9.502976 ], [ -7.444561584764915, 9.50513753591108 ], [ -7.444565153548668, 9.505138026498605 ], [ -7.445049520915509, 9.505143986456227 ], [ -7.453277, 9.504738 ], [ -7.456082, 9.504198 ], [ -7.464774, 9.502262 ], [ -7.466735, 9.501669 ], [ -7.469848, 9.500708 ], [ -7.472971, 9.499744 ], [ -7.473963, 9.499479 ], [ -7.474872, 9.499294 ], [ -7.475804, 9.499165 ], [ -7.476266, 9.499127 ], [ -7.476889, 9.499147 ], [ -7.477417, 9.49922 ], [ -7.477966, 9.49935 ], [ -7.478492, 9.499523 ], [ -7.478956, 9.49971 ], [ -7.482722, 9.50118 ], [ -7.488572, 9.501766 ], [ -7.489028, 9.501759 ], [ -7.489607, 9.501815 ], [ -7.493021, 9.50267 ], [ -7.493768, 9.502898 ], [ -7.495184, 9.503372 ], [ -7.502663, 9.504637 ], [ -7.505366, 9.504763 ], [ -7.506809, 9.504833 ], [ -7.507809, 9.504952 ], [ -7.508948, 9.505148 ], [ -7.510349, 9.505422 ], [ -7.511785, 9.505744 ], [ -7.512706, 9.506012 ], [ -7.515024, 9.506833 ], [ -7.517446, 9.507865 ], [ -7.519765, 9.508855 ], [ -7.521375, 9.509415 ], [ -7.529339, 9.508724 ], [ -7.530093, 9.50858 ], [ -7.532236, 9.508334 ], [ -7.53428, 9.508102 ], [ -7.537365, 9.507749 ], [ -7.541466, 9.499853 ], [ -7.541302, 9.499257 ], [ -7.543896, 9.497527 ], [ -7.547826, 9.492883 ], [ -7.550783, 9.485823 ], [ -7.554189, 9.483299 ], [ -7.554885, 9.483356 ], [ -7.559938, 9.47659 ], [ -7.559071, 9.475053 ], [ -7.557648, 9.472724 ], [ -7.557149, 9.471786 ], [ -7.556797, 9.47103 ], [ -7.555719, 9.469056 ], [ -7.555452, 9.46839 ], [ -7.554781, 9.465961 ], [ -7.551306, 9.458905 ], [ -7.550081, 9.457103 ], [ -7.548068, 9.454214 ], [ -7.546844, 9.452544 ], [ -7.545628, 9.450885 ], [ -7.544202, 9.448965 ], [ -7.542439, 9.446804 ], [ -7.541074, 9.445317 ], [ -7.539392, 9.443517 ], [ -7.537531, 9.441545 ], [ -7.535692, 9.439596 ], [ -7.534328, 9.4382 ], [ -7.532987, 9.436827 ], [ -7.530541, 9.434414 ], [ -7.530541040367403, 9.434413959073714 ], [ -7.530535, 9.434408 ], [ -7.533063, 9.431845 ], [ -7.535515, 9.434264 ], [ -7.536903, 9.435684 ], [ -7.538267, 9.43708 ], [ -7.540149, 9.439075 ], [ -7.54229, 9.441306 ], [ -7.543742, 9.4429 ], [ -7.544137, 9.443308 ], [ -7.544202336265098, 9.443380595850108 ], [ -7.544203, 9.44338 ], [ -7.545118, 9.444398 ], [ -7.54699, 9.446688 ], [ -7.548516, 9.448736 ], [ -7.549748, 9.450416 ], [ -7.550972, 9.452085 ], [ -7.553034, 9.455045 ], [ -7.554283, 9.456881 ], [ -7.55552, 9.4587 ], [ -7.564439, 9.459517 ], [ -7.565246, 9.458064 ], [ -7.565843, 9.457159 ], [ -7.566467, 9.456311 ], [ -7.567158, 9.455472 ], [ -7.568553, 9.454014 ], [ -7.570647, 9.452 ], [ -7.573062, 9.449608 ], [ -7.57399, 9.448526 ], [ -7.574864, 9.447454 ], [ -7.575779, 9.446211 ], [ -7.576254, 9.445513 ], [ -7.576918, 9.444456 ], [ -7.577309, 9.443804 ], [ -7.577654, 9.443182 ], [ -7.578204, 9.442136 ], [ -7.578688, 9.441075 ], [ -7.57918, 9.439912 ], [ -7.579664, 9.438679 ], [ -7.580132, 9.437287 ], [ -7.580614, 9.435602 ], [ -7.580892, 9.434406 ], [ -7.581121, 9.433272 ], [ -7.581495, 9.431409 ], [ -7.582166, 9.428043 ], [ -7.582843, 9.42465 ], [ -7.583216, 9.422923 ], [ -7.584268, 9.419252 ], [ -7.584773, 9.417844 ], [ -7.585175, 9.416829 ], [ -7.586018, 9.415007 ], [ -7.586431, 9.41417 ], [ -7.587281, 9.412632 ], [ -7.587874, 9.41166 ], [ -7.588779, 9.410297 ], [ -7.590024, 9.408608 ], [ -7.59048, 9.408029 ], [ -7.591712, 9.406607 ], [ -7.592541, 9.405723 ], [ -7.593842, 9.404454 ], [ -7.593842419488723, 9.404454430000969 ], [ -7.593888, 9.40441 ], [ -7.595245, 9.403151 ], [ -7.5992, 9.396175 ], [ -7.599934, 9.393787 ], [ -7.600234, 9.392766 ], [ -7.600575, 9.391775 ], [ -7.600885, 9.390968 ], [ -7.601334, 9.389957 ], [ -7.601695, 9.38922 ], [ -7.602174, 9.388386 ], [ -7.602744, 9.387486 ], [ -7.6060500518319, 9.381124596943392 ], [ -7.606482085393982, 9.379986929772549 ], [ -7.606737, 9.379314 ], [ -7.610103, 9.380591 ], [ -7.610092795721807, 9.380617922561207 ], [ -7.610093, 9.380618 ], [ -7.609921929383515, 9.381068729503523 ], [ -7.60942, 9.382393 ], [ -7.608736, 9.384195 ], [ -7.608348, 9.385076 ], [ -7.6079, 9.38599 ], [ -7.607541, 9.386671 ], [ -7.607058, 9.387496 ], [ -7.60339, 9.394796 ], [ -7.602641, 9.397233 ], [ -7.601899, 9.399645 ], [ -7.601692, 9.400273 ], [ -7.60122, 9.401406 ], [ -7.600841, 9.40215 ], [ -7.600416, 9.402862 ], [ -7.599754, 9.403719 ], [ -7.599076, 9.40447 ], [ -7.597726, 9.40576 ], [ -7.596355719953285, 9.407030712935407 ], [ -7.596356, 9.407031 ], [ -7.595055, 9.4083 ], [ -7.594341, 9.409066 ], [ -7.593202, 9.410384 ], [ -7.593512004358929, 9.414152654685454 ], [ -7.598088, 9.418441 ], [ -7.599137, 9.418071 ], [ -7.600707, 9.417881 ], [ -7.601434, 9.417964 ], [ -7.602246, 9.418199 ], [ -7.603089, 9.418647 ], [ -7.604904, 9.419742 ], [ -7.606268, 9.42032 ], [ -7.607219, 9.420726 ], [ -7.606776875076695, 9.421762005393534 ], [ -7.607028, 9.424142 ], [ -7.606949, 9.424157 ], [ -7.606378, 9.424177 ], [ -7.605830082105195, 9.423980569815782 ], [ -7.605806, 9.424037 ], [ -7.603991, 9.423353 ], [ -7.596914, 9.422741 ], [ -7.595977, 9.422797 ], [ -7.595199, 9.42278 ], [ -7.593711444251301, 9.422902175051476 ], [ -7.58870191015582, 9.427873914925291 ], [ -7.587137, 9.4302 ], [ -7.586544, 9.431257 ], [ -7.586001, 9.432261 ], [ -7.583594, 9.438273 ], [ -7.583277, 9.439267 ], [ -7.583051, 9.439897 ], [ -7.582532, 9.441225 ], [ -7.582005, 9.442476 ], [ -7.581481, 9.443628 ], [ -7.580845, 9.44485 ], [ -7.580455, 9.445552 ], [ -7.580009, 9.446301 ], [ -7.579304, 9.447427 ], [ -7.578756, 9.448235 ], [ -7.577766, 9.449585 ], [ -7.576784, 9.450796 ], [ -7.575797, 9.45195 ], [ -7.573185, 9.454553 ], [ -7.571048, 9.456609 ], [ -7.567592, 9.461255 ], [ -7.566299, 9.464739 ], [ -7.565835, 9.46707 ], [ -7.565335, 9.469544 ], [ -7.564836, 9.472018 ], [ -7.564337, 9.474493 ], [ -7.564186, 9.475342 ], [ -7.564078, 9.47626 ], [ -7.564052, 9.476618 ], [ -7.564031, 9.478296 ], [ -7.564091, 9.479091 ], [ -7.564342, 9.481461 ], [ -7.572849, 9.48265 ], [ -7.576197, 9.483841 ], [ -7.578052, 9.487621 ], [ -7.586194, 9.490121 ], [ -7.587043, 9.48968 ], [ -7.58806, 9.489247 ], [ -7.588454, 9.489118 ], [ -7.589101, 9.488952 ], [ -7.589528, 9.488882 ], [ -7.590989, 9.488572 ], [ -7.592011, 9.488331 ], [ -7.593748, 9.487958 ], [ -7.597032, 9.48714 ], [ -7.603678, 9.483602 ], [ -7.606151, 9.481591 ], [ -7.607813, 9.480131 ], [ -7.608413714277808, 9.479648860644891 ], [ -7.609657, 9.478593 ], [ -7.610823, 9.477665 ], [ -7.611944, 9.476822 ], [ -7.613023, 9.476112 ], [ -7.614237, 9.475412 ], [ -7.615778, 9.474607 ], [ -7.617697, 9.473652 ], [ -7.61902123245422, 9.472993679123853 ], [ -7.619684, 9.472664 ], [ -7.621209, 9.471884 ], [ -7.622849, 9.475088 ], [ -7.621325, 9.475869 ], [ -7.620223634298001, 9.476416348746957 ], [ -7.6193, 9.476876 ], [ -7.617381, 9.47783 ], [ -7.615904, 9.478602 ], [ -7.614827, 9.479228 ], [ -7.613932, 9.479824 ], [ -7.612993, 9.480538 ], [ -7.6119, 9.481409 ], [ -7.610722, 9.482412 ], [ -7.610065, 9.482939 ], [ -7.60853, 9.484294 ], [ -7.60595, 9.486394 ], [ -7.604928, 9.487243 ], [ -7.60435, 9.487694 ], [ -7.603652, 9.488184 ], [ -7.603166, 9.488491 ], [ -7.602438, 9.488873 ], [ -7.604574, 9.497557 ], [ -7.605128, 9.497462 ], [ -7.60771, 9.497189 ], [ -7.608839, 9.497114 ], [ -7.609757, 9.497097 ], [ -7.612753, 9.497164 ], [ -7.615717, 9.49723 ], [ -7.616329, 9.497233 ], [ -7.616891, 9.497217 ], [ -7.617698, 9.497172 ], [ -7.618433, 9.4971 ], [ -7.619047, 9.497024 ], [ -7.619804, 9.496882 ], [ -7.620699, 9.496679 ], [ -7.622047, 9.496315 ], [ -7.623048, 9.496093 ], [ -7.623739, 9.495971 ], [ -7.625282, 9.495809 ], [ -7.625933, 9.495756 ], [ -7.626408, 9.495743 ], [ -7.627071, 9.495767 ], [ -7.633147, 9.494104 ], [ -7.635483, 9.49221 ], [ -7.635953, 9.491939 ], [ -7.636301, 9.491779 ], [ -7.63673, 9.491611 ], [ -7.639241, 9.490742 ], [ -7.639581, 9.49064 ], [ -7.639972, 9.490533 ], [ -7.643304, 9.489424 ], [ -7.644033, 9.489142 ], [ -7.644611, 9.488971 ], [ -7.645196, 9.488851 ], [ -7.64585, 9.488778 ], [ -7.646638, 9.48878 ], [ -7.646946, 9.488803 ], [ -7.647857, 9.48889 ], [ -7.648956, 9.489034 ], [ -7.652056, 9.48939 ], [ -7.65644017062945, 9.489529329675918 ], [ -7.659876906226173, 9.489373013206507 ], [ -7.663675, 9.48815 ], [ -7.664088, 9.487948 ], [ -7.664505, 9.487776 ], [ -7.665356, 9.487458 ], [ -7.668161, 9.486455 ], [ -7.668788, 9.486259 ], [ -7.669492, 9.486106 ] ] ], [ [ [ -5.736488, 9.503095 ], [ -5.734794, 9.503152 ], [ -5.73303, 9.50332 ], [ -5.731936, 9.503485 ], [ -5.731062, 9.503649 ], [ -5.730019, 9.503907 ], [ -5.729829, 9.503968 ], [ -5.724414, 9.505717 ], [ -5.724794, 9.512346 ], [ -5.726088, 9.513425 ], [ -5.726897, 9.514061 ], [ -5.727704, 9.51458 ], [ -5.728139, 9.514925 ], [ -5.728571, 9.515224 ], [ -5.728983, 9.515559 ], [ -5.729967, 9.516202 ], [ -5.730466, 9.516616 ], [ -5.730465667657874, 9.516616399763402 ], [ -5.73047, 9.51662 ], [ -5.730457938506563, 9.516634509436695 ], [ -5.730698, 9.516846 ], [ -5.731605699525717, 9.517770045809547 ], [ -5.731948, 9.518058 ], [ -5.732359, 9.51846 ], [ -5.729843, 9.521035 ], [ -5.729239, 9.520483 ], [ -5.729127249630149, 9.520374660957229 ], [ -5.729123, 9.520379 ], [ -5.727053, 9.518599 ], [ -5.726112, 9.5179 ], [ -5.724977, 9.517106 ], [ -5.723886, 9.516273 ], [ -5.72249, 9.515112 ], [ -5.721271, 9.514109 ], [ -5.720813, 9.513676 ], [ -5.719204, 9.512017 ], [ -5.717708, 9.510744 ], [ -5.71689, 9.510105 ], [ -5.716147, 9.509453 ], [ -5.71606450992339, 9.509375770350754 ], [ -5.716064, 9.509376 ], [ -5.713638, 9.507104 ], [ -5.711359, 9.506084 ], [ -5.702822, 9.507779 ], [ -5.702364, 9.511591 ], [ -5.702122411527564, 9.511981815270103 ], [ -5.702275, 9.515501 ], [ -5.702876, 9.516612 ], [ -5.703251, 9.517746 ], [ -5.703462, 9.518801 ], [ -5.703676, 9.520014 ], [ -5.704294, 9.526828 ], [ -5.706535, 9.530513 ], [ -5.705798, 9.534353 ], [ -5.705738, 9.534687 ], [ -5.70395, 9.535837 ], [ -5.703678, 9.535825 ], [ -5.702194, 9.534057 ], [ -5.702152, 9.533322 ], [ -5.701774, 9.53061 ], [ -5.693164, 9.532523 ], [ -5.692593, 9.534224 ], [ -5.692286008533556, 9.534150983869141 ], [ -5.692286, 9.534151 ], [ -5.690886, 9.533818 ], [ -5.690661, 9.533765 ], [ -5.690590089440909, 9.533709869351172 ], [ -5.689839, 9.533433 ], [ -5.689034, 9.532335 ], [ -5.688967, 9.531653 ], [ -5.68899, 9.531404 ], [ -5.687156, 9.523401 ], [ -5.681319, 9.519274 ], [ -5.681476, 9.518264 ], [ -5.681649101999785, 9.517470878110077 ], [ -5.680244957669889, 9.515179452393806 ], [ -5.673997, 9.513199 ], [ -5.671874, 9.516138 ], [ -5.671889, 9.518846 ], [ -5.671888782673964, 9.518846001086629 ], [ -5.67189, 9.519069 ], [ -5.671874137518079, 9.519069083718655 ], [ -5.671891, 9.519279 ], [ -5.668291, 9.519298 ], [ -5.668004, 9.517726 ], [ -5.663395, 9.510767 ], [ -5.657402, 9.513094 ], [ -5.656736422000336, 9.514183706959024 ], [ -5.656231051895863, 9.51589965864571 ], [ -5.655228, 9.521401 ], [ -5.655389, 9.52183 ], [ -5.655751, 9.523041 ], [ -5.658051058461615, 9.526695305975052 ], [ -5.658871, 9.527725 ], [ -5.656989, 9.536474 ], [ -5.653398, 9.536729 ], [ -5.647348, 9.535469 ], [ -5.647071, 9.534635 ], [ -5.647011329131052, 9.5342528431849 ], [ -5.646988, 9.534249 ], [ -5.646935, 9.533764 ], [ -5.646981850340527, 9.533293367033798 ], [ -5.646948, 9.533283 ], [ -5.646950322927331, 9.533268056632426 ], [ -5.64695, 9.533268 ], [ -5.647045, 9.532659 ], [ -5.647071, 9.530568 ], [ -5.647059, 9.530037 ], [ -5.646536, 9.526802 ], [ -5.646325, 9.525204 ], [ -5.640531, 9.520762 ], [ -5.636841, 9.522209 ], [ -5.635055, 9.523472 ], [ -5.634451, 9.523888 ], [ -5.634298, 9.523956 ], [ -5.63429557498785, 9.523951084269637 ], [ -5.634111, 9.524026 ], [ -5.633178, 9.524319 ], [ -5.632099, 9.520885 ], [ -5.63173, 9.51359 ], [ -5.632242, 9.510027 ], [ -5.633224, 9.508799 ], [ -5.635642583245632, 9.508668195065136 ], [ -5.635578, 9.508613 ], [ -5.635565, 9.507444 ], [ -5.635733, 9.506552 ], [ -5.635948, 9.505714 ], [ -5.631738, 9.497805 ], [ -5.629161, 9.496843 ], [ -5.628208, 9.496144 ], [ -5.621682, 9.493635 ], [ -5.61953, 9.498942 ], [ -5.61966, 9.500276 ], [ -5.619627, 9.500577 ], [ -5.619613204402559, 9.500582205974558 ], [ -5.619568, 9.500878 ], [ -5.619333, 9.502366 ], [ -5.619244, 9.502836 ], [ -5.619243944862114, 9.502835989555447 ], [ -5.619124, 9.503469 ], [ -5.619123575575533, 9.503469272149182 ], [ -5.619057, 9.50382 ], [ -5.618686157885073, 9.503749752836583 ], [ -5.617681406452957, 9.504394018897363 ], [ -5.614494, 9.509297 ], [ -5.614365, 9.509811 ], [ -5.614262, 9.51024 ], [ -5.612969, 9.511234 ], [ -5.612482, 9.511562 ], [ -5.611820980856948, 9.512313709113775 ], [ -5.611172, 9.514351 ], [ -5.61011, 9.517791 ], [ -5.60824, 9.518423 ], [ -5.608235581190886, 9.518423419195061 ], [ -5.608348, 9.519635 ], [ -5.608356, 9.521174 ], [ -5.604756, 9.521192 ], [ -5.597366470068121, 9.517676013984024 ], [ -5.596856662551926, 9.517599993493524 ], [ -5.594954, 9.520323 ], [ -5.592003, 9.518261 ], [ -5.593994, 9.515413 ], [ -5.594467, 9.514543 ], [ -5.597023, 9.510464 ], [ -5.597668, 9.508695 ], [ -5.598294, 9.507161 ], [ -5.599018, 9.505956 ], [ -5.600022, 9.504447 ], [ -5.597305, 9.4968 ], [ -5.589545, 9.499699 ], [ -5.589381, 9.500115 ], [ -5.58936538059776, 9.50010884365155 ], [ -5.589222, 9.500436 ], [ -5.588928, 9.500861 ], [ -5.588452, 9.501617 ], [ -5.588134, 9.502068 ], [ -5.587754, 9.502484 ], [ -5.586068617460827, 9.500943241931632 ], [ -5.585882, 9.501014 ], [ -5.582815274471679, 9.50066341274103 ], [ -5.582576, 9.500713 ], [ -5.582523, 9.50063 ], [ -5.582316, 9.500516 ], [ -5.582152383677782, 9.500507455240426 ], [ -5.576643, 9.501354 ], [ -5.57525, 9.504673 ], [ -5.571224, 9.506168 ], [ -5.569375, 9.505911 ], [ -5.567468, 9.505572 ], [ -5.567072924118259, 9.505514965169766 ], [ -5.567045, 9.505526 ], [ -5.565722979576377, 9.50532069349009 ], [ -5.564789, 9.505249 ], [ -5.564116, 9.505062 ], [ -5.561979, 9.504608 ], [ -5.560387, 9.504208 ], [ -5.554387, 9.510269 ], [ -5.554712, 9.511606 ], [ -5.554922574332956, 9.5127893684345 ], [ -5.555249, 9.513865 ], [ -5.555893, 9.516237 ], [ -5.555937, 9.518782 ], [ -5.555862, 9.519034 ], [ -5.554828, 9.519961 ], [ -5.553237, 9.520542 ], [ -5.552002, 9.517161 ], [ -5.551402, 9.513547 ], [ -5.551385196869488, 9.513452787575929 ], [ -5.551384, 9.513453 ], [ -5.55138043935526, 9.513432921919939 ], [ -5.55138, 9.513433 ], [ -5.551372207174116, 9.513388963182033 ], [ -5.551372, 9.513389 ], [ -5.5513670487291, 9.513360991340104 ], [ -5.551367, 9.513361 ], [ -5.551168, 9.512235 ], [ -5.550891, 9.511128 ], [ -5.550625, 9.509937 ], [ -5.550499, 9.509203 ], [ -5.550606, 9.507174 ], [ -5.550572, 9.506729 ], [ -5.550588, 9.506221 ], [ -5.550647, 9.505654 ], [ -5.551237, 9.503373 ], [ -5.544435, 9.497523 ], [ -5.54117, 9.498684 ], [ -5.538453, 9.49965 ], [ -5.535727, 9.500617 ], [ -5.531431, 9.503225 ], [ -5.525332, 9.504016 ], [ -5.517861, 9.506833 ], [ -5.515724, 9.508302 ], [ -5.510586, 9.511305 ], [ -5.507509, 9.509437 ], [ -5.500993939974387, 9.506994352418268 ], [ -5.500615, 9.50707 ], [ -5.50061495862233, 9.507069792759498 ], [ -5.498632, 9.507465 ], [ -5.498631977338022, 9.507464886529387 ], [ -5.497052, 9.50778 ], [ -5.494773, 9.508235 ], [ -5.492494, 9.508689 ], [ -5.49179, 9.505159 ], [ -5.494069, 9.504704 ], [ -5.496347, 9.50425 ], [ -5.498158085044552, 9.503888885630387 ], [ -5.499910053911392, 9.503539270015779 ], [ -5.49991, 9.503539 ], [ -5.50207, 9.503108 ], [ -5.50423, 9.502677 ], [ -5.505996, 9.502343 ], [ -5.506111129456072, 9.502323775208287 ], [ -5.506111, 9.502323 ], [ -5.507571, 9.50208 ], [ -5.507641209298525, 9.502070572603024 ], [ -5.507641, 9.502069 ], [ -5.507730024013203, 9.502057180427625 ], [ -5.50773, 9.502057 ], [ -5.508703, 9.501928 ], [ -5.511395140114927, 9.501096021652247 ], [ -5.517737, 9.498093 ], [ -5.518336, 9.497958 ], [ -5.522485, 9.496347 ], [ -5.52303, 9.496317 ], [ -5.524419, 9.487469 ], [ -5.524420692443025, 9.487463003767813 ], [ -5.524233, 9.487409 ], [ -5.523032, 9.486935 ], [ -5.519844, 9.486112 ], [ -5.520745, 9.482626 ], [ -5.525344, 9.482649 ], [ -5.529533, 9.485455 ], [ -5.529929774917987, 9.485727941788388 ], [ -5.52996, 9.485686 ], [ -5.529973957332634, 9.485696059207307 ], [ -5.529974, 9.485696 ], [ -5.531872, 9.487064 ], [ -5.533607, 9.488674 ], [ -5.534976, 9.489833 ], [ -5.53574, 9.490417 ], [ -5.53633, 9.490842 ], [ -5.536838, 9.491185 ], [ -5.537376, 9.491607 ], [ -5.538022, 9.492044 ], [ -5.546235, 9.49297 ], [ -5.550681, 9.489347 ], [ -5.551134, 9.489064 ], [ -5.558068, 9.487583 ], [ -5.563365, 9.4851 ], [ -5.5645, 9.48099 ], [ -5.566445, 9.478292 ], [ -5.569206, 9.479131 ], [ -5.575415, 9.473469 ], [ -5.570318, 9.467939 ], [ -5.568601, 9.467097 ], [ -5.566488, 9.466857 ], [ -5.564961, 9.465789 ], [ -5.563808, 9.464831 ], [ -5.563614, 9.463746 ], [ -5.563953, 9.463016 ], [ -5.564623, 9.461569 ], [ -5.564862, 9.461043 ], [ -5.565345, 9.461262 ], [ -5.56549, 9.461328 ], [ -5.566123, 9.461615 ], [ -5.570809, 9.462362 ], [ -5.5735, 9.462655 ], [ -5.576041, 9.464805 ], [ -5.582012, 9.458112 ], [ -5.581633, 9.456595 ], [ -5.581633034796943, 9.456594653049724 ], [ -5.58160724634397, 9.456491398106641 ], [ -5.580540846711131, 9.452809800655238 ], [ -5.580073, 9.452102 ], [ -5.575661, 9.447154 ], [ -5.575661097752262, 9.447153680682129 ], [ -5.575623, 9.447142 ], [ -5.576677, 9.4437 ], [ -5.569465, 9.439384 ], [ -5.566712, 9.440244 ], [ -5.559983, 9.444528 ], [ -5.559191, 9.445548 ], [ -5.558605, 9.446316 ], [ -5.558196, 9.446834 ], [ -5.558193895424904, 9.446833955543953 ], [ -5.558151, 9.446888 ], [ -5.557636, 9.44753 ], [ -5.557623800757964, 9.447529045736061 ], [ -5.557476, 9.44772 ], [ -5.557254, 9.44795 ], [ -5.550477, 9.44697 ], [ -5.548001, 9.447332 ], [ -5.548000984541453, 9.447331894108949 ], [ -5.547925, 9.447343 ], [ -5.547924950605412, 9.44734266164707 ], [ -5.547861, 9.447352 ], [ -5.54734, 9.44379 ], [ -5.550231912571149, 9.442989834695384 ], [ -5.555693, 9.436964 ], [ -5.558844, 9.436091 ], [ -5.559186, 9.436094 ], [ -5.563254, 9.436913 ], [ -5.568392, 9.435948 ], [ -5.56957, 9.435535 ], [ -5.572962, 9.427894 ], [ -5.573853, 9.424406 ], [ -5.575142999547976, 9.42237737926664 ], [ -5.575175, 9.422239 ], [ -5.579459633981568, 9.418945768806156 ], [ -5.581262929080046, 9.417335960306225 ], [ -5.582843, 9.412511 ], [ -5.583377, 9.409346 ], [ -5.578482, 9.402195 ], [ -5.577098, 9.401761 ], [ -5.573882, 9.400788 ], [ -5.567992, 9.399288 ], [ -5.565222, 9.39939 ], [ -5.562014, 9.399539 ], [ -5.56034, 9.39959 ], [ -5.558175, 9.399558 ], [ -5.558175012262036, 9.399557182530945 ], [ -5.558097, 9.399556 ], [ -5.558097066462322, 9.399551486832141 ], [ -5.557894, 9.399548 ], [ -5.557019, 9.399462 ], [ -5.55614, 9.399302 ], [ -5.552574, 9.398502 ], [ -5.549507, 9.3982 ], [ -5.54645, 9.398018 ], [ -5.544796, 9.397887 ], [ -5.542933, 9.397669 ], [ -5.536765, 9.39779 ], [ -5.53671, 9.397791 ], [ -5.531741621124558, 9.395338800124456 ], [ -5.530325, 9.394869 ], [ -5.530325072717322, 9.394868780886165 ], [ -5.530175, 9.394819 ], [ -5.528091, 9.394091 ], [ -5.528091264256989, 9.394090243294434 ], [ -5.527716, 9.393959 ], [ -5.526018, 9.393308 ], [ -5.526018069245645, 9.39330781925166 ], [ -5.52569, 9.393182 ], [ -5.526979, 9.389821 ], [ -5.527305863322286, 9.389946356762792 ], [ -5.527306, 9.389946 ], [ -5.528267798215314, 9.390315095018472 ], [ -5.528268, 9.390315 ], [ -5.53453936824101, 9.391080247855026 ], [ -5.536958, 9.391291 ], [ -5.537011495184484, 9.391318954543276 ], [ -5.537012, 9.391319 ], [ -5.537645, 9.39165 ], [ -5.543353, 9.394093 ], [ -5.545215, 9.394311 ], [ -5.546732, 9.394429 ], [ -5.553885, 9.390803 ], [ -5.557088, 9.387772 ], [ -5.557752, 9.387721 ], [ -5.558477, 9.387713 ], [ -5.559121, 9.387739 ], [ -5.559813, 9.387819 ], [ -5.560517, 9.387958 ], [ -5.561174, 9.388144 ], [ -5.561777, 9.388347 ], [ -5.562902, 9.38885 ], [ -5.56356, 9.389237 ], [ -5.570714, 9.384004 ], [ -5.570077, 9.380461 ], [ -5.57583, 9.375252 ], [ -5.576, 9.375062 ], [ -5.576000374326218, 9.375062040725306 ], [ -5.576987, 9.373962 ], [ -5.578181, 9.374732 ], [ -5.579666, 9.376367 ], [ -5.579606, 9.380337 ], [ -5.580075, 9.382666 ], [ -5.580342, 9.383639 ], [ -5.581145, 9.386155 ], [ -5.581699349294686, 9.388200020012905 ], [ -5.5817, 9.3882 ], [ -5.587787, 9.394015 ], [ -5.587541, 9.397607 ], [ -5.588801, 9.404965 ], [ -5.596688, 9.402691 ], [ -5.597024, 9.401998 ], [ -5.597474, 9.399247 ], [ -5.597185, 9.396298 ], [ -5.597015, 9.395705 ], [ -5.596673, 9.394231 ], [ -5.5964, 9.392909 ], [ -5.59619, 9.391657 ], [ -5.595869, 9.390032 ], [ -5.594396, 9.386781 ], [ -5.593450310366353, 9.385484694230296 ], [ -5.591817, 9.383553 ], [ -5.591817589970225, 9.383552501421525 ], [ -5.591769, 9.383495 ], [ -5.590845, 9.38235 ], [ -5.590845030256439, 9.382349975585365 ], [ -5.590816, 9.382314 ], [ -5.593618, 9.380053 ], [ -5.594566979359351, 9.381229017443223 ], [ -5.594567, 9.381229 ], [ -5.594639834267587, 9.381315140109905 ], [ -5.59464, 9.381315 ], [ -5.596242, 9.38321 ], [ -5.596319900726576, 9.38331626157435 ], [ -5.596323, 9.383314 ], [ -5.597305, 9.38466 ], [ -5.598018, 9.385666 ], [ -5.606762, 9.384241 ], [ -5.607095, 9.383139 ], [ -5.60726, 9.382442 ], [ -5.607275667167224, 9.382445725592435 ], [ -5.607347, 9.382172 ], [ -5.607688, 9.381195 ], [ -5.607688273985281, 9.381195078270203 ], [ -5.607689, 9.381193 ], [ -5.607756913452374, 9.381212387024254 ], [ -5.608462, 9.379928 ], [ -5.60963, 9.379049 ], [ -5.609674917522197, 9.379101833946564 ], [ -5.61035, 9.378618 ], [ -5.610682, 9.378512 ], [ -5.61159525202594, 9.381360615054525 ], [ -5.611962, 9.381792 ], [ -5.610211, 9.385273 ], [ -5.609987, 9.385889 ], [ -5.608997, 9.387974 ], [ -5.608071, 9.389906 ], [ -5.607239, 9.391892 ], [ -5.612818, 9.397708 ], [ -5.616004, 9.395501 ], [ -5.620171, 9.396045 ], [ -5.62578, 9.39582 ], [ -5.627249, 9.39531 ], [ -5.631237, 9.388324 ], [ -5.631049, 9.386089 ], [ -5.63098, 9.385549 ], [ -5.63036, 9.382656 ], [ -5.628364, 9.376176 ], [ -5.628392, 9.375694 ], [ -5.628917, 9.368532 ], [ -5.628883240837715, 9.368235522887643 ], [ -5.62701599855733, 9.363410708667343 ], [ -5.626607, 9.362646 ], [ -5.625659, 9.361417 ], [ -5.624735, 9.360195 ], [ -5.62220342695466, 9.358147944210412 ], [ -5.614731, 9.357688 ], [ -5.613841, 9.358586 ], [ -5.613840980817021, 9.358585983560454 ], [ -5.613837, 9.35859 ], [ -5.613820331611703, 9.358575716295137 ], [ -5.613574, 9.358842 ], [ -5.613095, 9.359193 ], [ -5.611408, 9.360555 ], [ -5.611276, 9.360681 ], [ -5.6088, 9.358067 ], [ -5.609094, 9.35772 ], [ -5.60919607174455, 9.357610921041866 ], [ -5.609193, 9.357608 ], [ -5.609531, 9.357253 ], [ -5.609732715567982, 9.357083524069234 ], [ -5.609726, 9.357075 ], [ -5.609994, 9.356864 ], [ -5.610166700767848, 9.356751890308301 ], [ -5.610163, 9.356746 ], [ -5.610527, 9.356518 ], [ -5.611483, 9.355805 ], [ -5.612287, 9.355045 ], [ -5.613319, 9.354031 ], [ -5.613687, 9.346147 ], [ -5.613049, 9.345221 ], [ -5.6125, 9.344272 ], [ -5.610517, 9.340235 ], [ -5.608452, 9.336008 ], [ -5.608054, 9.334884 ], [ -5.607489, 9.333069 ], [ -5.60652, 9.329855 ], [ -5.606171978870128, 9.328700676046017 ], [ -5.606112134021286, 9.328502226806336 ], [ -5.605696, 9.327123 ], [ -5.605696193345937, 9.327122941665282 ], [ -5.605559, 9.326668 ], [ -5.605559128633781, 9.32666796122701 ], [ -5.605551, 9.326641 ], [ -5.605551007075473, 9.326640997867301 ], [ -5.60538, 9.326074 ], [ -5.604463, 9.323033 ], [ -5.604393079918562, 9.322800950821431 ], [ -5.603566, 9.320058 ], [ -5.603566536774784, 9.320057838204525 ], [ -5.603547, 9.319993 ], [ -5.606993, 9.318954 ], [ -5.607012639669906, 9.319019108611247 ], [ -5.607013, 9.319019 ], [ -5.60707062607302, 9.319210112709641 ], [ -5.607071, 9.31921 ], [ -5.607949, 9.322122 ], [ -5.608827, 9.325035 ], [ -5.608936734186055, 9.325399080122045 ], [ -5.608937, 9.325399 ], [ -5.609387204968268, 9.326892923393203 ], [ -5.609594520456506, 9.327580551854703 ], [ -5.610059, 9.32912 ], [ -5.610936, 9.33203 ], [ -5.611492, 9.333813 ], [ -5.611845, 9.334803 ], [ -5.613748, 9.338648 ], [ -5.615731, 9.342684 ], [ -5.617235, 9.344796 ], [ -5.623579, 9.349493 ], [ -5.629488889560608, 9.34969367950529 ], [ -5.632562459724323, 9.348658039694257 ], [ -5.637225, 9.345707 ], [ -5.638331, 9.343695 ], [ -5.640533, 9.343744 ], [ -5.641837, 9.344513 ], [ -5.642003, 9.349872 ], [ -5.644113, 9.355879 ], [ -5.643321, 9.35939 ], [ -5.641932, 9.359583 ], [ -5.637758, 9.359733 ], [ -5.634581269822207, 9.364255624497467 ], [ -5.634858, 9.366811 ], [ -5.634477, 9.370308 ], [ -5.634544, 9.371449 ], [ -5.634538, 9.372449 ], [ -5.634306, 9.375744 ], [ -5.634078, 9.378926 ], [ -5.640737, 9.383918 ], [ -5.64408, 9.381611 ], [ -5.645613, 9.378234 ], [ -5.645804, 9.377783 ], [ -5.646044, 9.377411 ], [ -5.646448, 9.376934 ], [ -5.646837, 9.376561 ], [ -5.648936, 9.370693 ], [ -5.648966, 9.369556 ], [ -5.648975546562296, 9.369556246688051 ], [ -5.648983, 9.369342 ], [ -5.649054, 9.368849 ], [ -5.649059019728639, 9.368849716902885 ], [ -5.649086, 9.368675 ], [ -5.649453, 9.367123 ], [ -5.649453202923213, 9.36712304802265 ], [ -5.649457, 9.367107 ], [ -5.649457117669358, 9.367107027846959 ], [ -5.649486, 9.366985 ], [ -5.650037121625449, 9.367115425300456 ], [ -5.650954, 9.365612 ], [ -5.651195, 9.365552 ], [ -5.6512062028895, 9.365559190713853 ], [ -5.651892, 9.365378 ], [ -5.652050533346703, 9.365479660610989 ], [ -5.65222, 9.365297 ], [ -5.652324, 9.365271 ], [ -5.657471, 9.366876 ], [ -5.657841, 9.367066 ], [ -5.657869, 9.36708 ], [ -5.658236, 9.367277 ], [ -5.658794, 9.369178 ], [ -5.658594, 9.36954 ], [ -5.658542101573881, 9.369642423878004 ], [ -5.658543, 9.369643 ], [ -5.658303707620722, 9.370114812332726 ], [ -5.658304, 9.370115 ], [ -5.657271, 9.372151 ], [ -5.657195590523831, 9.372280461723074 ], [ -5.657198, 9.372282 ], [ -5.65719276420661, 9.372290849228266 ], [ -5.657193, 9.372291 ], [ -5.656985, 9.372642 ], [ -5.656807, 9.37291 ], [ -5.656552338135122, 9.373187873232769 ], [ -5.656561, 9.373197 ], [ -5.656423, 9.373329 ], [ -5.655506, 9.373906 ], [ -5.652765, 9.376267 ], [ -5.651951, 9.377005 ], [ -5.648459, 9.381702 ], [ -5.648211682392348, 9.382043438478581 ], [ -5.648226, 9.382054 ], [ -5.648197988529202, 9.382091991538456 ], [ -5.648198, 9.382092 ], [ -5.646977, 9.383748 ], [ -5.646258, 9.384655 ], [ -5.645645, 9.385288 ], [ -5.645099, 9.385777 ], [ -5.643896, 9.386727 ], [ -5.643472, 9.386991 ], [ -5.641663, 9.395709 ], [ -5.642062, 9.396087 ], [ -5.642379, 9.39643 ], [ -5.643374915337984, 9.397274449088767 ], [ -5.643888, 9.397615 ], [ -5.641897, 9.400614 ], [ -5.641329, 9.400237 ], [ -5.641263863411444, 9.4001898167764 ], [ -5.641263, 9.400191 ], [ -5.64089, 9.399919 ], [ -5.639974, 9.399108 ], [ -5.635742, 9.398057 ], [ -5.630889, 9.404172 ], [ -5.630712, 9.405034 ], [ -5.630478, 9.405937 ], [ -5.636872, 9.41224 ], [ -5.637201512265847, 9.412104843124746 ], [ -5.639234, 9.409782 ], [ -5.642254428448957, 9.409885294041613 ], [ -5.642339, 9.409858 ], [ -5.642447, 9.40988 ], [ -5.642509, 9.409894 ], [ -5.649081, 9.408905 ], [ -5.650617, 9.407536 ], [ -5.650738375307537, 9.407477886973968 ], [ -5.651665, 9.40668 ], [ -5.655026779606718, 9.405507140323776 ], [ -5.655342, 9.405327 ], [ -5.656739012246691, 9.405643189931785 ], [ -5.657785771955752, 9.405454187989857 ], [ -5.664863, 9.40208 ], [ -5.665628558011048, 9.400185094009208 ], [ -5.665633, 9.400172 ], [ -5.665978, 9.399062 ], [ -5.665978070881336, 9.399062021998368 ], [ -5.665993, 9.399014 ], [ -5.669431, 9.400081 ], [ -5.669072, 9.401239 ], [ -5.668978304915307, 9.401515764364252 ], [ -5.668979, 9.401516 ], [ -5.66866, 9.402456 ], [ -5.668548334145055, 9.402695370987237 ], [ -5.668558, 9.4027 ], [ -5.66811, 9.403635 ], [ -5.668075399222752, 9.403729555991836 ], [ -5.668082, 9.403732 ], [ -5.668049833721478, 9.403818938433604 ], [ -5.66805, 9.403819 ], [ -5.667399, 9.405578 ], [ -5.667211, 9.406855 ], [ -5.666693, 9.408558 ], [ -5.666702, 9.413603 ], [ -5.667779409997734, 9.4154560323783 ], [ -5.673633348153853, 9.41440900835588 ], [ -5.676733, 9.413385 ], [ -5.677696, 9.411499 ], [ -5.67821, 9.40998 ], [ -5.678508, 9.40902 ], [ -5.678509641230423, 9.409019435827041 ], [ -5.67856, 9.408858 ], [ -5.678732, 9.408343 ], [ -5.678926, 9.407473 ], [ -5.679128, 9.406362 ], [ -5.6792, 9.405578 ], [ -5.679361, 9.404135 ], [ -5.679524, 9.403665 ], [ -5.681056, 9.399083 ], [ -5.681267, 9.398616 ], [ -5.682342, 9.396627 ], [ -5.683312, 9.39428 ], [ -5.683375816471752, 9.394301054396061 ], [ -5.683611, 9.393712 ], [ -5.685223, 9.391261 ], [ -5.686563, 9.39099 ], [ -5.687563, 9.390896 ], [ -5.687563801118534, 9.390896788131117 ], [ -5.687583, 9.390895 ], [ -5.688738, 9.392035 ], [ -5.688734939084673, 9.392048940072209 ], [ -5.688735, 9.392049 ], [ -5.688725814564854, 9.392090819867331 ], [ -5.688726, 9.392091 ], [ -5.688489, 9.393169 ], [ -5.688369685291712, 9.393490260410202 ], [ -5.688384, 9.393496 ], [ -5.688167, 9.394036 ], [ -5.687948705184644, 9.394424371900413 ], [ -5.687951, 9.394426 ], [ -5.68793543367142, 9.394447983468117 ], [ -5.687918, 9.394479 ], [ -5.687706, 9.394772 ], [ -5.687020700127438, 9.399014147259393 ], [ -5.686905789071989, 9.400503821493468 ], [ -5.687494, 9.405089 ], [ -5.684772, 9.407445 ], [ -5.681648, 9.411048 ], [ -5.681079, 9.412729 ], [ -5.679949, 9.415002 ], [ -5.685611, 9.420776 ], [ -5.689569, 9.419896 ], [ -5.695172, 9.417502 ], [ -5.697333382075057, 9.416557363207728 ], [ -5.698505, 9.416045 ], [ -5.698505118107169, 9.416045270392473 ], [ -5.699588, 9.415572 ], [ -5.701797, 9.414607 ], [ -5.704005, 9.413642 ], [ -5.706973340416742, 9.41186190280585 ], [ -5.711379, 9.405389 ], [ -5.711363, 9.404969 ], [ -5.71431803052727, 9.404678505473591 ], [ -5.714408, 9.404582 ], [ -5.714608, 9.40465 ], [ -5.723495223513054, 9.405025967151316 ], [ -5.724309592241176, 9.404645586566227 ], [ -5.724857504017087, 9.40438947333841 ], [ -5.725115, 9.404269 ], [ -5.725115096005763, 9.404269205492652 ], [ -5.725537, 9.404072 ], [ -5.726937, 9.403404 ], [ -5.726937390535676, 9.403404818865127 ], [ -5.726958, 9.403395 ], [ -5.728508, 9.406644 ], [ -5.727087, 9.407321 ], [ -5.727043653262709, 9.407341257836585 ], [ -5.727044, 9.407342 ], [ -5.726782946203351, 9.407463884852579 ], [ -5.726783, 9.407464 ], [ -5.726459936682415, 9.407614864473777 ], [ -5.72646, 9.407615 ], [ -5.725004236606331, 9.408294967332131 ], [ -5.720704, 9.413744 ], [ -5.719167, 9.416962 ], [ -5.718996, 9.416913 ], [ -5.718321588207051, 9.416741993343743 ], [ -5.718297, 9.416795 ], [ -5.717723, 9.416572 ], [ -5.715604, 9.415822 ], [ -5.707946, 9.415848 ], [ -5.705447, 9.416941 ], [ -5.703238, 9.417906 ], [ -5.70103, 9.418871 ], [ -5.699944710461277, 9.419345322647132 ], [ -5.696129, 9.423259 ], [ -5.695458, 9.423517 ], [ -5.688908, 9.424097 ], [ -5.690284, 9.432572 ], [ -5.691915728083156, 9.433183549881447 ], [ -5.692606, 9.432426 ], [ -5.692696914202506, 9.432478088079554 ], [ -5.692697, 9.432478 ], [ -5.693648, 9.433023 ], [ -5.694449703425121, 9.433529793777174 ], [ -5.695488, 9.433444 ], [ -5.697446, 9.433928 ], [ -5.700101, 9.434921 ], [ -5.701462, 9.435731 ], [ -5.701471, 9.435745 ], [ -5.701516, 9.435818 ], [ -5.701524, 9.435833 ], [ -5.699609, 9.439837 ], [ -5.698547, 9.440443 ], [ -5.696832, 9.439736 ], [ -5.696786241422624, 9.43973509414581 ], [ -5.692925273629204, 9.440303633862417 ], [ -5.689468, 9.44625 ], [ -5.690252, 9.449764 ], [ -5.689267, 9.45002 ], [ -5.689092831152607, 9.45005947425434 ], [ -5.689094, 9.450065 ], [ -5.688689, 9.450151 ], [ -5.688335744868809, 9.450174164270898 ], [ -5.688336, 9.45019 ], [ -5.688018, 9.450195 ], [ -5.687723650664783, 9.450170563451417 ], [ -5.687723, 9.450177 ], [ -5.687715070544223, 9.450176301962966 ], [ -5.687715, 9.450177 ], [ -5.686428, 9.450063 ], [ -5.685736, 9.45 ], [ -5.685257, 9.449847 ], [ -5.684643, 9.449543 ], [ -5.684462, 9.4494 ], [ -5.682709, 9.448154 ], [ -5.678737505303354, 9.449752023740796 ], [ -5.676159, 9.453623 ], [ -5.679385, 9.457586 ], [ -5.67997, 9.457855 ], [ -5.682436, 9.458533 ], [ -5.685183, 9.459318 ], [ -5.686454, 9.461485 ], [ -5.69273, 9.466856 ], [ -5.695086, 9.467819 ], [ -5.700854, 9.46883 ], [ -5.702912221209717, 9.469168401234931 ], [ -5.709977, 9.466502 ], [ -5.710371, 9.465926 ], [ -5.710787, 9.465438 ], [ -5.711649, 9.464496 ], [ -5.712721, 9.463391 ], [ -5.713337, 9.462664 ], [ -5.714086, 9.462 ], [ -5.714774, 9.461699 ], [ -5.715253, 9.461572 ], [ -5.715424, 9.461551 ], [ -5.71993, 9.460528 ], [ -5.720264, 9.460423 ], [ -5.720267041020185, 9.460432710915759 ], [ -5.720503, 9.460366 ], [ -5.721197, 9.460247 ], [ -5.721197715747322, 9.460251191728126 ], [ -5.721332, 9.460229 ], [ -5.7219, 9.460128 ], [ -5.722757, 9.463624 ], [ -5.722318, 9.463732 ], [ -5.719484, 9.464533 ], [ -5.718673, 9.464853 ], [ -5.712825, 9.46881 ], [ -5.710887038469076, 9.472636971092381 ], [ -5.712022, 9.47356 ], [ -5.710388, 9.476768 ], [ -5.709118, 9.476121 ], [ -5.703979, 9.473702 ], [ -5.700773, 9.472952 ], [ -5.699386, 9.472712 ], [ -5.69804, 9.472513 ], [ -5.697381, 9.47242 ], [ -5.696798, 9.472295 ], [ -5.696081, 9.472081 ], [ -5.694811, 9.471562 ], [ -5.693815, 9.471187 ], [ -5.69246, 9.470912 ], [ -5.689559, 9.470304 ], [ -5.689364, 9.470276 ], [ -5.687582, 9.470245 ], [ -5.686931, 9.470326 ], [ -5.685501, 9.470181 ], [ -5.681179, 9.470518 ], [ -5.676864, 9.477859 ], [ -5.678716, 9.479304 ], [ -5.681593, 9.481472 ], [ -5.682086, 9.481944 ], [ -5.685717, 9.4843 ], [ -5.68757, 9.484717 ], [ -5.689082, 9.485004 ], [ -5.689491, 9.485122 ], [ -5.690993, 9.485566 ], [ -5.692254, 9.485935 ], [ -5.693882, 9.486438 ], [ -5.694821, 9.486704 ], [ -5.694833922445135, 9.486713758699352 ], [ -5.694997, 9.486761 ], [ -5.695858, 9.487085 ], [ -5.696400738280126, 9.487421419327005 ], [ -5.696967, 9.487643 ], [ -5.699635, 9.489202 ], [ -5.703134, 9.490015 ], [ -5.704345621885779, 9.491249742892638 ], [ -5.704566, 9.491346 ], [ -5.704797988510406, 9.491710741890083 ], [ -5.706121, 9.493059 ], [ -5.706392644738745, 9.493858007163148 ], [ -5.706926, 9.494494 ], [ -5.71012, 9.501628 ], [ -5.712674, 9.502732 ], [ -5.714735, 9.503443 ], [ -5.720525, 9.503216 ], [ -5.722423, 9.502585 ], [ -5.72260084374944, 9.502525937500186 ], [ -5.723828, 9.502118 ], [ -5.723828118150262, 9.502118355595854 ], [ -5.72432, 9.501955 ], [ -5.724322915826236, 9.501963775737817 ], [ -5.728783, 9.500523 ], [ -5.729161, 9.500411 ], [ -5.730404, 9.500109 ], [ -5.733940637133084, 9.495624878446455 ], [ -5.735807, 9.492458 ], [ -5.735745, 9.492027 ], [ -5.736006870097921, 9.491988991341767 ], [ -5.737016, 9.489621 ], [ -5.737903, 9.489894 ], [ -5.738359, 9.490104 ], [ -5.739027, 9.490765 ], [ -5.745174, 9.49594 ], [ -5.74880613704963, 9.498957028862208 ], [ -5.754581, 9.500247 ], [ -5.757734, 9.499272 ], [ -5.763016, 9.501268 ], [ -5.762035, 9.504732 ], [ -5.756241092436983, 9.503928844537816 ], [ -5.754414, 9.503844 ], [ -5.749992, 9.503662 ], [ -5.745561, 9.50348 ], [ -5.742907, 9.503367 ], [ -5.740256, 9.503254 ], [ -5.738868, 9.503215 ], [ -5.736488, 9.503095 ] ] ], [ [ [ -5.152434, 8.316391 ], [ -5.151734838057695, 8.314107266012723 ], [ -5.151067, 8.312336 ], [ -5.150529, 8.311001 ], [ -5.150117, 8.310046 ], [ -5.149668, 8.30908 ], [ -5.149163, 8.308045 ], [ -5.148892, 8.307523 ], [ -5.148307, 8.306429 ], [ -5.14772, 8.305422 ], [ -5.146599, 8.303588 ], [ -5.145458, 8.30172 ], [ -5.143224, 8.298095 ], [ -5.140986, 8.294464 ], [ -5.138749, 8.290832 ], [ -5.130474, 8.293748 ], [ -5.126955, 8.292988 ], [ -5.1278, 8.287521 ], [ -5.127978, 8.285377 ], [ -5.128142, 8.282701 ], [ -5.128377, 8.281795 ], [ -5.128627, 8.273322 ], [ -5.128169, 8.272159 ], [ -5.127615, 8.270622 ], [ -5.127108, 8.268939 ], [ -5.126649, 8.267258 ], [ -5.125634, 8.263353 ], [ -5.124624, 8.259467 ], [ -5.123614, 8.255582 ], [ -5.122604, 8.251696 ], [ -5.122285, 8.250349 ], [ -5.122048, 8.249403 ], [ -5.121855, 8.248247 ], [ -5.121734, 8.247282 ], [ -5.121658, 8.246201 ], [ -5.121621, 8.245061 ], [ -5.113136, 8.242984 ], [ -5.112269, 8.244466 ], [ -5.11102, 8.246474 ], [ -5.111010736912329, 8.246468239735144 ], [ -5.110894, 8.246654 ], [ -5.11054, 8.247027 ], [ -5.110098, 8.24734 ], [ -5.109, 8.24792 ], [ -5.107318, 8.244737 ], [ -5.111415, 8.237093 ], [ -5.112249, 8.235382 ], [ -5.113009, 8.234248 ], [ -5.114536, 8.226504 ], [ -5.112762, 8.223376 ], [ -5.113088, 8.223187 ], [ -5.118298, 8.217876 ], [ -5.119736, 8.210288 ], [ -5.118555, 8.208666 ], [ -5.117375, 8.207046 ], [ -5.116105, 8.205324 ], [ -5.11483, 8.203593 ], [ -5.113346, 8.201547 ], [ -5.112841, 8.200811 ], [ -5.111942, 8.199313 ], [ -5.111763, 8.199013 ], [ -5.111396, 8.198315 ], [ -5.110867, 8.197157 ], [ -5.110598, 8.196517 ], [ -5.110269, 8.195597 ], [ -5.10984, 8.194184 ], [ -5.109589, 8.193135 ], [ -5.109418, 8.192283 ], [ -5.109208, 8.190868 ], [ -5.109134, 8.189982 ], [ -5.109087, 8.189082 ], [ -5.109061, 8.188114 ], [ -5.109027, 8.185628 ], [ -5.108994, 8.183164 ], [ -5.10896, 8.1807 ], [ -5.105664, 8.173734 ], [ -5.103744, 8.172995 ], [ -5.100118, 8.172554 ], [ -5.099056, 8.171074 ], [ -5.099172, 8.170491 ], [ -5.100647, 8.166602 ], [ -5.100741, 8.165933 ], [ -5.096514, 8.158643 ], [ -5.089707, 8.160682 ], [ -5.089531, 8.160888 ], [ -5.088495, 8.162427 ], [ -5.086565, 8.165812 ], [ -5.086392, 8.166536 ], [ -5.086221, 8.167048 ], [ -5.085745, 8.168173 ], [ -5.084914, 8.170398 ], [ -5.083912, 8.172556 ], [ -5.082902, 8.174727 ], [ -5.082258, 8.176082 ], [ -5.081724, 8.177137 ], [ -5.081308, 8.178155 ], [ -5.08056, 8.180546 ], [ -5.080211, 8.1812 ], [ -5.079648, 8.181937 ], [ -5.077602, 8.184337 ], [ -5.076409, 8.186132 ], [ -5.076761, 8.195082 ], [ -5.076935, 8.196528 ], [ -5.076622821605119, 8.19690647532355 ], [ -5.076623, 8.196907 ], [ -5.076078, 8.197567 ], [ -5.076071, 8.197577 ], [ -5.075531, 8.198241 ], [ -5.075530267249772, 8.198241147048515 ], [ -5.075221, 8.198621 ], [ -5.07116, 8.199449 ], [ -5.066941, 8.199959 ], [ -5.064863, 8.19702 ], [ -5.066514, 8.194204 ], [ -5.068695, 8.19134 ], [ -5.070617, 8.187257 ], [ -5.07124, 8.186205 ], [ -5.072401, 8.185097 ], [ -5.074599, 8.182353 ], [ -5.077865, 8.177103 ], [ -5.078383, 8.175796 ], [ -5.079039, 8.174471 ], [ -5.07965, 8.173183 ], [ -5.080647, 8.171038 ], [ -5.08165, 8.168881 ], [ -5.08237, 8.166922 ], [ -5.083209, 8.163972 ], [ -5.083372, 8.163356 ], [ -5.083487, 8.163049 ], [ -5.084285, 8.161809 ], [ -5.084973, 8.160939 ], [ -5.085853, 8.159981 ], [ -5.086518, 8.158919 ], [ -5.085156, 8.1509 ], [ -5.077461, 8.147938 ], [ -5.075055, 8.150578 ], [ -5.07468, 8.15132 ], [ -5.074245, 8.151908 ], [ -5.073795, 8.152397 ], [ -5.073141, 8.152985 ], [ -5.072603, 8.153335 ], [ -5.072042, 8.153635 ], [ -5.069425, 8.15611 ], [ -5.067736, 8.157872 ], [ -5.066623, 8.158944 ], [ -5.065747, 8.159468 ], [ -5.060871, 8.163753 ], [ -5.060102, 8.164596 ], [ -5.0586, 8.166054 ], [ -5.057373, 8.167197 ], [ -5.056447, 8.168312 ], [ -5.054802, 8.171059 ], [ -5.054643, 8.171391 ], [ -5.054281, 8.172008 ], [ -5.053393, 8.173299 ], [ -5.053048, 8.173715 ], [ -5.052542, 8.174163 ], [ -5.050233, 8.176376 ], [ -5.048416, 8.178945 ], [ -5.047859, 8.179794 ], [ -5.04734, 8.180443 ], [ -5.045525, 8.182578 ], [ -5.044642, 8.184001 ], [ -5.044219, 8.184842 ], [ -5.044091, 8.185125 ], [ -5.043882258931045, 8.185030117695929 ], [ -5.041951, 8.186109 ], [ -5.041504, 8.185974 ], [ -5.040042, 8.185438 ], [ -5.041282, 8.182058 ], [ -5.042354, 8.180765 ], [ -5.042958, 8.179957 ], [ -5.043279, 8.179527 ], [ -5.043886, 8.178809 ], [ -5.045984, 8.175918 ], [ -5.046283, 8.175464 ], [ -5.046966, 8.174605 ], [ -5.048032, 8.173252 ], [ -5.048437, 8.17279 ], [ -5.048679, 8.172557 ], [ -5.051987, 8.168081 ], [ -5.052177, 8.167745 ], [ -5.054034, 8.165335 ], [ -5.055342, 8.164224 ], [ -5.05611, 8.163455 ], [ -5.057006, 8.162455 ], [ -5.058109, 8.161444 ], [ -5.059805, 8.158813 ], [ -5.056785, 8.150482 ], [ -5.055702, 8.150259 ], [ -5.054452, 8.149929 ], [ -5.051931, 8.149181 ], [ -5.051182, 8.148979 ], [ -5.050644, 8.148844 ], [ -5.050158, 8.148742 ], [ -5.049279, 8.148588 ], [ -5.048958, 8.148542 ], [ -5.047807, 8.14846 ], [ -5.047144, 8.148434 ], [ -5.045687, 8.148481 ], [ -5.043151, 8.148715 ], [ -5.041813, 8.148822 ], [ -5.039665, 8.149011 ], [ -5.035605, 8.149617 ], [ -5.035004, 8.149737 ], [ -5.032693, 8.150241 ], [ -5.030381, 8.150746 ], [ -5.028069, 8.15125 ], [ -5.025765, 8.151753 ], [ -5.022173, 8.15255 ], [ -5.019258, 8.153289 ], [ -5.017811, 8.1537 ], [ -5.01612, 8.154201 ], [ -5.014634, 8.154661 ], [ -5.012485, 8.155336 ], [ -5.011109, 8.155736 ], [ -5.00974, 8.156177 ], [ -5.006962, 8.157041 ], [ -5.004228, 8.157891 ], [ -4.998522, 8.162537 ], [ -4.995506, 8.170629 ], [ -4.995447, 8.17208 ], [ -4.995405, 8.172518 ], [ -4.995275, 8.173429 ], [ -4.995094, 8.174637 ], [ -4.995092993568926, 8.174636860860764 ], [ -4.995077, 8.174743 ], [ -4.994999, 8.175131 ], [ -4.994834, 8.175772 ], [ -4.991348, 8.174872 ], [ -4.991534822400349, 8.174094702655541 ], [ -4.991683, 8.173024 ], [ -4.991764, 8.172636 ], [ -4.991838, 8.172036 ], [ -4.991863, 8.171749 ], [ -4.991909, 8.17049 ], [ -4.98429, 8.165717 ], [ -4.983395, 8.166128 ], [ -4.98249, 8.166612 ], [ -4.979225, 8.168513 ], [ -4.975946, 8.170423 ], [ -4.973523, 8.171793 ], [ -4.972948, 8.172044 ], [ -4.972106, 8.172353 ], [ -4.971092, 8.172659 ], [ -4.969992, 8.172902 ], [ -4.969279, 8.173009 ], [ -4.968432, 8.173084 ], [ -4.966728, 8.173156 ], [ -4.964488, 8.173225 ], [ -4.962247, 8.173294 ], [ -4.962137, 8.169695 ], [ -4.963991054054208, 8.169638716216213 ], [ -4.96447, 8.169624 ], [ -4.966618, 8.169558 ], [ -4.974164, 8.167295 ], [ -4.977414, 8.165402 ], [ -4.980678, 8.163501 ], [ -4.981695, 8.162955 ], [ -4.982775, 8.162451 ], [ -4.98323, 8.162258 ], [ -4.9843, 8.161862 ], [ -4.986814, 8.161102 ], [ -4.989224, 8.160377 ], [ -4.990886, 8.159848 ], [ -4.992432, 8.159306 ], [ -4.994229, 8.158585 ], [ -4.994752, 8.158341 ], [ -4.992958, 8.149609 ], [ -4.992286, 8.149626 ], [ -4.991806, 8.149597 ], [ -4.991255, 8.14952 ], [ -4.990815934557985, 8.149500042479907 ], [ -4.989697, 8.149603 ], [ -4.989296, 8.146026 ], [ -4.990266, 8.145917 ], [ -4.996149, 8.145308 ], [ -4.997295, 8.145136 ], [ -4.998297, 8.145022 ], [ -4.998718, 8.145016 ], [ -4.99917, 8.145066 ], [ -5.003465, 8.145949 ], [ -5.004101, 8.146089 ], [ -5.005043, 8.14637 ], [ -5.005945, 8.146677 ], [ -5.00685, 8.147047 ], [ -5.007565, 8.147366 ], [ -5.008176, 8.147661 ], [ -5.009465, 8.148323 ], [ -5.018275, 8.149826 ], [ -5.021288, 8.14906 ], [ -5.024983, 8.148239 ], [ -5.027302, 8.147733 ], [ -5.029613, 8.147228 ], [ -5.036007, 8.141641 ], [ -5.039532, 8.14249 ], [ -5.047175, 8.144834 ], [ -5.047943, 8.144862 ], [ -5.049212, 8.144951 ], [ -5.049752, 8.145019 ], [ -5.050774, 8.145196 ], [ -5.051376, 8.145319 ], [ -5.052046, 8.145484 ], [ -5.052868, 8.145705 ], [ -5.055475, 8.146478 ], [ -5.056618, 8.146777 ], [ -5.0575, 8.146953 ], [ -5.059563, 8.147133 ], [ -5.060028, 8.147115 ], [ -5.060858, 8.147034 ], [ -5.061263, 8.146984 ], [ -5.061893, 8.14687 ], [ -5.063804, 8.146362 ], [ -5.065859, 8.145822 ], [ -5.068788, 8.145084 ], [ -5.071858, 8.142383 ], [ -5.069753, 8.133691 ], [ -5.069139, 8.133518 ], [ -5.068617, 8.133202 ], [ -5.068202, 8.132773 ], [ -5.067797, 8.132203 ], [ -5.067333, 8.131577 ], [ -5.067173, 8.131316 ], [ -5.066817, 8.130655 ], [ -5.065567, 8.128877 ], [ -5.065387, 8.128615 ], [ -5.06503, 8.128 ], [ -5.064635, 8.127203 ], [ -5.061625, 8.123241 ], [ -5.061032, 8.122329 ], [ -5.059849, 8.119847 ], [ -5.054634, 8.113274 ], [ -5.053488, 8.112415 ], [ -5.052899, 8.111575 ], [ -5.050119, 8.104283 ], [ -5.049316, 8.102629 ], [ -5.052555, 8.101057 ], [ -5.055735, 8.104977 ], [ -5.056484, 8.105714 ], [ -5.056737, 8.106313 ], [ -5.059979, 8.112929 ], [ -5.060784, 8.113854 ], [ -5.061204, 8.114345 ], [ -5.062055, 8.11535 ], [ -5.062448, 8.115812 ], [ -5.062746, 8.116363 ], [ -5.065905, 8.122145 ], [ -5.066268, 8.122582 ], [ -5.067075, 8.123932 ], [ -5.067598, 8.124868 ], [ -5.074547, 8.130046 ], [ -5.075248, 8.130074 ], [ -5.076318, 8.130085 ], [ -5.077227, 8.130117 ], [ -5.084293, 8.125417 ], [ -5.085373, 8.121868 ], [ -5.086648, 8.119658 ], [ -5.08927, 8.112388 ], [ -5.089007, 8.109365 ], [ -5.088834, 8.107486 ], [ -5.088666, 8.105645 ], [ -5.085101, 8.097905 ], [ -5.084016, 8.096871 ], [ -5.08169, 8.094641 ], [ -5.080707, 8.093575 ], [ -5.079978, 8.092656 ], [ -5.079218, 8.091578 ], [ -5.078655, 8.090642 ], [ -5.078446, 8.090288 ], [ -5.07799, 8.089397 ], [ -5.077668, 8.08871 ], [ -5.077216, 8.087577 ], [ -5.077041, 8.087085 ], [ -5.076805, 8.086349 ], [ -5.076681, 8.085914 ], [ -5.076481, 8.085104 ], [ -5.076263, 8.084014 ], [ -5.076106, 8.082934 ], [ -5.076052, 8.082392 ], [ -5.075997, 8.081504 ], [ -5.075985, 8.080481 ], [ -5.076025, 8.079364 ], [ -5.076219, 8.077383 ], [ -5.07656, 8.074563 ], [ -5.0769, 8.071743 ], [ -5.073463, 8.064927 ], [ -5.07209, 8.063632 ], [ -5.070778, 8.062392 ], [ -5.068338, 8.060223 ], [ -5.06713, 8.058515 ], [ -5.065343, 8.056109 ], [ -5.063873, 8.052008 ], [ -5.06323336780761, 8.050535261470975 ], [ -5.063115, 8.050263 ], [ -5.063115101456218, 8.050262955895281 ], [ -5.063106, 8.050242 ], [ -5.066407, 8.048807 ], [ -5.067175, 8.050573 ], [ -5.067943, 8.052338 ], [ -5.068324, 8.053348 ], [ -5.069284, 8.055069 ], [ -5.070237, 8.056697 ], [ -5.07127, 8.058133 ], [ -5.079004, 8.053961 ], [ -5.07936, 8.050924 ], [ -5.079708, 8.047974 ], [ -5.079776, 8.046984 ], [ -5.079819, 8.045892 ], [ -5.079821, 8.045034 ], [ -5.079782, 8.044057 ], [ -5.079715, 8.043191 ], [ -5.079534, 8.041701 ], [ -5.0794, 8.040912 ], [ -5.079222, 8.04 ], [ -5.078355, 8.036248 ], [ -5.077488, 8.032495 ], [ -5.076622, 8.028743 ], [ -5.075732, 8.024894 ], [ -5.070485, 8.019069 ], [ -5.06754, 8.016999 ], [ -5.069023, 8.014318 ], [ -5.070035, 8.012539 ], [ -5.071272, 8.00403 ], [ -5.065496, 7.997375 ], [ -5.065001, 7.997367 ], [ -5.065061, 7.993767 ], [ -5.064946, 7.986997 ], [ -5.062377, 7.984933 ], [ -5.062696, 7.983107 ], [ -5.062852600489274, 7.982768480379475 ], [ -5.063963607073197, 7.979956925727755 ], [ -5.064323, 7.97357 ], [ -5.063345, 7.970565 ], [ -5.06068, 7.964588 ], [ -5.059737, 7.959473 ], [ -5.063161, 7.958359 ], [ -5.063538242424515, 7.959519956710795 ], [ -5.064114, 7.96129 ], [ -5.064814, 7.963442 ], [ -5.065791, 7.966447 ], [ -5.066769, 7.969452 ], [ -5.067746, 7.972457 ], [ -5.068724, 7.975462 ], [ -5.069701, 7.978467 ], [ -5.070679, 7.981472 ], [ -5.071229, 7.983317 ], [ -5.071636, 7.984851 ], [ -5.071807, 7.985584 ], [ -5.072254, 7.987827 ], [ -5.078628, 7.99322 ], [ -5.083024, 7.998324 ], [ -5.086507, 7.999235 ], [ -5.086385, 8.00405 ], [ -5.086229, 8.005945 ], [ -5.086031, 8.006159 ], [ -5.083813, 8.006569 ], [ -5.076035, 8.009999 ], [ -5.07663, 8.012573 ], [ -5.07685, 8.013756 ], [ -5.077075, 8.014722 ], [ -5.07763, 8.017121 ], [ -5.078167, 8.019441 ], [ -5.078703, 8.021762 ], [ -5.07924, 8.024083 ], [ -5.080129, 8.027933 ], [ -5.080996, 8.031685 ], [ -5.081863, 8.035438 ], [ -5.082729, 8.03919 ], [ -5.082932, 8.040218 ], [ -5.083082, 8.041096 ], [ -5.083288, 8.042751 ], [ -5.083371, 8.043771 ], [ -5.083418, 8.044886 ], [ -5.083419, 8.045892 ], [ -5.083374, 8.047121 ], [ -5.0833, 8.048219 ], [ -5.082936, 8.051343 ], [ -5.08258, 8.05438 ], [ -5.082223, 8.057417 ], [ -5.081867, 8.060453 ], [ -5.081511, 8.06349 ], [ -5.081155, 8.066527 ], [ -5.080814, 8.069353 ], [ -5.088242, 8.073619 ], [ -5.089674, 8.071351 ], [ -5.090959, 8.069479 ], [ -5.092171, 8.067723 ], [ -5.09256, 8.066974 ], [ -5.093137, 8.065168 ], [ -5.094062, 8.06207 ], [ -5.095004, 8.058917 ], [ -5.095338, 8.05792 ], [ -5.095819, 8.056262 ], [ -5.095983, 8.05577 ], [ -5.096862, 8.052816 ], [ -5.097194471910747, 8.051699952245063 ], [ -5.097735, 8.049884 ], [ -5.097735409831042, 8.04988412199898 ], [ -5.097742, 8.049862 ], [ -5.101192, 8.050889 ], [ -5.100638889147644, 8.052747804843984 ], [ -5.10031, 8.053854 ], [ -5.099434, 8.056797 ], [ -5.099236, 8.057396 ], [ -5.098797, 8.05892 ], [ -5.098419, 8.060056 ], [ -5.097511, 8.0631 ], [ -5.096586, 8.066198 ], [ -5.09599, 8.068068 ], [ -5.095789, 8.06861 ], [ -5.095285, 8.069528 ], [ -5.093927, 8.071516 ], [ -5.092643, 8.073388 ], [ -5.091297, 8.075595 ], [ -5.089206, 8.078391 ], [ -5.08749, 8.086916 ], [ -5.088899, 8.089739 ], [ -5.089297, 8.090391 ], [ -5.090306, 8.09274 ], [ -5.091019, 8.094731 ], [ -5.091142, 8.095223 ], [ -5.091157, 8.096039 ], [ -5.091111, 8.096369 ], [ -5.091497, 8.101502 ], [ -5.091687, 8.102133 ], [ -5.091915, 8.103048 ], [ -5.092035, 8.10361 ], [ -5.092103, 8.104016 ], [ -5.092243, 8.105239 ], [ -5.092419, 8.107157 ], [ -5.098922, 8.113013 ], [ -5.105806, 8.111579 ], [ -5.10796, 8.109894 ], [ -5.108752, 8.10903 ], [ -5.109519, 8.108404 ], [ -5.111429, 8.111455 ], [ -5.118052, 8.112894 ], [ -5.120759, 8.11094 ], [ -5.125291, 8.108032 ], [ -5.12578, 8.107715 ], [ -5.131629, 8.102925 ], [ -5.133962, 8.096199 ], [ -5.13462, 8.09538 ], [ -5.137371, 8.091646 ], [ -5.137761, 8.091082 ], [ -5.138443, 8.090393 ], [ -5.142321, 8.085207 ], [ -5.143181, 8.084207 ], [ -5.147557, 8.078665 ], [ -5.148851, 8.075852 ], [ -5.149367, 8.075229 ], [ -5.150714, 8.074067 ], [ -5.1522, 8.072605 ], [ -5.153514, 8.071204 ], [ -5.154798, 8.069835 ], [ -5.156246, 8.068215 ], [ -5.158385, 8.065857 ], [ -5.15838527526674, 8.065857249763782 ], [ -5.15841, 8.06583 ], [ -5.161076, 8.068249 ], [ -5.158912, 8.070634 ], [ -5.157482, 8.072234 ], [ -5.156157, 8.080676 ], [ -5.158295, 8.083572 ], [ -5.156039, 8.085237 ], [ -5.154764, 8.086412 ], [ -5.153634, 8.087403 ], [ -5.151654, 8.088778 ], [ -5.149928, 8.089846 ], [ -5.148276, 8.090866 ], [ -5.144437, 8.09277 ], [ -5.138689, 8.097259 ], [ -5.136958, 8.100449 ], [ -5.136477, 8.101761 ], [ -5.135841, 8.103118 ], [ -5.134593, 8.104969 ], [ -5.132593, 8.108686 ], [ -5.131961, 8.10956 ], [ -5.1314, 8.109964 ], [ -5.12567, 8.113237 ], [ -5.124945, 8.113833 ], [ -5.120318, 8.119471 ], [ -5.119752, 8.120792 ], [ -5.119518, 8.12147 ], [ -5.116678, 8.128315 ], [ -5.118098, 8.134245 ], [ -5.125623, 8.136248 ], [ -5.128081, 8.135473 ], [ -5.129713, 8.134916 ], [ -5.130672, 8.134818 ], [ -5.131932, 8.134842 ], [ -5.133038, 8.135013 ], [ -5.135094, 8.135604 ], [ -5.136961, 8.136152 ], [ -5.139856, 8.136654 ], [ -5.147512, 8.134873 ], [ -5.148927, 8.133895 ], [ -5.149835, 8.133314 ], [ -5.150332, 8.133143 ], [ -5.150888, 8.133034 ], [ -5.151539, 8.132996 ], [ -5.152213, 8.133034 ], [ -5.153841, 8.133241 ], [ -5.161098, 8.132379 ], [ -5.164236, 8.130905 ], [ -5.165436, 8.130263 ], [ -5.16601, 8.12998 ], [ -5.166525, 8.129782 ], [ -5.167311, 8.12956 ], [ -5.17505, 8.125708 ], [ -5.177278, 8.123459 ], [ -5.178587, 8.121942 ], [ -5.179603, 8.1208 ], [ -5.180883, 8.119253 ], [ -5.1822, 8.117663 ], [ -5.182962, 8.116757 ], [ -5.184234, 8.115184 ], [ -5.184995, 8.114286 ], [ -5.186382, 8.112714 ], [ -5.187895, 8.111117 ], [ -5.188288, 8.110757 ], [ -5.189328, 8.10987 ], [ -5.189741, 8.109525 ], [ -5.190222, 8.109164 ], [ -5.190696, 8.108854 ], [ -5.195497, 8.104901 ], [ -5.198115, 8.107372 ], [ -5.196503, 8.109079 ], [ -5.196365017322067, 8.109200238712521 ], [ -5.19637, 8.109206 ], [ -5.195613, 8.109861 ], [ -5.194324, 8.110842 ], [ -5.193848, 8.11117 ], [ -5.192525, 8.111955 ], [ -5.191647, 8.112623 ], [ -5.190625, 8.113495 ], [ -5.190333, 8.113766 ], [ -5.189001, 8.115185 ], [ -5.187695, 8.116667 ], [ -5.186982, 8.11751 ], [ -5.188869, 8.125985 ], [ -5.190128, 8.126372 ], [ -5.192497, 8.12669 ], [ -5.193164, 8.126673 ], [ -5.193514, 8.126687 ], [ -5.193377, 8.130284 ], [ -5.191843, 8.130335 ], [ -5.184511, 8.132707 ], [ -5.183863, 8.131909 ], [ -5.182474, 8.130444 ], [ -5.174326, 8.131221 ], [ -5.17374, 8.131654 ], [ -5.173179, 8.131952 ], [ -5.172678, 8.132153 ], [ -5.171974, 8.132327 ], [ -5.164553, 8.134956 ], [ -5.162297, 8.135774 ], [ -5.160118, 8.136465 ], [ -5.159453, 8.136629 ], [ -5.158466, 8.136765 ], [ -5.157224, 8.136879 ], [ -5.155976, 8.136969 ], [ -5.154936, 8.13694 ], [ -5.146827, 8.139339 ], [ -5.145514, 8.140019 ], [ -5.144666, 8.140319 ], [ -5.143753, 8.140463 ], [ -5.142316, 8.140517 ], [ -5.141418, 8.140513 ], [ -5.139318, 8.140214 ], [ -5.136346, 8.139699 ], [ -5.1341, 8.139064 ], [ -5.129345, 8.138843 ], [ -5.12671, 8.139681 ], [ -5.125727, 8.14006 ], [ -5.124536, 8.140663 ], [ -5.123297, 8.149212 ], [ -5.123416, 8.15064 ], [ -5.122224, 8.152434 ], [ -5.121241, 8.153579 ], [ -5.115198, 8.153191 ], [ -5.11382, 8.152622 ], [ -5.111062, 8.151467 ], [ -5.106545, 8.152796 ], [ -5.105223, 8.158987 ], [ -5.106531, 8.161079 ], [ -5.1081, 8.163512 ], [ -5.108427, 8.164085 ], [ -5.108749, 8.164711 ], [ -5.109055, 8.165348 ], [ -5.109281, 8.165895 ], [ -5.109721, 8.167054 ], [ -5.110079, 8.168104 ], [ -5.110836, 8.170265 ], [ -5.111632, 8.172591 ], [ -5.11189, 8.173425 ], [ -5.11207, 8.174119 ], [ -5.112302, 8.175336 ], [ -5.112435, 8.176484 ], [ -5.112527, 8.178188 ], [ -5.11256, 8.180651 ], [ -5.112594, 8.183115 ], [ -5.112627, 8.185579 ], [ -5.11266, 8.18802 ], [ -5.112683, 8.1889 ], [ -5.112722, 8.189694 ], [ -5.11778, 8.197006 ], [ -5.120716, 8.197862 ], [ -5.126143, 8.196798 ], [ -5.12663, 8.196544 ], [ -5.127068, 8.196419 ], [ -5.127556, 8.196337 ], [ -5.128696, 8.196201 ], [ -5.129329, 8.196274 ], [ -5.130098, 8.196482 ], [ -5.130534, 8.196678 ], [ -5.132604, 8.203873 ], [ -5.136995, 8.204713 ], [ -5.139395, 8.206997 ], [ -5.148055, 8.208372 ], [ -5.149001, 8.208196 ], [ -5.149959, 8.208187 ], [ -5.156728, 8.208128 ], [ -5.159665, 8.207916 ], [ -5.16169, 8.207755 ], [ -5.161975, 8.211344 ], [ -5.159951, 8.211505 ], [ -5.159912980681924, 8.211507732157473 ], [ -5.159913, 8.211508 ], [ -5.156987, 8.211718 ], [ -5.155648, 8.212072 ], [ -5.153747, 8.212396 ], [ -5.152896, 8.212434 ], [ -5.152026, 8.212337 ], [ -5.148813, 8.211891 ], [ -5.145926, 8.212786 ], [ -5.144576, 8.213096 ], [ -5.144649, 8.221799 ], [ -5.145858, 8.222498 ], [ -5.147215, 8.222974 ], [ -5.148756, 8.223188 ], [ -5.15289, 8.222638 ], [ -5.157217, 8.220962 ], [ -5.160236, 8.221366 ], [ -5.162073, 8.221619 ], [ -5.16391, 8.221872 ], [ -5.16342, 8.225438 ], [ -5.15456, 8.225827 ], [ -5.150794, 8.226959 ], [ -5.148236, 8.22675 ], [ -5.146441, 8.226488 ], [ -5.145381, 8.226298 ], [ -5.145107, 8.226211 ], [ -5.144663, 8.226011 ], [ -5.141507, 8.224805 ], [ -5.14009, 8.224123 ], [ -5.139336, 8.22375 ], [ -5.131288, 8.226842 ], [ -5.130228, 8.228884 ], [ -5.128927, 8.232191 ], [ -5.127655, 8.235334 ], [ -5.127102, 8.244049 ], [ -5.129266, 8.250142 ], [ -5.130624, 8.252536 ], [ -5.130946, 8.253071 ], [ -5.131323, 8.253744 ], [ -5.131734, 8.254426 ], [ -5.132763, 8.256105 ], [ -5.133652, 8.25731 ], [ -5.134116, 8.257986 ], [ -5.135367, 8.259712 ], [ -5.135596, 8.26004 ], [ -5.135941, 8.260626 ], [ -5.137416, 8.262869 ], [ -5.137859, 8.26359 ], [ -5.137858025681663, 8.263590597480324 ], [ -5.137884, 8.263633 ], [ -5.138824, 8.265253 ], [ -5.13571, 8.267059 ], [ -5.133324, 8.274933 ], [ -5.134324, 8.276782 ], [ -5.135101, 8.27805 ], [ -5.137338, 8.281681 ], [ -5.139576, 8.285312 ], [ -5.141814, 8.288944 ], [ -5.144051, 8.292575 ], [ -5.150209, 8.295146 ], [ -5.152616, 8.297824 ], [ -5.152454674935293, 8.304250238983089 ], [ -5.152933, 8.307564 ], [ -5.153423, 8.308621 ], [ -5.153869, 8.309656 ], [ -5.154436, 8.311066 ], [ -5.155106, 8.312842 ], [ -5.155102193047903, 8.312843436223245 ], [ -5.155159, 8.312995 ], [ -5.155877, 8.315336 ], [ -5.156594, 8.317678 ], [ -5.153152, 8.318733 ], [ -5.152434, 8.316391 ] ] ], [ [ [ -5.340246, 9.602636 ], [ -5.338876, 9.603 ], [ -5.337702, 9.603257 ], [ -5.33649, 9.603476 ], [ -5.336102753547486, 9.603528152123907 ], [ -5.336103, 9.60353 ], [ -5.334628807807392, 9.603726654654711 ], [ -5.334203, 9.603784 ], [ -5.331207, 9.604333 ], [ -5.329946, 9.604531 ], [ -5.328646, 9.604781 ], [ -5.326231660249219, 9.605007772547534 ], [ -5.324844, 9.605148 ], [ -5.324208861030901, 9.605229287333081 ], [ -5.324205, 9.60523 ], [ -5.322414, 9.605459 ], [ -5.321558, 9.605604 ], [ -5.319895, 9.605912 ], [ -5.316265110796977, 9.608953444951284 ], [ -5.314872, 9.613821 ], [ -5.314878, 9.614182 ], [ -5.314123, 9.617806 ], [ -5.311885, 9.618804 ], [ -5.30433, 9.623287 ], [ -5.30086, 9.624244 ], [ -5.300375, 9.622488 ], [ -5.29988, 9.620443 ], [ -5.299807, 9.620003 ], [ -5.299768, 9.619525 ], [ -5.299765691718497, 9.619473969222758 ], [ -5.299765, 9.619474 ], [ -5.299703, 9.618088 ], [ -5.299683, 9.616923 ], [ -5.299657, 9.616538 ], [ -5.299219, 9.613682 ], [ -5.29917, 9.612714 ], [ -5.292504, 9.607419 ], [ -5.289503, 9.607411 ], [ -5.286509, 9.607403 ], [ -5.284591, 9.607427 ], [ -5.282647, 9.607452 ], [ -5.279527, 9.607453 ], [ -5.278884, 9.607408 ], [ -5.278404, 9.607359 ], [ -5.277296, 9.607192 ], [ -5.275859, 9.606838 ], [ -5.275499, 9.606724 ], [ -5.275093, 9.606591 ], [ -5.274208, 9.606249 ], [ -5.273441, 9.605909 ], [ -5.269518, 9.604073 ], [ -5.265627, 9.602251 ], [ -5.264216, 9.601626 ], [ -5.262646, 9.601066 ], [ -5.261879, 9.600829 ], [ -5.255414, 9.606537 ], [ -5.25525, 9.606896 ], [ -5.25464, 9.608897 ], [ -5.254519, 9.609468 ], [ -5.253728, 9.613384 ], [ -5.255907, 9.619533 ], [ -5.256689, 9.620811 ], [ -5.256851, 9.621514 ], [ -5.257041, 9.622409 ], [ -5.257288, 9.623288 ], [ -5.257671, 9.624701 ], [ -5.257864, 9.62535 ], [ -5.258084, 9.625988 ], [ -5.258275, 9.626653 ], [ -5.259082, 9.630638 ], [ -5.260743, 9.636539 ], [ -5.257497, 9.638094 ], [ -5.256837, 9.637225 ], [ -5.256750494184771, 9.637099924713013 ], [ -5.256746, 9.637103 ], [ -5.256209, 9.636317 ], [ -5.255798, 9.635569 ], [ -5.255412, 9.634369 ], [ -5.255362, 9.633077 ], [ -5.255323983302519, 9.632650859344521 ], [ -5.255295, 9.632651 ], [ -5.255007, 9.63013 ], [ -5.254938, 9.629694 ], [ -5.254173, 9.625667 ], [ -5.251589, 9.619666 ], [ -5.251083, 9.618838 ], [ -5.250836, 9.618292 ], [ -5.250595, 9.617455 ], [ -5.250236, 9.615946 ], [ -5.250082, 9.615154 ], [ -5.250089, 9.613679 ], [ -5.250066, 9.611793 ], [ -5.250005, 9.610866 ], [ -5.250238, 9.609781 ], [ -5.250538, 9.609141 ], [ -5.25126, 9.607059 ], [ -5.251374, 9.606595 ], [ -5.24562, 9.59992 ], [ -5.242814, 9.599954 ], [ -5.241381, 9.599971 ], [ -5.23959, 9.599947 ], [ -5.23855, 9.599915 ], [ -5.237532, 9.599833 ], [ -5.236135, 9.599652 ], [ -5.234864, 9.599421 ], [ -5.233456, 9.599086 ], [ -5.232415, 9.598807 ], [ -5.229458, 9.597907 ], [ -5.226559, 9.597024 ], [ -5.225667, 9.596795 ], [ -5.22333, 9.59632 ], [ -5.2214, 9.596053 ], [ -5.219454, 9.595903 ], [ -5.21762, 9.595823 ], [ -5.214082, 9.596271 ], [ -5.212706, 9.596738 ], [ -5.209882, 9.605122 ], [ -5.208561, 9.608471 ], [ -5.208279, 9.617388 ], [ -5.21136, 9.61785 ], [ -5.21185, 9.617991 ], [ -5.212616, 9.618309 ], [ -5.213584, 9.619258 ], [ -5.217373, 9.624594 ], [ -5.21676, 9.628141 ], [ -5.21649203931007, 9.628094772476132 ], [ -5.216492, 9.628095 ], [ -5.21375, 9.62932 ], [ -5.21326, 9.62925 ], [ -5.2106, 9.627086 ], [ -5.209998, 9.626718 ], [ -5.209361, 9.625425 ], [ -5.204259, 9.62048 ], [ -5.198064, 9.623363 ], [ -5.198248, 9.627543 ], [ -5.197503, 9.631065 ], [ -5.19724, 9.63117 ], [ -5.195966, 9.631177 ], [ -5.195787, 9.631183 ], [ -5.194873, 9.631114 ], [ -5.193909, 9.630825 ], [ -5.186314, 9.634507 ], [ -5.185587, 9.636363 ], [ -5.185206, 9.637391 ], [ -5.184976, 9.638006 ], [ -5.184309, 9.639618 ], [ -5.183318, 9.642136 ], [ -5.18247, 9.645048 ], [ -5.182349, 9.645718 ], [ -5.182224, 9.646565 ], [ -5.18208, 9.649453 ], [ -5.18201, 9.651369 ], [ -5.181922, 9.65305 ], [ -5.1856, 9.660917 ], [ -5.183942, 9.66297 ], [ -5.182842, 9.664523 ], [ -5.179035, 9.669822 ], [ -5.177764, 9.672405 ], [ -5.177261, 9.673477 ], [ -5.176889, 9.674438 ], [ -5.176633, 9.675124 ], [ -5.175653, 9.677901 ], [ -5.178724, 9.683881 ], [ -5.1796, 9.684494 ], [ -5.180078, 9.684798 ], [ -5.180779, 9.685261 ], [ -5.181366, 9.685696 ], [ -5.185054, 9.687481 ], [ -5.185679, 9.687737 ], [ -5.187504, 9.688678 ], [ -5.188051, 9.689014 ], [ -5.188798, 9.689622 ], [ -5.195094, 9.693046 ], [ -5.196503, 9.693693 ], [ -5.197039, 9.694231 ], [ -5.199939, 9.697343 ], [ -5.199771436955686, 9.697824177661035 ], [ -5.200154, 9.700807 ], [ -5.199742, 9.700859 ], [ -5.199032, 9.700816 ], [ -5.198026, 9.700562 ], [ -5.197495, 9.700427 ], [ -5.196931, 9.700192 ], [ -5.196194, 9.69974 ], [ -5.195634, 9.699416 ], [ -5.1953575607222, 9.699204130480519 ], [ -5.195349, 9.699211 ], [ -5.195223, 9.699101 ], [ -5.194808, 9.698576 ], [ -5.190051, 9.694997 ], [ -5.18967, 9.694784 ], [ -5.188423, 9.693761 ], [ -5.186873, 9.69278 ], [ -5.186461, 9.692432 ], [ -5.183727, 9.690827 ], [ -5.182298, 9.690431 ], [ -5.181636, 9.690286 ], [ -5.180666, 9.689838 ], [ -5.172667, 9.693244 ], [ -5.172643, 9.696201 ], [ -5.172619, 9.69915 ], [ -5.172606, 9.702484 ], [ -5.172592, 9.705821 ], [ -5.172511, 9.710078 ], [ -5.172426, 9.710907 ], [ -5.172317, 9.711718 ], [ -5.172186, 9.712464 ], [ -5.171988, 9.718583 ], [ -5.172434, 9.721074 ], [ -5.172771, 9.722605 ], [ -5.17288, 9.72322 ], [ -5.173545, 9.726086 ], [ -5.176896, 9.73351 ], [ -5.177204, 9.734076 ], [ -5.177453, 9.734704 ], [ -5.177898, 9.736177 ], [ -5.177897723303734, 9.736177083482483 ], [ -5.177898, 9.736178 ], [ -5.177897880143107, 9.736178036207495 ], [ -5.177903, 9.736195 ], [ -5.174457, 9.737235 ], [ -5.173369, 9.73476 ], [ -5.173316755392765, 9.734680846272774 ], [ -5.173315, 9.734682 ], [ -5.172705, 9.733754 ], [ -5.172346, 9.73315 ], [ -5.164035, 9.732283 ], [ -5.162959, 9.734299 ], [ -5.16436, 9.741679 ], [ -5.165739, 9.742698 ], [ -5.165734445624096, 9.742704158299039 ], [ -5.165934, 9.742853 ], [ -5.166352, 9.743233 ], [ -5.167444, 9.744363 ], [ -5.167756, 9.744699 ], [ -5.167752638302849, 9.744702440528682 ], [ -5.167945, 9.744914 ], [ -5.168254, 9.745354 ], [ -5.168697, 9.746146 ], [ -5.165554, 9.747902 ], [ -5.164926, 9.746967 ], [ -5.164584, 9.74655 ], [ -5.155899, 9.748297 ], [ -5.154559, 9.752585 ], [ -5.153221, 9.756864 ], [ -5.152681, 9.758626 ], [ -5.152136, 9.760403 ], [ -5.151409, 9.762701 ], [ -5.150205, 9.76662 ], [ -5.150077102026767, 9.767035799563512 ], [ -5.149006, 9.77052 ], [ -5.149005432201233, 9.770519825419617 ], [ -5.148986, 9.770583 ], [ -5.148688, 9.771467 ], [ -5.148078, 9.773437 ], [ -5.144639, 9.772372 ], [ -5.145249, 9.770402 ], [ -5.14556522890866, 9.769462070382263 ], [ -5.145565, 9.769462 ], [ -5.145587110792448, 9.769390034065216 ], [ -5.145587, 9.76939 ], [ -5.145723163532056, 9.768947211284924 ], [ -5.146765376840978, 9.765555028250308 ], [ -5.148321, 9.757678 ], [ -5.151123, 9.751511 ], [ -5.149703, 9.744161 ], [ -5.150275, 9.74385 ], [ -5.150773, 9.743627 ], [ -5.151272, 9.743497 ], [ -5.154373, 9.735053 ], [ -5.154068, 9.734659 ], [ -5.152588, 9.733034 ], [ -5.151383, 9.731747 ], [ -5.151383150526051, 9.73174685903934 ], [ -5.149906777959385, 9.730247655969066 ], [ -5.148826, 9.729473 ], [ -5.150757, 9.726435 ], [ -5.151651, 9.727003 ], [ -5.152337, 9.727588 ], [ -5.152411978642116, 9.727663990623789 ], [ -5.152414, 9.727662 ], [ -5.152415983906224, 9.727664015842899 ], [ -5.152416, 9.727664 ], [ -5.153967, 9.72924 ], [ -5.162432, 9.727596 ], [ -5.162935, 9.726525 ], [ -5.163681, 9.724777 ], [ -5.164178, 9.723473 ], [ -5.164788, 9.72199 ], [ -5.166117, 9.718727 ], [ -5.16739, 9.715608 ], [ -5.167924, 9.714268 ], [ -5.168808, 9.706192 ], [ -5.168839, 9.705795 ], [ -5.169006, 9.702469 ], [ -5.169019, 9.699136 ], [ -5.169043, 9.696171 ], [ -5.169067, 9.693215 ], [ -5.169091, 9.690258 ], [ -5.169115, 9.687302 ], [ -5.163783, 9.682412 ], [ -5.160899, 9.681268 ], [ -5.157989, 9.680114 ], [ -5.155485, 9.679075 ], [ -5.156034, 9.670363 ], [ -5.160348, 9.663933 ], [ -5.160694, 9.663827 ], [ -5.160765215402872, 9.663808566431088 ], [ -5.160766, 9.663808 ], [ -5.161938, 9.663505 ], [ -5.168194, 9.661233 ], [ -5.171874, 9.659294 ], [ -5.174903, 9.657051 ], [ -5.178483, 9.64932 ], [ -5.178629, 9.646386 ], [ -5.178783, 9.645223 ], [ -5.178925, 9.644417 ], [ -5.179108, 9.643574 ], [ -5.179346, 9.642665 ], [ -5.179906, 9.640988 ], [ -5.180959, 9.638302 ], [ -5.181649, 9.636631 ], [ -5.181831, 9.636138 ], [ -5.182213, 9.63511 ], [ -5.182961, 9.633195 ], [ -5.183699, 9.63131 ], [ -5.18312, 9.623187 ], [ -5.183228, 9.619589 ], [ -5.176929, 9.613193 ], [ -5.17688, 9.613153 ], [ -5.169745, 9.609463 ], [ -5.168331, 9.610318 ], [ -5.166575, 9.611645 ], [ -5.165817, 9.612322 ], [ -5.164817, 9.613052 ], [ -5.163962, 9.613466 ], [ -5.162965, 9.613974 ], [ -5.16206, 9.614408 ], [ -5.160157, 9.615173 ], [ -5.159199, 9.615551 ], [ -5.158441, 9.615712 ], [ -5.157509, 9.615812 ], [ -5.156457, 9.615838 ], [ -5.155313, 9.61562 ], [ -5.152276, 9.615023 ], [ -5.151403, 9.614832 ], [ -5.143371, 9.614169 ], [ -5.140748, 9.614106 ], [ -5.140647, 9.610507 ], [ -5.141208, 9.610492 ], [ -5.141343866054158, 9.610496678909451 ], [ -5.141344, 9.610493 ], [ -5.141346996057212, 9.610493108291225 ], [ -5.141347, 9.610493 ], [ -5.143413636705462, 9.61056780169978 ], [ -5.145342, 9.610437 ], [ -5.145961, 9.610365 ], [ -5.146799, 9.610362 ], [ -5.148497, 9.610675 ], [ -5.149791, 9.610684 ], [ -5.150485, 9.610746 ], [ -5.151107, 9.610887 ], [ -5.152019, 9.6112 ], [ -5.153367, 9.61153 ], [ -5.154878, 9.611771 ], [ -5.155391, 9.611829 ], [ -5.161657, 9.610544 ], [ -5.162228, 9.610269 ], [ -5.165159, 9.607943 ], [ -5.165803, 9.607472 ], [ -5.167816, 9.606424 ], [ -5.169367, 9.605777 ], [ -5.170131, 9.605597 ], [ -5.17139, 9.605334 ], [ -5.17461, 9.603107 ], [ -5.175196, 9.602573 ], [ -5.175491, 9.602328 ], [ -5.175846, 9.602079 ], [ -5.175153, 9.59391 ], [ -5.173129, 9.593383 ], [ -5.172472, 9.593228 ], [ -5.170155, 9.59274 ], [ -5.167821, 9.592247 ], [ -5.165323, 9.591694 ], [ -5.158468, 9.592509 ], [ -5.154334, 9.594055 ], [ -5.153202, 9.594357 ], [ -5.152236, 9.59434 ], [ -5.150363, 9.593943 ], [ -5.148501, 9.593549 ], [ -5.146443, 9.593125 ], [ -5.144396, 9.592703 ], [ -5.142386, 9.5923 ], [ -5.140362, 9.591895 ], [ -5.136927, 9.591143 ], [ -5.135665, 9.590605 ], [ -5.135671588511315, 9.590589556865201 ], [ -5.135414, 9.590476 ], [ -5.134708, 9.590021 ], [ -5.133465, 9.589066 ], [ -5.135538, 9.586123 ], [ -5.141096, 9.588371 ], [ -5.143092, 9.58877 ], [ -5.145102, 9.589173 ], [ -5.14717, 9.589599 ], [ -5.149228, 9.590023 ], [ -5.157205, 9.589137 ], [ -5.161274, 9.587614 ], [ -5.162243, 9.587476 ], [ -5.163444, 9.587599 ], [ -5.166101, 9.588179 ], [ -5.168598, 9.588732 ], [ -5.175386, 9.58483 ], [ -5.175745, 9.584098 ], [ -5.177164, 9.579553 ], [ -5.173909, 9.573848 ], [ -5.173644, 9.573679 ], [ -5.172774, 9.573053 ], [ -5.171266, 9.57215 ], [ -5.170541, 9.571773 ], [ -5.169656, 9.571336 ], [ -5.167096, 9.570302 ], [ -5.166734, 9.570014 ], [ -5.165939, 9.569241 ], [ -5.16557, 9.568782 ], [ -5.159619, 9.564063 ], [ -5.158561, 9.563678 ], [ -5.157872, 9.563353 ], [ -5.15478, 9.56221 ], [ -5.153674, 9.561798 ], [ -5.152476, 9.56133 ], [ -5.151797, 9.561034 ], [ -5.151313, 9.560763 ], [ -5.149972, 9.560009 ], [ -5.148827, 9.55933 ], [ -5.14826, 9.55879 ], [ -5.147624, 9.558192 ], [ -5.147356, 9.557875 ], [ -5.150105, 9.555551 ], [ -5.154249, 9.558128 ], [ -5.156027, 9.558833 ], [ -5.158689, 9.559647 ], [ -5.161496, 9.560806 ], [ -5.162706, 9.561367 ], [ -5.163846, 9.562018 ], [ -5.164538, 9.562569 ], [ -5.165656, 9.563483 ], [ -5.165944, 9.563696 ], [ -5.16664, 9.564218 ], [ -5.167209, 9.564834 ], [ -5.172104, 9.56853 ], [ -5.172924, 9.568954 ], [ -5.173935, 9.569441 ], [ -5.174177, 9.569574 ], [ -5.176167, 9.57097 ], [ -5.176672, 9.571283 ], [ -5.177133, 9.571648 ], [ -5.178298, 9.572628 ], [ -5.178958, 9.573233 ], [ -5.179258, 9.573564 ], [ -5.183825, 9.576286 ], [ -5.184992, 9.579553 ], [ -5.186317, 9.581787 ], [ -5.190901, 9.584339 ], [ -5.195402, 9.579456 ], [ -5.195546, 9.578787 ], [ -5.19475, 9.574565 ], [ -5.194981, 9.571308 ], [ -5.195072, 9.569493 ], [ -5.195131, 9.566077 ], [ -5.195092, 9.564873 ], [ -5.195031, 9.563646 ], [ -5.195022, 9.563072 ], [ -5.194908, 9.561774 ], [ -5.19455, 9.558519 ], [ -5.194193, 9.555264 ], [ -5.193836, 9.552009 ], [ -5.193474, 9.548705 ], [ -5.193347, 9.547134 ], [ -5.188698, 9.539493 ], [ -5.186014, 9.537219 ], [ -5.185251, 9.536583 ], [ -5.184069, 9.535331 ], [ -5.183497, 9.534393 ], [ -5.179059, 9.528648 ], [ -5.176735, 9.526284 ], [ -5.175139, 9.524644 ], [ -5.172673, 9.522221 ], [ -5.16705, 9.519114 ], [ -5.161268, 9.517291 ], [ -5.156885, 9.519865 ], [ -5.155514, 9.52178 ], [ -5.155235, 9.522238 ], [ -5.15483, 9.522993 ], [ -5.154827410551021, 9.522991606874816 ], [ -5.154765, 9.523107 ], [ -5.154248, 9.524081 ], [ -5.150926, 9.522694 ], [ -5.151141, 9.522179 ], [ -5.151289511407945, 9.521923593018206 ], [ -5.151277, 9.521916 ], [ -5.151658683449941, 9.52128668777522 ], [ -5.145707916352644, 9.515417230809852 ], [ -5.144377, 9.515834 ], [ -5.143626, 9.516317 ], [ -5.142742, 9.516935 ], [ -5.140764, 9.518392 ], [ -5.136085, 9.522618 ], [ -5.133358, 9.522923 ], [ -5.132499, 9.522307 ], [ -5.132319, 9.519476 ], [ -5.136356, 9.516719 ], [ -5.13826, 9.515678 ], [ -5.136493, 9.506935 ], [ -5.134278, 9.506331 ], [ -5.132062, 9.505727 ], [ -5.129832, 9.505119 ], [ -5.126813, 9.504268 ], [ -5.125618, 9.503969 ], [ -5.122674, 9.503595 ], [ -5.120198, 9.503478 ], [ -5.12019800323383, 9.503477931594981 ], [ -5.120136, 9.503475 ], [ -5.116113, 9.503304 ], [ -5.114541549837375, 9.503236947301421 ], [ -5.113039, 9.503173 ], [ -5.113039007025487, 9.503172834832148 ], [ -5.112082, 9.503132 ], [ -5.1087, 9.502972 ], [ -5.104926, 9.502902 ], [ -5.101151, 9.502832 ], [ -5.101218, 9.499233 ], [ -5.108763, 9.497726 ], [ -5.112073, 9.496311 ], [ -5.120289, 9.499878 ], [ -5.122844, 9.499999 ], [ -5.124342, 9.500102 ], [ -5.124882, 9.500153 ], [ -5.125481, 9.500256 ], [ -5.12638, 9.50045 ], [ -5.127685, 9.500775 ], [ -5.130808, 9.501654 ], [ -5.133009, 9.502254 ], [ -5.135224, 9.502858 ], [ -5.13744, 9.503461 ], [ -5.139655, 9.504065 ], [ -5.140513, 9.504327 ], [ -5.142255, 9.504797 ], [ -5.14365, 9.505203 ], [ -5.146609, 9.505991 ], [ -5.1474, 9.506248 ], [ -5.148265, 9.506604 ], [ -5.148899, 9.506938 ], [ -5.149422, 9.507248 ], [ -5.151135, 9.508545 ], [ -5.151739, 9.50905 ], [ -5.152428, 9.509585 ], [ -5.156544, 9.51091 ], [ -5.158451, 9.512257 ], [ -5.160975, 9.512537 ], [ -5.16414, 9.50509 ], [ -5.163681, 9.504124 ], [ -5.163396, 9.503287 ], [ -5.162378, 9.50037 ], [ -5.161807, 9.498924 ], [ -5.161541, 9.498145 ], [ -5.161357191982769, 9.497668218797942 ], [ -5.16018, 9.495089 ], [ -5.160180036380459, 9.495088983392737 ], [ -5.160102, 9.494918 ], [ -5.160102346324528, 9.494917841906819 ], [ -5.160039, 9.494779 ], [ -5.159055, 9.492746 ], [ -5.158072, 9.490713 ], [ -5.161313, 9.489145 ], [ -5.162296, 9.491179 ], [ -5.163279, 9.493212 ], [ -5.163375691935836, 9.493423597116314 ], [ -5.163377, 9.493423 ], [ -5.164654, 9.496221 ], [ -5.164698652374695, 9.496334909119122 ], [ -5.164701, 9.496334 ], [ -5.164899, 9.496846 ], [ -5.165212, 9.497755 ], [ -5.165725, 9.499044 ], [ -5.166794, 9.5021 ], [ -5.167911, 9.504427 ], [ -5.168885, 9.506497 ], [ -5.169786, 9.508426 ], [ -5.170682, 9.51007 ], [ -5.171295, 9.511315 ], [ -5.171729, 9.512102 ], [ -5.172511, 9.513463 ], [ -5.181169, 9.512117 ], [ -5.181292, 9.51178 ], [ -5.181658, 9.511019 ], [ -5.182274, 9.508679 ], [ -5.182287, 9.508623 ], [ -5.182290874937777, 9.508623934413567 ], [ -5.182369, 9.508369 ], [ -5.182865, 9.507076 ], [ -5.183025, 9.506417 ], [ -5.183306, 9.505549 ], [ -5.183423, 9.505356 ], [ -5.186567, 9.50706 ], [ -5.18657, 9.507177 ], [ -5.186343, 9.508113 ], [ -5.186137, 9.508834 ], [ -5.185776, 9.510353 ], [ -5.185641, 9.511072 ], [ -5.184556, 9.514413 ], [ -5.183804, 9.516597 ], [ -5.183658, 9.517026 ], [ -5.183128, 9.517977 ], [ -5.181626, 9.526124 ], [ -5.183649, 9.528182 ], [ -5.188344, 9.530362 ], [ -5.188378, 9.531057 ], [ -5.191033, 9.536753 ], [ -5.193533, 9.538884 ], [ -5.197585036383551, 9.539092160323735 ], [ -5.202762, 9.537523 ], [ -5.203095, 9.537055 ], [ -5.203674, 9.536352 ], [ -5.20397, 9.536062 ], [ -5.205287, 9.535531 ], [ -5.212631, 9.5326 ], [ -5.213248, 9.532244 ], [ -5.213815, 9.531963 ], [ -5.215316, 9.531398 ], [ -5.216323, 9.531064 ], [ -5.219315, 9.530161 ], [ -5.224825, 9.525144 ], [ -5.224859, 9.525086 ], [ -5.229021, 9.517885 ], [ -5.229769, 9.516033 ], [ -5.230514, 9.51419 ], [ -5.231351, 9.512088 ], [ -5.232164, 9.510053 ], [ -5.232322, 9.509604 ], [ -5.232895, 9.508019 ], [ -5.233441, 9.506312 ], [ -5.23372, 9.505303 ], [ -5.234497, 9.499692 ], [ -5.23454, 9.496894 ], [ -5.234619, 9.49595 ], [ -5.234793, 9.494995 ], [ -5.235161, 9.493732 ], [ -5.235585, 9.492484 ], [ -5.236271, 9.490518 ], [ -5.236968, 9.488524 ], [ -5.238474, 9.482927 ], [ -5.238636, 9.480665 ], [ -5.238742, 9.478895 ], [ -5.238925, 9.476406 ], [ -5.236738, 9.469254 ], [ -5.234751, 9.467974 ], [ -5.234229, 9.46773 ], [ -5.235816, 9.464508 ], [ -5.241428, 9.458146 ], [ -5.241774, 9.456485 ], [ -5.241897, 9.455828 ], [ -5.24212, 9.454317 ], [ -5.242206, 9.452917 ], [ -5.242207, 9.452005 ], [ -5.242161, 9.450791 ], [ -5.241829, 9.448261 ], [ -5.241287, 9.446102 ], [ -5.240687, 9.444318 ], [ -5.239717, 9.441592 ], [ -5.238747, 9.438867 ], [ -5.237777, 9.436141 ], [ -5.236805, 9.43341 ], [ -5.235826, 9.430635 ], [ -5.234848, 9.42786 ], [ -5.233869, 9.425085 ], [ -5.233466725536885, 9.423942863961507 ], [ -5.23322, 9.423243 ], [ -5.23322019994871, 9.423242929502619 ], [ -5.232874, 9.42226 ], [ -5.232554, 9.42126 ], [ -5.232554104551641, 9.421259966481257 ], [ -5.232541, 9.421219 ], [ -5.232166, 9.420017 ], [ -5.231984, 9.419335 ], [ -5.231793, 9.41857 ], [ -5.23146, 9.417096 ], [ -5.231126, 9.415144 ], [ -5.231127206544419, 9.415143793581606 ], [ -5.231094, 9.414949 ], [ -5.230989, 9.414118 ], [ -5.230862, 9.412844 ], [ -5.234445, 9.412487 ], [ -5.236264156274085, 9.420980638685515 ], [ -5.237265, 9.423888 ], [ -5.238243, 9.426663 ], [ -5.239222, 9.429438 ], [ -5.2402, 9.432213 ], [ -5.241168, 9.434934 ], [ -5.242139, 9.43766 ], [ -5.243109, 9.440385 ], [ -5.244079, 9.443111 ], [ -5.250893, 9.446143 ], [ -5.25265, 9.449285 ], [ -5.251119, 9.452694 ], [ -5.250888, 9.452814 ], [ -5.244952, 9.458879 ], [ -5.244517, 9.46084 ], [ -5.244086, 9.462777 ], [ -5.24364, 9.464915 ], [ -5.243392, 9.466291 ], [ -5.243061, 9.46924 ], [ -5.242882, 9.471692 ], [ -5.242699, 9.474181 ], [ -5.242516, 9.47667 ], [ -5.242333, 9.479159 ], [ -5.24223, 9.480881 ], [ -5.242065, 9.483186 ], [ -5.241985, 9.483966 ], [ -5.241853, 9.484798 ], [ -5.241518, 9.486299 ], [ -5.241202, 9.487428 ], [ -5.240346, 9.489768 ], [ -5.23967, 9.491706 ], [ -5.238983, 9.493671 ], [ -5.238097, 9.499743 ], [ -5.238059, 9.500972 ], [ -5.237936, 9.50255 ], [ -5.237835, 9.503245 ], [ -5.237567, 9.504673 ], [ -5.237223, 9.506134 ], [ -5.2369, 9.507309 ], [ -5.236324, 9.509114 ], [ -5.235709, 9.510825 ], [ -5.235558, 9.511252 ], [ -5.234696, 9.51342 ], [ -5.233859, 9.515522 ], [ -5.233107, 9.517382 ], [ -5.232359, 9.519233 ], [ -5.231245, 9.521915 ], [ -5.230138, 9.524581 ], [ -5.229696, 9.525548 ], [ -5.229091, 9.526788 ], [ -5.228174, 9.528707 ], [ -5.22725, 9.530639 ], [ -5.22633, 9.532573 ], [ -5.225408, 9.53451 ], [ -5.22402, 9.537203 ], [ -5.222476, 9.540375 ], [ -5.220913, 9.543584 ], [ -5.225158, 9.551004 ], [ -5.227229, 9.550549 ], [ -5.229339, 9.550086 ], [ -5.231293, 9.549703 ], [ -5.232742, 9.549367 ], [ -5.235285, 9.548663 ], [ -5.237828, 9.547959 ], [ -5.24037, 9.547255 ], [ -5.242844, 9.546571 ], [ -5.243674, 9.546308 ], [ -5.245074, 9.545767 ], [ -5.245786, 9.545426 ], [ -5.24787, 9.544195 ], [ -5.250041, 9.542947 ], [ -5.252213, 9.541699 ], [ -5.256668, 9.535666 ], [ -5.257013, 9.533592 ], [ -5.257663, 9.529996 ], [ -5.25784, 9.529297 ], [ -5.258104, 9.528511 ], [ -5.258517, 9.527626 ], [ -5.258848, 9.527001 ], [ -5.259146, 9.526529 ], [ -5.261116082052229, 9.521213755332688 ], [ -5.261783, 9.517428 ], [ -5.262001, 9.517169 ], [ -5.262139, 9.51703 ], [ -5.265344, 9.51259 ], [ -5.267648, 9.509824 ], [ -5.273416568719072, 9.508706993819874 ], [ -5.276076, 9.506723 ], [ -5.276076374108699, 9.506723315768955 ], [ -5.276373, 9.506372 ], [ -5.279124, 9.508694 ], [ -5.277345, 9.510801 ], [ -5.276773, 9.51144 ], [ -5.276588423275114, 9.511661518839512 ], [ -5.276589, 9.511662 ], [ -5.275394, 9.513095 ], [ -5.27509785112059, 9.513444874029281 ], [ -5.275098, 9.513445 ], [ -5.274251220282177, 9.514445094402692 ], [ -5.274049, 9.514684 ], [ -5.272040607320329, 9.517970499686738 ], [ -5.270114, 9.522863 ], [ -5.268106, 9.525852 ], [ -5.261156, 9.530866 ], [ -5.260556, 9.534229 ], [ -5.26022, 9.536256 ], [ -5.259826, 9.538635 ], [ -5.259432, 9.541016 ], [ -5.258755, 9.5438 ], [ -5.258224, 9.546774 ], [ -5.257851, 9.549228 ], [ -5.25745, 9.551469 ], [ -5.261903, 9.559129 ], [ -5.261901432578519, 9.559132260437634 ], [ -5.262091, 9.559224 ], [ -5.263438, 9.56013 ], [ -5.270769, 9.564187 ], [ -5.274136, 9.565461 ], [ -5.276244, 9.569701 ], [ -5.280356, 9.573331 ], [ -5.281021, 9.574727 ], [ -5.278024, 9.576722 ], [ -5.275326, 9.575149 ], [ -5.271506150508556, 9.577699142965731 ], [ -5.268188, 9.58132 ], [ -5.267467, 9.583191 ], [ -5.266752, 9.585054 ], [ -5.266036, 9.586921 ], [ -5.265828, 9.587503 ], [ -5.264621, 9.590696 ], [ -5.267153, 9.59899 ], [ -5.271045, 9.600812 ], [ -5.274904, 9.60262 ], [ -5.282056, 9.601195 ], [ -5.285576, 9.601949 ], [ -5.292501, 9.603819 ], [ -5.295336, 9.603817 ], [ -5.29817, 9.603815 ], [ -5.301005, 9.603813 ], [ -5.30384, 9.603811 ], [ -5.307583, 9.603531 ], [ -5.310612, 9.603151 ], [ -5.313625, 9.602773 ], [ -5.316692, 9.602362 ], [ -5.319325, 9.60204 ], [ -5.322365, 9.601664 ], [ -5.330145, 9.600067 ], [ -5.333602, 9.599062 ], [ -5.341741, 9.598334 ], [ -5.342971, 9.601717 ], [ -5.341765, 9.602156 ], [ -5.34033, 9.602612 ], [ -5.340245606995635, 9.60263452027902 ], [ -5.340246, 9.602636 ] ] ], [ [ [ -5.313453, 10.05599 ], [ -5.30532, 10.053944 ], [ -5.304571, 10.053934 ], [ -5.303206, 10.053988 ], [ -5.300657, 10.048262 ], [ -5.297507, 10.046518 ], [ -5.294348, 10.044768 ], [ -5.29119, 10.043018 ], [ -5.288031, 10.041268 ], [ -5.286819, 10.040556 ], [ -5.285917, 10.039937 ], [ -5.279046, 10.039195 ], [ -5.27611, 10.041287 ], [ -5.275849, 10.041598 ], [ -5.275303, 10.042252 ], [ -5.275087, 10.042496 ], [ -5.274526, 10.043074 ], [ -5.272871, 10.045247 ], [ -5.269836, 10.04331 ], [ -5.270434, 10.042373 ], [ -5.270738, 10.041942 ], [ -5.27097, 10.041648 ], [ -5.27185, 10.040666 ], [ -5.273714, 10.038183 ], [ -5.274097, 10.037582 ], [ -5.274738, 10.036896 ], [ -5.27495, 10.036707 ], [ -5.275745, 10.036285 ], [ -5.277343, 10.027868 ], [ -5.276367, 10.026246 ], [ -5.275387, 10.024476 ], [ -5.274372, 10.023217 ], [ -5.272663, 10.021731 ], [ -5.272241, 10.021441 ], [ -5.269233, 10.019419 ], [ -5.266209, 10.017386 ], [ -5.263185, 10.015352 ], [ -5.26016, 10.013319 ], [ -5.258523, 10.012264 ], [ -5.25743, 10.011499 ], [ -5.250783, 10.007786 ], [ -5.245698, 10.003607 ], [ -5.242817, 10.001831 ], [ -5.24202, 10.001406 ], [ -5.239893, 10.00033 ], [ -5.237727, 9.999233 ], [ -5.235562, 9.998137 ], [ -5.233397, 9.99704 ], [ -5.230849, 9.995759 ], [ -5.229816, 9.995261 ], [ -5.228972, 9.994903 ], [ -5.228145, 9.99458 ], [ -5.225, 9.993385 ], [ -5.216647, 9.995531 ], [ -5.2157, 9.995498 ], [ -5.214983, 9.99544 ], [ -5.214144, 9.995228 ], [ -5.207838, 9.989444 ], [ -5.205671, 9.989077 ], [ -5.205076, 9.988982 ], [ -5.202608, 9.988535 ], [ -5.201501, 9.988275 ], [ -5.200425, 9.987978 ], [ -5.197291, 9.987054 ], [ -5.194187, 9.986139 ], [ -5.191082, 9.985223 ], [ -5.187977, 9.984308 ], [ -5.181441, 9.989182 ], [ -5.181872, 9.991026 ], [ -5.181992, 9.991551 ], [ -5.184501, 9.995481 ], [ -5.185633, 9.996391 ], [ -5.18662, 9.997302 ], [ -5.187629, 9.998085 ], [ -5.188138, 9.998541 ], [ -5.189432, 9.999658 ], [ -5.192154, 10.001087 ], [ -5.19265, 10.001313 ], [ -5.19295, 10.001505 ], [ -5.194659, 10.002518 ], [ -5.196139, 10.003348 ], [ -5.196659, 10.003637 ], [ -5.196999, 10.003876 ], [ -5.197813, 10.004464 ], [ -5.198299, 10.004945 ], [ -5.198569, 10.005354 ], [ -5.198716, 10.005642 ], [ -5.199185, 10.006494 ], [ -5.200826, 10.009699 ], [ -5.201234, 10.010337 ], [ -5.201388, 10.010728 ], [ -5.20203, 10.01205 ], [ -5.20321, 10.014102 ], [ -5.204047, 10.015444 ], [ -5.204448, 10.016376 ], [ -5.206922, 10.020858 ], [ -5.207226, 10.021481 ], [ -5.207497, 10.02225 ], [ -5.208043, 10.023646 ], [ -5.208702, 10.025655 ], [ -5.209165, 10.026968 ], [ -5.205771, 10.028167 ], [ -5.205307, 10.026854 ], [ -5.205038, 10.02617 ], [ -5.204152, 10.023582 ], [ -5.202638, 10.020959 ], [ -5.201625, 10.019336 ], [ -5.200178, 10.016042 ], [ -5.198911, 10.013847 ], [ -5.198315, 10.012766 ], [ -5.19725, 10.011086 ], [ -5.196994, 10.010718 ], [ -5.196736, 10.01025 ], [ -5.192742, 10.005565 ], [ -5.189634, 10.004082 ], [ -5.189231, 10.00391 ], [ -5.188619, 10.00355 ], [ -5.188076, 10.003186 ], [ -5.187403, 10.002739 ], [ -5.186318, 10.001827 ], [ -5.185748, 10.00124 ], [ -5.185246, 10.000784 ], [ -5.176967, 10.003817 ], [ -5.176806, 10.004302 ], [ -5.176594, 10.004706 ], [ -5.176025, 10.005371 ], [ -5.175741, 10.005634 ], [ -5.174162, 10.007207 ], [ -5.17188, 10.015418 ], [ -5.17259, 10.018619 ], [ -5.173304, 10.021836 ], [ -5.173795, 10.024174 ], [ -5.174297, 10.026024 ], [ -5.175253, 10.029466 ], [ -5.176218, 10.03294 ], [ -5.177876, 10.036957 ], [ -5.179883, 10.040652 ], [ -5.1813, 10.043189 ], [ -5.18127, 10.044125 ], [ -5.181014, 10.048225 ], [ -5.181828, 10.050415 ], [ -5.188336, 10.05427 ], [ -5.191546, 10.05264 ], [ -5.19534, 10.052818 ], [ -5.198873, 10.053511 ], [ -5.200147, 10.055417 ], [ -5.20084, 10.05895 ], [ -5.200656, 10.058986 ], [ -5.196168, 10.060859 ], [ -5.193775, 10.061783 ], [ -5.191708, 10.062862 ], [ -5.191694, 10.062871 ], [ -5.188414, 10.068225 ], [ -5.189864, 10.071939 ], [ -5.191316, 10.075659 ], [ -5.197416, 10.079303 ], [ -5.199793, 10.079516 ], [ -5.204449, 10.081945 ], [ -5.210436, 10.083673 ], [ -5.213766, 10.084161 ], [ -5.214843, 10.087596 ], [ -5.213868, 10.087902 ], [ -5.213269, 10.088039 ], [ -5.21167, 10.088447 ], [ -5.210936, 10.088585 ], [ -5.210139, 10.088693 ], [ -5.206589, 10.096227 ], [ -5.20838, 10.097997 ], [ -5.209203, 10.0984 ], [ -5.209568, 10.098711 ], [ -5.209878, 10.099035 ], [ -5.210574, 10.099649 ], [ -5.21171, 10.100543 ], [ -5.212828, 10.101552 ], [ -5.213505, 10.102077 ], [ -5.211299, 10.104922 ], [ -5.210622, 10.104397 ], [ -5.209955, 10.103914 ], [ -5.208413, 10.102529 ], [ -5.207511, 10.101748 ], [ -5.206305, 10.100987 ], [ -5.205073, 10.100281 ], [ -5.204659, 10.099985 ], [ -5.20418, 10.099488 ], [ -5.201602, 10.0971 ], [ -5.193582, 10.100313 ], [ -5.193435, 10.100989 ], [ -5.19312, 10.103292 ], [ -5.193068, 10.105105 ], [ -5.193015, 10.106815 ], [ -5.194823, 10.113441 ], [ -5.195337, 10.114055 ], [ -5.193567, 10.122746 ], [ -5.192663, 10.126055 ], [ -5.189063, 10.126054 ], [ -5.18881, 10.121497 ], [ -5.188742, 10.120372 ], [ -5.188782, 10.117923 ], [ -5.188824, 10.115601 ], [ -5.188996, 10.114141 ], [ -5.1822, 10.108763 ], [ -5.179814, 10.108941 ], [ -5.176467, 10.107615 ], [ -5.173539, 10.104694 ], [ -5.165427, 10.103873 ], [ -5.164532, 10.104166 ], [ -5.163528, 10.104549 ], [ -5.162393, 10.105056 ], [ -5.159547, 10.106378 ], [ -5.15635, 10.107921 ], [ -5.153735, 10.109167 ], [ -5.151045, 10.110448 ], [ -5.149311, 10.111177 ], [ -5.143548, 10.116672 ], [ -5.139949, 10.116763 ], [ -5.132183, 10.117436 ], [ -5.130138, 10.118381 ], [ -5.128628, 10.115114 ], [ -5.130672, 10.114168 ], [ -5.132716, 10.113223 ], [ -5.134076, 10.112636 ], [ -5.141224, 10.108816 ], [ -5.149646, 10.10713 ], [ -5.152186, 10.105918 ], [ -5.154801, 10.104671 ], [ -5.157983, 10.103136 ], [ -5.160877, 10.101791 ], [ -5.16206, 10.101262 ], [ -5.163241, 10.100806 ], [ -5.164299, 10.100454 ], [ -5.166974, 10.099671 ], [ -5.16959, 10.098905 ], [ -5.172206, 10.09814 ], [ -5.174822, 10.097375 ], [ -5.178241, 10.090363 ], [ -5.180421, 10.087499 ], [ -5.179157, 10.07945 ], [ -5.176243, 10.077673 ], [ -5.175746, 10.077303 ], [ -5.175414, 10.077007 ], [ -5.175358, 10.076921 ], [ -5.173736, 10.073756 ], [ -5.176461, 10.071404 ], [ -5.174474, 10.062732 ], [ -5.173737, 10.062345 ], [ -5.173249, 10.062095 ], [ -5.172447, 10.061746 ], [ -5.172097, 10.061596 ], [ -5.171495, 10.06119 ], [ -5.170156, 10.059747 ], [ -5.169867, 10.056158 ], [ -5.170446, 10.056112 ], [ -5.170995, 10.056087 ], [ -5.177425, 10.049896 ], [ -5.176533, 10.047507 ], [ -5.17639, 10.047082 ], [ -5.173156, 10.043294 ], [ -5.170256, 10.041237 ], [ -5.170264, 10.04077 ], [ -5.170321, 10.04032 ], [ -5.170375, 10.039682 ], [ -5.170453, 10.038895 ], [ -5.170598, 10.038293 ], [ -5.171784, 10.03043 ], [ -5.170828, 10.026988 ], [ -5.161918, 10.027015 ], [ -5.160462, 10.02897 ], [ -5.159686, 10.032291 ], [ -5.159687, 10.033146 ], [ -5.159656, 10.034382 ], [ -5.156057, 10.034292 ], [ -5.156088, 10.033055 ], [ -5.15604, 10.032554 ], [ -5.156056, 10.031797 ], [ -5.156076, 10.030935 ], [ -5.156219, 10.030094 ], [ -5.156358, 10.029414 ], [ -5.156629, 10.028653 ], [ -5.150871, 10.021975 ], [ -5.150024, 10.022328 ], [ -5.146542, 10.025895 ], [ -5.146131, 10.0274 ], [ -5.145842, 10.028204 ], [ -5.145377, 10.029231 ], [ -5.144792, 10.030306 ], [ -5.144389, 10.030973 ], [ -5.143032, 10.032787 ], [ -5.141182, 10.035365 ], [ -5.138257, 10.033266 ], [ -5.135912, 10.031156 ], [ -5.136282, 10.030208 ], [ -5.136776, 10.029462 ], [ -5.137316, 10.028774 ], [ -5.137871, 10.028051 ], [ -5.138776, 10.027021 ], [ -5.139918, 10.025229 ], [ -5.140195, 10.024633 ], [ -5.141159, 10.023704 ], [ -5.143025, 10.022338 ], [ -5.14417, 10.021161 ], [ -5.146604, 10.019245 ], [ -5.147553, 10.018699 ], [ -5.151912, 10.015768 ], [ -5.152835, 10.014379 ], [ -5.153116, 10.01387 ], [ -5.153573, 10.013005 ], [ -5.153964, 10.012455 ], [ -5.15469, 10.011644 ], [ -5.15519, 10.010974 ], [ -5.150054, 10.003797 ], [ -5.146494, 10.004355 ], [ -5.1453, 10.004861 ], [ -5.144215, 10.005145 ], [ -5.142802, 10.0054 ], [ -5.135592, 10.010396 ], [ -5.135208, 10.01248 ], [ -5.135147, 10.013238 ], [ -5.135029, 10.013703 ], [ -5.134882, 10.015421 ], [ -5.134881, 10.016009 ], [ -5.134771, 10.016288 ], [ -5.131295, 10.016328 ], [ -5.123406, 10.018783 ], [ -5.119919, 10.019456 ], [ -5.118077, 10.016362 ], [ -5.114187, 10.008511 ], [ -5.111874, 10.005753 ], [ -5.113431, 10.003139 ], [ -5.113978, 10.0022 ], [ -5.114493, 10.001612 ], [ -5.11509, 10.001219 ], [ -5.11545, 10.001072 ], [ -5.116243, 10.000911 ], [ -5.117544, 10.000809 ], [ -5.119843, 10.000456 ], [ -5.120468, 10.0004 ], [ -5.122251, 10.000445 ], [ -5.125185, 10.000861 ], [ -5.125609, 10.000908 ], [ -5.127849, 10.001187 ], [ -5.128956, 10.001158 ], [ -5.132114, 10.001284 ], [ -5.13327, 10.001369 ], [ -5.134745, 10.001717 ], [ -5.136338, 10.002011 ], [ -5.137767, 10.002186 ], [ -5.138802, 10.002162 ], [ -5.14056, 10.001992 ], [ -5.14247, 10.001815 ], [ -5.143557, 10.001606 ], [ -5.145033, 10.001065 ], [ -5.148296, 10.000117 ], [ -5.149367, 10.000101 ], [ -5.152412, 9.999093 ], [ -5.152952, 9.99864 ], [ -5.154676, 9.997674 ], [ -5.155475, 9.997384 ], [ -5.155828, 9.988618 ], [ -5.154109, 9.988084 ], [ -5.14743, 9.99075 ], [ -5.143992, 9.989682 ], [ -5.137423, 9.983798 ], [ -5.131037, 9.982656 ], [ -5.12376, 9.977798 ], [ -5.123291, 9.977807 ], [ -5.122166, 9.977738 ], [ -5.12158, 9.977685 ], [ -5.1213, 9.977643 ], [ -5.121829, 9.974082 ], [ -5.119593, 9.965909 ], [ -5.118544, 9.965702 ], [ -5.117925, 9.965591 ], [ -5.115982, 9.965328 ], [ -5.113901, 9.964945 ], [ -5.111094, 9.964983 ], [ -5.110157, 9.965085 ], [ -5.109361, 9.965241 ], [ -5.108221, 9.965363 ], [ -5.107245, 9.965556 ], [ -5.106944, 9.965593 ], [ -5.105582, 9.965779 ], [ -5.105048, 9.965853 ], [ -5.104136, 9.965879 ], [ -5.103751, 9.965828 ], [ -5.102992, 9.965658 ], [ -5.102433, 9.965478 ], [ -5.100677, 9.964818 ], [ -5.094987, 9.963405 ], [ -5.09537, 9.959825 ], [ -5.09766, 9.96007 ], [ -5.098267, 9.960184 ], [ -5.098505, 9.960209 ], [ -5.098954, 9.960296 ], [ -5.099721, 9.960528 ], [ -5.100965, 9.961055 ], [ -5.10202, 9.961478 ], [ -5.102984, 9.961814 ], [ -5.105613, 9.962098 ], [ -5.106675, 9.962003 ], [ -5.10677, 9.961988 ], [ -5.107508, 9.961834 ], [ -5.108956, 9.961664 ], [ -5.109432, 9.961558 ], [ -5.110679, 9.961407 ], [ -5.111071, 9.961315 ], [ -5.110367, 9.952456 ], [ -5.108922, 9.952541 ], [ -5.108117, 9.952604 ], [ -5.10727, 9.952548 ], [ -5.106921, 9.952474 ], [ -5.106186, 9.952348 ], [ -5.10538, 9.952136 ], [ -5.104505, 9.951885 ], [ -5.103306, 9.951483 ], [ -5.102176, 9.951016 ], [ -5.100267, 9.950321 ], [ -5.1015, 9.946938 ], [ -5.103409, 9.947634 ], [ -5.111225, 9.948814 ], [ -5.112159, 9.948842 ], [ -5.113622, 9.949003 ], [ -5.115784, 9.949252 ], [ -5.117249, 9.949387 ], [ -5.117985, 9.949419 ], [ -5.119218, 9.949515 ], [ -5.119905, 9.949619 ], [ -5.120374, 9.949735 ], [ -5.120701, 9.94985 ], [ -5.121081, 9.950026 ], [ -5.122848, 9.95112 ], [ -5.123569, 9.951659 ], [ -5.124112, 9.952098 ], [ -5.124728, 9.952634 ], [ -5.126872, 9.954073 ], [ -5.127542, 9.95445 ], [ -5.128113, 9.954786 ], [ -5.128517, 9.955055 ], [ -5.129172, 9.955688 ], [ -5.129615, 9.956319 ], [ -5.134095, 9.961277 ], [ -5.136485, 9.961839 ], [ -5.140489, 9.961341 ], [ -5.142991, 9.960192 ], [ -5.144061, 9.951445 ], [ -5.143736, 9.950864 ], [ -5.143331, 9.949782 ], [ -5.13805, 9.943431 ], [ -5.137702, 9.943249 ], [ -5.136673, 9.94279 ], [ -5.136134, 9.942498 ], [ -5.13575, 9.942169 ], [ -5.13492, 9.941301 ], [ -5.134635, 9.940831 ], [ -5.133925, 9.93988 ], [ -5.133652, 9.939363 ], [ -5.132449, 9.937108 ], [ -5.131877, 9.935609 ], [ -5.130701, 9.933343 ], [ -5.133072, 9.930634 ], [ -5.134874, 9.928034 ], [ -5.138424, 9.927434 ], [ -5.141091, 9.927958 ], [ -5.144667, 9.928289 ], [ -5.144675, 9.928295 ], [ -5.144825, 9.929781 ], [ -5.144804, 9.930514 ], [ -5.145001, 9.933091 ], [ -5.145074, 9.933596 ], [ -5.145213, 9.934589 ], [ -5.145241, 9.935495 ], [ -5.145295, 9.936132 ], [ -5.145342, 9.936775 ], [ -5.145383, 9.937372 ], [ -5.145375, 9.937954 ], [ -5.145297, 9.938793 ], [ -5.145177, 9.940217 ], [ -5.145122, 9.941187 ], [ -5.14587, 9.945145 ], [ -5.146145, 9.946091 ], [ -5.146374, 9.947202 ], [ -5.148688, 9.950891 ], [ -5.156376, 9.952388 ], [ -5.162792, 9.946511 ], [ -5.163064, 9.945629 ], [ -5.163453, 9.943276 ], [ -5.163909, 9.940301 ], [ -5.164265, 9.938258 ], [ -5.164347, 9.937487 ], [ -5.164462, 9.935694 ], [ -5.164538, 9.933818 ], [ -5.164614, 9.931931 ], [ -5.164739, 9.929236 ], [ -5.165025, 9.923064 ], [ -5.165124, 9.920977 ], [ -5.165131, 9.920048 ], [ -5.165069, 9.918118 ], [ -5.164988, 9.917172 ], [ -5.164689, 9.914477 ], [ -5.16439, 9.911787 ], [ -5.164106, 9.909306 ], [ -5.163819, 9.906795 ], [ -5.16366, 9.90517 ], [ -5.163593, 9.90402 ], [ -5.163544, 9.901538 ], [ -5.15872, 9.895025 ], [ -5.157014, 9.894821 ], [ -5.155897, 9.894756 ], [ -5.155421, 9.894655 ], [ -5.152692, 9.894029 ], [ -5.147331, 9.894096 ], [ -5.145478, 9.894542 ], [ -5.144461, 9.894812 ], [ -5.143871, 9.894871 ], [ -5.139895, 9.895794 ], [ -5.139375, 9.895933 ], [ -5.137423, 9.896317 ], [ -5.135957, 9.896558 ], [ -5.134879, 9.896511 ], [ -5.130353, 9.896563 ], [ -5.129878, 9.896611 ], [ -5.127971, 9.89669 ], [ -5.127538, 9.896687 ], [ -5.127559, 9.893088 ], [ -5.131303, 9.891878 ], [ -5.131937, 9.891606 ], [ -5.132651, 9.891441 ], [ -5.132952, 9.8914 ], [ -5.133759, 9.891501 ], [ -5.139761, 9.891355 ], [ -5.140597, 9.891195 ], [ -5.142632, 9.891195 ], [ -5.143408, 9.891184 ], [ -5.145259, 9.890824 ], [ -5.145676, 9.89072 ], [ -5.146759, 9.890542 ], [ -5.147191, 9.890454 ], [ -5.14896, 9.88168 ], [ -5.149394, 9.881111 ], [ -5.150505, 9.87969 ], [ -5.151169, 9.879131 ], [ -5.154838, 9.877872 ], [ -5.15597, 9.877243 ], [ -5.156674, 9.876903 ], [ -5.157243, 9.876713 ], [ -5.162285, 9.869803 ], [ -5.162012, 9.867448 ], [ -5.161739, 9.865101 ], [ -5.161316, 9.861591 ], [ -5.160893, 9.858081 ], [ -5.16047, 9.854571 ], [ -5.152541, 9.853869 ], [ -5.151945, 9.854268 ], [ -5.151026, 9.854711 ], [ -5.150086, 9.855312 ], [ -5.149536, 9.855589 ], [ -5.147791, 9.856379 ], [ -5.147197, 9.856748 ], [ -5.146538, 9.857113 ], [ -5.145602, 9.857667 ], [ -5.145054, 9.858015 ], [ -5.144571, 9.858352 ], [ -5.14409, 9.858561 ], [ -5.14236, 9.859147 ], [ -5.14109, 9.855779 ], [ -5.142158, 9.855376 ], [ -5.143642, 9.854647 ], [ -5.141512, 9.845958 ], [ -5.141168, 9.845991 ], [ -5.140521, 9.846 ], [ -5.139545, 9.846029 ], [ -5.139015, 9.846095 ], [ -5.138488, 9.846137 ], [ -5.138202, 9.842548 ], [ -5.13909, 9.842458 ], [ -5.140387, 9.842403 ], [ -5.142612, 9.842097 ], [ -5.143773, 9.841903 ], [ -5.145451, 9.841636 ], [ -5.146546, 9.841435 ], [ -5.147145, 9.841392 ], [ -5.148712, 9.841247 ], [ -5.153421, 9.833928 ], [ -5.152605, 9.831114 ], [ -5.151395, 9.827017 ], [ -5.150185, 9.82292 ], [ -5.149455, 9.820449 ], [ -5.148736, 9.818016 ], [ -5.148169, 9.816247 ], [ -5.147348, 9.813722 ], [ -5.146762, 9.811815 ], [ -5.145846, 9.809001 ], [ -5.14493, 9.806187 ], [ -5.144014, 9.803373 ], [ -5.143096, 9.800553 ], [ -5.142352, 9.798242 ], [ -5.141598, 9.795901 ], [ -5.141322, 9.794968 ], [ -5.14112, 9.794011 ], [ -5.14094, 9.792856 ], [ -5.140862, 9.791907 ], [ -5.140839, 9.791033 ], [ -5.140884, 9.790076 ], [ -5.140959, 9.789273 ], [ -5.141064, 9.788549 ], [ -5.141282, 9.787448 ], [ -5.141812, 9.785078 ], [ -5.145325, 9.785863 ], [ -5.144796, 9.788233 ], [ -5.145779, 9.797139 ], [ -5.146523, 9.79945 ], [ -5.147437, 9.802259 ], [ -5.148353, 9.805073 ], [ -5.149269, 9.807887 ], [ -5.150185, 9.810701 ], [ -5.155533, 9.814695 ], [ -5.155281, 9.818286 ], [ -5.154848, 9.825997 ], [ -5.156058, 9.830095 ], [ -5.156878, 9.832926 ], [ -5.165162, 9.835346 ], [ -5.165478, 9.835214 ], [ -5.166676, 9.834825 ], [ -5.167788, 9.838249 ], [ -5.166161, 9.839161 ], [ -5.165374, 9.846949 ], [ -5.165744, 9.847452 ], [ -5.166163, 9.848064 ], [ -5.166663, 9.848884 ], [ -5.168271, 9.850873 ], [ -5.172435, 9.854376 ], [ -5.173881, 9.854994 ], [ -5.175229, 9.855678 ], [ -5.178207, 9.856847 ], [ -5.176891, 9.860198 ], [ -5.173914, 9.85903 ], [ -5.172268, 9.858213 ], [ -5.171027, 9.857689 ], [ -5.16489, 9.86116 ], [ -5.165313, 9.86467 ], [ -5.165587, 9.867033 ], [ -5.165861, 9.869388 ], [ -5.166135, 9.871743 ], [ -5.166408, 9.874098 ], [ -5.166521, 9.875084 ], [ -5.166647, 9.877058 ], [ -5.16673, 9.881014 ], [ -5.169254, 9.888936 ], [ -5.169701, 9.892508 ], [ -5.169616, 9.892651 ], [ -5.167094, 9.898984 ], [ -5.167143, 9.901467 ], [ -5.167192, 9.903949 ], [ -5.167254, 9.904956 ], [ -5.167401, 9.906443 ], [ -5.167683, 9.908896 ], [ -5.167967, 9.911378 ], [ -5.168267, 9.91408 ], [ -5.168566, 9.916775 ], [ -5.170951, 9.92378 ], [ -5.16821, 9.932097 ], [ -5.168135, 9.933964 ], [ -5.168059, 9.93584 ], [ -5.167938, 9.937742 ], [ -5.167845, 9.938633 ], [ -5.167456, 9.940913 ], [ -5.167011, 9.943821 ], [ -5.166616, 9.946215 ], [ -5.166753, 9.948953 ], [ -5.166041, 9.950171 ], [ -5.173075, 9.955698 ], [ -5.173602, 9.955325 ], [ -5.175052, 9.954423 ], [ -5.175716, 9.954049 ], [ -5.176734, 9.953626 ], [ -5.178451, 9.952986 ], [ -5.180246, 9.952275 ], [ -5.184727, 9.946974 ], [ -5.185179, 9.944537 ], [ -5.185457, 9.943783 ], [ -5.186163, 9.942538 ], [ -5.187689, 9.94049 ], [ -5.188226, 9.939801 ], [ -5.189293, 9.938209 ], [ -5.190784, 9.936497 ], [ -5.19164, 9.935699 ], [ -5.192503, 9.935198 ], [ -5.193243, 9.934876 ], [ -5.194744, 9.934545 ], [ -5.199319, 9.93303 ], [ -5.200365, 9.932672 ], [ -5.202275, 9.932446 ], [ -5.203691, 9.93234 ], [ -5.20396, 9.93593 ], [ -5.198136, 9.937814 ], [ -5.197122, 9.938168 ], [ -5.190653, 9.942625 ], [ -5.188083, 9.949215 ], [ -5.187751, 9.951587 ], [ -5.187498, 9.952753 ], [ -5.186682, 9.953867 ], [ -5.185414, 9.95436 ], [ -5.184103, 9.954658 ], [ -5.181704, 9.955566 ], [ -5.179779, 9.956332 ], [ -5.177993, 9.956999 ], [ -5.176603, 9.95777 ], [ -5.174255, 9.959985 ], [ -5.173745, 9.96069 ], [ -5.172188, 9.968679 ], [ -5.175235, 9.973453 ], [ -5.175645, 9.973731 ], [ -5.178262, 9.974993 ], [ -5.185278, 9.971743 ], [ -5.185511, 9.971377 ], [ -5.189005, 9.972241 ], [ -5.188498, 9.973354 ], [ -5.187859, 9.974459 ], [ -5.1921, 9.98177 ], [ -5.195205, 9.982686 ], [ -5.19831, 9.983601 ], [ -5.201386, 9.984508 ], [ -5.202332, 9.984772 ], [ -5.203252, 9.984993 ], [ -5.20564, 9.985427 ], [ -5.206272, 9.985527 ], [ -5.208381, 9.985885 ], [ -5.210159, 9.986156 ], [ -5.217499, 9.985828 ], [ -5.225799, 9.983761 ], [ -5.226116, 9.982444 ], [ -5.226148, 9.982167 ], [ -5.226313, 9.980691 ], [ -5.226412, 9.97995 ], [ -5.226655, 9.979285 ], [ -5.228876, 9.974883 ], [ -5.229132, 9.97415 ], [ -5.230533, 9.967406 ], [ -5.230573, 9.967118 ], [ -5.230655, 9.966434 ], [ -5.231195, 9.963964 ], [ -5.231413, 9.962761 ], [ -5.231503, 9.9624 ], [ -5.231672, 9.961882 ], [ -5.231858, 9.96149 ], [ -5.232896, 9.958968 ], [ -5.233016, 9.958693 ], [ -5.233685, 9.956985 ], [ -5.233987, 9.956121 ], [ -5.234397, 9.955093 ], [ -5.237741, 9.956428 ], [ -5.23733, 9.957456 ], [ -5.237085, 9.958166 ], [ -5.236869, 9.959132 ], [ -5.236791, 9.959406 ], [ -5.236688, 9.959676 ], [ -5.236011, 9.961282 ], [ -5.242473, 9.967486 ], [ -5.242864, 9.967419 ], [ -5.24338, 9.967342 ], [ -5.243985, 9.967308 ], [ -5.244918, 9.967368 ], [ -5.245707, 9.967393 ], [ -5.249386, 9.967136 ], [ -5.249721, 9.967193 ], [ -5.25098, 9.970364 ], [ -5.249696, 9.971131 ], [ -5.24896, 9.971367 ], [ -5.248704, 9.971376 ], [ -5.247659, 9.971457 ], [ -5.247207, 9.971425 ], [ -5.240487, 9.972718 ], [ -5.240136, 9.972894 ], [ -5.239742, 9.973039 ], [ -5.234105, 9.976437 ], [ -5.232694, 9.978075 ], [ -5.232465, 9.978347 ], [ -5.231749, 9.979288 ], [ -5.229693, 9.983562 ], [ -5.22939, 9.98449 ], [ -5.232467, 9.992543 ], [ -5.235023, 9.993829 ], [ -5.237189, 9.994925 ], [ -5.239354, 9.996022 ], [ -5.241519, 9.997118 ], [ -5.243722, 9.998235 ], [ -5.244706, 9.998767 ], [ -5.247587, 10.000543 ], [ -5.25405, 9.99688 ], [ -5.25432, 9.996304 ], [ -5.254707, 9.995768 ], [ -5.255601, 9.995258 ], [ -5.256325, 9.995158 ], [ -5.263556, 9.991482 ], [ -5.26422, 9.990886 ], [ -5.265481, 9.989686 ], [ -5.266451, 9.988669 ], [ -5.269098, 9.98429 ], [ -5.272671, 9.984729 ], [ -5.272373, 9.987557 ], [ -5.272216, 9.988317 ], [ -5.271987, 9.989206 ], [ -5.271685, 9.989941 ], [ -5.271208, 9.990472 ], [ -5.270651, 9.99082 ], [ -5.267129, 9.993196 ], [ -5.26559, 9.994593 ], [ -5.264487, 9.995908 ], [ -5.264106, 9.99645 ], [ -5.263432, 9.997151 ], [ -5.263014, 9.997485 ], [ -5.262515, 9.997802 ], [ -5.262016, 9.99803 ], [ -5.26161, 9.998147 ], [ -5.260505, 9.998444 ], [ -5.25944, 9.998932 ], [ -5.256837, 10.006361 ], [ -5.259317, 10.008015 ], [ -5.262702, 10.009087 ], [ -5.263037, 10.009076 ], [ -5.264221, 10.010135 ], [ -5.268218, 10.014398 ], [ -5.271242, 10.016432 ], [ -5.274283, 10.018477 ], [ -5.2748, 10.018833 ], [ -5.275671, 10.019487 ], [ -5.276408, 10.020153 ], [ -5.277052, 10.020813 ], [ -5.277664, 10.021503 ], [ -5.278012, 10.021963 ], [ -5.278538, 10.022735 ], [ -5.279451, 10.024389 ], [ -5.280427, 10.026011 ], [ -5.281409, 10.027642 ], [ -5.282666, 10.029756 ], [ -5.285462, 10.034378 ], [ -5.289775, 10.038119 ], [ -5.292934, 10.039869 ], [ -5.296093, 10.041619 ], [ -5.299252, 10.043369 ], [ -5.302419, 10.045123 ], [ -5.304583, 10.046339 ], [ -5.306832, 10.047604 ], [ -5.309623, 10.049381 ], [ -5.311809, 10.050754 ], [ -5.317635, 10.054063 ], [ -5.3202, 10.055294 ], [ -5.320992, 10.055676 ], [ -5.320283, 10.058546 ], [ -5.31943, 10.058919 ], [ -5.318638, 10.058538 ], [ -5.316061, 10.057301 ], [ -5.314384, 10.056485 ], [ -5.313453, 10.05599 ] ] ], [ [ [ -6.623949, 9.553755 ], [ -6.619804, 9.55142 ], [ -6.618663, 9.550785 ], [ -6.612645, 9.547626 ], [ -6.611375437702383, 9.54609897401965 ], [ -6.604748, 9.542562 ], [ -6.604003, 9.542413 ], [ -6.601581, 9.541502 ], [ -6.59323, 9.539365 ], [ -6.591071, 9.539006 ], [ -6.589156, 9.538716 ], [ -6.587212, 9.538423 ], [ -6.582545, 9.537737 ], [ -6.580318, 9.53743 ], [ -6.578121, 9.537127 ], [ -6.575811, 9.536881 ], [ -6.572265, 9.536413 ], [ -6.569416, 9.536071 ], [ -6.560698, 9.536092 ], [ -6.559834, 9.536156 ], [ -6.558667, 9.536119 ], [ -6.558007, 9.536028 ], [ -6.551077, 9.535708 ], [ -6.549214, 9.535814 ], [ -6.547899, 9.535835 ], [ -6.545075, 9.535782 ], [ -6.542122, 9.535653 ], [ -6.540766, 9.535594 ], [ -6.538541, 9.535422 ], [ -6.536377, 9.535253 ], [ -6.533338, 9.534856 ], [ -6.525336, 9.534319 ], [ -6.523493, 9.534393 ], [ -6.521151, 9.534462 ], [ -6.518827, 9.53453 ], [ -6.517916, 9.534415 ], [ -6.516121, 9.533808 ], [ -6.514175, 9.53311 ], [ -6.512236, 9.532414 ], [ -6.509731, 9.531413 ], [ -6.506758, 9.530165 ], [ -6.505204, 9.529534 ], [ -6.502381, 9.528339 ], [ -6.501486, 9.527976 ], [ -6.500717, 9.527689 ], [ -6.493848, 9.527759 ], [ -6.490426, 9.53385 ], [ -6.491788, 9.537853 ], [ -6.493142, 9.541837 ], [ -6.493468, 9.542763 ], [ -6.49451, 9.545853 ], [ -6.495553, 9.548951 ], [ -6.496394, 9.551479 ], [ -6.497234, 9.554007 ], [ -6.498075, 9.556535 ], [ -6.498913, 9.559056 ], [ -6.499801, 9.561686 ], [ -6.500688, 9.564317 ], [ -6.501575, 9.566947 ], [ -6.506161, 9.5739 ], [ -6.507583, 9.575378 ], [ -6.508397, 9.57614 ], [ -6.51083, 9.57808 ], [ -6.512908, 9.57959 ], [ -6.513508, 9.580045 ], [ -6.513946, 9.580423 ], [ -6.514323, 9.580789 ], [ -6.514715, 9.581211 ], [ -6.515127, 9.581732 ], [ -6.51565, 9.582524 ], [ -6.515864, 9.582931 ], [ -6.516214, 9.583683 ], [ -6.516437, 9.5843 ], [ -6.516587, 9.584824 ], [ -6.516722, 9.58542 ], [ -6.517166, 9.587647 ], [ -6.51762, 9.589936 ], [ -6.517703, 9.590459 ], [ -6.51779, 9.591216 ], [ -6.517827, 9.591936 ], [ -6.51783, 9.59263 ], [ -6.517803, 9.593335 ], [ -6.517724, 9.594124 ], [ -6.517526, 9.595252 ], [ -6.516839, 9.598525 ], [ -6.516154, 9.601788 ], [ -6.515489, 9.605037 ], [ -6.514812, 9.608339 ], [ -6.514597, 9.609239 ], [ -6.514439, 9.609788 ], [ -6.514184, 9.610554 ], [ -6.51387, 9.611318 ], [ -6.513538, 9.612051 ], [ -6.513188, 9.612741 ], [ -6.512884, 9.613296 ], [ -6.511566, 9.615559 ], [ -6.510234, 9.617847 ], [ -6.509361, 9.619296 ], [ -6.507453, 9.622562 ], [ -6.505546, 9.625828 ], [ -6.503639, 9.629094 ], [ -6.501754, 9.632322 ], [ -6.499336035756082, 9.639154580780161 ], [ -6.498859, 9.642491 ], [ -6.498843, 9.644109 ], [ -6.498855, 9.645059 ], [ -6.498852, 9.646694 ], [ -6.498851759168421, 9.646693999531717 ], [ -6.498851, 9.647077 ], [ -6.498850643352101, 9.647076999306517 ], [ -6.49885, 9.647375 ], [ -6.49885, 9.649564 ], [ -6.498849, 9.651753 ], [ -6.495249, 9.651751 ], [ -6.49525, 9.649562 ], [ -6.495251, 9.647374 ], [ -6.495244, 9.644154 ], [ -6.495259, 9.642458 ], [ -6.49531, 9.64135 ], [ -6.495403, 9.640332 ], [ -6.495558, 9.639224 ], [ -6.495567805926367, 9.639167139736317 ], [ -6.495567, 9.639167 ], [ -6.495697, 9.638418 ], [ -6.495811, 9.637831 ], [ -6.49604, 9.636906 ], [ -6.496423, 9.635565 ], [ -6.496752, 9.634576 ], [ -6.497128, 9.633588 ], [ -6.497566, 9.632574 ], [ -6.498057, 9.631575 ], [ -6.498601, 9.630584 ], [ -6.50053, 9.627279 ], [ -6.502437, 9.624013 ], [ -6.499067, 9.616367 ], [ -6.500324, 9.614237 ], [ -6.50158, 9.612107 ], [ -6.502514310497026, 9.610562324366802 ], [ -6.502818, 9.61006 ], [ -6.504009, 9.60809 ], [ -6.505095, 9.606314 ], [ -6.506177, 9.604547 ], [ -6.507383, 9.602599 ], [ -6.508585, 9.600659 ], [ -6.509748, 9.598739 ], [ -6.51092, 9.596805 ], [ -6.51245, 9.594314 ], [ -6.513635, 9.58835 ], [ -6.508714, 9.580993 ], [ -6.505854, 9.578748 ], [ -6.50502, 9.577906 ], [ -6.503567, 9.576396 ], [ -6.5019, 9.574671 ], [ -6.500229, 9.572944 ], [ -6.499843, 9.572458 ], [ -6.499527, 9.571947 ], [ -6.499067, 9.57077 ], [ -6.498164, 9.568098 ], [ -6.497277, 9.565468 ], [ -6.496389, 9.562837 ], [ -6.495502, 9.560207 ], [ -6.494659, 9.557671 ], [ -6.493818, 9.555143 ], [ -6.492978, 9.552615 ], [ -6.492137, 9.550087 ], [ -6.491098, 9.547003 ], [ -6.490057, 9.543913 ], [ -6.481234, 9.543109 ], [ -6.481013, 9.543492 ], [ -6.480672, 9.544081 ], [ -6.480026, 9.544885 ], [ -6.479992, 9.54493 ], [ -6.479692, 9.545304 ], [ -6.474862, 9.545563 ], [ -6.474547, 9.544653 ], [ -6.466129, 9.541508 ], [ -6.465405, 9.541832 ], [ -6.460415, 9.543836 ], [ -6.459224, 9.544817 ], [ -6.456802, 9.546377 ], [ -6.455641, 9.547091 ], [ -6.454378, 9.547736 ], [ -6.452686, 9.548655 ], [ -6.450196, 9.550095 ], [ -6.448394, 9.546978 ], [ -6.448478191170526, 9.54692933067621 ], [ -6.448478, 9.546929 ], [ -6.450885, 9.545538 ], [ -6.452659, 9.544573 ], [ -6.454002, 9.543886 ], [ -6.452784, 9.535411 ], [ -6.44881, 9.530647 ], [ -6.444655, 9.530819 ], [ -6.44231, 9.530916 ], [ -6.436418, 9.535637 ], [ -6.432719, 9.535474 ], [ -6.425356, 9.531623 ], [ -6.424034, 9.531628 ], [ -6.422834, 9.531613 ], [ -6.421624, 9.531569 ], [ -6.420174, 9.531462 ], [ -6.416726, 9.531136 ], [ -6.413279, 9.530809 ], [ -6.409831, 9.530482 ], [ -6.406383, 9.530156 ], [ -6.402935, 9.529829 ], [ -6.399463, 9.5295 ], [ -6.397896, 9.52933 ], [ -6.39654, 9.529159 ], [ -6.39458, 9.528838 ], [ -6.39303, 9.528543 ], [ -6.390097, 9.527931 ], [ -6.387381, 9.52735 ], [ -6.384673, 9.526771 ], [ -6.380509, 9.5259 ], [ -6.376389, 9.525037 ], [ -6.375165, 9.52481 ], [ -6.374537, 9.524713 ], [ -6.373526, 9.524605 ], [ -6.372584, 9.524535 ], [ -6.365802, 9.529302 ], [ -6.362639, 9.531021 ], [ -6.358415817998075, 9.527451341191124 ], [ -6.352287, 9.526116 ], [ -6.350541, 9.526287 ], [ -6.348674, 9.526413 ], [ -6.346639, 9.526434 ], [ -6.345306, 9.526409 ], [ -6.343417, 9.52629 ], [ -6.343417038197249, 9.526289395406524 ], [ -6.343395, 9.526288 ], [ -6.343395189927553, 9.526284994626566 ], [ -6.343272, 9.526277 ], [ -6.341835, 9.526098 ], [ -6.340847, 9.525956 ], [ -6.341359, 9.522393 ], [ -6.347862541507717, 9.522612842123946 ], [ -6.351934, 9.522533 ], [ -6.356084, 9.522164 ], [ -6.360217, 9.521797 ], [ -6.362478, 9.521565 ], [ -6.364577, 9.52139 ], [ -6.366738, 9.521188 ], [ -6.368918, 9.520985 ], [ -6.369913, 9.520927 ], [ -6.371345, 9.520894 ], [ -6.372079, 9.520907 ], [ -6.372758, 9.520939 ], [ -6.37379, 9.521015 ], [ -6.374914, 9.521132 ], [ -6.375708, 9.521252 ], [ -6.377041, 9.521496 ], [ -6.381247, 9.522376 ], [ -6.38541, 9.523248 ], [ -6.388134, 9.52383 ], [ -6.390849, 9.524411 ], [ -6.393765, 9.525018 ], [ -6.395254, 9.525302 ], [ -6.39712, 9.525606 ], [ -6.398343, 9.525758 ], [ -6.399851, 9.525921 ], [ -6.403274, 9.526245 ], [ -6.406722, 9.526572 ], [ -6.41017, 9.526898 ], [ -6.413618, 9.527225 ], [ -6.417066, 9.527552 ], [ -6.420514, 9.527878 ], [ -6.421887, 9.527978 ], [ -6.422963, 9.528016 ], [ -6.424078, 9.528029 ], [ -6.425339, 9.528023 ], [ -6.427449, 9.527933 ], [ -6.431287, 9.527771 ], [ -6.435124, 9.527609 ], [ -6.437471, 9.527512 ], [ -6.445237, 9.524814 ], [ -6.449746, 9.518468 ], [ -6.451079, 9.510886 ], [ -6.448098, 9.504616 ], [ -6.448463816019417, 9.503995772839687 ], [ -6.448308, 9.50125 ], [ -6.448438, 9.501232 ], [ -6.448837, 9.501213 ], [ -6.4495, 9.501331 ], [ -6.451902, 9.502032 ], [ -6.452284, 9.50211 ], [ -6.453075, 9.502395 ], [ -6.453701, 9.502717 ], [ -6.454672, 9.503091 ], [ -6.455928, 9.503382 ], [ -6.456675, 9.503511 ], [ -6.457839, 9.503645 ], [ -6.458406, 9.503744 ], [ -6.459685, 9.504051 ], [ -6.461351, 9.504083 ], [ -6.46631, 9.497031 ], [ -6.464773, 9.495238 ], [ -6.463026, 9.49319 ], [ -6.461299, 9.491164 ], [ -6.459673, 9.489316 ], [ -6.459188, 9.488818 ], [ -6.457864, 9.487328 ], [ -6.45653, 9.485828 ], [ -6.454444, 9.48344 ], [ -6.452422, 9.481281 ], [ -6.450412, 9.479135 ], [ -6.448323, 9.476943 ], [ -6.44736, 9.476003 ], [ -6.446943, 9.475627 ], [ -6.445567, 9.474349 ], [ -6.444177, 9.473111 ], [ -6.436731, 9.470355 ], [ -6.43445, 9.470099 ], [ -6.433324, 9.469971 ], [ -6.432009, 9.469789 ], [ -6.431313, 9.46965 ], [ -6.429138, 9.469156 ], [ -6.424769, 9.467899 ], [ -6.423722, 9.467319 ], [ -6.42168, 9.465988 ], [ -6.420752, 9.465472 ], [ -6.412423, 9.467736 ], [ -6.411818, 9.467227 ], [ -6.41176454080747, 9.467178813232316 ], [ -6.411764, 9.467179 ], [ -6.411740517316632, 9.467157823522102 ], [ -6.41174, 9.467158 ], [ -6.410145, 9.465719 ], [ -6.40909, 9.464673 ], [ -6.40148, 9.459994 ], [ -6.398947, 9.457366 ], [ -6.398288, 9.456094 ], [ -6.396959, 9.453429 ], [ -6.395951, 9.451384 ], [ -6.394971, 9.449458 ], [ -6.394149, 9.447809 ], [ -6.393354, 9.446214 ], [ -6.392, 9.443711 ], [ -6.389412, 9.439295 ], [ -6.392382, 9.43726 ], [ -6.39302, 9.438191 ], [ -6.39308860916676, 9.438303452992576 ], [ -6.393091, 9.438302 ], [ -6.393768, 9.439417 ], [ -6.393840750550635, 9.43955121670564 ], [ -6.393843, 9.43955 ], [ -6.395105173509169, 9.441883936974385 ], [ -6.395167, 9.441998 ], [ -6.396521, 9.444501 ], [ -6.39737, 9.446203 ], [ -6.399177033609789, 9.448458665087045 ], [ -6.405258, 9.45221 ], [ -6.409394859571649, 9.457856157617098 ], [ -6.412755, 9.459857 ], [ -6.414594, 9.460202 ], [ -6.417384, 9.460784 ], [ -6.420638, 9.461463 ], [ -6.421233, 9.461597 ], [ -6.421629, 9.461755 ], [ -6.42812, 9.463249 ], [ -6.428338, 9.463295 ], [ -6.429152388603769, 9.463938851680863 ], [ -6.429421, 9.463998 ], [ -6.438039, 9.462038 ], [ -6.438094, 9.459973 ], [ -6.438094442456094, 9.459973011679169 ], [ -6.438096, 9.459915 ], [ -6.441694, 9.46001 ], [ -6.44765, 9.466079 ], [ -6.449566, 9.467549 ], [ -6.450171, 9.46833 ], [ -6.45038, 9.468618 ], [ -6.45069, 9.469276 ], [ -6.453017, 9.47665 ], [ -6.45505, 9.47882 ], [ -6.457072, 9.480979 ], [ -6.459241, 9.483458 ], [ -6.466359, 9.485897 ], [ -6.469444, 9.47848 ], [ -6.46926, 9.477947 ], [ -6.472664, 9.476775 ], [ -6.47608, 9.475114 ], [ -6.479677, 9.47498 ], [ -6.479864, 9.477529 ], [ -6.479942, 9.478176 ], [ -6.479934870869826, 9.478386619302327 ], [ -6.479944, 9.478387 ], [ -6.479896, 9.479535 ], [ -6.479771, 9.481793 ], [ -6.479741, 9.482357 ], [ -6.479645, 9.482873 ], [ -6.479407, 9.488698 ], [ -6.479431, 9.489815 ], [ -6.479886, 9.493223 ], [ -6.480005, 9.494473 ], [ -6.480063, 9.496366 ], [ -6.480336, 9.497692 ], [ -6.480578, 9.498471 ], [ -6.481202, 9.500103 ], [ -6.488706, 9.503652 ], [ -6.496889, 9.500885 ], [ -6.497332, 9.500308 ], [ -6.499898, 9.496367 ], [ -6.50015, 9.495772 ], [ -6.500446, 9.495216 ], [ -6.502296, 9.491893 ], [ -6.504524, 9.4879 ], [ -6.505911, 9.485402 ], [ -6.507541, 9.482358 ], [ -6.508977, 9.479365 ], [ -6.51045, 9.473649 ], [ -6.510247, 9.469717 ], [ -6.509826, 9.467731 ], [ -6.509423, 9.465819 ], [ -6.50851, 9.462248 ], [ -6.507596, 9.458677 ], [ -6.506683, 9.455106 ], [ -6.505775, 9.451556 ], [ -6.505269, 9.449669 ], [ -6.504769, 9.447809 ], [ -6.504245, 9.44597 ], [ -6.50371, 9.444094 ], [ -6.502902, 9.441008 ], [ -6.502094, 9.437922 ], [ -6.50209419045943, 9.437921950129486 ], [ -6.502012, 9.437608 ], [ -6.505495, 9.436697 ], [ -6.505568613486678, 9.4369781012059 ], [ -6.505569, 9.436978 ], [ -6.506381, 9.44008 ], [ -6.507193, 9.443182 ], [ -6.507707, 9.444983 ], [ -6.508231, 9.446822 ], [ -6.508745, 9.448735 ], [ -6.509252, 9.450621 ], [ -6.510171, 9.454214 ], [ -6.511084, 9.457785 ], [ -6.511998, 9.461356 ], [ -6.512911, 9.464927 ], [ -6.513348, 9.466986 ], [ -6.513768, 9.468971 ], [ -6.521561, 9.470946 ], [ -6.521708, 9.47084 ], [ -6.523278, 9.468989 ], [ -6.524847, 9.467138 ], [ -6.526416, 9.465287 ], [ -6.528, 9.463419 ], [ -6.529823, 9.461324 ], [ -6.531694, 9.459129 ], [ -6.533573, 9.456924 ], [ -6.53526, 9.454975 ], [ -6.536947, 9.453026 ], [ -6.538634, 9.451077 ], [ -6.540328, 9.44912 ], [ -6.541533, 9.447742 ], [ -6.542747, 9.446354 ], [ -6.544506, 9.444371 ], [ -6.546264, 9.442388 ], [ -6.548023, 9.440405 ], [ -6.549776, 9.438427 ], [ -6.552185, 9.435686 ], [ -6.554592, 9.432948 ], [ -6.556671, 9.430218 ], [ -6.558169, 9.42859 ], [ -6.559866, 9.426912 ], [ -6.561186, 9.425524 ], [ -6.566176097992699, 9.419480728694106 ], [ -6.567344357840342, 9.417756375831795 ], [ -6.568006875000314, 9.416507874999409 ], [ -6.568228, 9.416091 ], [ -6.568228057779057, 9.416091030651971 ], [ -6.568367, 9.415829 ], [ -6.568367093736055, 9.415829049727272 ], [ -6.568523869565249, 9.415533608695593 ], [ -6.569151, 9.414351 ], [ -6.570418, 9.411962 ], [ -6.571685, 9.409574 ], [ -6.574866, 9.411261 ], [ -6.573599, 9.413649 ], [ -6.572331, 9.416038 ], [ -6.571284, 9.424072 ], [ -6.572134, 9.42757 ], [ -6.571287, 9.427776 ], [ -6.570769, 9.427848 ], [ -6.570094, 9.427841 ], [ -6.561769, 9.430162 ], [ -6.557301, 9.435319 ], [ -6.554889, 9.438063 ], [ -6.55248, 9.440804 ], [ -6.550716, 9.442793 ], [ -6.548958, 9.444776 ], [ -6.547199, 9.446759 ], [ -6.545441, 9.448743 ], [ -6.544243, 9.450112 ], [ -6.543037, 9.45149 ], [ -6.541356, 9.453433 ], [ -6.539669, 9.455382 ], [ -6.537982, 9.457331 ], [ -6.536295, 9.45928 ], [ -6.534433, 9.461464 ], [ -6.532562, 9.463659 ], [ -6.538216, 9.470642 ], [ -6.538869, 9.470484 ], [ -6.539945, 9.470388 ], [ -6.541332, 9.470159 ], [ -6.542398, 9.470006 ], [ -6.544049, 9.469821 ], [ -6.545598, 9.469539 ], [ -6.546701, 9.469394 ], [ -6.548857, 9.469148 ], [ -6.552507, 9.46795 ], [ -6.553239855278555, 9.467709462842819 ], [ -6.556225, 9.466729 ], [ -6.556225062453146, 9.466729190026477 ], [ -6.556524, 9.466631 ], [ -6.556524047962449, 9.466631146065518 ], [ -6.556829, 9.466531 ], [ -6.557952, 9.469951 ], [ -6.557279906454634, 9.470171715115626 ], [ -6.55728, 9.470172 ], [ -6.555802392435131, 9.47065697914047 ], [ -6.553957775753649, 9.471262838582541 ], [ -6.549339, 9.472857 ], [ -6.548591, 9.473049 ], [ -6.544695, 9.473363 ], [ -6.542807, 9.473582 ], [ -6.538274, 9.474574 ], [ -6.537626, 9.474745 ], [ -6.535655, 9.475047 ], [ -6.533804, 9.475326 ], [ -6.532138, 9.475523 ], [ -6.529349, 9.476011 ], [ -6.528033, 9.476183 ], [ -6.526142, 9.476462 ], [ -6.52422, 9.476745 ], [ -6.52152, 9.477104 ], [ -6.518844, 9.47746 ], [ -6.515908, 9.4785 ], [ -6.510715, 9.484057 ], [ -6.509084, 9.487102 ], [ -6.507671, 9.489647 ], [ -6.505441, 9.493644 ], [ -6.503051, 9.49889 ], [ -6.502874, 9.499515 ], [ -6.502666, 9.499988 ], [ -6.502481, 9.500319 ], [ -6.502277, 9.500634 ], [ -6.501916, 9.501077 ], [ -6.50157, 9.501417 ], [ -6.499352, 9.505155 ], [ -6.503301, 9.511362 ], [ -6.503494, 9.514914 ], [ -6.504191, 9.522248 ], [ -6.508152, 9.526846 ], [ -6.511068, 9.528071 ], [ -6.513452, 9.529025 ], [ -6.515392, 9.529722 ], [ -6.521045, 9.530863 ], [ -6.528124, 9.529468 ], [ -6.530977, 9.528 ], [ -6.538821, 9.531833 ], [ -6.540923, 9.531998 ], [ -6.542279, 9.532057 ], [ -6.545144, 9.532182 ], [ -6.547845, 9.532235 ], [ -6.549011, 9.532219 ], [ -6.55083, 9.532117 ], [ -6.553245, 9.531953 ], [ -6.554986, 9.531914 ], [ -6.556462, 9.532017 ], [ -6.557089, 9.53211 ], [ -6.560314, 9.532512 ], [ -6.56105, 9.532434 ], [ -6.567599, 9.52719 ], [ -6.56842, 9.525443 ], [ -6.568638, 9.524979 ], [ -6.56905, 9.524327 ], [ -6.569408, 9.523908 ], [ -6.569913, 9.523509 ], [ -6.570996, 9.522905 ], [ -6.572824, 9.521845 ], [ -6.574441, 9.520981 ], [ -6.575512, 9.520583 ], [ -6.580152, 9.518364 ], [ -6.582126, 9.517228 ], [ -6.582193274262996, 9.517189316454894 ], [ -6.584033, 9.516131 ], [ -6.584033194957295, 9.516131338975887 ], [ -6.584119, 9.516082 ], [ -6.585148, 9.515515 ], [ -6.587221, 9.514597 ], [ -6.587221217458596, 9.514597490997046 ], [ -6.587263, 9.514579 ], [ -6.588721, 9.51787 ], [ -6.588678854527811, 9.517888671540161 ], [ -6.588679, 9.517889 ], [ -6.586606, 9.518807 ], [ -6.585889282387297, 9.519216412663694 ], [ -6.585827850090512, 9.519251739349574 ], [ -6.585828, 9.519252 ], [ -6.583888, 9.520368 ], [ -6.581947, 9.521484 ], [ -6.579536, 9.523043 ], [ -6.578882, 9.523328 ], [ -6.577189, 9.523856 ], [ -6.576459, 9.524056 ], [ -6.575721, 9.524346 ], [ -6.574549, 9.525005 ], [ -6.577162, 9.533383 ], [ -6.578613, 9.533561 ], [ -6.58081, 9.533864 ], [ -6.582976, 9.534163 ], [ -6.585146, 9.534427 ], [ -6.58775, 9.534863 ], [ -6.589693, 9.535157 ], [ -6.591664, 9.535455 ], [ -6.593689, 9.535794 ], [ -6.59425, 9.535868 ], [ -6.595332, 9.535961 ], [ -6.596563, 9.536127 ], [ -6.603418, 9.531559 ], [ -6.604172, 9.529757 ], [ -6.604186281612145, 9.529762973248801 ], [ -6.60433, 9.529427 ], [ -6.604896, 9.528528 ], [ -6.605155, 9.528224 ], [ -6.60515784973621, 9.528226431483578 ], [ -6.605252, 9.528118 ], [ -6.605538, 9.527843 ], [ -6.60614, 9.527408 ], [ -6.606699, 9.527156 ], [ -6.60713, 9.527021 ], [ -6.608206, 9.530457 ], [ -6.607573460309404, 9.531531498233786 ], [ -6.609303, 9.539818 ], [ -6.611671, 9.54112 ], [ -6.614002, 9.542568 ], [ -6.614696, 9.543134 ], [ -6.620415, 9.54764 ], [ -6.621457, 9.548222 ], [ -6.623483, 9.549269 ], [ -6.623479579088577, 9.549275618315024 ], [ -6.623655, 9.549367 ], [ -6.625788, 9.55066 ], [ -6.623949, 9.553755 ] ] ], [ [ [ -6.475466, 9.902128 ], [ -6.473814, 9.901454 ], [ -6.473496, 9.901305 ], [ -6.473188, 9.901159 ], [ -6.472225, 9.900637 ], [ -6.471272, 9.900119 ], [ -6.463097, 9.897295 ], [ -6.45784, 9.896769 ], [ -6.457463, 9.896748 ], [ -6.457094, 9.896727 ], [ -6.453993, 9.896616 ], [ -6.453326, 9.896622 ], [ -6.452667, 9.896629 ], [ -6.452003, 9.89663 ], [ -6.451341, 9.896632 ], [ -6.449855, 9.896615 ], [ -6.448372, 9.896597 ], [ -6.446635, 9.896514 ], [ -6.444905, 9.896431 ], [ -6.443848, 9.896394 ], [ -6.442789, 9.896357 ], [ -6.441955, 9.896313 ], [ -6.441125, 9.896269 ], [ -6.440077, 9.89617 ], [ -6.439036, 9.896071 ], [ -6.438039, 9.896008 ], [ -6.437035, 9.895944 ], [ -6.436509, 9.895923 ], [ -6.435978, 9.895902 ], [ -6.435405, 9.895866 ], [ -6.434836, 9.895831 ], [ -6.4343, 9.895779 ], [ -6.43377, 9.895727 ], [ -6.433158, 9.895647 ], [ -6.432552, 9.895568 ], [ -6.431996, 9.895452 ], [ -6.431452, 9.895338 ], [ -6.430991, 9.895212 ], [ -6.43054, 9.895087 ], [ -6.42961, 9.894764 ], [ -6.428692, 9.894444 ], [ -6.4279, 9.894182 ], [ -6.427106, 9.893919 ], [ -6.41997, 9.897174 ], [ -6.419625, 9.90028 ], [ -6.419643, 9.901726 ], [ -6.419369, 9.909269 ], [ -6.419553, 9.909831 ], [ -6.419716, 9.910416 ], [ -6.420042, 9.911411 ], [ -6.420368, 9.912571 ], [ -6.420645, 9.913495 ], [ -6.420989, 9.914679 ], [ -6.421087, 9.914984 ], [ -6.421125, 9.915248 ], [ -6.421164, 9.915516 ], [ -6.421245, 9.916177 ], [ -6.421413, 9.917301 ], [ -6.421503, 9.917782 ], [ -6.421543, 9.918047 ], [ -6.421583, 9.918323 ], [ -6.421679, 9.919117 ], [ -6.42174, 9.919528 ], [ -6.421789, 9.919935 ], [ -6.42184, 9.920356 ], [ -6.422123, 9.922979 ], [ -6.42237, 9.924684 ], [ -6.422952, 9.929231 ], [ -6.423019, 9.929595 ], [ -6.423088, 9.929967 ], [ -6.423472, 9.931976 ], [ -6.423703, 9.932946 ], [ -6.42484, 9.936738 ], [ -6.425284, 9.937872 ], [ -6.425702, 9.939088 ], [ -6.426119, 9.940299 ], [ -6.426398, 9.941049 ], [ -6.427305, 9.943174 ], [ -6.427946, 9.944578 ], [ -6.428455, 9.946109 ], [ -6.428963, 9.947635 ], [ -6.42936, 9.948752 ], [ -6.430516, 9.95171 ], [ -6.431993, 9.955071 ], [ -6.432711, 9.95659 ], [ -6.432386, 9.956744 ], [ -6.431667, 9.955225 ], [ -6.430949, 9.953705 ], [ -6.430183, 9.951847 ], [ -6.429422, 9.949998 ], [ -6.429021, 9.948873 ], [ -6.428624, 9.947756 ], [ -6.428113, 9.946222 ], [ -6.426978, 9.943324 ], [ -6.426345, 9.941937 ], [ -6.426061, 9.941175 ], [ -6.425782, 9.940424 ], [ -6.425362, 9.939205 ], [ -6.424943, 9.93799 ], [ -6.424505, 9.936869 ], [ -6.424064, 9.935741 ], [ -6.42379, 9.935004 ], [ -6.423518, 9.934269 ], [ -6.42342, 9.933938 ], [ -6.423395, 9.933717 ], [ -6.423121, 9.932055 ], [ -6.422983, 9.93144 ], [ -6.422903, 9.93104 ], [ -6.422824, 9.930644 ], [ -6.422777, 9.930327 ], [ -6.422665, 9.929661 ], [ -6.422598, 9.929296 ], [ -6.422424, 9.928481 ], [ -6.42225, 9.927661 ], [ -6.422223, 9.927449 ], [ -6.422199, 9.927252 ], [ -6.422169, 9.926859 ], [ -6.422106, 9.926181 ], [ -6.42207, 9.92588 ], [ -6.42204, 9.925285 ], [ -6.421767, 9.92303 ], [ -6.421521, 9.921342 ], [ -6.4215, 9.920847 ], [ -6.421432, 9.919979 ], [ -6.421382, 9.919572 ], [ -6.421323, 9.91917 ], [ -6.421262, 9.918764 ], [ -6.421187, 9.9181 ], [ -6.421059, 9.917367 ], [ -6.42097, 9.916893 ], [ -6.420364, 9.914254 ], [ -6.420326, 9.91413 ], [ -6.420023, 9.912675 ], [ -6.41975, 9.911766 ], [ -6.41958, 9.911301 ], [ -6.419529, 9.911084 ], [ -6.419369, 9.910512 ], [ -6.419206, 9.909927 ], [ -6.419027, 9.909381 ], [ -6.418845, 9.908827 ], [ -6.418751, 9.908501 ], [ -6.41866, 9.908181 ], [ -6.418539, 9.907827 ], [ -6.418416, 9.907464 ], [ -6.418362, 9.90727 ], [ -6.41831, 9.907085 ], [ -6.418111, 9.906248 ], [ -6.411057, 9.903478 ], [ -6.408679, 9.907303 ], [ -6.400887, 9.911655 ], [ -6.399476, 9.913322 ], [ -6.397702, 9.915397 ], [ -6.39593, 9.917471 ], [ -6.394941, 9.918653 ], [ -6.39395, 9.919838 ], [ -6.39355, 9.92029 ], [ -6.393153, 9.920739 ], [ -6.391894, 9.922228 ], [ -6.388237, 9.928259 ], [ -6.387616, 9.929882 ], [ -6.386806, 9.932018 ], [ -6.385997, 9.934153 ], [ -6.385188, 9.936289 ], [ -6.384379, 9.938422 ], [ -6.384146, 9.939067 ], [ -6.383912, 9.939714 ], [ -6.383562, 9.940645 ], [ -6.38253, 9.944075 ], [ -6.381865, 9.946959 ], [ -6.381064, 9.95553 ], [ -6.380995, 9.956298 ], [ -6.380753, 9.957689 ], [ -6.377722, 9.961298 ], [ -6.373004, 9.967927 ], [ -6.372492, 9.969059 ], [ -6.372298, 9.969514 ], [ -6.371582, 9.971356 ], [ -6.370865, 9.973197 ], [ -6.369909, 9.9757 ], [ -6.368952, 9.978204 ], [ -6.368577, 9.979163 ], [ -6.368202, 9.98012 ], [ -6.367441, 9.982131 ], [ -6.365408, 9.988525 ], [ -6.365253, 9.989171 ], [ -6.364517, 9.99268 ], [ -6.363782, 9.996189 ], [ -6.363046, 9.999698 ], [ -6.36231, 10.003207 ], [ -6.361575, 10.006716 ], [ -6.36084, 10.010218 ], [ -6.361033, 10.018239 ], [ -6.361322, 10.019357 ], [ -6.361473, 10.019902 ], [ -6.36203, 10.022025 ], [ -6.362587, 10.024148 ], [ -6.362239, 10.024239 ], [ -6.360519, 10.020623 ], [ -6.360151, 10.014953 ], [ -6.360132, 10.014539 ], [ -6.360114, 10.014133 ], [ -6.360117, 10.01372 ], [ -6.360119, 10.013316 ], [ -6.360145, 10.012844 ], [ -6.360169, 10.012381 ], [ -6.360219, 10.011906 ], [ -6.360268, 10.01144 ], [ -6.360377, 10.010793 ], [ -6.360485, 10.010158 ], [ -6.361222, 10.006642 ], [ -6.361958, 10.003133 ], [ -6.362694, 9.999624 ], [ -6.363429, 9.996115 ], [ -6.364165, 9.992606 ], [ -6.364901, 9.989097 ], [ -6.365058, 9.988441 ], [ -6.365214, 9.98779 ], [ -6.365488, 9.986766 ], [ -6.365761, 9.985746 ], [ -6.366052, 9.984878 ], [ -6.366341, 9.98402 ], [ -6.367104, 9.982003 ], [ -6.367865, 9.979993 ], [ -6.368241, 9.979032 ], [ -6.368617, 9.978073 ], [ -6.369573, 9.975572 ], [ -6.370529, 9.973069 ], [ -6.371246, 9.971226 ], [ -6.371963, 9.969384 ], [ -6.372161, 9.968918 ], [ -6.372357, 9.968458 ], [ -6.372679, 9.967773 ], [ -6.372998, 9.967095 ], [ -6.373174, 9.966748 ], [ -6.373347, 9.966405 ], [ -6.373629, 9.965893 ], [ -6.373908, 9.965387 ], [ -6.374144, 9.964987 ], [ -6.374378, 9.964592 ], [ -6.373489, 9.955893 ], [ -6.374322, 9.951192 ], [ -6.381128, 9.945616 ], [ -6.381382, 9.944687 ], [ -6.382663, 9.942086 ], [ -6.382769, 9.941767 ], [ -6.382872, 9.941456 ], [ -6.380766, 9.932824 ], [ -6.380355, 9.931602 ], [ -6.380216, 9.930876 ], [ -6.379854, 9.928906 ], [ -6.381117, 9.927946 ], [ -6.384975, 9.926935 ], [ -6.389899, 9.923797 ], [ -6.391619, 9.921995 ], [ -6.392878, 9.920506 ], [ -6.393281, 9.920052 ], [ -6.39368, 9.9196 ], [ -6.394665, 9.918422 ], [ -6.395654, 9.91724 ], [ -6.397429, 9.915163 ], [ -6.3975, 9.907236 ], [ -6.397751, 9.904591 ], [ -6.398169, 9.903414 ], [ -6.39826, 9.903179 ], [ -6.398408, 9.902956 ], [ -6.399349, 9.900717 ], [ -6.395555, 9.89424 ], [ -6.395356, 9.89416 ], [ -6.395148, 9.894075 ], [ -6.394798, 9.893907 ], [ -6.394145, 9.893613 ], [ -6.393956, 9.893537 ], [ -6.393696, 9.893414 ], [ -6.393436, 9.89329 ], [ -6.392171, 9.890073 ], [ -6.38522, 9.884935 ], [ -6.384314, 9.884805 ], [ -6.38261, 9.884636 ], [ -6.380899, 9.884466 ], [ -6.380614, 9.884428 ], [ -6.380311, 9.884388 ], [ -6.380107, 9.88434 ], [ -6.379897, 9.884291 ], [ -6.37929, 9.884129 ], [ -6.378672, 9.883963 ], [ -6.378303, 9.883837 ], [ -6.377352, 9.883529 ], [ -6.369206, 9.882358 ], [ -6.368973, 9.882324 ], [ -6.368707, 9.882282 ], [ -6.367644, 9.881944 ], [ -6.365631, 9.88132 ], [ -6.359638, 9.880278 ], [ -6.356536, 9.880042 ], [ -6.35484, 9.879904 ], [ -6.350604, 9.879916 ], [ -6.350299, 9.87992 ], [ -6.349985, 9.879924 ], [ -6.347847, 9.879855 ], [ -6.345708, 9.879786 ], [ -6.344319, 9.879731 ], [ -6.34293, 9.879675 ], [ -6.342944, 9.879316 ], [ -6.344333, 9.879371 ], [ -6.345722, 9.879427 ], [ -6.347858, 9.879495 ], [ -6.352181, 9.8794 ], [ -6.352381, 9.879388 ], [ -6.352569, 9.879377 ], [ -6.352878, 9.879391 ], [ -6.353167, 9.879406 ], [ -6.354869, 9.879545 ], [ -6.356566, 9.879684 ], [ -6.359665, 9.879919 ], [ -6.362766, 9.880154 ], [ -6.363036, 9.880181 ], [ -6.363263, 9.880226 ], [ -6.363497, 9.880289 ], [ -6.36372, 9.88035 ], [ -6.372467, 9.879261 ], [ -6.372995, 9.87906 ], [ -6.373818, 9.878712 ], [ -6.374018, 9.879012 ], [ -6.378045, 9.883369 ], [ -6.378419, 9.883496 ], [ -6.378788, 9.883622 ], [ -6.379384, 9.883781 ], [ -6.37999, 9.883943 ], [ -6.380189, 9.883989 ], [ -6.380661, 9.884072 ], [ -6.380946, 9.884109 ], [ -6.382645, 9.884278 ], [ -6.38435, 9.884447 ], [ -6.385271, 9.884579 ], [ -6.386184, 9.884709 ], [ -6.387067, 9.884809 ], [ -6.387956, 9.884909 ], [ -6.388991, 9.884978 ], [ -6.390034, 9.885047 ], [ -6.390319, 9.885105 ], [ -6.390579, 9.885159 ], [ -6.390805, 9.885239 ], [ -6.391006, 9.885311 ], [ -6.391243, 9.885421 ], [ -6.391465, 9.885525 ], [ -6.392127, 9.885926 ], [ -6.392771, 9.886318 ], [ -6.393921, 9.886919 ], [ -6.401124, 9.884591 ], [ -6.400721, 9.8803 ], [ -6.398751, 9.877923 ], [ -6.39845, 9.87773 ], [ -6.397825, 9.877354 ], [ -6.397504, 9.877102 ], [ -6.39656, 9.87648 ], [ -6.395887, 9.876074 ], [ -6.39535, 9.875568 ], [ -6.394478, 9.874822 ], [ -6.392479, 9.873912 ], [ -6.391907, 9.873701 ], [ -6.391317, 9.873482 ], [ -6.390803, 9.873222 ], [ -6.390276, 9.872956 ], [ -6.389723, 9.872616 ], [ -6.382815, 9.872752 ], [ -6.380711, 9.871876 ], [ -6.379822, 9.870596 ], [ -6.379363, 9.868651 ], [ -6.382327, 9.86725 ], [ -6.38854, 9.871433 ], [ -6.393357, 9.873764 ], [ -6.393856, 9.87402 ], [ -6.394315, 9.874262 ], [ -6.394689, 9.87453 ], [ -6.395041, 9.874784 ], [ -6.397387, 9.876554 ], [ -6.398437, 9.877238 ], [ -6.399912, 9.878176 ], [ -6.400617, 9.878566 ], [ -6.400873, 9.87889 ], [ -6.407317, 9.883739 ], [ -6.410088, 9.884931 ], [ -6.417366, 9.880576 ], [ -6.422964, 9.875655 ], [ -6.425152, 9.872602 ], [ -6.427341, 9.869549 ], [ -6.429533, 9.866491 ], [ -6.429764, 9.86619 ], [ -6.429998, 9.865884 ], [ -6.430169, 9.865675 ], [ -6.430346, 9.865461 ], [ -6.430531, 9.865256 ], [ -6.430722, 9.865044 ], [ -6.430949, 9.864816 ], [ -6.431181, 9.864583 ], [ -6.433648, 9.862303 ], [ -6.436116, 9.860023 ], [ -6.438584, 9.857744 ], [ -6.44105, 9.855466 ], [ -6.441391, 9.855143 ], [ -6.441726, 9.854827 ], [ -6.441909, 9.854636 ], [ -6.442342, 9.854156 ], [ -6.442593, 9.853867 ], [ -6.442762, 9.853652 ], [ -6.443069, 9.853234 ], [ -6.443211, 9.853025 ], [ -6.443378, 9.852763 ], [ -6.443758, 9.852105 ], [ -6.444112, 9.851401 ], [ -6.444248, 9.851101 ], [ -6.444393, 9.850731 ], [ -6.444636, 9.850032 ], [ -6.444737, 9.849701 ], [ -6.444823, 9.84935 ], [ -6.444906, 9.84901 ], [ -6.444981, 9.8486 ], [ -6.445056, 9.848196 ], [ -6.445405, 9.845851 ], [ -6.445754, 9.843507 ], [ -6.438249, 9.839773 ], [ -6.437567, 9.840233 ], [ -6.434227, 9.844186 ], [ -6.434088, 9.844444 ], [ -6.433771, 9.844273 ], [ -6.433814, 9.843603 ], [ -6.433965, 9.842116 ], [ -6.434863, 9.841433 ], [ -6.435775, 9.833157 ], [ -6.43584, 9.829287 ], [ -6.435993, 9.828961 ], [ -6.437311, 9.826505 ], [ -6.437502, 9.826199 ], [ -6.438027, 9.826488 ], [ -6.438292, 9.826663 ], [ -6.438487, 9.826807 ], [ -6.438658, 9.827 ], [ -6.444362, 9.828867 ], [ -6.448857, 9.823827 ], [ -6.44915, 9.821937 ], [ -6.449367, 9.820453 ], [ -6.449585, 9.818972 ], [ -6.445151, 9.811268 ], [ -6.443234, 9.810547 ], [ -6.442048, 9.81017 ], [ -6.440126, 9.809606 ], [ -6.438211, 9.809044 ], [ -6.43325, 9.808997 ], [ -6.432997, 9.809019 ], [ -6.432713, 9.809041 ], [ -6.432475, 9.809019 ], [ -6.432217, 9.808994 ], [ -6.430227, 9.808567 ], [ -6.428236, 9.80814 ], [ -6.428312, 9.807788 ], [ -6.434691, 9.808019 ], [ -6.434998, 9.807994 ], [ -6.435219, 9.808004 ], [ -6.435416, 9.808015 ], [ -6.435835, 9.808097 ], [ -6.436229, 9.808175 ], [ -6.437268, 9.808436 ], [ -6.438298, 9.808695 ], [ -6.440227, 9.809261 ], [ -6.44215, 9.809825 ], [ -6.449689, 9.805227 ], [ -6.449699, 9.804888 ], [ -6.449789, 9.803215 ], [ -6.449879, 9.801538 ], [ -6.449901, 9.801249 ], [ -6.449923, 9.800954 ], [ -6.449952, 9.800677 ], [ -6.449982, 9.80039 ], [ -6.450035, 9.800057 ], [ -6.450082, 9.799808 ], [ -6.450131, 9.799549 ], [ -6.450228, 9.799154 ], [ -6.450328, 9.798745 ], [ -6.450444, 9.798388 ], [ -6.450565, 9.798019 ], [ -6.450722, 9.797635 ], [ -6.450883, 9.797241 ], [ -6.451281, 9.796406 ], [ -6.451678, 9.795575 ], [ -6.451973, 9.794917 ], [ -6.452268, 9.794257 ], [ -6.45356, 9.791445 ], [ -6.454851, 9.788634 ], [ -6.455433, 9.787344 ], [ -6.456014, 9.786055 ], [ -6.456933, 9.777839 ], [ -6.456971, 9.777481 ], [ -6.460165, 9.771478 ], [ -6.461795, 9.769419 ], [ -6.462143, 9.769511 ], [ -6.462005, 9.772132 ], [ -6.461992, 9.772184 ], [ -6.459826, 9.778077 ], [ -6.459737, 9.778364 ], [ -6.45965, 9.778645 ], [ -6.459511, 9.77904 ], [ -6.459374, 9.779429 ], [ -6.459275, 9.779689 ], [ -6.459177, 9.779944 ], [ -6.458645, 9.781142 ], [ -6.458116, 9.782331 ], [ -6.45781, 9.782948 ], [ -6.456927, 9.784875 ], [ -6.456344, 9.7862 ], [ -6.455761, 9.787492 ], [ -6.455179, 9.788782 ], [ -6.453887, 9.791595 ], [ -6.452596, 9.794407 ], [ -6.452301, 9.795064 ], [ -6.450148, 9.803235 ], [ -6.450058, 9.804908 ], [ -6.450049, 9.805237 ], [ -6.45004, 9.80557 ], [ -6.450052, 9.809375 ], [ -6.450064, 9.813186 ], [ -6.450061, 9.815488 ], [ -6.453094, 9.822374 ], [ -6.458012, 9.828042 ], [ -6.458072, 9.828397 ], [ -6.46183, 9.835761 ], [ -6.46422, 9.836155 ], [ -6.465012, 9.836208 ], [ -6.467205, 9.836134 ], [ -6.468618, 9.83601 ], [ -6.469417, 9.83587 ], [ -6.471263, 9.835388 ], [ -6.472359, 9.835034 ], [ -6.473143, 9.834896 ], [ -6.473965, 9.834756 ], [ -6.478547, 9.834164 ], [ -6.478635, 9.834513 ], [ -6.477596, 9.834775 ], [ -6.476558, 9.835037 ], [ -6.476007, 9.835103 ], [ -6.475479, 9.835165 ], [ -6.474703, 9.835141 ], [ -6.471374, 9.83573 ], [ -6.470302, 9.836078 ], [ -6.469479, 9.836224 ], [ -6.468681, 9.836364 ], [ -6.467236, 9.836493 ], [ -6.465807, 9.83662 ], [ -6.464988, 9.836567 ], [ -6.464196, 9.836514 ], [ -6.461771, 9.836116 ], [ -6.458761, 9.844344 ], [ -6.459033, 9.84461 ], [ -6.459299, 9.844872 ], [ -6.459852, 9.845376 ], [ -6.460413, 9.845889 ], [ -6.460542, 9.846031 ], [ -6.462129, 9.847619 ], [ -6.463494, 9.84887 ], [ -6.464199, 9.849506 ], [ -6.464889, 9.85013 ], [ -6.467106, 9.85174 ], [ -6.469345, 9.853368 ], [ -6.469921, 9.853938 ], [ -6.470512, 9.854524 ], [ -6.471059, 9.85522 ], [ -6.471901, 9.856234 ], [ -6.472204, 9.856561 ], [ -6.471939, 9.856806 ], [ -6.471636, 9.856478 ], [ -6.471333, 9.85615 ], [ -6.466895, 9.852032 ], [ -6.464677, 9.850421 ], [ -6.463957, 9.849773 ], [ -6.463253, 9.849137 ], [ -6.461886, 9.847884 ], [ -6.460521, 9.846632 ], [ -6.460428, 9.846538 ], [ -6.459609, 9.845642 ], [ -6.459056, 9.845138 ], [ -6.45878, 9.844867 ], [ -6.458509, 9.844602 ], [ -6.458115, 9.844181 ], [ -6.457555, 9.843617 ], [ -6.457371, 9.843455 ], [ -6.456798, 9.842807 ], [ -6.456511, 9.84252 ], [ -6.455752, 9.841828 ], [ -6.455531, 9.841646 ], [ -6.455359, 9.841468 ], [ -6.4552, 9.841301 ], [ -6.454891, 9.840944 ], [ -6.454588, 9.840593 ], [ -6.44611, 9.84356 ], [ -6.445761, 9.845904 ], [ -6.445412, 9.848249 ], [ -6.445336, 9.848665 ], [ -6.44526, 9.849076 ], [ -6.445172, 9.849436 ], [ -6.445087, 9.849786 ], [ -6.444981, 9.850137 ], [ -6.444877, 9.850479 ], [ -6.444728, 9.850862 ], [ -6.444584, 9.851232 ], [ -6.44444, 9.85155 ], [ -6.4443, 9.851859 ], [ -6.444074, 9.852277 ], [ -6.443854, 9.852683 ], [ -6.443682, 9.852956 ], [ -6.443515, 9.853218 ], [ -6.443367, 9.853437 ], [ -6.443221, 9.85365 ], [ -6.443045, 9.853875 ], [ -6.442876, 9.854089 ], [ -6.442614, 9.854392 ], [ -6.442358, 9.854688 ], [ -6.442169, 9.854885 ], [ -6.441986, 9.855076 ], [ -6.441638, 9.855405 ], [ -6.441297, 9.855727 ], [ -6.438828, 9.858008 ], [ -6.43636, 9.860288 ], [ -6.433893, 9.862567 ], [ -6.431425, 9.864847 ], [ -6.429819, 9.86671 ], [ -6.427634, 9.869758 ], [ -6.425445, 9.872811 ], [ -6.423256, 9.875864 ], [ -6.421786, 9.881319 ], [ -6.419842, 9.889014 ], [ -6.425054, 9.892997 ], [ -6.425253, 9.893026 ], [ -6.425474, 9.89306 ], [ -6.425671, 9.893112 ], [ -6.425874, 9.893167 ], [ -6.426545, 9.893372 ], [ -6.427219, 9.893578 ], [ -6.428013, 9.893841 ], [ -6.42881, 9.894105 ], [ -6.429729, 9.894424 ], [ -6.431086, 9.894865 ], [ -6.432069, 9.8951 ], [ -6.433205, 9.89529 ], [ -6.433805, 9.895369 ], [ -6.434335, 9.89542 ], [ -6.434859, 9.895471 ], [ -6.435427, 9.895507 ], [ -6.435992, 9.895543 ], [ -6.436523, 9.895564 ], [ -6.437058, 9.895585 ], [ -6.438061, 9.895649 ], [ -6.43907, 9.895712 ], [ -6.440111, 9.895811 ], [ -6.441144, 9.89591 ], [ -6.441974, 9.895953 ], [ -6.442801, 9.895997 ], [ -6.443861, 9.896034 ], [ -6.444922, 9.896071 ], [ -6.446652, 9.896154 ], [ -6.448376, 9.896237 ], [ -6.449859, 9.896255 ], [ -6.45134, 9.896272 ], [ -6.452002, 9.89627 ], [ -6.452663, 9.896269 ], [ -6.453322, 9.896263 ], [ -6.454409, 9.89623 ], [ -6.454854, 9.896203 ], [ -6.455156, 9.896199 ], [ -6.455476, 9.896196 ], [ -6.455976, 9.896239 ], [ -6.456484, 9.896284 ], [ -6.458763, 9.89642 ], [ -6.459691, 9.896431 ], [ -6.459965, 9.896448 ], [ -6.460258, 9.896467 ], [ -6.463155, 9.89694 ], [ -6.46607, 9.897417 ], [ -6.466388, 9.897504 ], [ -6.46672, 9.897596 ], [ -6.467083, 9.897728 ], [ -6.467464, 9.897867 ], [ -6.46945, 9.898833 ], [ -6.471444, 9.899803 ], [ -6.472397, 9.90032 ], [ -6.475602, 9.901794 ], [ -6.477248, 9.902466 ], [ -6.477487, 9.902553 ], [ -6.47894, 9.903036 ], [ -6.48016, 9.903433 ], [ -6.480048, 9.903776 ], [ -6.478828, 9.903378 ], [ -6.477608, 9.90298 ], [ -6.477363, 9.902891 ], [ -6.477124, 9.902804 ], [ -6.475466, 9.902128 ] ] ] ] } }
]
}
