ADM3_FR,ADM2_FR,ADM1_FR,ADM0_EN,Country,ISIBF_base,Population,Area,Density,GCD,j_age,j_religion,j_prop_agr,j_prop_tra,j_prop_ind,j_prop_noe,j_prop_und,j_prop_pos,j_pr_lives,j_prop_mar,j_pr_empl1,j_pr_selfe,j_prop_mal,branches_Total_bran,j_frontier
Banikoara,Banikoara,Alibori,Benin,benin,"0.179000000000000","246575","438300.000000000000000","56.256999999999998","1","32.072916666666664","5.000000000000000","0.839","0.016","0.023","0.813","0.128","0.003","0.016","0.398","0.370","0.344","0.505","1.000000000000000","1"
Gogounou,Gogounou,Alibori,Benin,benin,"0.000000000000000","117523","491000.000000000000000","23.934999999999999","1","32.526315789473685","5.000000000000000","0.858","0.047","0.016","0.863","0.095","0.000","0.005","0.484","0.353","0.347","0.511","0.000000000000000","0"
Kandi,Kandi,Alibori,Benin,benin,"0.179000000000000","179290","342100.000000000000000","52.408999999999999","1","33.047091412742382","2.000000000000000","0.839","0.039","0.019","0.759","0.139","0.008","0.014","0.393","0.673","0.626","0.476","1.000000000000000","0"
Malanville,Malanville,Alibori,Benin,benin,"0.284000000000000","168641","301600.000000000000000","55.914999999999999","1","32.908088235294116","2.000000000000000","0.629","0.169","0.040","0.761","0.114","0.000","0.007","0.426","0.507","0.463","0.511","2.000000000000000","1"
Segbana,Segbana,Alibori,Benin,benin,"0.000000000000000","89081","447100.000000000000000","19.923999999999999","1","32.521052631578947","5.000000000000000","0.768","0.047","0.021","0.742","0.116","0.021","0.063","0.474","0.647","0.616","0.558","0.000000000000000","1"
Kerou,Kerou,Atakora,Benin,benin,"0.000000000000000","100197","374500.000000000000000","26.754999999999999","1","31.981818181818181","5.000000000000000","0.811","0.029","0.007","0.847","0.080","0.004","0.011","0.429","0.320","0.298","0.498","0.000000000000000","0"
Kobli,Kobli,Atakora,Benin,benin,"0.000000000000000","67603","82500.000000000000000","81.942999999999998","1","31.362831858407080","5.000000000000000","0.885","0.009","0.018","0.398","0.274","0.018","0.000","0.496","0.381","0.363","0.460","0.000000000000000","1"
Kouande,Kouande,Atakora,Benin,benin,"0.005000000000000","111540","325000.000000000000000","34.320000000000000","1","32.844444444444441","5.000000000000000","0.744","0.022","0.085","0.811","0.111","0.000","0.030","0.470","0.393","0.370","0.489","0.000000000000000","0"
Materi,Materi,Atakora,Benin,benin,"0.000000000000000","113958","174000.000000000000000","65.492999999999995","1","31.933753943217667","5.000000000000000","0.801","0.009","0.038","0.587","0.196","0.022","0.019","0.429","0.385","0.388","0.423","0.000000000000000","1"
Natitingou,Natitingou,Atakora,Benin,benin,"0.284000000000000","103843","140000.000000000000000","74.174000000000007","1","32.163934426229510","5.000000000000000","0.518","0.049","0.089","0.561","0.246","0.033","0.010","0.413","0.439","0.384","0.459","2.000000000000000","0"
Pehunco,Pehunco,Atakora,Benin,benin,"0.000000000000000","78217","190000.000000000000000","41.167000000000002","1","31.714285714285715","5.000000000000000","0.803","0.027","0.014","0.748","0.109","0.007","0.007","0.442","0.231","0.231","0.490","0.000000000000000","0"
Tanguieta,Tanguieta,Atakora,Benin,benin,"0.179000000000000","74675","546500.000000000000000","13.664000000000000","1","32.629807692307693","5.000000000000000","0.630","0.106","0.058","0.495","0.173","0.024","0.072","0.447","0.365","0.346","0.495","1.000000000000000","1"
Allada,Allada,Atlantique,Benin,benin,"0.017000000000000","127512","38100.000000000000000","334.677000000000021","2","32.713483146067418","5.000000000000000","0.225","0.163","0.124","0.556","0.236","0.062","0.011","0.573","0.736","0.494","0.455","0.000000000000000","0"
Kpomasse,Kpomasse,Atlantique,Benin,benin,"0.066000000000000","67648","30500.000000000000000","221.796999999999997","2","35.410256410256409","5.000000000000000","0.090","0.147","0.083","0.468","0.295","0.032","0.013","0.506","0.635","0.442","0.429","0.000000000000000","0"
Ouidah,Ouidah,Atlantique,Benin,benin,"0.044000000000000","162034","36400.000000000000000","445.148000000000025","2","34.637168141592923","4.000000000000000","0.031","0.190","0.075","0.478","0.301","0.035","0.084","0.478","0.602","0.416","0.469","0.000000000000000","0"
Ouidah,Ouidah,Atlantique,Benin,benin,"0.044000000000000","162034","36400.000000000000000","445.148000000000025","2","34.637168141592923","4.000000000000000","0.031","0.190","0.075","0.478","0.301","0.035","0.084","0.478","0.602","0.416","0.469","0.000000000000000","0"
Ouidah,Ouidah,Atlantique,Benin,benin,"0.044000000000000","162034","36400.000000000000000","445.148000000000025","2","34.637168141592923","4.000000000000000","0.031","0.190","0.075","0.478","0.301","0.035","0.084","0.478","0.602","0.416","0.469","0.000000000000000","0"
Ouidah,Ouidah,Atlantique,Benin,benin,"0.044000000000000","162034","36400.000000000000000","445.148000000000025","2","34.637168141592923","4.000000000000000","0.031","0.190","0.075","0.478","0.301","0.035","0.084","0.478","0.602","0.416","0.469","0.000000000000000","0"
Ouidah,Ouidah,Atlantique,Benin,benin,"0.044000000000000","162034","36400.000000000000000","445.148000000000025","2","34.637168141592923","4.000000000000000","0.031","0.190","0.075","0.478","0.301","0.035","0.084","0.478","0.602","0.416","0.469","0.000000000000000","0"
Ouidah,Ouidah,Atlantique,Benin,benin,"0.044000000000000","162034","36400.000000000000000","445.148000000000025","2","34.637168141592923","4.000000000000000","0.031","0.190","0.075","0.478","0.301","0.035","0.084","0.478","0.602","0.416","0.469","0.000000000000000","0"
Ouidah,Ouidah,Atlantique,Benin,benin,"0.044000000000000","162034","36400.000000000000000","445.148000000000025","2","34.637168141592923","4.000000000000000","0.031","0.190","0.075","0.478","0.301","0.035","0.084","0.478","0.602","0.416","0.469","0.000000000000000","0"
Ouidah,Ouidah,Atlantique,Benin,benin,"0.044000000000000","162034","36400.000000000000000","445.148000000000025","2","34.637168141592923","4.000000000000000","0.031","0.190","0.075","0.478","0.301","0.035","0.084","0.478","0.602","0.416","0.469","0.000000000000000","0"
Ouidah,Ouidah,Atlantique,Benin,benin,"0.044000000000000","162034","36400.000000000000000","445.148000000000025","2","34.637168141592923","4.000000000000000","0.031","0.190","0.075","0.478","0.301","0.035","0.084","0.478","0.602","0.416","0.469","0.000000000000000","0"
Ouidah,Ouidah,Atlantique,Benin,benin,"0.044000000000000","162034","36400.000000000000000","445.148000000000025","2","34.637168141592923","4.000000000000000","0.031","0.190","0.075","0.478","0.301","0.035","0.084","0.478","0.602","0.416","0.469","0.000000000000000","0"
Ouidah,Ouidah,Atlantique,Benin,benin,"0.044000000000000","162034","36400.000000000000000","445.148000000000025","2","34.637168141592923","4.000000000000000","0.031","0.190","0.075","0.478","0.301","0.035","0.084","0.478","0.602","0.416","0.469","0.000000000000000","0"
Ouidah,Ouidah,Atlantique,Benin,benin,"0.044000000000000","162034","36400.000000000000000","445.148000000000025","2","34.637168141592923","4.000000000000000","0.031","0.190","0.075","0.478","0.301","0.035","0.084","0.478","0.602","0.416","0.469","0.000000000000000","0"
Ouidah,Ouidah,Atlantique,Benin,benin,"0.044000000000000","162034","36400.000000000000000","445.148000000000025","2","34.637168141592923","4.000000000000000","0.031","0.190","0.075","0.478","0.301","0.035","0.084","0.478","0.602","0.416","0.469","0.000000000000000","0"
Ouidah,Ouidah,Atlantique,Benin,benin,"0.044000000000000","162034","36400.000000000000000","445.148000000000025","2","34.637168141592923","4.000000000000000","0.031","0.190","0.075","0.478","0.301","0.035","0.084","0.478","0.602","0.416","0.469","0.000000000000000","0"
Ouidah,Ouidah,Atlantique,Benin,benin,"0.044000000000000","162034","36400.000000000000000","445.148000000000025","2","34.637168141592923","4.000000000000000","0.031","0.190","0.075","0.478","0.301","0.035","0.084","0.478","0.602","0.416","0.469","0.000000000000000","0"
Toffo,Toffo,Atlantique,Benin,benin,"0.016000000000000","101585","51500.000000000000000","197.252000000000010","2","32.118343195266270","5.000000000000000","0.331","0.130","0.172","0.586","0.195","0.018","0.012","0.533","0.722","0.497","0.456","0.000000000000000","0"
Ze,Ze,Atlantique,Benin,benin,"0.021000000000000","106913","54300.000000000000000","196.893000000000001","2","33.164948453608247","5.000000000000000","0.216","0.144","0.155","0.608","0.186","0.005","0.005","0.582","0.758","0.557","0.464","0.000000000000000","0"
Bembereke,Bembereke,Borgou,Benin,benin,"0.179000000000000","131255","334800.000000000000000","39.204000000000001","1","33.635359116022101","3.000000000000000","0.619","0.083","0.072","0.812","0.133","0.000","0.006","0.370","0.442","0.414","0.497","1.000000000000000","0"
Kalale,Kalale,Borgou,Benin,benin,"0.000000000000000","168882","358600.000000000000000","47.094999999999999","1","30.715736040609137","3.000000000000000","0.868","0.015","0.005","0.964","0.015","0.000","0.000","0.411","0.371","0.365","0.528","0.000000000000000","1"
Nikki,Nikki,Borgou,Benin,benin,"0.000000000000000","151232","317100.000000000000000","47.692000000000000","1","33.554878048780488","3.000000000000000","0.787","0.024","0.012","0.829","0.122","0.000","0.012","0.470","0.457","0.427","0.488","0.000000000000000","1"
Parakou,Parakou,Borgou,Benin,benin,"0.596000000000000","255478","44100.000000000000000","579.315000000000055","3","32.702341137123746","5.000000000000000","0.050","0.162","0.095","0.314","0.408","0.127","0.008","0.482","0.579","0.403","0.462","9.000000000000000","0"
Perere,Perere,Borgou,Benin,benin,"0.004000000000000","78988","201700.000000000000000","39.161000000000001","1","32.166666666666664","2.000000000000000","0.408","0.042","0.008","0.992","0.000","0.000","0.042","0.467","0.317","0.317","0.475","0.000000000000000","1"
Sinende,Sinende,Borgou,Benin,benin,"0.002000000000000","91672","228900.000000000000000","40.048999999999999","1","32.523255813953490","5.000000000000000","0.657","0.023","0.023","0.814","0.110","0.012","0.000","0.436","0.401","0.395","0.517","0.000000000000000","0"
Tchaourou,Tchaourou,Borgou,Benin,benin,"0.056000000000000","223138","725600.000000000000000","30.751999999999999","1","31.782016348773841","5.000000000000000","0.354","0.163","0.087","0.673","0.188","0.014","0.052","0.507","0.537","0.463","0.510","0.000000000000000","1"
Bante,Bante,Collines,Benin,benin,"0.002000000000000","107181","269500.000000000000000","39.770000000000003","1","31.196153846153845","5.000000000000000","0.381","0.069","0.158","0.515","0.338","0.012","0.004","0.412","0.554","0.438","0.523","0.000000000000000","1"
Glazoue,Glazoue,Collines,Benin,benin,"0.182000000000000","124431","135000.000000000000000","92.171000000000006","1","32.960474308300398","5.000000000000000","0.387","0.123","0.083","0.458","0.368","0.040","0.008","0.395","0.538","0.395","0.443","1.000000000000000","0"
Ouesse,Ouesse,Collines,Benin,benin,"0.002000000000000","142017","320000.000000000000000","44.380000000000003","1","33.183823529411768","5.000000000000000","0.235","0.132","0.199","0.537","0.243","0.007","0.099","0.415","0.699","0.511","0.463","0.000000000000000","1"
Savalou,Savalou,Collines,Benin,benin,"0.179000000000000","144549","267400.000000000000000","54.057000000000002","1","32.857923497267763","5.000000000000000","0.522","0.082","0.115","0.626","0.210","0.008","0.011","0.464","0.514","0.396","0.451","1.000000000000000","1"
Save,Save,Collines,Benin,benin,"0.182000000000000","87177","222800.000000000000000","39.128000000000000","1","32.331753554502370","5.000000000000000","0.336","0.166","0.118","0.498","0.308","0.014","0.043","0.536","0.682","0.512","0.512","1.000000000000000","1"
Aplahoue,Aplahoue,Couffo,Benin,benin,"0.199000000000000","171109","90000.000000000000000","190.121000000000009","2","33.185185185185183","5.000000000000000","0.472","0.144","0.079","0.551","0.231","0.028","0.005","0.322","0.671","0.544","0.403","1.000000000000000","1"
Klouekanme,Klouekanme,Couffo,Benin,benin,"0.077000000000000","128597","35000.000000000000000","367.420000000000016","2","36.272108843537417","5.000000000000000","0.483","0.197","0.075","0.599","0.224","0.020","0.000","0.197","0.782","0.544","0.333","0.000000000000000","0"
Lalo,Lalo,Couffo,Benin,benin,"0.040000000000000","119926","43200.000000000000000","277.605999999999995","2","33.753138075313807","5.000000000000000","0.515","0.100","0.105","0.536","0.222","0.013","0.013","0.356","0.745","0.636","0.406","0.000000000000000","0"
Toviklin,Toviklin,Couffo,Benin,benin,"0.056000000000000","88611","12000.000000000000000","738.424999999999955","3","34.935779816513758","5.000000000000000","0.500","0.138","0.128","0.546","0.174","0.000","0.005","0.376","0.656","0.573","0.376","0.000000000000000","0"
Bassila,Bassila,Donga,Benin,benin,"0.000000000000000","130091","566100.000000000000000","22.980000000000000","1","33.861940298507463","3.000000000000000","0.356","0.134","0.067","0.569","0.243","0.026","0.017","0.381","0.455","0.369","0.459","0.000000000000000","1"
Djougou,Djougou,Donga,Benin,benin,"0.179000000000000","267812","396600.000000000000000","67.527000000000001","1","33.148325358851672","3.000000000000000","0.425","0.111","0.071","0.632","0.211","0.010","0.017","0.408","0.496","0.429","0.480","1.000000000000000","0"
Ouake,Ouake,Donga,Benin,benin,"0.002000000000000","74289","66300.000000000000000","112.049999999999997","1","32.864754098360656","2.000000000000000","0.492","0.078","0.078","0.713","0.139","0.004","0.020","0.340","0.402","0.389","0.504","0.000000000000000","1"
Cotonou,Cotonou,Littoral,Benin,benin,"0.830000000000000","679012","7900.000000000000000","8595.088999999999942","3","33.830841856805662","5.000000000000000","0.002","0.184","0.114","0.220","0.423","0.146","0.007","0.401","0.647","0.347","0.467","14.000000000000000","1"
Cotonou,Cotonou,Littoral,Benin,benin,"0.830000000000000","679012","7900.000000000000000","8595.088999999999942","3","33.830841856805662","5.000000000000000","0.002","0.184","0.114","0.220","0.423","0.146","0.007","0.401","0.647","0.347","0.467","14.000000000000000","1"
Athieme,Athieme,Mono,Benin,benin,"0.122000000000000","56483","22000.000000000000000","256.740999999999985","2","33.600000000000001","5.000000000000000","0.224","0.035","0.165","0.665","0.200","0.000","0.006","0.465","0.482","0.400","0.494","0.000000000000000","1"
Bopa,Bopa,Mono,Benin,benin,"0.063000000000000","96281","36500.000000000000000","263.783999999999992","2","35.655913978494624","5.000000000000000","0.240","0.108","0.168","0.527","0.229","0.029","0.057","0.434","0.720","0.487","0.423","0.000000000000000","0"
Come,Come,Mono,Benin,benin,"0.193000000000000","79989","16300.000000000000000","490.730000000000018","2","34.047745358090182","5.000000000000000","0.082","0.135","0.085","0.316","0.406","0.050","0.058","0.523","0.592","0.438","0.483","1.000000000000000","0"
Houeyogbe,Houeyogbe,Mono,Benin,benin,"0.100000000000000","101893","29000.000000000000000","351.355000000000018","2","34.261904761904759","5.000000000000000","0.180","0.109","0.146","0.486","0.303","0.017","0.037","0.490","0.714","0.367","0.408","0.000000000000000","0"
Lokossa,Lokossa,Mono,Benin,benin,"0.423000000000000","104961","26000.000000000000000","403.696000000000026","2","32.701825557809329","5.000000000000000","0.193","0.116","0.168","0.408","0.349","0.037","0.016","0.418","0.633","0.430","0.458","4.000000000000000","1"
Adjohoun,Adjohoun,Oueme,Benin,benin,"0.073000000000000","75323","30800.000000000000000","244.555000000000007","2","35.840579710144929","3.000000000000000","0.210","0.159","0.210","0.486","0.217","0.014","0.007","0.609","0.739","0.601","0.457","0.000000000000000","0"
Avrankou,Avrankou,Oueme,Benin,benin,"0.378000000000000","128050","6000.000000000000000","2134.166999999999916","3","32.879227053140099","5.000000000000000","0.014","0.140","0.140","0.362","0.362","0.072","0.000","0.493","0.676","0.473","0.469","0.000000000000000","0"
Bonou,Bonou,Oueme,Benin,benin,"0.007000000000000","44349","30000.000000000000000","147.830000000000013","1","35.236842105263158","3.000000000000000","0.237","0.145","0.171","0.539","0.289","0.026","0.013","0.382","0.750","0.592","0.408","0.000000000000000","0"
Dangbo,Dangbo,Oueme,Benin,benin,"0.248000000000000","96426","15000.000000000000000","642.840000000000032","3","32.140540540540542","5.000000000000000","0.297","0.168","0.108","0.476","0.281","0.016","0.005","0.562","0.724","0.573","0.449","0.000000000000000","0"
Ifangni,Ifangni,Plateau,Benin,benin,"0.119000000000000","110973","15000.000000000000000","739.820000000000050","3","31.479166666666668","4.000000000000000","0.037","0.176","0.241","0.363","0.306","0.028","0.012","0.424","0.826","0.525","0.444","0.000000000000000","1"
Ketou,Ketou,Plateau,Benin,benin,"0.000000000000000","157352","175000.000000000000000","89.915000000000006","1","31.518072289156628","5.000000000000000","0.363","0.161","0.153","0.540","0.241","0.010","0.018","0.386","0.679","0.562","0.476","0.000000000000000","1"
Pobe,Pobe,Plateau,Benin,benin,"0.000000000000000","123677","40000.000000000000000","309.192999999999984","2","31.914675767918087","5.000000000000000","0.249","0.157","0.201","0.549","0.222","0.038","0.017","0.379","0.717","0.573","0.461","0.000000000000000","1"
Sakete,Sakete,Plateau,Benin,benin,"0.037000000000000","114088","43200.000000000000000","264.093000000000018","2","33.600000000000001","5.000000000000000","0.061","0.214","0.202","0.416","0.264","0.034","0.011","0.359","0.764","0.566","0.420","0.000000000000000","1"
Abomey,Abomey,Zou,Benin,benin,"0.413000000000000","92266","14200.000000000000000","649.760999999999967","3","34.715151515151518","5.000000000000000","0.012","0.248","0.224","0.515","0.309","0.030","0.018","0.364","0.758","0.503","0.491","2.000000000000000","0"
Agbangnizoun,Agbangnizoun,Zou,Benin,benin,"0.181000000000000","72549","24400.000000000000000","297.331999999999994","2","31.144736842105264","3.000000000000000","0.211","0.145","0.211","0.487","0.237","0.013","0.000","0.474","0.618","0.526","0.474","0.000000000000000","0"
Bohicon,Bohicon,Zou,Benin,benin,"0.573000000000000","171781","15000.000000000000000","1145.207000000000107","3","32.409240924092408","5.000000000000000","0.033","0.234","0.145","0.472","0.323","0.033","0.013","0.482","0.743","0.488","0.479","6.000000000000000","0"
Cove,Cove,Zou,Benin,benin,"0.040000000000000","51247","52500.000000000000000","97.613000000000000","1","34.548387096774192","3.000000000000000","0.194","0.129","0.194","0.565","0.242","0.000","0.000","0.581","0.661","0.468","0.500","0.000000000000000","0"
Djidja,Djidja,Zou,Benin,benin,"0.037000000000000","123542","218400.000000000000000","56.567000000000000","1","31.567567567567568","5.000000000000000","0.291","0.108","0.108","0.649","0.203","0.000","0.034","0.399","0.493","0.372","0.473","0.000000000000000","1"
Ouinhi,Ouinhi,Zou,Benin,benin,"0.007000000000000","59381","30000.000000000000000","197.937000000000012","2","36.243902439024389","3.000000000000000","0.439","0.073","0.207","0.866","0.061","0.024","0.000","0.537","0.659","0.585","0.500","0.000000000000000","0"
Zogbodomey,Zogbodomey,Zou,Benin,benin,"0.088000000000000","92935","70000.000000000000000","132.764000000000010","1","32.678899082568805","4.000000000000000","0.413","0.064","0.138","0.734","0.128","0.009","0.046","0.514","0.706","0.523","0.459","0.000000000000000","0"
Aguegues,Aguegues,Oueme,Benin,benin,"0.604000000000000","44562","5200.000000000000000","856.961999999999989","3","31.406976744186046","3.000000000000000","0.128","0.233","0.081","0.593","0.256","0.035","0.116","0.593","0.686","0.523","0.523","0.000000000000000","0"
Aguegues,Aguegues,Oueme,Benin,benin,"0.604000000000000","44562","5200.000000000000000","856.961999999999989","3","31.406976744186046","3.000000000000000","0.128","0.233","0.081","0.593","0.256","0.035","0.116","0.593","0.686","0.523","0.523","0.000000000000000","0"
Aguegues,Aguegues,Oueme,Benin,benin,"0.604000000000000","44562","5200.000000000000000","856.961999999999989","3","31.406976744186046","3.000000000000000","0.128","0.233","0.081","0.593","0.256","0.035","0.116","0.593","0.686","0.523","0.523","0.000000000000000","0"
Aguegues,Aguegues,Oueme,Benin,benin,"0.604000000000000","44562","5200.000000000000000","856.961999999999989","3","31.406976744186046","3.000000000000000","0.128","0.233","0.081","0.593","0.256","0.035","0.116","0.593","0.686","0.523","0.523","0.000000000000000","0"
Aguegues,Aguegues,Oueme,Benin,benin,"0.604000000000000","44562","5200.000000000000000","856.961999999999989","3","31.406976744186046","3.000000000000000","0.128","0.233","0.081","0.593","0.256","0.035","0.116","0.593","0.686","0.523","0.523","0.000000000000000","0"
Boukoumbe,Boukoumbe,Atakora,Benin,benin,"0.014000000000000","82450","103600.000000000000000","79.584999999999994","1","32.673796791443849","5.000000000000000","0.829","0.027","0.011","0.513","0.235","0.016","0.011","0.455","0.316","0.278","0.471","0.000000000000000","1"
Toukountouna,Toukountouna,Atakora,Benin,benin,"0.012000000000000","39779","100000.000000000000000","39.779000000000003","1","30.952380952380953","4.000000000000000","0.587","0.079","0.095","0.444","0.444","0.032","0.000","0.460","0.413","0.270","0.492","0.000000000000000","0"
Abomey-calavi,Abomey-calavi,Atlantique,Benin,benin,"0.166000000000000","656358","65000.000000000000000","1009.782000000000039","3","33.148564997186270","5.000000000000000","0.003","0.190","0.106","0.239","0.412","0.146","0.003","0.488","0.624","0.374","0.473","0.000000000000000","0"
Abomey-calavi,Abomey-calavi,Atlantique,Benin,benin,"0.166000000000000","656358","65000.000000000000000","1009.782000000000039","3","33.148564997186270","5.000000000000000","0.003","0.190","0.106","0.239","0.412","0.146","0.003","0.488","0.624","0.374","0.473","0.000000000000000","0"
Abomey-calavi,Abomey-calavi,Atlantique,Benin,benin,"0.166000000000000","656358","65000.000000000000000","1009.782000000000039","3","33.148564997186270","5.000000000000000","0.003","0.190","0.106","0.239","0.412","0.146","0.003","0.488","0.624","0.374","0.473","0.000000000000000","0"
Abomey-calavi,Abomey-calavi,Atlantique,Benin,benin,"0.166000000000000","656358","65000.000000000000000","1009.782000000000039","3","33.148564997186270","5.000000000000000","0.003","0.190","0.106","0.239","0.412","0.146","0.003","0.488","0.624","0.374","0.473","0.000000000000000","0"
Abomey-calavi,Abomey-calavi,Atlantique,Benin,benin,"0.166000000000000","656358","65000.000000000000000","1009.782000000000039","3","33.148564997186270","5.000000000000000","0.003","0.190","0.106","0.239","0.412","0.146","0.003","0.488","0.624","0.374","0.473","0.000000000000000","0"
So-ava,So-ava,Atlantique,Benin,benin,"0.255000000000000","118547","21800.000000000000000","543.793999999999983","3","33.724409448818896","3.000000000000000","0.000","0.276","0.094","0.724","0.173","0.016","0.213","0.591","0.693","0.598","0.480","0.000000000000000","0"
So-ava,So-ava,Atlantique,Benin,benin,"0.255000000000000","118547","21800.000000000000000","543.793999999999983","3","33.724409448818896","3.000000000000000","0.000","0.276","0.094","0.724","0.173","0.016","0.213","0.591","0.693","0.598","0.480","0.000000000000000","0"
So-ava,So-ava,Atlantique,Benin,benin,"0.255000000000000","118547","21800.000000000000000","543.793999999999983","3","33.724409448818896","3.000000000000000","0.000","0.276","0.094","0.724","0.173","0.016","0.213","0.591","0.693","0.598","0.480","0.000000000000000","0"
Tori-bossito,Tori-bossito,Atlantique,Benin,benin,"0.034000000000000","57632","26300.000000000000000","219.133000000000010","2","31.775280898876403","5.000000000000000","0.326","0.090","0.135","0.551","0.270","0.011","0.000","0.416","0.652","0.416","0.449","0.000000000000000","0"
Ndali,Ndali,Borgou,Benin,benin,"0.007000000000000","113604","374800.000000000000000","30.311000000000000","1","30.955445544554458","5.000000000000000","0.376","0.054","0.129","0.579","0.233","0.020","0.005","0.470","0.559","0.436","0.535","0.000000000000000","0"
Dassa,Dassa,Collines,Benin,benin,"0.003000000000000","132533","195560.000000000000000","67.771000000000001","1","31.625714285714285","5.000000000000000","0.357","0.106","0.094","0.526","0.277","0.009","0.037","0.374","0.503","0.417","0.517","0.000000000000000","0"
Djakotome,Djakotome,Couffo,Benin,benin,"0.063000000000000","134028","32500.000000000000000","412.394000000000005","2","33.635359116022101","5.000000000000000","0.575","0.138","0.050","0.514","0.232","0.000","0.000","0.293","0.691","0.569","0.381","0.000000000000000","1"
Dogbo-tota,Dogbo-tota,Couffo,Benin,benin,"0.157000000000000","103057","30000.000000000000000","343.523000000000025","2","32.696551724137933","5.000000000000000","0.414","0.124","0.152","0.455","0.352","0.021","0.014","0.393","0.600","0.503","0.407","0.000000000000000","1"
Kopargo,Kopargo,Donga,Benin,benin,"0.007000000000000","70938","87600.000000000000000","80.978999999999999","1","33.256637168141594","3.000000000000000","0.460","0.097","0.049","0.655","0.212","0.009","0.009","0.420","0.473","0.429","0.487","0.000000000000000","1"
Grand-popo,Grand-popo,Mono,Benin,benin,"0.069000000000000","57636","28900.000000000000000","199.432999999999993","2","35.340782122905026","5.000000000000000","0.112","0.184","0.184","0.369","0.341","0.028","0.028","0.363","0.626","0.503","0.419","0.000000000000000","0"
Grand-popo,Grand-popo,Mono,Benin,benin,"0.069000000000000","57636","28900.000000000000000","199.432999999999993","2","35.340782122905026","5.000000000000000","0.112","0.184","0.184","0.369","0.341","0.028","0.028","0.363","0.626","0.503","0.419","0.000000000000000","0"
Grand-popo,Grand-popo,Mono,Benin,benin,"0.069000000000000","57636","28900.000000000000000","199.432999999999993","2","35.340782122905026","5.000000000000000","0.112","0.184","0.184","0.369","0.341","0.028","0.028","0.363","0.626","0.503","0.419","0.000000000000000","0"
Grand-popo,Grand-popo,Mono,Benin,benin,"0.069000000000000","57636","28900.000000000000000","199.432999999999993","2","35.340782122905026","5.000000000000000","0.112","0.184","0.184","0.369","0.341","0.028","0.028","0.363","0.626","0.503","0.419","0.000000000000000","0"
Grand-popo,Grand-popo,Mono,Benin,benin,"0.069000000000000","57636","28900.000000000000000","199.432999999999993","2","35.340782122905026","5.000000000000000","0.112","0.184","0.184","0.369","0.341","0.028","0.028","0.363","0.626","0.503","0.419","0.000000000000000","0"
Grand-popo,Grand-popo,Mono,Benin,benin,"0.069000000000000","57636","28900.000000000000000","199.432999999999993","2","35.340782122905026","5.000000000000000","0.112","0.184","0.184","0.369","0.341","0.028","0.028","0.363","0.626","0.503","0.419","0.000000000000000","0"
Grand-popo,Grand-popo,Mono,Benin,benin,"0.069000000000000","57636","28900.000000000000000","199.432999999999993","2","35.340782122905026","5.000000000000000","0.112","0.184","0.184","0.369","0.341","0.028","0.028","0.363","0.626","0.503","0.419","0.000000000000000","0"
Grand-popo,Grand-popo,Mono,Benin,benin,"0.069000000000000","57636","28900.000000000000000","199.432999999999993","2","35.340782122905026","5.000000000000000","0.112","0.184","0.184","0.369","0.341","0.028","0.028","0.363","0.626","0.503","0.419","0.000000000000000","0"
Grand-popo,Grand-popo,Mono,Benin,benin,"0.069000000000000","57636","28900.000000000000000","199.432999999999993","2","35.340782122905026","5.000000000000000","0.112","0.184","0.184","0.369","0.341","0.028","0.028","0.363","0.626","0.503","0.419","0.000000000000000","0"
Grand-popo,Grand-popo,Mono,Benin,benin,"0.069000000000000","57636","28900.000000000000000","199.432999999999993","2","35.340782122905026","5.000000000000000","0.112","0.184","0.184","0.369","0.341","0.028","0.028","0.363","0.626","0.503","0.419","0.000000000000000","0"
Grand-popo,Grand-popo,Mono,Benin,benin,"0.069000000000000","57636","28900.000000000000000","199.432999999999993","2","35.340782122905026","5.000000000000000","0.112","0.184","0.184","0.369","0.341","0.028","0.028","0.363","0.626","0.503","0.419","0.000000000000000","0"
Grand-popo,Grand-popo,Mono,Benin,benin,"0.069000000000000","57636","28900.000000000000000","199.432999999999993","2","35.340782122905026","5.000000000000000","0.112","0.184","0.184","0.369","0.341","0.028","0.028","0.363","0.626","0.503","0.419","0.000000000000000","0"
Grand-popo,Grand-popo,Mono,Benin,benin,"0.069000000000000","57636","28900.000000000000000","199.432999999999993","2","35.340782122905026","5.000000000000000","0.112","0.184","0.184","0.369","0.341","0.028","0.028","0.363","0.626","0.503","0.419","0.000000000000000","0"
Grand-popo,Grand-popo,Mono,Benin,benin,"0.069000000000000","57636","28900.000000000000000","199.432999999999993","2","35.340782122905026","5.000000000000000","0.112","0.184","0.184","0.369","0.341","0.028","0.028","0.363","0.626","0.503","0.419","0.000000000000000","0"
Grand-popo,Grand-popo,Mono,Benin,benin,"0.069000000000000","57636","28900.000000000000000","199.432999999999993","2","35.340782122905026","5.000000000000000","0.112","0.184","0.184","0.369","0.341","0.028","0.028","0.363","0.626","0.503","0.419","0.000000000000000","0"
Grand-popo,Grand-popo,Mono,Benin,benin,"0.069000000000000","57636","28900.000000000000000","199.432999999999993","2","35.340782122905026","5.000000000000000","0.112","0.184","0.184","0.369","0.341","0.028","0.028","0.363","0.626","0.503","0.419","0.000000000000000","0"
Grand-popo,Grand-popo,Mono,Benin,benin,"0.069000000000000","57636","28900.000000000000000","199.432999999999993","2","35.340782122905026","5.000000000000000","0.112","0.184","0.184","0.369","0.341","0.028","0.028","0.363","0.626","0.503","0.419","0.000000000000000","0"
Grand-popo,Grand-popo,Mono,Benin,benin,"0.069000000000000","57636","28900.000000000000000","199.432999999999993","2","35.340782122905026","5.000000000000000","0.112","0.184","0.184","0.369","0.341","0.028","0.028","0.363","0.626","0.503","0.419","0.000000000000000","0"
Grand-popo,Grand-popo,Mono,Benin,benin,"0.069000000000000","57636","28900.000000000000000","199.432999999999993","2","35.340782122905026","5.000000000000000","0.112","0.184","0.184","0.369","0.341","0.028","0.028","0.363","0.626","0.503","0.419","0.000000000000000","0"
Grand-popo,Grand-popo,Mono,Benin,benin,"0.069000000000000","57636","28900.000000000000000","199.432999999999993","2","35.340782122905026","5.000000000000000","0.112","0.184","0.184","0.369","0.341","0.028","0.028","0.363","0.626","0.503","0.419","0.000000000000000","0"
Grand-popo,Grand-popo,Mono,Benin,benin,"0.069000000000000","57636","28900.000000000000000","199.432999999999993","2","35.340782122905026","5.000000000000000","0.112","0.184","0.184","0.369","0.341","0.028","0.028","0.363","0.626","0.503","0.419","0.000000000000000","0"
Grand-popo,Grand-popo,Mono,Benin,benin,"0.069000000000000","57636","28900.000000000000000","199.432999999999993","2","35.340782122905026","5.000000000000000","0.112","0.184","0.184","0.369","0.341","0.028","0.028","0.363","0.626","0.503","0.419","0.000000000000000","0"
Grand-popo,Grand-popo,Mono,Benin,benin,"0.069000000000000","57636","28900.000000000000000","199.432999999999993","2","35.340782122905026","5.000000000000000","0.112","0.184","0.184","0.369","0.341","0.028","0.028","0.363","0.626","0.503","0.419","0.000000000000000","0"
Grand-popo,Grand-popo,Mono,Benin,benin,"0.069000000000000","57636","28900.000000000000000","199.432999999999993","2","35.340782122905026","5.000000000000000","0.112","0.184","0.184","0.369","0.341","0.028","0.028","0.363","0.626","0.503","0.419","0.000000000000000","0"
Grand-popo,Grand-popo,Mono,Benin,benin,"0.069000000000000","57636","28900.000000000000000","199.432999999999993","2","35.340782122905026","5.000000000000000","0.112","0.184","0.184","0.369","0.341","0.028","0.028","0.363","0.626","0.503","0.419","0.000000000000000","0"
Grand-popo,Grand-popo,Mono,Benin,benin,"0.069000000000000","57636","28900.000000000000000","199.432999999999993","2","35.340782122905026","5.000000000000000","0.112","0.184","0.184","0.369","0.341","0.028","0.028","0.363","0.626","0.503","0.419","0.000000000000000","0"
Adjara,Adjara,Oueme,Benin,benin,"0.552000000000000","97424","5000.000000000000000","1948.480000000000018","3","32.384057971014492","3.000000000000000","0.007","0.210","0.192","0.236","0.431","0.094","0.007","0.413","0.793","0.529","0.471","0.000000000000000","1"
Akpro-misserete,Akpro-misserete,Oueme,Benin,benin,"0.364000000000000","127249","7900.000000000000000","1610.747000000000071","3","32.567073170731710","5.000000000000000","0.012","0.146","0.122","0.396","0.348","0.085","0.012","0.537","0.598","0.378","0.463","0.000000000000000","0"
Porto-novo,Porto-novo,Oueme,Benin,benin,"0.989000000000000","264320","6000.000000000000000","4405.332999999999629","3","33.258333333333333","5.000000000000000","0.002","0.213","0.102","0.233","0.402","0.129","0.006","0.413","0.617","0.431","0.458","13.000000000000000","0"
Seme-kpodji,Seme-kpodji,Oueme,Benin,benin,"1.000000000000000","222701","22000.000000000000000","1012.277000000000044","3","32.500000000000000","5.000000000000000","0.006","0.194","0.117","0.263","0.411","0.122","0.014","0.477","0.623","0.445","0.477","11.000000000000000","1"
Adja-ouere,Adja-ouere,Plateau,Benin,benin,"0.000000000000000","116282","53000.000000000000000","219.400000000000006","2","32.161825726141082","5.000000000000000","0.237","0.137","0.207","0.473","0.216","0.025","0.000","0.419","0.739","0.539","0.456","0.000000000000000","1"
Za-kpota,Za-kpota,Zou,Benin,benin,"0.165000000000000","132818","60000.000000000000000","221.363000000000000","2","31.115226337448561","5.000000000000000","0.136","0.165","0.251","0.708","0.111","0.004","0.016","0.329","0.802","0.477","0.473","0.000000000000000","0"
Zangnanado,Zangnanado,Zou,Benin,benin,"0.019000000000000","55061","40000.000000000000000","137.652999999999992","1","32.170731707317074","5.000000000000000","0.110","0.256","0.220","0.573","0.244","0.000","0.037","0.488","0.720","0.476","0.427","0.000000000000000","0"
Ambsouya,Oubritenga,Plateau-Central,Burkina Faso,burkina,"0.005000000000000","35237","30494.000000000000000","115.554000000000002","1","34.131147540983605","1.000000000000000","0.525","0.066","0.049","0.902","0.000","0.000","0.033","0.164","0.738","0.459","0.279","0.000000000000000","0"
Andemtenga,Kourittenga,Centre-Est,Burkina Faso,burkina,"0.074000000000000","69428","70004.000000000000000","99.177000000000007","1","31.281250000000000","2.000000000000000","0.719","0.063","0.031","0.813","0.125","0.000","0.000","0.250","0.844","0.813","0.313","0.000000000000000","0"
Arbollé,Passoré,Nord,Burkina Faso,burkina,"0.010000000000000","60270","64243.000000000000000","93.816000000000003","1","33.680000000000000","2.000000000000000","0.760","0.020","0.000","0.860","0.060","0.000","0.000","0.120","0.800","0.800","0.440","0.000000000000000","0"
Bagassi,Balé,Boucle du Mouhoun,Burkina Faso,burkina,"0.019000000000000","42424","63830.000000000000000","66.463999999999999","1","30.563492063492063","5.000000000000000","0.405","0.016","0.016","0.690","0.119","0.000","0.048","0.397","0.500","0.476","0.524","0.000000000000000","0"
Bakata,Ziro,Centre-Ouest,Burkina Faso,burkina,"0.000000000000000","32480","62304.000000000000000","52.131000000000000","1","34.583333333333336","3.000000000000000","0.333","0.028","0.056","0.778","0.056","0.000","0.000","0.167","0.500","0.417","0.500","0.000000000000000","0"
Bama,Houet,Hauts-Bassins,Burkina Faso,burkina,"0.029000000000000","85834","130810.000000000000000","65.617000000000004","1","33.571428571428569","1.000000000000000","0.714","0.061","0.061","0.673","0.163","0.000","0.000","0.184","0.878","0.327","0.429","0.000000000000000","0"
Bana,Balé,Boucle du Mouhoun,Burkina Faso,burkina,"0.001000000000000","37915","43045.000000000000000","88.081999999999994","1","31.500000000000000","1.000000000000000","0.352","0.074","0.037","0.796","0.148","0.000","0.000","0.537","0.481","0.389","0.500","0.000000000000000","1"
Bané,Boulgou,Centre-Est,Burkina Faso,burkina,"0.052000000000000","34507","45102.000000000000000","76.509000000000000","1","31.794871794871796","1.000000000000000","0.846","0.051","0.000","0.769","0.154","0.000","0.000","0.436","0.897","0.615","0.308","0.000000000000000","0"
Banfora,Comoé,Cascades,Burkina Faso,burkina,"0.396000000000000","160302","93529.000000000000000","171.393000000000001","2","32.041487839771101","5.000000000000000","0.288","0.100","0.102","0.494","0.340","0.020","0.010","0.368","0.678","0.441","0.451","8.000000000000000","0"
Bani,Séno,Sahel,Burkina Faso,burkina,"0.007000000000000","88913","160820.000000000000000","55.286999999999999","1","32.666666666666664","2.000000000000000","0.040","0.107","0.080","0.760","0.160","0.013","0.053","0.493","0.667","0.453","0.493","0.000000000000000","0"
Banzon,Kénédougou,Hauts-Bassins,Burkina Faso,burkina,"0.005000000000000","20054","11342.000000000000000","176.812000000000012","2","32.695652173913047","2.000000000000000","0.239","0.000","0.000","0.783","0.152","0.000","0.000","0.435","0.283","0.239","0.457","0.000000000000000","0"
Baskouré,Kourittenga,Centre-Est,Burkina Faso,burkina,"0.081000000000000","15889","7077.600000000000364","224.497000000000014","2","34.625000000000000","2.000000000000000","0.625","0.000","0.000","0.500","0.344","0.031","0.000","0.469","0.781","0.594","0.438","0.000000000000000","0"
Batié,Noumbiel,Sud-Ouest,Burkina Faso,burkina,"0.000000000000000","44526","128900.000000000000000","34.542999999999999","1","30.916129032258070","3.000000000000000","0.284","0.019","0.058","0.594","0.245","0.039","0.019","0.452","0.503","0.381","0.465","0.000000000000000","1"
Béguédo,Boulgou,Centre-Est,Burkina Faso,burkina,"0.042000000000000","28094","3407.500000000000000","824.475000000000023","3","30.750000000000000","2.000000000000000","0.000","0.500","0.000","0.179","0.429","0.036","0.000","0.714","0.643","0.429","0.393","1.000000000000000","0"
Béréba,Tuy,Hauts-Bassins,Burkina Faso,burkina,"0.057000000000000","31264","58805.000000000000000","53.165999999999997","1","33.246575342465754","3.000000000000000","0.233","0.027","0.041","0.699","0.205","0.000","0.000","0.425","0.384","0.315","0.521","0.000000000000000","0"
Bérégadougou,Comoé,Cascades,Burkina Faso,burkina,"0.050000000000000","15164","28647.000000000000000","52.933999999999997","1","33.479999999999997","3.000000000000000","0.200","0.020","0.230","0.380","0.420","0.020","0.000","0.360","0.540","0.280","0.440","0.000000000000000","0"
Bieha,Sissili,Centre-Ouest,Burkina Faso,burkina,"0.003000000000000","52733","174750.000000000000000","30.175999999999998","1","33.048780487804876","1.000000000000000","0.732","0.024","0.000","0.537","0.244","0.000","0.000","0.415","0.829","0.780","0.463","0.000000000000000","1"
Bilanga,Gnagna,Est,Burkina Faso,burkina,"0.000000000000000","139905","211650.000000000000000","66.102000000000004","1","30.656250000000000","2.000000000000000","0.625","0.000","0.000","0.906","0.063","0.000","0.000","0.375","0.625","0.625","0.406","0.000000000000000","0"
Bindé,Zoundwéogo,Centre-Sud,Burkina Faso,burkina,"0.050000000000000","42789","50376.000000000000000","84.938999999999993","1","33.774999999999999","2.000000000000000","0.425","0.075","0.000","0.750","0.175","0.000","0.050","0.175","0.575","0.500","0.475","0.000000000000000","0"
Bitou,Boulgou,Centre-Est,Burkina Faso,burkina,"0.005000000000000","102394","134480.000000000000000","76.141000000000005","1","31.276119402985078","2.000000000000000","0.545","0.052","0.052","0.687","0.201","0.007","0.000","0.388","0.813","0.575","0.470","0.000000000000000","1"
Boala,Namentenga,Centre-Nord,Burkina Faso,burkina,"0.000000000000000","38224","38529.000000000000000","99.207999999999998","1","33.513513513513516","3.000000000000000","0.392","0.054","0.027","0.824","0.081","0.000","0.054","0.270","0.595","0.581","0.324","0.000000000000000","0"
Bobo-Dioulasso,Houet,Hauts-Bassins,Burkina Faso,burkina,"0.613000000000000","984603","180600.000000000000000","545.183999999999969","3","31.944562899786781","4.000000000000000","0.013","0.190","0.095","0.349","0.383","0.066","0.003","0.459","0.528","0.251","0.479","31.000000000000000","0"
Bogandé,Gnagna,Est,Burkina Faso,burkina,"0.124000000000000","128943","151240.000000000000000","85.257000000000005","1","30.052356020942408","3.000000000000000","0.476","0.021","0.010","0.644","0.236","0.005","0.031","0.471","0.628","0.550","0.487","1.000000000000000","0"
Boken,Passoré,Nord,Burkina Faso,burkina,"0.005000000000000","81194","79680.000000000000000","101.900000000000006","1","31.734693877551020","2.000000000000000","0.633","0.020","0.000","0.571","0.245","0.000","0.000","0.184","0.694","0.673","0.449","0.000000000000000","0"
Bomborokui,Kossi,Boucle du Mouhoun,Burkina Faso,burkina,"0.000000000000000","19904","44233.000000000000000","44.997999999999998","1","32.538461538461540","5.000000000000000","0.654","0.000","0.019","0.808","0.058","0.000","0.019","0.288","0.712","0.654","0.481","0.000000000000000","0"
Bondokui,Mouhoun,Boucle du Mouhoun,Burkina Faso,burkina,"0.005000000000000","62214","107410.000000000000000","57.921999999999997","1","31.878787878787879","2.000000000000000","0.061","0.061","0.152","0.697","0.152","0.000","0.030","0.212","0.364","0.273","0.424","0.000000000000000","0"
Boromo,Balé,Boucle du Mouhoun,Burkina Faso,burkina,"0.287000000000000","40229","96230.000000000000000","41.805000000000000","1","32.317647058823532","2.000000000000000","0.141","0.106","0.247","0.447","0.306","0.024","0.000","0.471","0.706","0.529","0.412","4.000000000000000","0"
Boudri,Ganzourgou,Plateau-Central,Burkina Faso,burkina,"0.030000000000000","123131","106460.000000000000000","115.659000000000006","1","34.827586206896555","2.000000000000000","0.328","0.121","0.017","0.741","0.103","0.000","0.000","0.552","0.862","0.793","0.345","0.000000000000000","0"
Boulsa,Namentenga,Centre-Nord,Burkina Faso,burkina,"0.004000000000000","113416","116220.000000000000000","97.587000000000003","1","32.596244131455400","2.000000000000000","0.427","0.061","0.005","0.676","0.183","0.000","0.009","0.305","0.568","0.488","0.390","0.000000000000000","0"
Boura,Sissili,Centre-Ouest,Burkina Faso,burkina,"0.002000000000000","62663","194410.000000000000000","32.231999999999999","1","36.666666666666664","1.000000000000000","0.556","0.028","0.028","0.389","0.194","0.028","0.000","0.583","0.611","0.611","0.417","0.000000000000000","1"
Bouroum-Bouroum,Poni,Sud-Ouest,Burkina Faso,burkina,"0.039000000000000","13939","28707.000000000000000","48.555999999999997","1","36.031250000000000","3.000000000000000","0.344","0.031","0.125","0.594","0.313","0.000","0.000","0.375","0.656","0.563","0.438","0.000000000000000","0"
Bouroum-Bouroum,Poni,Sud-Ouest,Burkina Faso,burkina,"0.039000000000000","13939","28707.000000000000000","48.555999999999997","1","36.031250000000000","3.000000000000000","0.344","0.031","0.125","0.594","0.313","0.000","0.000","0.375","0.656","0.563","0.438","0.000000000000000","0"
Bouroum-Bouroum,Poni,Sud-Ouest,Burkina Faso,burkina,"0.039000000000000","13939","28707.000000000000000","48.555999999999997","1","36.031250000000000","3.000000000000000","0.344","0.031","0.125","0.594","0.313","0.000","0.000","0.375","0.656","0.563","0.438","0.000000000000000","0"
Bourzanga,Bam,Centre-Nord,Burkina Faso,burkina,"0.005000000000000","103266","107250.000000000000000","96.284999999999997","1","31.071428571428573","2.000000000000000","0.071","0.018","0.054","0.625","0.268","0.000","0.000","0.339","0.321","0.161","0.357","0.000000000000000","0"
Boussé,Kourwéogo,Plateau-Central,Burkina Faso,burkina,"0.030000000000000","58643","45424.000000000000000","129.100999999999999","1","32.077272727272728","3.000000000000000","0.200","0.086","0.059","0.509","0.341","0.023","0.009","0.332","0.450","0.336","0.418","0.000000000000000","0"
Bousséra,Poni,Sud-Ouest,Burkina Faso,burkina,"0.018000000000000","18133","42767.000000000000000","42.399999999999999","1","37.185185185185183","3.000000000000000","0.537","0.000","0.093","0.778","0.167","0.000","0.000","0.315","0.667","0.630","0.426","0.000000000000000","1"
Boussou,Zondoma,Nord,Burkina Faso,burkina,"0.010000000000000","32993","49892.000000000000000","66.129000000000005","1","33.088888888888889","2.000000000000000","0.467","0.133","0.089","0.444","0.200","0.000","0.000","0.467","0.711","0.667","0.444","0.000000000000000","0"
Boussouma,Boulgou,Centre-Est,Burkina Faso,burkina,"0.031000000000000","142145","115545.000000000000000","123.021000000000001","1","37.169491525423730","1.000000000000000","0.458","0.000","0.000","0.814","0.085","0.000","0.186","0.644","0.661","0.610","0.407","0.000000000000000","0"
Boussouma,Sanmatenga,Centre-Nord,Burkina Faso,burkina,"0.031000000000000","142145","115545.000000000000000","123.021000000000001","1","37.169491525423730","1.000000000000000","0.458","0.000","0.000","0.814","0.085","0.000","0.186","0.644","0.661","0.610","0.407","0.000000000000000","0"
Dakôrô,Léraba,Cascades,Burkina Faso,burkina,"0.012000000000000","18003","41513.000000000000000","43.366999999999997","1","31.574074074074073","2.000000000000000","0.185","0.037","0.000","0.759","0.074","0.000","0.000","0.481","0.204","0.204","0.500","0.000000000000000","1"
Dandé,Houet,Hauts-Bassins,Burkina Faso,burkina,"0.001000000000000","22054","23854.000000000000000","92.453999999999994","1","35.590163934426229","1.000000000000000","0.525","0.016","0.000","0.770","0.180","0.000","0.082","0.311","0.623","0.328","0.459","0.000000000000000","0"
Dano,Ioba,Sud-Ouest,Burkina Faso,burkina,"0.199000000000000","64237","65176.000000000000000","98.558999999999997","1","33.270408163265309","3.000000000000000","0.352","0.112","0.082","0.500","0.321","0.020","0.000","0.566","0.582","0.454","0.439","2.000000000000000","0"
Dassa,Sanguié,Centre-Ouest,Burkina Faso,burkina,"0.022000000000000","132533","195560.000000000000000","67.771000000000001","1","31.625714285714285","5.000000000000000","0.357","0.106","0.094","0.526","0.277","0.009","0.037","0.374","0.503","0.417","0.517","0.000000000000000","0"
Dédougou,Mouhoun,Boucle du Mouhoun,Burkina Faso,burkina,"0.411000000000000","123973","135350.000000000000000","91.593999999999994","1","30.981012658227847","5.000000000000000","0.089","0.111","0.079","0.285","0.491","0.076","0.003","0.399","0.516","0.263","0.481","9.000000000000000","0"
Diabo,Gourma,Est,Burkina Faso,burkina,"0.008000000000000","93224","108509.000000000000000","85.914000000000001","1","35.372448979591837","3.000000000000000","0.597","0.031","0.005","0.679","0.204","0.005","0.000","0.316","0.628","0.454","0.434","0.000000000000000","0"
Dialgaye,Kourittenga,Centre-Est,Burkina Faso,burkina,"0.096000000000000","54073","37850.000000000000000","142.860999999999990","1","34.448275862068968","2.000000000000000","0.793","0.000","0.000","0.552","0.241","0.000","0.000","0.586","0.828","0.448","0.448","0.000000000000000","0"
Diapangou,Gourma,Est,Burkina Faso,burkina,"0.005000000000000","34087","46324.000000000000000","73.584000000000003","1","34.276018099547514","3.000000000000000","0.475","0.027","0.000","0.769","0.163","0.000","0.014","0.462","0.543","0.407","0.385","0.000000000000000","0"
Diapangou,Gourma,Est,Burkina Faso,burkina,"0.005000000000000","34087","46324.000000000000000","73.584000000000003","1","34.276018099547514","3.000000000000000","0.475","0.027","0.000","0.769","0.163","0.000","0.014","0.462","0.543","0.407","0.385","0.000000000000000","0"
Diébougou,Bougouriba,Sud-Ouest,Burkina Faso,burkina,"0.129000000000000","73816","92182.000000000000000","80.075999999999993","1","31.849462365591396","3.000000000000000","0.151","0.102","0.113","0.452","0.355","0.005","0.005","0.516","0.608","0.387","0.468","0.000000000000000","0"
Dissihn,Ioba,Sud-Ouest,Burkina Faso,burkina,"0.021000000000000","45578","38984.000000000000000","116.915000000000006","1","33.814814814814817","3.000000000000000","0.741","0.000","0.000","0.741","0.148","0.000","0.000","0.556","0.630","0.630","0.519","0.000000000000000","1"
Djibasso,Kossi,Boucle du Mouhoun,Burkina Faso,burkina,"0.000000000000000","63283","85651.000000000000000","73.885000000000005","1","31.446601941747574","2.000000000000000","0.087","0.117","0.029","0.689","0.204","0.010","0.019","0.476","0.427","0.369","0.427","0.000000000000000","1"
Djibo,Soum,Sahel,Burkina Faso,burkina,"0.000000000000000","83211","102010.000000000000000","81.570999999999998","1","31.598837209302324","2.000000000000000","0.116","0.006","0.037","0.828","0.070","0.000","0.004","0.525","0.300","0.231","0.461","0.000000000000000","0"
Dori,Séno,Sahel,Burkina Faso,burkina,"0.248000000000000","180559","248610.000000000000000","72.626999999999995","1","31.341430499325234","2.000000000000000","0.032","0.080","0.065","0.696","0.217","0.011","0.061","0.464","0.421","0.233","0.494","3.000000000000000","0"
Doulougou,Bazèga,Centre-Sud,Burkina Faso,burkina,"0.038000000000000","30155","54270.000000000000000","55.564999999999998","1","34.629629629629626","3.000000000000000","0.556","0.019","0.019","0.648","0.185","0.000","0.000","0.222","0.667","0.648","0.389","0.000000000000000","0"
Douna,Léraba,Cascades,Burkina Faso,burkina,"0.062000000000000","14195","17397.000000000000000","81.594999999999999","1","31.941176470588236","2.000000000000000","0.235","0.029","0.059","0.559","0.324","0.000","0.059","0.588","0.441","0.382","0.441","0.000000000000000","0"
Fada-Ngourma,Gourma,Est,Burkina Faso,burkina,"0.248000000000000","187692","342930.000000000000000","54.731999999999999","1","31.256232686980606","5.000000000000000","0.166","0.053","0.060","0.486","0.359","0.032","0.007","0.391","0.479","0.298","0.446","3.000000000000000","0"
Fara,Balé,Boucle du Mouhoun,Burkina Faso,burkina,"0.010000000000000","61001","72762.000000000000000","83.835999999999999","1","29.871794871794872","3.000000000000000","0.410","0.026","0.000","0.872","0.051","0.000","0.000","0.359","0.436","0.436","0.410","0.000000000000000","0"
Fo,Houet,Hauts-Bassins,Burkina Faso,burkina,"0.003000000000000","22471","40158.000000000000000","55.956000000000003","1","31.719298245614038","3.000000000000000","0.632","0.000","0.018","0.807","0.123","0.000","0.000","0.281","0.649","0.158","0.368","0.000000000000000","0"
Founzan,Tuy,Hauts-Bassins,Burkina Faso,burkina,"0.029000000000000","43725","79853.000000000000000","54.756999999999998","1","30.769230769230774","2.000000000000000","0.179","0.128","0.051","0.769","0.154","0.000","0.000","0.538","0.538","0.385","0.462","0.000000000000000","0"
Gaô,Ziro,Centre-Ouest,Burkina Faso,burkina,"0.000000000000000","26453","57756.000000000000000","45.801000000000002","1","30.777777777777779","2.000000000000000","0.644","0.022","0.067","0.867","0.044","0.000","0.022","0.267","0.778","0.778","0.511","0.000000000000000","0"
Gaongo,Bazèga,Centre-Sud,Burkina Faso,burkina,"0.028000000000000","35765","62493.000000000000000","57.229999999999997","1","33.000000000000000","2.000000000000000","0.663","0.034","0.000","0.910","0.045","0.000","0.022","0.438","0.753","0.708","0.404","0.000000000000000","0"
Gaoua,Poni,Sud-Ouest,Burkina Faso,burkina,"0.287000000000000","78081","78014.000000000000000","100.085999999999999","1","31.973509933774835","5.000000000000000","0.099","0.109","0.089","0.490","0.374","0.040","0.003","0.430","0.510","0.265","0.444","4.000000000000000","0"
Garango,Boulgou,Centre-Est,Burkina Faso,burkina,"0.235000000000000","91188","44502.000000000000000","204.907999999999987","2","32.986394557823132","2.000000000000000","0.361","0.075","0.095","0.503","0.299","0.007","0.054","0.503","0.769","0.585","0.415","2.000000000000000","0"
Gassan,Nayala,Boucle du Mouhoun,Burkina Faso,burkina,"0.006000000000000","44139","103030.000000000000000","42.841000000000001","1","33.255813953488371","2.000000000000000","0.256","0.070","0.047","0.488","0.209","0.000","0.000","0.465","0.419","0.395","0.535","0.000000000000000","0"
Gayéri,Komandjari,Est,Burkina Faso,burkina,"0.000000000000000","76218","289350.000000000000000","26.341000000000001","1","30.832061068702291","5.000000000000000","0.374","0.107","0.031","0.710","0.168","0.008","0.015","0.344","0.573","0.489","0.466","0.000000000000000","0"
Gbondjigui,Bougouriba,Sud-Ouest,Burkina Faso,burkina,"0.006000000000000","29523","76502.000000000000000","38.591000000000001","1","35.682926829268290","3.000000000000000","0.317","0.024","0.098","0.512","0.220","0.000","0.000","0.463","0.488","0.439","0.512","0.000000000000000","0"
Godyr,Sanguié,Centre-Ouest,Burkina Faso,burkina,"0.007000000000000","23824","24718.000000000000000","96.382999999999996","1","37.064516129032256","3.000000000000000","0.742","0.000","0.000","0.774","0.129","0.000","0.000","0.290","0.742","0.742","0.323","0.000000000000000","0"
Gogo,Zoundwéogo,Centre-Sud,Burkina Faso,burkina,"0.036000000000000","73128","168000.000000000000000","43.529000000000003","1","33.989690721649481","5.000000000000000","0.567","0.124","0.010","0.825","0.072","0.000","0.041","0.505","0.608","0.567","0.526","0.000000000000000","1"
Gomboussougou,Zoundwéogo,Centre-Sud,Burkina Faso,burkina,"0.011000000000000","70710","78163.000000000000000","90.465000000000003","1","31.699999999999999","2.000000000000000","0.283","0.250","0.067","0.567","0.217","0.000","0.000","0.533","0.733","0.667","0.450","0.000000000000000","0"
Gomponsom,Passoré,Nord,Burkina Faso,burkina,"0.033000000000000","144835","100260.000000000000000","144.459000000000003","1","33.212765957446805","3.000000000000000","0.468","0.000","0.000","0.702","0.085","0.000","0.043","0.298","0.553","0.447","0.383","0.000000000000000","0"
Gounguen,Kourittenga,Centre-Est,Burkina Faso,burkina,"0.035000000000000","46379","41746.000000000000000","111.097999999999999","1","37.172413793103445","3.000000000000000","0.724","0.000","0.000","0.690","0.310","0.000","0.000","0.241","0.724","0.448","0.276","1.000000000000000","0"
Goursi,Zondoma,Nord,Burkina Faso,burkina,"0.013000000000000","117761","77280.000000000000000","152.382000000000005","2","32.156028368794324","2.000000000000000","0.298","0.078","0.071","0.546","0.291","0.014","0.007","0.312","0.539","0.461","0.447","0.000000000000000","0"
Goursi,Zondoma,Nord,Burkina Faso,burkina,"0.013000000000000","117761","77280.000000000000000","152.382000000000005","2","32.156028368794324","2.000000000000000","0.298","0.078","0.071","0.546","0.291","0.014","0.007","0.312","0.539","0.461","0.447","0.000000000000000","0"
Goursi,Zondoma,Nord,Burkina Faso,burkina,"0.013000000000000","117761","77280.000000000000000","152.382000000000005","2","32.156028368794324","2.000000000000000","0.298","0.078","0.071","0.546","0.291","0.014","0.007","0.312","0.539","0.461","0.447","0.000000000000000","0"
Guéguéré,Ioba,Sud-Ouest,Burkina Faso,burkina,"0.029000000000000","46988","64012.000000000000000","73.405000000000001","1","31.463414634146343","3.000000000000000","0.659","0.073","0.000","0.780","0.171","0.000","0.000","0.610","0.439","0.439","0.439","0.000000000000000","0"
Guiaro,Nahouri,Centre-Sud,Burkina Faso,burkina,"0.012000000000000","29231","155330.000000000000000","18.818999999999999","1","31.942857142857143","3.000000000000000","0.600","0.000","0.029","0.714","0.171","0.000","0.000","0.486","0.657","0.629","0.457","0.000000000000000","1"
Guiba,Zoundwéogo,Centre-Sud,Burkina Faso,burkina,"0.111000000000000","31872","27624.000000000000000","115.378000000000000","1","39.750000000000000","1.000000000000000","0.750","0.056","0.000","0.694","0.167","0.000","0.000","0.139","0.833","0.667","0.333","0.000000000000000","0"
Houndé,Tuy,Hauts-Bassins,Burkina Faso,burkina,"0.330000000000000","133403","124520.000000000000000","107.134000000000000","1","31.738636363636363","3.000000000000000","0.193","0.142","0.051","0.540","0.227","0.000","0.006","0.335","0.534","0.403","0.500","6.000000000000000","0"
Imasgho,Boulkiemdé,Centre-Ouest,Burkina Faso,burkina,"0.103000000000000","27762","21542.000000000000000","128.873999999999995","1","33.555555555555557","2.000000000000000","0.333","0.074","0.148","0.481","0.370","0.000","0.000","0.148","0.630","0.481","0.370","0.000000000000000","0"
Iôlôniôrô,Bougouriba,Sud-Ouest,Burkina Faso,burkina,"0.003000000000000","35351","68051.000000000000000","51.948000000000000","1","29.518518518518519","3.000000000000000","0.481","0.000","0.000","0.778","0.093","0.000","0.037","0.296","0.481","0.463","0.463","0.000000000000000","0"
Kampti,Poni,Sud-Ouest,Burkina Faso,burkina,"0.004000000000000","65725","129850.000000000000000","50.616000000000000","1","34.352517985611513","3.000000000000000","0.180","0.043","0.101","0.755","0.122","0.014","0.007","0.338","0.489","0.374","0.453","0.000000000000000","0"
Kampti,Poni,Sud-Ouest,Burkina Faso,burkina,"0.004000000000000","65725","129850.000000000000000","50.616000000000000","1","34.352517985611513","3.000000000000000","0.180","0.043","0.101","0.755","0.122","0.014","0.007","0.338","0.489","0.374","0.453","0.000000000000000","0"
Kando,Kourittenga,Centre-Est,Burkina Faso,burkina,"0.079000000000000","38882","33214.000000000000000","117.064999999999998","1","30.709090909090911","2.000000000000000","0.691","0.018","0.036","0.764","0.036","0.000","0.036","0.473","0.800","0.764","0.418","0.000000000000000","0"
Kando,Kourittenga,Centre-Est,Burkina Faso,burkina,"0.079000000000000","38882","33214.000000000000000","117.064999999999998","1","30.709090909090911","2.000000000000000","0.691","0.018","0.036","0.764","0.036","0.000","0.036","0.473","0.800","0.764","0.418","0.000000000000000","0"
Kangala,Kénédougou,Hauts-Bassins,Burkina Faso,burkina,"0.018000000000000","33064","50233.000000000000000","65.820999999999998","1","32.976190476190474","3.000000000000000","0.262","0.000","0.000","0.619","0.214","0.024","0.000","0.476","0.262","0.262","0.405","0.000000000000000","0"
Karangasso-Vigué,Houet,Hauts-Bassins,Burkina Faso,burkina,"0.005000000000000","118402","196600.000000000000000","60.225000000000001","1","30.633027522935780","3.000000000000000","0.339","0.037","0.028","0.734","0.101","0.000","0.018","0.275","0.459","0.413","0.495","0.000000000000000","0"
Kassou,Ziro,Centre-Ouest,Burkina Faso,burkina,"0.001000000000000","54284","117040.000000000000000","46.381000000000000","1","34.575757575757578","2.000000000000000","0.515","0.000","0.152","0.727","0.152","0.000","0.000","0.576","0.727","0.727","0.455","0.000000000000000","0"
Kaya,Sanmatenga,Centre-Nord,Burkina Faso,burkina,"0.371000000000000","207740","90632.000000000000000","229.212999999999994","2","32.646648044692739","2.000000000000000","0.106","0.103","0.047","0.584","0.274","0.014","0.011","0.464","0.499","0.289","0.430","7.000000000000000","0"
Kayao,Bazèga,Centre-Sud,Burkina Faso,burkina,"0.016000000000000","40691","67381.000000000000000","60.389000000000003","1","33.961538461538460","3.000000000000000","0.462","0.038","0.000","0.615","0.231","0.038","0.000","0.654","0.577","0.500","0.500","0.000000000000000","0"
Kiembara,Sourou,Boucle du Mouhoun,Burkina Faso,burkina,"0.016000000000000","39289","74076.000000000000000","53.039000000000001","1","32.921052631578945","1.000000000000000","0.263","0.000","0.000","0.763","0.132","0.000","0.000","0.395","0.342","0.263","0.474","0.000000000000000","0"
Kogho,Ganzourgou,Plateau-Central,Burkina Faso,burkina,"0.002000000000000","23435","15970.000000000000000","146.744000000000000","1","32.756097560975611","3.000000000000000","0.390","0.049","0.073","0.951","0.024","0.000","0.073","0.244","0.634","0.610","0.366","0.000000000000000","0"
Kokologo,Boulkiemdé,Centre-Ouest,Burkina Faso,burkina,"0.027000000000000","51670","29861.000000000000000","173.034999999999997","2","29.957446808510639","2.000000000000000","0.255","0.021","0.000","0.660","0.234","0.000","0.021","0.362","0.340","0.298","0.468","0.000000000000000","0"
Kokologo,Boulkiemdé,Centre-Ouest,Burkina Faso,burkina,"0.027000000000000","51670","29861.000000000000000","173.034999999999997","2","29.957446808510639","2.000000000000000","0.255","0.021","0.000","0.660","0.234","0.000","0.021","0.362","0.340","0.298","0.468","0.000000000000000","0"
Kôlôkô,Kénédougou,Hauts-Bassins,Burkina Faso,burkina,"0.005000000000000","28626","76066.000000000000000","37.633000000000003","1","34.121951219512198","1.000000000000000","0.293","0.000","0.000","0.732","0.098","0.000","0.000","0.293","0.293","0.293","0.463","0.000000000000000","1"
Kombissiri,Bazèga,Centre-Sud,Burkina Faso,burkina,"0.148000000000000","77756","59657.000000000000000","130.337999999999994","1","32.853741496598637","3.000000000000000","0.279","0.116","0.044","0.531","0.306","0.014","0.010","0.415","0.592","0.446","0.463","1.000000000000000","0"
Komki-Ipala,Kadiogo,Centre,Burkina Faso,burkina,"0.126000000000000","22553","22111.000000000000000","101.998999999999995","1","32.722222222222221","2.000000000000000","0.417","0.083","0.056","0.583","0.333","0.000","0.000","0.361","0.583","0.500","0.306","0.000000000000000","0"
Komsilga,Kadiogo,Centre,Burkina Faso,burkina,"0.513000000000000","137278","31752.000000000000000","432.343999999999994","2","31.107758620689655","3.000000000000000","0.091","0.121","0.099","0.371","0.358","0.060","0.009","0.526","0.616","0.366","0.500","9.000000000000000","0"
Kona,Mouhoun,Boucle du Mouhoun,Burkina Faso,burkina,"0.014000000000000","27164","61137.000000000000000","44.430999999999997","1","33.769230769230766","5.000000000000000","0.308","0.000","0.051","0.846","0.077","0.000","0.077","0.590","0.436","0.410","0.538","0.000000000000000","0"
Kongoussi,Bam,Centre-Nord,Burkina Faso,burkina,"0.196000000000000","121595","65381.000000000000000","185.979000000000013","2","30.054054054054053","2.000000000000000","0.186","0.039","0.057","0.508","0.303","0.015","0.015","0.333","0.595","0.306","0.450","2.000000000000000","0"
Koper,Ioba,Sud-Ouest,Burkina Faso,burkina,"0.045000000000000","28651","42291.000000000000000","67.747000000000000","1","31.516129032258064","3.000000000000000","0.387","0.226","0.000","0.516","0.226","0.000","0.000","0.871","0.613","0.548","0.516","0.000000000000000","1"
Korsimoro,Sanmatenga,Centre-Nord,Burkina Faso,burkina,"0.009000000000000","64349","60339.000000000000000","106.646000000000001","1","32.422535211267608","3.000000000000000","0.345","0.162","0.014","0.606","0.218","0.000","0.007","0.430","0.824","0.570","0.430","0.000000000000000","0"
Koti,Tuy,Hauts-Bassins,Burkina Faso,burkina,"0.030000000000000","31179","67435.000000000000000","46.235999999999997","1","31.162162162162161","5.000000000000000","0.676","0.081","0.027","0.649","0.243","0.000","0.000","0.541","0.838","0.811","0.486","0.000000000000000","0"
Koubri,Kadiogo,Centre,Burkina Faso,burkina,"0.090000000000000","60817","63777.000000000000000","95.358999999999995","1","33.148148148148145","2.000000000000000","0.222","0.096","0.059","0.652","0.178","0.007","0.015","0.504","0.570","0.348","0.474","0.000000000000000","0"
Koudougou,Boulkiemdé,Centre-Ouest,Burkina Faso,burkina,"0.507000000000000","216830","58363.000000000000000","371.519999999999982","2","30.959821428571427","5.000000000000000","0.033","0.109","0.129","0.214","0.463","0.135","0.013","0.366","0.479","0.237","0.463","13.000000000000000","0"
Kouka,Banwa,Boucle du Mouhoun,Burkina Faso,burkina,"0.002000000000000","73747","78625.000000000000000","93.796000000000006","1","32.484848484848484","1.000000000000000","0.535","0.020","0.030","0.899","0.051","0.000","0.000","0.424","0.576","0.556","0.485","0.000000000000000","0"
Koumbia,Tuy,Hauts-Bassins,Burkina Faso,burkina,"0.017000000000000","71454","205630.000000000000000","34.749000000000002","1","33.560975609756099","2.000000000000000","0.549","0.037","0.000","0.744","0.159","0.000","0.000","0.524","0.378","0.390","0.427","0.000000000000000","1"
Koupèla,Kourittenga,Centre-Est,Burkina Faso,burkina,"0.375000000000000","91023","33892.000000000000000","268.567999999999984","2","33.909604519774014","2.000000000000000","0.407","0.068","0.034","0.418","0.441","0.011","0.017","0.458","0.734","0.390","0.390","3.000000000000000","0"
Koupèla,Kourittenga,Centre-Est,Burkina Faso,burkina,"0.375000000000000","91023","33892.000000000000000","268.567999999999984","2","33.909604519774014","2.000000000000000","0.407","0.068","0.034","0.418","0.441","0.011","0.017","0.458","0.734","0.390","0.390","3.000000000000000","0"
Kourouma,Kénédougou,Hauts-Bassins,Burkina Faso,burkina,"0.004000000000000","65985","128743.000000000000000","51.253000000000000","1","32.372340425531917","3.000000000000000","0.532","0.011","0.021","0.713","0.202","0.011","0.000","0.213","0.223","0.213","0.468","0.000000000000000","0"
La-Toden,Passoré,Nord,Burkina Faso,burkina,"0.028000000000000","39128","30469.000000000000000","128.419000000000011","1","32.063829787234042","5.000000000000000","0.298","0.000","0.000","0.660","0.191","0.000","0.000","0.170","0.340","0.255","0.404","0.000000000000000","0"
Lalgaye,Koulpélogo,Centre-Est,Burkina Faso,burkina,"0.020000000000000","19436","66448.000000000000000","29.250000000000000","1","33.229007633587784","2.000000000000000","0.817","0.000","0.000","0.870","0.061","0.000","0.015","0.443","0.840","0.672","0.397","0.000000000000000","0"
Lèba,Zondoma,Nord,Burkina Faso,burkina,"0.034000000000000","13562","20428.000000000000000","66.388999999999996","1","32.573333333333331","1.000000000000000","0.240","0.027","0.000","0.693","0.147","0.000","0.053","0.400","0.347","0.320","0.467","0.000000000000000","0"
Legmoin,Noumbiel,Sud-Ouest,Burkina Faso,burkina,"0.004000000000000","19031","19460.000000000000000","97.795000000000002","1","30.466666666666665","2.000000000000000","0.244","0.133","0.111","0.578","0.267","0.000","0.000","0.378","0.422","0.400","0.311","0.000000000000000","1"
Lèna,Houet,Hauts-Bassins,Burkina Faso,burkina,"0.021000000000000","25393","58043.000000000000000","43.749000000000002","1","31.335616438356166","2.000000000000000","0.568","0.000","0.014","0.678","0.205","0.000","0.007","0.356","0.603","0.219","0.527","0.000000000000000","0"
Léo,Sissili,Centre-Ouest,Burkina Faso,burkina,"0.124000000000000","85574","95515.000000000000000","89.591999999999999","1","31.827027027027029","3.000000000000000","0.286","0.146","0.070","0.422","0.330","0.011","0.005","0.378","0.681","0.508","0.405","1.000000000000000","1"
Loropéni,Poni,Sud-Ouest,Burkina Faso,burkina,"0.006000000000000","61952","205930.000000000000000","30.084000000000000","1","34.259740259740262","3.000000000000000","0.442","0.013","0.039","0.831","0.104","0.000","0.000","0.519","0.506","0.494","0.429","0.000000000000000","0"
Loumana,Léraba,Cascades,Burkina Faso,burkina,"0.010000000000000","33787","40843.000000000000000","82.724000000000004","1","33.701030927835049","2.000000000000000","0.278","0.000","0.000","0.753","0.144","0.010","0.010","0.247","0.299","0.289","0.412","0.000000000000000","1"
Mané,Sanmatenga,Centre-Nord,Burkina Faso,burkina,"0.020000000000000","72901","72496.000000000000000","100.558999999999997","1","32.000000000000000","2.000000000000000","0.308","0.115","0.000","0.692","0.154","0.000","0.000","0.692","0.846","0.692","0.500","0.000000000000000","0"
Manga,Zoundwéogo,Centre-Sud,Burkina Faso,burkina,"0.288000000000000","44074","24509.000000000000000","179.828000000000003","2","32.818965517241381","2.000000000000000","0.142","0.259","0.039","0.358","0.392","0.030","0.000","0.392","0.668","0.431","0.440","4.000000000000000","0"
Mani,Gnagna,Est,Burkina Faso,burkina,"0.009000000000000","124433","45724.000000000000000","272.139000000000010","2","30.577777777777779","5.000000000000000","0.544","0.000","0.000","0.744","0.111","0.000","0.000","0.467","0.544","0.544","0.478","0.000000000000000","0"
Mégué,Ganzourgou,Plateau-Central,Burkina Faso,burkina,"0.038000000000000","50258","36198.000000000000000","138.842000000000013","1","34.100000000000001","2.000000000000000","0.400","0.067","0.067","0.767","0.033","0.000","0.033","0.600","0.567","0.533","0.400","0.000000000000000","0"
Môgtédo,Ganzourgou,Plateau-Central,Burkina Faso,burkina,"0.131000000000000","73244","66828.000000000000000","109.600999999999999","1","34.555555555555557","1.000000000000000","0.139","0.139","0.056","0.861","0.083","0.000","0.056","0.417","0.556","0.500","0.389","1.000000000000000","0"
Moussodougou,Comoé,Cascades,Burkina Faso,burkina,"0.055000000000000","17288","29851.000000000000000","57.914000000000001","1","31.918367346938776","3.000000000000000","0.714","0.000","0.041","0.816","0.143","0.000","0.061","0.286","0.959","0.816","0.388","0.000000000000000","0"
Nagréongo,Oubritenga,Plateau-Central,Burkina Faso,burkina,"0.055000000000000","35451","49721.000000000000000","71.299999999999997","1","34.794871794871796","1.000000000000000","0.154","0.231","0.051","0.641","0.205","0.000","0.000","0.179","0.718","0.641","0.308","0.000000000000000","0"
Nako,Poni,Sud-Ouest,Burkina Faso,burkina,"0.012000000000000","32078","69463.000000000000000","46.180000000000000","1","36.571428571428569","3.000000000000000","0.171","0.029","0.229","0.829","0.143","0.000","0.000","0.229","0.486","0.400","0.429","0.000000000000000","1"
Nanoro,Boulkiemdé,Centre-Ouest,Burkina Faso,burkina,"0.013000000000000","47914","35269.000000000000000","135.853000000000009","1","37.714285714285715","3.000000000000000","0.500","0.036","0.000","0.786","0.107","0.000","0.036","0.321","0.571","0.571","0.393","0.000000000000000","0"
Nasséré,Bam,Centre-Nord,Burkina Faso,burkina,"0.035000000000000","13154","12753.000000000000000","103.144000000000005","1","30.844444444444445","5.000000000000000","0.644","0.022","0.000","0.756","0.111","0.000","0.022","0.222","0.689","0.667","0.400","0.000000000000000","0"
Ndôrôla,Kénédougou,Hauts-Bassins,Burkina Faso,burkina,"0.124000000000000","40134","82734.000000000000000","48.509999999999998","1","31.480519480519479","3.000000000000000","0.299","0.000","0.000","0.740","0.078","0.000","0.013","0.364","0.312","0.312","0.429","1.000000000000000","1"
Nébiélianayou,Sissili,Centre-Ouest,Burkina Faso,burkina,"0.000000000000000","13137","40942.000000000000000","32.087000000000003","1","32.319148936170215","3.000000000000000","0.234","0.085","0.106","0.638","0.128","0.000","0.000","0.213","0.447","0.426","0.362","0.000000000000000","0"
Niangoloko,Comoé,Cascades,Burkina Faso,burkina,"0.124000000000000","76855","279030.000000000000000","27.544000000000000","1","33.604166666666664","5.000000000000000","0.371","0.071","0.079","0.504","0.271","0.025","0.004","0.471","0.708","0.479","0.483","1.000000000000000","1"
Niankôrôdougou,Léraba,Cascades,Burkina Faso,burkina,"0.003000000000000","51601","64980.000000000000000","79.411000000000001","1","30.758620689655171","1.000000000000000","0.110","0.007","0.021","0.924","0.034","0.000","0.007","0.359","0.200","0.179","0.393","0.000000000000000","1"
Niaogho,Boulgou,Centre-Est,Burkina Faso,burkina,"0.034000000000000","25547","28637.000000000000000","89.209999999999994","1","29.894736842105264","1.000000000000000","0.474","0.211","0.000","0.526","0.316","0.000","0.000","0.368","0.789","0.737","0.158","0.000000000000000","0"
Niaogho,Boulgou,Centre-Est,Burkina Faso,burkina,"0.034000000000000","25547","28637.000000000000000","89.209999999999994","1","29.894736842105264","1.000000000000000","0.474","0.211","0.000","0.526","0.316","0.000","0.000","0.368","0.789","0.737","0.158","0.000000000000000","0"
Niégo,Ioba,Sud-Ouest,Burkina Faso,burkina,"0.005000000000000","12344","14832.000000000000000","83.224999999999994","1","32.621621621621621","3.000000000000000","0.703","0.027","0.000","0.514","0.081","0.000","0.000","0.541","0.405","0.405","0.486","0.000000000000000","0"
Niou,Kourwéogo,Plateau-Central,Burkina Faso,burkina,"0.007000000000000","35171","35572.000000000000000","98.873000000000005","1","30.981818181818181","3.000000000000000","0.127","0.055","0.018","0.527","0.255","0.000","0.000","0.345","0.327","0.200","0.455","0.000000000000000","0"
Niou,Kourwéogo,Plateau-Central,Burkina Faso,burkina,"0.007000000000000","35171","35572.000000000000000","98.873000000000005","1","30.981818181818181","3.000000000000000","0.127","0.055","0.018","0.527","0.255","0.000","0.000","0.345","0.327","0.200","0.455","0.000000000000000","0"
Nobéré,Zoundwéogo,Centre-Sud,Burkina Faso,burkina,"0.045000000000000","39492","58847.000000000000000","67.109999999999999","1","32.135135135135137","1.000000000000000","0.676","0.027","0.000","0.568","0.243","0.000","0.000","0.405","0.730","0.730","0.459","0.000000000000000","0"
Nouna,Kossi,Boucle du Mouhoun,Burkina Faso,burkina,"0.000000000000000","89742","148800.000000000000000","60.310000000000002","1","32.825842696629216","4.000000000000000","0.180","0.073","0.039","0.478","0.343","0.028","0.028","0.511","0.489","0.343","0.500","0.000000000000000","0"
Nouna,Kossi,Boucle du Mouhoun,Burkina Faso,burkina,"0.000000000000000","89742","148800.000000000000000","60.310000000000002","1","32.825842696629216","4.000000000000000","0.180","0.073","0.039","0.478","0.343","0.028","0.028","0.511","0.489","0.343","0.500","0.000000000000000","0"
Orodara,Kénédougou,Hauts-Bassins,Burkina Faso,burkina,"0.202000000000000","44679","40494.000000000000000","110.334999999999994","1","29.964285714285715","3.000000000000000","0.214","0.036","0.018","0.536","0.286","0.000","0.000","0.464","0.321","0.232","0.482","2.000000000000000","0"
Oronkua,Ioba,Sud-Ouest,Burkina Faso,burkina,"0.033000000000000","30692","38919.000000000000000","78.861000000000004","1","29.880952380952380","2.000000000000000","0.643","0.048","0.000","0.714","0.119","0.000","0.000","0.476","0.524","0.500","0.452","0.000000000000000","0"
Ouagadougou,Kadiogo,Centre,Burkina Faso,burkina,"1.000000000000000","2415266","51975.000000000000000","4646.975999999999658","3","31.808791208791209","5.000000000000000","0.007","0.177","0.132","0.345","0.394","0.086","0.002","0.453","0.644","0.275","0.470","184.000000000000000","0"
Ouahigouya,Yatenga,Nord,Burkina Faso,burkina,"0.428000000000000","199436","49232.000000000000000","405.093999999999994","2","32.167388167388168","2.000000000000000","0.139","0.128","0.072","0.463","0.304","0.019","0.009","0.391","0.522","0.351","0.429","10.000000000000000","0"
Ouargaye,Koulpélogo,Centre-Est,Burkina Faso,burkina,"0.000000000000000","62062","101542.000000000000000","61.119999999999997","1","34.840909090909093","2.000000000000000","0.750","0.068","0.023","0.705","0.182","0.000","0.000","0.364","0.864","0.705","0.386","0.000000000000000","0"
Ouarkoye,Mouhoun,Boucle du Mouhoun,Burkina Faso,burkina,"0.008000000000000","44616","107010.000000000000000","41.692999999999998","1","32.466666666666669","2.000000000000000","0.200","0.050","0.017","0.917","0.033","0.000","0.017","0.433","0.317","0.283","0.500","0.000000000000000","0"
Ouéléni,Léraba,Cascades,Burkina Faso,burkina,"0.008000000000000","17993","39820.000000000000000","45.186000000000000","1","32.072463768115945","2.000000000000000","0.174","0.043","0.000","0.652","0.145","0.000","0.000","0.522","0.232","0.217","0.478","0.000000000000000","1"
Ouéssa,Ioba,Sud-Ouest,Burkina Faso,burkina,"0.011000000000000","17233","19294.000000000000000","89.317999999999998","1","34.574468085106382","3.000000000000000","0.234","0.128","0.064","0.468","0.298","0.021","0.000","0.447","0.404","0.298","0.383","0.000000000000000","1"
Oula,Yatenga,Nord,Burkina Faso,burkina,"0.037000000000000","62832","56018.000000000000000","112.164000000000001","1","33.602362204724407","2.000000000000000","0.260","0.039","0.004","0.697","0.118","0.000","0.008","0.402","0.406","0.374","0.413","0.000000000000000","0"
Ourgou-Manéga,Oubritenga,Plateau-Central,Burkina Faso,burkina,"0.042000000000000","24030","43971.000000000000000","54.649999999999999","1","37.142857142857146","5.000000000000000","0.490","0.020","0.061","0.653","0.204","0.000","0.020","0.367","0.694","0.653","0.367","0.000000000000000","0"
Ouri,Balé,Boucle du Mouhoun,Burkina Faso,burkina,"0.009000000000000","35964","66293.000000000000000","54.250000000000000","1","31.762499999999999","3.000000000000000","0.450","0.038","0.000","0.738","0.113","0.000","0.000","0.388","0.525","0.500","0.525","0.000000000000000","0"
Pabré,Kadiogo,Centre,Burkina Faso,burkina,"0.158000000000000","40387","40844.000000000000000","98.881000000000000","1","33.088888888888889","4.000000000000000","0.433","0.011","0.022","0.578","0.233","0.000","0.022","0.378","0.578","0.456","0.544","0.000000000000000","0"
Padéma,Houet,Hauts-Bassins,Burkina Faso,burkina,"0.002000000000000","61859","92801.000000000000000","66.658000000000001","1","33.510638297872340","1.000000000000000","0.702","0.000","0.000","0.915","0.021","0.000","0.064","0.574","0.787","0.511","0.426","0.000000000000000","0"
Pella,Boulkiemdé,Centre-Ouest,Burkina Faso,burkina,"0.008000000000000","24606","20297.000000000000000","121.230000000000004","1","34.799999999999997","2.000000000000000","0.720","0.000","0.000","0.840","0.040","0.000","0.000","0.440","0.720","0.720","0.440","0.000000000000000","0"
Péni,Houet,Hauts-Bassins,Burkina Faso,burkina,"0.024000000000000","51212","127150.000000000000000","40.277000000000001","1","33.420000000000002","2.000000000000000","0.800","0.000","0.000","0.740","0.080","0.000","0.120","0.540","0.920","0.240","0.480","0.000000000000000","0"
Périgban,Poni,Sud-Ouest,Burkina Faso,burkina,"0.035000000000000","9922","30118.000000000000000","32.944000000000003","1","32.240000000000002","3.000000000000000","0.260","0.020","0.160","0.840","0.060","0.000","0.000","0.340","0.460","0.420","0.360","0.000000000000000","0"
Piéla,Gnagna,Est,Burkina Faso,burkina,"0.012000000000000","79488","82540.000000000000000","96.302000000000007","1","33.109589041095887","3.000000000000000","0.534","0.014","0.000","0.904","0.000","0.000","0.027","0.548","0.603","0.534","0.438","0.000000000000000","0"
Po,Nahouri,Centre-Sud,Burkina Faso,burkina,"0.287000000000000","64609","159540.000000000000000","40.497000000000000","1","33.108870967741936","3.000000000000000","0.306","0.125","0.020","0.347","0.383","0.044","0.004","0.452","0.633","0.427","0.512","4.000000000000000","1"
Poura,Balé,Boucle du Mouhoun,Burkina Faso,burkina,"0.029000000000000","19056","11336.000000000000000","168.102000000000004","2","29.750000000000000","1.000000000000000","0.273","0.000","0.000","0.795","0.091","0.000","0.045","0.409","0.432","0.364","0.523","0.000000000000000","0"
Pouytenga,Kourittenga,Centre-Est,Burkina Faso,burkina,"0.459000000000000","118495","17455.000000000000000","678.860000000000014","3","33.111111111111114","2.000000000000000","0.086","0.275","0.056","0.608","0.204","0.003","0.028","0.435","0.580","0.377","0.457","6.000000000000000","0"
Ramongo,Boulkiemdé,Centre-Ouest,Burkina Faso,burkina,"0.146000000000000","29524","16645.000000000000000","177.375000000000000","2","37.102040816326529","2.000000000000000","0.531","0.000","0.020","0.694","0.163","0.000","0.082","0.122","0.633","0.633","0.347","0.000000000000000","0"
Réo,Sanguié,Centre-Ouest,Burkina Faso,burkina,"0.315000000000000","75866","43243.000000000000000","175.441000000000003","2","31.310559006211179","2.000000000000000","0.335","0.099","0.075","0.366","0.280","0.019","0.000","0.447","0.578","0.497","0.478","3.000000000000000","0"
Saaba,Kadiogo,Centre,Burkina Faso,burkina,"0.353000000000000","285235","44791.000000000000000","636.812999999999988","3","32.355119825708059","2.000000000000000","0.078","0.170","0.120","0.375","0.340","0.085","0.013","0.447","0.682","0.370","0.486","3.000000000000000","0"
Sabou,Boulkiemdé,Centre-Ouest,Burkina Faso,burkina,"0.033000000000000","61836","45605.000000000000000","135.590000000000003","1","28.461538461538460","5.000000000000000","0.231","0.231","0.103","0.410","0.385","0.051","0.026","0.205","0.641","0.487","0.385","0.000000000000000","0"
Sabou,Boulkiemdé,Centre-Ouest,Burkina Faso,burkina,"0.033000000000000","61836","45605.000000000000000","135.590000000000003","1","28.461538461538460","5.000000000000000","0.231","0.231","0.103","0.410","0.385","0.051","0.026","0.205","0.641","0.487","0.385","0.000000000000000","0"
Sabsé,Bam,Centre-Nord,Burkina Faso,burkina,"0.028000000000000","35742","33903.000000000000000","105.424000000000007","1","33.704545454545453","2.000000000000000","0.273","0.000","0.000","0.659","0.227","0.000","0.045","0.477","0.409","0.295","0.523","0.000000000000000","0"
Safané,Mouhoun,Boucle du Mouhoun,Burkina Faso,burkina,"0.005000000000000","62048","98309.000000000000000","63.115000000000002","1","31.058823529411764","1.000000000000000","0.088","0.118","0.000","0.676","0.265","0.000","0.000","0.441","0.441","0.382","0.412","0.000000000000000","0"
Samba,Passoré,Nord,Burkina Faso,burkina,"0.022000000000000","46247","35418.000000000000000","130.574999999999989","1","36.909090909090907","3.000000000000000","0.136","0.000","0.227","0.727","0.159","0.000","0.091","0.364","0.409","0.386","0.364","0.000000000000000","0"
Samôgôgouan,Kénédougou,Hauts-Bassins,Burkina Faso,burkina,"0.003000000000000","45428","116400.000000000000000","39.027000000000001","1","31.756097560975611","2.000000000000000","0.463","0.000","0.000","0.829","0.049","0.000","0.049","0.390","0.512","0.488","0.463","0.000000000000000","0"
Sanaba,Banwa,Boucle du Mouhoun,Burkina Faso,burkina,"0.015000000000000","38037","92156.000000000000000","41.274999999999999","1","33.431034482758619","1.000000000000000","0.621","0.000","0.017","0.862","0.103","0.000","0.017","0.345","0.655","0.621","0.397","0.000000000000000","0"
Sangha,Koulpélogo,Centre-Est,Burkina Faso,burkina,"0.000000000000000","85445","75228.000000000000000","113.581000000000003","1","33.100000000000001","1.000000000000000","0.900","0.000","0.000","0.950","0.000","0.000","0.000","0.450","0.900","0.800","0.475","0.000000000000000","0"
Saponé,Bazèga,Centre-Sud,Burkina Faso,burkina,"0.121000000000000","44140","66999.000000000000000","65.882000000000005","1","31.297297297297298","2.000000000000000","0.297","0.027","0.027","0.324","0.405","0.000","0.027","0.351","0.622","0.459","0.541","0.000000000000000","0"
Sapouy,Ziro,Centre-Ouest,Burkina Faso,burkina,"0.000000000000000","86745","208780.000000000000000","41.548999999999999","1","31.166666666666668","2.000000000000000","0.324","0.157","0.108","0.431","0.333","0.020","0.010","0.471","0.755","0.578","0.510","0.000000000000000","0"
Satiri,Houet,Hauts-Bassins,Burkina Faso,burkina,"0.008000000000000","48111","122480.000000000000000","39.280999999999999","1","32.068965517241381","2.000000000000000","0.379","0.000","0.000","0.517","0.207","0.000","0.000","0.586","0.379","0.379","0.586","0.000000000000000","0"
Sebba,Yagha,Sahel,Burkina Faso,burkina,"0.004000000000000","34881","107190.000000000000000","32.540999999999997","1","29.644549763033176","1.000000000000000","0.000","0.000","0.000","1.000","0.000","0.000","0.005","0.540","0.033","0.005","0.536","0.000000000000000","0"
Siby,Balé,Boucle du Mouhoun,Burkina Faso,burkina,"0.035000000000000","42814","138559.000000000000000","30.899000000000001","1","29.953488372093023","2.000000000000000","0.163","0.047","0.233","0.605","0.209","0.000","0.000","0.512","0.698","0.465","0.535","0.000000000000000","0"
Sidéradougou,Comoé,Cascades,Burkina Faso,burkina,"0.000000000000000","137743","387260.000000000000000","35.569000000000003","1","32.343915343915342","2.000000000000000","0.423","0.042","0.037","0.757","0.090","0.000","0.000","0.497","0.603","0.582","0.460","0.000000000000000","0"
Silly,Sissili,Centre-Ouest,Burkina Faso,burkina,"0.000000000000000","50795","112440.000000000000000","45.174999999999997","1","29.632653061224488","2.000000000000000","0.551","0.000","0.020","0.878","0.000","0.000","0.041","0.286","0.694","0.694","0.469","0.000000000000000","0"
Sindo,Kénédougou,Hauts-Bassins,Burkina Faso,burkina,"0.002000000000000","26404","61858.000000000000000","42.685000000000002","1","30.911111111111111","5.000000000000000","0.378","0.000","0.000","0.733","0.178","0.000","0.000","0.244","0.378","0.356","0.400","0.000000000000000","1"
Sindou,Léraba,Cascades,Burkina Faso,burkina,"0.133000000000000","25748","40289.000000000000000","63.908000000000001","1","32.685185185185183","5.000000000000000","0.213","0.037","0.000","0.759","0.167","0.000","0.000","0.333","0.222","0.222","0.398","1.000000000000000","0"
Soa,Boulkiemdé,Centre-Ouest,Burkina Faso,burkina,"0.031000000000000","22039","18813.000000000000000","117.147999999999996","1","31.275862068965516","2.000000000000000","0.379","0.103","0.034","0.828","0.103","0.000","0.034","0.034","0.552","0.552","0.414","0.000000000000000","0"
Solenzo,Banwa,Boucle du Mouhoun,Burkina Faso,burkina,"0.124000000000000","158763","190320.000000000000000","83.418999999999997","1","32.705583756345177","5.000000000000000","0.330","0.056","0.036","0.655","0.223","0.010","0.000","0.406","0.513","0.406","0.467","1.000000000000000","0"
Soubakaniédougou,Comoé,Cascades,Burkina Faso,burkina,"0.028000000000000","37500","86810.000000000000000","43.198000000000000","1","32.901408450704224","1.000000000000000","0.254","0.028","0.028","0.746","0.127","0.000","0.000","0.493","0.338","0.296","0.408","0.000000000000000","1"
Sourgoubila,Kourwéogo,Plateau-Central,Burkina Faso,burkina,"0.029000000000000","48654","47263.000000000000000","102.942999999999998","1","37.952380952380949","3.000000000000000","0.762","0.000","0.024","0.833","0.048","0.000","0.000","0.357","0.810","0.738","0.405","0.000000000000000","0"
Tanguen-Dassouri,Kadiogo,Centre,Burkina Faso,burkina,"0.173000000000000","68848","31651.000000000000000","217.521999999999991","2","34.085714285714289","3.000000000000000","0.389","0.097","0.034","0.543","0.331","0.000","0.000","0.400","0.634","0.526","0.463","0.000000000000000","0"
Tanguen-Dassouri,Kadiogo,Centre,Burkina Faso,burkina,"0.173000000000000","68848","31651.000000000000000","217.521999999999991","2","34.085714285714289","3.000000000000000","0.389","0.097","0.034","0.543","0.331","0.000","0.000","0.400","0.634","0.526","0.463","0.000000000000000","0"
Tchériba,Mouhoun,Boucle du Mouhoun,Burkina Faso,burkina,"0.000000000000000","53128","130860.000000000000000","40.598999999999997","1","34.064102564102562","3.000000000000000","0.705","0.000","0.000","0.782","0.154","0.000","0.000","0.282","0.679","0.679","0.449","0.000000000000000","0"
Ténado,Sanguié,Centre-Ouest,Burkina Faso,burkina,"0.032000000000000","60190","89842.000000000000000","66.995000000000005","1","30.946666666666665","5.000000000000000","0.480","0.080","0.053","0.587","0.293","0.000","0.013","0.493","0.680","0.653","0.480","0.000000000000000","0"
Tenkodogo,Boulgou,Centre-Est,Burkina Faso,burkina,"0.466000000000000","159105","114560.000000000000000","138.883999999999986","1","32.282511210762330","5.000000000000000","0.336","0.049","0.085","0.444","0.345","0.031","0.009","0.444","0.664","0.332","0.426","11.000000000000000","0"
Tiankoura,Bougouriba,Sud-Ouest,Burkina Faso,burkina,"0.017000000000000","14681","55760.000000000000000","26.329000000000001","1","37.777777777777779","3.000000000000000","0.519","0.000","0.111","0.889","0.037","0.000","0.000","0.519","0.630","0.630","0.333","0.000000000000000","0"
Tiébélé,Nahouri,Centre-Sud,Burkina Faso,burkina,"0.023000000000000","61007","37933.000000000000000","160.828000000000003","2","34.629629629629626","5.000000000000000","0.593","0.037","0.037","0.685","0.093","0.000","0.000","0.333","0.722","0.667","0.444","0.000000000000000","1"
Tiéfora,Comoé,Cascades,Burkina Faso,burkina,"0.020000000000000","75423","108580.000000000000000","69.462999999999994","1","33.216216216216218","3.000000000000000","0.703","0.000","0.000","0.703","0.135","0.000","0.054","0.297","0.757","0.757","0.486","0.000000000000000","0"
Titao,Loroum,Nord,Burkina Faso,burkina,"0.004000000000000","104977","160050.000000000000000","65.590000000000003","1","30.828571428571429","2.000000000000000","0.000","0.071","0.057","0.543","0.243","0.000","0.014","0.514","0.343","0.214","0.400","0.000000000000000","0"
To,Sissili,Centre-Ouest,Burkina Faso,burkina,"0.004000000000000","64020","119910.000000000000000","53.390000000000001","1","33.200000000000003","3.000000000000000","0.433","0.000","0.033","0.767","0.033","0.000","0.267","0.533","0.767","0.767","0.367","0.000000000000000","0"
Toécé,Bazèga,Centre-Sud,Burkina Faso,burkina,"0.023000000000000","38506","65704.000000000000000","58.604999999999997","1","36.220779220779221","2.000000000000000","0.597","0.039","0.000","0.636","0.221","0.000","0.013","0.403","0.688","0.649","0.442","0.000000000000000","0"
Toma,Nayala,Boucle du Mouhoun,Burkina Faso,burkina,"0.002000000000000","39109","43765.000000000000000","89.361000000000004","1","35.250000000000000","2.000000000000000","0.175","0.075","0.050","0.538","0.238","0.000","0.000","0.463","0.388","0.313","0.413","0.000000000000000","0"
Tougan,Sourou,Boucle du Mouhoun,Burkina Faso,burkina,"0.248000000000000","89181","176010.000000000000000","50.667999999999999","1","32.369942196531795","2.000000000000000","0.231","0.081","0.017","0.514","0.312","0.006","0.006","0.416","0.399","0.347","0.468","3.000000000000000","0"
Tougo,Zondoma,Nord,Burkina Faso,burkina,"0.006000000000000","41278","30979.000000000000000","133.245000000000005","1","32.066666666666670","1.000000000000000","0.495","0.000","0.010","0.733","0.124","0.000","0.000","0.267","0.505","0.495","0.429","0.000000000000000","0"
Yaba,Nayala,Boucle du Mouhoun,Burkina Faso,burkina,"0.011000000000000","41381","73985.000000000000000","55.932000000000002","1","33.452830188679243","2.000000000000000","0.226","0.038","0.019","0.528","0.208","0.000","0.019","0.491","0.302","0.302","0.472","0.000000000000000","0"
Yako,Passoré,Nord,Burkina Faso,burkina,"0.196000000000000","117422","78507.000000000000000","149.568999999999988","1","32.764705882352942","3.000000000000000","0.182","0.118","0.088","0.494","0.294","0.006","0.029","0.447","0.518","0.353","0.435","2.000000000000000","0"
Yargatenga,Koulpélogo,Centre-Est,Burkina Faso,burkina,"0.000000000000000","57754","43830.000000000000000","131.768000000000001","1","32.188118811881189","2.000000000000000","0.574","0.030","0.020","0.713","0.089","0.010","0.010","0.475","0.673","0.475","0.515","0.000000000000000","1"
Yargo,Kourittenga,Centre-Est,Burkina Faso,burkina,"0.101000000000000","19965","11535.000000000000000","173.081999999999994","2","33.410256410256409","2.000000000000000","0.667","0.000","0.000","0.718","0.179","0.000","0.000","0.462","0.692","0.462","0.385","0.000000000000000","0"
Yargo,Kourittenga,Centre-Est,Burkina Faso,burkina,"0.101000000000000","19965","11535.000000000000000","173.081999999999994","2","33.410256410256409","2.000000000000000","0.667","0.000","0.000","0.718","0.179","0.000","0.000","0.462","0.692","0.462","0.385","0.000000000000000","0"
Yé,Nayala,Boucle du Mouhoun,Burkina Faso,burkina,"0.004000000000000","49958","76367.000000000000000","65.418000000000006","1","34.838709677419352","2.000000000000000","0.097","0.065","0.000","0.548","0.129","0.000","0.000","0.516","0.516","0.355","0.452","0.000000000000000","0"
Zabré,Boulgou,Centre-Est,Burkina Faso,burkina,"0.003000000000000","119374","88452.000000000000000","134.959000000000003","1","32.769230769230766","3.000000000000000","0.538","0.115","0.013","0.641","0.141","0.013","0.000","0.385","0.769","0.692","0.436","0.000000000000000","1"
Zam,Ganzourgou,Plateau-Central,Burkina Faso,burkina,"0.022000000000000","62525","75914.000000000000000","82.363000000000000","1","34.422535211267608","2.000000000000000","0.437","0.042","0.000","0.718","0.099","0.000","0.014","0.324","0.789","0.620","0.366","0.000000000000000","0"
Zamo,Sanguié,Centre-Ouest,Burkina Faso,burkina,"0.007000000000000","22865","66207.000000000000000","34.536000000000001","1","30.968750000000000","3.000000000000000","0.469","0.063","0.000","0.500","0.313","0.063","0.000","0.406","0.594","0.531","0.469","0.000000000000000","0"
Zecco,Nahouri,Centre-Sud,Burkina Faso,burkina,"0.008000000000000","13440","4751.500000000000000","282.858000000000004","2","34.714285714285715","5.000000000000000","0.229","0.229","0.029","0.457","0.371","0.000","0.057","0.314","0.543","0.571","0.400","0.000000000000000","1"
Ziga,Sanmatenga,Centre-Nord,Burkina Faso,burkina,"0.000000000000000","48366","59275.000000000000000","81.596000000000004","1","36.472222222222221","1.000000000000000","0.472","0.222","0.056","0.778","0.139","0.000","0.000","0.250","0.889","0.750","0.361","0.000000000000000","0"
Ziga,Sanmatenga,Centre-Nord,Burkina Faso,burkina,"0.000000000000000","48366","59275.000000000000000","81.596000000000004","1","36.472222222222221","1.000000000000000","0.472","0.222","0.056","0.778","0.139","0.000","0.000","0.250","0.889","0.750","0.361","0.000000000000000","0"
Ziniaré,Oubritenga,Plateau-Central,Burkina Faso,burkina,"0.038000000000000","88316","52593.000000000000000","167.923000000000002","2","32.258181818181818","3.000000000000000","0.196","0.204","0.069","0.367","0.433","0.044","0.011","0.418","0.665","0.382","0.451","0.000000000000000","0"
Ziniaré,Oubritenga,Plateau-Central,Burkina Faso,burkina,"0.038000000000000","88316","52593.000000000000000","167.923000000000002","2","32.258181818181818","3.000000000000000","0.196","0.204","0.069","0.367","0.433","0.044","0.011","0.418","0.665","0.382","0.451","0.000000000000000","0"
Ziniaré,Oubritenga,Plateau-Central,Burkina Faso,burkina,"0.038000000000000","88316","52593.000000000000000","167.923000000000002","2","32.258181818181818","3.000000000000000","0.196","0.204","0.069","0.367","0.433","0.044","0.011","0.418","0.665","0.382","0.451","0.000000000000000","0"
Ziou,Nahouri,Centre-Sud,Burkina Faso,burkina,"0.004000000000000","27529","26622.000000000000000","103.406999999999996","1","31.735294117647054","5.000000000000000","0.206","0.206","0.118","0.382","0.441","0.000","0.000","0.382","0.676","0.441","0.471","0.000000000000000","1"
Ziou,Nahouri,Centre-Sud,Burkina Faso,burkina,"0.004000000000000","27529","26622.000000000000000","103.406999999999996","1","31.735294117647054","5.000000000000000","0.206","0.206","0.118","0.382","0.441","0.000","0.000","0.382","0.676","0.441","0.471","0.000000000000000","1"
Zitenga,Oubritenga,Plateau-Central,Burkina Faso,burkina,"0.020000000000000","50162","45956.000000000000000","109.152000000000001","1","35.483870967741936","2.000000000000000","0.742","0.097","0.065","0.710","0.161","0.000","0.000","0.290","1.000","0.581","0.452","0.000000000000000","0"
Zoaga,Boulgou,Centre-Est,Burkina Faso,burkina,"0.000000000000000","13233","25480.000000000000000","51.935000000000002","1","33.500000000000000","3.000000000000000","0.429","0.179","0.071","0.679","0.071","0.000","0.000","0.357","0.714","0.571","0.393","0.000000000000000","1"
Zonsé,Boulgou,Centre-Est,Burkina Faso,burkina,"0.024000000000000","37327","24416.000000000000000","152.878999999999991","2","31.157894736842110","1.000000000000000","0.526","0.000","0.053","0.737","0.105","0.000","0.000","0.421","0.632","0.579","0.316","0.000000000000000","0"
Zôrgho,Ganzourgou,Plateau-Central,Burkina Faso,burkina,"0.273000000000000","76431","39402.000000000000000","193.977000000000004","2","33.644578313253014","2.000000000000000","0.054","0.187","0.151","0.494","0.337","0.060","0.006","0.512","0.633","0.404","0.398","2.000000000000000","0"
Abengourou,Abengourou,Indenie-Djuablin,Ivory Coast,civ,"0.330000000000000","164424","75700.000000000000000","217.205000000000013","2","32.450236966824647","5.000000000000000","0.133","0.213","0.066","0.341","0.441","0.038","0.014","0.379","0.545","0.318","0.493","8.000000000000000","0"
Abidjan,Abidjan,District Autonome D'Abidjan,Ivory Coast,civ,"1.000000000000000","5616633","55300.000000000000000","10156.659999999999854","3","33.211077844311376","6.000000000000000","0.003","0.201","0.092","0.263","0.454","0.126","0.005","0.341","0.557","0.226","0.471","393.000000000000000","1"
Abigui,Dimbokro,N'Zi,Ivory Coast,civ,"0.031000000000000","8665","51800.000000000000000","16.728000000000002","1","41.920000000000002","5.000000000000000","0.600","0.000","0.040","0.640","0.040","0.000","0.000","0.280","0.560","0.520","0.440","0.000000000000000","0"
Aboisso,Aboisso,Sud-Comoe,Ivory Coast,civ,"0.261000000000000","100903","64700.000000000000000","155.955000000000013","2","30.911764705882351","2.000000000000000","0.182","0.171","0.053","0.529","0.300","0.029","0.006","0.388","0.512","0.300","0.447","4.000000000000000","0"
Aboisso-Comoé,Alépé,Me,Ivory Coast,civ,"0.035000000000000","33471","23100.000000000000000","144.895999999999987","1","34.435897435897438","5.000000000000000","0.346","0.141","0.013","0.628","0.115","0.000","0.000","0.321","0.538","0.359","0.538","0.000000000000000","0"
Abongoua,Yakassé-Attobrou,Me,Ivory Coast,civ,"0.016000000000000","17497","18400.000000000000000","95.091999999999999","1","36.000000000000000","5.000000000000000","0.333","0.042","0.000","0.792","0.000","0.000","0.000","0.250","0.542","0.333","0.417","0.000000000000000","0"
Aboudé,Agboville,Agneby-Tiassa,Ivory Coast,civ,"0.007000000000000","28315","31600.000000000000000","89.603999999999999","1","36.763157894736842","5.000000000000000","0.553","0.053","0.053","0.132","0.474","0.026","0.000","0.447","0.500","0.500","0.500","0.000000000000000","0"
Adaou,Aboisso,Sud-Comoe,Ivory Coast,civ,"0.080000000000000","51050","39100.000000000000000","130.562999999999988","1","33.491071428571431","6.000000000000000","0.295","0.107","0.080","0.438","0.357","0.009","0.000","0.348","0.438","0.259","0.482","0.000000000000000","0"
Adiake,Adiaké,Sud-Comoe,Ivory Coast,civ,"0.072000000000000","50556","43200.000000000000000","117.028000000000006","1","33.914634146341463","5.000000000000000","0.341","0.110","0.110","0.500","0.317","0.000","0.000","0.500","0.671","0.329","0.451","0.000000000000000","0"
Adjouan,Aboisso,Sud-Comoe,Ivory Coast,civ,"0.123000000000000","28663","25100.000000000000000","114.194999999999993","1","32.840000000000003","2.000000000000000","0.040","0.200","0.240","0.440","0.400","0.000","0.000","0.560","0.640","0.280","0.520","1.000000000000000","0"
Adzopé,Adzopé,Me,Ivory Coast,civ,"0.212000000000000","156488","102000.000000000000000","153.419999999999987","2","33.473404255319146","5.000000000000000","0.085","0.181","0.133","0.309","0.468","0.027","0.000","0.420","0.543","0.261","0.489","3.000000000000000","0"
Afféry,Akoupé,Me,Ivory Coast,civ,"0.016000000000000","47109","65000.000000000000000","72.474999999999994","1","35.653061224489797","5.000000000000000","0.327","0.061","0.020","0.224","0.531","0.020","0.000","0.327","0.531","0.306","0.510","0.000000000000000","0"
Agboville,Agboville,Agneby-Tiassa,Ivory Coast,civ,"0.172000000000000","135082","87000.000000000000000","155.266999999999996","2","35.816000000000003","5.000000000000000","0.256","0.152","0.040","0.272","0.376","0.032","0.008","0.352","0.576","0.392","0.496","3.000000000000000","0"
Agnibilekrou,Agnibilékrou,Indenie-Djuablin,Ivory Coast,civ,"0.168000000000000","99501","44900.000000000000000","221.605999999999995","2","33.078947368421055","5.000000000000000","0.219","0.184","0.061","0.342","0.360","0.044","0.000","0.325","0.553","0.298","0.474","3.000000000000000","0"
Agou,Adzopé,Me,Ivory Coast,civ,"0.015000000000000","31091","34500.000000000000000","90.119000000000000","1","34.828571428571429","6.000000000000000","0.471","0.014","0.114","0.171","0.471","0.000","0.000","0.429","0.471","0.471","0.529","0.000000000000000","0"
Ahouanou,Grand-Lahou,Grands Ponts,Ivory Coast,civ,"0.006000000000000","33939","46300.000000000000000","73.302000000000007","1","34.386363636363633","2.000000000000000","0.443","0.114","0.023","0.466","0.330","0.011","0.000","0.386","0.636","0.330","0.466","0.000000000000000","0"
Akoboissué,Agnibilékrou,Indenie-Djuablin,Ivory Coast,civ,"0.025000000000000","36022","25300.000000000000000","142.378999999999991","1","38.119999999999997","5.000000000000000","0.760","0.040","0.000","0.920","0.000","0.000","0.000","0.480","0.480","0.400","0.440","0.000000000000000","1"
Akoupé,Akoupé,Me,Ivory Coast,civ,"0.022000000000000","79065","69800.000000000000000","113.274000000000001","1","34.838383838383841","5.000000000000000","0.313","0.071","0.051","0.283","0.485","0.010","0.000","0.354","0.566","0.364","0.495","0.000000000000000","0"
Alépé,Alépé,Me,Ivory Coast,civ,"0.068000000000000","60468","52700.000000000000000","114.739999999999995","1","33.722222222222221","5.000000000000000","0.333","0.111","0.083","0.139","0.500","0.000","0.000","0.472","0.500","0.444","0.417","0.000000000000000","0"
Allosso,Alépé,Me,Ivory Coast,civ,"0.124000000000000","13860","18600.000000000000000","74.516000000000005","1","35.272727272727273","1.000000000000000","0.364","0.182","0.091","0.727","0.045","0.000","0.000","0.727","0.682","0.318","0.455","1.000000000000000","0"
Amélékia,Abengourou,Indenie-Djuablin,Ivory Coast,civ,"0.021000000000000","25387","33500.000000000000000","75.781999999999996","1","36.363636363636367","5.000000000000000","0.818","0.045","0.045","0.682","0.136","0.000","0.000","0.682","0.682","0.636","0.455","0.000000000000000","0"
Ananda,Daoukro,Iffou,Ivory Coast,civ,"0.002000000000000","13166","54100.000000000000000","24.335999999999999","1","37.857142857142854","5.000000000000000","0.536","0.000","0.107","0.714","0.143","0.000","0.000","0.107","0.679","0.643","0.393","0.000000000000000","0"
Ananguié,Agboville,Agneby-Tiassa,Ivory Coast,civ,"0.008000000000000","18311","32700.000000000000000","55.997000000000000","1","29.930232558139537","5.000000000000000","0.488","0.070","0.023","0.535","0.256","0.000","0.000","0.256","0.419","0.326","0.442","0.000000000000000","0"
Andé,Bongouanou,Moronou,Ivory Coast,civ,"0.019000000000000","58287","32400.000000000000000","179.897999999999996","2","33.314049586776861","5.000000000000000","0.438","0.058","0.033","0.273","0.405","0.025","0.000","0.364","0.636","0.430","0.438","0.000000000000000","0"
Ando-Kékrénou,Béoumi,Gbeke,Ivory Coast,civ,"0.000000000000000","16826","31600.000000000000000","53.247000000000000","1","35.586206896551722","5.000000000000000","0.793","0.000","0.034","0.552","0.276","0.034","0.000","0.586","0.517","0.414","0.414","0.000000000000000","0"
Angoda,Toumodi,Belier,Ivory Coast,civ,"0.042000000000000","11819","24500.000000000000000","48.241000000000000","1","34.580645161290320","3.000000000000000","0.419","0.032","0.000","0.226","0.355","0.000","0.000","0.258","0.387","0.355","0.548","0.000000000000000","0"
Aniassué,Abengourou,Indenie-Djuablin,Ivory Coast,civ,"0.055000000000000","42729","65400.000000000000000","65.334999999999994","1","32.754385964912281","5.000000000000000","0.561","0.088","0.018","0.579","0.158","0.000","0.018","0.404","0.579","0.386","0.439","0.000000000000000","0"
Annepé,Adzopé,Me,Ivory Coast,civ,"0.009000000000000","25367","18900.000000000000000","134.217000000000013","1","39.260869565217391","5.000000000000000","0.826","0.000","0.000","0.217","0.348","0.000","0.000","0.391","0.783","0.739","0.435","0.000000000000000","0"
Anoumaba,M'Batto,Moronou,Ivory Coast,civ,"0.004000000000000","22572","31900.000000000000000","70.759000000000000","1","34.944444444444443","5.000000000000000","0.708","0.028","0.000","0.528","0.278","0.000","0.000","0.389","0.472","0.389","0.528","0.000000000000000","0"
Anyama,Abidjan,District Autonome D'Abidjan,Ivory Coast,civ,"0.400000000000000","389592","49800.000000000000000","782.312999999999988","3","33.191082802547768","5.000000000000000","0.045","0.185","0.127","0.389","0.439","0.006","0.000","0.357","0.497","0.280","0.465","5.000000000000000","0"
Arrah,Arrah,Moronou,Ivory Coast,civ,"0.015000000000000","45625","70500.000000000000000","64.715999999999994","1","34.923076923076920","6.000000000000000","0.308","0.173","0.038","0.365","0.404","0.019","0.019","0.231","0.654","0.500","0.346","0.000000000000000","0"
Assahara,M'Batto,Moronou,Ivory Coast,civ,"0.019000000000000","11495","18300.000000000000000","62.814000000000000","1","43.090909090909093","5.000000000000000","0.727","0.091","0.091","0.364","0.182","0.000","0.000","0.545","0.682","0.682","0.500","0.000000000000000","0"
Assié-Koumassi,Bongouanou,Moronou,Ivory Coast,civ,"0.017000000000000","21962","23700.000000000000000","92.667000000000002","1","39.652173913043477","5.000000000000000","0.696","0.043","0.043","0.522","0.174","0.000","0.000","0.217","0.739","0.565","0.478","0.000000000000000","0"
Assikoi,Adzopé,Me,Ivory Coast,civ,"0.018000000000000","20899","21400.000000000000000","97.659000000000006","1","37.633333333333333","5.000000000000000","0.600","0.000","0.000","0.267","0.300","0.000","0.000","0.400","0.333","0.133","0.533","0.000000000000000","0"
Assuéfry,Transua,Gontougo,Ivory Coast,civ,"0.002000000000000","45293","41800.000000000000000","108.355999999999995","1","37.920000000000002","5.000000000000000","0.640","0.080","0.000","0.560","0.200","0.000","0.000","0.560","0.800","0.680","0.480","0.000000000000000","1"
Attiégouakro,Attiégouakro,District Autonome De Yamoussoukro,Ivory Coast,civ,"0.035000000000000","14863","33900.000000000000000","43.844000000000001","1","34.156250000000000","5.000000000000000","0.500","0.156","0.063","0.500","0.250","0.031","0.000","0.281","0.438","0.469","0.344","0.000000000000000","0"
Attobrou,Agboville,Agneby-Tiassa,Ivory Coast,civ,"0.012000000000000","25972","42900.000000000000000","60.540999999999997","1","33.833333333333336","5.000000000000000","0.292","0.083","0.042","0.208","0.458","0.042","0.000","0.500","0.625","0.458","0.500","0.000000000000000","0"
Ayaou-Sran,Sakassou,Gbeke,Ivory Coast,civ,"0.002000000000000","16278","27600.000000000000000","58.978000000000002","1","36.535714285714285","5.000000000000000","0.750","0.000","0.000","0.500","0.179","0.000","0.000","0.500","0.429","0.464","0.500","0.000000000000000","0"
Azaguié,Agboville,Agneby-Tiassa,Ivory Coast,civ,"0.090000000000000","38066","35000.000000000000000","108.760000000000005","1","36.576923076923080","5.000000000000000","0.135","0.135","0.096","0.327","0.423","0.038","0.019","0.308","0.673","0.462","0.442","0.000000000000000","0"
Bacanda,Grand-Lahou,Grands Ponts,Ivory Coast,civ,"0.007000000000000","22926","32400.000000000000000","70.759000000000000","1","35.225806451612904","2.000000000000000","0.774","0.032","0.000","0.774","0.065","0.032","0.000","0.581","0.484","0.452","0.452","0.000000000000000","0"
Badikaha,Niakaramandougou,Hambol,Ivory Coast,civ,"0.002000000000000","27498","71300.000000000000000","38.567000000000000","1","36.844827586206897","5.000000000000000","0.845","0.000","0.017","0.845","0.017","0.000","0.017","0.569","0.397","0.379","0.483","0.000000000000000","0"
Bagohouo,Duékoué,Guemon,Ivory Coast,civ,"0.014000000000000","30001","46900.000000000000000","63.968000000000004","1","33.119999999999997","5.000000000000000","0.610","0.030","0.000","0.730","0.170","0.000","0.000","0.450","0.490","0.400","0.490","0.000000000000000","0"
Bako,Odienne,Kabadougou,Ivory Coast,civ,"0.000000000000000","28373","201000.000000000000000","14.116000000000000","1","33.111111111111114","1.000000000000000","0.861","0.000","0.000","1.000","0.000","0.000","0.000","0.417","0.389","0.306","0.444","0.000000000000000","0"
Bakoubly,Toulepleu,Cavally,Ivory Coast,civ,"0.000000000000000","7186","9350.000000000000000","76.855999999999995","1","30.708333333333332","6.000000000000000","0.583","0.125","0.000","0.625","0.333","0.000","0.000","0.542","0.708","0.542","0.458","0.000000000000000","1"
Bangolo,Bangolo,Guemon,Ivory Coast,civ,"0.013000000000000","56415","35500.000000000000000","158.914999999999992","2","34.915662650602407","6.000000000000000","0.482","0.048","0.084","0.494","0.301","0.000","0.000","0.602","0.578","0.482","0.530","0.000000000000000","0"
Bassawa,Dabakala,Hambol,Ivory Coast,civ,"0.000000000000000","21487","103000.000000000000000","20.861000000000001","1","30.399999999999999","5.000000000000000","0.900","0.000","0.000","0.800","0.067","0.000","0.000","0.567","0.367","0.367","0.467","0.000000000000000","0"
Bayota,Gagnoa,Goh,Ivory Coast,civ,"0.024000000000000","54139","27900.000000000000000","194.046999999999997","2","35.031250000000000","5.000000000000000","0.354","0.115","0.042","0.615","0.260","0.000","0.000","0.375","0.521","0.427","0.479","0.000000000000000","0"
Bazra-Nattis,Vavoua,Haut-Sassandra,Ivory Coast,civ,"0.010000000000000","67048","91400.000000000000000","73.356999999999999","1","30.777777777777779","5.000000000000000","0.861","0.028","0.028","0.722","0.056","0.000","0.000","0.250","0.500","0.556","0.444","0.000000000000000","0"
Bazré,Sinfra,Marahoue,Ivory Coast,civ,"0.061000000000000","30562","23000.000000000000000","132.877999999999986","1","35.777777777777779","5.000000000000000","0.250","0.194","0.000","0.528","0.167","0.028","0.000","0.278","0.472","0.472","0.500","0.000000000000000","0"
Bécédi-Brignan,Adzopé,Me,Ivory Coast,civ,"0.022000000000000","22614","14900.000000000000000","151.771999999999991","2","36.074074074074083","5.000000000000000","0.519","0.000","0.074","0.074","0.593","0.000","0.000","0.333","0.593","0.556","0.519","0.000000000000000","0"
Bécouéfin,Akoupé,Me,Ivory Coast,civ,"0.022000000000000","30525","33300.000000000000000","91.667000000000002","1","31.057142857142857","2.000000000000000","0.171","0.314","0.000","0.514","0.286","0.029","0.000","0.343","0.486","0.400","0.343","0.000000000000000","0"
Bédi-Gaozon,Guiglo,Cavally,Ivory Coast,civ,"0.008000000000000","26618","41200.000000000000000","64.606999999999999","1","31.142857142857142","2.000000000000000","0.750","0.036","0.000","0.893","0.036","0.000","0.000","0.500","0.500","0.464","0.536","0.000000000000000","0"
Bédiala,Daloa,Haut-Sassandra,Ivory Coast,civ,"0.013000000000000","84474","111000.000000000000000","76.102999999999994","1","34.454545454545453","6.000000000000000","0.657","0.030","0.020","0.465","0.263","0.000","0.000","0.434","0.495","0.434","0.455","0.000000000000000","0"
Bégbéssou,Bouaflé,Marahoue,Ivory Coast,civ,"0.028000000000000","24476","25100.000000000000000","97.513999999999996","1","29.187500000000000","6.000000000000000","0.188","0.219","0.094","0.469","0.406","0.000","0.000","0.344","0.625","0.563","0.500","0.000000000000000","0"
Bengassou,Bocanda,N'Zi,Ivory Coast,civ,"0.011000000000000","24655","35600.000000000000000","69.256000000000000","1","33.666666666666664","5.000000000000000","0.788","0.000","0.000","0.697","0.091","0.000","0.000","0.515","0.455","0.485","0.545","0.000000000000000","0"
Béoumi,Béoumi,Gbeke,Ivory Coast,civ,"0.000000000000000","85600","113000.000000000000000","75.751999999999995","1","34.350649350649348","6.000000000000000","0.636","0.039","0.013","0.584","0.221","0.000","0.013","0.390","0.481","0.429","0.455","0.000000000000000","0"
Bettié,Béttié,Indenie-Djuablin,Ivory Coast,civ,"0.000000000000000","33020","68200.000000000000000","48.415999999999997","1","33.280701754385966","5.000000000000000","0.491","0.088","0.035","0.298","0.368","0.053","0.000","0.509","0.684","0.439","0.456","0.000000000000000","0"
Biankouma,Biankouma,Tonkpi,Ivory Coast,civ,"0.013000000000000","71470","65300.000000000000000","109.448999999999998","1","34.399999999999999","5.000000000000000","0.433","0.183","0.050","0.583","0.300","0.017","0.000","0.450","0.450","0.417","0.450","0.000000000000000","0"
Bianouan,Aboisso,Sud-Comoe,Ivory Coast,civ,"0.000000000000000","49647","54300.000000000000000","91.430999999999997","1","34.563636363636363","5.000000000000000","0.345","0.182","0.036","0.545","0.182","0.000","0.036","0.509","0.582","0.418","0.473","0.000000000000000","1"
Biéby,Yakassé-Attobrou,Me,Ivory Coast,civ,"0.008000000000000","24178","64000.000000000000000","37.777999999999999","1","37.043478260869563","5.000000000000000","0.609","0.174","0.000","0.522","0.217","0.000","0.000","0.522","0.696","0.522","0.391","0.000000000000000","0"
Bin-Houyé,Zouan-Hounien,Tonkpi,Ivory Coast,civ,"0.000000000000000","30796","21400.000000000000000","143.907000000000011","1","32.742857142857140","2.000000000000000","0.057","0.143","0.171","0.371","0.371","0.029","0.000","0.486","0.571","0.371","0.571","0.000000000000000","1"
Bingerville,Abidjan,District Autonome D'Abidjan,Ivory Coast,civ,"0.517000000000000","204656","30500.000000000000000","671.003000000000043","3","36.174603174603178","5.000000000000000","0.000","0.111","0.095","0.238","0.381","0.159","0.079","0.333","0.476","0.127","0.524","6.000000000000000","0"
Blapleu,Biankouma,Tonkpi,Ivory Coast,civ,"0.044000000000000","25371","17900.000000000000000","141.736999999999995","1","34.304347826086953","5.000000000000000","0.739","0.000","0.000","0.609","0.087","0.000","0.000","0.826","0.478","0.478","0.435","0.000000000000000","0"
Bléniméouin,Bangolo,Guemon,Ivory Coast,civ,"0.000000000000000","18593","22700.000000000000000","81.906999999999996","1","34.115384615384613","5.000000000000000","0.558","0.154","0.019","0.654","0.019","0.038","0.019","0.596","0.577","0.404","0.538","0.000000000000000","0"
Bloléquin,Bloléquin,Cavally,Ivory Coast,civ,"0.000000000000000","123133","167000.000000000000000","73.731999999999999","1","32.218487394957982","6.000000000000000","0.328","0.134","0.025","0.639","0.168","0.000","0.008","0.353","0.487","0.378","0.479","0.000000000000000","1"
Bobi-Diarabana,Séguéla,Worodougou,Ivory Coast,civ,"0.006000000000000","32201","95300.000000000000000","33.789000000000001","1","32.892857142857146","2.000000000000000","0.625","0.054","0.018","0.625","0.143","0.000","0.036","0.661","0.500","0.393","0.446","0.000000000000000","0"
Bocanda,Bocanda,N'Zi,Ivory Coast,civ,"0.002000000000000","59242","131000.000000000000000","45.222999999999999","1","37.901315789473685","5.000000000000000","0.638","0.092","0.007","0.559","0.243","0.000","0.000","0.349","0.572","0.474","0.447","0.000000000000000","0"
Bodokro,Béoumi,Gbeke,Ivory Coast,civ,"0.001000000000000","37048","38400.000000000000000","96.478999999999999","1","46.217391304347821","3.000000000000000","0.652","0.087","0.000","0.652","0.087","0.000","0.000","0.435","0.739","0.652","0.522","0.000000000000000","0"
Boguédia,Issia,Haut-Sassandra,Ivory Coast,civ,"0.052000000000000","26336","28900.000000000000000","91.128000000000000","1","37.280000000000001","5.000000000000000","0.360","0.040","0.040","0.360","0.360","0.000","0.000","0.560","0.440","0.440","0.560","0.000000000000000","0"
Boli,Didievi,Belier,Ivory Coast,civ,"0.003000000000000","14006","30400.000000000000000","46.072000000000003","1","30.100000000000001","5.000000000000000","0.900","0.033","0.000","0.600","0.267","0.000","0.000","0.233","0.400","0.433","0.500","0.000000000000000","0"
Bondo,Bondoukou,Gontougo,Ivory Coast,civ,"0.000000000000000","48074","119500.000000000000000","40.228999999999999","1","37.758620689655174","5.000000000000000","0.724","0.000","0.034","0.793","0.069","0.000","0.034","0.138","0.483","0.345","0.276","0.000000000000000","1"
Bondoukou,Bondoukou,Gontougo,Ivory Coast,civ,"0.168000000000000","141568","72500.000000000000000","195.265999999999991","2","33.482758620689658","5.000000000000000","0.060","0.190","0.086","0.362","0.388","0.069","0.000","0.328","0.552","0.259","0.483","2.000000000000000","1"
Bongo,Grand-Bassam,Sud-Comoe,Ivory Coast,civ,"0.072000000000000","24148","28000.000000000000000","86.242999999999995","1","37.312500000000000","2.000000000000000","0.438","0.188","0.125","0.656","0.094","0.000","0.000","0.406","0.656","0.438","0.438","0.000000000000000","0"
Bongouanou,Bongouanou,Moronou,Ivory Coast,civ,"0.168000000000000","74281","58500.000000000000000","126.975999999999999","1","34.580882352941174","5.000000000000000","0.265","0.235","0.051","0.368","0.404","0.015","0.007","0.338","0.581","0.426","0.441","2.000000000000000","0"
Bonguéra,M'Bahiakro,Iffou,Ivory Coast,civ,"0.000000000000000","18301","51200.000000000000000","35.744000000000000","1","37.000000000000000","2.000000000000000","0.739","0.043","0.000","0.783","0.174","0.000","0.000","0.217","0.565","0.565","0.391","0.000000000000000","0"
Bonieredougou,Dabakala,Hambol,Ivory Coast,civ,"0.001000000000000","27696","82700.000000000000000","33.490000000000002","1","33.222222222222221","5.000000000000000","0.556","0.148","0.037","0.537","0.259","0.000","0.019","0.648","0.574","0.519","0.500","0.000000000000000","0"
Bonikro,Djekanou,Belier,Ivory Coast,civ,"0.023000000000000","10337","18100.000000000000000","57.109999999999999","1","37.054545454545455","6.000000000000000","0.691","0.055","0.073","0.364","0.382","0.000","0.000","0.273","0.600","0.418","0.545","0.000000000000000","0"
Bonon,Bouaflé,Marahoue,Ivory Coast,civ,"0.012000000000000","116871","96900.000000000000000","120.609999999999999","1","33.324840764331213","5.000000000000000","0.529","0.102","0.051","0.618","0.223","0.019","0.000","0.427","0.510","0.427","0.516","0.000000000000000","0"
Bonoua,Grand-Bassam,Sud-Comoe,Ivory Coast,civ,"0.263000000000000","118388","53100.000000000000000","222.953000000000003","2","34.193277310924373","3.000000000000000","0.210","0.160","0.076","0.437","0.319","0.008","0.017","0.496","0.639","0.361","0.454","3.000000000000000","1"
Booko,Koro,Bafing,Ivory Coast,civ,"0.000000000000000","22894","88200.000000000000000","25.957000000000001","1","34.794520547945204","3.000000000000000","0.644","0.068","0.068","0.808","0.055","0.000","0.000","0.438","0.466","0.466","0.479","0.000000000000000","1"
Boron,Dikodougou,Poro,Ivory Coast,civ,"0.000000000000000","72414","272900.000000000000000","26.535000000000000","1","33.055555555555557","5.000000000000000","0.622","0.000","0.000","0.867","0.067","0.000","0.022","0.478","0.311","0.311","0.522","0.000000000000000","0"
Borotou,Koro,Bafing,Ivory Coast,civ,"0.000000000000000","5202","44500.000000000000000","11.690000000000000","1","38.709677419354840","1.000000000000000","0.677","0.000","0.065","0.871","0.032","0.000","0.000","0.581","0.548","0.484","0.452","0.000000000000000","0"
Botro,Botro,Gbeke,Ivory Coast,civ,"0.011000000000000","36461","30600.000000000000000","119.153999999999996","1","34.880000000000003","5.000000000000000","0.480","0.040","0.120","0.360","0.360","0.040","0.000","0.280","0.520","0.360","0.520","0.000000000000000","0"
Bouaflé,Bouaflé,Marahoue,Ivory Coast,civ,"0.174000000000000","213967","125000.000000000000000","171.174000000000007","2","33.535269709543570","5.000000000000000","0.320","0.166","0.071","0.510","0.336","0.004","0.000","0.382","0.548","0.419","0.444","2.000000000000000","0"
Bouaké,Bouaké,Gbeke,Ivory Coast,civ,"0.417000000000000","832371","177000.000000000000000","470.266000000000020","2","32.591471801925721","6.000000000000000","0.054","0.224","0.073","0.340","0.389","0.095","0.012","0.409","0.521","0.309","0.469","17.000000000000000","0"
Bouandougou,Mankono,Bere,Ivory Coast,civ,"0.000000000000000","45494","128000.000000000000000","35.542000000000002","1","34.754098360655739","5.000000000000000","0.410","0.197","0.082","0.590","0.197","0.000","0.033","0.508","0.492","0.426","0.443","0.000000000000000","0"
Bougou,M'Bengué,Poro,Ivory Coast,civ,"0.005000000000000","16369","45700.000000000000000","35.817999999999998","1","37.350000000000001","5.000000000000000","0.650","0.000","0.050","1.000","0.000","0.000","0.000","0.750","0.450","0.450","0.450","0.000000000000000","1"
Bougousso,Odienne,Kabadougou,Ivory Coast,civ,"0.005000000000000","10151","44900.000000000000000","22.608000000000001","1","32.517241379310342","2.000000000000000","0.621","0.034","0.034","0.724","0.034","0.000","0.000","0.655","0.483","0.448","0.448","0.000000000000000","1"
Bouko,Bouna,Bounkani,Ivory Coast,civ,"0.000000000000000","24550","64300.000000000000000","38.180000000000000","1","31.750000000000000","5.000000000000000","1.000","0.000","0.000","0.964","0.000","0.000","0.000","0.571","0.393","0.536","0.464","0.000000000000000","1"
Bouna,Bouna,Bounkani,Ivory Coast,civ,"0.000000000000000","94883","228000.000000000000000","41.615000000000002","1","32.563025210084035","5.000000000000000","0.471","0.143","0.034","0.580","0.277","0.017","0.008","0.345","0.479","0.403","0.420","0.000000000000000","1"
Bounda,Bouaké,Gbeke,Ivory Coast,civ,"0.011000000000000","15710","40800.000000000000000","38.505000000000003","1","32.393939393939391","5.000000000000000","0.727","0.030","0.030","0.515","0.212","0.000","0.000","0.273","0.364","0.273","0.424","0.000000000000000","0"
Boundiali,Boundiali,Bagoue,Ivory Coast,civ,"0.212000000000000","92792","148000.000000000000000","62.697000000000003","1","32.826815642458101","5.000000000000000","0.369","0.145","0.106","0.676","0.184","0.000","0.000","0.447","0.514","0.330","0.469","4.000000000000000","0"
Buyo,Buyo,Nawa,Ivory Coast,civ,"0.005000000000000","100848","129000.000000000000000","78.177000000000007","1","33.449541284403672","5.000000000000000","0.413","0.083","0.073","0.661","0.138","0.018","0.037","0.422","0.615","0.514","0.532","0.000000000000000","0"
Cechi,Agboville,Agneby-Tiassa,Ivory Coast,civ,"0.003000000000000","25967","28700.000000000000000","90.477000000000004","1","33.413793103448278","5.000000000000000","0.621","0.069","0.000","0.414","0.276","0.000","0.000","0.690","0.517","0.483","0.483","0.000000000000000","0"
Chiépo,Divo,Loh-Djiboua,Ivory Coast,civ,"0.014000000000000","26330","56800.000000000000000","46.356000000000002","1","36.482758620689658","2.000000000000000","0.759","0.103","0.000","0.655","0.034","0.034","0.000","0.483","0.586","0.517","0.483","0.000000000000000","0"
Dabakala,Dabakala,Hambol,Ivory Coast,civ,"0.000000000000000","78634","194000.000000000000000","40.533000000000001","1","32.943181818181820","2.000000000000000","0.409","0.216","0.091","0.727","0.148","0.000","0.000","0.466","0.545","0.455","0.466","0.000000000000000","0"
Dabou,Dabou,Grands Ponts,Ivory Coast,civ,"0.224000000000000","138083","48000.000000000000000","287.673000000000002","2","31.789855072463769","5.000000000000000","0.076","0.199","0.094","0.257","0.489","0.018","0.033","0.250","0.547","0.304","0.464","3.000000000000000","0"
Dabouyo,Guéyo,Nawa,Ivory Coast,civ,"0.004000000000000","45751","60000.000000000000000","76.251999999999995","1","36.031250000000000","5.000000000000000","0.563","0.094","0.031","0.688","0.219","0.000","0.000","0.266","0.469","0.422","0.391","0.000000000000000","0"
Dahiépa-Kéhi,Gagnoa,Goh,Ivory Coast,civ,"0.039000000000000","20827","20500.000000000000000","101.594999999999999","1","40.500000000000000","5.000000000000000","0.679","0.036","0.071","0.714","0.071","0.000","0.000","0.714","0.500","0.393","0.536","0.000000000000000","0"
Dahiri,Fresco,Gbokle,Ivory Coast,civ,"0.001000000000000","34821","69500.000000000000000","50.101999999999997","1","34.048387096774192","5.000000000000000","0.694","0.081","0.032","0.677","0.097","0.000","0.000","0.387","0.645","0.516","0.516","0.000000000000000","0"
Dairo Didizo,Guitry,Loh-Djiboua,Ivory Coast,civ,"0.017000000000000","59267","62000.000000000000000","95.591999999999999","1","34.943089430894311","5.000000000000000","0.626","0.138","0.041","0.732","0.122","0.008","0.000","0.447","0.683","0.545","0.488","0.000000000000000","0"
Dakpadou,Sassandra,Gbokle,Ivory Coast,civ,"0.009000000000000","71998","54100.000000000000000","133.082999999999998","1","33.295238095238098","6.000000000000000","0.543","0.171","0.038","0.648","0.152","0.010","0.000","0.305","0.476","0.410","0.448","0.000000000000000","0"
Daleu,Danané,Tonkpi,Ivory Coast,civ,"0.014000000000000","56653","79800.000000000000000","70.994000000000000","1","41.535714285714285","6.000000000000000","0.821","0.143","0.000","0.679","0.179","0.000","0.000","0.571","0.536","0.536","0.429","0.000000000000000","1"
Daloa,Daloa,Haut-Sassandra,Ivory Coast,civ,"0.394000000000000","421879","108000.000000000000000","390.629000000000019","2","32.297297297297298","5.000000000000000","0.170","0.170","0.044","0.440","0.381","0.052","0.002","0.371","0.445","0.268","0.469","13.000000000000000","0"
Damé,Agnibilékrou,Indenie-Djuablin,Ivory Coast,civ,"0.026000000000000","23691","15000.000000000000000","157.939999999999998","2","36.200000000000003","4.000000000000000","0.360","0.120","0.120","0.280","0.280","0.040","0.000","0.080","0.640","0.240","0.360","0.000000000000000","1"
Danané,Danané,Tonkpi,Ivory Coast,civ,"0.114000000000000","131586","68300.000000000000000","192.658999999999992","2","32.834532374100718","6.000000000000000","0.259","0.165","0.065","0.525","0.302","0.000","0.014","0.511","0.496","0.353","0.417","1.000000000000000","1"
Dananon,Vavoua,Haut-Sassandra,Ivory Coast,civ,"0.001000000000000","36746","96300.000000000000000","38.158000000000001","1","37.000000000000000","5.000000000000000","0.769","0.000","0.038","0.692","0.115","0.000","0.000","0.692","0.577","0.500","0.462","0.000000000000000","0"
Danguira,Alépé,Me,Ivory Coast,civ,"0.012000000000000","55413","149000.000000000000000","37.189999999999998","1","38.115384615384613","5.000000000000000","0.538","0.077","0.026","0.462","0.192","0.000","0.000","0.410","0.590","0.551","0.500","0.000000000000000","0"
Dania,Vavoua,Haut-Sassandra,Ivory Coast,civ,"0.000000000000000","106612","145000.000000000000000","73.525999999999996","1","33.707692307692305","3.000000000000000","0.877","0.062","0.000","0.708","0.185","0.000","0.000","0.446","0.569","0.569","0.477","0.000000000000000","0"
Danoa,Doropo,Bounkani,Ivory Coast,civ,"0.000000000000000","13502","35700.000000000000000","37.820999999999998","1","30.850000000000001","5.000000000000000","0.950","0.000","0.000","1.000","0.000","0.000","0.000","0.300","0.400","0.400","0.400","0.000000000000000","1"
Daoukro,Daoukro,Iffou,Ivory Coast,civ,"0.168000000000000","101136","86300.000000000000000","117.191000000000003","1","33.231578947368419","6.000000000000000","0.400","0.068","0.063","0.368","0.400","0.005","0.005","0.268","0.584","0.463","0.495","2.000000000000000","0"
Dapéoua,Buyo,Nawa,Ivory Coast,civ,"0.115000000000000","75721","108000.000000000000000","70.111999999999995","1","36.319327731092429","5.000000000000000","0.420","0.050","0.034","0.647","0.176","0.017","0.034","0.378","0.487","0.370","0.454","0.000000000000000","0"
Diabo,Botro,Gbeke,Ivory Coast,civ,"0.041000000000000","93224","108509.000000000000000","85.914000000000001","1","35.372448979591837","3.000000000000000","0.597","0.031","0.005","0.679","0.204","0.005","0.000","0.316","0.628","0.454","0.434","0.000000000000000","0"
Diamarakro,Béttié,Indenie-Djuablin,Ivory Coast,civ,"0.001000000000000","36621","42600.000000000000000","85.965000000000003","1","36.096774193548384","5.000000000000000","0.419","0.210","0.065","0.710","0.129","0.000","0.000","0.403","0.645","0.435","0.435","0.000000000000000","1"
Diangokro,Dimbokro,N'Zi,Ivory Coast,civ,"0.035000000000000","16135","24500.000000000000000","65.856999999999999","1","39.174603174603178","5.000000000000000","0.746","0.016","0.000","0.492","0.159","0.000","0.000","0.381","0.651","0.540","0.540","0.000000000000000","0"
Dianra,Dianra,Bere,Ivory Coast,civ,"0.000000000000000","61527","157000.000000000000000","39.189000000000000","1","34.570469798657719","5.000000000000000","0.544","0.094","0.067","0.671","0.181","0.007","0.034","0.416","0.443","0.389","0.463","0.000000000000000","0"
Dianra-Village,Dianra,Bere,Ivory Coast,civ,"0.000000000000000","57619","149000.000000000000000","38.670000000000002","1","31.309734513274336","5.000000000000000","0.699","0.097","0.027","0.796","0.080","0.000","0.009","0.389","0.442","0.372","0.460","0.000000000000000","0"
Diawala,Ouangolodougou,Tchologo,Ivory Coast,civ,"0.006000000000000","85334","182000.000000000000000","46.887000000000000","1","33.632530120481931","5.000000000000000","0.608","0.096","0.042","0.759","0.151","0.012","0.006","0.512","0.434","0.343","0.506","0.000000000000000","1"
Didievi,Didievi,Belier,Ivory Coast,civ,"0.004000000000000","26500","44300.000000000000000","59.819000000000003","1","39.833333333333336","5.000000000000000","0.400","0.267","0.000","0.633","0.267","0.000","0.000","0.300","0.433","0.400","0.367","0.000000000000000","0"
Didoko,Divo,Loh-Djiboua,Ivory Coast,civ,"0.035000000000000","34280","26000.000000000000000","131.846000000000004","1","33.439999999999998","5.000000000000000","0.760","0.000","0.040","0.640","0.240","0.000","0.000","0.800","0.680","0.440","0.480","0.000000000000000","0"
Diégonéfla,Oumé,Goh,Ivory Coast,civ,"0.030000000000000","74076","44100.000000000000000","167.973000000000013","2","34.926829268292686","5.000000000000000","0.317","0.098","0.110","0.488","0.232","0.037","0.000","0.524","0.585","0.390","0.476","0.000000000000000","0"
Diéouzon,Bangolo,Guemon,Ivory Coast,civ,"0.003000000000000","18316","11900.000000000000000","153.915999999999997","2","34.032258064516128","5.000000000000000","0.258","0.161","0.032","0.484","0.323","0.000","0.000","0.484","0.548","0.419","0.452","0.000000000000000","0"
Dignago,Gagnoa,Goh,Ivory Coast,civ,"0.008000000000000","35712","39900.000000000000000","89.504000000000005","1","37.324324324324323","5.000000000000000","0.459","0.027","0.000","0.405","0.324","0.000","0.000","0.270","0.568","0.405","0.486","0.000000000000000","0"
Dikodougou,Dikodougou,Poro,Ivory Coast,civ,"0.000000000000000","47935","124000.000000000000000","38.656999999999996","1","36.857142857142854","5.000000000000000","0.490","0.082","0.020","0.837","0.082","0.000","0.000","0.388","0.490","0.306","0.408","0.000000000000000","0"
Dimandougou,Sandegue,Gontougo,Ivory Coast,civ,"0.000000000000000","9190","58600.000000000000000","15.683000000000000","1","36.466666666666669","5.000000000000000","0.967","0.000","0.000","0.933","0.033","0.000","0.000","0.667","0.500","0.500","0.567","0.000000000000000","0"
Dimbokro,Dimbokro,N'Zi,Ivory Coast,civ,"0.171000000000000","70198","43600.000000000000000","161.004999999999995","2","32.717277486910994","6.000000000000000","0.293","0.105","0.073","0.298","0.450","0.031","0.005","0.236","0.524","0.330","0.529","3.000000000000000","0"
Dioulatiedougou,Odienne,Kabadougou,Ivory Coast,civ,"0.000000000000000","20285","158000.000000000000000","12.839000000000000","1","35.700000000000003","1.000000000000000","0.767","0.033","0.000","0.900","0.000","0.000","0.000","0.567","0.400","0.467","0.500","0.000000000000000","0"
Divo,Divo,Loh-Djiboua,Ivory Coast,civ,"0.214000000000000","294559","94900.000000000000000","310.389000000000010","2","33.802197802197803","6.000000000000000","0.220","0.179","0.092","0.352","0.451","0.022","0.011","0.399","0.571","0.322","0.476","3.000000000000000","0"
Djamandioké,Tabou,San Pedro,Ivory Coast,civ,"0.008000000000000","22824","49500.000000000000000","46.109000000000002","1","34.607142857142854","5.000000000000000","0.821","0.036","0.000","0.393","0.286","0.000","0.036","0.500","0.500","0.500","0.429","0.000000000000000","1"
Djébonoua,Bouaké,Gbeke,Ivory Coast,civ,"0.013000000000000","40481","29500.000000000000000","137.223999999999990","1","34.319148936170215","5.000000000000000","0.362","0.021","0.085","0.574","0.319","0.000","0.000","0.277","0.532","0.511","0.426","0.000000000000000","0"
Djibrosso,Kani,Worodougou,Ivory Coast,civ,"0.000000000000000","22484","179000.000000000000000","12.561000000000000","1","35.555555555555557","1.000000000000000","0.667","0.133","0.000","0.844","0.067","0.000","0.044","0.356","0.467","0.422","0.467","0.000000000000000","0"
Djouroutou,Tabou,San Pedro,Ivory Coast,civ,"0.000000000000000","91316","233000.000000000000000","39.191000000000003","1","35.350000000000001","5.000000000000000","0.133","0.167","0.200","0.633","0.167","0.017","0.017","0.483","0.650","0.333","0.517","0.000000000000000","1"
Doba,San Pédro,San Pedro,Ivory Coast,civ,"0.014000000000000","95246","201000.000000000000000","47.386000000000003","1","34.437086092715234","5.000000000000000","0.748","0.040","0.040","0.629","0.212","0.013","0.007","0.510","0.762","0.457","0.510","0.000000000000000","0"
Dogbo,San Pédro,San Pedro,Ivory Coast,civ,"0.000000000000000","61632","152000.000000000000000","40.546999999999997","1","33.916666666666664","5.000000000000000","0.542","0.250","0.125","0.667","0.208","0.000","0.000","0.333","0.833","0.667","0.542","0.000000000000000","0"
Doké,Bloléquin,Cavally,Ivory Coast,civ,"0.000000000000000","35677","30600.000000000000000","116.591999999999999","1","33.916666666666664","6.000000000000000","0.583","0.000","0.000","0.625","0.167","0.000","0.000","0.750","0.500","0.500","0.500","0.000000000000000","0"
Domangbeu,Zoukougbeu,Haut-Sassandra,Ivory Coast,civ,"0.000000000000000","18183","40800.000000000000000","44.566000000000003","1","37.000000000000000","6.000000000000000","0.769","0.038","0.000","0.731","0.038","0.000","0.000","0.423","0.385","0.385","0.538","0.000000000000000","0"
Doropo,Doropo,Bounkani,Ivory Coast,civ,"0.000000000000000","48225","78500.000000000000000","61.433000000000000","1","34.709090909090911","5.000000000000000","0.636","0.109","0.036","0.818","0.055","0.000","0.000","0.418","0.545","0.473","0.382","0.000000000000000","1"
Dougroupalégnoa,Gagnoa,Goh,Ivory Coast,civ,"0.103000000000000","58655","28700.000000000000000","204.372999999999990","2","35.160714285714285","6.000000000000000","0.625","0.018","0.054","0.643","0.179","0.000","0.000","0.518","0.607","0.518","0.500","0.000000000000000","0"
Doukouyo,Gagnoa,Goh,Ivory Coast,civ,"0.023000000000000","18867","29100.000000000000000","64.834999999999994","1","34.172413793103445","5.000000000000000","0.655","0.069","0.000","0.586","0.138","0.000","0.000","0.517","0.483","0.483","0.517","0.000000000000000","0"
Dualla,Séguéla,Worodougou,Ivory Coast,civ,"0.008000000000000","9996","46300.000000000000000","21.590000000000000","1","36.791666666666664","2.000000000000000","0.667","0.083","0.000","0.792","0.042","0.042","0.000","0.417","0.583","0.583","0.500","0.000000000000000","0"
Duékoué,Duékoué,Guemon,Ivory Coast,civ,"0.276000000000000","220953","82700.000000000000000","267.173999999999978","2","33.888888888888886","5.000000000000000","0.370","0.111","0.037","0.481","0.333","0.005","0.000","0.528","0.509","0.310","0.472","5.000000000000000","0"
Duffrebo,Agnibilékrou,Indenie-Djuablin,Ivory Coast,civ,"0.011000000000000","44107","69200.000000000000000","63.738000000000000","1","34.552941176470590","5.000000000000000","0.741","0.024","0.000","0.612","0.129","0.012","0.012","0.376","0.482","0.471","0.447","0.000000000000000","0"
Ebilassokro,Abengourou,Indenie-Djuablin,Ivory Coast,civ,"0.009000000000000","28331","20800.000000000000000","136.206999999999994","1","35.151515151515149","2.000000000000000","0.333","0.212","0.061","0.455","0.303","0.030","0.030","0.485","0.606","0.485","0.333","0.000000000000000","1"
Ebonou,Grand-Lahou,Grands Ponts,Ivory Coast,civ,"0.000000000000000","18552","39800.000000000000000","46.613000000000000","1","37.648648648648646","5.000000000000000","0.351","0.054","0.162","0.757","0.135","0.000","0.027","0.378","0.568","0.459","0.378","0.000000000000000","1"
Ettrokro,Daoukro,Iffou,Ivory Coast,civ,"0.005000000000000","22963","69000.000000000000000","33.280000000000001","1","36.478260869565219","5.000000000000000","0.739","0.130","0.000","0.522","0.174","0.000","0.000","0.348","0.652","0.696","0.391","0.000000000000000","0"
Etuéboué,Adiaké,Sud-Comoe,Ivory Coast,civ,"0.049000000000000","15510","28500.000000000000000","54.420999999999999","1","36.619999999999997","5.000000000000000","0.340","0.080","0.100","0.480","0.280","0.040","0.020","0.540","0.480","0.380","0.440","0.000000000000000","1"
Facobly,Facobly,Guemon,Ivory Coast,civ,"0.029000000000000","27352","12700.000000000000000","215.370000000000005","2","33.916666666666664","3.000000000000000","0.500","0.056","0.083","0.389","0.083","0.028","0.000","0.500","0.500","0.389","0.500","0.000000000000000","0"
Fadiadougou,Kani,Worodougou,Ivory Coast,civ,"0.000000000000000","34552","107000.000000000000000","32.292000000000002","1","32.909090909090907","3.000000000000000","0.758","0.091","0.015","0.803","0.121","0.000","0.000","0.273","0.394","0.394","0.394","0.000000000000000","0"
Famienkro,Prikro,Iffou,Ivory Coast,civ,"0.000000000000000","17163","56900.000000000000000","30.163000000000000","1","37.222222222222221","1.000000000000000","0.370","0.111","0.074","0.593","0.222","0.000","0.000","0.333","0.407","0.407","0.333","0.000000000000000","0"
Fengolo,Madinani,Kabadougou,Ivory Coast,civ,"0.000000000000000","7462","48500.000000000000000","15.385999999999999","1","38.000000000000000","1.000000000000000","0.667","0.037","0.000","0.889","0.037","0.000","0.000","0.481","0.444","0.481","0.444","0.000000000000000","0"
Ferkéssédougou,Ferkessédougou,Tchologo,Ivory Coast,civ,"0.217000000000000","160267","220000.000000000000000","72.849000000000004","1","32.274436090225564","5.000000000000000","0.346","0.109","0.075","0.553","0.293","0.023","0.019","0.402","0.496","0.274","0.447","4.000000000000000","1"
Foumbolo,Dabakala,Hambol,Ivory Coast,civ,"0.000000000000000","29022","237000.000000000000000","12.246000000000000","1","31.793103448275861","5.000000000000000","0.759","0.000","0.069","0.586","0.103","0.000","0.000","0.517","0.517","0.379","0.483","0.000000000000000","0"
Foungbesso,Touba,Bafing,Ivory Coast,civ,"0.000000000000000","24562","65500.000000000000000","37.499000000000002","1","35.692307692307693","3.000000000000000","0.404","0.096","0.058","0.654","0.250","0.000","0.000","0.750","0.538","0.346","0.404","0.000000000000000","0"
Fresco,Fresco,Gbokle,Ivory Coast,civ,"0.000000000000000","48098","63300.000000000000000","75.983999999999995","1","31.776785714285715","5.000000000000000","0.241","0.232","0.080","0.420","0.402","0.018","0.009","0.339","0.518","0.375","0.518","0.000000000000000","1"
Fronan,Katiola,Hambol,Ivory Coast,civ,"0.011000000000000","56796","151000.000000000000000","37.613000000000000","1","32.560000000000002","5.000000000000000","0.920","0.040","0.000","0.680","0.080","0.000","0.000","0.480","0.560","0.560","0.560","0.000000000000000","0"
Gabiadji,San Pédro,San Pedro,Ivory Coast,civ,"0.032000000000000","113369","116000.000000000000000","97.731999999999999","1","34.265822784810126","5.000000000000000","0.544","0.095","0.063","0.532","0.234","0.006","0.006","0.342","0.589","0.443","0.519","0.000000000000000","0"
Gadouan,Daloa,Haut-Sassandra,Ivory Coast,civ,"0.023000000000000","62056","41800.000000000000000","148.459000000000003","1","35.776470588235291","6.000000000000000","0.682","0.035","0.035","0.565","0.224","0.000","0.012","0.353","0.494","0.482","0.435","0.000000000000000","0"
Gagnoa,Gagnoa,Goh,Ivory Coast,civ,"0.319000000000000","277044","89000.000000000000000","311.285000000000025","2","32.290322580645160","5.000000000000000","0.032","0.268","0.074","0.477","0.358","0.010","0.003","0.406","0.532","0.290","0.484","7.000000000000000","0"
Galébouo,Gagnoa,Goh,Ivory Coast,civ,"0.017000000000000","38550","39800.000000000000000","96.858999999999995","1","31.100000000000001","5.000000000000000","0.438","0.063","0.025","0.525","0.288","0.013","0.025","0.375","0.463","0.313","0.475","0.000000000000000","0"
Ganaoni,Boundiali,Bagoue,Ivory Coast,civ,"0.015000000000000","25216","119000.000000000000000","21.190000000000001","1","39.785714285714285","5.000000000000000","0.857","0.071","0.000","0.821","0.036","0.036","0.000","0.536","0.464","0.429","0.393","0.000000000000000","0"
Gbagbam,Fresco,Gbokle,Ivory Coast,civ,"0.007000000000000","24832","53700.000000000000000","46.241999999999997","1","38.206896551724135","5.000000000000000","0.655","0.121","0.052","0.672","0.121","0.000","0.017","0.310","0.621","0.552","0.431","0.000000000000000","0"
Gbapleu,Duékoué,Guemon,Ivory Coast,civ,"0.012000000000000","60833","50100.000000000000000","121.423000000000002","1","32.666666666666664","5.000000000000000","0.656","0.086","0.022","0.763","0.140","0.000","0.000","0.484","0.613","0.387","0.505","0.000000000000000","0"
Gboguhé,Daloa,Haut-Sassandra,Ivory Coast,civ,"0.048000000000000","69020","77400.000000000000000","89.173000000000002","1","37.814285714285717","5.000000000000000","0.543","0.014","0.043","0.529","0.300","0.000","0.000","0.429","0.400","0.386","0.457","0.000000000000000","0"
Gbolouville,Tiassalé,Agneby-Tiassa,Ivory Coast,civ,"0.005000000000000","42476","48000.000000000000000","88.492000000000004","1","38.031746031746032","6.000000000000000","0.762","0.000","0.016","0.492","0.222","0.000","0.016","0.508","0.571","0.524","0.508","0.000000000000000","0"
Gbon,Kouto,Bagoue,Ivory Coast,civ,"0.000000000000000","32189","87000.000000000000000","36.999000000000002","1","30.523076923076925","5.000000000000000","0.662","0.015","0.015","0.862","0.077","0.031","0.015","0.246","0.477","0.246","0.462","0.000000000000000","0"
Gbon-Houyé,Danané,Tonkpi,Ivory Coast,civ,"0.005000000000000","19090","25700.000000000000000","74.280000000000001","1","39.590909090909093","5.000000000000000","0.636","0.045","0.000","0.409","0.227","0.000","0.000","0.773","0.773","0.682","0.455","0.000000000000000","1"
Gbonné,Biankouma,Tonkpi,Ivory Coast,civ,"0.004000000000000","54809","96900.000000000000000","56.561999999999998","1","36.711111111111109","5.000000000000000","0.600","0.067","0.022","0.489","0.178","0.000","0.000","0.533","0.533","0.467","0.444","0.000000000000000","0"
Gnanmangui,Soubré,Nawa,Ivory Coast,civ,"0.020000000000000","83794","168000.000000000000000","49.877000000000002","1","33.755102040816325","6.000000000000000","0.551","0.082","0.027","0.633","0.143","0.027","0.020","0.463","0.565","0.388","0.476","0.000000000000000","0"
Gogo,Téhini,Bounkani,Ivory Coast,civ,"0.000000000000000","73128","168000.000000000000000","43.529000000000003","1","33.989690721649481","5.000000000000000","0.567","0.124","0.010","0.825","0.072","0.000","0.041","0.505","0.608","0.567","0.526","0.000000000000000","1"
Gohitafla,Zuénoula,Marahoue,Ivory Coast,civ,"0.000000000000000","46470","40100.000000000000000","115.885000000000005","1","36.480769230769234","5.000000000000000","0.769","0.077","0.019","0.481","0.154","0.000","0.019","0.538","0.577","0.577","0.500","0.000000000000000","0"
Gohouo-Zagna,Bangolo,Guemon,Ivory Coast,civ,"0.008000000000000","15564","17300.000000000000000","89.965000000000003","1","33.468750000000000","5.000000000000000","0.688","0.031","0.000","0.781","0.031","0.000","0.000","0.563","0.375","0.344","0.500","0.000000000000000","0"
Gomon,Sikensi,Agneby-Tiassa,Ivory Coast,civ,"0.017000000000000","34865","32100.000000000000000","108.614000000000004","1","38.458333333333336","5.000000000000000","0.306","0.111","0.097","0.292","0.319","0.000","0.014","0.528","0.569","0.444","0.444","0.000000000000000","0"
Gonaté,Daloa,Haut-Sassandra,Ivory Coast,civ,"0.061000000000000","44611","15800.000000000000000","282.348000000000013","2","34.178571428571431","1.000000000000000","0.464","0.000","0.036","0.929","0.036","0.000","0.000","0.607","0.464","0.286","0.500","0.000000000000000","0"
Goudouko,Lakota,Loh-Djiboua,Ivory Coast,civ,"0.016000000000000","32677","42800.000000000000000","76.347999999999999","1","34.677966101694913","5.000000000000000","0.644","0.051","0.034","0.610","0.254","0.000","0.000","0.576","0.559","0.424","0.559","0.000000000000000","0"
Gouékan,Ouaninou,Bafing,Ivory Coast,civ,"0.000000000000000","4592","23200.000000000000000","19.792999999999999","1","38.162162162162161","2.000000000000000","0.811","0.027","0.000","0.784","0.081","0.027","0.000","0.189","0.568","0.568","0.432","0.000000000000000","0"
Gouiné,Biankouma,Tonkpi,Ivory Coast,civ,"0.000000000000000","21835","137000.000000000000000","15.938000000000001","1","35.206896551724135","5.000000000000000","0.586","0.000","0.034","0.586","0.241","0.000","0.000","0.552","0.483","0.379","0.552","0.000000000000000","0"
Goulaleu,Zouan-Hounien,Tonkpi,Ivory Coast,civ,"0.000000000000000","30250","26200.000000000000000","115.457999999999998","1","37.454545454545453","5.000000000000000","0.773","0.000","0.000","0.500","0.227","0.000","0.000","0.455","0.409","0.318","0.500","0.000000000000000","1"
Goulia,Kaniasso,Folon,Ivory Coast,civ,"0.000000000000000","27121","177000.000000000000000","15.323000000000000","1","33.659217877094974","6.000000000000000","0.676","0.022","0.006","0.872","0.050","0.000","0.028","0.335","0.385","0.380","0.469","0.000000000000000","1"
Gouméré,Bondoukou,Gontougo,Ivory Coast,civ,"0.021000000000000","23870","29400.000000000000000","81.189999999999998","1","36.100000000000001","6.000000000000000","0.800","0.050","0.050","0.500","0.150","0.000","0.000","0.500","0.700","0.550","0.500","0.000000000000000","0"
Grabo,Tabou,San Pedro,Ivory Coast,civ,"0.009000000000000","53824","136000.000000000000000","39.576000000000001","1","33.117021276595743","6.000000000000000","0.649","0.096","0.032","0.702","0.255","0.011","0.021","0.415","0.553","0.426","0.532","0.000000000000000","1"
Grand-Bassam,Grand-Bassam,Sud-Comoe,Ivory Coast,civ,"0.425000000000000","124567","12700.000000000000000","980.842999999999961","3","33.857142857142854","5.000000000000000","0.000","0.329","0.129","0.307","0.386","0.093","0.000","0.343","0.657","0.357","0.471","7.000000000000000","1"
Grand-Béréby,San Pédro,San Pedro,Ivory Coast,civ,"0.002000000000000","129340","154000.000000000000000","83.986999999999995","1","33.063291139240505","5.000000000000000","0.627","0.070","0.044","0.665","0.127","0.000","0.000","0.437","0.652","0.462","0.519","0.000000000000000","1"
Grand-Morié,Agboville,Agneby-Tiassa,Ivory Coast,civ,"0.027000000000000","25302","17200.000000000000000","147.104999999999990","1","39.416666666666664","5.000000000000000","0.333","0.042","0.000","0.292","0.333","0.000","0.000","0.167","0.542","0.458","0.500","0.000000000000000","0"
Grand-Zatry,Soubré,Nawa,Ivory Coast,civ,"0.020000000000000","112049","104000.000000000000000","107.739000000000004","1","35.097560975609753","5.000000000000000","0.659","0.057","0.024","0.488","0.187","0.000","0.000","0.553","0.699","0.463","0.496","0.000000000000000","0"
Grand Lahou,Grand-Lahou,Grands Ponts,Ivory Coast,civ,"0.002000000000000","77479","110000.000000000000000","70.435000000000002","1","33.198473282442748","5.000000000000000","0.252","0.168","0.061","0.557","0.206","0.023","0.053","0.374","0.603","0.374","0.450","1.000000000000000","1"
Grihiri,Sassandra,Gbokle,Ivory Coast,civ,"0.019000000000000","41965","89700.000000000000000","46.783999999999999","1","33.306451612903224","5.000000000000000","0.621","0.153","0.040","0.645","0.145","0.000","0.000","0.476","0.581","0.444","0.516","0.000000000000000","0"
Guéhiébly,Duékoué,Guemon,Ivory Coast,civ,"0.039000000000000","52689","38200.000000000000000","137.929000000000002","1","34.234567901234570","5.000000000000000","0.605","0.086","0.012","0.407","0.346","0.000","0.000","0.506","0.556","0.432","0.519","0.000000000000000","0"
Guépahouo,Oumé,Goh,Ivory Coast,civ,"0.186000000000000","28007","18200.000000000000000","153.884999999999991","2","33.850000000000001","5.000000000000000","0.283","0.100","0.033","0.667","0.217","0.017","0.050","0.417","0.433","0.350","0.433","0.000000000000000","0"
Guessiguié,Agboville,Agneby-Tiassa,Ivory Coast,civ,"0.066000000000000","26167","47400.000000000000000","55.204999999999998","1","39.000000000000000","5.000000000000000","0.576","0.121","0.000","0.394","0.364","0.000","0.000","0.515","0.667","0.636","0.394","0.000000000000000","0"
Guéyo,Guéyo,Nawa,Ivory Coast,civ,"0.008000000000000","56462","27800.000000000000000","203.100999999999999","2","37.880000000000003","5.000000000000000","0.800","0.000","0.000","0.440","0.240","0.000","0.000","0.200","0.680","0.640","0.560","0.000000000000000","0"
Guézon,Duékoué,Guemon,Ivory Coast,civ,"0.010000000000000","66643","92300.000000000000000","72.203000000000003","1","38.363636363636367","5.000000000000000","0.636","0.000","0.000","0.682","0.182","0.045","0.000","0.682","0.500","0.409","0.591","0.000000000000000","0"
Guézon,Facobly,Guemon,Ivory Coast,civ,"0.010000000000000","66643","92300.000000000000000","72.203000000000003","1","38.363636363636367","5.000000000000000","0.636","0.000","0.000","0.682","0.182","0.045","0.000","0.682","0.500","0.409","0.591","0.000000000000000","0"
Guiberoua,Gagnoa,Goh,Ivory Coast,civ,"0.020000000000000","77669","56600.000000000000000","137.223999999999990","1","36.925619834710744","6.000000000000000","0.488","0.074","0.017","0.620","0.223","0.008","0.000","0.438","0.529","0.405","0.496","0.000000000000000","0"
Guiembé,Dikodougou,Poro,Ivory Coast,civ,"0.024000000000000","19872","51800.000000000000000","38.363000000000000","1","38.500000000000000","5.000000000000000","0.636","0.000","0.000","1.000","0.000","0.000","0.000","0.455","0.455","0.364","0.273","0.000000000000000","0"
Guiglo,Guiglo,Cavally,Ivory Coast,civ,"0.111000000000000","171454","193000.000000000000000","88.835999999999999","1","33.349397590361448","6.000000000000000","0.502","0.112","0.048","0.655","0.241","0.004","0.000","0.390","0.566","0.382","0.486","2.000000000000000","1"
Guinglo-Tahouaké,Bangolo,Guemon,Ivory Coast,civ,"0.004000000000000","17999","37700.000000000000000","47.743000000000002","1","34.346153846153847","5.000000000000000","0.385","0.038","0.038","0.154","0.346","0.038","0.000","0.538","0.423","0.385","0.462","0.000000000000000","0"
Guintéguéla,Touba,Bafing,Ivory Coast,civ,"0.000000000000000","34575","146000.000000000000000","23.681999999999999","1","35.682926829268290","2.000000000000000","0.671","0.122","0.024","0.720","0.073","0.037","0.000","0.524","0.524","0.427","0.463","0.000000000000000","0"
Guitry,Guitry,Loh-Djiboua,Ivory Coast,civ,"0.006000000000000","79231","90700.000000000000000","87.355000000000004","1","39.320000000000000","2.000000000000000","0.880","0.000","0.000","0.600","0.120","0.000","0.000","0.440","0.600","0.560","0.520","0.000000000000000","0"
Hiré,Divo,Loh-Djiboua,Ivory Coast,civ,"0.116000000000000","78139","43300.000000000000000","180.460000000000008","2","36.960784313725490","5.000000000000000","0.255","0.235","0.039","0.490","0.275","0.059","0.000","0.510","0.608","0.451","0.529","1.000000000000000","0"
Iboguhé,Issia,Haut-Sassandra,Ivory Coast,civ,"0.008000000000000","56481","66700.000000000000000","84.679000000000002","1","33.964285714285715","5.000000000000000","0.607","0.071","0.000","0.643","0.107","0.036","0.000","0.714","0.429","0.429","0.571","0.000000000000000","0"
Issia,Issia,Haut-Sassandra,Ivory Coast,civ,"0.172000000000000","126252","56100.000000000000000","225.048000000000002","2","32.640625000000000","5.000000000000000","0.398","0.203","0.031","0.445","0.328","0.000","0.000","0.297","0.594","0.430","0.469","2.000000000000000","0"
Jacqueville,Jacqueville,Grands Ponts,Ivory Coast,civ,"0.181000000000000","49694","53400.000000000000000","93.060000000000002","1","31.742268041237114","5.000000000000000","0.206","0.134","0.165","0.330","0.392","0.010","0.021","0.278","0.660","0.299","0.577","1.000000000000000","1"
Kaadé,Guiglo,Cavally,Ivory Coast,civ,"0.020000000000000","39413","56500.000000000000000","69.757999999999996","1","33.833333333333336","5.000000000000000","0.625","0.000","0.000","0.750","0.125","0.000","0.000","0.583","0.458","0.458","0.542","0.000000000000000","0"
Kadéko,Lakota,Loh-Djiboua,Ivory Coast,civ,"0.019000000000000","19959","16100.000000000000000","123.968999999999994","1","38.039999999999999","5.000000000000000","0.800","0.000","0.000","0.720","0.160","0.000","0.000","0.880","0.640","0.640","0.480","0.000000000000000","0"
Kahin-Zarabaon,Bangolo,Guemon,Ivory Coast,civ,"0.005000000000000","59759","29400.000000000000000","203.262000000000000","2","34.585585585585584","5.000000000000000","0.613","0.054","0.009","0.739","0.126","0.000","0.000","0.577","0.432","0.378","0.505","0.000000000000000","0"
Kakpin,Nassian,Bounkani,Ivory Coast,civ,"0.000000000000000","8441","45700.000000000000000","18.469999999999999","1","35.320000000000000","3.000000000000000","0.640","0.080","0.000","0.800","0.120","0.000","0.000","0.360","0.560","0.560","0.440","0.000000000000000","0"
Kanakono,Tengrela,Bagoue,Ivory Coast,civ,"0.000000000000000","30630","46500.000000000000000","65.870999999999995","1","36.759999999999998","5.000000000000000","0.280","0.240","0.020","0.760","0.120","0.000","0.080","0.680","0.720","0.480","0.500","0.000000000000000","1"
Kani,Kani,Worodougou,Ivory Coast,civ,"0.000000000000000","55109","145000.000000000000000","38.006000000000000","1","32.190909090909088","5.000000000000000","0.764","0.064","0.009","0.718","0.109","0.000","0.009","0.518","0.427","0.400","0.536","0.000000000000000","0"
Kaniasso,Kaniasso,Folon,Ivory Coast,civ,"0.003000000000000","18639","62000.000000000000000","30.062999999999999","1","34.500000000000000","1.000000000000000","0.590","0.080","0.000","0.870","0.040","0.000","0.030","0.370","0.370","0.310","0.430","0.000000000000000","0"
Kanoroba,Korhogo,Poro,Ivory Coast,civ,"0.000000000000000","24548","92400.000000000000000","26.567000000000000","1","36.000000000000000","5.000000000000000","0.697","0.091","0.030","0.879","0.091","0.000","0.000","0.394","0.485","0.455","0.485","0.000000000000000","0"
Kanzra,Zuénoula,Marahoue,Ivory Coast,civ,"0.000000000000000","36674","45800.000000000000000","80.073999999999998","1","35.857142857142854","5.000000000000000","0.750","0.036","0.000","0.429","0.250","0.000","0.000","0.286","0.429","0.464","0.464","0.000000000000000","0"
Kaouara,Ouangolodougou,Tchologo,Ivory Coast,civ,"0.012000000000000","33558","64900.000000000000000","51.707000000000001","1","30.729729729729726","1.000000000000000","0.811","0.000","0.000","0.973","0.000","0.000","0.000","0.297","0.297","0.324","0.405","0.000000000000000","1"
Karakoro,Korhogo,Poro,Ivory Coast,civ,"0.039000000000000","38188","116500.000000000000000","32.779000000000003","1","30.478260869565219","5.000000000000000","0.826","0.000","0.000","0.913","0.087","0.000","0.000","0.478","0.435","0.391","0.478","0.000000000000000","1"
Kasséré,Boundiali,Bagoue,Ivory Coast,civ,"0.002000000000000","39106","72500.000000000000000","53.939000000000000","1","32.766666666666666","5.000000000000000","0.667","0.067","0.033","0.800","0.133","0.000","0.000","0.500","0.533","0.400","0.500","0.000000000000000","0"
Katiola,Katiola,Hambol,Ivory Coast,civ,"0.176000000000000","90641","76500.000000000000000","118.484999999999999","1","33.250000000000000","5.000000000000000","0.405","0.128","0.061","0.554","0.311","0.014","0.000","0.459","0.446","0.345","0.480","2.000000000000000","0"
Katogo,M'Bengué,Poro,Ivory Coast,civ,"0.004000000000000","19749","44500.000000000000000","44.380000000000003","1","33.189189189189186","5.000000000000000","0.514","0.108","0.027","0.730","0.135","0.000","0.000","0.189","0.514","0.405","0.459","0.000000000000000","1"
Kétro-Bassam,Vavoua,Haut-Sassandra,Ivory Coast,civ,"0.005000000000000","24968","34700.000000000000000","71.953999999999994","1","34.558823529411768","5.000000000000000","0.765","0.029","0.059","0.500","0.382","0.000","0.000","0.500","0.559","0.559","0.441","0.000000000000000","0"
Kiémou,Korhogo,Poro,Ivory Coast,civ,"0.000000000000000","31958","88500.000000000000000","36.110999999999997","1","33.799999999999997","5.000000000000000","0.833","0.000","0.000","0.867","0.067","0.000","0.000","0.467","0.300","0.300","0.467","0.000000000000000","0"
Kimbirila-Nord,Minignan,Folon,Ivory Coast,civ,"0.000000000000000","9415","50600.000000000000000","18.606999999999999","1","35.057142857142857","1.000000000000000","0.743","0.057","0.029","0.800","0.029","0.000","0.000","0.571","0.486","0.371","0.457","0.000000000000000","1"
Kimbirila Sud,Samatiguila,Kabadougou,Ivory Coast,civ,"0.007000000000000","11933","59500.000000000000000","20.055000000000000","1","37.322580645161288","1.000000000000000","0.645","0.000","0.000","0.871","0.065","0.000","0.032","0.484","0.355","0.387","0.419","0.000000000000000","0"
Koffi-Amonkro,Prikro,Iffou,Ivory Coast,civ,"0.001000000000000","12933","36000.000000000000000","35.924999999999997","1","35.960000000000001","5.000000000000000","0.640","0.040","0.080","0.520","0.280","0.000","0.000","0.160","0.760","0.640","0.440","0.000000000000000","0"
Kokoumbo,Toumodi,Belier,Ivory Coast,civ,"0.043000000000000","34575","44700.000000000000000","77.349000000000004","1","36.682539682539677","5.000000000000000","0.333","0.159","0.063","0.476","0.238","0.016","0.048","0.381","0.603","0.429","0.460","0.000000000000000","0"
Kolia,Kouto,Bagoue,Ivory Coast,civ,"0.008000000000000","32113","111000.000000000000000","28.931000000000001","1","34.753424657534246","5.000000000000000","0.685","0.014","0.000","0.808","0.096","0.000","0.000","0.288","0.315","0.301","0.411","0.000000000000000","0"
Komborodougou,Korhogo,Poro,Ivory Coast,civ,"0.008000000000000","16703","32000.000000000000000","52.197000000000003","1","33.228571428571428","5.000000000000000","0.800","0.057","0.029","0.686","0.200","0.000","0.029","0.229","0.457","0.371","0.429","0.000000000000000","0"
Kondossou,M'Bahiakro,Iffou,Ivory Coast,civ,"0.000000000000000","10311","45800.000000000000000","22.513000000000002","1","36.161290322580648","5.000000000000000","0.806","0.032","0.000","0.645","0.129","0.000","0.000","0.581","0.613","0.516","0.613","0.000000000000000","0"
Kondrobo,Béoumi,Gbeke,Ivory Coast,civ,"0.000000000000000","18052","23700.000000000000000","76.168999999999997","1","36.458333333333336","5.000000000000000","0.792","0.042","0.000","0.542","0.125","0.000","0.000","0.458","0.542","0.500","0.500","0.000000000000000","0"
Kong,Kong,Tchologo,Ivory Coast,civ,"0.000000000000000","33391","263000.000000000000000","12.696000000000000","1","31.330275229357799","5.000000000000000","0.853","0.037","0.009","0.936","0.018","0.000","0.018","0.422","0.394","0.376","0.468","0.000000000000000","0"
Kongasso,Kounahiri,Bere,Ivory Coast,civ,"0.005000000000000","37281","63900.000000000000000","58.343000000000004","1","34.136363636363633","5.000000000000000","0.864","0.015","0.000","0.636","0.152","0.015","0.000","0.379","0.394","0.379","0.470","0.000000000000000","0"
Koni,Korhogo,Poro,Ivory Coast,civ,"0.074000000000000","17054","33900.000000000000000","50.307000000000002","1","35.666666666666664","5.000000000000000","0.778","0.111","0.000","1.000","0.000","0.000","0.000","0.519","0.407","0.222","0.444","0.000000000000000","0"
Kononfla,Sinfra,Marahoue,Ivory Coast,civ,"0.051000000000000","55427","50300.000000000000000","110.192999999999998","1","34.123809523809527","5.000000000000000","0.362","0.152","0.029","0.571","0.229","0.000","0.000","0.333","0.486","0.429","0.419","0.000000000000000","0"
Korhogo,Korhogo,Poro,Ivory Coast,civ,"0.414000000000000","440926","62000.000000000000000","711.171000000000049","3","31.905511811023626","5.000000000000000","0.118","0.230","0.102","0.524","0.335","0.028","0.000","0.370","0.531","0.329","0.476","14.000000000000000","0"
Koro,Koro,Bafing,Ivory Coast,civ,"0.000000000000000","96908","258300.000000000000000","37.518000000000001","1","35.610169491525426","3.000000000000000","0.432","0.102","0.178","0.593","0.254","0.068","0.000","0.551","0.602","0.339","0.449","0.000000000000000","1"
Kossou,Yamoussoukro,District Autonome De Yamoussoukro,Ivory Coast,civ,"0.047000000000000","32326","41200.000000000000000","78.460999999999999","1","34.353846153846156","5.000000000000000","0.292","0.138","0.062","0.446","0.292","0.031","0.031","0.400","0.631","0.477","0.508","0.000000000000000","0"
Kotobi,Arrah,Moronou,Ivory Coast,civ,"0.039000000000000","37595","23600.000000000000000","159.300999999999988","2","32.509433962264154","5.000000000000000","0.340","0.151","0.019","0.396","0.415","0.000","0.000","0.264","0.585","0.434","0.415","0.000000000000000","0"
Koua,Facobly,Guemon,Ivory Coast,civ,"0.004000000000000","11892","15300.000000000000000","77.724999999999994","1","35.899999999999999","5.000000000000000","0.550","0.100","0.050","0.600","0.200","0.000","0.100","0.650","0.850","0.550","0.550","0.000000000000000","0"
Kouadioblékro,Bocanda,N'Zi,Ivory Coast,civ,"0.009000000000000","20455","45200.000000000000000","45.253999999999998","1","32.533333333333331","6.000000000000000","0.667","0.033","0.033","0.700","0.100","0.000","0.000","0.300","0.500","0.433","0.400","0.000000000000000","0"
Kouakro,Aboisso,Sud-Comoe,Ivory Coast,civ,"0.008000000000000","34685","50500.000000000000000","68.683000000000007","1","43.181818181818173","2.000000000000000","0.364","0.091","0.045","0.591","0.273","0.000","0.000","0.773","0.545","0.500","0.591","0.000000000000000","1"
Kouan-Houlé,Danané,Tonkpi,Ivory Coast,civ,"0.013000000000000","36769","51600.000000000000000","71.257999999999996","1","30.906250000000000","5.000000000000000","0.906","0.063","0.000","0.469","0.063","0.000","0.000","0.375","0.344","0.344","0.563","0.000000000000000","1"
Kouassi-Datékro,Koun Fao,Gontougo,Ivory Coast,civ,"0.000000000000000","30328","113000.000000000000000","26.838999999999999","1","40.052631578947370","5.000000000000000","0.895","0.000","0.053","0.632","0.105","0.000","0.000","0.421","0.579","0.474","0.368","0.000000000000000","0"
Kouassi-Kouassikro,Kouassi-Kouassikro,N'Zi,Ivory Coast,civ,"0.000000000000000","24421","45000.000000000000000","54.268999999999998","1","37.385714285714286","5.000000000000000","0.629","0.043","0.014","0.571","0.271","0.000","0.000","0.200","0.543","0.443","0.329","0.000000000000000","0"
Kouassia-Niaguini,Transua,Gontougo,Ivory Coast,civ,"0.004000000000000","21522","24600.000000000000000","87.488000000000000","1","38.761904761904759","5.000000000000000","0.667","0.095","0.000","0.619","0.190","0.000","0.000","0.571","0.619","0.524","0.429","0.000000000000000","1"
Kouibly,Kouibly,Guemon,Ivory Coast,civ,"0.004000000000000","49047","24500.000000000000000","200.192000000000007","2","35.750000000000000","5.000000000000000","0.516","0.078","0.078","0.344","0.422","0.000","0.000","0.469","0.516","0.359","0.641","0.000000000000000","0"
Koumbala,Ferkessédougou,Tchologo,Ivory Coast,civ,"0.004000000000000","14531","52600.000000000000000","27.625000000000000","1","32.479999999999997","1.000000000000000","0.680","0.080","0.040","0.520","0.320","0.000","0.000","0.600","0.560","0.560","0.520","0.000000000000000","0"
Koun-Fao,Koun Fao,Gontougo,Ivory Coast,civ,"0.003000000000000","49280","104000.000000000000000","47.384999999999998","1","33.876923076923077","5.000000000000000","0.523","0.046","0.000","0.277","0.354","0.062","0.000","0.246","0.569","0.431","0.400","0.000000000000000","0"
Kounahiri,Kounahiri,Bere,Ivory Coast,civ,"0.001000000000000","63830","70600.000000000000000","90.411000000000001","1","33.235294117647058","5.000000000000000","0.456","0.176","0.059","0.632","0.176","0.000","0.000","0.412","0.544","0.412","0.397","0.000000000000000","0"
Kouto,Kouto,Bagoue,Ivory Coast,civ,"0.000000000000000","55893","66600.000000000000000","83.923000000000002","1","34.016949152542374","5.000000000000000","0.525","0.068","0.059","0.822","0.127","0.008","0.008","0.246","0.407","0.297","0.432","1.000000000000000","0"
Kpouèbo,Toumodi,Belier,Ivory Coast,civ,"0.011000000000000","33388","77900.000000000000000","42.859999999999999","1","39.083333333333336","5.000000000000000","0.583","0.125","0.083","0.479","0.188","0.000","0.000","0.229","0.646","0.583","0.417","0.000000000000000","0"
Krégbé,Arrah,Moronou,Ivory Coast,civ,"0.021000000000000","20626","60100.000000000000000","34.319000000000003","1","36.299999999999997","6.000000000000000","0.520","0.080","0.020","0.440","0.340","0.020","0.000","0.380","0.700","0.560","0.460","0.000000000000000","0"
Krofoinsou,Botro,Gbeke,Ivory Coast,civ,"0.025000000000000","13402","33300.000000000000000","40.246000000000002","1","35.937500000000000","5.000000000000000","0.906","0.031","0.000","0.750","0.031","0.000","0.000","0.531","0.531","0.531","0.469","0.000000000000000","0"
Lakota,Lakota,Loh-Djiboua,Ivory Coast,civ,"0.016000000000000","169330","102000.000000000000000","166.009999999999991","2","34.613636363636367","6.000000000000000","0.235","0.167","0.030","0.371","0.432","0.008","0.015","0.447","0.477","0.348","0.485","1.000000000000000","0"
Languibonou,Botro,Gbeke,Ivory Coast,civ,"0.010000000000000","32300","25400.000000000000000","127.165000000000006","1","36.799999999999997","5.000000000000000","0.740","0.080","0.020","0.600","0.240","0.000","0.000","0.460","0.440","0.420","0.440","0.000000000000000","0"
Laoudi-Ba,Bondoukou,Gontougo,Ivory Coast,civ,"0.002000000000000","98053","143000.000000000000000","68.569000000000003","1","34.447368421052630","5.000000000000000","0.553","0.105","0.066","0.684","0.092","0.013","0.000","0.289","0.579","0.447","0.461","0.000000000000000","0"
Lataha,Korhogo,Poro,Ivory Coast,civ,"0.032000000000000","26895","32500.000000000000000","82.754000000000005","1","36.589285714285715","5.000000000000000","0.786","0.036","0.018","0.857","0.107","0.000","0.018","0.321","0.357","0.321","0.393","0.000000000000000","0"
Lauzoua,Guitry,Loh-Djiboua,Ivory Coast,civ,"0.000000000000000","32024","57100.000000000000000","56.084000000000003","1","36.200000000000003","5.000000000000000","0.400","0.200","0.000","0.600","0.200","0.000","0.000","0.700","0.850","0.450","0.650","0.000000000000000","0"
Liliyo,Soubré,Nawa,Ivory Coast,civ,"0.031000000000000","82566","70700.000000000000000","116.784000000000006","1","34.393617021276597","6.000000000000000","0.660","0.043","0.032","0.628","0.170","0.000","0.000","0.564","0.532","0.436","0.489","0.000000000000000","0"
Lobakuya,Sassandra,Gbokle,Ivory Coast,civ,"0.017000000000000","42746","53000.000000000000000","80.653000000000006","1","35.352941176470587","5.000000000000000","0.588","0.059","0.024","0.576","0.212","0.000","0.012","0.435","0.506","0.376","0.482","0.000000000000000","0"
Logoualé,Man,Tonkpi,Ivory Coast,civ,"0.018000000000000","32854","20000.000000000000000","164.270000000000010","2","35.038461538461540","5.000000000000000","0.500","0.000","0.038","0.500","0.346","0.000","0.000","0.500","0.423","0.385","0.538","0.000000000000000","0"
Lolobo,Attiégouakro,District Autonome De Yamoussoukro,Ivory Coast,civ,"0.001000000000000","46236","61100.000000000000000","75.673000000000002","1","36.464788732394368","5.000000000000000","0.620","0.028","0.113","0.563","0.197","0.000","0.000","0.465","0.620","0.507","0.507","0.000000000000000","0"
Lolobo,Béoumi,Gbeke,Ivory Coast,civ,"0.001000000000000","46236","61100.000000000000000","75.673000000000002","1","36.464788732394368","5.000000000000000","0.620","0.028","0.113","0.563","0.197","0.000","0.000","0.465","0.620","0.507","0.507","0.000000000000000","0"
Lomokankro,Tiébissou,Belier,Ivory Coast,civ,"0.020000000000000","14988","42000.000000000000000","35.686000000000000","1","33.621621621621621","5.000000000000000","0.649","0.243","0.000","0.541","0.243","0.000","0.000","0.541","0.432","0.405","0.378","0.000000000000000","0"
Lopou,Dabou,Grands Ponts,Ivory Coast,civ,"0.045000000000000","35286","39100.000000000000000","90.245999999999995","1","40.424999999999997","5.000000000000000","0.500","0.125","0.075","0.575","0.100","0.000","0.000","0.325","0.700","0.350","0.500","0.000000000000000","0"
Loviguié,Agboville,Agneby-Tiassa,Ivory Coast,civ,"0.050000000000000","19771","20700.000000000000000","95.512000000000000","1","44.076923076923080","5.000000000000000","0.615","0.000","0.000","0.346","0.231","0.038","0.000","0.577","0.692","0.538","0.462","0.000000000000000","0"
M'Bahiakro,M'Bahiakro,Iffou,Ivory Coast,civ,"0.000000000000000","49758","159000.000000000000000","31.294000000000000","1","36.514563106796118","5.000000000000000","0.592","0.039","0.039","0.485","0.252","0.010","0.000","0.398","0.621","0.437","0.485","0.000000000000000","0"
M'Batto,M'Batto,Moronou,Ivory Coast,civ,"0.009000000000000","76129","98100.000000000000000","77.602999999999994","1","33.511111111111113","5.000000000000000","0.393","0.052","0.037","0.378","0.407","0.000","0.000","0.378","0.481","0.333","0.459","0.000000000000000","0"
M'Bengué,M'Bengué,Poro,Ivory Coast,civ,"0.106000000000000","65779","159000.000000000000000","41.369999999999997","1","32.739130434782609","5.000000000000000","0.413","0.076","0.022","0.717","0.174","0.000","0.011","0.424","0.424","0.272","0.511","0.000000000000000","0"
Madinani,Madinani,Kabadougou,Ivory Coast,civ,"0.004000000000000","32751","164000.000000000000000","19.969999999999999","1","34.121495327102807","2.000000000000000","0.692","0.009","0.019","0.850","0.112","0.000","0.009","0.355","0.421","0.308","0.449","0.000000000000000","0"
Maféré,Aboisso,Sud-Comoe,Ivory Coast,civ,"0.027000000000000","46410","67600.000000000000000","68.653999999999996","1","35.320000000000000","5.000000000000000","0.180","0.080","0.220","0.360","0.320","0.040","0.000","0.620","0.700","0.480","0.560","0.000000000000000","1"
Mahandiana-Sokourani,Kaniasso,Folon,Ivory Coast,civ,"0.000000000000000","38812","104000.000000000000000","37.319000000000003","1","31.230046948356808","2.000000000000000","0.700","0.042","0.005","0.869","0.056","0.000","0.023","0.202","0.418","0.390","0.380","0.000000000000000","1"
Mahandougou,Koro,Bafing,Ivory Coast,civ,"0.000000000000000","6337","14200.000000000000000","44.627000000000002","1","36.531250000000000","1.000000000000000","0.875","0.000","0.031","0.969","0.000","0.000","0.000","0.375","0.375","0.438","0.406","0.000000000000000","1"
Mahapleu,Danané,Tonkpi,Ivory Coast,civ,"0.055000000000000","66898","46400.000000000000000","144.176999999999992","1","38.611111111111114","5.000000000000000","0.630","0.056","0.074","0.630","0.074","0.000","0.000","0.556","0.593","0.463","0.444","0.000000000000000","0"
Maminigui,Zuénoula,Marahoue,Ivory Coast,civ,"0.000000000000000","28495","27100.000000000000000","105.147999999999996","1","36.620689655172413","5.000000000000000","0.586","0.103","0.103","0.621","0.172","0.000","0.000","0.655","0.655","0.621","0.414","0.000000000000000","0"
Man,Man,Tonkpi,Ivory Coast,civ,"0.296000000000000","241969","47100.000000000000000","513.735000000000014","3","33.565610859728508","6.000000000000000","0.109","0.195","0.059","0.412","0.403","0.018","0.005","0.507","0.516","0.312","0.525","5.000000000000000","0"
Mankono,Mankono,Bere,Ivory Coast,civ,"0.106000000000000","74165","199000.000000000000000","37.268999999999998","1","35.054878048780488","3.000000000000000","0.524","0.110","0.030","0.707","0.152","0.006","0.018","0.348","0.409","0.329","0.457","1.000000000000000","0"
Marandallah,Mankono,Bere,Ivory Coast,civ,"0.000000000000000","42729","104000.000000000000000","41.085999999999999","1","31.312500000000000","5.000000000000000","0.875","0.000","0.000","0.825","0.100","0.000","0.013","0.238","0.325","0.200","0.525","0.000000000000000","0"
Massala,Séguéla,Worodougou,Ivory Coast,civ,"0.011000000000000","47951","101900.000000000000000","47.057000000000002","1","36.064516129032256","5.000000000000000","0.935","0.032","0.000","0.823","0.048","0.000","0.000","0.387","0.387","0.387","0.468","0.000000000000000","0"
Méagui,Méagui,Nawa,Ivory Coast,civ,"0.336000000000000","153483","68200.000000000000000","225.048000000000002","2","32.531578947368423","5.000000000000000","0.395","0.116","0.089","0.432","0.316","0.026","0.021","0.416","0.642","0.389","0.505","9.000000000000000","0"
Medon,Sassandra,Gbokle,Ivory Coast,civ,"0.020000000000000","17437","39600.000000000000000","44.033000000000001","1","34.235294117647058","2.000000000000000","0.529","0.206","0.000","0.471","0.206","0.000","0.000","0.529","0.647","0.441","0.471","0.000000000000000","0"
Méo,Toulepleu,Cavally,Ivory Coast,civ,"0.000000000000000","22012","27100.000000000000000","81.224999999999994","1","33.294117647058826","5.000000000000000","0.471","0.059","0.000","0.676","0.265","0.000","0.000","0.294","0.412","0.382","0.412","0.000000000000000","1"
Minignan,Minignan,Folon,Ivory Coast,civ,"0.000000000000000","24251","117000.000000000000000","20.727000000000000","1","36.137254901960787","3.000000000000000","0.578","0.078","0.029","0.686","0.176","0.010","0.000","0.431","0.353","0.343","0.471","0.000000000000000","1"
Molonou,Tiébissou,Belier,Ivory Coast,civ,"0.010000000000000","23062","67800.000000000000000","34.015000000000001","1","37.432432432432435","5.000000000000000","0.919","0.027","0.027","0.541","0.189","0.000","0.000","0.459","0.514","0.514","0.486","0.000000000000000","0"
Molonou-Blé,Didievi,Belier,Ivory Coast,civ,"0.011000000000000","22431","38500.000000000000000","58.262000000000000","1","37.905660377358494","5.000000000000000","0.679","0.113","0.038","0.491","0.283","0.000","0.000","0.245","0.585","0.547","0.377","0.000000000000000","0"
Morokro,Tiassalé,Agneby-Tiassa,Ivory Coast,civ,"0.004000000000000","55636","93600.000000000000000","59.439999999999998","1","37.296296296296298","5.000000000000000","0.500","0.074","0.019","0.500","0.185","0.019","0.019","0.519","0.537","0.463","0.407","0.000000000000000","0"
N'Douci,Tiassalé,Agneby-Tiassa,Ivory Coast,civ,"0.018000000000000","97194","30200.000000000000000","321.834000000000003","2","32.859375000000000","5.000000000000000","0.172","0.219","0.109","0.438","0.391","0.000","0.016","0.406","0.625","0.297","0.469","0.000000000000000","0"
N'Douffoukankro,Bouaflé,Marahoue,Ivory Coast,civ,"0.034000000000000","20025","21800.000000000000000","91.858000000000004","1","33.897435897435898","5.000000000000000","0.692","0.051","0.026","0.641","0.154","0.000","0.000","0.462","0.590","0.538","0.538","0.000000000000000","0"
N'Ganon,Korhogo,Poro,Ivory Coast,civ,"0.020000000000000","9181","43900.000000000000000","20.913000000000000","1","33.476190476190474","5.000000000000000","0.429","0.143","0.048","0.905","0.048","0.000","0.048","0.714","0.667","0.571","0.524","0.000000000000000","0"
N'Gattakro,Daoukro,Iffou,Ivory Coast,civ,"0.011000000000000","11707","23400.000000000000000","50.030000000000001","1","36.142857142857146","5.000000000000000","0.714","0.048","0.048","0.619","0.095","0.000","0.000","0.286","0.810","0.762","0.524","0.000000000000000","0"
N'Guessankro,Bongouanou,Moronou,Ivory Coast,civ,"0.029000000000000","38629","47000.000000000000000","82.188999999999993","1","38.225352112676056","5.000000000000000","0.620","0.070","0.014","0.380","0.324","0.000","0.000","0.366","0.704","0.648","0.507","0.000000000000000","0"
N'Zécrezessou,Bocanda,N'Zi,Ivory Coast,civ,"0.006000000000000","17118","41700.000000000000000","41.049999999999997","1","42.425925925925917","5.000000000000000","0.796","0.019","0.019","0.704","0.167","0.019","0.000","0.481","0.611","0.611","0.519","0.000000000000000","0"
Nafana,Prikro,Iffou,Ivory Coast,civ,"0.000000000000000","42106","132200.000000000000000","31.850000000000001","1","36.000000000000000","5.000000000000000","0.712","0.077","0.019","0.712","0.135","0.019","0.000","0.327","0.442","0.500","0.365","0.000000000000000","0"
Nafana,Kong,Tchologo,Ivory Coast,civ,"0.000000000000000","42106","132200.000000000000000","31.850000000000001","1","36.000000000000000","5.000000000000000","0.712","0.077","0.019","0.712","0.135","0.019","0.000","0.327","0.442","0.500","0.365","0.000000000000000","0"
Nafoun,Korhogo,Poro,Ivory Coast,civ,"0.002000000000000","10206","36400.000000000000000","28.038000000000000","1","38.153846153846153","5.000000000000000","0.615","0.115","0.000","0.808","0.115","0.038","0.000","0.423","0.462","0.308","0.423","0.000000000000000","0"
Namané,Issia,Haut-Sassandra,Ivory Coast,civ,"0.019000000000000","44527","60000.000000000000000","74.212000000000003","1","33.153846153846153","5.000000000000000","0.846","0.038","0.038","0.423","0.231","0.000","0.000","0.462","0.538","0.423","0.577","0.000000000000000","0"
Napiéléodougou,Korhogo,Poro,Ivory Coast,civ,"0.016000000000000","31004","32400.000000000000000","95.691000000000003","1","36.814814814814817","5.000000000000000","0.852","0.000","0.037","0.852","0.037","0.000","0.000","0.519","0.593","0.407","0.333","0.000000000000000","0"
Nassian,Nassian,Bounkani,Ivory Coast,civ,"0.000000000000000","27159","122000.000000000000000","22.260999999999999","1","35.020408163265309","6.000000000000000","0.347","0.041","0.102","0.449","0.408","0.000","0.000","0.306","0.490","0.429","0.449","0.000000000000000","0"
Nébo,Divo,Loh-Djiboua,Ivory Coast,civ,"0.030000000000000","32516","39900.000000000000000","81.494000000000000","1","32.820512820512818","5.000000000000000","0.641","0.026","0.128","0.590","0.231","0.000","0.000","0.385","0.513","0.462","0.410","0.000000000000000","0"
Niable,Abengourou,Indenie-Djuablin,Ivory Coast,civ,"0.142000000000000","57081","51000.000000000000000","111.924000000000007","1","33.306930693069305","5.000000000000000","0.574","0.119","0.069","0.535","0.228","0.000","0.010","0.406","0.634","0.485","0.485","1.000000000000000","1"
Niakaramandougou,Niakaramandougou,Hambol,Ivory Coast,civ,"0.000000000000000","78301","278000.000000000000000","28.166000000000000","1","34.666666666666664","5.000000000000000","0.478","0.144","0.044","0.656","0.222","0.000","0.011","0.378","0.444","0.378","0.489","0.000000000000000","0"
Niambézaria,Lakota,Loh-Djiboua,Ivory Coast,civ,"0.108000000000000","84303","88000.000000000000000","95.799000000000007","1","34.507692307692309","6.000000000000000","0.554","0.138","0.046","0.692","0.154","0.000","0.000","0.323","0.615","0.477","0.508","0.000000000000000","0"
Niamoué,Doropo,Bounkani,Ivory Coast,civ,"0.000000000000000","22423","54100.000000000000000","41.447000000000003","1","32.741935483870968","5.000000000000000","0.914","0.032","0.022","0.839","0.032","0.000","0.000","0.387","0.484","0.473","0.441","0.000000000000000","0"
Nidrou,Kouibly,Guemon,Ivory Coast,civ,"0.040000000000000","12953","10900.000000000000000","118.834999999999994","1","38.062500000000000","5.000000000000000","0.625","0.156","0.000","0.313","0.438","0.000","0.000","0.375","0.688","0.563","0.469","0.000000000000000","0"
Niellé,Ouangolodougou,Tchologo,Ivory Coast,civ,"0.002000000000000","48524","65500.000000000000000","74.081999999999994","1","32.582278481012658","2.000000000000000","0.506","0.114","0.025","0.658","0.228","0.000","0.013","0.418","0.418","0.329","0.494","0.000000000000000","0"
Niéméné,Dabakala,Hambol,Ivory Coast,civ,"0.000000000000000","16684","44400.000000000000000","37.576999999999998","1","33.071428571428569","5.000000000000000","0.714","0.000","0.000","0.679","0.214","0.000","0.000","0.571","0.429","0.393","0.429","0.000000000000000","0"
Niokosso,Koro,Bafing,Ivory Coast,civ,"0.000000000000000","8346","58600.000000000000000","14.242000000000001","1","35.205128205128204","1.000000000000000","0.718","0.051","0.000","0.897","0.000","0.000","0.026","0.513","0.385","0.385","0.436","0.000000000000000","1"
Nizahon,Guiglo,Cavally,Ivory Coast,civ,"0.017000000000000","21897","37100.000000000000000","59.021999999999998","1","32.799999999999997","5.000000000000000","0.371","0.114","0.014","0.800","0.114","0.014","0.000","0.314","0.429","0.257","0.414","0.000000000000000","0"
Noé,Tiapoum,Sud-Comoe,Ivory Coast,civ,"0.005000000000000","24651","38200.000000000000000","64.531000000000006","1","32.607142857142854","2.000000000000000","0.232","0.018","0.054","0.536","0.339","0.018","0.000","0.482","0.518","0.339","0.446","0.000000000000000","1"
Nouamou,Tiapoum,Sud-Comoe,Ivory Coast,civ,"0.018000000000000","17403","14700.000000000000000","118.388000000000005","1","32.593750000000000","2.000000000000000","0.469","0.219","0.094","0.500","0.344","0.031","0.000","0.625","0.594","0.281","0.500","0.000000000000000","0"
Odienné,Odienne,Kabadougou,Ivory Coast,civ,"0.168000000000000","86279","163000.000000000000000","52.932000000000002","1","32.394285714285715","2.000000000000000","0.183","0.166","0.023","0.651","0.263","0.006","0.017","0.440","0.429","0.297","0.474","3.000000000000000","0"
Oghlwapo,Alépé,Me,Ivory Coast,civ,"0.151000000000000","17041","42600.000000000000000","40.002000000000002","1","35.636363636363633","2.000000000000000","0.227","0.364","0.045","0.182","0.591","0.000","0.000","0.273","0.636","0.455","0.364","0.000000000000000","0"
Ogoudou,Divo,Loh-Djiboua,Ivory Coast,civ,"0.021000000000000","72586","53200.000000000000000","136.439999999999998","1","34.395348837209305","5.000000000000000","0.512","0.174","0.047","0.558","0.174","0.012","0.012","0.616","0.686","0.453","0.512","0.000000000000000","0"
Okrouyo,Soubré,Nawa,Ivory Coast,civ,"0.019000000000000","120053","93900.000000000000000","127.852000000000004","1","36.476190476190474","6.000000000000000","0.548","0.151","0.056","0.619","0.119","0.000","0.000","0.492","0.619","0.492","0.476","0.000000000000000","0"
Olodio,Tabou,San Pedro,Ivory Coast,civ,"0.039000000000000","19429","32900.000000000000000","59.055000000000000","1","33.560000000000002","5.000000000000000","0.960","0.040","0.000","0.680","0.120","0.000","0.000","0.560","0.480","0.480","0.560","0.000000000000000","1"
Ondéfidouo,Bouna,Bounkani,Ivory Coast,civ,"0.000000000000000","33822","73600.000000000000000","45.954000000000001","1","29.680000000000000","5.000000000000000","0.960","0.000","0.000","0.760","0.160","0.000","0.000","0.480","0.480","0.480","0.560","0.000000000000000","1"
Ouangolodougou,Ouangolodougou,Tchologo,Ivory Coast,civ,"0.115000000000000","82801","76600.000000000000000","108.094999999999999","1","33.205882352941174","5.000000000000000","0.412","0.141","0.088","0.618","0.206","0.024","0.006","0.418","0.482","0.353","0.471","1.000000000000000","1"
Ouaninou,Ouaninou,Bafing,Ivory Coast,civ,"0.000000000000000","27919","69100.000000000000000","40.404000000000003","1","35.982456140350877","6.000000000000000","0.544","0.175","0.053","0.737","0.123","0.035","0.018","0.491","0.491","0.368","0.439","0.000000000000000","1"
Ouellé,Daoukro,Iffou,Ivory Coast,civ,"0.019000000000000","37641","73300.000000000000000","51.351999999999997","1","36.491803278688522","5.000000000000000","0.639","0.049","0.000","0.623","0.246","0.016","0.000","0.459","0.607","0.557","0.426","0.000000000000000","0"
Oumé,Oumé,Goh,Ivory Coast,civ,"0.189000000000000","127153","129000.000000000000000","98.567999999999998","1","34.384146341463413","5.000000000000000","0.463","0.073","0.024","0.530","0.287","0.006","0.012","0.512","0.543","0.366","0.537","2.000000000000000","0"
Oupoyo,Méagui,Nawa,Ivory Coast,civ,"0.034000000000000","61973","83600.000000000000000","74.129999999999995","1","33.440860215053760","5.000000000000000","0.581","0.129","0.043","0.591","0.215","0.011","0.000","0.462","0.763","0.419","0.505","0.000000000000000","0"
Ouragahio,Gagnoa,Goh,Ivory Coast,civ,"0.034000000000000","50150","50600.000000000000000","99.111000000000004","1","33.597222222222221","5.000000000000000","0.653","0.139","0.014","0.806","0.056","0.000","0.000","0.556","0.500","0.458","0.514","0.000000000000000","0"
Ouyably-Gnondrou,Kouibly,Guemon,Ivory Coast,civ,"0.002000000000000","61786","51100.000000000000000","120.912000000000006","1","36.666666666666664","5.000000000000000","0.722","0.074","0.000","0.389","0.241","0.000","0.000","0.444","0.574","0.537","0.444","0.000000000000000","0"
Pacobo,Taabo,Agneby-Tiassa,Ivory Coast,civ,"0.010000000000000","19572","35600.000000000000000","54.978000000000002","1","40.285714285714285","5.000000000000000","0.643","0.107","0.036","0.607","0.036","0.000","0.000","0.571","0.607","0.536","0.357","0.000000000000000","0"
Péhé,Toulepleu,Cavally,Ivory Coast,civ,"0.000000000000000","17609","14000.000000000000000","125.778999999999996","1","28.478260869565219","5.000000000000000","0.609","0.087","0.000","0.783","0.043","0.000","0.000","0.478","0.739","0.565","0.565","0.000000000000000","0"
Podiagouiné,Man,Tonkpi,Ivory Coast,civ,"0.029000000000000","32607","22700.000000000000000","143.643000000000001","1","36.909090909090907","5.000000000000000","0.636","0.091","0.136","0.727","0.091","0.000","0.000","0.455","0.727","0.636","0.364","0.000000000000000","0"
Prikro,Prikro,Iffou,Ivory Coast,civ,"0.000000000000000","43875","80300.000000000000000","54.639000000000003","1","39.280000000000001","5.000000000000000","0.773","0.040","0.000","0.733","0.120","0.000","0.000","0.440","0.680","0.613","0.413","0.000000000000000","0"
Raviart,Didievi,Belier,Ivory Coast,civ,"0.013000000000000","18339","12800.000000000000000","143.272999999999996","1","33.264705882352942","5.000000000000000","0.588","0.118","0.029","0.618","0.118","0.000","0.029","0.441","0.559","0.529","0.412","0.000000000000000","0"
Rubino,Agboville,Agneby-Tiassa,Ivory Coast,civ,"0.012000000000000","32775","50600.000000000000000","64.772999999999996","1","35.406250000000000","5.000000000000000","0.266","0.109","0.047","0.188","0.484","0.016","0.016","0.313","0.531","0.406","0.391","0.000000000000000","0"
Saboudougou,Ouaninou,Bafing,Ivory Coast,civ,"0.000000000000000","5225","31400.000000000000000","16.640000000000001","1","32.615384615384613","5.000000000000000","0.538","0.000","0.026","0.821","0.026","0.026","0.205","0.333","0.359","0.308","0.564","0.000000000000000","1"
Sago,Sassandra,Gbokle,Ivory Coast,civ,"0.004000000000000","91140","114000.000000000000000","79.947000000000003","1","34.144067796610166","5.000000000000000","0.669","0.085","0.008","0.686","0.144","0.008","0.000","0.381","0.525","0.492","0.475","0.000000000000000","0"
Saïoua,Issia,Haut-Sassandra,Ivory Coast,civ,"0.012000000000000","100085","83700.000000000000000","119.575999999999993","1","37.947368421052630","5.000000000000000","0.825","0.053","0.053","0.649","0.158","0.000","0.000","0.509","0.632","0.509","0.491","0.000000000000000","0"
Sakassou,Sakassou,Gbeke,Ivory Coast,civ,"0.005000000000000","69386","110000.000000000000000","63.078000000000003","1","41.000000000000000","5.000000000000000","0.696","0.109","0.043","0.522","0.152","0.000","0.000","0.435","0.587","0.522","0.435","0.000000000000000","0"
Samango,Gbeleban,Kabadougou,Ivory Coast,civ,"0.002000000000000","17219","114000.000000000000000","15.103999999999999","1","38.411764705882355","1.000000000000000","0.882","0.000","0.000","0.971","0.029","0.000","0.059","0.412","0.588","0.265","0.471","0.000000000000000","1"
Samanza,Daoukro,Iffou,Ivory Coast,civ,"0.002000000000000","12290","41400.000000000000000","29.686000000000000","1","35.684210526315788","5.000000000000000","0.895","0.000","0.000","0.632","0.158","0.000","0.000","0.632","0.737","0.526","0.526","0.000000000000000","0"
Samatiguila,Samatiguila,Kabadougou,Ivory Coast,civ,"0.003000000000000","7777","22900.000000000000000","33.960999999999999","1","34.969696969696969","1.000000000000000","0.848","0.000","0.000","0.909","0.000","0.000","0.000","0.485","0.455","0.394","0.485","0.000000000000000","0"
San-Pédro,San Pédro,San Pedro,Ivory Coast,civ,"0.442000000000000","390654","88700.000000000000000","440.422000000000025","2","32.277777777777779","6.000000000000000","0.170","0.212","0.072","0.346","0.428","0.026","0.003","0.477","0.644","0.359","0.520","20.000000000000000","1"
Sandégué,Sandegue,Gontougo,Ivory Coast,civ,"0.000000000000000","26918","74300.000000000000000","36.228999999999999","1","33.750000000000000","2.000000000000000","0.600","0.150","0.000","0.850","0.000","0.050","0.000","0.700","0.800","0.600","0.400","0.000000000000000","0"
Sangouiné,Man,Tonkpi,Ivory Coast,civ,"0.357000000000000","63521","67000.000000000000000","94.807000000000002","1","31.646153846153847","5.000000000000000","0.292","0.108","0.015","0.354","0.400","0.015","0.000","0.369","0.415","0.308","0.492","0.000000000000000","0"
Santa,Ouaninou,Bafing,Ivory Coast,civ,"0.031000000000000","63725","93700.000000000000000","68.010000000000005","1","34.430232558139537","6.000000000000000","0.791","0.035","0.012","0.733","0.105","0.000","0.000","0.500","0.442","0.465","0.465","0.000000000000000","0"
Santa,Biankouma,Tonkpi,Ivory Coast,civ,"0.031000000000000","63725","93700.000000000000000","68.010000000000005","1","34.430232558139537","6.000000000000000","0.791","0.035","0.012","0.733","0.105","0.000","0.000","0.500","0.442","0.465","0.465","0.000000000000000","0"
Sarhala,Mankono,Bere,Ivory Coast,civ,"0.002000000000000","42450","117000.000000000000000","36.281999999999996","1","34.265625000000000","5.000000000000000","0.914","0.000","0.000","0.820","0.094","0.000","0.000","0.227","0.289","0.297","0.484","0.000000000000000","0"
Sassandra,Sassandra,Gbokle,Ivory Coast,civ,"0.168000000000000","87945","83600.000000000000000","105.197000000000003","1","32.303030303030305","5.000000000000000","0.498","0.130","0.026","0.528","0.281","0.013","0.030","0.368","0.468","0.377","0.481","1.000000000000000","1"
Satama-Sokoro,Dabakala,Hambol,Ivory Coast,civ,"0.000000000000000","26163","78700.000000000000000","33.244000000000000","1","35.545454545454547","1.000000000000000","0.455","0.091","0.455","0.636","0.136","0.000","0.000","0.500","0.864","0.864","0.500","0.000000000000000","0"
Satama-Sokoura,Dabakala,Hambol,Ivory Coast,civ,"0.000000000000000","13067","40600.000000000000000","32.185000000000002","1","33.032258064516128","1.000000000000000","0.839","0.097","0.000","0.839","0.097","0.000","0.000","0.516","0.452","0.452","0.484","0.000000000000000","0"
Sédiogo,Sinématiali,Poro,Ivory Coast,civ,"0.029000000000000","6600","4810.000000000000000","137.213999999999999","1","34.068965517241381","5.000000000000000","0.379","0.345","0.034","0.655","0.241","0.034","0.000","0.448","0.552","0.483","0.448","0.000000000000000","0"
Séguéla,Séguéla,Worodougou,Ivory Coast,civ,"0.168000000000000","103980","82100.000000000000000","126.650000000000006","1","34.323741007194243","2.000000000000000","0.281","0.158","0.101","0.619","0.230","0.029","0.000","0.482","0.532","0.446","0.496","2.000000000000000","0"
Séguélon,Séguélon,Kabadougou,Ivory Coast,civ,"0.001000000000000","21213","100000.000000000000000","21.213000000000001","1","37.672413793103445","1.000000000000000","0.828","0.000","0.000","0.879","0.034","0.017","0.017","0.379","0.500","0.379","0.466","0.000000000000000","0"
Seileu,Danané,Tonkpi,Ivory Coast,civ,"0.020000000000000","23525","16300.000000000000000","144.324999999999989","1","36.350000000000001","5.000000000000000","0.700","0.100","0.050","0.350","0.150","0.000","0.000","0.450","0.750","0.650","0.500","0.000000000000000","1"
Seitifla,Vavoua,Haut-Sassandra,Ivory Coast,civ,"0.002000000000000","109252","196000.000000000000000","55.741000000000000","1","37.239130434782609","6.000000000000000","0.717","0.109","0.043","0.696","0.130","0.000","0.033","0.413","0.685","0.685","0.457","0.000000000000000","0"
Sémien,Facobly,Guemon,Ivory Coast,civ,"0.000000000000000","35636","50100.000000000000000","71.129999999999995","1","31.533333333333335","2.000000000000000","0.833","0.000","0.000","0.867","0.100","0.000","0.000","0.533","0.433","0.433","0.533","0.000000000000000","0"
Sérihio,Gagnoa,Goh,Ivory Coast,civ,"0.015000000000000","46320","43600.000000000000000","106.239000000000004","1","31.742857142857144","6.000000000000000","0.657","0.029","0.000","0.629","0.071","0.000","0.014","0.429","0.500","0.414","0.514","0.000000000000000","0"
Sianhala,Kouto,Bagoue,Ivory Coast,civ,"0.000000000000000","34048","67000.000000000000000","50.817999999999998","1","33.093750000000000","5.000000000000000","0.750","0.031","0.047","0.938","0.016","0.000","0.000","0.484","0.484","0.250","0.516","0.000000000000000","0"
Siempurgo,Boundiali,Bagoue,Ivory Coast,civ,"0.003000000000000","24713","67300.000000000000000","36.720999999999997","1","33.520000000000003","5.000000000000000","0.520","0.140","0.020","0.760","0.080","0.020","0.000","0.540","0.440","0.300","0.500","0.000000000000000","0"
Sifié,Séguéla,Worodougou,Ivory Coast,civ,"0.008000000000000","31264","43100.000000000000000","72.537999999999997","1","32.888888888888886","1.000000000000000","0.794","0.079","0.000","0.698","0.222","0.000","0.000","0.571","0.508","0.413","0.460","0.000000000000000","0"
Sikensi,Sikensi,Agneby-Tiassa,Ivory Coast,civ,"0.010000000000000","91032","44100.000000000000000","206.421999999999997","2","35.259259259259260","5.000000000000000","0.204","0.037","0.074","0.093","0.574","0.074","0.000","0.352","0.519","0.204","0.481","1.000000000000000","0"
Sikolo,Kong,Tchologo,Ivory Coast,civ,"0.000000000000000","27733","223000.000000000000000","12.436000000000000","1","32.896551724137929","5.000000000000000","0.552","0.069","0.000","0.897","0.034","0.000","0.069","0.621","0.448","0.379","0.552","0.000000000000000","1"
Sinématiali,Sinématiali,Poro,Ivory Coast,civ,"0.023000000000000","51929","30100.000000000000000","172.521999999999991","2","39.500000000000000","5.000000000000000","0.692","0.000","0.000","0.885","0.038","0.000","0.038","0.500","0.308","0.308","0.423","0.000000000000000","0"
Sinfra,Sinfra,Marahoue,Ivory Coast,civ,"0.123000000000000","137210","78600.000000000000000","174.567000000000007","2","34.492385786802032","5.000000000000000","0.437","0.117","0.061","0.477","0.294","0.005","0.000","0.411","0.533","0.411","0.497","2.000000000000000","0"
Sipilou,Sipilou,Tonkpi,Ivory Coast,civ,"0.000000000000000","41516","56000.000000000000000","74.135999999999996","1","37.068965517241381","5.000000000000000","0.724","0.034","0.034","0.655","0.034","0.000","0.000","0.172","0.793","0.586","0.448","0.000000000000000","1"
Sirasso,Korhogo,Poro,Ivory Coast,civ,"0.004000000000000","29633","61400.000000000000000","48.262000000000000","1","32.807017543859651","5.000000000000000","0.333","0.088","0.070","0.614","0.263","0.000","0.000","0.333","0.368","0.281","0.509","0.000000000000000","0"
Sokala-Sobara,Dabakala,Hambol,Ivory Coast,civ,"0.000000000000000","17824","37000.000000000000000","48.173000000000002","1","33.735294117647058","3.000000000000000","0.647","0.294","0.000","0.647","0.118","0.000","0.000","0.647","0.618","0.618","0.529","0.000000000000000","0"
Sokoro,Minignan,Folon,Ivory Coast,civ,"0.000000000000000","8109","61700.000000000000000","13.143000000000001","1","33.661764705882355","2.000000000000000","0.735","0.044","0.029","0.853","0.029","0.000","0.015","0.426","0.397","0.397","0.456","0.000000000000000","1"
Songon,Abidjan,District Autonome D'Abidjan,Ivory Coast,civ,"0.252000000000000","89778","60800.000000000000000","147.661000000000001","1","36.000000000000000","5.000000000000000","0.130","0.087","0.217","0.174","0.522","0.000","0.000","0.174","0.652","0.261","0.565","1.000000000000000","1"
Sorobango,Bondoukou,Gontougo,Ivory Coast,civ,"0.014000000000000","34797","97300.000000000000000","35.762999999999998","1","30.981132075471699","5.000000000000000","0.736","0.038","0.038","0.736","0.075","0.000","0.000","0.358","0.396","0.434","0.377","0.000000000000000","1"
Soubre,Soubré,Nawa,Ivory Coast,civ,"0.321000000000000","272773","61500.000000000000000","443.533000000000015","2","33.628959276018101","5.000000000000000","0.258","0.181","0.054","0.462","0.317","0.009","0.000","0.389","0.529","0.312","0.471","8.000000000000000","0"
Taabo,Taabo,Agneby-Tiassa,Ivory Coast,civ,"0.012000000000000","57189","57200.000000000000000","99.980999999999995","1","36.403846153846153","5.000000000000000","0.673","0.058","0.000","0.385","0.308","0.000","0.019","0.519","0.615","0.596","0.462","0.000000000000000","0"
Tabagne,Bondoukou,Gontougo,Ivory Coast,civ,"0.010000000000000","26909","32800.000000000000000","82.040000000000006","1","39.181818181818173","3.000000000000000","0.909","0.000","0.000","0.545","0.182","0.000","0.000","0.545","0.682","0.591","0.455","0.000000000000000","0"
Tabou,Tabou,San Pedro,Ivory Coast,civ,"0.015000000000000","62719","42900.000000000000000","146.198000000000008","1","36.423076923076920","5.000000000000000","0.500","0.115","0.038","0.731","0.115","0.000","0.000","0.577","0.885","0.462","0.538","0.000000000000000","1"
Tafiré,Niakaramandougou,Hambol,Ivory Coast,civ,"0.000000000000000","32240","131000.000000000000000","24.611000000000001","1","32.833333333333336","5.000000000000000","0.611","0.111","0.042","0.514","0.194","0.014","0.000","0.403","0.403","0.375","0.583","0.000000000000000","0"
Tagadi,Bondoukou,Gontougo,Ivory Coast,civ,"0.000000000000000","35143","143000.000000000000000","24.576000000000001","1","34.916666666666664","3.000000000000000","0.375","0.167","0.083","0.708","0.000","0.000","0.000","0.500","0.500","0.417","0.583","0.000000000000000","1"
Taï,Taï,Cavally,Ivory Coast,civ,"0.001000000000000","42909","209000.000000000000000","20.530999999999999","1","34.588235294117645","3.000000000000000","0.569","0.039","0.000","0.706","0.176","0.000","0.000","0.392","0.471","0.373","0.569","0.000000000000000","1"
Tanda,Tanda,Gontougo,Ivory Coast,civ,"0.002000000000000","119570","113940.000000000000000","104.941000000000003","1","31.516393442622952","2.000000000000000","0.287","0.057","0.107","0.484","0.361","0.000","0.074","0.352","0.557","0.426","0.467","0.000000000000000","1"
Tankessé,Koun Fao,Gontougo,Ivory Coast,civ,"0.025000000000000","35940","59600.000000000000000","60.302000000000000","1","34.206896551724135","5.000000000000000","0.655","0.000","0.034","0.483","0.379","0.000","0.000","0.483","0.517","0.448","0.414","0.000000000000000","0"
Tapéguia,Issia,Haut-Sassandra,Ivory Coast,civ,"0.019000000000000","34004","35300.000000000000000","96.328999999999994","1","35.375000000000000","5.000000000000000","0.833","0.167","0.000","0.583","0.208","0.000","0.000","0.417","0.458","0.417","0.542","0.000000000000000","0"
Tchèdio,Tanda,Gontougo,Ivory Coast,civ,"0.000000000000000","16740","40500.000000000000000","41.332999999999998","1","39.375000000000000","3.000000000000000","0.833","0.042","0.042","0.667","0.125","0.000","0.000","0.500","0.542","0.458","0.292","0.000000000000000","0"
Téapleu,Zouan-Hounien,Tonkpi,Ivory Coast,civ,"0.006000000000000","42814","18100.000000000000000","236.540999999999997","2","33.935483870967744","5.000000000000000","0.468","0.097","0.097","0.403","0.258","0.000","0.000","0.468","0.468","0.403","0.435","0.000000000000000","0"
Téhini,Téhini,Bounkani,Ivory Coast,civ,"0.000000000000000","29755","100000.000000000000000","29.754999999999999","1","30.037735849056602","5.000000000000000","0.415","0.113","0.094","0.660","0.245","0.000","0.000","0.415","0.509","0.396","0.547","0.000000000000000","1"
Tengrela,Tengrela,Bagoue,Ivory Coast,civ,"0.000000000000000","92454","115000.000000000000000","80.394999999999996","1","33.902298850574709","5.000000000000000","0.431","0.132","0.057","0.868","0.098","0.000","0.017","0.420","0.603","0.420","0.443","0.000000000000000","1"
Tiapoum,Tiapoum,Sud-Comoe,Ivory Coast,civ,"0.013000000000000","25887","30400.000000000000000","85.155000000000001","1","36.305555555555557","5.000000000000000","0.306","0.111","0.111","0.722","0.167","0.000","0.000","0.250","0.444","0.250","0.389","0.000000000000000","1"
Tiassalé,Tiassalé,Agneby-Tiassa,Ivory Coast,civ,"0.106000000000000","83648","64600.000000000000000","129.485999999999990","1","34.058823529411768","5.000000000000000","0.250","0.206","0.147","0.368","0.265","0.015","0.029","0.618","0.765","0.338","0.515","2.000000000000000","0"
Tibéita,Bouaflé,Marahoue,Ivory Coast,civ,"0.004000000000000","22239","67500.000000000000000","32.947000000000003","1","36.163934426229510","5.000000000000000","0.738","0.115","0.049","0.607","0.098","0.000","0.000","0.393","0.623","0.623","0.492","0.000000000000000","0"
Tie N'Diékro,Didievi,Belier,Ivory Coast,civ,"0.007000000000000","12353","44400.000000000000000","27.821999999999999","1","34.216666666666669","5.000000000000000","0.500","0.150","0.050","0.533","0.183","0.000","0.000","0.333","0.583","0.450","0.283","0.000000000000000","0"
Tiébissou,Tiébissou,Belier,Ivory Coast,civ,"0.106000000000000","65251","93400.000000000000000","69.861999999999995","1","33.137614678899084","6.000000000000000","0.394","0.183","0.101","0.349","0.358","0.009","0.018","0.275","0.523","0.450","0.431","1.000000000000000","0"
Tiémé,Odienne,Kabadougou,Ivory Coast,civ,"0.010000000000000","11644","42700.000000000000000","27.268999999999998","1","33.184210526315788","1.000000000000000","0.395","0.158","0.079","0.763","0.211","0.000","0.000","0.500","0.526","0.421","0.526","0.000000000000000","0"
Tiémélékro,M'Batto,Moronou,Ivory Coast,civ,"0.017000000000000","32554","94100.000000000000000","34.594999999999999","1","39.018867924528301","5.000000000000000","0.660","0.038","0.000","0.434","0.245","0.000","0.057","0.491","0.528","0.547","0.547","0.000000000000000","0"
Tiéningboué,Mankono,Bere,Ivory Coast,civ,"0.004000000000000","67055","102000.000000000000000","65.739999999999995","1","36.095238095238095","5.000000000000000","0.762","0.048","0.016","0.794","0.095","0.000","0.000","0.381","0.381","0.349","0.444","0.000000000000000","0"
Tienko,Minignan,Folon,Ivory Coast,civ,"0.000000000000000","19862","88600.000000000000000","22.417999999999999","1","34.176470588235297","2.000000000000000","0.721","0.000","0.029","0.824","0.088","0.000","0.000","0.456","0.426","0.426","0.441","0.000000000000000","1"
Timbé,Katiola,Hambol,Ivory Coast,civ,"0.026000000000000","15035","53500.000000000000000","28.103000000000002","1","32.200000000000003","5.000000000000000","0.967","0.000","0.000","0.733","0.033","0.000","0.000","0.200","0.367","0.300","0.467","0.000000000000000","0"
Tinhou,Bloléquin,Cavally,Ivory Coast,civ,"0.000000000000000","22744","20700.000000000000000","109.873999999999995","1","36.575757575757578","5.000000000000000","0.545","0.030","0.000","0.758","0.121","0.000","0.000","0.576","0.545","0.364","0.545","0.000000000000000","1"
Tioroniaradougou,Korhogo,Poro,Ivory Coast,civ,"0.068000000000000","21464","19200.000000000000000","111.792000000000002","1","28.757575757575754","5.000000000000000","0.273","0.152","0.061","0.424","0.394","0.000","0.000","0.485","0.424","0.364","0.545","0.000000000000000","0"
Tonla,Oumé,Goh,Ivory Coast,civ,"0.056000000000000","31550","29900.000000000000000","105.518000000000001","1","35.240000000000002","2.000000000000000","0.760","0.040","0.000","0.680","0.160","0.000","0.000","0.840","0.680","0.560","0.520","0.000000000000000","0"
Tortiya,Niakaramandougou,Hambol,Ivory Coast,civ,"0.000000000000000","30409","63100.000000000000000","48.192000000000000","1","37.620689655172413","2.000000000000000","0.483","0.207","0.034","0.552","0.138","0.000","0.069","0.586","0.655","0.517","0.517","0.000000000000000","0"
Totrodrou,Kouibly,Guemon,Ivory Coast,civ,"0.019000000000000","20936","15400.000000000000000","135.948000000000008","1","37.272727272727273","5.000000000000000","0.909","0.000","0.000","0.182","0.091","0.000","0.000","0.545","0.591","0.591","0.591","0.000000000000000","0"
Touba,Touba,Bafing,Ivory Coast,civ,"0.000000000000000","55013","98300.000000000000000","55.963999999999999","1","33.071428571428569","5.000000000000000","0.378","0.184","0.020","0.622","0.224","0.010","0.020","0.429","0.469","0.388","0.418","0.000000000000000","1"
Tougbo,Téhini,Bounkani,Ivory Coast,civ,"0.000000000000000","30582","117000.000000000000000","26.138000000000002","1","32.245614035087719","5.000000000000000","0.649","0.088","0.053","0.842","0.053","0.000","0.000","0.526","0.509","0.456","0.526","0.000000000000000","1"
Toulepleu,Toulepleu,Cavally,Ivory Coast,civ,"0.000000000000000","27680","10900.000000000000000","253.944999999999993","2","34.153846153846153","2.000000000000000","0.077","0.269","0.000","0.654","0.269","0.000","0.000","0.615","0.500","0.308","0.423","0.000000000000000","1"
Toumodi,Toumodi,Belier,Ivory Coast,civ,"0.116000000000000","88580","86400.000000000000000","102.522999999999996","1","35.000000000000000","5.000000000000000","0.246","0.183","0.070","0.430","0.289","0.028","0.021","0.303","0.599","0.394","0.394","1.000000000000000","0"
Toumoukoro,Ouangolodougou,Tchologo,Ivory Coast,civ,"0.000000000000000","44423","48400.000000000000000","91.783000000000001","1","33.180555555555557","5.000000000000000","0.583","0.056","0.014","0.681","0.222","0.000","0.000","0.389","0.542","0.375","0.472","0.000000000000000","1"
Toupah,Dabou,Grands Ponts,Ivory Coast,civ,"0.038000000000000","40212","58600.000000000000000","68.620999999999995","1","39.314814814814817","5.000000000000000","0.352","0.093","0.185","0.204","0.370","0.000","0.000","0.259","0.704","0.537","0.481","0.000000000000000","0"
Transua,Transua,Gontougo,Ivory Coast,civ,"0.001000000000000","46026","47000.000000000000000","97.927999999999997","1","36.491228070175438","2.000000000000000","0.807","0.018","0.018","0.509","0.193","0.000","0.000","0.386","0.561","0.544","0.509","0.000000000000000","1"
Vavoua,Vavoua,Haut-Sassandra,Ivory Coast,civ,"0.003000000000000","132528","68900.000000000000000","192.348000000000013","2","32.842931937172771","5.000000000000000","0.482","0.110","0.042","0.560","0.236","0.016","0.005","0.419","0.503","0.419","0.455","0.000000000000000","0"
Voueboufla,Zuénoula,Marahoue,Ivory Coast,civ,"0.000000000000000","25213","35300.000000000000000","71.424999999999997","1","40.600000000000001","5.000000000000000","0.900","0.000","0.000","0.867","0.033","0.000","0.000","0.433","0.500","0.500","0.400","0.000000000000000","0"
Worofla,Séguéla,Worodougou,Ivory Coast,civ,"0.000000000000000","66713","248000.000000000000000","26.899999999999999","1","35.848484848484851","2.000000000000000","0.747","0.091","0.020","0.818","0.071","0.000","0.010","0.404","0.515","0.475","0.455","0.000000000000000","0"
Yakasse-Attobrou,Yakassé-Attobrou,Me,Ivory Coast,civ,"0.015000000000000","64311","62400.000000000000000","103.063000000000002","1","32.142857142857146","5.000000000000000","0.319","0.055","0.022","0.505","0.352","0.000","0.000","0.374","0.440","0.352","0.484","0.000000000000000","0"
Yakasse-Féyassé,Abengourou,Indenie-Djuablin,Ivory Coast,civ,"0.027000000000000","52445","92300.000000000000000","56.820000000000000","1","34.728260869565219","5.000000000000000","0.707","0.043","0.033","0.783","0.130","0.000","0.022","0.511","0.630","0.446","0.500","0.000000000000000","0"
Yakassé-Mé,Adzopé,Me,Ivory Coast,civ,"0.014000000000000","27268","13200.000000000000000","206.575999999999993","2","37.692307692307693","5.000000000000000","0.423","0.192","0.038","0.269","0.154","0.038","0.000","0.500","0.654","0.500","0.423","0.000000000000000","0"
Yakpabo-Sakassou,Tiébissou,Belier,Ivory Coast,civ,"0.011000000000000","13020","35200.000000000000000","36.988999999999997","1","40.514285714285712","5.000000000000000","0.543","0.229","0.029","0.543","0.229","0.000","0.000","0.514","0.543","0.486","0.486","0.000000000000000","0"
Yamoussoukro,Yamoussoukro,District Autonome De Yamoussoukro,Ivory Coast,civ,"0.373000000000000","340234","85500.000000000000000","397.935000000000002","2","31.982550335570469","6.000000000000000","0.106","0.189","0.094","0.346","0.451","0.017","0.003","0.271","0.545","0.293","0.506","11.000000000000000","0"
Yaossédougou,Dabakala,Hambol,Ivory Coast,civ,"0.000000000000000","8616","37300.000000000000000","23.099000000000000","1","37.733333333333334","1.000000000000000","0.900","0.000","0.000","0.700","0.100","0.000","0.000","0.400","0.333","0.300","0.433","0.000000000000000","0"
Yaou,Aboisso,Sud-Comoe,Ivory Coast,civ,"0.010000000000000","22213","93800.000000000000000","23.681000000000001","1","36.237288135593218","5.000000000000000","0.441","0.119","0.034","0.492","0.322","0.000","0.017","0.458","0.559","0.407","0.475","0.000000000000000","1"
Yézimala,Bondoukou,Gontougo,Ivory Coast,civ,"0.017000000000000","8829","10100.000000000000000","87.415999999999997","1","36.090909090909093","5.000000000000000","0.364","0.045","0.136","0.409","0.273","0.000","0.000","0.364","0.500","0.364","0.591","0.000000000000000","0"
Yocoboué,Guitry,Loh-Djiboua,Ivory Coast,civ,"0.000000000000000","26713","38500.000000000000000","69.384000000000000","1","31.590163934426229","2.000000000000000","0.410","0.197","0.115","0.607","0.197","0.000","0.000","0.443","0.590","0.410","0.459","0.000000000000000","0"
Yopohue,Gagnoa,Goh,Ivory Coast,civ,"0.054000000000000","29367","23700.000000000000000","123.911000000000001","1","36.433333333333330","1.000000000000000","0.500","0.233","0.033","0.767","0.133","0.000","0.033","0.467","0.400","0.333","0.567","0.000000000000000","0"
Yorobodi,Sandegue,Gontougo,Ivory Coast,civ,"0.000000000000000","22369","118000.000000000000000","18.957000000000001","1","31.592592592592592","1.000000000000000","0.889","0.000","0.037","0.778","0.000","0.000","0.000","0.444","0.481","0.444","0.370","0.000000000000000","0"
Yorodougou,Sipilou,Tonkpi,Ivory Coast,civ,"0.000000000000000","31593","53000.000000000000000","59.609000000000002","1","41.250000000000000","5.000000000000000","0.625","0.125","0.000","0.625","0.125","0.000","0.000","0.438","0.438","0.438","0.438","0.000000000000000","0"
Youndouo,Bouna,Bounkani,Ivory Coast,civ,"0.000000000000000","24826","168000.000000000000000","14.776999999999999","1","30.607142857142858","5.000000000000000","0.964","0.012","0.012","0.774","0.083","0.000","0.000","0.476","0.429","0.429","0.464","0.000000000000000","1"
Zagné,Taï,Cavally,Ivory Coast,civ,"0.004000000000000","74478","212000.000000000000000","35.131000000000000","1","34.756097560975611","6.000000000000000","0.390","0.037","0.085","0.805","0.146","0.012","0.000","0.524","0.463","0.341","0.488","0.000000000000000","1"
Zagoué,Man,Tonkpi,Ivory Coast,civ,"0.103000000000000","5822","5960.000000000000000","97.685000000000002","1","42.391304347826086","5.000000000000000","0.696","0.087","0.000","0.478","0.087","0.043","0.000","0.739","0.522","0.478","0.522","0.000000000000000","0"
Zaguiéta,Bouaflé,Marahoue,Ivory Coast,civ,"0.019000000000000","50525","45900.000000000000000","110.075999999999993","1","36.015873015873019","6.000000000000000","0.714","0.032","0.000","0.492","0.222","0.000","0.000","0.429","0.476","0.429","0.460","0.000000000000000","0"
Zaibo,Daloa,Haut-Sassandra,Ivory Coast,civ,"0.014000000000000","23338","28000.000000000000000","83.349999999999994","1","34.439999999999998","5.000000000000000","0.960","0.000","0.000","0.600","0.120","0.000","0.000","0.560","0.560","0.560","0.480","0.000000000000000","0"
Zanzra,Zuénoula,Marahoue,Ivory Coast,civ,"0.000000000000000","44381","49000.000000000000000","90.572999999999993","1","37.458333333333336","3.000000000000000","0.083","0.250","0.292","0.458","0.250","0.042","0.000","0.458","0.667","0.333","0.333","0.000000000000000","0"
Zaranou,Abengourou,Indenie-Djuablin,Ivory Coast,civ,"0.026000000000000","60142","62800.000000000000000","95.768000000000001","1","35.523809523809526","2.000000000000000","0.381","0.143","0.143","0.524","0.254","0.016","0.000","0.270","0.698","0.397","0.460","0.000000000000000","1"
Zéaglo,Bloléquin,Cavally,Ivory Coast,civ,"0.005000000000000","31631","50600.000000000000000","62.512000000000000","1","33.166666666666664","2.000000000000000","0.604","0.000","0.000","0.875","0.063","0.000","0.000","0.729","0.521","0.521","0.521","0.000000000000000","1"
Zégo,Divo,Loh-Djiboua,Ivory Coast,civ,"0.017000000000000","33278","38300.000000000000000","86.888000000000005","1","36.933333333333330","5.000000000000000","0.600","0.133","0.033","0.200","0.567","0.000","0.000","0.767","0.600","0.467","0.533","0.000000000000000","0"
Zikisso,Lakota,Loh-Djiboua,Ivory Coast,civ,"0.022000000000000","11851","11000.000000000000000","107.736000000000004","1","36.764705882352942","2.000000000000000","0.706","0.059","0.020","0.588","0.176","0.000","0.000","0.647","0.569","0.510","0.510","0.000000000000000","0"
Zonneu,Danané,Tonkpi,Ivory Coast,civ,"0.019000000000000","29491","31100.000000000000000","94.825999999999993","1","35.485714285714288","5.000000000000000","0.771","0.057","0.000","0.429","0.143","0.000","0.000","0.286","0.400","0.343","0.571","0.000000000000000","0"
Zou,Bangolo,Guemon,Ivory Coast,civ,"0.006000000000000","52864","44400.000000000000000","119.063000000000002","1","37.323943661971832","5.000000000000000","0.606","0.028","0.000","0.648","0.141","0.014","0.000","0.366","0.296","0.268","0.423","0.000000000000000","0"
Zouan Hounien,Zouan-Hounien,Tonkpi,Ivory Coast,civ,"0.001000000000000","111099","44100.000000000000000","251.925000000000011","2","33.519379844961243","5.000000000000000","0.341","0.116","0.070","0.357","0.388","0.008","0.000","0.442","0.543","0.341","0.512","0.000000000000000","1"
Zoukougbeu,Zoukougbeu,Haut-Sassandra,Ivory Coast,civ,"0.005000000000000","59918","58800.000000000000000","101.900999999999996","1","35.487394957983192","5.000000000000000","0.697","0.008","0.008","0.588","0.218","0.000","0.000","0.387","0.454","0.429","0.462","0.000000000000000","0"
Zuénoula,Zuénoula,Marahoue,Ivory Coast,civ,"0.000000000000000","78613","89500.000000000000000","87.835999999999999","1","34.558823529411768","6.000000000000000","0.461","0.235","0.069","0.569","0.284","0.000","0.010","0.451","0.569","0.500","0.451","0.000000000000000","0"
Bambadinca,Bambadinca,Bafata,Guinea-Bissau,guinee,"0.049000000000000","31834","843.799999999999955","37.726999999999997","3","32.456721915285449","5.000000000000000","0.569","0.059","0.048","0.455","0.346","0.002","0.028","0.359","0.479","0.448","0.475","0.000000000000000","1"
Bedanda,Bedanda,Tombali,Guinea-Bissau,guinee,"0.014000000000000","24293","1142.599999999999909","21.260999999999999","3","32.428870292887026","5.000000000000000","0.697","0.002","0.006","0.490","0.222","0.002","0.134","0.297","0.707","0.713","0.483","0.000000000000000","0"
Bedanda,Bedanda,Tombali,Guinea-Bissau,guinee,"0.014000000000000","24293","1142.599999999999909","21.260999999999999","3","32.428870292887026","5.000000000000000","0.697","0.002","0.006","0.490","0.222","0.002","0.134","0.297","0.707","0.713","0.483","0.000000000000000","0"
Bedanda,Bedanda,Tombali,Guinea-Bissau,guinee,"0.014000000000000","24293","1142.599999999999909","21.260999999999999","3","32.428870292887026","5.000000000000000","0.697","0.002","0.006","0.490","0.222","0.002","0.134","0.297","0.707","0.713","0.483","0.000000000000000","0"
Bigene,Bigene,Cacheu,Guinea-Bissau,guinee,"0.049000000000000","51412","1082.200000000000045","47.506999999999998","3","31.679117147707981","5.000000000000000","0.686","0.037","0.010","0.357","0.489","0.003","0.037","0.277","0.764","0.649","0.462","0.000000000000000","1"
Sector Autonomo de Bissau,Sector Autonomo de Bissau,Bissau,Guinea-Bissau,guinee,"0.281000000000000","365097","77.500000000000000","4710.929000000000087","3","31.168831168831169","5.000000000000000","0.023","0.116","0.055","0.164","0.679","0.063","0.006","0.252","0.455","0.193","0.487","0.000000000000000","0"
Sector Autonomo de Bissau,Sector Autonomo de Bissau,Bissau,Guinea-Bissau,guinee,"0.281000000000000","365097","77.500000000000000","4710.929000000000087","3","31.168831168831169","5.000000000000000","0.023","0.116","0.055","0.164","0.679","0.063","0.006","0.252","0.455","0.193","0.487","0.000000000000000","0"
Bissora,Bissora,Bissora,Guinea-Bissau,guinee,"0.470000000000000","56585","1122.900000000000091","50.392000000000003","3","31.732098765432099","5.000000000000000","0.752","0.033","0.015","0.419","0.385","0.002","0.028","0.278","0.512","0.444","0.490","0.000000000000000","0"
Buba,Buba,Quinara,Guinea-Bissau,guinee,"0.705000000000000","17123","744.200000000000045","23.009000000000000","3","31.797709923664122","5.000000000000000","0.679","0.076","0.031","0.485","0.282","0.000","0.038","0.332","0.599","0.527","0.458","1.000000000000000","0"
Bula,Bula,Cacheu,Guinea-Bissau,guinee,"0.504000000000000","29557","746.000000000000000","39.621000000000002","3","32.116531165311656","5.000000000000000","0.409","0.068","0.049","0.228","0.553","0.005","0.024","0.260","0.523","0.366","0.472","1.000000000000000","0"
Cacheu/Calequisse,Cacheu/Calequisse,Cacheu,Guinea-Bissau,guinee,"0.041000000000000","18563","1004.399999999999977","18.481999999999999","3","35.549295774647888","5.000000000000000","0.380","0.049","0.035","0.183","0.592","0.000","0.077","0.324","0.528","0.317","0.444","0.000000000000000","1"
Cacine,Cacine,Tombali,Guinea-Bissau,guinee,"0.000000000000000","15648","613.399999999999977","25.510000000000002","3","33.282122905027933","5.000000000000000","0.749","0.031","0.039","0.567","0.212","0.000","0.045","0.310","0.816","0.796","0.531","0.000000000000000","0"
Cacine,Cacine,Tombali,Guinea-Bissau,guinee,"0.000000000000000","15648","613.399999999999977","25.510000000000002","3","33.282122905027933","5.000000000000000","0.749","0.031","0.039","0.567","0.212","0.000","0.045","0.310","0.816","0.796","0.531","0.000000000000000","0"
Cacine,Cacine,Tombali,Guinea-Bissau,guinee,"0.000000000000000","15648","613.399999999999977","25.510000000000002","3","33.282122905027933","5.000000000000000","0.749","0.031","0.039","0.567","0.212","0.000","0.045","0.310","0.816","0.796","0.531","0.000000000000000","0"
Caio,Caio,Cacheu,Guinea-Bissau,guinee,"0.006000000000000","12696","664.299999999999955","19.111999999999998","3","35.337748344370858","3.000000000000000","0.576","0.066","0.013","0.424","0.411","0.000","0.040","0.404","0.636","0.616","0.430","0.000000000000000","0"
Caio,Caio,Cacheu,Guinea-Bissau,guinee,"0.006000000000000","12696","664.299999999999955","19.111999999999998","3","35.337748344370858","3.000000000000000","0.576","0.066","0.013","0.424","0.411","0.000","0.040","0.404","0.636","0.616","0.430","0.000000000000000","0"
Caio,Caio,Cacheu,Guinea-Bissau,guinee,"0.006000000000000","12696","664.299999999999955","19.111999999999998","3","35.337748344370858","3.000000000000000","0.576","0.066","0.013","0.424","0.411","0.000","0.040","0.404","0.636","0.616","0.430","0.000000000000000","0"
Caio,Caio,Cacheu,Guinea-Bissau,guinee,"0.006000000000000","12696","664.299999999999955","19.111999999999998","3","35.337748344370858","3.000000000000000","0.576","0.066","0.013","0.424","0.411","0.000","0.040","0.404","0.636","0.616","0.430","0.000000000000000","0"
Canchungo,Canchungo,Cacheu,Guinea-Bissau,guinee,"0.052000000000000","43709","642.899999999999977","67.986999999999995","3","32.296680497925308","5.000000000000000","0.427","0.037","0.031","0.293","0.548","0.008","0.010","0.230","0.450","0.336","0.421","0.000000000000000","0"
Canchungo,Canchungo,Cacheu,Guinea-Bissau,guinee,"0.052000000000000","43709","642.899999999999977","67.986999999999995","3","32.296680497925308","5.000000000000000","0.427","0.037","0.031","0.293","0.548","0.008","0.010","0.230","0.450","0.336","0.421","0.000000000000000","0"
Contuboel,Contuboel,Bafata,Guinea-Bissau,guinee,"0.019000000000000","44048","1550.400000000000091","28.411000000000001","3","32.363636363636367","2.000000000000000","0.827","0.030","0.006","0.820","0.071","0.000","0.004","0.299","0.552","0.567","0.461","0.000000000000000","1"
Empada,Empada,Quinara,Guinea-Bissau,guinee,"0.029000000000000","17517","777.399999999999977","22.533000000000001","3","31.448873483535529","5.000000000000000","0.757","0.052","0.010","0.435","0.419","0.002","0.035","0.269","0.506","0.499","0.499","0.000000000000000","1"
Farim,Farim,Oio,Guinea-Bissau,guinee,"0.000000000000000","48264","1531.500000000000000","31.513999999999999","3","33.128155339805822","3.000000000000000","0.639","0.082","0.019","0.608","0.223","0.006","0.006","0.297","0.588","0.583","0.425","0.000000000000000","1"
Fulacunda,Fulacunda,Quinara,Guinea-Bissau,guinee,"0.477000000000000","11275","917.299999999999955","12.292000000000000","3","33.622107969151671","5.000000000000000","0.748","0.018","0.008","0.494","0.272","0.008","0.005","0.296","0.763","0.697","0.465","1.000000000000000","1"
Gabu,Gabu,Gabu,Guinea-Bissau,guinee,"1.000000000000000","81495","2122.800000000000182","38.390000000000001","3","31.930008748906388","3.000000000000000","0.349","0.090","0.053","0.506","0.322","0.007","0.015","0.358","0.444","0.306","0.465","4.000000000000000","0"
Gamamudo/Ganadu,Gamamudo/Ganadu,Bafata,Guinea-Bissau,guinee,"0.077000000000000","24564","903.200000000000045","27.196999999999999","3","33.627968337730870","5.000000000000000","0.792","0.013","0.013","0.578","0.203","0.000","0.000","0.330","0.617","0.607","0.449","0.000000000000000","0"
Mansaba,Mansaba,Oio,Guinea-Bissau,guinee,"0.006000000000000","43725","1387.000000000000000","31.524999999999999","3","32.280898876404493","5.000000000000000","0.760","0.022","0.009","0.579","0.242","0.000","0.052","0.330","0.609","0.296","0.446","0.000000000000000","0"
Mansoa,Mansoa,Oio,Guinea-Bissau,guinee,"0.027000000000000","46046","1096.700000000000045","41.985999999999997","3","31.768072289156628","5.000000000000000","0.593","0.041","0.011","0.363","0.420","0.009","0.015","0.289","0.456","0.354","0.476","0.000000000000000","1"
Nhacra,Nhacra,Oio,Guinea-Bissau,guinee,"0.163000000000000","20639","265.300000000000011","77.795000000000002","3","32.363363363363362","5.000000000000000","0.471","0.072","0.039","0.480","0.273","0.000","0.108","0.234","0.547","0.441","0.414","0.000000000000000","1"
Pirada,Pirada,Gabu,Guinea-Bissau,guinee,"0.000000000000000","29837","934.399999999999977","31.931999999999999","3","32.822222222222223","1.000000000000000","0.739","0.047","0.014","0.644","0.094","0.000","0.019","0.428","0.531","0.478","0.442","0.000000000000000","1"
Pitche,Pitche,Gabu,Guinea-Bissau,guinee,"0.000000000000000","45594","2021.400000000000091","22.556000000000001","3","32.806921675774134","2.000000000000000","0.740","0.027","0.011","0.616","0.071","0.000","0.038","0.457","0.574","0.444","0.457","0.000000000000000","1"
Prabis,Prabis,Biombo,Guinea-Bissau,guinee,"0.156000000000000","33024","213.000000000000000","155.042000000000002","3","32.234096692111962","5.000000000000000","0.461","0.046","0.025","0.346","0.402","0.005","0.028","0.239","0.590","0.405","0.481","0.000000000000000","1"
Quebo,Quebo,Tombali,Guinea-Bissau,guinee,"0.034000000000000","15372","960.399999999999977","16.006000000000000","3","32.101063829787236","3.000000000000000","0.537","0.064","0.040","0.481","0.277","0.003","0.040","0.295","0.654","0.617","0.452","0.000000000000000","1"
Quinhamel,Quinhamel,Biombo,Guinea-Bissau,guinee,"0.131000000000000","42659","451.000000000000000","94.587999999999994","3","32.340150699677075","5.000000000000000","0.588","0.042","0.055","0.304","0.451","0.003","0.062","0.245","0.606","0.523","0.441","0.000000000000000","0"
Quinhamel,Quinhamel,Biombo,Guinea-Bissau,guinee,"0.131000000000000","42659","451.000000000000000","94.587999999999994","3","32.340150699677075","5.000000000000000","0.588","0.042","0.055","0.304","0.451","0.003","0.062","0.245","0.606","0.523","0.441","0.000000000000000","0"
Quinhamel,Quinhamel,Biombo,Guinea-Bissau,guinee,"0.131000000000000","42659","451.000000000000000","94.587999999999994","3","32.340150699677075","5.000000000000000","0.588","0.042","0.055","0.304","0.451","0.003","0.062","0.245","0.606","0.523","0.441","0.000000000000000","0"
Safim,Safim,Biombo,Guinea-Bissau,guinee,"0.722000000000000","17356","174.800000000000011","99.290999999999997","3","30.599173553719009","5.000000000000000","0.178","0.074","0.065","0.212","0.562","0.032","0.028","0.227","0.547","0.324","0.506","2.000000000000000","0"
Sao Domingos,Sao Domingos,Cacheu,Guinea-Bissau,guinee,"0.423000000000000","29116","1035.099999999999909","28.129000000000001","3","33.349710982658962","5.000000000000000","0.298","0.090","0.052","0.246","0.428","0.009","0.055","0.272","0.584","0.425","0.509","1.000000000000000","1"
Sonaco,Sonaco,Gabu,Guinea-Bissau,guinee,"0.055000000000000","37804","783.600000000000023","48.244000000000000","3","33.540709812108560","5.000000000000000","0.687","0.071","0.023","0.649","0.169","0.000","0.021","0.395","0.466","0.420","0.451","0.000000000000000","0"
Xitole,Xitole,Bafata,Guinea-Bissau,guinee,"0.032000000000000","16928","1339.200000000000045","12.640000000000001","3","34.194078947368418","3.000000000000000","0.727","0.033","0.016","0.493","0.181","0.000","0.013","0.362","0.520","0.503","0.467","0.000000000000000","0"
Catio,Catio,Tombali,Guinea-Bissau,guinee,"0.010000000000000","26999","1021.100000000000023","26.440999999999999","3","31.766114180478823","5.000000000000000","0.600","0.029","0.022","0.401","0.389","0.002","0.079","0.361","0.565","0.519","0.508","0.000000000000000","1"
Bafata,Bafata,Bafata,Guinea-Bissau,guinee,"1.000000000000000","83510","1344.500000000000000","62.112000000000002","3","32.332715477293789","5.000000000000000","0.436","0.093","0.053","0.455","0.372","0.007","0.012","0.331","0.425","0.338","0.446","4.000000000000000","0"
Galomaro/Cosse,Galomaro/Cosse,Bafata,Guinea-Bissau,guinee,"0.102000000000000","14554","507.500000000000000","28.678000000000001","3","33.672566371681413","1.000000000000000","0.735","0.027","0.031","0.633","0.133","0.000","0.004","0.407","0.699","0.673","0.407","0.000000000000000","0"
Tite,Tite,Quinara,Guinea-Bissau,guinee,"0.046000000000000","14862","699.500000000000000","21.247000000000000","3","31.469115191986646","5.000000000000000","0.705","0.028","0.030","0.416","0.339","0.005","0.065","0.275","0.621","0.606","0.491","0.000000000000000","0"
Tite,Tite,Quinara,Guinea-Bissau,guinee,"0.046000000000000","14862","699.500000000000000","21.247000000000000","3","31.469115191986646","5.000000000000000","0.705","0.028","0.030","0.416","0.339","0.005","0.065","0.275","0.621","0.606","0.491","0.000000000000000","0"
Tite,Tite,Quinara,Guinea-Bissau,guinee,"0.046000000000000","14862","699.500000000000000","21.247000000000000","3","31.469115191986646","5.000000000000000","0.705","0.028","0.030","0.416","0.339","0.005","0.065","0.275","0.621","0.606","0.491","0.000000000000000","0"
Tite,Tite,Quinara,Guinea-Bissau,guinee,"0.046000000000000","14862","699.500000000000000","21.247000000000000","3","31.469115191986646","5.000000000000000","0.705","0.028","0.030","0.416","0.339","0.005","0.065","0.275","0.621","0.606","0.491","0.000000000000000","0"
Bubaque,Bubaque,Bolama/Bijagos,Guinea-Bissau,guinee,"0.000000000000000","11204","1013.299999999999955","11.057000000000000","3","35.503370786516854","5.000000000000000","0.389","0.049","0.040","0.506","0.366","0.002","0.121","0.360","0.670","0.580","0.458","0.000000000000000","1"
Bubaque,Bubaque,Bolama/Bijagos,Guinea-Bissau,guinee,"0.000000000000000","11204","1013.299999999999955","11.057000000000000","3","35.503370786516854","5.000000000000000","0.389","0.049","0.040","0.506","0.366","0.002","0.121","0.360","0.670","0.580","0.458","0.000000000000000","1"
Bubaque,Bubaque,Bolama/Bijagos,Guinea-Bissau,guinee,"0.000000000000000","11204","1013.299999999999955","11.057000000000000","3","35.503370786516854","5.000000000000000","0.389","0.049","0.040","0.506","0.366","0.002","0.121","0.360","0.670","0.580","0.458","0.000000000000000","1"
Bubaque,Bubaque,Bolama/Bijagos,Guinea-Bissau,guinee,"0.000000000000000","11204","1013.299999999999955","11.057000000000000","3","35.503370786516854","5.000000000000000","0.389","0.049","0.040","0.506","0.366","0.002","0.121","0.360","0.670","0.580","0.458","0.000000000000000","1"
Bubaque,Bubaque,Bolama/Bijagos,Guinea-Bissau,guinee,"0.000000000000000","11204","1013.299999999999955","11.057000000000000","3","35.503370786516854","5.000000000000000","0.389","0.049","0.040","0.506","0.366","0.002","0.121","0.360","0.670","0.580","0.458","0.000000000000000","1"
Bubaque,Bubaque,Bolama/Bijagos,Guinea-Bissau,guinee,"0.000000000000000","11204","1013.299999999999955","11.057000000000000","3","35.503370786516854","5.000000000000000","0.389","0.049","0.040","0.506","0.366","0.002","0.121","0.360","0.670","0.580","0.458","0.000000000000000","1"
Bubaque,Bubaque,Bolama/Bijagos,Guinea-Bissau,guinee,"0.000000000000000","11204","1013.299999999999955","11.057000000000000","3","35.503370786516854","5.000000000000000","0.389","0.049","0.040","0.506","0.366","0.002","0.121","0.360","0.670","0.580","0.458","0.000000000000000","1"
Bubaque,Bubaque,Bolama/Bijagos,Guinea-Bissau,guinee,"0.000000000000000","11204","1013.299999999999955","11.057000000000000","3","35.503370786516854","5.000000000000000","0.389","0.049","0.040","0.506","0.366","0.002","0.121","0.360","0.670","0.580","0.458","0.000000000000000","1"
Bubaque,Bubaque,Bolama/Bijagos,Guinea-Bissau,guinee,"0.000000000000000","11204","1013.299999999999955","11.057000000000000","3","35.503370786516854","5.000000000000000","0.389","0.049","0.040","0.506","0.366","0.002","0.121","0.360","0.670","0.580","0.458","0.000000000000000","1"
Bubaque,Bubaque,Bolama/Bijagos,Guinea-Bissau,guinee,"0.000000000000000","11204","1013.299999999999955","11.057000000000000","3","35.503370786516854","5.000000000000000","0.389","0.049","0.040","0.506","0.366","0.002","0.121","0.360","0.670","0.580","0.458","0.000000000000000","1"
Bubaque,Bubaque,Bolama/Bijagos,Guinea-Bissau,guinee,"0.000000000000000","11204","1013.299999999999955","11.057000000000000","3","35.503370786516854","5.000000000000000","0.389","0.049","0.040","0.506","0.366","0.002","0.121","0.360","0.670","0.580","0.458","0.000000000000000","1"
Bubaque,Bubaque,Bolama/Bijagos,Guinea-Bissau,guinee,"0.000000000000000","11204","1013.299999999999955","11.057000000000000","3","35.503370786516854","5.000000000000000","0.389","0.049","0.040","0.506","0.366","0.002","0.121","0.360","0.670","0.580","0.458","0.000000000000000","1"
Bubaque,Bubaque,Bolama/Bijagos,Guinea-Bissau,guinee,"0.000000000000000","11204","1013.299999999999955","11.057000000000000","3","35.503370786516854","5.000000000000000","0.389","0.049","0.040","0.506","0.366","0.002","0.121","0.360","0.670","0.580","0.458","0.000000000000000","1"
Bubaque,Bubaque,Bolama/Bijagos,Guinea-Bissau,guinee,"0.000000000000000","11204","1013.299999999999955","11.057000000000000","3","35.503370786516854","5.000000000000000","0.389","0.049","0.040","0.506","0.366","0.002","0.121","0.360","0.670","0.580","0.458","0.000000000000000","1"
Bubaque,Bubaque,Bolama/Bijagos,Guinea-Bissau,guinee,"0.000000000000000","11204","1013.299999999999955","11.057000000000000","3","35.503370786516854","5.000000000000000","0.389","0.049","0.040","0.506","0.366","0.002","0.121","0.360","0.670","0.580","0.458","0.000000000000000","1"
Bolama,Bolama,Bolama/Bijagos,Guinea-Bissau,guinee,"0.012000000000000","10206","450.800000000000011","22.640000000000001","3","32.671905697445972","5.000000000000000","0.420","0.033","0.018","0.273","0.585","0.020","0.067","0.303","0.572","0.367","0.485","0.000000000000000","1"
Bolama,Bolama,Bolama/Bijagos,Guinea-Bissau,guinee,"0.012000000000000","10206","450.800000000000011","22.640000000000001","3","32.671905697445972","5.000000000000000","0.420","0.033","0.018","0.273","0.585","0.020","0.067","0.303","0.572","0.367","0.485","0.000000000000000","1"
Bolama,Bolama,Bolama/Bijagos,Guinea-Bissau,guinee,"0.012000000000000","10206","450.800000000000011","22.640000000000001","3","32.671905697445972","5.000000000000000","0.420","0.033","0.018","0.273","0.585","0.020","0.067","0.303","0.572","0.367","0.485","0.000000000000000","1"
Tomora,Bafoulabe,Kayes,Mali,mali,"0.001000000000000","32211","195200.000000000000000","16.501999999999999","1","34.151515151515149","1.000000000000000","0.848","0.000","0.000","0.879","0.121","0.000","0.000","0.303","0.636","0.424","0.364","0.000000000000000","0"
Diallan,Bafoulabe,Kayes,Mali,mali,"0.000000000000000","14695","91200.000000000000000","16.113000000000000","1","35.657894736842103","1.000000000000000","0.816","0.000","0.000","0.632","0.079","0.000","0.000","0.395","0.553","0.395","0.342","0.000000000000000","0"
Diakon,Bafoulabe,Kayes,Mali,mali,"0.000000000000000","33756","193100.000000000000000","17.481000000000002","1","33.860465116279073","1.000000000000000","0.930","0.023","0.000","0.860","0.000","0.000","0.023","0.186","0.884","0.744","0.419","0.000000000000000","0"
Bafoulabe,Bafoulabe,Kayes,Mali,mali,"0.055000000000000","19766","137200.000000000000000","14.407000000000000","1","35.200000000000003","1.000000000000000","0.714","0.029","0.086","0.571","0.257","0.000","0.086","0.771","0.600","0.429","0.486","1.000000000000000","0"
Sitakily,Kéniéba,Kayes,Mali,mali,"0.005000000000000","30154","84800.000000000000000","35.558999999999997","1","33.578947368421055","3.000000000000000","0.118","0.105","0.092","0.618","0.171","0.000","0.000","0.434","0.579","0.303","0.513","0.000000000000000","1"
Baye,Kéniéba,Kayes,Mali,mali,"0.000000000000000","53384","262300.000000000000000","20.352000000000000","1","37.500000000000000","1.000000000000000","0.786","0.036","0.000","0.893","0.000","0.000","0.000","0.643","0.643","0.607","0.464","0.000000000000000","1"
Kita,Kita,Kayes,Mali,mali,"0.117000000000000","49043","2790.000000000000000","1757.814000000000078","3","31.906103286384976","5.000000000000000","0.005","0.131","0.042","0.338","0.479","0.047","0.023","0.329","0.399","0.239","0.484","4.000000000000000","0"
Tougouni,Koulikoro,Koulikoro,Mali,mali,"0.006000000000000","12580","58300.000000000000000","21.577999999999999","1","32.820895522388057","1.000000000000000","0.836","0.030","0.000","0.657","0.149","0.000","0.000","0.433","0.537","0.657","0.433","0.000000000000000","0"
Dinandougou,Koulikoro,Koulikoro,Mali,mali,"0.005000000000000","21360","63000.000000000000000","33.905000000000001","1","34.396551724137929","1.000000000000000","0.776","0.017","0.000","0.828","0.034","0.000","0.000","0.552","0.621","0.293","0.466","0.000000000000000","0"
Kayes,Kayes,Kayes,Mali,mali,"0.207000000000000","126319","1290.000000000000000","9792.171000000000276","3","31.815028901734102","2.000000000000000","0.000","0.191","0.052","0.347","0.457","0.061","0.020","0.425","0.471","0.211","0.488","15.000000000000000","0"
Tafacirga,Kayes,Kayes,Mali,mali,"0.004000000000000","9126","10900.000000000000000","83.724999999999994","1","33.173913043478258","1.000000000000000","0.543","0.000","0.000","0.565","0.087","0.022","0.022","0.326","0.587","0.522","0.413","0.000000000000000","1"
Logo,Kayes,Kayes,Mali,mali,"0.023000000000000","11989","41100.000000000000000","29.170000000000002","1","30.159090909090914","1.000000000000000","0.364","0.045","0.000","0.159","0.364","0.000","0.000","0.409","0.250","0.205","0.523","0.000000000000000","0"
Falémé,Kayes,Kayes,Mali,mali,"0.084000000000000","10158","71600.000000000000000","14.186999999999999","1","34.621621621621621","1.000000000000000","0.324","0.027","0.027","0.757","0.081","0.000","0.000","0.351","0.270","0.243","0.378","2.000000000000000","1"
Djélébou,Kayes,Kayes,Mali,mali,"0.000000000000000","23557","88900.000000000000000","26.498000000000001","1","36.100000000000001","1.000000000000000","0.700","0.036","0.018","0.891","0.036","0.000","0.036","0.400","0.482","0.473","0.445","0.000000000000000","1"
Kassaro,Kita,Kayes,Mali,mali,"0.000000000000000","21606","127800.000000000000000","16.905999999999999","1","30.837209302325583","1.000000000000000","0.302","0.047","0.000","0.651","0.140","0.023","0.000","0.488","0.256","0.233","0.488","0.000000000000000","0"
Bougouni,Bougouni,Sikasso,Mali,mali,"0.124000000000000","58538","18600.000000000000000","314.720000000000027","2","32.075829383886258","2.000000000000000","0.209","0.047","0.038","0.460","0.336","0.033","0.000","0.441","0.322","0.218","0.469","5.000000000000000","0"
Souba,Ségou,Ségou,Mali,mali,"0.004000000000000","20050","107800.000000000000000","18.599000000000000","1","34.274509803921568","1.000000000000000","0.490","0.000","0.000","0.824","0.020","0.000","0.000","0.196","0.235","0.235","0.490","0.000000000000000","0"
Sido,Bougouni,Sikasso,Mali,mali,"0.009000000000000","20822","102500.000000000000000","20.314000000000000","1","35.885057471264368","3.000000000000000","0.425","0.023","0.000","0.793","0.103","0.000","0.000","0.506","0.299","0.276","0.460","0.000000000000000","0"
Gouméra,Kayes,Kayes,Mali,mali,"0.027000000000000","3821","7800.000000000000000","48.987000000000002","1","34.807692307692307","1.000000000000000","0.596","0.038","0.038","0.769","0.077","0.000","0.000","0.423","0.596","0.423","0.442","0.000000000000000","0"
Béma,Diéma,Kayes,Mali,mali,"0.002000000000000","25429","103600.000000000000000","24.545000000000002","1","34.610526315789471","1.000000000000000","0.463","0.021","0.000","0.674","0.168","0.000","0.000","0.337","0.253","0.242","0.432","0.000000000000000","0"
Fatao,Diéma,Kayes,Mali,mali,"0.000000000000000","8339","19300.000000000000000","43.207000000000001","1","35.346938775510203","1.000000000000000","0.735","0.041","0.000","0.816","0.061","0.000","0.000","0.204","0.592","0.286","0.469","0.000000000000000","0"
Toya,Yélimané,Kayes,Mali,mali,"0.000000000000000","12601","10800.000000000000000","116.676000000000002","1","34.358974358974358","5.000000000000000","0.282","0.077","0.000","0.590","0.051","0.026","0.000","0.385","0.179","0.205","0.410","0.000000000000000","0"
Nioro,Nioro,Kayes,Mali,mali,"0.106000000000000","33691","9100.000000000000000","370.230999999999995","2","33.137096774193552","5.000000000000000","0.097","0.113","0.032","0.597","0.242","0.032","0.097","0.492","0.387","0.282","0.492","4.000000000000000","0"
Yéréré,Nioro,Kayes,Mali,mali,"0.022000000000000","13487","41900.000000000000000","32.189000000000000","1","40.125000000000000","1.000000000000000","0.438","0.000","0.000","1.000","0.000","0.000","0.125","0.625","0.469","0.469","0.438","0.000000000000000","1"
Gavinané,Nioro,Kayes,Mali,mali,"0.005000000000000","15679","81300.000000000000000","19.285000000000000","1","33.605263157894740","1.000000000000000","0.026","0.026","0.000","1.000","0.000","0.000","0.553","0.500","0.316","0.263","0.579","0.000000000000000","0"
Diarra,Nioro,Kayes,Mali,mali,"0.001000000000000","7137","31700.000000000000000","22.513999999999999","1","38.147058823529413","1.000000000000000","0.647","0.000","0.000","0.824","0.029","0.000","0.000","0.441","0.471","0.471","0.382","0.000000000000000","0"
Banamba,Banamba,Koulikoro,Mali,mali,"0.006000000000000","31880","55100.000000000000000","57.857999999999997","1","33.750000000000000","1.000000000000000","0.191","0.128","0.069","0.495","0.266","0.032","0.000","0.447","0.420","0.239","0.468","1.000000000000000","0"
Narena,Kangaba,Koulikoro,Mali,mali,"0.002000000000000","12553","54700.000000000000000","22.949000000000002","1","31.421875000000000","1.000000000000000","0.141","0.031","0.016","0.672","0.203","0.016","0.188","0.438","0.734","0.594","0.500","0.000000000000000","0"
Kati,Kati,Koulikoro,Mali,mali,"0.456000000000000","84500","1920.000000000000000","4401.042000000000371","3","32.231578947368419","2.000000000000000","0.011","0.137","0.061","0.213","0.505","0.124","0.003","0.495","0.555","0.213","0.487","6.000000000000000","0"
Siby,Kati,Koulikoro,Mali,mali,"0.005000000000000","42814","138559.000000000000000","30.899000000000001","1","29.953488372093023","2.000000000000000","0.163","0.047","0.233","0.605","0.209","0.000","0.000","0.512","0.698","0.465","0.535","0.000000000000000","0"
Kéléya,Bougouni,Sikasso,Mali,mali,"0.006000000000000","20529","61200.000000000000000","33.543999999999997","1","36.620689655172413","1.000000000000000","0.552","0.011","0.000","0.724","0.080","0.000","0.000","0.552","0.391","0.299","0.437","0.000000000000000","0"
Kabarasso,Sikasso,Sikasso,Mali,mali,"0.000000000000000","8486","27000.000000000000000","31.430000000000000","1","34.708333333333336","3.000000000000000","0.958","0.000","0.000","0.688","0.104","0.000","0.021","0.292","0.417","0.438","0.375","0.000000000000000","0"
Niantjila,Dioila,Koulikoro,Mali,mali,"0.002000000000000","14303","38900.000000000000000","36.768999999999998","1","36.804878048780488","1.000000000000000","0.439","0.024","0.049","0.805","0.073","0.000","0.000","0.390","0.293","0.341","0.390","0.000000000000000","0"
Kalifabougou,Kati,Koulikoro,Mali,mali,"0.042000000000000","11621","24000.000000000000000","48.420999999999999","1","34.274193548387096","3.000000000000000","0.532","0.000","0.000","0.758","0.065","0.016","0.000","0.484","0.210","0.258","0.387","0.000000000000000","0"
Diébougou,Kati,Koulikoro,Mali,mali,"0.056000000000000","73816","92182.000000000000000","80.075999999999993","1","31.849462365591396","3.000000000000000","0.151","0.102","0.113","0.452","0.355","0.005","0.005","0.516","0.608","0.387","0.468","0.000000000000000","0"
Nossombougou,Kolokani,Koulikoro,Mali,mali,"0.014000000000000","20745","41700.000000000000000","49.747999999999998","1","30.767441860465116","5.000000000000000","0.442","0.000","0.023","0.605","0.186","0.000","0.047","0.326","0.233","0.233","0.442","0.000000000000000","0"
Nonkon,Kolokani,Koulikoro,Mali,mali,"0.001000000000000","18131","51300.000000000000000","35.343000000000004","1","36.509803921568626","5.000000000000000","0.784","0.020","0.020","0.686","0.098","0.000","0.020","0.843","0.745","0.451","0.529","0.000000000000000","0"
Kolokani,Kolokani,Koulikoro,Mali,mali,"0.000000000000000","44220","117900.000000000000000","37.506000000000000","1","33.056034482758619","5.000000000000000","0.435","0.078","0.013","0.496","0.272","0.022","0.017","0.491","0.543","0.349","0.513","0.000000000000000","0"
Ségou,Ségou,Ségou,Mali,mali,"0.214000000000000","133501","2570.000000000000000","5194.591000000000349","3","30.909814323607428","2.000000000000000","0.005","0.170","0.045","0.202","0.517","0.103","0.000","0.411","0.443","0.191","0.467","14.000000000000000","0"
Wassoulou Balle,Yanfolila,Sikasso,Mali,mali,"0.084000000000000","51473","164900.000000000000000","31.215000000000000","1","33.110236220472444","2.000000000000000","0.173","0.118","0.039","0.583","0.205","0.039","0.000","0.543","0.425","0.276","0.480","3.000000000000000","1"
N'golobougou,Dioila,Koulikoro,Mali,mali,"0.001000000000000","21848","49600.000000000000000","44.048000000000002","1","32.366666666666667","1.000000000000000","0.583","0.033","0.000","0.500","0.250","0.000","0.017","0.633","0.267","0.267","0.533","0.000000000000000","0"
Binko,Dioila,Koulikoro,Mali,mali,"0.017000000000000","19897","59300.000000000000000","33.552999999999997","1","35.280000000000001","1.000000000000000","0.384","0.168","0.000","0.696","0.144","0.000","0.056","0.392","0.344","0.344","0.520","0.000000000000000","0"
Nara,Nara,Koulikoro,Mali,mali,"0.000000000000000","29602","127000.000000000000000","23.309000000000001","1","31.571428571428573","1.000000000000000","0.119","0.310","0.024","0.476","0.381","0.000","0.000","0.619","0.643","0.452","0.429","1.000000000000000","1"
Tiélé,Kati,Koulikoro,Mali,mali,"0.002000000000000","18494","51900.000000000000000","35.634000000000000","1","34.078947368421055","2.000000000000000","0.132","0.026","0.079","0.447","0.342","0.026","0.026","0.500","0.368","0.211","0.395","0.000000000000000","0"
Sere Moussa Ani Samo de Siékorolé,Yanfolila,Sikasso,Mali,mali,"0.005000000000000","18784","50900.000000000000000","36.904000000000003","1","34.911111111111111","5.000000000000000","0.467","0.044","0.044","0.733","0.067","0.000","0.000","0.600","0.333","0.311","0.600","0.000000000000000","1"
Boron,Banamba,Koulikoro,Mali,mali,"0.000000000000000","72414","272900.000000000000000","26.535000000000000","1","33.055555555555557","5.000000000000000","0.622","0.000","0.000","0.867","0.067","0.000","0.022","0.478","0.311","0.311","0.522","0.000000000000000","0"
Monimpébougou,Macina,Ségou,Mali,mali,"0.001000000000000","33954","212600.000000000000000","15.971000000000000","1","31.181818181818183","1.000000000000000","0.659","0.000","0.000","1.000","0.000","0.000","0.023","0.545","0.227","0.250","0.545","0.000000000000000","0"
Djenné,Djenné,Mopti,Mali,mali,"0.055000000000000","26267","27100.000000000000000","96.926000000000002","1","36.255474452554743","1.000000000000000","0.321","0.007","0.015","0.635","0.255","0.007","0.000","0.606","0.343","0.255","0.453","1.000000000000000","0"
Pondori,Djenné,Mopti,Mali,mali,"0.014000000000000","9991","16600.000000000000000","60.186999999999998","1","36.446808510638299","1.000000000000000","0.447","0.053","0.032","0.819","0.053","0.011","0.011","0.457","0.457","0.415","0.500","0.000000000000000","0"
Néma Badenyakafo,Djenné,Mopti,Mali,mali,"0.003000000000000","46399","103600.000000000000000","44.786999999999999","1","36.180232558139537","3.000000000000000","0.424","0.023","0.012","0.901","0.012","0.000","0.064","0.483","0.529","0.413","0.471","0.000000000000000","0"
Madiama,Djenné,Mopti,Mali,mali,"0.014000000000000","11833","19600.000000000000000","60.372000000000000","1","38.757575757575758","2.000000000000000","0.364","0.030","0.000","0.818","0.000","0.000","0.000","0.576","0.333","0.333","0.455","0.000000000000000","0"
Derrary,Djenné,Mopti,Mali,mali,"0.016000000000000","6962","17800.000000000000000","39.112000000000002","1","37.564516129032256","1.000000000000000","0.435","0.097","0.016","0.742","0.113","0.000","0.210","0.371","0.694","0.629","0.484","0.000000000000000","0"
Douentza,Douentza,Mopti,Mali,mali,"0.053000000000000","24005","9000.000000000000000","266.721999999999980","2","35.584615384615383","3.000000000000000","0.285","0.208","0.123","0.600","0.177","0.000","0.062","0.531","0.600","0.554","0.454","1.000000000000000","0"
Mopti,Mopti,Mopti,Mali,mali,"0.211000000000000","120786","1310.000000000000000","9220.305000000000291","3","33.291989664082685","2.000000000000000","0.023","0.235","0.111","0.432","0.372","0.031","0.010","0.419","0.517","0.362","0.470","21.000000000000000","0"
Koro,Koro,Mopti,Mali,mali,"0.000000000000000","96908","258300.000000000000000","37.518000000000001","1","35.610169491525426","3.000000000000000","0.432","0.102","0.178","0.593","0.254","0.068","0.000","0.551","0.602","0.339","0.449","0.000000000000000","1"
Dougouténé II,Koro,Mopti,Mali,mali,"0.000000000000000","21045","25800.000000000000000","81.569999999999993","1","36.379310344827587","1.000000000000000","0.931","0.034","0.034","0.828","0.069","0.000","0.000","0.414","0.552","0.552","0.414","0.000000000000000","0"
Bondo,Koro,Mopti,Mali,mali,"0.000000000000000","48074","119500.000000000000000","40.228999999999999","1","37.758620689655174","5.000000000000000","0.724","0.000","0.034","0.793","0.069","0.000","0.034","0.138","0.483","0.345","0.276","0.000000000000000","1"
Baye,Bankass,Mopti,Mali,mali,"0.000000000000000","53384","262300.000000000000000","20.352000000000000","1","37.500000000000000","1.000000000000000","0.786","0.036","0.000","0.893","0.000","0.000","0.000","0.643","0.643","0.607","0.464","0.000000000000000","1"
Koulogon Habé,Bankass,Mopti,Mali,mali,"0.000000000000000","14511","21600.000000000000000","67.180999999999997","1","33.677419354838712","1.000000000000000","0.742","0.032","0.032","0.903","0.097","0.000","0.000","0.484","0.613","0.387","0.484","0.000000000000000","0"
Sangha,Bandiagara,Mopti,Mali,mali,"0.003000000000000","85445","75228.000000000000000","113.581000000000003","1","33.100000000000001","1.000000000000000","0.900","0.000","0.000","0.950","0.000","0.000","0.000","0.450","0.900","0.800","0.475","0.000000000000000","0"
Kendié,Bandiagara,Mopti,Mali,mali,"0.003000000000000","25482","114100.000000000000000","22.332999999999998","1","36.250000000000000","1.000000000000000","0.563","0.125","0.094","0.406","0.281","0.063","0.000","0.531","0.719","0.344","0.531","0.000000000000000","0"
Ségué Iré,Bandiagara,Mopti,Mali,mali,"0.001000000000000","14861","12700.000000000000000","117.016000000000005","1","41.083333333333336","1.000000000000000","0.375","0.083","0.042","0.833","0.042","0.000","0.000","0.292","0.292","0.250","0.417","0.000000000000000","0"
Youwarou,Youwarou,Mopti,Mali,mali,"0.013000000000000","23313","89200.000000000000000","26.135999999999999","1","33.846153846153847","1.000000000000000","0.077","0.051","0.103","0.718","0.077","0.051","0.103","0.513","0.385","0.231","0.436","0.000000000000000","0"
Ténenkou,Ténenkou,Mopti,Mali,mali,"0.000000000000000","11274","850.000000000000000","1326.353000000000065","3","32.500000000000000","1.000000000000000","0.050","0.075","0.000","0.725","0.150","0.000","0.025","0.525","0.300","0.175","0.475","0.000000000000000","0"
Léré,Niafunké,Tombouctou,Mali,mali,"0.000000000000000","17432","133000.000000000000000","13.106999999999999","1","33.894736842105260","1.000000000000000","0.105","0.132","0.026","0.711","0.105","0.000","0.000","0.737","0.342","0.316","0.368","0.000000000000000","0"
Souboundou,Niafunké,Tombouctou,Mali,mali,"0.058000000000000","40425","166100.000000000000000","24.338000000000001","1","34.659574468085104","1.000000000000000","0.138","0.037","0.016","0.872","0.069","0.027","0.011","0.548","0.266","0.207","0.468","0.000000000000000","0"
Haibongo,Diré,Tombouctou,Mali,mali,"0.000000000000000","14257","23300.000000000000000","61.189000000000000","1","35.068965517241381","1.000000000000000","0.172","0.034","0.000","0.897","0.103","0.000","0.103","0.552","0.310","0.310","0.483","0.000000000000000","0"
Sareyamou,Diré,Tombouctou,Mali,mali,"0.000000000000000","16946","53100.000000000000000","31.913000000000000","1","36.333333333333336","1.000000000000000","0.148","0.111","0.000","1.000","0.000","0.000","0.000","0.556","0.259","0.222","0.407","0.000000000000000","0"
Diré,Diré,Tombouctou,Mali,mali,"0.000000000000000","20337","22600.000000000000000","89.986999999999995","1","32.675257731958766","1.000000000000000","0.041","0.067","0.067","0.706","0.247","0.005","0.000","0.438","0.330","0.232","0.485","0.000000000000000","0"
Douékire,Goundam,Tombouctou,Mali,mali,"0.000000000000000","18095","123100.000000000000000","14.699000000000000","1","38.000000000000000","1.000000000000000","0.061","0.030","0.121","1.000","0.000","0.000","0.152","0.727","0.515","0.394","0.455","0.000000000000000","0"
Marintoumania,Kayes,Kayes,Mali,mali,"0.000000000000000","8061","57900.000000000000000","13.922000000000001","1","36.833333333333336","1.000000000000000","0.472","0.000","0.000","0.944","0.000","0.000","0.028","0.722","0.278","0.278","0.472","0.000000000000000","0"
Maréna Diombougou,Kayes,Kayes,Mali,mali,"0.006000000000000","18672","27300.000000000000000","68.396000000000001","1","32.688888888888890","1.000000000000000","0.356","0.044","0.044","0.778","0.056","0.000","0.067","0.400","0.444","0.389","0.456","0.000000000000000","0"
Karakoro,Kayes,Kayes,Mali,mali,"0.000000000000000","38188","116500.000000000000000","32.779000000000003","1","30.478260869565219","5.000000000000000","0.826","0.000","0.000","0.913","0.087","0.000","0.000","0.478","0.435","0.391","0.478","0.000000000000000","1"
Grouméra,Diéma,Kayes,Mali,mali,"0.000000000000000","11519","59100.000000000000000","19.491000000000000","1","35.571428571428569","1.000000000000000","0.771","0.029","0.029","1.000","0.000","0.000","0.029","0.600","0.486","0.486","0.486","0.000000000000000","0"
Lambidou,Diéma,Kayes,Mali,mali,"0.000000000000000","14791","71400.000000000000000","20.716000000000001","1","36.261904761904759","2.000000000000000","0.976","0.000","0.000","0.905","0.048","0.000","0.000","0.405","0.857","0.786","0.357","0.000000000000000","0"
Marekaffo,Yélimané,Kayes,Mali,mali,"0.000000000000000","5324","13700.000000000000000","38.860999999999997","1","35.235294117647058","1.000000000000000","0.431","0.020","0.000","0.588","0.118","0.000","0.118","0.255","0.235","0.235","0.373","0.000000000000000","0"
Youri,Nioro,Kayes,Mali,mali,"0.008000000000000","38714","63530.000000000000000","60.938000000000002","1","33.741935483870968","1.000000000000000","0.935","0.000","0.000","0.871","0.032","0.000","0.065","0.516","0.419","0.452","0.419","0.000000000000000","0"
Sangarébougou,Kati,Koulikoro,Mali,mali,"0.613000000000000","47192","1160.000000000000000","4068.275999999999840","3","31.874172185430464","1.000000000000000","0.007","0.132","0.099","0.371","0.377","0.079","0.000","0.470","0.477","0.159","0.510","0.000000000000000","0"
Dialakorodji,Kati,Koulikoro,Mali,mali,"0.676000000000000","47486","4200.000000000000000","1130.618999999999915","3","31.615384615384617","1.000000000000000","0.000","0.128","0.231","0.410","0.308","0.000","0.000","0.615","0.641","0.359","0.564","1.000000000000000","0"
Diganibougou,Ségou,Ségou,Mali,mali,"0.082000000000000","15620","65300.000000000000000","23.920000000000002","1","34.733333333333334","1.000000000000000","0.089","0.156","0.044","0.822","0.111","0.000","0.089","0.644","0.422","0.311","0.444","0.000000000000000","0"
N'golodiana,Kolondieba,Sikasso,Mali,mali,"0.000000000000000","6872","25700.000000000000000","26.739000000000001","1","32.086956521739133","1.000000000000000","0.333","0.029","0.000","0.913","0.029","0.000","0.000","0.290","0.203","0.116","0.435","0.000000000000000","0"
Fakolo,Koutiala,Sikasso,Mali,mali,"0.031000000000000","11254","24100.000000000000000","46.697000000000003","1","34.309523809523810","3.000000000000000","0.833","0.071","0.024","0.667","0.095","0.000","0.000","0.333","0.357","0.357","0.405","0.000000000000000","0"
Nafanga,Koutiala,Sikasso,Mali,mali,"0.008000000000000","8794","29700.000000000000000","29.609000000000002","1","41.969696969696969","3.000000000000000","0.818","0.000","0.000","0.970","0.000","0.000","0.030","0.515","0.212","0.212","0.394","0.000000000000000","0"
Yallankoro-Soloba,Yanfolila,Sikasso,Mali,mali,"0.003000000000000","11276","26600.000000000000000","42.390999999999998","1","31.121212121212121","1.000000000000000","0.439","0.015","0.000","0.848","0.076","0.000","0.000","0.409","0.348","0.273","0.530","0.000000000000000","1"
Tesserla,Baraouéli,Ségou,Mali,mali,"0.014000000000000","6118","21100.000000000000000","28.995000000000001","1","38.970588235294109","1.000000000000000","0.647","0.029","0.000","0.941","0.029","0.000","0.088","0.676","0.441","0.471","0.529","0.000000000000000","0"
Kaniégue,San,Ségou,Mali,mali,"0.005000000000000","7120","12800.000000000000000","55.625000000000000","1","32.912280701754383","5.000000000000000","0.561","0.035","0.018","0.702","0.070","0.000","0.000","0.351","0.333","0.228","0.544","0.000000000000000","0"
Diéli,San,Ségou,Mali,mali,"0.023000000000000","13984","26500.000000000000000","52.770000000000003","1","36.458715596330272","2.000000000000000","0.349","0.101","0.018","0.651","0.165","0.000","0.000","0.587","0.477","0.459","0.459","0.000000000000000","0"
Koulandougou,Bla,Ségou,Mali,mali,"0.009000000000000","4710","7800.000000000000000","60.384999999999998","1","35.272727272727273","2.000000000000000","0.764","0.055","0.018","0.836","0.091","0.000","0.091","0.309","0.309","0.291","0.400","0.000000000000000","0"
Samabogo,Bla,Ségou,Mali,mali,"0.010000000000000","13210","19400.000000000000000","68.093000000000004","1","35.804878048780488","1.000000000000000","0.780","0.098","0.000","0.610","0.244","0.000","0.024","0.390","0.415","0.390","0.463","0.000000000000000","0"
Tiemena,Bla,Ségou,Mali,mali,"0.005000000000000","11169","16200.000000000000000","68.944000000000003","1","36.590361445783131","1.000000000000000","0.831","0.036","0.000","0.711","0.084","0.000","0.000","0.373","0.325","0.337","0.422","0.000000000000000","0"
Pelengana,Ségou,Ségou,Mali,mali,"0.176000000000000","55847","31100.000000000000000","179.572000000000003","2","38.119999999999997","1.000000000000000","0.720","0.060","0.040","0.980","0.020","0.000","0.000","0.480","0.320","0.280","0.440","1.000000000000000","0"
N'gara,Ségou,Ségou,Mali,mali,"0.009000000000000","11706","15500.000000000000000","75.522999999999996","1","37.081081081081081","1.000000000000000","0.459","0.081","0.027","0.730","0.162","0.000","0.027","0.297","0.405","0.405","0.432","0.000000000000000","0"
Markala,Ségou,Ségou,Mali,mali,"0.078000000000000","45926","32900.000000000000000","139.592999999999989","1","34.677419354838712","2.000000000000000","0.215","0.097","0.000","0.505","0.290","0.032","0.000","0.441","0.323","0.194","0.473","1.000000000000000","0"
Dougabougou,Ségou,Ségou,Mali,mali,"0.015000000000000","27951","17500.000000000000000","159.719999999999999","2","30.916666666666668","2.000000000000000","0.313","0.083","0.083","0.583","0.333","0.000","0.125","0.417","0.375","0.292","0.479","1.000000000000000","0"
Diouna,Ségou,Ségou,Mali,mali,"0.013000000000000","9142","22900.000000000000000","39.920999999999999","1","32.948051948051948","1.000000000000000","0.584","0.000","0.000","0.948","0.026","0.000","0.039","0.442","0.130","0.130","0.468","0.000000000000000","0"
Dioro,Ségou,Ségou,Mali,mali,"0.004000000000000","46621","58000.000000000000000","80.381000000000000","1","35.431818181818180","1.000000000000000","0.682","0.068","0.000","1.000","0.000","0.000","0.023","0.250","0.318","0.295","0.477","0.000000000000000","0"
Fangasso,Tominian,Ségou,Mali,mali,"0.001000000000000","23815","70900.000000000000000","33.590000000000003","1","34.435897435897438","5.000000000000000","0.385","0.231","0.026","0.462","0.333","0.026","0.000","0.513","0.538","0.487","0.462","0.000000000000000","0"
Koula,Tominian,Ségou,Mali,mali,"0.014000000000000","41537","140000.000000000000000","29.669000000000000","1","31.379999999999999","1.000000000000000","0.340","0.060","0.040","0.640","0.280","0.000","0.000","0.400","0.500","0.300","0.500","0.000000000000000","0"
Ouan,Tominian,Ségou,Mali,mali,"0.004000000000000","9108","28100.000000000000000","32.412999999999997","1","39.407407407407405","3.000000000000000","0.370","0.000","0.000","0.815","0.037","0.000","0.074","0.667","0.370","0.370","0.481","0.000000000000000","0"
Garalo,Bougouni,Sikasso,Mali,mali,"0.000000000000000","32760","185300.000000000000000","17.678999999999998","1","33.788888888888891","2.000000000000000","0.633","0.000","0.022","0.956","0.011","0.000","0.000","0.411","0.256","0.256","0.489","0.000000000000000","0"
Kaniogo,Kangaba,Koulikoro,Mali,mali,"0.005000000000000","16785","60600.000000000000000","27.698000000000000","1","31.121951219512194","1.000000000000000","0.805","0.122","0.000","0.634","0.024","0.000","0.000","0.561","0.512","0.512","0.463","0.000000000000000","1"
Minidian,Kangaba,Koulikoro,Mali,mali,"0.053000000000000","18125","46400.000000000000000","39.063000000000002","1","36.630434782608695","1.000000000000000","0.370","0.043","0.000","0.739","0.152","0.000","0.000","0.543","0.283","0.261","0.500","1.000000000000000","0"
Kolonigué,Koutiala,Sikasso,Mali,mali,"0.004000000000000","22960","46000.000000000000000","49.912999999999997","1","35.973684210526315","1.000000000000000","0.868","0.000","0.000","0.789","0.158","0.000","0.000","0.395","0.132","0.132","0.368","0.000000000000000","0"
Songoua,Koutiala,Sikasso,Mali,mali,"0.084000000000000","6199","11600.000000000000000","53.439999999999998","1","33.500000000000000","3.000000000000000","0.841","0.068","0.000","0.818","0.045","0.000","0.000","0.386","0.341","0.386","0.364","0.000000000000000","0"
Zanfigué,Koutiala,Sikasso,Mali,mali,"0.000000000000000","15239","24200.000000000000000","62.970999999999997","1","33.433333333333330","1.000000000000000","0.867","0.033","0.000","0.933","0.067","0.000","0.000","0.433","0.233","0.200","0.433","0.000000000000000","0"
Fakola,Kolondieba,Sikasso,Mali,mali,"0.000000000000000","28440","109800.000000000000000","25.902000000000001","1","32.287356321839077","1.000000000000000","0.563","0.023","0.000","0.759","0.103","0.000","0.000","0.299","0.184","0.184","0.425","0.000000000000000","1"
Zebala,Koutiala,Sikasso,Mali,mali,"0.003000000000000","17290","32100.000000000000000","53.863000000000000","1","34.243902439024389","1.000000000000000","0.902","0.073","0.000","0.683","0.122","0.000","0.024","0.341","0.366","0.366","0.439","0.000000000000000","0"
Kébila,Kolondieba,Sikasso,Mali,mali,"0.000000000000000","33090","94000.000000000000000","35.201999999999998","1","36.532258064516128","3.000000000000000","0.613","0.000","0.016","0.774","0.097","0.000","0.000","0.355","0.210","0.210","0.500","0.000000000000000","0"
Kourouma,Sikasso,Sikasso,Mali,mali,"0.000000000000000","65985","128743.000000000000000","51.253000000000000","1","32.372340425531917","3.000000000000000","0.532","0.011","0.021","0.713","0.202","0.011","0.000","0.213","0.223","0.213","0.468","0.000000000000000","0"
Kléla,Sikasso,Sikasso,Mali,mali,"0.002000000000000","24870","79200.000000000000000","31.402000000000001","1","33.883720930232556","5.000000000000000","0.814","0.023","0.023","0.512","0.326","0.000","0.000","0.442","0.326","0.279","0.465","0.000000000000000","0"
Faraba,Kati,Koulikoro,Mali,mali,"0.000000000000000","20129","171100.000000000000000","11.763999999999999","1","31.199999999999999","1.000000000000000","0.480","0.040","0.120","0.600","0.220","0.080","0.080","0.480","0.460","0.340","0.560","0.000000000000000","1"
Kapolondougou,Sikasso,Sikasso,Mali,mali,"0.005000000000000","14669","48100.000000000000000","30.497000000000000","1","34.018867924528301","3.000000000000000","0.774","0.000","0.000","0.755","0.132","0.000","0.000","0.377","0.321","0.321","0.415","0.000000000000000","0"
Blendio,Sikasso,Sikasso,Mali,mali,"0.005000000000000","12255","37700.000000000000000","32.506999999999998","1","36.000000000000000","1.000000000000000","0.588","0.039","0.000","0.804","0.039","0.000","0.000","0.471","0.255","0.255","0.471","0.000000000000000","0"
Boura,Yorosso,Sikasso,Mali,mali,"0.000000000000000","62663","194410.000000000000000","32.231999999999999","1","36.666666666666664","1.000000000000000","0.556","0.028","0.028","0.389","0.194","0.028","0.000","0.583","0.611","0.611","0.417","0.000000000000000","1"
Karangana,Yorosso,Sikasso,Mali,mali,"0.000000000000000","17018","41800.000000000000000","40.713000000000001","1","33.320754716981135","2.000000000000000","0.849","0.000","0.000","0.774","0.132","0.000","0.000","0.302","0.189","0.189","0.528","0.000000000000000","0"
Kiffosso I,Yorosso,Sikasso,Mali,mali,"0.000000000000000","19438","37900.000000000000000","51.287999999999997","1","35.160919540229884","3.000000000000000","0.805","0.000","0.000","0.805","0.184","0.000","0.000","0.402","0.207","0.195","0.506","0.000000000000000","0"
Koumbia,Yorosso,Sikasso,Mali,mali,"0.000000000000000","71454","205630.000000000000000","34.749000000000002","1","33.560975609756099","2.000000000000000","0.549","0.037","0.000","0.744","0.159","0.000","0.000","0.524","0.378","0.390","0.427","0.000000000000000","1"
Koury,Yorosso,Sikasso,Mali,mali,"0.000000000000000","54290","69000.000000000000000","78.680999999999997","1","35.430769230769229","3.000000000000000","0.762","0.023","0.008","0.815","0.100","0.000","0.023","0.431","0.208","0.269","0.492","0.000000000000000","1"
Mahou,Yorosso,Sikasso,Mali,mali,"0.000000000000000","16247","22700.000000000000000","71.572999999999993","1","34.842105263157897","4.000000000000000","0.711","0.000","0.000","0.816","0.132","0.000","0.000","0.368","0.211","0.316","0.368","0.000000000000000","1"
Konobougou,Baraouéli,Ségou,Mali,mali,"0.008000000000000","37236","73700.000000000000000","50.524000000000001","1","32.385542168674696","1.000000000000000","0.687","0.024","0.000","0.759","0.060","0.000","0.012","0.542","0.108","0.133","0.434","0.000000000000000","0"
Baraouéli,Baraouéli,Ségou,Mali,mali,"0.054000000000000","42862","77300.000000000000000","55.448999999999998","1","38.138888888888886","1.000000000000000","0.611","0.139","0.028","0.750","0.083","0.000","0.000","0.417","0.500","0.472","0.500","1.000000000000000","0"
Kava,San,Ségou,Mali,mali,"0.001000000000000","18356","24200.000000000000000","75.850999999999999","1","36.489795918367349","3.000000000000000","0.184","0.061","0.000","0.327","0.469","0.000","0.000","0.245","0.286","0.204","0.490","0.000000000000000","0"
Sébécoro I,Kolokani,Koulikoro,Mali,mali,"0.000000000000000","19045","90100.000000000000000","21.138000000000002","1","35.291666666666664","2.000000000000000","0.583","0.000","0.000","0.750","0.104","0.000","0.021","0.417","0.229","0.208","0.521","0.000000000000000","0"
Bla,Bla,Ségou,Mali,mali,"0.084000000000000","45474","38700.000000000000000","117.504000000000005","1","34.750000000000000","2.000000000000000","0.023","0.136","0.057","0.375","0.398","0.023","0.023","0.477","0.523","0.386","0.375","2.000000000000000","0"
Kemeni,Bla,Ségou,Mali,mali,"0.010000000000000","13422","16400.000000000000000","81.840999999999994","1","32.613333333333337","3.000000000000000","0.693","0.000","0.013","0.547","0.160","0.000","0.013","0.307","0.147","0.173","0.427","0.000000000000000","0"
Yangasso,Bla,Ségou,Mali,mali,"0.014000000000000","21616","48200.000000000000000","44.845999999999997","1","35.705555555555556","3.000000000000000","0.694","0.050","0.022","0.811","0.044","0.000","0.000","0.428","0.394","0.350","0.461","0.000000000000000","0"
Massala,Ségou,Ségou,Mali,mali,"0.009000000000000","47951","101900.000000000000000","47.057000000000002","1","36.064516129032256","5.000000000000000","0.935","0.032","0.000","0.823","0.048","0.000","0.000","0.387","0.387","0.387","0.468","0.000000000000000","0"
Sana,Macina,Ségou,Mali,mali,"0.000000000000000","23342","52300.000000000000000","44.631000000000000","1","32.363636363636367","1.000000000000000","0.727","0.000","0.000","1.000","0.000","0.000","0.000","0.455","0.182","0.205","0.477","0.000000000000000","0"
Saloba,Macina,Ségou,Mali,mali,"0.000000000000000","34892","68300.000000000000000","51.085999999999999","1","37.612244897959187","1.000000000000000","0.286","0.102","0.143","0.755","0.082","0.000","0.000","0.286","0.429","0.429","0.408","0.000000000000000","0"
Ouro Ali,Djenné,Mopti,Mali,mali,"0.012000000000000","10826","16500.000000000000000","65.611999999999995","1","36.560975609756099","1.000000000000000","0.431","0.000","0.000","0.911","0.033","0.000","0.008","0.561","0.358","0.268","0.480","0.000000000000000","0"
Pétaka,Douentza,Mopti,Mali,mali,"0.009000000000000","5553","30500.000000000000000","18.207000000000001","1","37.212121212121211","1.000000000000000","0.788","0.061","0.000","0.848","0.091","0.000","0.000","0.303","0.455","0.424","0.515","0.000000000000000","0"
Koubéwel Koundia,Douentza,Mopti,Mali,mali,"0.009000000000000","13180","37800.000000000000000","34.868000000000002","1","39.457142857142856","1.000000000000000","0.657","0.000","0.000","0.971","0.029","0.000","0.086","0.514","0.714","0.600","0.400","0.000000000000000","0"
Konna,Mopti,Mopti,Mali,mali,"0.001000000000000","36790","83000.000000000000000","44.325000000000003","1","32.240000000000002","1.000000000000000","0.660","0.080","0.040","0.730","0.100","0.000","0.030","0.490","0.460","0.460","0.470","0.000000000000000","0"
Fatoma,Mopti,Mopti,Mali,mali,"0.035000000000000","14910","29600.000000000000000","50.372000000000000","1","34.410256410256409","1.000000000000000","0.000","0.282","0.205","0.718","0.051","0.000","0.051","0.538","0.692","0.692","0.410","0.000000000000000","0"
Youdiou,Koro,Mopti,Mali,mali,"0.001000000000000","16478","19300.000000000000000","85.378000000000000","1","38.743589743589745","2.000000000000000","0.667","0.179","0.026","0.641","0.256","0.026","0.000","0.410","0.513","0.436","0.462","0.000000000000000","0"
Wadouba,Bandiagara,Mopti,Mali,mali,"0.005000000000000","27859","38500.000000000000000","72.361000000000004","1","35.207547169811320","1.000000000000000","0.698","0.113","0.057","0.660","0.075","0.000","0.019","0.642","0.604","0.528","0.472","0.000000000000000","0"
Métoumou,Bandiagara,Mopti,Mali,mali,"0.002000000000000","14016","22000.000000000000000","63.709000000000003","1","40.826086956521742","1.000000000000000","0.130","0.261","0.348","0.870","0.043","0.000","0.000","0.522","0.826","0.739","0.304","0.000000000000000","0"
Doucoumbo,Bandiagara,Mopti,Mali,mali,"0.020000000000000","20835","68300.000000000000000","30.504999999999999","1","39.172413793103445","2.000000000000000","0.759","0.034","0.000","0.862","0.103","0.000","0.000","0.690","0.379","0.379","0.483","0.000000000000000","0"
Dandoli,Bandiagara,Mopti,Mali,mali,"0.055000000000000","9579","18000.000000000000000","53.216999999999999","1","34.779220779220779","1.000000000000000","0.883","0.026","0.000","0.714","0.182","0.000","0.000","0.494","0.558","0.299","0.416","1.000000000000000","0"
Kalabancoro,Kati,Koulikoro,Mali,mali,"0.613000000000000","161882","21300.000000000000000","760.009000000000015","3","31.784810126582279","2.000000000000000","0.000","0.177","0.070","0.316","0.418","0.108","0.000","0.481","0.570","0.234","0.437","5.000000000000000","0"
Commune IV,Bamako,Bamako,Mali,mali,"0.868000000000000","304526","4200.000000000000000","7250.618999999999687","3","32.120777891504609","3.000000000000000","0.001","0.151","0.063","0.246","0.484","0.137","0.001","0.452","0.509","0.227","0.469","32.000000000000000","0"
Goundam,Goundam,Tombouctou,Mali,mali,"0.000000000000000","12586","10100.000000000000000","124.614000000000004","1","32.571428571428569","1.000000000000000","0.016","0.063","0.032","0.571","0.270","0.016","0.032","0.460","0.429","0.079","0.508","0.000000000000000","0"
Banikane,Gourma-Rharous,Tombouctou,Mali,mali,"0.000000000000000","9449","67800.000000000000000","13.936999999999999","1","34.833333333333336","1.000000000000000","0.194","0.028","0.000","0.806","0.000","0.000","0.000","0.222","0.222","0.167","0.250","0.000000000000000","0"
Commune III,Bamako,Bamako,Mali,mali,"0.980000000000000","128666","2070.000000000000000","6215.748999999999796","3","33.929411764705883","1.000000000000000","0.000","0.118","0.035","0.141","0.506","0.188","0.000","0.388","0.435","0.224","0.435","53.000000000000000","0"
Commune II,Bamako,Bamako,Mali,mali,"1.000000000000000","159360","1830.000000000000000","8708.197000000000116","3","32.922413793103445","5.000000000000000","0.366","0.078","0.052","0.461","0.409","0.039","0.009","0.409","0.349","0.203","0.431","27.000000000000000","0"
Commune VI,Bamako,Bamako,Mali,mali,"0.836000000000000","469662","8700.000000000000000","5398.413999999999760","3","32.339130434782611","2.000000000000000","0.001","0.106","0.046","0.240","0.432","0.189","0.002","0.448","0.419","0.149","0.480","33.000000000000000","0"
Rharous,Gourma-Rharous,Tombouctou,Mali,mali,"0.000000000000000","26287","118300.000000000000000","22.221000000000000","1","33.847826086956523","1.000000000000000","0.011","0.076","0.022","0.609","0.217","0.033","0.098","0.554","0.348","0.217","0.457","0.000000000000000","0"
Tombouctou,Tombouctou,Tombouctou,Mali,mali,"0.002000000000000","54629","4000.000000000000000","1365.724999999999909","3","32.178378378378376","1.000000000000000","0.003","0.070","0.054","0.559","0.297","0.041","0.095","0.505","0.384","0.162","0.484","0.000000000000000","0"
Tombouctou,Tombouctou,Tombouctou,Mali,mali,"0.002000000000000","54629","4000.000000000000000","1365.724999999999909","3","32.178378378378376","1.000000000000000","0.003","0.070","0.054","0.559","0.297","0.041","0.095","0.505","0.384","0.162","0.484","0.000000000000000","0"
Ansongo,Ansongo,Gao,Mali,mali,"0.000000000000000","30091","39100.000000000000000","76.959000000000003","1","30.736000000000001","1.000000000000000","0.232","0.160","0.000","0.480","0.200","0.024","0.032","0.408","0.440","0.360","0.528","0.000000000000000","0"
Gao,Gao,Gao,Mali,mali,"0.124000000000000","86353","620.000000000000000","13927.903000000000247","3","31.165484633569740","1.000000000000000","0.000","0.111","0.078","0.374","0.376","0.050","0.002","0.407","0.416","0.132","0.480","6.000000000000000","0"
Guégnéka,Dioila,Koulikoro,Mali,mali,"0.095000000000000","48041","48300.000000000000000","99.463999999999999","1","32.659574468085104","2.000000000000000","0.043","0.277","0.085","0.319","0.319","0.000","0.021","0.383","0.596","0.319","0.489","3.000000000000000","0"
Tonka,Goundam,Tombouctou,Mali,mali,"0.002000000000000","53276","67200.000000000000000","79.280000000000001","1","39.222222222222221","1.000000000000000","0.185","0.037","0.000","1.000","0.000","0.000","0.000","0.815","0.259","0.185","0.370","0.000000000000000","0"
Tindirma,Diré,Tombouctou,Mali,mali,"0.000000000000000","6477","21500.000000000000000","30.126000000000001","1","33.848484848484851","1.000000000000000","0.152","0.030","0.000","1.000","0.000","0.000","0.000","0.545","0.212","0.152","0.424","0.000000000000000","0"
Loulouni,Kadiolo,Sikasso,Mali,mali,"0.003000000000000","41086","107600.000000000000000","38.183999999999997","1","29.672131147540984","5.000000000000000","0.721","0.016","0.000","0.934","0.066","0.000","0.016","0.393","0.180","0.246","0.443","0.000000000000000","1"
Kaladougou,Dioila,Koulikoro,Mali,mali,"0.093000000000000","39171","79600.000000000000000","49.210000000000001","1","31.748571428571427","4.000000000000000","0.189","0.040","0.069","0.360","0.434","0.034","0.006","0.491","0.309","0.166","0.446","2.000000000000000","0"
Diamnati,Bandiagara,Mopti,Mali,mali,"0.001000000000000","13148","34900.000000000000000","37.673000000000002","1","38.384615384615387","2.000000000000000","0.415","0.123","0.185","0.646","0.138","0.000","0.000","0.462","0.538","0.477","0.415","0.000000000000000","0"
Finkolo Ganadougou,Sikasso,Sikasso,Mali,mali,"0.003000000000000","17333","47100.000000000000000","36.799999999999997","1","34.211864406779661","2.000000000000000","0.500","0.034","0.000","0.805","0.110","0.000","0.008","0.305","0.525","0.559","0.441","0.000000000000000","0"
Lobougoula,Sikasso,Sikasso,Mali,mali,"0.001000000000000","31218","143400.000000000000000","21.770000000000000","1","32.315436241610740","1.000000000000000","0.758","0.000","0.007","0.933","0.013","0.000","0.000","0.436","0.188","0.208","0.396","0.000000000000000","0"
Kéniéba,Kéniéba,Kayes,Mali,mali,"0.000000000000000","65714","461882.228999999992084","14.227000000000000","1","32.029629629629632","1.000000000000000","0.252","0.089","0.015","0.607","0.207","0.067","0.000","0.556","0.563","0.252","0.467","0.000000000000000","1"
Faraba,Kéniéba,Kayes,Mali,mali,"0.000000000000000","20129","171100.000000000000000","11.763999999999999","1","31.199999999999999","1.000000000000000","0.480","0.040","0.120","0.600","0.220","0.080","0.080","0.480","0.460","0.340","0.560","0.000000000000000","1"
Kobri,Kita,Kayes,Mali,mali,"0.001000000000000","15204","102000.000000000000000","14.906000000000001","1","34.475000000000001","1.000000000000000","0.850","0.000","0.000","0.775","0.125","0.000","0.000","0.250","0.550","0.475","0.500","0.000000000000000","0"
Diokeli,Bafoulabe,Kayes,Mali,mali,"0.002000000000000","13097","45800.000000000000000","28.596000000000000","1","36.147058823529413","1.000000000000000","0.794","0.000","0.029","0.647","0.147","0.000","0.000","0.324","0.676","0.471","0.324","0.000000000000000","0"
Kolondiéba,Kolondieba,Sikasso,Mali,mali,"0.000000000000000","53380","177800.000000000000000","30.021999999999998","1","32.690476190476190","2.000000000000000","0.190","0.105","0.019","0.610","0.252","0.033","0.000","0.390","0.252","0.171","0.490","0.000000000000000","0"
San,San,Ségou,Mali,mali,"0.107000000000000","66967","14400.000000000000000","465.048999999999978","2","33.209621993127151","2.000000000000000","0.117","0.158","0.079","0.423","0.364","0.038","0.007","0.454","0.474","0.323","0.502","4.000000000000000","0"
Djidian,Kita,Kayes,Mali,mali,"0.009000000000000","16392","43900.000000000000000","37.338999999999999","1","37.514285714285712","1.000000000000000","0.314","0.029","0.029","0.771","0.086","0.000","0.000","0.457","0.371","0.371","0.457","0.000000000000000","0"
Commune I,Bamako,Bamako,Mali,mali,"0.822000000000000","334886","3500.000000000000000","9568.171000000000276","3","31.810096153846153","2.000000000000000","0.000","0.113","0.082","0.252","0.428","0.207","0.000","0.418","0.495","0.216","0.464","14.000000000000000","0"
Bara,Ansongo,Gao,Mali,mali,"0.000000000000000","15092","98400.000000000000000","15.337000000000000","1","32.676056338028168","1.000000000000000","0.254","0.042","0.028","0.521","0.169","0.014","0.000","0.563","0.324","0.296","0.338","0.000000000000000","0"
Sony Aliber,Gao,Gao,Mali,mali,"0.009000000000000","47618","118200.000000000000000","40.286000000000001","1","32.673575129533681","1.000000000000000","0.316","0.026","0.016","0.653","0.166","0.005","0.010","0.451","0.477","0.311","0.409","0.000000000000000","0"
Gabéro,Gao,Gao,Mali,mali,"0.003000000000000","25621","225900.000000000000000","11.342000000000001","1","35.133333333333333","1.000000000000000","0.343","0.019","0.038","0.667","0.114","0.010","0.095","0.524","0.390","0.343","0.476","0.000000000000000","0"
Gounzoureye,Gao,Gao,Mali,mali,"0.068000000000000","27249","247000.000000000000000","11.032000000000000","1","34.761904761904759","2.000000000000000","0.305","0.057","0.000","0.562","0.229","0.010","0.010","0.429","0.381","0.305","0.438","0.000000000000000","0"
Koutiala,Koutiala,Sikasso,Mali,mali,"0.197000000000000","141444","26200.000000000000000","539.863000000000056","3","35.444444444444443","2.000000000000000","0.022","0.089","0.044","0.400","0.511","0.022","0.000","0.378","0.467","0.200","0.533","13.000000000000000","0"
Diabaly,Niono,Ségou,Mali,mali,"0.000000000000000","34324","149900.000000000000000","22.898000000000000","1","37.555555555555557","2.000000000000000","0.296","0.037","0.037","0.259","0.519","0.000","0.000","0.704","0.407","0.259","0.481","0.000000000000000","0"
Yélékedougou,Kati,Koulikoro,Mali,mali,"0.047000000000000","12780","27700.000000000000000","46.137000000000000","1","35.490909090909092","2.000000000000000","0.382","0.182","0.000","0.745","0.109","0.000","0.018","0.564","0.291","0.327","0.473","0.000000000000000","0"
N'garadougou,Dioila,Koulikoro,Mali,mali,"0.018000000000000","15593","56500.000000000000000","27.597999999999999","1","34.287671232876711","1.000000000000000","0.562","0.110","0.041","0.822","0.068","0.000","0.000","0.616","0.397","0.370","0.438","0.000000000000000","0"
Baguinéda Camp,Kati,Koulikoro,Mali,mali,"0.168000000000000","51821","108500.000000000000000","47.761000000000003","1","32.819148936170215","2.000000000000000","0.028","0.138","0.011","0.262","0.429","0.167","0.014","0.426","0.450","0.202","0.489","3.000000000000000","0"
Niono,Niono,Ségou,Mali,mali,"0.053000000000000","81643","47700.000000000000000","171.158999999999992","2","33.663101604278076","1.000000000000000","0.075","0.193","0.043","0.583","0.262","0.037","0.021","0.578","0.439","0.342","0.444","3.000000000000000","0"
Fama,Sikasso,Sikasso,Mali,mali,"0.015000000000000","10764","19900.000000000000000","54.090000000000003","1","37.653846153846153","5.000000000000000","0.788","0.000","0.000","0.865","0.077","0.000","0.000","0.173","0.154","0.115","0.365","0.000000000000000","0"
Sikasso,Sikasso,Sikasso,Mali,mali,"0.184000000000000","226618","12800.000000000000000","1770.452999999999975","3","32.419298245614037","2.000000000000000","0.274","0.111","0.035","0.537","0.296","0.040","0.011","0.453","0.388","0.249","0.479","13.000000000000000","0"
Kaboila,Sikasso,Sikasso,Mali,mali,"0.015000000000000","27298","73800.000000000000000","36.988999999999997","1","32.888888888888886","1.000000000000000","0.937","0.016","0.000","0.778","0.175","0.000","0.000","0.587","0.206","0.206","0.429","0.000000000000000","1"
Sirakorola,Koulikoro,Koulikoro,Mali,mali,"0.006000000000000","35992","100800.000000000000000","35.706000000000003","1","35.982857142857142","3.000000000000000","0.543","0.011","0.000","0.760","0.063","0.011","0.000","0.389","0.200","0.223","0.451","0.000000000000000","0"
Kadiana,Kolondieba,Sikasso,Mali,mali,"0.000000000000000","19845","85700.000000000000000","23.155999999999999","1","34.397435897435898","1.000000000000000","0.577","0.026","0.000","0.949","0.013","0.013","0.013","0.321","0.372","0.269","0.436","0.000000000000000","1"
Dialakoroba,Kati,Koulikoro,Mali,mali,"0.019000000000000","22835","72200.000000000000000","31.626999999999999","1","37.517241379310342","1.000000000000000","0.328","0.000","0.017","0.759","0.121","0.000","0.000","0.500","0.069","0.052","0.448","0.000000000000000","0"
Touna,Bla,Ségou,Mali,mali,"0.011000000000000","30399","65100.000000000000000","46.695999999999998","1","33.347826086956523","1.000000000000000","0.406","0.000","0.000","0.971","0.000","0.000","0.000","0.232","0.391","0.130","0.478","0.000000000000000","0"
Katiéna,Ségou,Ségou,Mali,mali,"0.002000000000000","34112","94400.000000000000000","36.136000000000003","1","32.103448275862071","1.000000000000000","0.552","0.000","0.000","0.897","0.000","0.034","0.000","0.517","0.414","0.379","0.345","0.000000000000000","0"
Sibirila,Bougouni,Sikasso,Mali,mali,"0.000000000000000","30837","232000.000000000000000","13.292000000000000","1","32.522388059701491","1.000000000000000","0.328","0.015","0.015","0.627","0.164","0.000","0.000","0.537","0.224","0.194","0.493","0.000000000000000","1"
Kadiolo,Kadiolo,Sikasso,Mali,mali,"0.053000000000000","52016","77200.000000000000000","67.378000000000000","1","30.523809523809526","2.000000000000000","0.048","0.124","0.029","0.381","0.438","0.057","0.019","0.371","0.400","0.286","0.448","1.000000000000000","1"
Kéméné Tambo,Kayes,Kayes,Mali,mali,"0.011000000000000","16955","61600.000000000000000","27.524000000000001","1","35.365384615384613","1.000000000000000","0.654","0.000","0.019","0.750","0.096","0.000","0.096","0.346","0.712","0.692","0.385","0.000000000000000","0"
Commune V,Bamako,Bamako,Mali,mali,"0.982000000000000","413266","4200.000000000000000","9839.666999999999462","3","32.111332007952285","5.000000000000000","0.000","0.165","0.076","0.207","0.485","0.149","0.006","0.499","0.545","0.235","0.479","37.000000000000000","0"
Taboye,Bourem,Gao,Mali,mali,"0.000000000000000","20641","113100.000000000000000","18.250000000000000","1","34.000000000000000","1.000000000000000","0.309","0.029","0.029","0.618","0.221","0.000","0.000","0.294","0.397","0.324","0.426","0.000000000000000","0"
Kambila,Kati,Koulikoro,Mali,mali,"0.275000000000000","15365","55800.000000000000000","27.536000000000001","1","31.091836734693874","2.000000000000000","0.184","0.041","0.020","0.224","0.541","0.092","0.010","0.469","0.316","0.143","0.510","0.000000000000000","0"
N'gabacoro Droit,Kati,Koulikoro,Mali,mali,"0.280000000000000","18263","11100.000000000000000","164.532000000000011","2","31.613636363636363","5.000000000000000","0.000","0.091","0.136","0.205","0.386","0.136","0.000","0.455","0.591","0.227","0.636","1.000000000000000","0"
Méguétan,Koulikoro,Koulikoro,Mali,mali,"0.135000000000000","25393","120800.000000000000000","21.021000000000001","1","34.050847457627121","3.000000000000000","0.288","0.220","0.000","0.424","0.186","0.000","0.017","0.542","0.458","0.492","0.424","0.000000000000000","0"
Socoura,Mopti,Mopti,Mali,mali,"0.132000000000000","36983","72700.000000000000000","50.871000000000002","1","37.787878787878789","1.000000000000000","0.030","0.212","0.030","0.636","0.182","0.000","0.030","0.424","0.394","0.303","0.303","0.000000000000000","0"
Koula,Koulikoro,Koulikoro,Mali,mali,"0.014000000000000","41537","140000.000000000000000","29.669000000000000","1","31.379999999999999","1.000000000000000","0.340","0.060","0.040","0.640","0.280","0.000","0.000","0.400","0.500","0.300","0.500","0.000000000000000","0"
Cinzana,Ségou,Ségou,Mali,mali,"0.018000000000000","36073","107900.000000000000000","33.432000000000002","1","36.523255813953490","1.000000000000000","0.767","0.047","0.012","0.953","0.023","0.000","0.035","0.558","0.360","0.360","0.477","0.000000000000000","0"
Somankidy,Kayes,Kayes,Mali,mali,"0.028000000000000","6915","490.000000000000000","1411.223999999999933","3","32.080645161290320","1.000000000000000","0.597","0.000","0.016","0.645","0.194","0.032","0.000","0.177","0.645","0.597","0.452","0.000000000000000","0"
Liberté Dembaya,Kayes,Kayes,Mali,mali,"0.084000000000000","14366","27100.000000000000000","53.011000000000003","1","35.386363636363633","1.000000000000000","0.477","0.045","0.023","0.727","0.136","0.000","0.000","0.568","0.250","0.295","0.500","0.000000000000000","0"
Teneni,San,Ségou,Mali,mali,"0.029000000000000","7000","14000.000000000000000","50.000000000000000","1","35.794117647058826","1.000000000000000","0.441","0.147","0.088","0.765","0.059","0.000","0.000","0.294","0.471","0.500","0.441","0.000000000000000","0"
Fakala,Djenné,Mopti,Mali,mali,"0.011000000000000","33714","56200.000000000000000","59.988999999999997","1","31.137254901960784","1.000000000000000","0.392","0.000","0.000","0.902","0.078","0.000","0.039","0.412","0.333","0.176","0.490","0.000000000000000","0"
Timissa,Tominian,Ségou,Mali,mali,"0.001000000000000","27752","122300.000000000000000","22.692000000000000","1","37.612903225806448","1.000000000000000","0.387","0.000","0.000","0.806","0.097","0.000","0.000","0.516","0.355","0.355","0.452","0.000000000000000","0"
Niéna,Sikasso,Sikasso,Mali,mali,"0.053000000000000","37377","103300.000000000000000","36.183000000000000","1","34.956521739130437","1.000000000000000","0.543","0.000","0.022","0.609","0.065","0.000","0.043","0.565","0.239","0.239","0.565","1.000000000000000","0"
Safo,Kati,Koulikoro,Mali,mali,"0.181000000000000","91135","106790.000000000000000","85.340000000000003","1","32.695652173913047","1.000000000000000","0.232","0.087","0.261","0.710","0.116","0.000","0.174","0.493","0.696","0.551","0.449","0.000000000000000","1"
Dogo,Bougouni,Sikasso,Mali,mali,"0.000000000000000","147601","271750.000000000000000","54.314999999999998","1","33.820105820105823","1.000000000000000","0.571","0.016","0.016","0.757","0.111","0.005","0.026","0.503","0.249","0.233","0.513","0.000000000000000","0"
Arlit,Arlit,Agadez,Niger,niger,"0.195000000000000","79725","124700.000000000000000","63.933000000000000","1","33.691525423728812","2.000000000000000","0.007","0.119","0.149","0.376","0.407","0.003","0.017","0.353","0.454","0.275","0.461","5.000000000000000","0"
Agadez,Tchirozerine,Agadez,Niger,niger,"0.309000000000000","118240","40990.000000000000000","288.461000000000013","2","32.972906403940890","2.000000000000000","0.002","0.108","0.113","0.404","0.406","0.015","0.099","0.461","0.468","0.264","0.443","10.000000000000000","0"
Chetimari,Diffa,Diffa,Niger,niger,"0.017000000000000","65449","247400.000000000000000","26.454999999999998","1","32.652542372881356","1.000000000000000","0.568","0.051","0.085","0.873","0.059","0.000","0.153","0.610","0.568","0.508","0.466","0.000000000000000","1"
Diffa,Diffa,Diffa,Niger,niger,"0.195000000000000","56437","35540.000000000000000","158.799000000000007","2","32.963470319634702","2.000000000000000","0.071","0.178","0.123","0.621","0.235","0.016","0.034","0.514","0.539","0.333","0.452","5.000000000000000","1"
Gueskérou,Diffa,Diffa,Niger,niger,"0.005000000000000","37836","253500.000000000000000","14.925000000000001","1","33.163934426229510","1.000000000000000","0.180","0.049","0.148","0.902","0.033","0.000","0.426","0.607","0.787","0.754","0.525","0.000000000000000","1"
Goudoumaria,Goudoumaria,Diffa,Niger,niger,"0.000000000000000","100559","788600.000000000000000","12.752000000000001","1","33.126126126126124","1.000000000000000","0.339","0.054","0.129","0.823","0.096","0.000","0.312","0.523","0.565","0.505","0.447","0.000000000000000","1"
Foulatari,Maïné Soroa,Diffa,Niger,niger,"0.000000000000000","30953","62730.000000000000000","49.343000000000004","1","33.133333333333333","1.000000000000000","0.333","0.000","0.000","0.933","0.000","0.000","0.667","0.667","0.533","0.533","0.500","0.000000000000000","0"
Maïné Soroa,Maïné Soroa,Diffa,Niger,niger,"0.000000000000000","78735","344300.000000000000000","22.867999999999999","1","32.743859649122804","3.000000000000000","0.291","0.109","0.070","0.691","0.161","0.028","0.228","0.547","0.533","0.386","0.484","0.000000000000000","1"
N'Guigmi,N'Guigmi,Diffa,Niger,niger,"0.000000000000000","47198","313400.000000000000000","15.060000000000000","1","32.942567567567565","2.000000000000000","0.014","0.152","0.098","0.635","0.270","0.010","0.159","0.520","0.534","0.405","0.456","0.000000000000000","1"
Birni N'Gaouré,Boboye,Dosso,Niger,niger,"0.008000000000000","52566","51640.000000000000000","101.793000000000006","1","36.200000000000003","4.000000000000000","0.290","0.100","0.110","0.640","0.240","0.030","0.080","0.490","0.510","0.360","0.400","0.000000000000000","0"
Fabidji,Boboye,Dosso,Niger,niger,"0.002000000000000","39713","70330.000000000000000","56.466999999999999","1","34.925925925925924","1.000000000000000","0.185","0.074","0.111","0.741","0.111","0.000","0.333","0.556","0.778","0.704","0.444","0.000000000000000","0"
Fakara,Boboye,Dosso,Niger,niger,"0.000000000000000","19077","56860.000000000000000","33.551000000000002","1","32.520000000000003","1.000000000000000","0.560","0.080","0.000","0.800","0.160","0.000","0.160","0.640","0.560","0.600","0.360","0.000000000000000","0"
Kankandi,Boboye,Dosso,Niger,niger,"0.008000000000000","16565","21660.000000000000000","76.477000000000004","1","36.958333333333336","1.000000000000000","0.500","0.042","0.125","0.875","0.042","0.000","0.250","0.500","0.542","0.458","0.417","0.000000000000000","0"
Kiota,Boboye,Dosso,Niger,niger,"0.005000000000000","25282","17770.000000000000000","142.272999999999996","1","34.863636363636367","1.000000000000000","0.591","0.000","0.000","0.773","0.045","0.000","0.318","0.455","0.682","0.545","0.409","0.000000000000000","0"
Koygolo,Boboye,Dosso,Niger,niger,"0.000000000000000","48218","44490.000000000000000","108.379000000000005","1","38.136363636363633","1.000000000000000","0.773","0.000","0.000","0.727","0.136","0.000","0.182","0.636","0.636","0.500","0.455","0.000000000000000","0"
N'Gonga,Boboye,Dosso,Niger,niger,"0.003000000000000","27609","24370.000000000000000","113.290999999999997","1","32.456521739130437","1.000000000000000","0.457","0.065","0.152","0.587","0.348","0.000","0.109","0.478","0.522","0.435","0.348","0.000000000000000","0"
Dioundiou,Dioundiou,Dosso,Niger,niger,"0.000000000000000","54157","76480.000000000000000","70.811999999999998","1","33.194029850746269","1.000000000000000","0.075","0.090","0.030","0.731","0.149","0.015","0.522","0.522","0.627","0.403","0.463","0.000000000000000","1"
Karakara,Dioundiou,Dosso,Niger,niger,"0.000000000000000","44333","68490.000000000000000","64.728999999999999","1","30.470588235294116","1.000000000000000","0.500","0.088","0.088","0.765","0.088","0.000","0.088","0.500","0.500","0.441","0.441","0.000000000000000","1"
Dan-Kassari,Dogondoutchi,Dosso,Niger,niger,"0.002000000000000","78132","160900.000000000000000","48.558999999999997","1","32.691176470588232","1.000000000000000","0.588","0.044","0.044","0.706","0.176","0.000","0.235","0.368","0.588","0.471","0.426","0.000000000000000","1"
Dogondoutchi,Dogondoutchi,Dosso,Niger,niger,"0.155000000000000","71692","67800.000000000000000","105.739999999999995","1","32.396039603960396","1.000000000000000","0.223","0.089","0.158","0.386","0.446","0.020","0.069","0.361","0.525","0.307","0.446","2.000000000000000","0"
Dogonkiria,Dogondoutchi,Dosso,Niger,niger,"0.000000000000000","65990","260800.000000000000000","25.303000000000001","1","34.399999999999999","1.000000000000000","0.633","0.000","0.033","0.700","0.100","0.000","0.267","0.400","0.567","0.367","0.367","0.000000000000000","0"
Kiéché,Dogondoutchi,Dosso,Niger,niger,"0.013000000000000","48980","44360.000000000000000","110.415000000000006","1","29.684931506849313","1.000000000000000","0.658","0.027","0.055","0.616","0.247","0.000","0.123","0.384","0.479","0.370","0.425","0.000000000000000","1"
Matankari,Dogondoutchi,Dosso,Niger,niger,"0.017000000000000","68979","151800.000000000000000","45.441000000000003","1","32.298701298701296","2.000000000000000","0.481","0.117","0.182","0.584","0.195","0.000","0.130","0.325","0.545","0.429","0.442","0.000000000000000","0"
Soucoucoutane,Dogondoutchi,Dosso,Niger,niger,"0.000000000000000","38700","135000.000000000000000","28.667000000000002","1","32.296296296296298","1.000000000000000","0.630","0.074","0.037","0.815","0.111","0.000","0.185","0.481","0.519","0.519","0.333","0.000000000000000","0"
Dosso,Dosso,Dosso,Niger,niger,"0.227000000000000","89132","59260.000000000000000","150.407999999999987","2","32.197478991596640","2.000000000000000","0.118","0.076","0.118","0.277","0.462","0.059","0.059","0.416","0.483","0.235","0.420","6.000000000000000","0"
Farey,Dosso,Dosso,Niger,niger,"0.002000000000000","40302","111900.000000000000000","36.015999999999998","1","33.735294117647058","1.000000000000000","0.735","0.029","0.029","0.647","0.147","0.000","0.147","0.500","0.471","0.353","0.441","0.000000000000000","0"
Garankédey,Dosso,Dosso,Niger,niger,"0.015000000000000","35009","67000.000000000000000","52.252000000000002","1","32.244444444444447","1.000000000000000","0.422","0.089","0.022","0.511","0.222","0.000","0.289","0.267","0.489","0.422","0.444","0.000000000000000","0"
Gollé,Dosso,Dosso,Niger,niger,"0.006000000000000","27860","129100.000000000000000","21.579999999999998","1","36.441176470588232","1.000000000000000","0.529","0.000","0.029","0.853","0.059","0.000","0.294","0.471","0.588","0.588","0.441","0.000000000000000","0"
Goroubankassam,Dosso,Dosso,Niger,niger,"0.026000000000000","33125","53260.000000000000000","62.195000000000000","1","36.652173913043477","1.000000000000000","0.391","0.043","0.000","0.783","0.174","0.000","0.522","0.696","0.609","0.609","0.348","0.000000000000000","0"
Karguibangou,Dosso,Dosso,Niger,niger,"0.004000000000000","45304","72530.000000000000000","62.462000000000003","1","39.681818181818173","1.000000000000000","0.500","0.045","0.091","0.682","0.136","0.000","0.364","0.636","0.682","0.545","0.273","0.000000000000000","0"
Mokko,Dosso,Dosso,Niger,niger,"0.004000000000000","52132","103700.000000000000000","50.271999999999998","1","29.333333333333332","1.000000000000000","0.481","0.185","0.074","0.741","0.185","0.000","0.111","0.556","0.481","0.481","0.519","0.000000000000000","0"
Sambéra,Dosso,Dosso,Niger,niger,"0.000000000000000","50820","106700.000000000000000","47.628999999999998","1","33.058823529411768","1.000000000000000","0.353","0.000","0.000","0.500","0.147","0.000","0.382","0.441","0.676","0.647","0.500","0.000000000000000","1"
Tessa,Dosso,Dosso,Niger,niger,"0.007000000000000","26668","56690.000000000000000","47.042000000000002","1","32.399999999999999","1.000000000000000","0.560","0.040","0.040","0.600","0.040","0.000","0.240","0.680","0.480","0.400","0.440","0.000000000000000","0"
Tombokoirey I,Dosso,Dosso,Niger,niger,"0.000000000000000","29024","45630.000000000000000","63.606999999999999","1","37.687500000000000","1.000000000000000","0.500","0.063","0.094","0.781","0.063","0.000","0.313","0.656","0.719","0.594","0.469","0.000000000000000","0"
Tombokoirey II,Dosso,Dosso,Niger,niger,"0.002000000000000","63184","87960.000000000000000","71.832999999999998","1","34.468750000000000","1.000000000000000","0.344","0.125","0.125","0.594","0.344","0.000","0.188","0.531","0.438","0.438","0.438","0.000000000000000","0"
Falmey,Falmey,Dosso,Niger,niger,"0.000000000000000","75115","114500.000000000000000","65.602999999999994","1","32.618421052631582","1.000000000000000","0.342","0.053","0.066","0.632","0.197","0.013","0.237","0.421","0.539","0.513","0.434","0.000000000000000","1"
Guilladjé,Falmey,Dosso,Niger,niger,"0.000000000000000","28156","39740.000000000000000","70.850999999999999","1","35.460317460317462","1.000000000000000","0.302","0.143","0.127","0.762","0.016","0.000","0.270","0.460","0.619","0.619","0.365","0.000000000000000","1"
Bana,Gaya,Dosso,Niger,niger,"0.025000000000000","37915","43045.000000000000000","88.081999999999994","1","31.500000000000000","1.000000000000000","0.352","0.074","0.037","0.796","0.148","0.000","0.000","0.537","0.481","0.389","0.500","0.000000000000000","1"
Bengou,Gaya,Dosso,Niger,niger,"0.050000000000000","18469","17540.000000000000000","105.296000000000006","1","30.628571428571426","1.000000000000000","0.371","0.114","0.029","0.771","0.143","0.000","0.086","0.400","0.543","0.429","0.429","0.000000000000000","1"
Gaya,Gaya,Dosso,Niger,niger,"0.195000000000000","63815","28330.000000000000000","225.256000000000000","2","33.395209580838326","1.000000000000000","0.084","0.174","0.084","0.557","0.269","0.000","0.018","0.503","0.521","0.323","0.449","6.000000000000000","1"
Tanda,Gaya,Dosso,Niger,niger,"0.023000000000000","119570","113940.000000000000000","104.941000000000003","1","31.516393442622952","2.000000000000000","0.287","0.057","0.107","0.484","0.361","0.000","0.074","0.352","0.557","0.426","0.467","0.000000000000000","1"
Tounouga,Gaya,Dosso,Niger,niger,"0.024000000000000","42849","22830.000000000000000","187.687000000000012","2","34.413043478260867","1.000000000000000","0.391","0.087","0.239","0.783","0.065","0.000","0.087","0.130","0.717","0.478","0.435","0.000000000000000","1"
Yélou,Gaya,Dosso,Niger,niger,"0.004000000000000","68404","107900.000000000000000","63.396000000000001","1","33.533333333333331","3.000000000000000","0.320","0.093","0.040","0.880","0.080","0.000","0.200","0.347","0.720","0.560","0.427","0.000000000000000","1"
Falwel,Loga,Dosso,Niger,niger,"0.005000000000000","57564","114300.000000000000000","50.362000000000002","1","34.833333333333336","2.000000000000000","0.533","0.000","0.133","0.567","0.333","0.000","0.333","0.667","0.700","0.667","0.333","0.000000000000000","0"
Loga,Loga,Dosso,Niger,niger,"0.000000000000000","82400","127900.000000000000000","64.424999999999997","1","31.347107438016529","1.000000000000000","0.364","0.091","0.083","0.455","0.380","0.017","0.165","0.421","0.455","0.405","0.479","0.000000000000000","0"
Sokorbé,Loga,Dosso,Niger,niger,"0.002000000000000","35579","40380.000000000000000","88.109999999999999","1","32.714285714285715","1.000000000000000","0.464","0.179","0.000","0.464","0.143","0.000","0.214","0.607","0.571","0.464","0.536","0.000000000000000","0"
Doumega,Tibiri,Dosso,Niger,niger,"0.000000000000000","29429","24160.000000000000000","121.808999999999997","1","34.357142857142854","1.000000000000000","0.536","0.107","0.036","0.500","0.286","0.000","0.143","0.464","0.536","0.464","0.393","0.000000000000000","1"
Guéchémé,Tibiri,Dosso,Niger,niger,"0.000000000000000","108778","114700.000000000000000","94.837000000000003","1","34.596491228070178","3.000000000000000","0.526","0.018","0.053","0.772","0.167","0.000","0.246","0.500","0.632","0.482","0.439","0.000000000000000","1"
Koré Maïroua,Tibiri,Dosso,Niger,niger,"0.003000000000000","54251","77370.000000000000000","70.119000000000000","1","34.645161290322584","1.000000000000000","0.613","0.032","0.000","0.710","0.194","0.000","0.226","0.484","0.548","0.452","0.419","0.000000000000000","1"
Tibiri,Tibiri,Dosso,Niger,niger,"0.015000000000000","203364","150590.000000000000000","135.044999999999987","1","32.161849710982658","1.000000000000000","0.468","0.064","0.092","0.699","0.162","0.000","0.254","0.445","0.671","0.578","0.405","0.000000000000000","1"
Aguié,Aguié,Maradi,Niger,niger,"0.003000000000000","152788","117700.000000000000000","129.811000000000007","1","31.235294117647054","1.000000000000000","0.282","0.071","0.059","0.741","0.082","0.000","0.424","0.506","0.776","0.588","0.459","0.000000000000000","1"
Tchadoua,Aguié,Maradi,Niger,niger,"0.008000000000000","93208","57600.000000000000000","161.818999999999988","2","31.455399061032864","1.000000000000000","0.122","0.103","0.075","0.385","0.423","0.047","0.099","0.343","0.465","0.244","0.451","0.000000000000000","0"
Adjekoria,Dakoro,Maradi,Niger,niger,"0.008000000000000","79108","119000.000000000000000","66.477000000000004","1","33.966666666666669","1.000000000000000","0.383","0.050","0.050","0.667","0.150","0.000","0.467","0.467","0.750","0.683","0.433","0.000000000000000","0"
Birni Lallé,Dakoro,Maradi,Niger,niger,"0.038000000000000","30846","68820.000000000000000","44.820999999999998","1","28.972972972972972","1.000000000000000","0.838","0.000","0.000","0.757","0.162","0.000","0.135","0.432","0.378","0.405","0.486","0.000000000000000","0"
Dakoro,Dakoro,Maradi,Niger,niger,"0.155000000000000","71201","32760.000000000000000","217.341000000000008","2","30.280701754385962","1.000000000000000","0.307","0.070","0.026","0.518","0.263","0.018","0.263","0.351","0.561","0.447","0.465","2.000000000000000","0"
Dan-Goulbi,Dakoro,Maradi,Niger,niger,"0.000000000000000","57228","111200.000000000000000","51.463999999999999","1","34.121212121212125","1.000000000000000","0.515","0.000","0.030","0.758","0.121","0.000","0.424","0.545","0.667","0.424","0.485","0.000000000000000","0"
Kornaka,Dakoro,Maradi,Niger,niger,"0.001000000000000","140009","220200.000000000000000","63.582999999999998","1","33.164835164835168","1.000000000000000","0.505","0.011","0.000","0.890","0.022","0.000","0.462","0.516","0.736","0.681","0.473","0.000000000000000","0"
Maïyara,Dakoro,Maradi,Niger,niger,"0.006000000000000","62441","58740.000000000000000","106.301000000000002","1","32.481481481481481","1.000000000000000","0.259","0.074","0.037","0.889","0.000","0.000","0.556","0.259","0.889","0.778","0.222","0.000000000000000","0"
Roumbou I,Dakoro,Maradi,Niger,niger,"0.011000000000000","13330","50770.000000000000000","26.256000000000000","1","34.406250000000000","1.000000000000000","0.656","0.000","0.000","0.750","0.125","0.000","0.313","0.563","0.688","0.625","0.500","0.000000000000000","0"
Sabon Machi,Dakoro,Maradi,Niger,niger,"0.005000000000000","35988","32860.000000000000000","109.519000000000005","1","32.444444444444443","1.000000000000000","0.306","0.000","0.056","0.778","0.083","0.000","0.639","0.333","0.861","0.722","0.361","0.000000000000000","0"
Tagriss,Dakoro,Maradi,Niger,niger,"0.000000000000000","53925","161300.000000000000000","33.430999999999997","1","32.403508771929822","1.000000000000000","0.544","0.035","0.000","0.912","0.035","0.000","0.404","0.491","0.667","0.684","0.386","0.000000000000000","0"
Gangara,Gazaoua,Maradi,Niger,niger,"0.000000000000000","164897","455590.000000000000000","36.194000000000003","1","32.852173913043480","1.000000000000000","0.609","0.026","0.026","0.861","0.043","0.000","0.287","0.548","0.583","0.513","0.452","0.000000000000000","0"
Gazaoua,Gazaoua,Maradi,Niger,niger,"0.005000000000000","108606","69470.000000000000000","156.335000000000008","2","35.365079365079367","1.000000000000000","0.413","0.016","0.048","0.968","0.016","0.000","0.460","0.571","0.762","0.762","0.492","0.000000000000000","1"
Chadakori,Guidan Roumdji,Maradi,Niger,niger,"0.018000000000000","108711","133700.000000000000000","81.310000000000002","1","33.355932203389834","3.000000000000000","0.424","0.017","0.051","0.746","0.119","0.000","0.492","0.424","0.661","0.559","0.424","0.000000000000000","0"
Guidan Roumdji,Guidan Roumdji,Maradi,Niger,niger,"0.000000000000000","95791","107100.000000000000000","89.441000000000003","1","30.301369863013697","1.000000000000000","0.301","0.110","0.151","0.479","0.288","0.000","0.151","0.397","0.548","0.397","0.466","0.000000000000000","1"
Guidan Sori,Guidan Roumdji,Maradi,Niger,niger,"0.005000000000000","93771","70810.000000000000000","132.425999999999988","1","31.082191780821919","1.000000000000000","0.260","0.055","0.178","0.548","0.164","0.000","0.356","0.274","0.644","0.521","0.356","0.000000000000000","1"
Saé Saboua,Guidan Roumdji,Maradi,Niger,niger,"0.058000000000000","99638","64790.000000000000000","153.786000000000001","2","32.771428571428572","5.000000000000000","0.329","0.100","0.057","0.729","0.129","0.000","0.300","0.443","0.671","0.514","0.443","0.000000000000000","0"
Tibiri,Guidan Roumdji,Maradi,Niger,niger,"0.015000000000000","203364","150590.000000000000000","135.044999999999987","1","32.161849710982658","1.000000000000000","0.468","0.064","0.092","0.699","0.162","0.000","0.254","0.445","0.671","0.578","0.405","0.000000000000000","1"
Dan-Issa,Madarounfa,Maradi,Niger,niger,"0.010000000000000","94841","106000.000000000000000","89.472999999999999","1","32.352112676056336","1.000000000000000","0.239","0.113","0.169","0.746","0.127","0.000","0.197","0.282","0.690","0.549","0.423","0.000000000000000","1"
Djiratawa,Madarounfa,Maradi,Niger,niger,"0.094000000000000","85976","52710.000000000000000","163.110999999999990","2","34.092307692307692","1.000000000000000","0.262","0.246","0.123","0.769","0.062","0.000","0.138","0.569","0.708","0.554","0.492","0.000000000000000","0"
Gabi,Madarounfa,Maradi,Niger,niger,"0.007000000000000","83203","78180.000000000000000","106.424999999999997","1","34.020408163265309","3.000000000000000","0.306","0.184","0.163","0.776","0.082","0.000","0.082","0.449","0.735","0.592","0.469","0.000000000000000","1"
Madarounfa,Madarounfa,Maradi,Niger,niger,"0.030000000000000","71832","31080.000000000000000","231.120000000000005","2","30.506172839506178","1.000000000000000","0.296","0.160","0.136","0.667","0.185","0.025","0.074","0.309","0.617","0.420","0.494","0.000000000000000","1"
Safo,Madarounfa,Maradi,Niger,niger,"0.025000000000000","91135","106790.000000000000000","85.340000000000003","1","32.695652173913047","1.000000000000000","0.232","0.087","0.261","0.710","0.116","0.000","0.174","0.493","0.696","0.551","0.449","0.000000000000000","1"
Sarkin Yamma,Madarounfa,Maradi,Niger,niger,"0.081000000000000","36557","23640.000000000000000","154.639999999999986","2","29.347826086956523","1.000000000000000","0.370","0.174","0.174","0.478","0.326","0.000","0.152","0.174","0.630","0.543","0.435","0.000000000000000","0"
Maradi I,Ville de Maradi,Maradi,Niger,niger,"0.353000000000000","114307","1019.000000000000000","11217.566000000000713","3","31.576923076923077","1.000000000000000","0.000","0.179","0.137","0.376","0.432","0.038","0.030","0.427","0.564","0.350","0.453","0.000000000000000","0"
Maradi II,Ville de Maradi,Maradi,Niger,niger,"0.432000000000000","66728","1085.000000000000000","6150.046000000000276","3","29.394736842105264","1.000000000000000","0.000","0.079","0.079","0.316","0.579","0.000","0.000","0.553","0.474","0.211","0.500","7.000000000000000","0"
Maradi III,Ville de Maradi,Maradi,Niger,niger,"0.432000000000000","86214","5293.000000000000000","1628.830999999999904","3","31.101351351351351","1.000000000000000","0.014","0.223","0.122","0.486","0.318","0.014","0.020","0.399","0.514","0.372","0.399","4.000000000000000","0"
Attantane,Mayahi,Maradi,Niger,niger,"0.000000000000000","71928","70490.000000000000000","102.040000000000006","1","34.647058823529413","2.000000000000000","0.627","0.000","0.000","0.902","0.020","0.000","0.235","0.510","0.686","0.608","0.275","0.000000000000000","0"
El Allassane Maïreyrey,Mayahi,Maradi,Niger,niger,"0.000000000000000","64183","122000.000000000000000","52.609000000000002","1","32.294117647058826","1.000000000000000","0.721","0.029","0.000","0.882","0.029","0.000","0.118","0.500","0.485","0.397","0.368","0.000000000000000","0"
Guidan Amoumoune,Mayahi,Maradi,Niger,niger,"0.000000000000000","88199","115600.000000000000000","76.296999999999997","1","31.217391304347824","1.000000000000000","0.478","0.014","0.101","0.652","0.174","0.000","0.246","0.493","0.594","0.536","0.377","0.000000000000000","0"
Issawane,Mayahi,Maradi,Niger,niger,"0.005000000000000","40155","53500.000000000000000","75.055999999999997","1","35.966666666666669","1.000000000000000","0.400","0.200","0.067","0.967","0.000","0.000","0.267","0.400","0.700","0.667","0.400","0.000000000000000","0"
Kanan-Bakaché,Mayahi,Maradi,Niger,niger,"0.021000000000000","85367","69960.000000000000000","122.022999999999996","1","34.125000000000000","1.000000000000000","0.708","0.042","0.000","0.542","0.167","0.000","0.167","0.708","0.500","0.417","0.417","0.000000000000000","0"
Mayahi,Mayahi,Maradi,Niger,niger,"0.000000000000000","90540","80050.000000000000000","113.103999999999999","1","33.133333333333333","1.000000000000000","0.300","0.100","0.150","0.617","0.183","0.000","0.117","0.300","0.617","0.417","0.400","0.000000000000000","0"
Sarkin Haoussa,Mayahi,Maradi,Niger,niger,"0.000000000000000","76312","68330.000000000000000","111.682000000000002","1","35.507692307692309","1.000000000000000","0.569","0.015","0.000","0.908","0.031","0.000","0.323","0.477","0.585","0.538","0.354","0.000000000000000","0"
Tchaké,Mayahi,Maradi,Niger,niger,"0.000000000000000","40502","77350.000000000000000","52.362000000000002","1","34.562500000000000","1.000000000000000","0.563","0.000","0.031","0.969","0.031","0.000","0.313","0.531","0.719","0.688","0.469","0.000000000000000","0"
Hawandawaki,Tessaoua,Maradi,Niger,niger,"0.003000000000000","39739","26430.000000000000000","150.355999999999995","2","33.441176470588232","1.000000000000000","0.500","0.029","0.059","0.941","0.059","0.000","0.294","0.559","0.618","0.647","0.471","0.000000000000000","1"
Koona,Tessaoua,Maradi,Niger,niger,"0.014000000000000","14888","5063.000000000000000","294.055000000000007","2","36.085714285714289","1.000000000000000","0.714","0.000","0.029","0.943","0.000","0.000","0.086","0.486","0.486","0.486","0.457","0.000000000000000","0"
Korgom,Tessaoua,Maradi,Niger,niger,"0.006000000000000","68057","66530.000000000000000","102.295000000000002","1","30.500000000000000","1.000000000000000","0.438","0.063","0.000","0.969","0.031","0.000","0.438","0.625","0.719","0.656","0.438","0.000000000000000","0"
Maïjirgui,Tessaoua,Maradi,Niger,niger,"0.014000000000000","70655","76300.000000000000000","92.602000000000004","1","35.031250000000000","1.000000000000000","0.719","0.031","0.000","0.688","0.188","0.000","0.125","0.313","0.781","0.281","0.469","0.000000000000000","0"
Ourafane,Tessaoua,Maradi,Niger,niger,"0.000000000000000","137850","232100.000000000000000","59.393000000000001","1","33.367924528301884","1.000000000000000","0.613","0.019","0.019","0.745","0.142","0.000","0.264","0.292","0.575","0.528","0.349","0.000000000000000","0"
Tessaoua,Tessaoua,Maradi,Niger,niger,"0.155000000000000","172796","111000.000000000000000","155.671999999999997","2","33.166666666666664","1.000000000000000","0.353","0.059","0.059","0.686","0.196","0.029","0.216","0.539","0.657","0.490","0.451","2.000000000000000","0"
Akoubounou,Abalak,Tahoua,Niger,niger,"0.000000000000000","47961","164700.000000000000000","29.120000000000001","1","36.725490196078432","1.000000000000000","0.137","0.039","0.000","0.765","0.137","0.000","0.667","0.765","0.784","0.667","0.451","0.000000000000000","0"
Azeye,Abalak,Tahoua,Niger,niger,"0.000000000000000","60145","224200.000000000000000","26.826000000000001","1","36.081081081081081","1.000000000000000","0.297","0.108","0.027","0.784","0.027","0.000","0.189","0.324","0.432","0.351","0.432","0.000000000000000","0"
Bagaroua,Bagaroua,Tahoua,Niger,niger,"0.000000000000000","72293","306200.000000000000000","23.609999999999999","1","34.916666666666664","1.000000000000000","0.208","0.000","0.042","0.792","0.208","0.000","0.458","0.708","0.667","0.500","0.333","0.000000000000000","0"
Alléla,Birni N'Konni,Tahoua,Niger,niger,"0.003000000000000","52196","159600.000000000000000","32.704000000000001","1","33.166666666666664","1.000000000000000","0.667","0.042","0.042","1.000","0.000","0.000","0.042","0.708","0.500","0.583","0.417","0.000000000000000","1"
Bazaga,Birni N'Konni,Tahoua,Niger,niger,"0.041000000000000","37571","38890.000000000000000","96.608000000000004","1","35.361111111111114","1.000000000000000","0.361","0.167","0.111","0.889","0.056","0.000","0.167","0.333","0.722","0.667","0.500","0.000000000000000","1"
Birni N'Konni,Birni N'Konni,Tahoua,Niger,niger,"0.252000000000000","149414","86100.000000000000000","173.534999999999997","2","32.954022988505749","1.000000000000000","0.069","0.098","0.132","0.615","0.195","0.006","0.046","0.443","0.529","0.374","0.483","6.000000000000000","1"
Tsernaoua,Birni N'Konni,Tahoua,Niger,niger,"0.020000000000000","73705","31990.000000000000000","230.400000000000006","2","33.440476190476190","1.000000000000000","0.548","0.048","0.000","0.857","0.048","0.000","0.214","0.405","0.548","0.476","0.429","0.000000000000000","1"
Allakaye,Bouza,Tahoua,Niger,niger,"0.001000000000000","80280","46190.000000000000000","173.804000000000002","2","33.517241379310342","1.000000000000000","0.552","0.000","0.034","0.828","0.103","0.000","0.379","0.414","0.483","0.448","0.483","0.000000000000000","0"
Bouza,Bouza,Tahoua,Niger,niger,"0.005000000000000","101445","65530.000000000000000","154.806999999999988","2","33.370370370370374","1.000000000000000","0.481","0.000","0.000","0.889","0.074","0.000","0.333","0.370","0.519","0.481","0.444","0.000000000000000","0"
Déoulé,Bouza,Tahoua,Niger,niger,"0.001000000000000","21009","28640.000000000000000","73.355000000000004","1","39.130434782608695","1.000000000000000","0.696","0.000","0.000","0.739","0.043","0.000","0.217","0.565","0.609","0.435","0.348","0.000000000000000","0"
Karofane,Bouza,Tahoua,Niger,niger,"0.005000000000000","77796","69660.000000000000000","111.680000000000007","1","32.200000000000003","3.000000000000000","0.484","0.042","0.042","0.747","0.126","0.000","0.326","0.453","0.589","0.568","0.400","0.000000000000000","0"
Tabotaki,Bouza,Tahoua,Niger,niger,"0.000000000000000","46266","32940.000000000000000","140.455000000000013","1","31.806451612903224","1.000000000000000","0.355","0.000","0.000","0.806","0.032","0.000","0.452","0.323","0.516","0.484","0.419","0.000000000000000","0"
Tama,Bouza,Tahoua,Niger,niger,"0.003000000000000","52661","33810.000000000000000","155.756000000000000","2","32.656250000000000","1.000000000000000","0.531","0.063","0.031","0.781","0.156","0.000","0.313","0.406","0.656","0.594","0.344","0.000000000000000","0"
Badaguichiri,Illéla,Tahoua,Niger,niger,"0.000000000000000","115491","103300.000000000000000","111.802000000000007","1","32.988888888888887","1.000000000000000","0.478","0.067","0.011","0.600","0.211","0.000","0.144","0.422","0.467","0.367","0.422","0.000000000000000","0"
Illéla,Illéla,Tahoua,Niger,niger,"0.004000000000000","142214","195100.000000000000000","72.893000000000001","1","33.040816326530610","1.000000000000000","0.571","0.071","0.031","0.592","0.214","0.000","0.122","0.357","0.429","0.327","0.429","0.000000000000000","0"
Tajaé,Illéla,Tahoua,Niger,niger,"0.010000000000000","78080","62240.000000000000000","125.450000000000003","1","33.345454545454544","1.000000000000000","0.473","0.018","0.000","0.582","0.236","0.000","0.382","0.473","0.436","0.309","0.382","0.000000000000000","0"
Garhanga,Keita,Tahoua,Niger,niger,"0.000000000000000","69712","70780.000000000000000","98.491000000000000","1","30.483333333333334","1.000000000000000","0.567","0.017","0.000","0.600","0.200","0.000","0.267","0.517","0.550","0.517","0.483","0.000000000000000","0"
Ibohamane,Keita,Tahoua,Niger,niger,"0.000000000000000","88724","133900.000000000000000","66.260999999999996","1","36.516129032258064","1.000000000000000","0.516","0.000","0.000","0.839","0.097","0.000","0.419","0.355","0.613","0.548","0.387","0.000000000000000","0"
Keita,Keita,Tahoua,Niger,niger,"0.000000000000000","67304","71810.000000000000000","93.724999999999994","1","34.865384615384613","1.000000000000000","0.462","0.019","0.000","0.654","0.231","0.000","0.404","0.481","0.500","0.365","0.404","0.000000000000000","0"
Tamaské,Keita,Tahoua,Niger,niger,"0.005000000000000","111358","82240.000000000000000","135.406000000000006","1","32.727272727272727","1.000000000000000","0.515","0.015","0.000","0.697","0.136","0.000","0.364","0.424","0.500","0.439","0.394","0.000000000000000","0"
Bangui,Madaoua,Tahoua,Niger,niger,"0.004000000000000","140446","128300.000000000000000","109.466999999999999","1","33.797979797979799","1.000000000000000","0.303","0.162","0.101","0.899","0.020","0.000","0.192","0.384","0.657","0.646","0.364","0.000000000000000","1"
Galma Koudawatché,Madaoua,Tahoua,Niger,niger,"0.006000000000000","57255","34550.000000000000000","165.716000000000008","2","35.299999999999997","1.000000000000000","0.600","0.033","0.067","0.733","0.067","0.000","0.167","0.600","0.633","0.500","0.433","0.000000000000000","0"
Madaoua,Madaoua,Tahoua,Niger,niger,"0.098000000000000","127254","77710.000000000000000","163.754999999999995","2","33.139534883720927","1.000000000000000","0.128","0.140","0.128","0.558","0.302","0.058","0.105","0.605","0.628","0.477","0.407","1.000000000000000","0"
Ourno,Madaoua,Tahoua,Niger,niger,"0.004000000000000","98769","119300.000000000000000","82.790000000000006","1","33.660377358490564","1.000000000000000","0.283","0.038","0.113","0.906","0.019","0.000","0.453","0.453","0.811","0.736","0.283","0.000000000000000","0"
Sabon Guida,Madaoua,Tahoua,Niger,niger,"0.003000000000000","103232","69540.000000000000000","148.449999999999989","1","32.586206896551722","1.000000000000000","0.362","0.034","0.069","0.914","0.034","0.000","0.362","0.759","0.707","0.603","0.500","0.000000000000000","1"
Doguerawa,Malbaza,Tahoua,Niger,niger,"0.001000000000000","117975","75060.000000000000000","157.174000000000007","2","31.927272727272722","1.000000000000000","0.364","0.127","0.200","0.909","0.000","0.018","0.091","0.545","0.764","0.564","0.400","0.000000000000000","1"
Malbaza,Malbaza,Tahoua,Niger,niger,"0.006000000000000","114432","70580.000000000000000","162.131000000000000","2","33.226190476190474","1.000000000000000","0.238","0.083","0.095","0.702","0.143","0.012","0.274","0.464","0.655","0.500","0.405","0.000000000000000","0"
Affala,Tahoua,Tahoua,Niger,niger,"0.008000000000000","68225","199100.000000000000000","34.267000000000003","1","29.600000000000001","1.000000000000000","0.300","0.000","0.000","0.950","0.000","0.000","0.600","0.800","0.750","0.650","0.300","0.000000000000000","0"
Bambeye,Tahoua,Tahoua,Niger,niger,"0.009000000000000","112962","266000.000000000000000","42.466999999999999","1","35.397435897435898","1.000000000000000","0.756","0.026","0.038","0.692","0.077","0.000","0.013","0.500","0.474","0.372","0.397","0.000000000000000","0"
Barmou,Tahoua,Tahoua,Niger,niger,"0.021000000000000","43856","79840.000000000000000","54.930000000000000","1","31.826086956521738","1.000000000000000","0.217","0.087","0.000","0.783","0.087","0.000","0.391","0.565","0.609","0.522","0.348","0.000000000000000","0"
Kalfou,Tahoua,Tahoua,Niger,niger,"0.040000000000000","111274","109000.000000000000000","102.085999999999999","1","35.323529411764703","1.000000000000000","0.559","0.029","0.029","0.647","0.147","0.000","0.206","0.471","0.515","0.456","0.456","0.000000000000000","0"
Tebaram,Tahoua,Tahoua,Niger,niger,"0.000000000000000","52293","329700.000000000000000","15.861000000000001","1","31.480000000000000","1.000000000000000","0.880","0.000","0.040","0.800","0.080","0.000","0.080","0.600","0.520","0.360","0.360","0.000000000000000","0"
Kao,Tchintabaraden,Tahoua,Niger,niger,"0.000000000000000","65197","351600.000000000000000","18.542999999999999","1","34.962499999999999","4.000000000000000","0.550","0.000","0.000","0.925","0.038","0.000","0.250","0.525","0.413","0.313","0.438","0.000000000000000","0"
Tahoua I,Ville de Tahoua,Tahoua,Niger,niger,"0.182000000000000","53569","42210.000000000000000","126.911000000000001","1","31.510204081632654","1.000000000000000","0.020","0.143","0.143","0.327","0.469","0.082","0.061","0.245","0.367","0.184","0.449","1.000000000000000","0"
Tahoua II,Ville de Tahoua,Tahoua,Niger,niger,"0.336000000000000","95929","33230.000000000000000","288.682000000000016","2","33.838541666666664","1.000000000000000","0.130","0.115","0.146","0.620","0.286","0.010","0.031","0.385","0.479","0.266","0.432","9.000000000000000","0"
Abala,Abala,Tillabéri,Niger,niger,"0.000000000000000","75821","686300.000000000000000","11.048000000000000","1","34.574468085106382","4.000000000000000","0.000","0.074","0.021","0.968","0.000","0.000","0.011","0.638","0.383","0.245","0.553","0.000000000000000","1"
Ayerou,Ayerou,Tillabéri,Niger,niger,"0.000000000000000","33527","126200.000000000000000","26.567000000000000","1","30.439024390243901","1.000000000000000","0.024","0.122","0.073","0.512","0.171","0.000","0.341","0.293","0.537","0.390","0.366","0.000000000000000","1"
Tagazar,Balleyara,Tillabéri,Niger,niger,"0.000000000000000","107134","139900.000000000000000","76.578999999999994","1","37.415094339622641","1.000000000000000","0.642","0.057","0.019","0.868","0.057","0.000","0.189","0.679","0.660","0.623","0.434","0.000000000000000","0"
Filingué,Filingué,Tillabéri,Niger,niger,"0.000000000000000","92097","442000.000000000000000","20.835999999999999","1","34.612403100775197","1.000000000000000","0.163","0.047","0.078","0.403","0.357","0.039","0.171","0.395","0.488","0.302","0.419","0.000000000000000","0"
Imanan,Filingué,Tillabéri,Niger,niger,"0.000000000000000","38783","64130.000000000000000","60.475999999999999","1","33.750000000000000","1.000000000000000","0.406","0.000","0.000","0.875","0.063","0.000","0.375","0.500","0.531","0.469","0.469","0.000000000000000","0"
Kourfeye Centre,Filingué,Tillabéri,Niger,niger,"0.000000000000000","66855","236600.000000000000000","28.257000000000001","1","37.200000000000003","1.000000000000000","0.500","0.050","0.050","0.750","0.050","0.000","0.100","0.500","0.600","0.600","0.300","0.000000000000000","0"
Tondikandia,Filingué,Tillabéri,Niger,niger,"0.000000000000000","108991","304000.000000000000000","35.851999999999997","1","35.422680412371136","1.000000000000000","0.433","0.041","0.031","0.639","0.227","0.021","0.175","0.515","0.454","0.361","0.474","0.000000000000000","0"
Dargol,Gothèye,Tillabéri,Niger,niger,"0.000000000000000","147779","239000.000000000000000","61.832000000000001","1","34.518518518518519","1.000000000000000","0.741","0.019","0.019","0.815","0.037","0.019","0.037","0.519","0.463","0.426","0.463","0.000000000000000","1"
Gothèye,Gothèye,Tillabéri,Niger,niger,"0.000000000000000","93264","170300.000000000000000","54.765000000000001","1","35.680000000000000","1.000000000000000","0.600","0.070","0.000","0.810","0.100","0.000","0.290","0.560","0.600","0.470","0.520","0.000000000000000","1"
Diantchandou,Kollo,Tillabéri,Niger,niger,"0.000000000000000","37059","99300.000000000000000","37.320000000000000","1","32.206896551724135","1.000000000000000","0.793","0.034","0.000","0.862","0.000","0.000","0.103","0.655","0.448","0.483","0.414","0.000000000000000","0"
Hamdallaye,Kollo,Tillabéri,Niger,niger,"0.085000000000000","57002","176900.000000000000000","32.222999999999999","1","36.441176470588232","1.000000000000000","0.559","0.088","0.059","0.824","0.059","0.000","0.235","0.471","0.647","0.647","0.353","0.000000000000000","0"
Karma,Kollo,Tillabéri,Niger,niger,"0.101000000000000","88224","116100.000000000000000","75.989999999999995","1","35.013698630136986","1.000000000000000","0.671","0.000","0.000","0.685","0.123","0.000","0.260","0.507","0.411","0.370","0.370","0.000000000000000","0"
Kirtachi,Kollo,Tillabéri,Niger,niger,"0.000000000000000","39693","112000.000000000000000","35.439999999999998","1","36.000000000000000","1.000000000000000","0.929","0.000","0.000","0.929","0.000","0.000","0.036","0.786","0.357","0.357","0.464","0.000000000000000","0"
Kollo,Kollo,Tillabéri,Niger,niger,"0.022000000000000","32829","39730.000000000000000","82.629999999999995","1","32.094017094017097","1.000000000000000","0.162","0.034","0.068","0.299","0.479","0.034","0.043","0.444","0.496","0.205","0.436","0.000000000000000","0"
Kouré,Kollo,Tillabéri,Niger,niger,"0.002000000000000","46249","93480.000000000000000","49.475000000000001","1","32.111111111111114","1.000000000000000","0.815","0.037","0.111","0.778","0.000","0.000","0.000","0.704","0.444","0.444","0.407","0.000000000000000","0"
Liboré,Kollo,Tillabéri,Niger,niger,"0.520000000000000","26243","16130.000000000000000","162.697000000000003","2","36.516129032258064","1.000000000000000","0.516","0.129","0.000","0.677","0.290","0.000","0.097","0.452","0.581","0.355","0.452","0.000000000000000","0"
Namaro,Kollo,Tillabéri,Niger,niger,"0.020000000000000","55094","100600.000000000000000","54.765000000000001","1","34.866666666666667","1.000000000000000","0.683","0.033","0.017","0.683","0.100","0.000","0.050","0.633","0.650","0.533","0.450","0.000000000000000","0"
Youri,Kollo,Tillabéri,Niger,niger,"0.075000000000000","38714","63530.000000000000000","60.938000000000002","1","33.741935483870968","1.000000000000000","0.935","0.000","0.000","0.871","0.032","0.000","0.065","0.516","0.419","0.452","0.419","0.000000000000000","0"
Dingazi,Ouallam,Tillabéri,Niger,niger,"0.000000000000000","44486","328900.000000000000000","13.526000000000000","1","31.809523809523814","1.000000000000000","0.571","0.000","0.000","0.571","0.167","0.000","0.286","0.476","0.476","0.429","0.500","0.000000000000000","0"
Ouallam,Ouallam,Tillabéri,Niger,niger,"0.003000000000000","68191","167900.000000000000000","40.613999999999997","1","31.000000000000000","1.000000000000000","0.024","0.096","0.072","0.265","0.482","0.060","0.120","0.349","0.386","0.193","0.422","0.000000000000000","0"
Simiri,Ouallam,Tillabéri,Niger,niger,"0.007000000000000","103057","248800.000000000000000","41.421999999999997","1","34.581395348837212","1.000000000000000","0.395","0.023","0.012","0.791","0.105","0.000","0.360","0.488","0.535","0.512","0.465","0.000000000000000","0"
Say,Say,Tillabéri,Niger,niger,"0.005000000000000","58290","65320.000000000000000","89.238000000000000","1","34.610738255033560","1.000000000000000","0.195","0.034","0.081","0.450","0.329","0.020","0.174","0.523","0.497","0.295","0.416","0.000000000000000","0"
Tamou,Say,Tillabéri,Niger,niger,"0.000000000000000","89782","488700.000000000000000","18.372000000000000","1","35.022727272727273","1.000000000000000","0.250","0.000","0.000","0.659","0.114","0.000","0.750","0.614","0.727","0.705","0.477","0.000000000000000","1"
Téra,Téra,Tillabéri,Niger,niger,"0.098000000000000","71648","207100.000000000000000","34.595999999999997","1","33.207729468599034","2.000000000000000","0.184","0.058","0.140","0.415","0.275","0.005","0.246","0.391","0.556","0.304","0.498","1.000000000000000","1"
Dessa,Tillabéri,Tillabéri,Niger,niger,"0.000000000000000","32332","50770.000000000000000","63.683000000000000","1","36.387096774193552","1.000000000000000","0.452","0.000","0.000","0.742","0.097","0.000","0.484","0.710","0.645","0.516","0.516","0.000000000000000","0"
Kourteye,Tillabéri,Tillabéri,Niger,niger,"0.012000000000000","61670","127200.000000000000000","48.482999999999997","1","34.785714285714285","2.000000000000000","0.321","0.000","0.000","0.679","0.107","0.000","0.500","0.500","0.536","0.393","0.536","0.000000000000000","0"
Sakoïra,Tillabéri,Tillabéri,Niger,niger,"0.024000000000000","26776","70400.000000000000000","38.033999999999999","1","35.812500000000000","1.000000000000000","0.344","0.000","0.000","0.375","0.219","0.000","0.531","0.500","0.625","0.531","0.344","0.000000000000000","0"
Sinder,Tillabéri,Tillabéri,Niger,niger,"0.008000000000000","28165","15980.000000000000000","176.252000000000010","2","33.666666666666664","1.000000000000000","0.296","0.000","0.000","0.630","0.074","0.000","0.630","0.778","0.667","0.593","0.519","0.000000000000000","0"
Tillabéri,Tillabéri,Tillabéri,Niger,niger,"0.227000000000000","47678","72920.000000000000000","65.384000000000000","1","33.070539419087140","1.000000000000000","0.087","0.079","0.112","0.286","0.469","0.021","0.216","0.461","0.556","0.237","0.473","4.000000000000000","0"
Makalondi,Torodi,Tillabéri,Niger,niger,"0.000000000000000","73271","122600.000000000000000","59.764000000000003","1","31.574468085106378","1.000000000000000","0.085","0.149","0.213","0.213","0.447","0.000","0.000","0.255","0.574","0.149","0.489","0.000000000000000","1"
Torodi,Torodi,Tillabéri,Niger,niger,"0.000000000000000","109342","564300.000000000000000","19.376999999999999","1","32.404761904761905","1.000000000000000","0.119","0.095","0.095","0.262","0.500","0.000","0.214","0.476","0.476","0.333","0.524","0.000000000000000","1"
Albarkaram,Damagaram Takaya,Zinder,Niger,niger,"0.013000000000000","17619","20550.000000000000000","85.736999999999995","1","34.576923076923080","1.000000000000000","0.577","0.077","0.077","0.846","0.154","0.000","0.000","0.615","0.615","0.269","0.462","0.000000000000000","0"
Damagaram Takaya,Damagaram Takaya,Zinder,Niger,niger,"0.000000000000000","61580","182600.000000000000000","33.723999999999997","1","31.711538461538460","1.000000000000000","0.654","0.000","0.077","0.942","0.019","0.000","0.135","0.635","0.750","0.577","0.481","0.000000000000000","0"
Guidimouni,Damagaram Takaya,Zinder,Niger,niger,"0.000000000000000","69587","95420.000000000000000","72.927000000000007","1","33.000000000000000","1.000000000000000","0.719","0.063","0.031","0.688","0.063","0.000","0.156","0.531","0.500","0.344","0.469","0.000000000000000","0"
Moa,Damagaram Takaya,Zinder,Niger,niger,"0.000000000000000","26632","94290.000000000000000","28.245000000000001","1","31.208333333333332","1.000000000000000","0.833","0.000","0.167","0.750","0.125","0.000","0.000","0.583","0.625","0.458","0.417","0.000000000000000","0"
Wamé,Damagaram Takaya,Zinder,Niger,niger,"0.003000000000000","43568","113200.000000000000000","38.488000000000000","1","32.892857142857146","1.000000000000000","0.714","0.000","0.000","0.750","0.143","0.000","0.214","0.536","0.571","0.464","0.429","0.000000000000000","0"
Dogo-Dogo,Dungass,Zinder,Niger,niger,"0.000000000000000","65544","52160.000000000000000","125.659999999999997","1","31.945945945945947","1.000000000000000","0.351","0.027","0.000","1.000","0.000","0.000","0.405","0.486","0.838","0.541","0.541","0.000000000000000","1"
Dungass,Dungass,Zinder,Niger,niger,"0.001000000000000","127757","141600.000000000000000","90.224000000000004","1","31.324675324675322","1.000000000000000","0.364","0.039","0.039","0.584","0.234","0.000","0.221","0.571","0.636","0.455","0.442","0.000000000000000","0"
Gouchi,Dungass,Zinder,Niger,niger,"0.000000000000000","71612","123000.000000000000000","58.220999999999997","1","33.407407407407405","1.000000000000000","0.556","0.000","0.037","0.815","0.000","0.000","0.037","0.630","0.741","0.593","0.556","0.000000000000000","0"
Malawa,Dungass,Zinder,Niger,niger,"0.000000000000000","88954","112100.000000000000000","79.352000000000004","1","34.686274509803923","4.000000000000000","0.549","0.059","0.000","0.941","0.020","0.000","0.216","0.725","0.784","0.627","0.471","0.000000000000000","1"
Bouné,Gouré,Zinder,Niger,niger,"0.000000000000000","74513","388900.000000000000000","19.160000000000000","1","35.600000000000001","1.000000000000000","0.545","0.036","0.018","0.945","0.018","0.000","0.145","0.473","0.673","0.436","0.400","0.000000000000000","1"
Gamou,Gouré,Zinder,Niger,niger,"0.000000000000000","23218","54010.000000000000000","42.988000000000000","1","31.861111111111111","1.000000000000000","0.167","0.167","0.111","0.444","0.361","0.000","0.111","0.361","0.500","0.389","0.417","0.000000000000000","0"
Gouré,Gouré,Zinder,Niger,niger,"0.000000000000000","73732","419300.000000000000000","17.585000000000001","1","34.166666666666664","2.000000000000000","0.167","0.091","0.045","0.606","0.273","0.000","0.182","0.439","0.545","0.333","0.545","0.000000000000000","0"
Guidiguir,Gouré,Zinder,Niger,niger,"0.000000000000000","62731","218500.000000000000000","28.710000000000001","1","31.135593220338983","1.000000000000000","0.542","0.034","0.068","0.932","0.017","0.000","0.085","0.542","0.712","0.441","0.458","0.000000000000000","0"
Daouché,Kantché,Zinder,Niger,niger,"0.019000000000000","37754","15530.000000000000000","243.104000000000013","2","33.806451612903224","1.000000000000000","0.419","0.226","0.065","0.839","0.065","0.000","0.290","0.323","0.742","0.613","0.387","0.000000000000000","0"
Ichirnawa,Kantché,Zinder,Niger,niger,"0.016000000000000","42582","39580.000000000000000","107.584999999999994","1","33.169491525423730","1.000000000000000","0.424","0.017","0.017","0.915","0.085","0.000","0.203","0.475","0.678","0.508","0.424","0.000000000000000","0"
Kantché,Kantché,Zinder,Niger,niger,"0.011000000000000","56468","32930.000000000000000","171.479000000000013","2","36.666666666666664","1.000000000000000","0.417","0.000","0.000","0.917","0.000","0.000","0.208","0.708","0.750","0.458","0.417","0.000000000000000","0"
Kourni,Kantché,Zinder,Niger,niger,"0.019000000000000","28872","16010.000000000000000","180.336999999999989","2","34.126984126984127","1.000000000000000","0.333","0.095","0.079","0.952","0.016","0.000","0.381","0.397","0.635","0.571","0.413","0.000000000000000","0"
Matamey,Kantché,Zinder,Niger,niger,"0.098000000000000","64988","25750.000000000000000","252.381000000000000","2","33.799999999999997","1.000000000000000","0.278","0.022","0.078","0.678","0.200","0.000","0.100","0.478","0.611","0.356","0.422","1.000000000000000","0"
Tsaouni,Kantché,Zinder,Niger,niger,"0.030000000000000","37854","17190.000000000000000","220.209000000000003","2","38.479999999999997","1.000000000000000","0.280","0.200","0.080","0.880","0.080","0.000","0.400","0.440","0.840","0.840","0.360","0.000000000000000","0"
Yaouri,Kantché,Zinder,Niger,niger,"0.017000000000000","50732","28830.000000000000000","175.968999999999994","2","33.640000000000001","1.000000000000000","0.560","0.000","0.000","1.000","0.000","0.000","0.000","0.640","0.560","0.560","0.480","0.000000000000000","0"
Bandé,Magaria,Zinder,Niger,niger,"0.009000000000000","114242","85650.000000000000000","133.382000000000005","1","34.041666666666664","1.000000000000000","0.469","0.063","0.104","0.760","0.156","0.000","0.167","0.427","0.625","0.385","0.458","0.000000000000000","0"
Dantchiao,Magaria,Zinder,Niger,niger,"0.010000000000000","71018","48490.000000000000000","146.459000000000003","1","37.843750000000000","1.000000000000000","0.750","0.031","0.094","0.656","0.188","0.000","0.031","0.219","0.531","0.438","0.313","0.000000000000000","1"
Kwaya,Magaria,Zinder,Niger,niger,"0.009000000000000","32510","21740.000000000000000","149.539999999999992","1","35.178571428571431","1.000000000000000","0.607","0.000","0.000","0.786","0.036","0.000","0.321","0.286","0.500","0.500","0.429","0.000000000000000","0"
Magaria,Magaria,Zinder,Niger,niger,"0.098000000000000","130707","64710.000000000000000","201.989000000000004","2","33.129032258064520","1.000000000000000","0.516","0.043","0.065","0.581","0.301","0.000","0.129","0.462","0.581","0.387","0.452","1.000000000000000","1"
Sassoumbroum,Magaria,Zinder,Niger,niger,"0.006000000000000","78163","38740.000000000000000","201.763000000000005","2","35.200000000000003","1.000000000000000","0.514","0.000","0.000","1.000","0.000","0.000","0.400","0.457","0.686","0.543","0.486","0.000000000000000","1"
Wacha,Magaria,Zinder,Niger,niger,"0.000000000000000","93492","99300.000000000000000","94.150999999999996","1","30.379999999999999","1.000000000000000","0.720","0.040","0.060","0.800","0.100","0.000","0.100","0.660","0.540","0.480","0.440","0.000000000000000","0"
Yékoua,Magaria,Zinder,Niger,niger,"0.011000000000000","57611","32330.000000000000000","178.197000000000003","2","33.517241379310342","1.000000000000000","0.379","0.034","0.034","0.966","0.034","0.000","0.414","0.517","0.690","0.483","0.345","0.000000000000000","1"
Dogo,Mirriah,Zinder,Niger,niger,"0.006000000000000","147601","271750.000000000000000","54.314999999999998","1","33.820105820105823","1.000000000000000","0.571","0.016","0.016","0.757","0.111","0.005","0.026","0.503","0.249","0.233","0.513","0.000000000000000","0"
Droum,Mirriah,Zinder,Niger,niger,"0.026000000000000","102306","74900.000000000000000","136.590000000000003","1","33.549549549549546","1.000000000000000","0.559","0.081","0.018","0.829","0.045","0.000","0.180","0.568","0.505","0.369","0.468","0.000000000000000","0"
Gaffati,Mirriah,Zinder,Niger,niger,"0.065000000000000","46379","43550.000000000000000","106.495999999999995","1","31.379310344827587","2.000000000000000","0.793","0.069","0.000","0.828","0.069","0.000","0.069","0.552","0.655","0.310","0.414","0.000000000000000","0"
Gouna,Mirriah,Zinder,Niger,niger,"0.009000000000000","63598","53020.000000000000000","119.950999999999993","1","36.719999999999999","1.000000000000000","0.600","0.000","0.040","0.720","0.160","0.000","0.120","0.640","0.520","0.440","0.480","0.000000000000000","0"
Hamdara,Mirriah,Zinder,Niger,niger,"0.006000000000000","39574","36450.000000000000000","108.570999999999998","1","39.518518518518519","1.000000000000000","0.630","0.000","0.074","1.000","0.000","0.000","0.185","0.481","0.667","0.333","0.444","0.000000000000000","0"
Kolleram,Mirriah,Zinder,Niger,niger,"0.084000000000000","29583","12140.000000000000000","243.681999999999988","2","33.703703703703702","1.000000000000000","0.370","0.111","0.037","0.593","0.222","0.000","0.185","0.481","0.556","0.481","0.407","0.000000000000000","0"
Mirriah,Mirriah,Zinder,Niger,niger,"0.031000000000000","80126","34260.000000000000000","233.876000000000005","2","34.442477876106196","1.000000000000000","0.460","0.062","0.186","0.743","0.204","0.000","0.062","0.496","0.540","0.372","0.407","0.000000000000000","0"
Dakoussa,Takeita,Zinder,Niger,niger,"0.040000000000000","61779","88940.000000000000000","69.460999999999999","1","34.433333333333330","1.000000000000000","0.433","0.033","0.067","0.867","0.033","0.000","0.217","0.583","0.733","0.483","0.483","0.000000000000000","0"
Garagoumsa,Takeita,Zinder,Niger,niger,"0.004000000000000","69028","63100.000000000000000","109.394999999999996","1","32.475000000000001","1.000000000000000","0.325","0.050","0.050","0.750","0.100","0.000","0.025","0.475","0.525","0.375","0.400","0.000000000000000","0"
Tirmini,Takeita,Zinder,Niger,niger,"0.013000000000000","116011","185300.000000000000000","62.606999999999999","1","31.460000000000001","1.000000000000000","0.380","0.040","0.120","0.940","0.040","0.000","0.240","0.720","0.720","0.620","0.460","0.000000000000000","0"
Gangara,Tanout,Zinder,Niger,niger,"0.000000000000000","164897","455590.000000000000000","36.194000000000003","1","32.852173913043480","1.000000000000000","0.609","0.026","0.026","0.861","0.043","0.000","0.287","0.548","0.583","0.513","0.452","0.000000000000000","0"
Olléléwa,Tanout,Zinder,Niger,niger,"0.000000000000000","116895","249800.000000000000000","46.795000000000002","1","34.528301886792455","1.000000000000000","0.623","0.038","0.113","1.000","0.000","0.000","0.226","0.585","0.717","0.528","0.396","0.000000000000000","0"
Tanout,Tanout,Zinder,Niger,niger,"0.000000000000000","154238","651500.000000000000000","23.673999999999999","1","34.311827956989248","1.000000000000000","0.495","0.086","0.011","0.677","0.151","0.000","0.151","0.581","0.581","0.409","0.462","0.000000000000000","0"
Zinder I,Ville de Zinder,Zinder,Niger,niger,"0.162000000000000","84610","10910.000000000000000","775.527000000000044","3","30.288043478260871","1.000000000000000","0.060","0.201","0.125","0.348","0.424","0.054","0.038","0.364","0.560","0.304","0.554","0.000000000000000","0"
Zinder II,Ville de Zinder,Zinder,Niger,niger,"0.202000000000000","68984","6068.000000000000000","1136.848999999999933","3","29.524999999999999","1.000000000000000","0.075","0.225","0.225","0.475","0.325","0.025","0.025","0.475","0.650","0.350","0.500","0.000000000000000","0"
Zinder III,Ville de Zinder,Zinder,Niger,niger,"0.315000000000000","55995","7124.000000000000000","786.004999999999995","3","31.418685121107266","2.000000000000000","0.024","0.176","0.125","0.408","0.398","0.038","0.045","0.356","0.481","0.277","0.516","3.000000000000000","0"
Zinder IV,Ville de Zinder,Zinder,Niger,niger,"0.332000000000000","80923","7060.000000000000000","1146.218000000000075","3","31.149425287356323","1.000000000000000","0.092","0.126","0.115","0.356","0.494","0.023","0.034","0.299","0.483","0.253","0.402","7.000000000000000","0"
Zinder V,Ville de Zinder,Zinder,Niger,niger,"0.095000000000000","32423","21680.000000000000000","149.552999999999997","1","34.454545454545453","1.000000000000000","0.242","0.242","0.152","0.455","0.182","0.000","0.091","0.455","0.697","0.485","0.455","0.000000000000000","0"
Niamey I,Ville de Niamey,Niamey,Niger,niger,"0.800000000000000","210020","13240.000000000000000","1586.253999999999905","3","33.301425661914458","2.000000000000000","0.043","0.063","0.090","0.220","0.407","0.175","0.043","0.424","0.519","0.191","0.450","16.000000000000000","0"
Niamey II,Ville de Niamey,Niamey,Niger,niger,"1.000000000000000","246898","5427.000000000000000","4549.438000000000102","3","33.028667790893763","2.000000000000000","0.002","0.128","0.160","0.371","0.396","0.046","0.013","0.351","0.487","0.207","0.467","22.000000000000000","0"
Niamey III,Ville de Niamey,Niamey,Niger,niger,"0.954000000000000","163175","10350.000000000000000","1576.569999999999936","3","35.324637681159423","5.000000000000000","0.000","0.078","0.110","0.261","0.435","0.122","0.000","0.388","0.441","0.157","0.481","39.000000000000000","0"
Niamey IV,Ville de Niamey,Niamey,Niger,niger,"0.749000000000000","274484","9546.000000000000000","2875.382000000000062","3","33.224755700325730","2.000000000000000","0.008","0.104","0.086","0.257","0.453","0.094","0.020","0.423","0.430","0.168","0.480","7.000000000000000","0"
Niamey V,Ville de Niamey,Niamey,Niger,niger,"0.526000000000000","132271","17120.000000000000000","772.610999999999990","3","33.100746268656714","2.000000000000000","0.011","0.071","0.168","0.228","0.500","0.112","0.026","0.396","0.466","0.142","0.496","5.000000000000000","0"
Almadies,Dakar,Dakar,Senegal,senegal,"0.868000000000000","276196","2898.067000000000007","9530.352000000000771","3","33.934343434343432","4.000000000000000","0.000","0.121","0.045","0.227","0.379","0.182","0.000","0.338","0.556","0.146","0.434","0.000000000000000","1"
Almadies,Dakar,Dakar,Senegal,senegal,"0.868000000000000","276196","2898.067000000000007","9530.352000000000771","3","33.934343434343432","4.000000000000000","0.000","0.121","0.045","0.227","0.379","0.182","0.000","0.338","0.556","0.146","0.434","0.000000000000000","1"
Grand Dakar,Dakar,Dakar,Senegal,senegal,"1.000000000000000","331046","2090.759000000000015","15833.771000000000640","3","34.249475890985323","2.000000000000000","0.000","0.096","0.084","0.182","0.367","0.224","0.021","0.344","0.558","0.224","0.455","0.000000000000000","1"
Parcelles Assainies,Dakar,Dakar,Senegal,senegal,"0.967000000000000","472699","1530.767000000000053","30879.879000000000815","3","35.055421686746989","2.000000000000000","0.000","0.130","0.113","0.224","0.436","0.157","0.002","0.390","0.578","0.227","0.410","0.000000000000000","1"
Dakar Plateau,Dakar,Dakar,Senegal,senegal,"0.873000000000000","198528","1442.615000000000009","13761.675999999999476","3","34.886075949367090","2.000000000000000","0.000","0.097","0.076","0.198","0.430","0.186","0.008","0.367","0.515","0.232","0.414","0.000000000000000","1"
Dakar Plateau,Dakar,Dakar,Senegal,senegal,"0.873000000000000","198528","1442.615000000000009","13761.675999999999476","3","34.886075949367090","2.000000000000000","0.000","0.097","0.076","0.198","0.430","0.186","0.008","0.367","0.515","0.232","0.414","0.000000000000000","1"
Dakar Plateau,Dakar,Dakar,Senegal,senegal,"0.873000000000000","198528","1442.615000000000009","13761.675999999999476","3","34.886075949367090","2.000000000000000","0.000","0.097","0.076","0.198","0.430","0.186","0.008","0.367","0.515","0.232","0.414","0.000000000000000","1"
Dakar Plateau,Dakar,Dakar,Senegal,senegal,"0.873000000000000","198528","1442.615000000000009","13761.675999999999476","3","34.886075949367090","2.000000000000000","0.000","0.097","0.076","0.198","0.430","0.186","0.008","0.367","0.515","0.232","0.414","0.000000000000000","1"
Dakar Plateau,Dakar,Dakar,Senegal,senegal,"0.873000000000000","198528","1442.615000000000009","13761.675999999999476","3","34.886075949367090","2.000000000000000","0.000","0.097","0.076","0.198","0.430","0.186","0.008","0.367","0.515","0.232","0.414","0.000000000000000","1"
Guédiawaye,Guédiawaye,Dakar,Senegal,senegal,"0.862000000000000","372708","1334.625999999999976","27926.026000000001659","3","33.996835443037973","2.000000000000000","0.002","0.111","0.111","0.291","0.339","0.142","0.008","0.351","0.489","0.179","0.438","0.000000000000000","1"
Thiaroye,Pikine,Dakar,Senegal,senegal,"0.754000000000000","415840","2767.960999999999785","15023.333000000000538","3","33.097619047619048","2.000000000000000","0.000","0.160","0.133","0.367","0.345","0.040","0.021","0.395","0.567","0.295","0.455","0.000000000000000","1"
Pikine Dagoudane,Pikine,Dakar,Senegal,senegal,"0.937000000000000","348757","1407.548000000000002","24777.627000000000407","3","33.619926199261990","2.000000000000000","0.004","0.100","0.125","0.380","0.332","0.011","0.007","0.402","0.509","0.236","0.498","0.000000000000000","1"
Sangalkam,Rufisque,Dakar,Senegal,senegal,"0.315000000000000","324101","17349.168000000001484","1868.106999999999971","3","32.414686825053998","2.000000000000000","0.011","0.127","0.106","0.400","0.313","0.043","0.015","0.430","0.609","0.302","0.467","0.000000000000000","1"
Sangalkam,Rufisque,Dakar,Senegal,senegal,"0.315000000000000","324101","17349.168000000001484","1868.106999999999971","3","32.414686825053998","2.000000000000000","0.011","0.127","0.106","0.400","0.313","0.043","0.015","0.430","0.609","0.302","0.467","0.000000000000000","1"
Rufisque-Est,Rufisque,Dakar,Senegal,senegal,"0.571000000000000","295459","2679.304000000000087","11027.452999999999520","3","34.015463917525771","2.000000000000000","0.005","0.108","0.088","0.345","0.351","0.103","0.031","0.510","0.577","0.258","0.443","0.000000000000000","1"
Diamniadio,Rufisque,Dakar,Senegal,senegal,"0.277000000000000","77731","6200.421000000000276","1253.641000000000076","3","32.802721088435376","1.000000000000000","0.007","0.102","0.116","0.347","0.231","0.020","0.129","0.320","0.510","0.279","0.483","0.000000000000000","1"
N/A,Rufisque,Dakar,Senegal,senegal,"0.382000000000000","121046","9375.602999999999156","1291.074000000000069","3","34.722222222222221","1.000000000000000","0.000","0.056","0.125","0.306","0.250","0.000","0.056","0.486","0.583","0.222","0.486","0.000000000000000","1"
Jaxaay,Keur Massar,Dakar,Senegal,senegal,"0.633000000000000","176398","1194.939000000000078","14762.092000000000553","3","34.976744186046510","1.000000000000000","0.000","0.023","0.163","0.116","0.512","0.070","0.000","0.209","0.465","0.140","0.395","0.000000000000000","1"
Malika,Keur Massar,Dakar,Senegal,senegal,"0.626000000000000","281472","2402.858999999999924","11714.046000000000276","3","33.372950819672134","2.000000000000000","0.004","0.102","0.107","0.402","0.324","0.053","0.020","0.385","0.520","0.221","0.451","0.000000000000000","1"
Yeumbeul,Keur Massar,Dakar,Senegal,senegal,"0.747000000000000","312444","965.754000000000019","32352.337999999999738","3","34.395638629283489","2.000000000000000","0.000","0.106","0.187","0.511","0.234","0.034","0.000","0.399","0.567","0.277","0.495","0.000000000000000","1"
Lambaye,Bambey,Diourbel,Senegal,senegal,"0.006000000000000","131296","44524.908000000003085","294.882000000000005","2","35.150943396226417","1.000000000000000","0.340","0.038","0.075","0.774","0.132","0.000","0.094","0.509","0.453","0.283","0.453","0.000000000000000","0"
Ngoye,Bambey,Diourbel,Senegal,senegal,"0.011000000000000","193949","46943.902999999998428","413.151000000000010","2","33.304054054054056","1.000000000000000","0.041","0.128","0.128","0.527","0.284","0.041","0.020","0.446","0.520","0.345","0.358","0.000000000000000","0"
Baba Garage,Bambey,Diourbel,Senegal,senegal,"0.004000000000000","51222","41639.968999999997322","123.012000000000000","1","34.454545454545453","1.000000000000000","0.364","0.114","0.023","0.818","0.114","0.000","0.023","0.477","0.318","0.273","0.364","0.000000000000000","0"
Ndoulo,Diourbel,Diourbel,Senegal,senegal,"0.127000000000000","281075","54016.985999999997148","520.346000000000004","3","31.920634920634921","2.000000000000000","0.068","0.112","0.105","0.568","0.240","0.026","0.020","0.370","0.443","0.314","0.427","6.000000000000000","0"
Ndindy,Diourbel,Diourbel,Senegal,senegal,"0.016000000000000","63034","74845.463000000003376","84.218999999999994","1","33.158730158730158","1.000000000000000","0.413","0.032","0.032","0.825","0.016","0.000","0.032","0.460","0.444","0.381","0.397","0.000000000000000","0"
Ndame,Mbacké,Diourbel,Senegal,senegal,"0.204000000000000","1261577","99605.279999999998836","1266.576000000000022","3","32.158465991316930","2.000000000000000","0.006","0.147","0.132","0.780","0.113","0.009","0.007","0.371","0.473","0.299","0.376","24.000000000000000","0"
Taïf,Mbacké,Diourbel,Senegal,senegal,"0.006000000000000","42677","41465.031000000002678","102.923000000000002","1","32.000000000000000","1.000000000000000","0.302","0.016","0.000","0.905","0.016","0.000","0.048","0.571","0.444","0.286","0.381","0.000000000000000","0"
Ndiob,Fatick,Fatick,Senegal,senegal,"0.013000000000000","88556","67681.520000000004075","130.842000000000013","1","32.220430107526880","4.000000000000000","0.317","0.032","0.027","0.484","0.323","0.000","0.059","0.441","0.333","0.296","0.457","0.000000000000000","0"
Fimla,Fatick,Fatick,Senegal,senegal,"0.008000000000000","88242","105776.483999999996740","83.423000000000002","1","34.612903225806448","2.000000000000000","0.174","0.148","0.065","0.277","0.445","0.026","0.065","0.445","0.490","0.381","0.419","0.000000000000000","1"
Tataguine,Fatick,Fatick,Senegal,senegal,"0.112000000000000","137681","51000.336000000002969","269.961000000000013","2","33.286082474226802","4.000000000000000","0.144","0.093","0.082","0.325","0.402","0.031","0.039","0.392","0.464","0.260","0.420","5.000000000000000","0"
Niakhar,Fatick,Fatick,Senegal,senegal,"0.024000000000000","94087","50210.019999999996799","187.387000000000000","2","32.316017316017316","2.000000000000000","0.208","0.069","0.061","0.407","0.364","0.004","0.100","0.372","0.468","0.320","0.411","0.000000000000000","0"
Djilor,Foundiougne,Fatick,Senegal,senegal,"0.003000000000000","128870","83968.440000000002328","153.473999999999990","2","31.606617647058822","2.000000000000000","0.059","0.096","0.081","0.511","0.298","0.004","0.074","0.346","0.485","0.346","0.390","0.000000000000000","0"
Toubakouta,Foundiougne,Fatick,Senegal,senegal,"0.000000000000000","211565","149794.106999999989057","141.236999999999995","1","31.800759013282732","2.000000000000000","0.093","0.089","0.068","0.518","0.279","0.032","0.030","0.427","0.490","0.366","0.391","0.000000000000000","1"
Toubakouta,Foundiougne,Fatick,Senegal,senegal,"0.000000000000000","211565","149794.106999999989057","141.236999999999995","1","31.800759013282732","2.000000000000000","0.093","0.089","0.068","0.518","0.279","0.032","0.030","0.427","0.490","0.366","0.391","0.000000000000000","1"
Toubakouta,Foundiougne,Fatick,Senegal,senegal,"0.000000000000000","211565","149794.106999999989057","141.236999999999995","1","31.800759013282732","2.000000000000000","0.093","0.089","0.068","0.518","0.279","0.032","0.030","0.427","0.490","0.366","0.391","0.000000000000000","1"
Toubakouta,Foundiougne,Fatick,Senegal,senegal,"0.000000000000000","211565","149794.106999999989057","141.236999999999995","1","31.800759013282732","2.000000000000000","0.093","0.089","0.068","0.518","0.279","0.032","0.030","0.427","0.490","0.366","0.391","0.000000000000000","1"
Toubakouta,Foundiougne,Fatick,Senegal,senegal,"0.000000000000000","211565","149794.106999999989057","141.236999999999995","1","31.800759013282732","2.000000000000000","0.093","0.089","0.068","0.518","0.279","0.032","0.030","0.427","0.490","0.366","0.391","0.000000000000000","1"
Toubakouta,Foundiougne,Fatick,Senegal,senegal,"0.000000000000000","211565","149794.106999999989057","141.236999999999995","1","31.800759013282732","2.000000000000000","0.093","0.089","0.068","0.518","0.279","0.032","0.030","0.427","0.490","0.366","0.391","0.000000000000000","1"
Toubakouta,Foundiougne,Fatick,Senegal,senegal,"0.000000000000000","211565","149794.106999999989057","141.236999999999995","1","31.800759013282732","2.000000000000000","0.093","0.089","0.068","0.518","0.279","0.032","0.030","0.427","0.490","0.366","0.391","0.000000000000000","1"
Niodior,Foundiougne,Fatick,Senegal,senegal,"0.000000000000000","34953","54091.228999999999360","64.619000000000000","1","36.612244897959187","1.000000000000000","0.000","0.184","0.184","0.449","0.286","0.000","0.122","0.388","0.673","0.592","0.449","0.000000000000000","1"
Niodior,Foundiougne,Fatick,Senegal,senegal,"0.000000000000000","34953","54091.228999999999360","64.619000000000000","1","36.612244897959187","1.000000000000000","0.000","0.184","0.184","0.449","0.286","0.000","0.122","0.388","0.673","0.592","0.449","0.000000000000000","1"
Niodior,Foundiougne,Fatick,Senegal,senegal,"0.000000000000000","34953","54091.228999999999360","64.619000000000000","1","36.612244897959187","1.000000000000000","0.000","0.184","0.184","0.449","0.286","0.000","0.122","0.388","0.673","0.592","0.449","0.000000000000000","1"
Niodior,Foundiougne,Fatick,Senegal,senegal,"0.000000000000000","34953","54091.228999999999360","64.619000000000000","1","36.612244897959187","1.000000000000000","0.000","0.184","0.184","0.449","0.286","0.000","0.122","0.388","0.673","0.592","0.449","0.000000000000000","1"
Colobane,Gossas,Fatick,Senegal,senegal,"0.007000000000000","59493","102614.926000000006752","57.976999999999997","1","33.359999999999999","1.000000000000000","0.260","0.120","0.080","0.580","0.220","0.000","0.000","0.420","0.520","0.480","0.320","0.000000000000000","0"
Ouadiour,Gossas,Fatick,Senegal,senegal,"0.011000000000000","65309","45545.188999999998487","143.394000000000005","1","34.480952380952381","2.000000000000000","0.176","0.095","0.086","0.529","0.267","0.038","0.005","0.476","0.552","0.390","0.395","0.000000000000000","0"
Mabo,Birkelane,Kaffrine,Senegal,senegal,"0.011000000000000","95754","64683.997000000003027","148.033999999999992","1","33.115384615384613","2.000000000000000","0.489","0.049","0.088","0.780","0.115","0.011","0.038","0.357","0.456","0.412","0.396","0.000000000000000","0"
Keur Mboucki,Birkelane,Kaffrine,Senegal,senegal,"0.018000000000000","55310","61348.391999999999825","90.156999999999996","1","31.992537313432837","1.000000000000000","0.157","0.134","0.045","0.731","0.157","0.007","0.007","0.410","0.373","0.276","0.410","0.000000000000000","0"
Gnibi,Kaffrine,Kaffrine,Senegal,senegal,"0.086000000000000","136383","141418.510999999998603","96.438999999999993","1","30.981407702523239","2.000000000000000","0.114","0.086","0.108","0.588","0.254","0.016","0.008","0.400","0.417","0.256","0.422","3.000000000000000","0"
Katakel,Kaffrine,Kaffrine,Senegal,senegal,"0.001000000000000","144404","117305.125000000000000","123.100999999999999","1","32.501340482573724","1.000000000000000","0.421","0.046","0.040","0.871","0.059","0.003","0.016","0.381","0.515","0.413","0.378","0.000000000000000","0"
Missira Wadène,Koungheul,Kaffrine,Senegal,senegal,"0.000000000000000","75024","259653.214999999996508","28.893999999999998","1","33.188679245283019","1.000000000000000","0.189","0.038","0.094","0.642","0.132","0.000","0.038","0.453","0.472","0.245","0.453","0.000000000000000","0"
Ida Mouride,Koungheul,Kaffrine,Senegal,senegal,"0.000000000000000","120365","123189.856999999989057","97.706999999999994","1","32.963076923076926","2.000000000000000","0.277","0.068","0.028","0.655","0.200","0.015","0.003","0.385","0.415","0.252","0.425","0.000000000000000","0"
Lour Escale,Koungheul,Kaffrine,Senegal,senegal,"0.000000000000000","57915","97179.711999999999534","59.595999999999997","1","31.541284403669724","3.000000000000000","0.670","0.009","0.000","0.917","0.009","0.000","0.000","0.450","0.450","0.385","0.486","0.000000000000000","0"
Darou Minam 2,Malem-Hodar,Kaffrine,Senegal,senegal,"0.002000000000000","42495","150735.798999999999069","28.192000000000000","1","33.203703703703702","1.000000000000000","0.426","0.037","0.000","0.907","0.019","0.000","0.000","0.352","0.370","0.389","0.481","0.000000000000000","0"
Sagna,Malem-Hodar,Kaffrine,Senegal,senegal,"0.003000000000000","90920","98393.748000000006869","92.403999999999996","1","31.108571428571430","1.000000000000000","0.503","0.023","0.023","0.783","0.086","0.011","0.000","0.331","0.377","0.337","0.423","0.000000000000000","0"
Mbadakhoune,Guinguinéo,Kaolack,Senegal,senegal,"0.018000000000000","121006","45530.472999999998137","265.769000000000005","2","33.606666666666669","1.000000000000000","0.407","0.033","0.013","0.627","0.213","0.053","0.040","0.507","0.507","0.393","0.433","0.000000000000000","0"
Nguélou,Guinguinéo,Kaolack,Senegal,senegal,"0.007000000000000","65427","71617.426999999996042","91.355999999999995","1","31.865671641791042","2.000000000000000","0.164","0.090","0.090","0.806","0.119","0.000","0.000","0.522","0.403","0.358","0.358","0.000000000000000","0"
Koumbal,Kaolack,Kaolack,Senegal,senegal,"0.172000000000000","424119","84229.381999999997788","503.528999999999996","3","33.070735090152567","2.000000000000000","0.062","0.133","0.091","0.546","0.254","0.019","0.018","0.418","0.483","0.299","0.427","16.000000000000000","0"
Ndiédiéng,Kaolack,Kaolack,Senegal,senegal,"0.017000000000000","128081","61352.517999999996391","208.762000000000000","2","34.679012345679013","1.000000000000000","0.204","0.080","0.056","0.704","0.154","0.019","0.019","0.401","0.407","0.309","0.395","0.000000000000000","0"
Paoscoto,Nioro du Rip,Kaolack,Senegal,senegal,"0.011000000000000","230756","90047.357999999992899","256.261000000000024","2","32.736077481840191","1.000000000000000","0.165","0.068","0.063","0.695","0.172","0.019","0.007","0.370","0.390","0.303","0.385","0.000000000000000","1"
Wak Ngouna,Nioro du Rip,Kaolack,Senegal,senegal,"0.005000000000000","145820","70789.993000000002212","205.990000000000009","2","31.114285714285710","1.000000000000000","0.190","0.071","0.057","0.824","0.086","0.000","0.024","0.381","0.310","0.286","0.367","0.000000000000000","1"
Médina Sabakh,Nioro du Rip,Kaolack,Senegal,senegal,"0.043000000000000","136032","60718.796999999998661","224.036000000000001","2","34.751381215469614","1.000000000000000","0.105","0.072","0.039","0.768","0.149","0.017","0.028","0.414","0.436","0.354","0.354","0.000000000000000","1"
Bandafassi,Kédougou,Kédougou,Senegal,senegal,"0.100000000000000","109736","598561.834000000148080","18.332999999999998","1","31.895867768595043","2.000000000000000","0.090","0.063","0.084","0.521","0.285","0.020","0.012","0.411","0.432","0.250","0.464","4.000000000000000","1"
Dar Salam,Salémata,Kédougou,Senegal,senegal,"0.001000000000000","17700","123252.580000000001746","14.361000000000001","1","34.657894736842103","2.000000000000000","0.368","0.020","0.026","0.533","0.276","0.013","0.013","0.467","0.349","0.303","0.428","0.000000000000000","1"
Dakatéli,Salémata,Kédougou,Senegal,senegal,"0.003000000000000","10326","73073.701000000000931","14.131000000000000","1","38.297297297297298","1.000000000000000","0.405","0.027","0.000","0.919","0.027","0.000","0.000","0.405","0.297","0.297","0.378","0.000000000000000","1"
Sabodala,Saraya,Kédougou,Senegal,senegal,"0.043000000000000","50907","399276.266000000003260","12.750000000000000","1","32.824468085106382","1.000000000000000","0.128","0.016","0.000","0.739","0.154","0.000","0.032","0.441","0.452","0.239","0.516","1.000000000000000","1"
Bembou,Saraya,Kédougou,Senegal,senegal,"0.000000000000000","41948","343970.745999999984633","12.195000000000000","1","32.618784530386741","1.000000000000000","0.519","0.039","0.011","0.851","0.044","0.000","0.028","0.392","0.740","0.635","0.481","0.000000000000000","1"
Mampatim,Kolda,Kolda,Senegal,senegal,"0.001000000000000","123095","246770.070999999996275","49.881999999999998","1","33.745033112582782","1.000000000000000","0.404","0.030","0.030","0.791","0.083","0.013","0.162","0.394","0.560","0.540","0.477","0.000000000000000","1"
Saré Bidji,Kolda,Kolda,Senegal,senegal,"0.112000000000000","131256","56243.088999999992666","233.372999999999990","2","32.378927911275419","2.000000000000000","0.148","0.116","0.100","0.543","0.301","0.020","0.044","0.390","0.484","0.331","0.440","5.000000000000000","0"
Dioulacolon,Kolda,Kolda,Senegal,senegal,"0.014000000000000","69841","57724.764000000002852","120.989999999999995","1","31.981818181818181","3.000000000000000","0.400","0.030","0.055","0.709","0.164","0.012","0.206","0.455","0.545","0.497","0.442","0.000000000000000","1"
Ndorna,Médina-Yorofoula,Kolda,Senegal,senegal,"0.012000000000000","68070","210845.124000000010710","32.283999999999999","1","30.454545454545453","1.000000000000000","0.227","0.076","0.000","0.848","0.061","0.000","0.015","0.455","0.545","0.515","0.485","0.000000000000000","1"
Niaming,Médina-Yorofoula,Kolda,Senegal,senegal,"0.001000000000000","88597","172765.548000000009779","51.281999999999996","1","33.868131868131869","1.000000000000000","0.308","0.011","0.011","0.835","0.044","0.000","0.143","0.484","0.560","0.560","0.407","0.000000000000000","1"
Fafacourou,Médina-Yorofoula,Kolda,Senegal,senegal,"0.001000000000000","28789","86565.264999999999418","33.256999999999998","1","31.274725274725274","1.000000000000000","0.659","0.022","0.000","0.670","0.143","0.000","0.011","0.527","0.473","0.495","0.429","0.000000000000000","1"
Bonconto,Vélingara,Kolda,Senegal,senegal,"0.001000000000000","165314","291242.913999999989755","56.762000000000000","1","31.820175438596490","1.000000000000000","0.162","0.083","0.075","0.820","0.070","0.000","0.048","0.443","0.404","0.303","0.386","0.000000000000000","1"
Pakour,Vélingara,Kolda,Senegal,senegal,"0.002000000000000","56306","122779.395999999993364","45.859000000000002","1","32.539682539682538","1.000000000000000","0.323","0.037","0.032","0.624","0.217","0.005","0.016","0.492","0.455","0.413","0.413","0.000000000000000","1"
Saré Coly Sallé,Vélingara,Kolda,Senegal,senegal,"0.068000000000000","183529","141453.021999999997206","129.746000000000009","1","32.764925373134325","2.000000000000000","0.099","0.091","0.080","0.507","0.289","0.015","0.017","0.451","0.491","0.368","0.463","2.000000000000000","1"
Ndande,Kébémer,Louga,Senegal,senegal,"0.046000000000000","147978","142785.242999999987660","103.637000000000000","1","32.021212121212123","1.000000000000000","0.079","0.112","0.073","0.664","0.185","0.027","0.088","0.394","0.394","0.294","0.382","1.000000000000000","1"
Darou Mousty,Kébémer,Louga,Senegal,senegal,"0.051000000000000","111355","157530.823999999993248","70.688000000000002","1","32.043859649122808","1.000000000000000","0.044","0.211","0.079","0.772","0.105","0.000","0.044","0.447","0.447","0.351","0.333","1.000000000000000","0"
Sagata Geth,Kébémer,Louga,Senegal,senegal,"0.012000000000000","76588","82038.308999999993830","93.355999999999995","1","32.419512195121953","1.000000000000000","0.180","0.049","0.054","0.698","0.132","0.005","0.127","0.507","0.400","0.302","0.390","0.000000000000000","0"
Yang-Yang,Linguère,Louga,Senegal,senegal,"0.001000000000000","39836","357591.256999999983236","11.140000000000001","1","33.719298245614034","1.000000000000000","0.064","0.064","0.047","0.772","0.170","0.006","0.193","0.474","0.380","0.357","0.415","0.000000000000000","0"
Sagata Diolof,Linguère,Louga,Senegal,senegal,"0.045000000000000","125608","270596.368000000016764","46.418999999999997","1","31.231249999999999","1.000000000000000","0.038","0.100","0.066","0.734","0.194","0.013","0.078","0.400","0.413","0.253","0.425","1.000000000000000","0"
Barkédji,Linguère,Louga,Senegal,senegal,"0.000000000000000","77090","643589.783000000054017","11.978000000000000","1","32.313559322033896","1.000000000000000","0.059","0.102","0.025","0.686","0.254","0.008","0.059","0.339","0.381","0.280","0.398","0.000000000000000","0"
Dodji,Linguère,Louga,Senegal,senegal,"0.043000000000000","69690","313619.502000000036787","22.221000000000000","1","32.322784810126585","2.000000000000000","0.000","0.076","0.076","0.639","0.278","0.006","0.127","0.475","0.405","0.310","0.437","1.000000000000000","0"
Keur Momar Sarr,Louga,Louga,Senegal,senegal,"0.001000000000000","105738","300168.934999999997672","35.225999999999999","1","31.649999999999999","1.000000000000000","0.190","0.060","0.040","0.980","0.000","0.000","0.180","0.630","0.560","0.380","0.460","0.000000000000000","0"
Koki,Louga,Louga,Senegal,senegal,"0.010000000000000","76615","88659.413000000000466","86.415000000000006","1","34.796610169491522","1.000000000000000","0.068","0.000","0.017","0.932","0.000","0.000","0.186","0.356","0.559","0.492","0.407","0.000000000000000","0"
Mbédiène,Louga,Louga,Senegal,senegal,"0.139000000000000","195015","61388.099999999998545","317.675999999999988","2","32.872392638036807","2.000000000000000","0.007","0.092","0.070","0.539","0.283","0.038","0.027","0.367","0.407","0.236","0.398","8.000000000000000","0"
Sakal,Louga,Louga,Senegal,senegal,"0.033000000000000","100397","115930.430999999996857","86.600999999999999","1","33.190909090909088","1.000000000000000","0.100","0.045","0.073","0.891","0.064","0.000","0.055","0.482","0.545","0.418","0.409","0.000000000000000","1"
Ouro Sidi,Kanel,Matam,Senegal,senegal,"0.000000000000000","159136","627589.998999999952503","25.356999999999999","1","30.916666666666668","2.000000000000000","0.110","0.060","0.079","0.779","0.146","0.002","0.113","0.442","0.354","0.260","0.444","0.000000000000000","1"
Orkadiéré,Kanel,Matam,Senegal,senegal,"0.044000000000000","182384","241903.477000000013504","75.394999999999996","1","31.300751879699249","1.000000000000000","0.167","0.088","0.090","0.810","0.103","0.004","0.058","0.391","0.333","0.282","0.374","1.000000000000000","1"
Ogo,Matam,Matam,Senegal,senegal,"0.130000000000000","283489","419162.474999999976717","67.632000000000005","1","32.123287671232873","1.000000000000000","0.118","0.077","0.064","0.663","0.202","0.016","0.077","0.431","0.408","0.258","0.410","7.000000000000000","1"
Agnam Civol,Matam,Matam,Senegal,senegal,"0.048000000000000","103398","187399.304999999993015","55.174999999999997","1","33.398625429553263","2.000000000000000","0.100","0.055","0.072","0.722","0.162","0.007","0.058","0.457","0.333","0.275","0.412","1.000000000000000","1"
Ndiaye Ngènt,Dagana,Saint-Louis,Senegal,senegal,"0.122000000000000","147467","306481.755999999993946","48.116000000000000","1","32.326633165829143","2.000000000000000","0.171","0.095","0.108","0.563","0.226","0.008","0.015","0.407","0.523","0.261","0.445","6.000000000000000","1"
Mbane,Dagana,Saint-Louis,Senegal,senegal,"0.068000000000000","181596","217589.016000000003260","83.457999999999998","1","33.132768361581924","2.000000000000000","0.051","0.093","0.113","0.602","0.251","0.017","0.045","0.438","0.452","0.282","0.458","2.000000000000000","1"
Gamadji Sarré,Podor,Saint-Louis,Senegal,senegal,"0.086000000000000","172163","385893.927000000025146","44.613999999999997","1","32.768545994065285","1.000000000000000","0.157","0.062","0.045","0.614","0.226","0.024","0.030","0.433","0.451","0.326","0.404","3.000000000000000","1"
Thillé Boubakar,Podor,Saint-Louis,Senegal,senegal,"0.001000000000000","88955","319658.634000000020023","27.827999999999999","1","33.102362204724407","1.000000000000000","0.039","0.118","0.016","0.858","0.079","0.000","0.220","0.394","0.520","0.480","0.354","0.000000000000000","1"
Saldé,Podor,Saint-Louis,Senegal,senegal,"0.044000000000000","81944","275595.860999999975320","29.733000000000001","1","34.870967741935480","1.000000000000000","0.237","0.022","0.032","0.656","0.172","0.000","0.054","0.505","0.355","0.301","0.376","1.000000000000000","1"
Cas Cas,Podor,Saint-Louis,Senegal,senegal,"0.002000000000000","142945","311849.181999999971595","45.838000000000001","1","33.678832116788321","1.000000000000000","0.266","0.029","0.033","0.748","0.139","0.000","0.058","0.482","0.380","0.314","0.347","0.000000000000000","1"
Rao,Saint Louis,Saint-Louis,Senegal,senegal,"0.178000000000000","387368","80267.175000000002910","482.598000000000013","2","33.170542635658911","2.000000000000000","0.076","0.111","0.062","0.446","0.271","0.052","0.074","0.441","0.508","0.270","0.425","16.000000000000000","1"
Bona,Bounkiling,Sédhiou,Senegal,senegal,"0.001000000000000","46751","92099.123000000006869","50.762000000000000","1","32.481203007518801","2.000000000000000","0.180","0.008","0.060","0.414","0.353","0.008","0.008","0.293","0.293","0.165","0.489","0.000000000000000","1"
Bogal,Bounkiling,Sédhiou,Senegal,senegal,"0.001000000000000","104289","98364.975999999995111","106.022000000000006","1","32.634854771784234","5.000000000000000","0.307","0.071","0.058","0.701","0.164","0.006","0.017","0.388","0.367","0.290","0.436","0.000000000000000","1"
Diaroumé,Bounkiling,Sédhiou,Senegal,senegal,"0.011000000000000","56832","98022.845000000001164","57.978000000000002","1","33.439999999999998","1.000000000000000","0.540","0.010","0.000","0.920","0.020","0.000","0.010","0.310","0.140","0.140","0.380","0.000000000000000","0"
Simbandi Brassou,Goudomp,Sédhiou,Senegal,senegal,"0.007000000000000","58166","55364.618999999998778","105.060000000000002","1","36.795774647887320","2.000000000000000","0.352","0.085","0.042","0.690","0.141","0.014","0.077","0.423","0.570","0.514","0.331","0.000000000000000","1"
Djibanar,Goudomp,Sédhiou,Senegal,senegal,"0.012000000000000","98146","73620.029999999998836","133.313999999999993","1","33.052910052910050","5.000000000000000","0.196","0.119","0.108","0.447","0.333","0.008","0.032","0.415","0.516","0.378","0.444","0.000000000000000","1"
Diendé,Sédhiou,Sédhiou,Senegal,senegal,"0.070000000000000","101354","141558.622000000003027","71.599000000000004","1","33.077894736842104","2.000000000000000","0.286","0.067","0.097","0.425","0.333","0.032","0.029","0.383","0.476","0.328","0.442","3.000000000000000","0"
Djibabouya,Sédhiou,Sédhiou,Senegal,senegal,"0.010000000000000","48571","65907.612999999997555","73.695999999999998","1","32.026737967914436","5.000000000000000","0.187","0.064","0.112","0.551","0.316","0.016","0.064","0.465","0.513","0.390","0.449","0.000000000000000","0"
Djirédji,Sédhiou,Sédhiou,Senegal,senegal,"0.047000000000000","43370","66174.017000000007101","65.539000000000001","1","32.059701492537314","2.000000000000000","0.672","0.075","0.030","0.582","0.269","0.000","0.030","0.373","0.582","0.582","0.507","0.000000000000000","0"
Kéniéba,Bakel,Tambacounda,Senegal,senegal,"0.000000000000000","65714","461882.228999999992084","14.227000000000000","1","32.029629629629632","1.000000000000000","0.252","0.089","0.015","0.607","0.207","0.067","0.000","0.556","0.563","0.252","0.467","0.000000000000000","1"
Moudéri,Bakel,Tambacounda,Senegal,senegal,"0.069000000000000","107562","136415.290000000008149","78.849000000000004","1","33.176470588235297","1.000000000000000","0.314","0.018","0.029","0.706","0.156","0.009","0.005","0.421","0.391","0.299","0.421","2.000000000000000","1"
Bellé,Bakel,Tambacounda,Senegal,senegal,"0.086000000000000","52312","160008.924999999988358","32.692999999999998","1","31.038461538461540","1.000000000000000","0.038","0.019","0.038","0.519","0.231","0.038","0.019","0.462","0.423","0.288","0.615","3.000000000000000","1"
Koutiaba Wolof,Koumpentoum,Tambacounda,Senegal,senegal,"0.000000000000000","107524","470836.684000000008382","22.837000000000000","1","33.269938650306749","1.000000000000000","0.356","0.012","0.006","0.920","0.000","0.000","0.043","0.546","0.466","0.454","0.503","0.000000000000000","0"
Bamba Tialène,Koumpentoum,Tambacounda,Senegal,senegal,"0.000000000000000","109742","198562.073000000003958","55.268000000000001","1","33.408602150537632","1.000000000000000","0.247","0.048","0.022","0.726","0.108","0.011","0.022","0.441","0.452","0.349","0.441","0.000000000000000","1"
Missira,Tambacounda,Tambacounda,Senegal,senegal,"0.000000000000000","108091","851493.662999999942258","12.694000000000001","1","31.282051282051281","2.000000000000000","0.150","0.051","0.043","0.735","0.124","0.004","0.021","0.440","0.372","0.299","0.453","0.000000000000000","1"
Makacoutibantang,Tambacounda,Tambacounda,Senegal,senegal,"0.043000000000000","81552","176912.803000000014435","46.097000000000001","1","31.225352112676056","1.000000000000000","0.155","0.000","0.120","0.732","0.155","0.007","0.035","0.352","0.401","0.401","0.380","0.000000000000000","1"
Koussanar,Tambacounda,Tambacounda,Senegal,senegal,"0.149000000000000","219707","296476.157000000006519","74.105999999999995","1","32.330845771144276","2.000000000000000","0.114","0.077","0.104","0.562","0.249","0.031","0.009","0.412","0.444","0.257","0.474","11.000000000000000","0"
Séssène,Mbour,Thiès,Senegal,senegal,"0.019000000000000","200377","68989.709000000002561","290.444999999999993","2","35.328125000000000","2.000000000000000","0.255","0.073","0.047","0.573","0.245","0.016","0.167","0.396","0.526","0.240","0.464","0.000000000000000","1"
Sindia,Mbour,Thiès,Senegal,senegal,"0.230000000000000","625292","67220.426000000006752","930.211000000000013","3","32.108072916666664","4.000000000000000","0.034","0.120","0.103","0.365","0.336","0.031","0.030","0.346","0.549","0.249","0.438","29.000000000000000","1"
Fissel,Mbour,Thiès,Senegal,senegal,"0.020000000000000","109635","47367.586000000002969","231.455999999999989","2","34.426035502958577","2.000000000000000","0.325","0.041","0.036","0.615","0.219","0.006","0.059","0.450","0.432","0.308","0.485","0.000000000000000","0"
Keur Moussa,Thiès,Thiès,Senegal,senegal,"0.262000000000000","607604","57732.027999999998428","1052.455999999999904","3","33.119894598155469","2.000000000000000","0.034","0.145","0.096","0.344","0.381","0.043","0.041","0.391","0.530","0.245","0.422","23.000000000000000","1"
Thiénaba,Thiès,Thiès,Senegal,senegal,"0.020000000000000","188721","54368.313999999998487","347.115999999999985","2","32.718592964824118","1.000000000000000","0.206","0.080","0.095","0.688","0.176","0.005","0.015","0.412","0.437","0.332","0.392","0.000000000000000","0"
Noto,Thiès,Thiès,Senegal,senegal,"0.061000000000000","82861","51317.122000000003027","161.468999999999994","2","38.774999999999999","1.000000000000000","0.125","0.150","0.025","0.500","0.300","0.000","0.025","0.550","0.625","0.275","0.475","0.000000000000000","0"
Niakhène,Tivaouane,Thiès,Senegal,senegal,"0.002000000000000","69626","75512.336999999999534","92.204999999999998","1","33.214285714285715","1.000000000000000","0.238","0.063","0.024","0.921","0.056","0.000","0.024","0.484","0.365","0.341","0.310","0.000000000000000","0"
Pambal,Tivaouane,Thiès,Senegal,senegal,"0.125000000000000","226430","65757.365000000005239","344.341999999999985","2","35.615044247787608","5.000000000000000","0.181","0.075","0.071","0.566","0.270","0.013","0.004","0.429","0.429","0.226","0.469","3.000000000000000","1"
Méouane,Tivaouane,Thiès,Senegal,senegal,"0.097000000000000","228167","108119.209000000002561","211.032999999999987","2","32.840000000000003","2.000000000000000","0.144","0.104","0.120","0.656","0.204","0.012","0.000","0.392","0.508","0.324","0.436","4.000000000000000","1"
Mérina Dakhar,Tivaouane,Thiès,Senegal,senegal,"0.006000000000000","124966","70646.990000000005239","176.888000000000005","2","37.350000000000001","1.000000000000000","0.225","0.075","0.125","0.850","0.000","0.000","0.000","0.575","0.475","0.400","0.275","0.000000000000000","0"
Kataba 1,Bignona,Ziguinchor,Senegal,senegal,"0.001000000000000","101275","187512.062999999994645","54.009999999999998","1","32.192878338278931","2.000000000000000","0.128","0.101","0.101","0.329","0.398","0.024","0.101","0.374","0.522","0.359","0.448","0.000000000000000","1"
Tanghori,Bignona,Ziguinchor,Senegal,senegal,"0.083000000000000","100006","108109.793000000005122","92.504000000000005","1","33.759999999999998","2.000000000000000","0.109","0.023","0.034","0.389","0.303","0.017","0.017","0.491","0.297","0.177","0.514","2.000000000000000","0"
Tendouck,Bignona,Ziguinchor,Senegal,senegal,"0.008000000000000","41601","90269.861000000018976","46.085000000000001","1","31.570469798657719","2.000000000000000","0.121","0.054","0.094","0.248","0.470","0.054","0.040","0.295","0.369","0.255","0.477","0.000000000000000","0"
Sindian,Bignona,Ziguinchor,Senegal,senegal,"0.003000000000000","44618","146249.437000000005355","30.507999999999999","1","31.743243243243246","2.000000000000000","0.027","0.068","0.135","0.189","0.568","0.027","0.041","0.392","0.405","0.257","0.486","0.000000000000000","1"
Loudia Wolof,Oussouye,Ziguinchor,Senegal,senegal,"0.043000000000000","25624","47872.366999999998370","53.526000000000003","1","32.666666666666664","3.000000000000000","0.444","0.074","0.074","0.222","0.481","0.074","0.074","0.296","0.444","0.296","0.519","0.000000000000000","0"
Cabrousse,Oussouye,Ziguinchor,Senegal,senegal,"0.013000000000000","28943","40530.186999999998079","71.411000000000001","1","33.934210526315788","3.000000000000000","0.132","0.026","0.145","0.197","0.579","0.026","0.053","0.461","0.579","0.276","0.513","1.000000000000000","1"
Niaguis,Ziguinchor,Ziguinchor,Senegal,senegal,"0.166000000000000","264955","68825.442999999999302","384.966999999999985","2","32.171611868484362","4.000000000000000","0.022","0.094","0.100","0.192","0.509","0.082","0.021","0.300","0.471","0.225","0.503","13.000000000000000","1"
Niassia,Ziguinchor,Ziguinchor,Senegal,senegal,"0.015000000000000","10546","43812.612000000000990","24.071000000000002","1","33.432432432432435","2.000000000000000","0.000","0.108","0.027","0.135","0.622","0.000","0.000","0.243","0.405","0.270","0.405","0.000000000000000","1"
Kloto 3,Kloto,Plateaux,Togo,togo,"0.059000000000000","11433","10040.000000000000000","113.875000000000000","1","36.190476190476190","3.000000000000000","0.619","0.000","0.143","0.143","0.476","0.000","0.095","0.667","0.810","0.762","0.381","0.000000000000000","1"
Danyi 2,Danyi,Plateaux,Togo,togo,"0.003000000000000","14420","24200.000000000000000","59.587000000000003","1","38.913043478260867","2.000000000000000","0.870","0.043","0.000","0.174","0.435","0.000","0.000","0.739","0.696","0.696","0.348","0.000000000000000","1"
Assoli 3,Assoli,Kara,Togo,togo,"0.026000000000000","16044","20670.000000000000000","77.620000000000005","1","37.246153846153845","5.000000000000000","0.462","0.169","0.031","0.585","0.231","0.031","0.046","0.385","0.492","0.462","0.462","0.000000000000000","1"
Kloto 2,Kloto,Plateaux,Togo,togo,"0.034000000000000","16166","15230.000000000000000","106.146000000000001","1","38.569230769230771","2.000000000000000","0.600","0.046","0.046","0.185","0.446","0.031","0.031","0.415","0.708","0.692","0.477","0.000000000000000","1"
Bassar 4,Bassar,Kara,Togo,togo,"0.040000000000000","16657","46890.000000000000000","35.524000000000001","1","36.807228915662648","5.000000000000000","0.614","0.048","0.181","0.458","0.289","0.012","0.024","0.265","0.530","0.518","0.458","0.000000000000000","0"
Amou 1,Amou,Plateaux,Togo,togo,"0.010000000000000","19746","21570.000000000000000","91.543999999999997","1","38.481481481481481","2.000000000000000","0.481","0.000","0.148","0.222","0.333","0.000","0.000","0.333","0.519","0.444","0.444","0.000000000000000","0"
Tchaoudjo 4,Tchaoudjo,Centrale,Togo,togo,"0.021000000000000","20279","39190.000000000000000","51.744999999999997","1","39.011235955056179","5.000000000000000","0.461","0.045","0.213","0.517","0.247","0.011","0.067","0.337","0.719","0.685","0.461","0.000000000000000","1"
Kozah 4,Kozah,Kara,Togo,togo,"0.072000000000000","20654","30880.000000000000000","66.885000000000005","1","36.079999999999998","4.000000000000000","0.320","0.080","0.120","0.080","0.640","0.000","0.000","0.320","0.680","0.480","0.440","0.000000000000000","0"
Mô 2,Plaine du Mo,Centrale,Togo,togo,"0.001000000000000","21926","38150.000000000000000","57.472999999999999","1","35.030303030303031","3.000000000000000","0.485","0.030","0.061","0.470","0.258","0.000","0.000","0.515","0.636","0.576","0.561","0.000000000000000","1"
Kozah 3,Kozah,Kara,Togo,togo,"0.088000000000000","23755","26100.000000000000000","91.015000000000001","1","37.526881720430104","5.000000000000000","0.323","0.011","0.247","0.194","0.495","0.022","0.022","0.452","0.677","0.613","0.495","0.000000000000000","1"
Vo 2,Vo,Maritime,Togo,togo,"0.191000000000000","24396","10960.000000000000000","222.591000000000008","2","34.799999999999997","5.000000000000000","0.600","0.050","0.100","0.500","0.250","0.000","0.050","0.600","0.850","0.800","0.500","0.000000000000000","0"
Tchaoudjo 2,Tchaoudjo,Centrale,Togo,togo,"0.047000000000000","24891","46990.000000000000000","52.970999999999997","1","33.928571428571431","5.000000000000000","0.429","0.000","0.179","0.179","0.429","0.000","0.036","0.679","0.643","0.571","0.429","0.000000000000000","0"
Danyi 1,Danyi,Plateaux,Togo,togo,"0.005000000000000","25820","15420.000000000000000","167.444999999999993","2","41.649999999999999","5.000000000000000","0.600","0.100","0.000","0.100","0.500","0.000","0.000","0.200","0.600","0.550","0.450","0.000000000000000","1"
Agou 2,Agou,Plateaux,Togo,togo,"0.019000000000000","27465","50630.000000000000000","54.246000000000002","1","41.523809523809526","2.000000000000000","0.571","0.095","0.048","0.286","0.286","0.000","0.048","0.571","0.810","0.810","0.524","0.000000000000000","1"
Kpélé 2,Kpele,Plateaux,Togo,togo,"0.004000000000000","27664","34830.000000000000000","79.426000000000002","1","34.666666666666664","5.000000000000000","0.200","0.033","0.167","0.067","0.533","0.033","0.000","0.233","0.667","0.467","0.567","0.000000000000000","0"
Sotouboua 3,Sotouboua,Centrale,Togo,togo,"0.049000000000000","27770","69160.000000000000000","40.152999999999999","1","36.437500000000000","5.000000000000000","0.625","0.021","0.146","0.292","0.333","0.000","0.000","0.521","0.583","0.583","0.438","0.000000000000000","1"
Doufelgou 3,Doufelgou,Kara,Togo,togo,"0.031000000000000","28262","38810.000000000000000","72.820999999999998","1","38.296296296296298","3.000000000000000","0.556","0.037","0.074","0.630","0.111","0.000","0.000","0.296","0.667","0.630","0.481","0.000000000000000","0"
Zio 4,Zio,Maritime,Togo,togo,"0.022000000000000","28704","37350.000000000000000","76.850999999999999","1","38.764705882352942","5.000000000000000","0.647","0.000","0.176","0.118","0.471","0.000","0.000","0.647","0.588","0.588","0.529","0.000000000000000","0"
Akébou 2,Akebou,Plateaux,Togo,togo,"0.003000000000000","29634","62240.000000000000000","47.612000000000002","1","33.354838709677416","5.000000000000000","0.710","0.000","0.032","0.258","0.339","0.000","0.000","0.581","0.548","0.532","0.500","0.000000000000000","0"
Wawa 3,Wawa,Plateaux,Togo,togo,"0.009000000000000","29699","45070.000000000000000","65.894999999999996","1","38.857142857142854","5.000000000000000","0.333","0.119","0.071","0.071","0.571","0.000","0.000","0.500","0.571","0.595","0.571","0.000000000000000","0"
Mô 1,Plaine du Mo,Centrale,Togo,togo,"0.002000000000000","30522","87440.000000000000000","34.905999999999999","1","32.878787878787875","3.000000000000000","1.000","0.000","0.000","0.515","0.424","0.000","0.000","0.424","0.364","0.364","0.485","0.000000000000000","1"
Dankpen 2,Dankpen,Kara,Togo,togo,"0.010000000000000","32716","49420.000000000000000","66.200000000000003","1","34.033333333333331","4.000000000000000","0.983","0.000","0.000","0.717","0.067","0.000","0.000","0.300","0.350","0.333","0.383","0.000000000000000","0"
Bassar 3,Bassar,Kara,Togo,togo,"0.069000000000000","33873","46220.000000000000000","73.286000000000001","1","35.107142857142854","3.000000000000000","0.964","0.000","0.000","0.643","0.107","0.000","0.000","0.286","0.286","0.286","0.393","1.000000000000000","0"
Est-Mono 1,Est-Mono,Plateaux,Togo,togo,"0.011000000000000","34652","45250.000000000000000","76.578999999999994","1","32.192307692307693","5.000000000000000","0.769","0.000","0.038","0.538","0.269","0.000","0.000","0.346","0.500","0.500","0.462","0.000000000000000","1"
Avé 2,Ave,Maritime,Togo,togo,"0.000000000000000","36170","24130.000000000000000","149.895999999999987","1","32.303030303030305","5.000000000000000","0.197","0.152","0.121","0.212","0.439","0.030","0.000","0.576","0.758","0.455","0.439","0.000000000000000","1"
Bassar 2,Bassar,Kara,Togo,togo,"0.011000000000000","36476","62080.000000000000000","58.756000000000000","1","36.051724137931032","5.000000000000000","0.707","0.017","0.155","0.526","0.164","0.000","0.000","0.534","0.578","0.534","0.457","0.000000000000000","1"
Lacs 4,Lacs,Maritime,Togo,togo,"0.127000000000000","37222","4832.000000000000000","770.322999999999979","3","36.102941176470587","5.000000000000000","0.353","0.147","0.118","0.324","0.382","0.000","0.000","0.456","0.632","0.574","0.456","0.000000000000000","0"
Bas-Mono 2,Bas-Mono,Maritime,Togo,togo,"0.044000000000000","39478","16280.000000000000000","242.494000000000000","2","34.333333333333336","5.000000000000000","0.284","0.186","0.108","0.294","0.461","0.000","0.000","0.392","0.578","0.529","0.412","0.000000000000000","1"
Bas-Mono 2,Bas-Mono,Maritime,Togo,togo,"0.044000000000000","39478","16280.000000000000000","242.494000000000000","2","34.333333333333336","5.000000000000000","0.284","0.186","0.108","0.294","0.461","0.000","0.000","0.392","0.578","0.529","0.412","0.000000000000000","1"
Amou 2,Amou,Plateaux,Togo,togo,"0.005000000000000","40016","50570.000000000000000","79.129999999999995","1","37.734375000000000","5.000000000000000","0.813","0.031","0.031","0.203","0.422","0.000","0.000","0.484","0.719","0.719","0.500","0.000000000000000","0"
Binah 2,Binah,Kara,Togo,togo,"0.154000000000000","40160","14370.000000000000000","279.471000000000004","2","33.323076923076925","5.000000000000000","0.338","0.077","0.169","0.369","0.385","0.046","0.000","0.508","0.708","0.508","0.477","1.000000000000000","1"
Assoli 1,Assoli,Kara,Togo,togo,"0.085000000000000","40417","47740.000000000000000","84.661000000000001","1","35.886597938144327","3.000000000000000","0.340","0.144","0.124","0.412","0.423","0.010","0.010","0.351","0.495","0.474","0.474","1.000000000000000","0"
Kpendjal 2,Kpendjal,Savanes,Togo,togo,"0.003000000000000","40462","63100.000000000000000","64.123999999999995","1","38.928571428571431","3.000000000000000","0.964","0.000","0.000","0.750","0.000","0.000","0.000","0.464","0.429","0.464","0.536","0.000000000000000","0"
Lacs 2,Lacs,Maritime,Togo,togo,"0.052000000000000","42855","22420.000000000000000","191.145999999999987","2","36.865671641791046","5.000000000000000","0.090","0.224","0.224","0.254","0.433","0.000","0.000","0.403","0.687","0.522","0.358","0.000000000000000","1"
Yoto 2,Yoto,Maritime,Togo,togo,"0.025000000000000","43412","42260.000000000000000","102.725999999999999","1","35.957446808510639","5.000000000000000","0.255","0.255","0.149","0.319","0.383","0.000","0.000","0.319","0.532","0.426","0.362","0.000000000000000","0"
Moyen-Mono 2,Moyen-Mono,Plateaux,Togo,togo,"0.001000000000000","43708","18970.000000000000000","230.406000000000006","2","34.729166666666664","5.000000000000000","0.625","0.021","0.125","0.583","0.188","0.000","0.000","0.333","0.563","0.542","0.354","0.000000000000000","1"
Haho 4,Haho,Plateaux,Togo,togo,"0.009000000000000","43965","60710.000000000000000","72.418000000000006","1","32.904761904761905","5.000000000000000","0.714","0.048","0.238","0.381","0.095","0.000","0.000","0.810","0.762","0.762","0.524","0.000000000000000","0"
Binah 1,Binah,Kara,Togo,togo,"0.112000000000000","44039","39100.000000000000000","112.632000000000005","1","36.250000000000000","5.000000000000000","0.442","0.045","0.179","0.186","0.404","0.045","0.000","0.487","0.609","0.558","0.545","1.000000000000000","1"
Akébou 1,Akebou,Plateaux,Togo,togo,"0.004000000000000","44196","50790.000000000000000","87.016999999999996","1","40.688888888888890","5.000000000000000","0.889","0.000","0.044","0.311","0.289","0.000","0.000","0.533","0.756","0.711","0.489","0.000000000000000","1"
Oti-Sud 2,Oti-Sud,Savanes,Togo,togo,"0.007000000000000","44324","91030.000000000000000","48.692000000000000","1","31.909722222222221","5.000000000000000","0.819","0.014","0.014","0.618","0.215","0.000","0.000","0.396","0.382","0.375","0.444","0.000000000000000","1"
Kéran 1,Keran,Kara,Togo,togo,"0.063000000000000","75382","120710.000000000000000","62.448999999999998","1","32.092592592592595","5.000000000000000","0.546","0.083","0.157","0.306","0.454","0.046","0.000","0.343","0.500","0.380","0.500","1.000000000000000","1"
Doufelgou 1,Doufelgou,Kara,Togo,togo,"0.135000000000000","44783","54780.000000000000000","81.751000000000005","1","36.099722991689752","5.000000000000000","0.443","0.072","0.166","0.191","0.465","0.039","0.003","0.440","0.601","0.510","0.460","2.000000000000000","1"
Blitta 3,Blitta,Centrale,Togo,togo,"0.003000000000000","45218","158900.000000000000000","28.457000000000001","1","35.627027027027026","5.000000000000000","0.562","0.086","0.081","0.292","0.449","0.005","0.022","0.486","0.638","0.508","0.486","0.000000000000000","1"
Kozah 2,Kozah,Kara,Togo,togo,"0.182000000000000","45704","29780.000000000000000","153.472000000000008","2","33.422222222222224","5.000000000000000","0.311","0.052","0.185","0.119","0.578","0.074","0.015","0.481","0.607","0.519","0.489","2.000000000000000","0"
Vo 4,Vo,Maritime,Togo,togo,"0.143000000000000","46499","22600.000000000000000","205.747999999999990","2","35.619047619047620","5.000000000000000","0.429","0.000","0.095","0.429","0.333","0.000","0.000","0.571","0.667","0.667","0.429","0.000000000000000","0"
Blitta 2,Blitta,Centrale,Togo,togo,"0.010000000000000","46515","81720.000000000000000","56.920000000000002","1","34.175438596491226","5.000000000000000","0.614","0.035","0.070","0.404","0.298","0.018","0.000","0.386","0.614","0.614","0.491","0.000000000000000","0"
Moyen-Mono 1,Moyen-Mono,Plateaux,Togo,togo,"0.006000000000000","46797","40490.000000000000000","115.576999999999998","1","35.494845360824741","5.000000000000000","0.402","0.062","0.062","0.443","0.289","0.000","0.000","0.330","0.608","0.588","0.412","0.000000000000000","1"
Sotouboua 1,Sotouboua,Centrale,Togo,togo,"0.142000000000000","46907","80600.000000000000000","58.197000000000003","1","33.907692307692308","5.000000000000000","0.154","0.185","0.154","0.138","0.631","0.015","0.000","0.538","0.677","0.415","0.446","4.000000000000000","0"
Agoè-Nyivé 3,Agoe-Nyive,Maritime,Togo,togo,"0.763000000000000","47554","404.000000000000000","11770.791999999999462","3","33.706422018348626","5.000000000000000","0.000","0.174","0.110","0.092","0.495","0.229","0.000","0.450","0.596","0.312","0.440","0.000000000000000","0"
Kpendjal 1,Kpendjal,Savanes,Togo,togo,"0.000000000000000","47903","75380.000000000000000","63.548999999999999","1","33.723404255319146","5.000000000000000","0.766","0.014","0.043","0.553","0.199","0.000","0.000","0.532","0.461","0.404","0.482","0.000000000000000","1"
Tône 2,Tone,Savanes,Togo,togo,"0.027000000000000","50179","20820.000000000000000","241.013000000000005","2","35.592592592592595","3.000000000000000","0.852","0.000","0.074","0.704","0.259","0.000","0.000","0.519","0.556","0.519","0.407","0.000000000000000","1"
Wawa 1,Wawa,Plateaux,Togo,togo,"0.059000000000000","51187","39050.000000000000000","131.080999999999989","1","33.548022598870055","5.000000000000000","0.367","0.096","0.085","0.107","0.542","0.011","0.000","0.390","0.616","0.475","0.452","1.000000000000000","1"
Ogou 3,Ogou,Plateaux,Togo,togo,"0.009000000000000","51836","45550.000000000000000","113.799999999999997","1","32.579545454545453","5.000000000000000","0.625","0.045","0.057","0.307","0.341","0.000","0.000","0.477","0.511","0.489","0.466","0.000000000000000","0"
Golfe 3,Lome Commune,Maritime,Togo,togo,"0.989000000000000","52769","1668.000000000000000","3163.608999999999924","3","35.093117408906885","5.000000000000000","0.000","0.275","0.101","0.158","0.571","0.081","0.000","0.409","0.636","0.352","0.417","16.000000000000000","0"
Cinkassé 2,Cinkasse,Savanes,Togo,togo,"0.018000000000000","52967","19660.000000000000000","269.415000000000020","2","34.914893617021278","5.000000000000000","0.426","0.021","0.053","0.649","0.191","0.000","0.000","0.372","0.521","0.447","0.436","0.000000000000000","1"
Lacs 1,Lacs,Maritime,Togo,togo,"0.260000000000000","52994","5357.000000000000000","989.248000000000047","3","34.983739837398375","5.000000000000000","0.024","0.268","0.081","0.220","0.496","0.016","0.008","0.358","0.650","0.504","0.447","9.000000000000000","1"
Tchamba 3,Tchamba,Centrale,Togo,togo,"0.001000000000000","53204","50230.000000000000000","105.921000000000006","1","34.088235294117645","3.000000000000000","0.282","0.088","0.100","0.476","0.276","0.006","0.012","0.424","0.565","0.488","0.435","0.000000000000000","1"
Kpélé 1,Kpele,Plateaux,Togo,togo,"0.012000000000000","53275","58200.000000000000000","91.537999999999997","1","34.750000000000000","5.000000000000000","0.583","0.042","0.083","0.333","0.292","0.000","0.042","0.417","0.667","0.542","0.583","0.000000000000000","0"
Kéran 2,Keran,Kara,Togo,togo,"0.010000000000000","53305","75940.000000000000000","70.194000000000003","1","32.695431472081218","5.000000000000000","0.858","0.000","0.015","0.528","0.208","0.000","0.000","0.431","0.376","0.371","0.457","0.000000000000000","0"
Yoto 3,Yoto,Maritime,Togo,togo,"0.005000000000000","54086","40890.000000000000000","132.271999999999991","1","35.962499999999999","5.000000000000000","0.688","0.100","0.050","0.400","0.350","0.000","0.013","0.375","0.688","0.613","0.463","0.000000000000000","1"
Amou 3,Amou,Plateaux,Togo,togo,"0.033000000000000","54410","108600.000000000000000","50.100999999999999","1","38.018518518518519","5.000000000000000","0.630","0.056","0.074","0.204","0.426","0.000","0.000","0.444","0.648","0.574","0.444","0.000000000000000","0"
Amou 3,Amou,Plateaux,Togo,togo,"0.033000000000000","54410","108600.000000000000000","50.100999999999999","1","38.018518518518519","5.000000000000000","0.630","0.056","0.074","0.204","0.426","0.000","0.000","0.444","0.648","0.574","0.444","0.000000000000000","0"
Oti 1,Oti,Savanes,Togo,togo,"0.094000000000000","54479","53660.000000000000000","101.525999999999996","1","33.475000000000001","3.000000000000000","0.344","0.100","0.044","0.463","0.313","0.013","0.000","0.406","0.488","0.400","0.431","2.000000000000000","1"
Bas-Mono 1,Bas-Mono,Maritime,Togo,togo,"0.030000000000000","55382","16460.000000000000000","336.463999999999999","2","33.531791907514453","5.000000000000000","0.341","0.121","0.098","0.254","0.405","0.012","0.000","0.451","0.694","0.520","0.422","0.000000000000000","1"
Ogou 2,Ogou,Plateaux,Togo,togo,"0.026000000000000","56282","65180.000000000000000","86.349000000000004","1","28.164556962025316","5.000000000000000","0.215","0.038","0.342","0.519","0.215","0.000","0.114","0.405","0.570","0.494","0.468","0.000000000000000","0"
Kpendjal-Ouest 1,Naki-Ouest,Savanes,Togo,togo,"0.019000000000000","56459","41080.000000000000000","137.437000000000012","1","37.243902439024389","5.000000000000000","0.748","0.016","0.073","0.659","0.163","0.000","0.000","0.496","0.480","0.439","0.431","0.000000000000000","0"
Agou 1,Agou,Plateaux,Togo,togo,"0.039000000000000","58328","57820.000000000000000","100.879000000000005","1","37.366666666666667","5.000000000000000","0.600","0.033","0.000","0.111","0.567","0.011","0.033","0.467","0.722","0.667","0.489","0.000000000000000","0"
Haho 3,Haho,Plateaux,Togo,togo,"0.020000000000000","58695","59810.000000000000000","98.135999999999996","1","34.878048780487802","5.000000000000000","0.549","0.061","0.061","0.402","0.305","0.000","0.000","0.415","0.537","0.488","0.537","0.000000000000000","0"
Tône 3,Tone,Savanes,Togo,togo,"0.023000000000000","60276","26550.000000000000000","227.027999999999992","2","32.545454545454547","3.000000000000000","0.312","0.000","0.000","0.740","0.143","0.000","0.000","0.286","0.273","0.260","0.442","0.000000000000000","1"
Tandjouaré 2,Tandjoare,Savanes,Togo,togo,"0.012000000000000","64175","50230.000000000000000","127.762000000000000","1","35.258620689655174","5.000000000000000","0.776","0.017","0.034","0.560","0.224","0.009","0.000","0.397","0.379","0.345","0.397","0.000000000000000","1"
Sotouboua 2,Sotouboua,Centrale,Togo,togo,"0.022000000000000","64187","165600.000000000000000","38.759999999999998","1","36.482300884955755","5.000000000000000","0.389","0.071","0.128","0.381","0.323","0.000","0.031","0.531","0.602","0.478","0.469","0.000000000000000","0"
Vo 3,Vo,Maritime,Togo,togo,"0.061000000000000","64651","19620.000000000000000","329.516000000000020","2","32.854961832061072","5.000000000000000","0.405","0.122","0.084","0.313","0.351","0.000","0.000","0.336","0.649","0.588","0.443","0.000000000000000","0"
Tchamba 2,Tchamba,Centrale,Togo,togo,"0.000000000000000","64930","147200.000000000000000","44.109999999999999","1","35.644970414201183","5.000000000000000","0.337","0.071","0.047","0.361","0.325","0.006","0.000","0.343","0.544","0.473","0.485","0.000000000000000","0"
Bassar 1,Bassar,Kara,Togo,togo,"0.123000000000000","65059","187300.000000000000000","34.734999999999999","1","36.698275862068968","5.000000000000000","0.405","0.138","0.172","0.431","0.328","0.009","0.017","0.491","0.612","0.534","0.448","3.000000000000000","0"
Tône 4,Tone,Savanes,Togo,togo,"0.047000000000000","66577","27890.000000000000000","238.712999999999994","2","34.788018433179722","5.000000000000000","0.585","0.014","0.074","0.668","0.184","0.005","0.005","0.350","0.452","0.350","0.452","0.000000000000000","1"
Kpendjal-Ouest 2,Naki-Ouest,Savanes,Togo,togo,"0.014000000000000","66871","36270.000000000000000","184.370000000000005","2","34.818681318681321","5.000000000000000","0.780","0.000","0.038","0.643","0.176","0.005","0.000","0.407","0.467","0.379","0.489","0.000000000000000","1"
Zio 3,Zio,Maritime,Togo,togo,"0.023000000000000","67843","66320.000000000000000","102.296000000000006","1","35.850931677018636","5.000000000000000","0.590","0.043","0.087","0.224","0.311","0.006","0.025","0.410","0.528","0.460","0.472","0.000000000000000","0"
Oti 2,Oti,Savanes,Togo,togo,"0.010000000000000","70369","98750.000000000000000","71.260000000000005","1","36.012500000000003","5.000000000000000","0.756","0.006","0.038","0.588","0.213","0.000","0.006","0.494","0.475","0.463","0.419","0.000000000000000","1"
Blitta 1,Blitta,Centrale,Togo,togo,"0.066000000000000","71539","72190.000000000000000","99.097999999999999","1","33.506276150627613","5.000000000000000","0.490","0.054","0.059","0.184","0.469","0.013","0.025","0.393","0.590","0.531","0.444","1.000000000000000","0"
Tandjouaré 1,Tandjoare,Savanes,Togo,togo,"0.013000000000000","74692","44390.000000000000000","168.263000000000005","2","34.638709677419357","5.000000000000000","0.706","0.016","0.065","0.503","0.303","0.003","0.000","0.377","0.435","0.397","0.455","0.000000000000000","1"
Avé 1,Ave,Maritime,Togo,togo,"0.012000000000000","75044","76490.000000000000000","98.109999999999999","1","36.552631578947370","5.000000000000000","0.487","0.118","0.118","0.211","0.408","0.013","0.000","0.539","0.697","0.579","0.421","0.000000000000000","1"
Cinkassé 1,Cinkasse,Savanes,Togo,togo,"0.220000000000000","75992","8512.000000000000000","892.763000000000034","3","31.475247524752476","3.000000000000000","0.104","0.074","0.089","0.624","0.139","0.000","0.015","0.396","0.495","0.267","0.455","13.000000000000000","1"
Dankpen 1,Dankpen,Kara,Togo,togo,"0.094000000000000","76294","85440.000000000000000","89.295000000000002","1","33.372641509433961","5.000000000000000","0.646","0.057","0.061","0.656","0.193","0.038","0.066","0.443","0.491","0.425","0.439","2.000000000000000","1"
Dankpen 3,Dankpen,Kara,Togo,togo,"0.001000000000000","76652","114800.000000000000000","66.769999999999996","1","33.971153846153847","5.000000000000000","0.952","0.000","0.000","0.692","0.183","0.000","0.000","0.394","0.317","0.317","0.413","0.000000000000000","1"
Yoto 1,Yoto,Maritime,Togo,togo,"0.119000000000000","77353","42640.000000000000000","181.408999999999992","2","30.653333333333332","5.000000000000000","0.267","0.213","0.120","0.147","0.467","0.013","0.000","0.547","0.733","0.573","0.440","3.000000000000000","1"
Anié 2,Anie,Plateaux,Togo,togo,"0.011000000000000","79413","136100.000000000000000","58.348999999999997","1","32.345323741007192","5.000000000000000","0.460","0.065","0.072","0.403","0.273","0.007","0.029","0.273","0.482","0.403","0.468","0.000000000000000","1"
Tchamba 1,Tchamba,Centrale,Togo,togo,"0.065000000000000","82451","119300.000000000000000","69.111999999999995","1","35.477777777777774","3.000000000000000","0.167","0.133","0.067","0.489","0.311","0.000","0.078","0.422","0.544","0.500","0.489","1.000000000000000","1"
Haho 2,Haho,Plateaux,Togo,togo,"0.064000000000000","82507","82130.000000000000000","100.459000000000003","1","34.320000000000000","5.000000000000000","0.667","0.080","0.067","0.533","0.147","0.000","0.013","0.267","0.573","0.533","0.493","1.000000000000000","1"
Vo 1,Vo,Maritime,Togo,togo,"0.222000000000000","88865","22360.000000000000000","397.427999999999997","2","35.462686567164177","3.000000000000000","0.284","0.164","0.075","0.373","0.388","0.030","0.000","0.239","0.612","0.478","0.433","3.000000000000000","0"
Zio 2,Zio,Maritime,Togo,togo,"0.178000000000000","96193","22980.000000000000000","418.593999999999994","2","32.149999999999999","5.000000000000000","0.233","0.250","0.083","0.200","0.450","0.000","0.000","0.500","0.667","0.517","0.383","0.000000000000000","0"
Anié 1,Anie,Plateaux,Togo,togo,"0.139000000000000","100745","60530.000000000000000","166.437999999999988","2","33.666666666666664","5.000000000000000","0.261","0.126","0.116","0.285","0.483","0.010","0.010","0.449","0.541","0.430","0.449","3.000000000000000","0"
Oti-Sud 1,Oti-Sud,Savanes,Togo,togo,"0.005000000000000","106052","146600.000000000000000","72.340999999999994","1","33.929577464788736","5.000000000000000","0.754","0.014","0.021","0.676","0.169","0.000","0.014","0.465","0.479","0.465","0.465","0.000000000000000","1"
Lacs 3,Lacs,Maritime,Togo,togo,"0.211000000000000","108176","6155.000000000000000","1757.529999999999973","3","32.108108108108105","3.000000000000000","0.000","0.189","0.081","0.162","0.595","0.000","0.000","0.351","0.541","0.324","0.432","0.000000000000000","1"
Agoè-Nyivé 6,Agoe-Nyive,Maritime,Togo,togo,"0.424000000000000","110194","4433.000000000000000","2485.766000000000076","3","31.244444444444444","2.000000000000000","0.000","0.311","0.067","0.044","0.689","0.133","0.000","0.356","0.578","0.356","0.511","0.000000000000000","0"
Ogou 1,Ogou,Plateaux,Togo,togo,"0.217000000000000","116301","39230.000000000000000","296.459000000000003","2","33.405797101449274","5.000000000000000","0.093","0.214","0.139","0.188","0.545","0.035","0.006","0.499","0.614","0.452","0.452","10.000000000000000","0"
Kloto 1,Kloto,Plateaux,Togo,togo,"0.220000000000000","118387","25530.000000000000000","463.716999999999985","2","36.366906474820141","5.000000000000000","0.281","0.101","0.108","0.165","0.583","0.014","0.029","0.475","0.647","0.525","0.432","12.000000000000000","1"
Haho 1,Haho,Plateaux,Togo,togo,"0.121000000000000","119929","102500.000000000000000","117.004000000000005","1","34.843511450381676","5.000000000000000","0.439","0.126","0.084","0.340","0.340","0.027","0.000","0.393","0.538","0.462","0.431","3.000000000000000","0"
Agoè-Nyivé 5,Agoe-Nyive,Maritime,Togo,togo,"0.474000000000000","125097","2198.000000000000000","5691.400999999999840","3","32.202247191011239","5.000000000000000","0.000","0.112","0.326","0.157","0.472","0.112","0.000","0.382","0.685","0.360","0.427","0.000000000000000","0"
Golfe 2,Lome Commune,Maritime,Togo,togo,"1.000000000000000","136153","1557.000000000000000","8744.573000000000320","3","34.200704225352112","5.000000000000000","0.000","0.236","0.116","0.081","0.514","0.246","0.000","0.377","0.658","0.324","0.532","12.000000000000000","0"
Agoè-Nyivé 4,Agoe-Nyive,Maritime,Togo,togo,"0.675000000000000","154431","2608.000000000000000","5921.434000000000196","3","34.111111111111114","5.000000000000000","0.079","0.206","0.079","0.206","0.365","0.079","0.000","0.286","0.587","0.302","0.381","2.000000000000000","0"
Golfe 4,Lome Commune,Maritime,Togo,togo,"0.887000000000000","155842","1679.000000000000000","9281.834000000000742","3","35.240793201133144","5.000000000000000","0.088","0.212","0.108","0.125","0.612","0.082","0.000","0.397","0.652","0.374","0.439","49.000000000000000","1"
Golfe 5,Lome Commune,Maritime,Togo,togo,"0.936000000000000","169993","2138.000000000000000","7951.029000000000451","3","32.246305418719210","5.000000000000000","0.005","0.197","0.113","0.069","0.537","0.256","0.005","0.305","0.571","0.291","0.493","36.000000000000000","1"
Tchaoudjo 1,Tchaoudjo,Centrale,Togo,togo,"0.209000000000000","177706","106300.000000000000000","167.174000000000007","2","33.873214285714283","5.000000000000000","0.116","0.180","0.113","0.243","0.488","0.050","0.011","0.404","0.550","0.434","0.475","10.000000000000000","0"
Golfe 6,Golfe,Maritime,Togo,togo,"0.552000000000000","181561","4081.000000000000000","4448.934000000000196","3","33.520491803278688","5.000000000000000","0.029","0.201","0.148","0.131","0.500","0.090","0.000","0.406","0.668","0.373","0.467","5.000000000000000","1"
Kozah 1,Kozah,Kara,Togo,togo,"0.286000000000000","193625","21680.000000000000000","893.104000000000042","3","33.347826086956523","5.000000000000000","0.176","0.103","0.193","0.123","0.600","0.097","0.009","0.353","0.647","0.473","0.450","13.000000000000000","0"
Tône 1,Tone,Savanes,Togo,togo,"0.188000000000000","211743","45740.000000000000000","462.927000000000021","2","32.824447334200258","5.000000000000000","0.231","0.107","0.122","0.308","0.471","0.030","0.000","0.456","0.524","0.343","0.453","8.000000000000000","1"
Golfe 7,Golfe,Maritime,Togo,togo,"0.578000000000000","257813","4437.000000000000000","5810.524999999999636","3","35.502645502645500","5.000000000000000","0.000","0.254","0.111","0.079","0.587","0.153","0.005","0.429","0.709","0.413","0.513","1.000000000000000","1"
Zio 1,Zio,Maritime,Togo,togo,"0.273000000000000","307292","89700.000000000000000","342.576999999999998","2","33.974293059125962","5.000000000000000","0.057","0.237","0.123","0.129","0.563","0.026","0.003","0.460","0.681","0.455","0.452","3.000000000000000","0"
Agoè-Nyivé 1,Agoe-Nyive,Maritime,Togo,togo,"0.861000000000000","317255","4661.000000000000000","6806.587000000000444","3","33.064814814814817","5.000000000000000","0.004","0.196","0.137","0.117","0.539","0.189","0.002","0.367","0.631","0.283","0.448","10.000000000000000","0"
Golfe 1,Lome Commune,Maritime,Togo,togo,"0.261000000000000","351550","5926.000000000000000","5932.332000000000335","3","32.991869918699187","5.000000000000000","0.008","0.239","0.163","0.128","0.566","0.124","0.003","0.450","0.691","0.397","0.483","20.000000000000000","1"
Est-Mono 3,Est-Mono,Plateaux,Togo,togo,"0.018000000000000","27942","38470.000000000000000","72.632999999999996","1","33.200000000000003","5.000000000000000","0.633","0.000","0.167","0.233","0.100","0.000","0.000","0.267","0.733","0.733","0.433","0.000000000000000","0"
Kéran 3,Kéran,Kara,Togo,togo,"0.017000000000000","30983","39470.000000000000000","78.498000000000005","1","35.441558441558442","5.000000000000000","0.844","0.026","0.026","0.623","0.104","0.000","0.013","0.481","0.584","0.558","0.403","0.000000000000000","1"
Est-Mono 2,Est-Mono,Plateaux,Togo,togo,"0.001000000000000","129808","214670.000000000000000","60.469000000000001","1","32.738219895287955","5.000000000000000","0.408","0.084","0.105","0.377","0.298","0.026","0.000","0.325","0.539","0.476","0.482","0.000000000000000","1"
