{
"type": "FeatureCollection",
"name": "burkina",
"crs": { "type": "name", "properties": { "name": "urn:ogc:def:crs:OGC:1.3:CRS84" } },
"features": [
{ "type": "Feature", "properties": { "ADM0_FR": "Burkina Faso" }, "geometry": { "type": "MultiLineString", "coordinates": [ [ [ -0.5761, 15.0826 ], [ -0.5667, 15.0825 ], [ -0.5574, 15.0825 ], [ -0.5484, 15.0826 ], [ -0.5388, 15.0823 ], [ -0.5295, 15.0821 ], [ -0.5279, 15.0822 ], [ -0.5203, 15.0825 ], [ -0.5111, 15.0824 ], [ -0.5018, 15.0823 ], [ -0.4924, 15.0825 ], [ -0.4829, 15.0824 ], [ -0.4792, 15.0824 ], [ -0.4784, 15.0824 ], [ -0.473, 15.0824 ], [ -0.4639, 15.0825 ], [ -0.4551, 15.0824 ], [ -0.4455, 15.0827 ], [ -0.4438, 15.0828 ], [ -0.4437, 15.0828 ], [ -0.4417, 15.0775 ], [ -0.4405, 15.0743 ], [ -0.4373, 15.0658 ], [ -0.4342, 15.0573 ], [ -0.431, 15.0488 ], [ -0.4278, 15.0404 ], [ -0.4246, 15.0319 ], [ -0.4214, 15.0234 ], [ -0.4183, 15.0149 ], [ -0.4151, 15.0064 ], [ -0.4058, 15.0064 ], [ -0.3965, 15.0064 ], [ -0.3911, 15.0064 ], [ -0.3901, 15.0064 ], [ -0.3894, 15.0064 ], [ -0.3886, 15.0068 ], [ -0.3812, 15.0105 ], [ -0.3729, 15.0146 ], [ -0.3646, 15.0188 ], [ -0.3564, 15.0229 ], [ -0.3481, 15.027 ], [ -0.3398, 15.0311 ], [ -0.3315, 15.0353 ], [ -0.3233, 15.0394 ], [ -0.315, 15.0435 ], [ -0.3122, 15.0449 ], [ -0.3067, 15.0476 ], [ -0.3011, 15.0504 ], [ -0.2985, 15.0517 ], [ -0.2902, 15.0559 ], [ -0.2819, 15.06 ], [ -0.2737, 15.0641 ], [ -0.2654, 15.0682 ], [ -0.2571, 15.0723 ], [ -0.2462, 15.0778 ], [ -0.2023, 15.063 ], [ -0.2, 15.0622 ], [ -0.1584, 15.0483 ], [ -0.1145, 15.0335 ], [ -0.0742, 15.0199 ], [ -0.0706, 15.0187 ], [ -0.0267, 15.004 ], [ -0.0057, 14.9969 ], [ -0.0013, 14.9954 ], [ 0.0, 14.995 ], [ 0.0172, 14.9892 ], [ 0.0259, 14.9862 ], [ 0.0347, 14.9833 ], [ 0.0435, 14.9803 ], [ 0.0523, 14.9773 ], [ 0.061, 14.9744 ], [ 0.0672, 14.9723 ], [ 0.0862, 14.9659 ], [ 0.1049, 14.9596 ], [ 0.1174, 14.9553 ], [ 0.147, 14.9454 ], [ 0.1488, 14.9448 ], [ 0.1556, 14.9425 ], [ 0.1679, 14.9383 ], [ 0.1751, 14.9359 ], [ 0.1788, 14.9346 ], [ 0.1838, 14.9329 ], [ 0.1865, 14.932 ], [ 0.1926, 14.93 ], [ 0.1941, 14.9295 ], [ 0.1981, 14.9281 ], [ 0.1986, 14.9279 ], [ 0.2269, 14.9184 ], [ 0.2325, 14.9165 ], [ 0.2343, 14.9159 ], [ 0.236, 14.9153 ], [ 0.2384, 14.9145 ], [ 0.2434, 14.9128 ], [ 0.2393, 14.9084 ], [ 0.2356, 14.9045 ], [ 0.2333, 14.902 ], [ 0.2318, 14.9003 ], [ 0.2299, 14.8983 ], [ 0.2209, 14.8887 ], [ 0.2184, 14.8861 ], [ 0.2111, 14.879 ], [ 0.2057, 14.8738 ], [ 0.1903, 14.859 ], [ 0.1884, 14.8571 ], [ 0.1883, 14.857 ], [ 0.1766, 14.8458 ], [ 0.2346, 14.7536 ], [ 0.236, 14.7514 ], [ 0.2356, 14.7508 ], [ 0.2348, 14.7492 ], [ 0.2263, 14.7336 ], [ 0.1711, 14.6318 ], [ 0.1617, 14.5335 ], [ 0.1733, 14.5074 ], [ 0.1898, 14.4701 ], [ 0.1913, 14.4667 ], [ 0.1956, 14.4571 ], [ 0.2, 14.4471 ], [ 0.2138, 14.4161 ], [ 0.2144, 14.4148 ], [ 0.2184, 14.406 ], [ 0.2287, 14.3835 ], [ 0.2685, 14.2967 ], [ 0.2727, 14.2876 ], [ 0.2916, 14.2463 ], [ 0.2934, 14.2424 ], [ 0.2941, 14.2408 ], [ 0.2949, 14.2392 ], [ 0.2955, 14.2379 ], [ 0.2971, 14.2343 ], [ 0.2985, 14.2313 ], [ 0.304, 14.2193 ], [ 0.31, 14.2062 ], [ 0.3785, 14.0569 ], [ 0.3789, 14.0561 ], [ 0.3811, 14.0513 ], [ 0.3818, 14.0451 ], [ 0.3836, 14.0427 ], [ 0.3861, 14.041 ], [ 0.3877, 14.04 ], [ 0.3933, 14.0366 ], [ 0.4067, 14.0308 ], [ 0.4084, 14.0301 ], [ 0.4105, 14.0278 ], [ 0.4106, 14.02 ], [ 0.4107, 14.0173 ], [ 0.4108, 14.0147 ], [ 0.411, 14.0119 ], [ 0.4113, 14.0093 ], [ 0.4124, 14.0068 ], [ 0.4133, 14.004 ], [ 0.4145, 14.0019 ], [ 0.416, 14.0 ], [ 0.4228, 13.9919 ], [ 0.4256, 13.989 ], [ 0.428, 13.9859 ], [ 0.43, 13.983 ], [ 0.4301, 13.9829 ], [ 0.435, 13.9774 ], [ 0.4379, 13.9744 ], [ 0.4398, 13.9713 ], [ 0.4417, 13.9685 ], [ 0.4417, 13.9684 ], [ 0.4425, 13.9684 ], [ 0.4455, 13.9682 ], [ 0.448, 13.9652 ], [ 0.4474, 13.9635 ], [ 0.4462, 13.962 ], [ 0.4452, 13.9582 ], [ 0.4444, 13.9552 ], [ 0.4432, 13.9527 ], [ 0.443, 13.9512 ], [ 0.4456, 13.95 ], [ 0.4459, 13.9499 ], [ 0.4473, 13.9505 ], [ 0.4487, 13.9519 ], [ 0.4489, 13.953 ], [ 0.4493, 13.9553 ], [ 0.4512, 13.9567 ], [ 0.4548, 13.9586 ], [ 0.4582, 13.9577 ], [ 0.4597, 13.9571 ], [ 0.4618, 13.9563 ], [ 0.4623, 13.956 ], [ 0.4653, 13.9538 ], [ 0.4682, 13.9516 ], [ 0.4703, 13.9489 ], [ 0.4731, 13.946 ], [ 0.4752, 13.9427 ], [ 0.4749, 13.9396 ], [ 0.473, 13.9363 ], [ 0.4721, 13.933 ], [ 0.4714, 13.9296 ], [ 0.4711, 13.9261 ], [ 0.4717, 13.9196 ], [ 0.4723, 13.9188 ], [ 0.473, 13.9178 ], [ 0.4734, 13.9173 ], [ 0.4742, 13.9159 ], [ 0.4754, 13.9146 ], [ 0.4767, 13.9133 ], [ 0.4778, 13.9113 ], [ 0.4785, 13.9094 ], [ 0.4789, 13.9079 ], [ 0.4796, 13.9069 ], [ 0.4806, 13.9059 ], [ 0.4824, 13.9049 ], [ 0.4838, 13.904 ], [ 0.4849, 13.9033 ], [ 0.4863, 13.9024 ], [ 0.4872, 13.9019 ], [ 0.488, 13.901 ], [ 0.4881, 13.9009 ], [ 0.4889, 13.9001 ], [ 0.4901, 13.8981 ], [ 0.4914, 13.8963 ], [ 0.4918, 13.8958 ], [ 0.4944, 13.8942 ], [ 0.495, 13.8941 ], [ 0.4968, 13.8937 ], [ 0.4984, 13.8927 ], [ 0.5, 13.8921 ], [ 0.5008, 13.8918 ], [ 0.5026, 13.8876 ], [ 0.5118, 13.8787 ], [ 0.514, 13.8758 ], [ 0.5152, 13.8722 ], [ 0.5165, 13.8689 ], [ 0.5198, 13.868 ], [ 0.5201, 13.868 ], [ 0.5214, 13.8662 ], [ 0.5217, 13.8659 ], [ 0.527, 13.8586 ], [ 0.5273, 13.8582 ], [ 0.5304, 13.854 ], [ 0.5313, 13.8528 ], [ 0.5347, 13.8481 ], [ 0.5385, 13.8456 ], [ 0.5432, 13.8439 ], [ 0.5472, 13.8412 ], [ 0.5502, 13.8383 ], [ 0.5535, 13.8351 ], [ 0.5568, 13.8313 ], [ 0.5606, 13.8281 ], [ 0.564, 13.8258 ], [ 0.5682, 13.8233 ], [ 0.5717, 13.8212 ], [ 0.5752, 13.818 ], [ 0.5752, 13.8178 ], [ 0.577, 13.8152 ], [ 0.5779, 13.8138 ], [ 0.5782, 13.8133 ], [ 0.5831, 13.8061 ], [ 0.5995, 13.7818 ], [ 0.6039, 13.78 ], [ 0.6087, 13.7796 ], [ 0.6138, 13.7788 ], [ 0.6189, 13.778 ], [ 0.6228, 13.7756 ], [ 0.6271, 13.7737 ], [ 0.6275, 13.7706 ], [ 0.6271, 13.7701 ], [ 0.627, 13.7699 ], [ 0.6253, 13.7675 ], [ 0.6241, 13.7654 ], [ 0.6234, 13.7643 ], [ 0.6214, 13.761 ], [ 0.6198, 13.7574 ], [ 0.6166, 13.7559 ], [ 0.6162, 13.7557 ], [ 0.6149, 13.7538 ], [ 0.6148, 13.7535 ], [ 0.6138, 13.7525 ], [ 0.6133, 13.7525 ], [ 0.6114, 13.7523 ], [ 0.6113, 13.7517 ], [ 0.6108, 13.7502 ], [ 0.6104, 13.7491 ], [ 0.6105, 13.7467 ], [ 0.6103, 13.7456 ], [ 0.6089, 13.7445 ], [ 0.6088, 13.7427 ], [ 0.6088, 13.7422 ], [ 0.6086, 13.7398 ], [ 0.6085, 13.7387 ], [ 0.6078, 13.7359 ], [ 0.6078, 13.7357 ], [ 0.609, 13.7309 ], [ 0.6091, 13.7303 ], [ 0.6095, 13.7278 ], [ 0.6107, 13.7248 ], [ 0.6124, 13.7203 ], [ 0.6137, 13.7171 ], [ 0.6145, 13.7138 ], [ 0.6153, 13.7104 ], [ 0.6155, 13.7094 ], [ 0.6163, 13.7065 ], [ 0.6186, 13.7032 ], [ 0.6198, 13.7001 ], [ 0.6213, 13.6984 ], [ 0.6233, 13.6976 ], [ 0.6265, 13.6965 ], [ 0.6283, 13.6953 ], [ 0.6313, 13.6928 ], [ 0.6342, 13.6908 ], [ 0.6361, 13.6896 ], [ 0.6378, 13.6883 ], [ 0.6391, 13.6876 ], [ 0.6406, 13.6868 ], [ 0.6414, 13.6853 ], [ 0.6434, 13.6838 ], [ 0.6447, 13.6831 ], [ 0.6458, 13.6825 ], [ 0.6485, 13.6821 ], [ 0.6868, 13.6847 ], [ 0.7036, 13.6857 ], [ 0.7353, 13.6875 ], [ 0.7693, 13.6903 ], [ 0.7726, 13.6896 ], [ 0.7945, 13.6727 ], [ 0.8037, 13.6664 ], [ 0.7888, 13.6532 ], [ 0.7921, 13.645 ], [ 0.7959, 13.633 ], [ 0.7965, 13.6313 ], [ 0.7996, 13.6303 ], [ 0.8335, 13.6192 ], [ 0.8349, 13.6192 ], [ 0.8378, 13.6193 ], [ 0.8491, 13.6241 ], [ 0.8507, 13.6247 ], [ 0.891, 13.6197 ], [ 0.9075, 13.6172 ], [ 0.9107, 13.6159 ], [ 0.9112, 13.6155 ], [ 0.9129, 13.6144 ], [ 0.9369, 13.599 ], [ 0.9662, 13.5809 ], [ 0.9699, 13.5791 ], [ 0.9737, 13.5791 ], [ 0.9824, 13.5786 ], [ 0.992, 13.5774 ], [ 0.9942, 13.5764 ], [ 0.9962, 13.5737 ], [ 0.9974, 13.5708 ], [ 0.9988, 13.5673 ], [ 0.9991, 13.5668 ], [ 1.0, 13.5653 ], [ 1.0005, 13.5643 ], [ 1.0012, 13.5619 ], [ 1.0018, 13.5594 ], [ 1.003, 13.554 ], [ 1.0056, 13.5491 ], [ 1.0073, 13.5464 ], [ 1.009, 13.5441 ], [ 1.0101, 13.5417 ], [ 1.0114, 13.5363 ], [ 1.0057, 13.5236 ], [ 1.0038, 13.5212 ], [ 1.0047, 13.5188 ], [ 1.0055, 13.5161 ], [ 1.0065, 13.5137 ], [ 1.008, 13.5105 ], [ 1.0082, 13.5005 ], [ 1.0092, 13.4924 ], [ 1.0102, 13.4894 ], [ 1.0125, 13.4887 ], [ 1.0284, 13.4842 ], [ 1.0341, 13.4849 ], [ 1.0356, 13.4846 ], [ 1.0369, 13.4844 ], [ 1.0394, 13.4831 ], [ 1.0592, 13.4637 ], [ 1.0636, 13.463 ], [ 1.0684, 13.4622 ], [ 1.0784, 13.4606 ], [ 1.0811, 13.4612 ], [ 1.0841, 13.4613 ], [ 1.0869, 13.4604 ], [ 1.0891, 13.4585 ], [ 1.103, 13.4452 ], [ 1.107, 13.4414 ], [ 1.1092, 13.4394 ], [ 1.121, 13.4282 ], [ 1.1345, 13.4144 ], [ 1.1373, 13.4132 ], [ 1.1388, 13.4133 ], [ 1.1543, 13.4137 ], [ 1.1549, 13.4134 ], [ 1.17, 13.4047 ], [ 1.1729, 13.4031 ], [ 1.1751, 13.4021 ], [ 1.1774, 13.4015 ], [ 1.1801, 13.4008 ], [ 1.1804, 13.4007 ], [ 1.1945, 13.3958 ], [ 1.1984, 13.3945 ], [ 1.2122, 13.3907 ], [ 1.2137, 13.3906 ], [ 1.2151, 13.3905 ], [ 1.2282, 13.3915 ], [ 1.2292, 13.3916 ], [ 1.2382, 13.3923 ], [ 1.2394, 13.392 ], [ 1.2403, 13.3918 ], [ 1.2412, 13.3915 ], [ 1.2438, 13.3905 ], [ 1.2444, 13.39 ], [ 1.2459, 13.3884 ], [ 1.248, 13.3868 ], [ 1.2499, 13.3847 ], [ 1.2519, 13.3831 ], [ 1.2542, 13.3811 ], [ 1.2559, 13.3789 ], [ 1.2582, 13.3768 ], [ 1.2602, 13.3751 ], [ 1.2622, 13.3732 ], [ 1.2642, 13.3713 ], [ 1.2662, 13.3696 ], [ 1.2692, 13.3671 ], [ 1.2799, 13.3585 ], [ 1.2813, 13.3571 ], [ 1.2821, 13.3563 ], [ 1.2837, 13.3554 ], [ 1.2851, 13.3546 ], [ 1.284, 13.3544 ], [ 1.2833, 13.3544 ], [ 1.2829, 13.3547 ], [ 1.2824, 13.3545 ], [ 1.2821, 13.3542 ], [ 1.282, 13.354 ], [ 1.2819, 13.3538 ], [ 1.282, 13.3534 ], [ 1.2822, 13.353 ], [ 1.2824, 13.353 ], [ 1.2825, 13.353 ], [ 1.2827, 13.3529 ], [ 1.2831, 13.353 ], [ 1.2835, 13.3531 ], [ 1.2837, 13.3529 ], [ 1.2839, 13.3527 ], [ 1.2841, 13.3524 ], [ 1.2841, 13.352 ], [ 1.2839, 13.3517 ], [ 1.2836, 13.3515 ], [ 1.2828, 13.3511 ], [ 1.2826, 13.351 ], [ 1.2824, 13.351 ], [ 1.282, 13.3509 ], [ 1.2815, 13.3509 ], [ 1.2811, 13.3507 ], [ 1.2807, 13.3506 ], [ 1.2803, 13.3504 ], [ 1.2799, 13.3503 ], [ 1.2794, 13.3503 ], [ 1.279, 13.3503 ], [ 1.2786, 13.3504 ], [ 1.2782, 13.3506 ], [ 1.2778, 13.3508 ], [ 1.2773, 13.3508 ], [ 1.2769, 13.3508 ], [ 1.2765, 13.3505 ], [ 1.276, 13.3501 ], [ 1.2753, 13.3494 ], [ 1.2752, 13.3489 ], [ 1.2751, 13.3488 ], [ 1.2749, 13.3486 ], [ 1.2747, 13.3482 ], [ 1.2744, 13.348 ], [ 1.2738, 13.3473 ], [ 1.2732, 13.3472 ], [ 1.2729, 13.347 ], [ 1.2724, 13.3468 ], [ 1.2718, 13.3466 ], [ 1.2711, 13.3461 ], [ 1.2709, 13.3458 ], [ 1.2706, 13.3453 ], [ 1.2702, 13.345 ], [ 1.2699, 13.3449 ], [ 1.2694, 13.3446 ], [ 1.269, 13.3446 ], [ 1.2686, 13.3446 ], [ 1.2681, 13.3447 ], [ 1.2677, 13.3447 ], [ 1.2672, 13.3448 ], [ 1.2668, 13.3448 ], [ 1.2663, 13.3448 ], [ 1.2662, 13.3449 ], [ 1.2659, 13.3449 ], [ 1.2655, 13.3449 ], [ 1.2649, 13.345 ], [ 1.2644, 13.3449 ], [ 1.2638, 13.3447 ], [ 1.2637, 13.3446 ], [ 1.2636, 13.3444 ], [ 1.2633, 13.3441 ], [ 1.2631, 13.3439 ], [ 1.263, 13.3438 ], [ 1.2628, 13.3434 ], [ 1.2628, 13.343 ], [ 1.2626, 13.3426 ], [ 1.2623, 13.3423 ], [ 1.2619, 13.342 ], [ 1.2616, 13.3418 ], [ 1.2613, 13.3415 ], [ 1.2608, 13.3413 ], [ 1.2603, 13.3412 ], [ 1.2599, 13.3412 ], [ 1.2594, 13.3411 ], [ 1.259, 13.3408 ], [ 1.2586, 13.3406 ], [ 1.2583, 13.3403 ], [ 1.2581, 13.34 ], [ 1.2577, 13.3397 ], [ 1.2573, 13.3395 ], [ 1.257, 13.3395 ], [ 1.2568, 13.3395 ], [ 1.2564, 13.3396 ], [ 1.256, 13.3398 ], [ 1.2555, 13.34 ], [ 1.2551, 13.3401 ], [ 1.255, 13.3401 ], [ 1.2546, 13.3402 ], [ 1.2541, 13.3403 ], [ 1.2535, 13.3403 ], [ 1.2531, 13.3404 ], [ 1.2527, 13.3407 ], [ 1.2523, 13.3407 ], [ 1.252, 13.3404 ], [ 1.2518, 13.34 ], [ 1.2517, 13.3396 ], [ 1.2516, 13.3392 ], [ 1.2515, 13.3388 ], [ 1.2513, 13.3388 ], [ 1.251, 13.3388 ], [ 1.2506, 13.3391 ], [ 1.2502, 13.3392 ], [ 1.2498, 13.3394 ], [ 1.2494, 13.3394 ], [ 1.2493, 13.3394 ], [ 1.2489, 13.3393 ], [ 1.2488, 13.3393 ], [ 1.2485, 13.3392 ], [ 1.248, 13.3392 ], [ 1.2476, 13.3392 ], [ 1.2472, 13.3394 ], [ 1.2467, 13.3394 ], [ 1.2464, 13.3393 ], [ 1.246, 13.3391 ], [ 1.2456, 13.339 ], [ 1.2455, 13.3389 ], [ 1.2452, 13.3387 ], [ 1.2448, 13.3387 ], [ 1.2443, 13.3386 ], [ 1.2439, 13.3387 ], [ 1.2434, 13.3388 ], [ 1.2429, 13.3389 ], [ 1.2427, 13.3389 ], [ 1.2425, 13.3389 ], [ 1.242, 13.339 ], [ 1.2416, 13.3391 ], [ 1.2415, 13.3391 ], [ 1.2412, 13.3393 ], [ 1.2408, 13.3396 ], [ 1.2405, 13.3399 ], [ 1.2404, 13.3403 ], [ 1.2404, 13.3405 ], [ 1.2404, 13.3407 ], [ 1.2404, 13.3411 ], [ 1.2404, 13.3416 ], [ 1.2405, 13.3419 ], [ 1.2406, 13.3423 ], [ 1.2406, 13.3424 ], [ 1.2407, 13.3427 ], [ 1.2409, 13.3432 ], [ 1.2411, 13.3436 ], [ 1.2413, 13.344 ], [ 1.2415, 13.3445 ], [ 1.2415, 13.3449 ], [ 1.2412, 13.3453 ], [ 1.2409, 13.3455 ], [ 1.2406, 13.3458 ], [ 1.2402, 13.346 ], [ 1.2399, 13.3457 ], [ 1.2395, 13.3454 ], [ 1.2392, 13.3452 ], [ 1.2388, 13.3449 ], [ 1.2387, 13.3448 ], [ 1.2384, 13.3447 ], [ 1.238, 13.3444 ], [ 1.2378, 13.3441 ], [ 1.2376, 13.3441 ], [ 1.2374, 13.3441 ], [ 1.2372, 13.3441 ], [ 1.237, 13.3442 ], [ 1.2365, 13.3444 ], [ 1.2364, 13.3448 ], [ 1.2364, 13.3452 ], [ 1.2365, 13.3457 ], [ 1.2365, 13.3459 ], [ 1.2365, 13.3461 ], [ 1.2365, 13.3462 ], [ 1.2363, 13.3464 ], [ 1.2361, 13.3469 ], [ 1.2359, 13.3473 ], [ 1.2357, 13.3477 ], [ 1.2354, 13.3479 ], [ 1.2352, 13.3482 ], [ 1.2351, 13.3482 ], [ 1.2349, 13.3485 ], [ 1.2346, 13.3489 ], [ 1.2343, 13.3493 ], [ 1.234, 13.3495 ], [ 1.2335, 13.3498 ], [ 1.233, 13.3499 ], [ 1.2326, 13.35 ], [ 1.2324, 13.3503 ], [ 1.2321, 13.3507 ], [ 1.2318, 13.351 ], [ 1.2316, 13.3514 ], [ 1.2314, 13.3519 ], [ 1.2313, 13.3523 ], [ 1.2313, 13.3527 ], [ 1.2312, 13.3531 ], [ 1.2311, 13.3535 ], [ 1.2309, 13.3539 ], [ 1.2307, 13.3543 ], [ 1.2304, 13.3547 ], [ 1.2301, 13.355 ], [ 1.2299, 13.3554 ], [ 1.2297, 13.3559 ], [ 1.2296, 13.356 ], [ 1.2295, 13.3562 ], [ 1.2291, 13.3565 ], [ 1.2289, 13.3567 ], [ 1.2288, 13.3567 ], [ 1.2284, 13.3569 ], [ 1.228, 13.3572 ], [ 1.2277, 13.3575 ], [ 1.2275, 13.358 ], [ 1.2273, 13.3585 ], [ 1.2273, 13.3589 ], [ 1.2274, 13.3594 ], [ 1.2274, 13.3599 ], [ 1.2274, 13.3603 ], [ 1.2274, 13.3607 ], [ 1.2275, 13.3611 ], [ 1.2275, 13.3615 ], [ 1.2275, 13.362 ], [ 1.2274, 13.3624 ], [ 1.2273, 13.3628 ], [ 1.2273, 13.3633 ], [ 1.2273, 13.3637 ], [ 1.2273, 13.3641 ], [ 1.2274, 13.3645 ], [ 1.2274, 13.3649 ], [ 1.2274, 13.3654 ], [ 1.2274, 13.366 ], [ 1.2275, 13.3664 ], [ 1.2276, 13.3668 ], [ 1.2277, 13.3672 ], [ 1.2277, 13.3673 ], [ 1.2276, 13.3677 ], [ 1.2276, 13.3681 ], [ 1.2276, 13.3685 ], [ 1.2276, 13.369 ], [ 1.2274, 13.3694 ], [ 1.2273, 13.3697 ], [ 1.2272, 13.3702 ], [ 1.2269, 13.3707 ], [ 1.2265, 13.371 ], [ 1.226, 13.3712 ], [ 1.2256, 13.3713 ], [ 1.2252, 13.3712 ], [ 1.225, 13.371 ], [ 1.2249, 13.3709 ], [ 1.2245, 13.3707 ], [ 1.2241, 13.3709 ], [ 1.2238, 13.3712 ], [ 1.2234, 13.3716 ], [ 1.2233, 13.372 ], [ 1.2232, 13.3724 ], [ 1.2232, 13.3729 ], [ 1.2231, 13.3733 ], [ 1.2231, 13.3734 ], [ 1.2229, 13.3736 ], [ 1.2227, 13.3737 ], [ 1.2225, 13.3737 ], [ 1.2221, 13.3739 ], [ 1.2218, 13.3741 ], [ 1.2214, 13.3745 ], [ 1.2212, 13.3748 ], [ 1.2209, 13.3751 ], [ 1.2208, 13.3755 ], [ 1.2207, 13.3759 ], [ 1.2205, 13.3764 ], [ 1.2205, 13.3765 ], [ 1.2205, 13.3768 ], [ 1.2204, 13.3772 ], [ 1.2203, 13.3776 ], [ 1.2202, 13.378 ], [ 1.2199, 13.3783 ], [ 1.2198, 13.3784 ], [ 1.2197, 13.3786 ], [ 1.2193, 13.3789 ], [ 1.2189, 13.3791 ], [ 1.2185, 13.3792 ], [ 1.2181, 13.3792 ], [ 1.2178, 13.379 ], [ 1.2179, 13.3785 ], [ 1.2178, 13.3781 ], [ 1.2174, 13.3778 ], [ 1.217, 13.3778 ], [ 1.2167, 13.378 ], [ 1.2163, 13.3781 ], [ 1.2159, 13.3784 ], [ 1.2157, 13.3787 ], [ 1.2153, 13.379 ], [ 1.215, 13.3793 ], [ 1.2146, 13.3796 ], [ 1.2142, 13.3798 ], [ 1.2139, 13.38 ], [ 1.2134, 13.3801 ], [ 1.213, 13.3803 ], [ 1.2126, 13.3803 ], [ 1.2122, 13.3803 ], [ 1.2117, 13.3803 ], [ 1.2116, 13.3802 ], [ 1.2113, 13.3801 ], [ 1.2111, 13.3798 ], [ 1.2109, 13.3793 ], [ 1.2108, 13.3788 ], [ 1.2106, 13.3784 ], [ 1.2104, 13.378 ], [ 1.2102, 13.3777 ], [ 1.2099, 13.3774 ], [ 1.2095, 13.3772 ], [ 1.2093, 13.3769 ], [ 1.209, 13.3766 ], [ 1.2088, 13.3762 ], [ 1.2086, 13.3759 ], [ 1.2082, 13.3756 ], [ 1.2081, 13.3757 ], [ 1.2078, 13.3757 ], [ 1.2074, 13.3756 ], [ 1.207, 13.3756 ], [ 1.2066, 13.3758 ], [ 1.2062, 13.376 ], [ 1.2058, 13.3761 ], [ 1.2054, 13.3762 ], [ 1.2053, 13.3763 ], [ 1.205, 13.3764 ], [ 1.2046, 13.3763 ], [ 1.2043, 13.376 ], [ 1.2041, 13.3757 ], [ 1.2038, 13.3753 ], [ 1.2036, 13.3749 ], [ 1.2036, 13.3744 ], [ 1.2037, 13.3739 ], [ 1.2037, 13.3735 ], [ 1.2038, 13.3731 ], [ 1.2041, 13.3726 ], [ 1.2043, 13.3723 ], [ 1.2047, 13.3719 ], [ 1.2051, 13.3717 ], [ 1.2054, 13.3715 ], [ 1.2058, 13.3712 ], [ 1.2059, 13.3709 ], [ 1.2061, 13.3705 ], [ 1.2062, 13.3701 ], [ 1.2063, 13.3697 ], [ 1.2064, 13.3691 ], [ 1.2064, 13.3687 ], [ 1.2064, 13.3683 ], [ 1.2064, 13.3679 ], [ 1.2063, 13.3674 ], [ 1.2062, 13.367 ], [ 1.2061, 13.3666 ], [ 1.206, 13.3662 ], [ 1.2059, 13.3658 ], [ 1.2058, 13.3657 ], [ 1.2058, 13.3654 ], [ 1.2057, 13.365 ], [ 1.2056, 13.3646 ], [ 1.2056, 13.3643 ], [ 1.2056, 13.364 ], [ 1.2056, 13.3636 ], [ 1.2057, 13.3632 ], [ 1.2059, 13.3628 ], [ 1.2061, 13.3624 ], [ 1.2061, 13.3623 ], [ 1.2062, 13.3619 ], [ 1.2063, 13.3615 ], [ 1.2064, 13.3611 ], [ 1.2064, 13.3606 ], [ 1.2064, 13.3602 ], [ 1.2064, 13.3598 ], [ 1.2064, 13.3597 ], [ 1.2064, 13.3593 ], [ 1.2064, 13.3589 ], [ 1.2066, 13.3585 ], [ 1.2066, 13.3579 ], [ 1.2066, 13.3575 ], [ 1.2066, 13.357 ], [ 1.2065, 13.3566 ], [ 1.2065, 13.3562 ], [ 1.2065, 13.3558 ], [ 1.2065, 13.3553 ], [ 1.2065, 13.3549 ], [ 1.2064, 13.3545 ], [ 1.2064, 13.354 ], [ 1.2064, 13.3535 ], [ 1.2063, 13.353 ], [ 1.2063, 13.3526 ], [ 1.2064, 13.3522 ], [ 1.2064, 13.3518 ], [ 1.2064, 13.3513 ], [ 1.2065, 13.3509 ], [ 1.2065, 13.3508 ], [ 1.2064, 13.3504 ], [ 1.2064, 13.35 ], [ 1.2064, 13.3496 ], [ 1.2064, 13.3492 ], [ 1.2064, 13.3487 ], [ 1.2064, 13.3483 ], [ 1.2064, 13.3479 ], [ 1.2064, 13.3474 ], [ 1.2062, 13.347 ], [ 1.206, 13.3467 ], [ 1.2055, 13.3465 ], [ 1.2051, 13.3464 ], [ 1.2047, 13.3463 ], [ 1.2042, 13.3462 ], [ 1.2038, 13.3462 ], [ 1.2034, 13.3464 ], [ 1.203, 13.3463 ], [ 1.2026, 13.3462 ], [ 1.2025, 13.3461 ], [ 1.2022, 13.3459 ], [ 1.202, 13.3455 ], [ 1.2017, 13.3452 ], [ 1.2015, 13.3448 ], [ 1.2015, 13.3444 ], [ 1.2016, 13.344 ], [ 1.2019, 13.3437 ], [ 1.2023, 13.3434 ], [ 1.2026, 13.3431 ], [ 1.2031, 13.3429 ], [ 1.2035, 13.3426 ], [ 1.2036, 13.3422 ], [ 1.2038, 13.3418 ], [ 1.204, 13.3414 ], [ 1.204, 13.3409 ], [ 1.2038, 13.3405 ], [ 1.2037, 13.3401 ], [ 1.2037, 13.3397 ], [ 1.2036, 13.3393 ], [ 1.2036, 13.3388 ], [ 1.2035, 13.3383 ], [ 1.2034, 13.3379 ], [ 1.2031, 13.3377 ], [ 1.2029, 13.3376 ], [ 1.2028, 13.3373 ], [ 1.2031, 13.3369 ], [ 1.2034, 13.3366 ], [ 1.2037, 13.3363 ], [ 1.2037, 13.3358 ], [ 1.2037, 13.3354 ], [ 1.2035, 13.335 ], [ 1.2034, 13.3346 ], [ 1.2033, 13.3341 ], [ 1.2033, 13.3337 ], [ 1.2033, 13.3333 ], [ 1.2031, 13.3329 ], [ 1.2028, 13.3326 ], [ 1.2025, 13.3323 ], [ 1.2021, 13.3322 ], [ 1.2017, 13.332 ], [ 1.2013, 13.3318 ], [ 1.2008, 13.3318 ], [ 1.2005, 13.3317 ], [ 1.2002, 13.3313 ], [ 1.2, 13.331 ], [ 1.1998, 13.3305 ], [ 1.1997, 13.3301 ], [ 1.1996, 13.3297 ], [ 1.1993, 13.3293 ], [ 1.1992, 13.3289 ], [ 1.199, 13.3285 ], [ 1.1987, 13.3281 ], [ 1.1986, 13.3277 ], [ 1.1983, 13.3274 ], [ 1.1979, 13.3272 ], [ 1.1974, 13.3272 ], [ 1.1969, 13.327 ], [ 1.1965, 13.327 ], [ 1.196, 13.3269 ], [ 1.1956, 13.3267 ], [ 1.1953, 13.3265 ], [ 1.1951, 13.326 ], [ 1.195, 13.3256 ], [ 1.1949, 13.3252 ], [ 1.1947, 13.3248 ], [ 1.1944, 13.3245 ], [ 1.1941, 13.3242 ], [ 1.1937, 13.324 ], [ 1.1933, 13.3239 ], [ 1.1929, 13.3237 ], [ 1.1925, 13.3235 ], [ 1.1921, 13.3233 ], [ 1.1917, 13.3231 ], [ 1.1913, 13.3229 ], [ 1.1909, 13.3228 ], [ 1.1905, 13.3227 ], [ 1.19, 13.3226 ], [ 1.1896, 13.3225 ], [ 1.1892, 13.3223 ], [ 1.1889, 13.322 ], [ 1.1884, 13.3219 ], [ 1.188, 13.3216 ], [ 1.1877, 13.3214 ], [ 1.1873, 13.3212 ], [ 1.1869, 13.321 ], [ 1.1866, 13.3208 ], [ 1.1861, 13.3208 ], [ 1.1857, 13.3209 ], [ 1.1853, 13.321 ], [ 1.1849, 13.3213 ], [ 1.1846, 13.3216 ], [ 1.1844, 13.322 ], [ 1.1842, 13.3224 ], [ 1.1842, 13.3225 ], [ 1.1841, 13.3229 ], [ 1.1837, 13.3232 ], [ 1.1834, 13.3235 ], [ 1.1829, 13.3237 ], [ 1.1825, 13.3238 ], [ 1.182, 13.3237 ], [ 1.1816, 13.3235 ], [ 1.1816, 13.3231 ], [ 1.1815, 13.323 ], [ 1.1813, 13.3227 ], [ 1.181, 13.3224 ], [ 1.1806, 13.3222 ], [ 1.1802, 13.3221 ], [ 1.1798, 13.3221 ], [ 1.1794, 13.322 ], [ 1.1789, 13.3219 ], [ 1.1785, 13.3219 ], [ 1.178, 13.3218 ], [ 1.1776, 13.3216 ], [ 1.1772, 13.3216 ], [ 1.1768, 13.3216 ], [ 1.1759, 13.3216 ], [ 1.1755, 13.3215 ], [ 1.1751, 13.3215 ], [ 1.1747, 13.3217 ], [ 1.1743, 13.3219 ], [ 1.174, 13.3222 ], [ 1.1738, 13.3226 ], [ 1.1734, 13.3229 ], [ 1.1729, 13.3234 ], [ 1.1726, 13.3237 ], [ 1.1724, 13.324 ], [ 1.172, 13.3241 ], [ 1.1717, 13.3239 ], [ 1.1713, 13.3237 ], [ 1.171, 13.3234 ], [ 1.1707, 13.3231 ], [ 1.1705, 13.3227 ], [ 1.17, 13.3226 ], [ 1.1698, 13.323 ], [ 1.1695, 13.3233 ], [ 1.1692, 13.3236 ], [ 1.1691, 13.3239 ], [ 1.169, 13.324 ], [ 1.1689, 13.3244 ], [ 1.1686, 13.3247 ], [ 1.1682, 13.3248 ], [ 1.1678, 13.3248 ], [ 1.1673, 13.3248 ], [ 1.1669, 13.3247 ], [ 1.1664, 13.3246 ], [ 1.166, 13.3245 ], [ 1.1656, 13.3243 ], [ 1.1653, 13.3241 ], [ 1.1649, 13.3237 ], [ 1.1647, 13.3234 ], [ 1.1643, 13.3231 ], [ 1.1639, 13.323 ], [ 1.1634, 13.3232 ], [ 1.1633, 13.3236 ], [ 1.1634, 13.324 ], [ 1.1635, 13.3242 ], [ 1.1636, 13.3243 ], [ 1.1637, 13.3248 ], [ 1.1638, 13.3252 ], [ 1.1638, 13.3253 ], [ 1.1636, 13.3256 ], [ 1.1632, 13.3255 ], [ 1.1627, 13.3255 ], [ 1.1623, 13.3254 ], [ 1.1618, 13.3253 ], [ 1.1614, 13.3254 ], [ 1.161, 13.3254 ], [ 1.1608, 13.3254 ], [ 1.1605, 13.3254 ], [ 1.1601, 13.3255 ], [ 1.1597, 13.3255 ], [ 1.1592, 13.3256 ], [ 1.1587, 13.3258 ], [ 1.1581, 13.3261 ], [ 1.1578, 13.3263 ], [ 1.1576, 13.3263 ], [ 1.1573, 13.3267 ], [ 1.1568, 13.3268 ], [ 1.1564, 13.327 ], [ 1.156, 13.3272 ], [ 1.1556, 13.3275 ], [ 1.1549, 13.3277 ], [ 1.1544, 13.3276 ], [ 1.1541, 13.3275 ], [ 1.1537, 13.3275 ], [ 1.1536, 13.3275 ], [ 1.1532, 13.3274 ], [ 1.1527, 13.3273 ], [ 1.1522, 13.3274 ], [ 1.1518, 13.3275 ], [ 1.1514, 13.3277 ], [ 1.1513, 13.3281 ], [ 1.1514, 13.3285 ], [ 1.1516, 13.3288 ], [ 1.1517, 13.3292 ], [ 1.1519, 13.3296 ], [ 1.1521, 13.33 ], [ 1.1522, 13.3305 ], [ 1.1522, 13.3309 ], [ 1.1523, 13.3313 ], [ 1.1526, 13.3317 ], [ 1.1528, 13.3321 ], [ 1.1525, 13.3325 ], [ 1.1521, 13.3327 ], [ 1.1518, 13.333 ], [ 1.1514, 13.3332 ], [ 1.1511, 13.3335 ], [ 1.1508, 13.3338 ], [ 1.1504, 13.3339 ], [ 1.1501, 13.3342 ], [ 1.1496, 13.3343 ], [ 1.1492, 13.3345 ], [ 1.1487, 13.3345 ], [ 1.1487, 13.3345 ], [ 1.1485, 13.3341 ], [ 1.1483, 13.3336 ], [ 1.1481, 13.3333 ], [ 1.1478, 13.333 ], [ 1.1477, 13.3326 ], [ 1.1475, 13.3322 ], [ 1.1472, 13.3317 ], [ 1.1473, 13.3314 ], [ 1.1473, 13.3313 ], [ 1.1474, 13.3309 ], [ 1.1474, 13.3305 ], [ 1.1472, 13.3301 ], [ 1.1469, 13.3298 ], [ 1.1465, 13.3296 ], [ 1.1461, 13.3296 ], [ 1.1457, 13.3298 ], [ 1.1453, 13.33 ], [ 1.1451, 13.3303 ], [ 1.1446, 13.3306 ], [ 1.1442, 13.331 ], [ 1.144, 13.3313 ], [ 1.1437, 13.3316 ], [ 1.1434, 13.3318 ], [ 1.1433, 13.3318 ], [ 1.1427, 13.3322 ], [ 1.1423, 13.3325 ], [ 1.142, 13.3327 ], [ 1.1416, 13.3329 ], [ 1.1412, 13.3331 ], [ 1.1408, 13.3333 ], [ 1.1405, 13.3336 ], [ 1.1402, 13.3339 ], [ 1.1397, 13.3342 ], [ 1.1393, 13.3345 ], [ 1.139, 13.3347 ], [ 1.1387, 13.3348 ], [ 1.1386, 13.3349 ], [ 1.1383, 13.3352 ], [ 1.138, 13.3355 ], [ 1.1376, 13.3357 ], [ 1.1372, 13.3359 ], [ 1.1368, 13.3362 ], [ 1.1364, 13.3364 ], [ 1.1361, 13.3366 ], [ 1.1356, 13.3367 ], [ 1.1352, 13.3367 ], [ 1.1348, 13.3368 ], [ 1.1343, 13.3369 ], [ 1.1339, 13.3369 ], [ 1.1335, 13.3368 ], [ 1.133, 13.3368 ], [ 1.1326, 13.3366 ], [ 1.1323, 13.3363 ], [ 1.132, 13.336 ], [ 1.1316, 13.3358 ], [ 1.1312, 13.3356 ], [ 1.1309, 13.3353 ], [ 1.1304, 13.3351 ], [ 1.13, 13.3349 ], [ 1.1297, 13.3346 ], [ 1.1297, 13.3341 ], [ 1.1297, 13.3337 ], [ 1.13, 13.3334 ], [ 1.1302, 13.333 ], [ 1.1301, 13.3326 ], [ 1.1299, 13.3322 ], [ 1.1295, 13.3318 ], [ 1.1291, 13.3315 ], [ 1.1287, 13.3313 ], [ 1.1283, 13.3313 ], [ 1.1279, 13.3315 ], [ 1.1275, 13.3318 ], [ 1.1274, 13.3322 ], [ 1.1272, 13.3326 ], [ 1.127, 13.3329 ], [ 1.1267, 13.3332 ], [ 1.1264, 13.3336 ], [ 1.1261, 13.3339 ], [ 1.1258, 13.3342 ], [ 1.1254, 13.3342 ], [ 1.1253, 13.3341 ], [ 1.1249, 13.3339 ], [ 1.1248, 13.3338 ], [ 1.1246, 13.3336 ], [ 1.1243, 13.3333 ], [ 1.1242, 13.3332 ], [ 1.124, 13.3331 ], [ 1.1236, 13.3328 ], [ 1.1233, 13.3327 ], [ 1.1229, 13.3325 ], [ 1.1224, 13.3323 ], [ 1.1219, 13.3323 ], [ 1.1214, 13.3323 ], [ 1.1209, 13.3322 ], [ 1.1205, 13.3323 ], [ 1.12, 13.3325 ], [ 1.1196, 13.3326 ], [ 1.1191, 13.3326 ], [ 1.1187, 13.3326 ], [ 1.1183, 13.3325 ], [ 1.118, 13.3326 ], [ 1.1173, 13.3329 ], [ 1.1144, 13.3343 ], [ 1.1039, 13.3401 ], [ 1.1027, 13.3408 ], [ 1.0984, 13.3432 ], [ 1.097, 13.344 ], [ 1.0934, 13.3459 ], [ 1.0901, 13.3478 ], [ 1.083, 13.3517 ], [ 1.0711, 13.3582 ], [ 1.0589, 13.3669 ], [ 1.058, 13.3675 ], [ 1.0571, 13.3679 ], [ 1.0552, 13.3686 ], [ 1.0447, 13.3687 ], [ 1.0442, 13.3687 ], [ 1.0281, 13.3687 ], [ 1.0266, 13.3687 ], [ 1.0159, 13.3687 ], [ 1.0152, 13.3687 ], [ 1.0149, 13.3691 ], [ 1.0134, 13.3707 ], [ 1.0117, 13.3727 ], [ 1.0111, 13.3734 ], [ 1.0099, 13.3748 ], [ 1.0069, 13.3749 ], [ 1.0036, 13.3749 ], [ 1.0016, 13.375 ], [ 1.0, 13.3748 ], [ 0.9965, 13.3745 ], [ 0.993, 13.3747 ], [ 0.9919, 13.3747 ], [ 0.9919, 13.3701 ], [ 0.9919, 13.1946 ], [ 0.9919, 13.1924 ], [ 0.9919, 13.1222 ], [ 0.9919, 13.1079 ], [ 0.9919, 13.1052 ], [ 0.9919, 13.1033 ], [ 0.9922, 13.1032 ], [ 0.9975, 13.1002 ], [ 1.0, 13.0987 ], [ 1.0007, 13.0984 ], [ 1.0063, 13.0952 ], [ 1.009, 13.0936 ], [ 1.0404, 13.0758 ], [ 1.0407, 13.0756 ], [ 1.0422, 13.0748 ], [ 1.046, 13.0726 ], [ 1.1738, 13.0 ], [ 1.1772, 12.9981 ], [ 1.2203, 12.9736 ], [ 1.2224, 12.9724 ], [ 1.2228, 12.9722 ], [ 1.3467, 12.9019 ], [ 1.3462, 12.9021 ], [ 1.3467, 12.9018 ], [ 1.3544, 12.8974 ], [ 1.3858, 12.8796 ], [ 1.3876, 12.8786 ], [ 1.3895, 12.8775 ], [ 1.3946, 12.8746 ], [ 1.3988, 12.8722 ], [ 1.4025, 12.8701 ], [ 1.409, 12.8664 ], [ 1.4905, 12.8201 ], [ 1.494, 12.8181 ], [ 1.5, 12.8147 ], [ 1.6154, 12.7492 ], [ 1.6349, 12.7381 ], [ 1.7556, 12.6695 ], [ 1.7577, 12.6683 ], [ 1.7624, 12.6656 ], [ 1.7637, 12.6649 ], [ 1.7704, 12.6611 ], [ 1.7741, 12.659 ], [ 1.776, 12.6579 ], [ 1.792, 12.6488 ], [ 1.7933, 12.6481 ], [ 1.7987, 12.6451 ], [ 1.7997, 12.6444 ], [ 1.8, 12.6443 ], [ 1.8001, 12.6442 ], [ 1.8125, 12.6372 ], [ 1.8163, 12.6351 ], [ 1.8203, 12.6327 ], [ 1.8371, 12.6232 ], [ 1.8406, 12.6212 ], [ 1.8443, 12.6191 ], [ 1.847, 12.6176 ], [ 1.8504, 12.6156 ], [ 1.8548, 12.6132 ], [ 1.8651, 12.6073 ], [ 1.8666, 12.6065 ], [ 1.8686, 12.6053 ], [ 1.87, 12.6074 ], [ 1.8741, 12.6133 ], [ 1.8751, 12.6148 ], [ 1.8868, 12.6317 ], [ 1.8881, 12.6336 ], [ 1.8889, 12.6347 ], [ 1.8908, 12.6375 ], [ 1.8943, 12.6425 ], [ 1.8952, 12.6439 ], [ 1.8963, 12.6455 ], [ 1.8977, 12.6475 ], [ 1.9026, 12.6545 ], [ 1.9036, 12.656 ], [ 1.908, 12.6624 ], [ 1.909, 12.6639 ], [ 1.91, 12.6652 ], [ 1.9197, 12.6793 ], [ 1.9214, 12.6818 ], [ 1.9289, 12.6925 ], [ 1.9308, 12.6925 ], [ 1.9314, 12.6925 ], [ 1.9406, 12.6923 ], [ 1.9453, 12.6923 ], [ 1.9454, 12.6923 ], [ 1.9465, 12.6923 ], [ 1.9495, 12.6922 ], [ 1.9504, 12.6922 ], [ 1.9548, 12.699 ], [ 1.9554, 12.6998 ], [ 1.9573, 12.7028 ], [ 1.9588, 12.705 ], [ 1.9596, 12.7062 ], [ 1.9604, 12.7075 ], [ 1.9617, 12.7095 ], [ 1.9631, 12.7116 ], [ 1.9655, 12.7152 ], [ 1.9659, 12.7159 ], [ 1.9729, 12.7266 ], [ 1.9738, 12.7278 ], [ 1.9751, 12.7299 ], [ 1.9787, 12.7354 ], [ 1.9794, 12.7364 ], [ 1.9797, 12.7369 ], [ 1.9818, 12.7364 ], [ 1.9818, 12.7364 ], [ 1.9839, 12.736 ], [ 1.9846, 12.7359 ], [ 1.985, 12.7359 ], [ 1.9861, 12.7357 ], [ 1.9875, 12.7353 ], [ 1.9888, 12.7349 ], [ 1.992, 12.7343 ], [ 1.9942, 12.734 ], [ 1.9944, 12.7339 ], [ 1.9947, 12.7339 ], [ 1.9975, 12.7332 ], [ 1.999, 12.7323 ], [ 2.0, 12.732 ], [ 2.0011, 12.7317 ], [ 2.0017, 12.7315 ], [ 2.0045, 12.7313 ], [ 2.0074, 12.7303 ], [ 2.0082, 12.73 ], [ 2.0089, 12.7298 ], [ 2.0097, 12.7296 ], [ 2.012, 12.7288 ], [ 2.0126, 12.7287 ], [ 2.0129, 12.7287 ], [ 2.0133, 12.7286 ], [ 2.0134, 12.7286 ], [ 2.0155, 12.7283 ], [ 2.0177, 12.7283 ], [ 2.018, 12.7283 ], [ 2.0182, 12.7284 ], [ 2.0187, 12.7286 ], [ 2.0189, 12.7287 ], [ 2.0204, 12.7293 ], [ 2.0222, 12.7299 ], [ 2.0228, 12.73 ], [ 2.025, 12.7306 ], [ 2.026, 12.7306 ], [ 2.027, 12.7307 ], [ 2.0279, 12.7307 ], [ 2.0305, 12.7305 ], [ 2.0307, 12.7304 ], [ 2.0307, 12.7304 ], [ 2.0308, 12.7304 ], [ 2.033, 12.7302 ], [ 2.0336, 12.7301 ], [ 2.0341, 12.7299 ], [ 2.0361, 12.7295 ], [ 2.0378, 12.7292 ], [ 2.0389, 12.729 ], [ 2.0394, 12.729 ], [ 2.0401, 12.7291 ], [ 2.0427, 12.7291 ], [ 2.0439, 12.7294 ], [ 2.0453, 12.7297 ], [ 2.047, 12.7295 ], [ 2.0479, 12.7293 ], [ 2.0494, 12.7288 ], [ 2.0499, 12.7287 ], [ 2.0501, 12.7286 ], [ 2.0503, 12.7285 ], [ 2.0513, 12.7286 ], [ 2.0534, 12.7287 ], [ 2.054, 12.7286 ], [ 2.0557, 12.7284 ], [ 2.0565, 12.7283 ], [ 2.0568, 12.7284 ], [ 2.057, 12.7284 ], [ 2.0576, 12.7284 ], [ 2.058, 12.7284 ], [ 2.0591, 12.7285 ], [ 2.0603, 12.7283 ], [ 2.0607, 12.7282 ], [ 2.0614, 12.7281 ], [ 2.0627, 12.7279 ], [ 2.0643, 12.7275 ], [ 2.0649, 12.7275 ], [ 2.0665, 12.7274 ], [ 2.0671, 12.7273 ], [ 2.0685, 12.727 ], [ 2.0687, 12.727 ], [ 2.0701, 12.7267 ], [ 2.0724, 12.726 ], [ 2.0727, 12.7259 ], [ 2.0729, 12.7259 ], [ 2.0733, 12.7258 ], [ 2.0738, 12.7255 ], [ 2.0741, 12.7254 ], [ 2.0743, 12.7252 ], [ 2.0745, 12.7252 ], [ 2.076, 12.7244 ], [ 2.0762, 12.7244 ], [ 2.0763, 12.7244 ], [ 2.0765, 12.7244 ], [ 2.0772, 12.7243 ], [ 2.0775, 12.7243 ], [ 2.0789, 12.7242 ], [ 2.08, 12.7239 ], [ 2.0815, 12.7234 ], [ 2.0817, 12.7233 ], [ 2.0826, 12.7228 ], [ 2.0833, 12.7224 ], [ 2.0838, 12.7221 ], [ 2.0839, 12.722 ], [ 2.0856, 12.7206 ], [ 2.0859, 12.7207 ], [ 2.0873, 12.7208 ], [ 2.0875, 12.7209 ], [ 2.0874, 12.7223 ], [ 2.0875, 12.7235 ], [ 2.0883, 12.7255 ], [ 2.0893, 12.7264 ], [ 2.0903, 12.7273 ], [ 2.091, 12.7277 ], [ 2.0919, 12.7281 ], [ 2.0928, 12.7285 ], [ 2.0937, 12.7279 ], [ 2.094, 12.7277 ], [ 2.0951, 12.7274 ], [ 2.097, 12.7288 ], [ 2.0976, 12.7293 ], [ 2.0998, 12.7301 ], [ 2.1007, 12.7305 ], [ 2.1021, 12.7308 ], [ 2.1029, 12.7309 ], [ 2.1032, 12.731 ], [ 2.104, 12.7305 ], [ 2.1052, 12.7299 ], [ 2.1055, 12.7297 ], [ 2.1066, 12.7289 ], [ 2.1074, 12.728 ], [ 2.1076, 12.7274 ], [ 2.1082, 12.7259 ], [ 2.1084, 12.7255 ], [ 2.1085, 12.7252 ], [ 2.1085, 12.7252 ], [ 2.1088, 12.7235 ], [ 2.109, 12.7226 ], [ 2.1088, 12.722 ], [ 2.1089, 12.7194 ], [ 2.1089, 12.7193 ], [ 2.1092, 12.7187 ], [ 2.1097, 12.7178 ], [ 2.1101, 12.7169 ], [ 2.1102, 12.7168 ], [ 2.1104, 12.7164 ], [ 2.1113, 12.7134 ], [ 2.1114, 12.7129 ], [ 2.1118, 12.71 ], [ 2.1119, 12.7095 ], [ 2.1123, 12.7086 ], [ 2.1125, 12.7081 ], [ 2.1128, 12.7077 ], [ 2.1133, 12.7066 ], [ 2.1135, 12.7063 ], [ 2.1136, 12.7063 ], [ 2.114, 12.7056 ], [ 2.1143, 12.7051 ], [ 2.1147, 12.7043 ], [ 2.1148, 12.7042 ], [ 2.1151, 12.7041 ], [ 2.1159, 12.7038 ], [ 2.1165, 12.7036 ], [ 2.1168, 12.7034 ], [ 2.1173, 12.7032 ], [ 2.1174, 12.7032 ], [ 2.118, 12.703 ], [ 2.1215, 12.7016 ], [ 2.1237, 12.7008 ], [ 2.124, 12.7006 ], [ 2.1268, 12.6996 ], [ 2.1274, 12.6993 ], [ 2.1326, 12.6973 ], [ 2.133, 12.6972 ], [ 2.1331, 12.6971 ], [ 2.1392, 12.6948 ], [ 2.1438, 12.693 ], [ 2.1449, 12.6926 ], [ 2.1482, 12.6913 ], [ 2.15, 12.6906 ], [ 2.151, 12.6902 ], [ 2.1592, 12.687 ], [ 2.1598, 12.6868 ], [ 2.162, 12.686 ], [ 2.1617, 12.6819 ], [ 2.1617, 12.6812 ], [ 2.1616, 12.6794 ], [ 2.1613, 12.6751 ], [ 2.1612, 12.6747 ], [ 2.1612, 12.674 ], [ 2.1608, 12.6689 ], [ 2.1608, 12.6684 ], [ 2.1606, 12.6646 ], [ 2.1605, 12.664 ], [ 2.1604, 12.6617 ], [ 2.1596, 12.6605 ], [ 2.1595, 12.6604 ], [ 2.1583, 12.6585 ], [ 2.1582, 12.6582 ], [ 2.158, 12.6579 ], [ 2.1557, 12.6542 ], [ 2.1542, 12.6519 ], [ 2.1536, 12.651 ], [ 2.1522, 12.6487 ], [ 2.1578, 12.6456 ], [ 2.1609, 12.6439 ], [ 2.1649, 12.6417 ], [ 2.1655, 12.6414 ], [ 2.1656, 12.6413 ], [ 2.166, 12.6411 ], [ 2.1666, 12.6408 ], [ 2.1678, 12.6401 ], [ 2.1693, 12.6393 ], [ 2.1699, 12.6389 ], [ 2.1726, 12.6374 ], [ 2.1748, 12.6362 ], [ 2.176, 12.6355 ], [ 2.1766, 12.6352 ], [ 2.1772, 12.6349 ], [ 2.1792, 12.6338 ], [ 2.1834, 12.6314 ], [ 2.1853, 12.6304 ], [ 2.1861, 12.6299 ], [ 2.1888, 12.6285 ], [ 2.1903, 12.6276 ], [ 2.1928, 12.6263 ], [ 2.1963, 12.6243 ], [ 2.1971, 12.6238 ], [ 2.1985, 12.6231 ], [ 2.1992, 12.6227 ], [ 2.2004, 12.621 ], [ 2.2015, 12.6195 ], [ 2.202, 12.6187 ], [ 2.2024, 12.6182 ], [ 2.203, 12.6173 ], [ 2.206, 12.6131 ], [ 2.2084, 12.6097 ], [ 2.2097, 12.6079 ], [ 2.2098, 12.6077 ], [ 2.2105, 12.6068 ], [ 2.2175, 12.597 ], [ 2.2184, 12.5957 ], [ 2.2231, 12.589 ], [ 2.2233, 12.5888 ], [ 2.2236, 12.5885 ], [ 2.2252, 12.5872 ], [ 2.2271, 12.5856 ], [ 2.2279, 12.5678 ], [ 2.228, 12.5651 ], [ 2.2288, 12.549 ], [ 2.2291, 12.5414 ], [ 2.2293, 12.5379 ], [ 2.2298, 12.5265 ], [ 2.2298, 12.526 ], [ 2.23, 12.5221 ], [ 2.2322, 12.5182 ], [ 2.233, 12.5173 ], [ 2.2337, 12.5165 ], [ 2.2362, 12.5137 ], [ 2.2406, 12.5086 ], [ 2.2409, 12.5083 ], [ 2.241, 12.5081 ], [ 2.2412, 12.5079 ], [ 2.2416, 12.5074 ], [ 2.2437, 12.505 ], [ 2.2481, 12.5 ], [ 2.2488, 12.4992 ], [ 2.2495, 12.4984 ], [ 2.2497, 12.4981 ], [ 2.2516, 12.4958 ], [ 2.2521, 12.495 ], [ 2.258, 12.4874 ], [ 2.2603, 12.4842 ], [ 2.2608, 12.4835 ], [ 2.2628, 12.4808 ], [ 2.264, 12.4792 ], [ 2.2666, 12.4757 ], [ 2.2669, 12.4754 ], [ 2.2692, 12.4723 ], [ 2.2707, 12.4703 ], [ 2.271, 12.4699 ], [ 2.2721, 12.4685 ], [ 2.2724, 12.4679 ], [ 2.2733, 12.4663 ], [ 2.2742, 12.4646 ], [ 2.274, 12.4644 ], [ 2.274, 12.4643 ], [ 2.2741, 12.464 ], [ 2.2741, 12.464 ], [ 2.2741, 12.4637 ], [ 2.2741, 12.4636 ], [ 2.274, 12.4635 ], [ 2.274, 12.4634 ], [ 2.2739, 12.4632 ], [ 2.2739, 12.4631 ], [ 2.2738, 12.463 ], [ 2.2737, 12.4628 ], [ 2.2736, 12.4627 ], [ 2.2735, 12.4625 ], [ 2.2734, 12.4624 ], [ 2.2734, 12.4623 ], [ 2.2733, 12.4623 ], [ 2.2733, 12.4619 ], [ 2.2733, 12.4615 ], [ 2.2733, 12.4613 ], [ 2.2733, 12.4611 ], [ 2.2733, 12.461 ], [ 2.2733, 12.4609 ], [ 2.2733, 12.4608 ], [ 2.2733, 12.4606 ], [ 2.2733, 12.4606 ], [ 2.2732, 12.4605 ], [ 2.2731, 12.4604 ], [ 2.2731, 12.4602 ], [ 2.273, 12.46 ], [ 2.2729, 12.4599 ], [ 2.2729, 12.4598 ], [ 2.2728, 12.4597 ], [ 2.2726, 12.4596 ], [ 2.2725, 12.4595 ], [ 2.2725, 12.4594 ], [ 2.2725, 12.4592 ], [ 2.2724, 12.4589 ], [ 2.2724, 12.4587 ], [ 2.2723, 12.4586 ], [ 2.2723, 12.4585 ], [ 2.2722, 12.4584 ], [ 2.2721, 12.4583 ], [ 2.2721, 12.4582 ], [ 2.2721, 12.458 ], [ 2.2721, 12.4579 ], [ 2.2721, 12.4578 ], [ 2.2721, 12.4577 ], [ 2.2721, 12.4575 ], [ 2.2721, 12.4574 ], [ 2.2721, 12.4573 ], [ 2.2721, 12.4572 ], [ 2.2721, 12.4571 ], [ 2.2721, 12.457 ], [ 2.2721, 12.4568 ], [ 2.2721, 12.4567 ], [ 2.2721, 12.4566 ], [ 2.272, 12.4565 ], [ 2.272, 12.4564 ], [ 2.2719, 12.4561 ], [ 2.2719, 12.456 ], [ 2.2718, 12.4559 ], [ 2.2718, 12.4557 ], [ 2.2717, 12.4555 ], [ 2.2717, 12.4554 ], [ 2.2717, 12.4553 ], [ 2.2716, 12.4552 ], [ 2.2716, 12.4551 ], [ 2.2715, 12.455 ], [ 2.2715, 12.4549 ], [ 2.2715, 12.4547 ], [ 2.2715, 12.4545 ], [ 2.2716, 12.4543 ], [ 2.2717, 12.4542 ], [ 2.2717, 12.4539 ], [ 2.2717, 12.4538 ], [ 2.2716, 12.4536 ], [ 2.2716, 12.4535 ], [ 2.2716, 12.4532 ], [ 2.2716, 12.4531 ], [ 2.2716, 12.453 ], [ 2.2716, 12.4529 ], [ 2.2716, 12.4527 ], [ 2.2716, 12.4526 ], [ 2.2716, 12.4525 ], [ 2.2716, 12.4524 ], [ 2.2716, 12.4523 ], [ 2.2716, 12.4522 ], [ 2.2715, 12.452 ], [ 2.2714, 12.4518 ], [ 2.2713, 12.4517 ], [ 2.2713, 12.4516 ], [ 2.2713, 12.4511 ], [ 2.2713, 12.451 ], [ 2.2713, 12.4508 ], [ 2.2713, 12.4507 ], [ 2.2713, 12.4506 ], [ 2.2713, 12.4504 ], [ 2.2712, 12.4503 ], [ 2.2712, 12.4502 ], [ 2.2712, 12.45 ], [ 2.2712, 12.4499 ], [ 2.2711, 12.4498 ], [ 2.2711, 12.4497 ], [ 2.2711, 12.4495 ], [ 2.271, 12.4494 ], [ 2.271, 12.4493 ], [ 2.271, 12.4492 ], [ 2.2709, 12.4491 ], [ 2.2709, 12.4489 ], [ 2.2709, 12.4488 ], [ 2.2709, 12.4487 ], [ 2.2709, 12.4485 ], [ 2.2709, 12.4484 ], [ 2.2708, 12.4483 ], [ 2.2708, 12.4482 ], [ 2.2708, 12.448 ], [ 2.2708, 12.4479 ], [ 2.2708, 12.4478 ], [ 2.2707, 12.4477 ], [ 2.2707, 12.4476 ], [ 2.2707, 12.4475 ], [ 2.2706, 12.4474 ], [ 2.2706, 12.4472 ], [ 2.2704, 12.447 ], [ 2.2703, 12.4469 ], [ 2.2703, 12.4468 ], [ 2.2703, 12.4467 ], [ 2.2702, 12.4466 ], [ 2.2701, 12.4465 ], [ 2.27, 12.4462 ], [ 2.27, 12.4461 ], [ 2.27, 12.446 ], [ 2.2699, 12.4459 ], [ 2.2699, 12.4458 ], [ 2.2699, 12.4456 ], [ 2.2699, 12.4455 ], [ 2.2699, 12.4454 ], [ 2.2699, 12.4453 ], [ 2.2699, 12.4452 ], [ 2.2699, 12.4451 ], [ 2.27, 12.4449 ], [ 2.27, 12.4448 ], [ 2.27, 12.4447 ], [ 2.2701, 12.4444 ], [ 2.2701, 12.4443 ], [ 2.2702, 12.4442 ], [ 2.2702, 12.4441 ], [ 2.2702, 12.4438 ], [ 2.2702, 12.4437 ], [ 2.2702, 12.4436 ], [ 2.2702, 12.4435 ], [ 2.2702, 12.4434 ], [ 2.2702, 12.4432 ], [ 2.2701, 12.4431 ], [ 2.2701, 12.443 ], [ 2.2702, 12.4427 ], [ 2.2703, 12.4423 ], [ 2.2703, 12.4421 ], [ 2.2703, 12.442 ], [ 2.2703, 12.4419 ], [ 2.2703, 12.4418 ], [ 2.2703, 12.4417 ], [ 2.2702, 12.4416 ], [ 2.2702, 12.4415 ], [ 2.2701, 12.4412 ], [ 2.2702, 12.4411 ], [ 2.2702, 12.4409 ], [ 2.2703, 12.4408 ], [ 2.2703, 12.4406 ], [ 2.2704, 12.4405 ], [ 2.2704, 12.4404 ], [ 2.2704, 12.4403 ], [ 2.2705, 12.4401 ], [ 2.2707, 12.4398 ], [ 2.2708, 12.4397 ], [ 2.2709, 12.4396 ], [ 2.2709, 12.4395 ], [ 2.2709, 12.4394 ], [ 2.2709, 12.4392 ], [ 2.271, 12.4391 ], [ 2.271, 12.439 ], [ 2.271, 12.4389 ], [ 2.271, 12.4387 ], [ 2.271, 12.4387 ], [ 2.271, 12.4385 ], [ 2.271, 12.4384 ], [ 2.271, 12.4383 ], [ 2.271, 12.4382 ], [ 2.271, 12.4381 ], [ 2.271, 12.438 ], [ 2.271, 12.4379 ], [ 2.2711, 12.4378 ], [ 2.2711, 12.4375 ], [ 2.2712, 12.4374 ], [ 2.2712, 12.4373 ], [ 2.2712, 12.4371 ], [ 2.2712, 12.437 ], [ 2.2713, 12.4369 ], [ 2.2714, 12.4367 ], [ 2.2714, 12.4366 ], [ 2.2714, 12.4364 ], [ 2.2715, 12.4363 ], [ 2.2716, 12.4359 ], [ 2.2716, 12.4358 ], [ 2.2717, 12.4355 ], [ 2.2717, 12.4354 ], [ 2.2719, 12.4346 ], [ 2.2719, 12.4342 ], [ 2.272, 12.4339 ], [ 2.272, 12.4337 ], [ 2.2721, 12.4336 ], [ 2.2721, 12.4334 ], [ 2.2722, 12.4333 ], [ 2.2722, 12.4332 ], [ 2.2723, 12.4331 ], [ 2.2723, 12.433 ], [ 2.2724, 12.4329 ], [ 2.2725, 12.4327 ], [ 2.2726, 12.4326 ], [ 2.2726, 12.4325 ], [ 2.2727, 12.4324 ], [ 2.2729, 12.4322 ], [ 2.2731, 12.432 ], [ 2.2733, 12.4318 ], [ 2.2735, 12.4314 ], [ 2.2735, 12.4312 ], [ 2.2736, 12.4311 ], [ 2.2738, 12.4308 ], [ 2.2739, 12.4307 ], [ 2.274, 12.4306 ], [ 2.2741, 12.4305 ], [ 2.2742, 12.4304 ], [ 2.2743, 12.4303 ], [ 2.2744, 12.4302 ], [ 2.2744, 12.4301 ], [ 2.2745, 12.43 ], [ 2.2746, 12.4299 ], [ 2.2746, 12.4298 ], [ 2.2747, 12.4297 ], [ 2.2748, 12.4296 ], [ 2.2749, 12.4295 ], [ 2.275, 12.4295 ], [ 2.2751, 12.4294 ], [ 2.2752, 12.4293 ], [ 2.2753, 12.4293 ], [ 2.2754, 12.4292 ], [ 2.2755, 12.4292 ], [ 2.2756, 12.4291 ], [ 2.2757, 12.429 ], [ 2.2758, 12.429 ], [ 2.2759, 12.4289 ], [ 2.276, 12.4288 ], [ 2.2761, 12.4287 ], [ 2.2762, 12.4287 ], [ 2.2763, 12.4286 ], [ 2.2764, 12.4285 ], [ 2.2765, 12.4284 ], [ 2.2765, 12.4283 ], [ 2.2765, 12.4282 ], [ 2.2765, 12.4281 ], [ 2.2766, 12.428 ], [ 2.2766, 12.4278 ], [ 2.2766, 12.4276 ], [ 2.2767, 12.4274 ], [ 2.2767, 12.4273 ], [ 2.2768, 12.4271 ], [ 2.2768, 12.427 ], [ 2.2769, 12.4267 ], [ 2.2772, 12.4266 ], [ 2.2772, 12.4265 ], [ 2.2774, 12.4263 ], [ 2.2775, 12.4261 ], [ 2.2776, 12.4259 ], [ 2.2777, 12.4258 ], [ 2.2779, 12.4252 ], [ 2.2779, 12.4251 ], [ 2.2777, 12.4249 ], [ 2.2776, 12.4249 ], [ 2.2775, 12.4249 ], [ 2.2774, 12.4249 ], [ 2.2773, 12.4249 ], [ 2.2771, 12.4248 ], [ 2.277, 12.4248 ], [ 2.2769, 12.4248 ], [ 2.2768, 12.4248 ], [ 2.2768, 12.4248 ], [ 2.2766, 12.4248 ], [ 2.2765, 12.4247 ], [ 2.2764, 12.4247 ], [ 2.2763, 12.4247 ], [ 2.2762, 12.4246 ], [ 2.2761, 12.4246 ], [ 2.2759, 12.4246 ], [ 2.2758, 12.4245 ], [ 2.2757, 12.4245 ], [ 2.2755, 12.4245 ], [ 2.2753, 12.4245 ], [ 2.2752, 12.4244 ], [ 2.275, 12.4244 ], [ 2.2749, 12.4243 ], [ 2.2748, 12.4243 ], [ 2.2747, 12.4243 ], [ 2.2746, 12.4243 ], [ 2.2745, 12.4242 ], [ 2.2744, 12.4242 ], [ 2.2742, 12.4241 ], [ 2.2741, 12.4241 ], [ 2.274, 12.424 ], [ 2.2739, 12.4239 ], [ 2.2738, 12.4239 ], [ 2.2737, 12.4238 ], [ 2.2736, 12.4237 ], [ 2.2735, 12.4237 ], [ 2.2734, 12.4236 ], [ 2.2732, 12.4236 ], [ 2.273, 12.4236 ], [ 2.2729, 12.4236 ], [ 2.2728, 12.4235 ], [ 2.2727, 12.4235 ], [ 2.2726, 12.4235 ], [ 2.2725, 12.4234 ], [ 2.2723, 12.4234 ], [ 2.2721, 12.4234 ], [ 2.2719, 12.4234 ], [ 2.2718, 12.4234 ], [ 2.2717, 12.4234 ], [ 2.2716, 12.4234 ], [ 2.2715, 12.4233 ], [ 2.2712, 12.4232 ], [ 2.271, 12.4231 ], [ 2.2708, 12.423 ], [ 2.2707, 12.423 ], [ 2.2705, 12.4229 ], [ 2.2701, 12.4228 ], [ 2.2699, 12.4227 ], [ 2.2698, 12.4226 ], [ 2.2697, 12.4226 ], [ 2.2695, 12.4225 ], [ 2.2692, 12.4225 ], [ 2.2691, 12.4225 ], [ 2.2689, 12.4224 ], [ 2.2688, 12.4224 ], [ 2.2687, 12.4224 ], [ 2.2686, 12.4224 ], [ 2.2684, 12.4223 ], [ 2.2682, 12.4222 ], [ 2.2681, 12.4222 ], [ 2.2679, 12.4222 ], [ 2.2678, 12.4222 ], [ 2.2676, 12.4222 ], [ 2.2675, 12.4222 ], [ 2.2674, 12.4222 ], [ 2.2672, 12.4222 ], [ 2.2671, 12.4221 ], [ 2.2668, 12.4221 ], [ 2.2667, 12.422 ], [ 2.2666, 12.422 ], [ 2.2663, 12.4219 ], [ 2.266, 12.4219 ], [ 2.2659, 12.4219 ], [ 2.2657, 12.4219 ], [ 2.2654, 12.4218 ], [ 2.2653, 12.4218 ], [ 2.2651, 12.4218 ], [ 2.265, 12.4218 ], [ 2.2648, 12.4218 ], [ 2.2647, 12.4217 ], [ 2.2645, 12.4217 ], [ 2.2644, 12.4216 ], [ 2.2643, 12.4216 ], [ 2.264, 12.4214 ], [ 2.2639, 12.4213 ], [ 2.2638, 12.4212 ], [ 2.2637, 12.4211 ], [ 2.2637, 12.4211 ], [ 2.2636, 12.421 ], [ 2.2635, 12.4209 ], [ 2.2634, 12.4207 ], [ 2.2633, 12.4206 ], [ 2.2632, 12.4206 ], [ 2.2632, 12.4205 ], [ 2.263, 12.4202 ], [ 2.263, 12.4201 ], [ 2.2629, 12.42 ], [ 2.2629, 12.4199 ], [ 2.2628, 12.4198 ], [ 2.2628, 12.4197 ], [ 2.2628, 12.4195 ], [ 2.2628, 12.4194 ], [ 2.2628, 12.4193 ], [ 2.2629, 12.4192 ], [ 2.2629, 12.4191 ], [ 2.263, 12.419 ], [ 2.263, 12.4189 ], [ 2.2631, 12.4188 ], [ 2.2632, 12.4187 ], [ 2.2633, 12.4186 ], [ 2.2633, 12.4185 ], [ 2.2634, 12.4183 ], [ 2.2634, 12.4183 ], [ 2.2635, 12.4182 ], [ 2.2637, 12.418 ], [ 2.2637, 12.4179 ], [ 2.2638, 12.4178 ], [ 2.2639, 12.4176 ], [ 2.264, 12.4175 ], [ 2.264, 12.4172 ], [ 2.264, 12.4171 ], [ 2.264, 12.417 ], [ 2.264, 12.4169 ], [ 2.264, 12.4167 ], [ 2.264, 12.4166 ], [ 2.264, 12.4165 ], [ 2.264, 12.4164 ], [ 2.264, 12.4162 ], [ 2.264, 12.4161 ], [ 2.2639, 12.416 ], [ 2.2639, 12.4159 ], [ 2.2639, 12.4158 ], [ 2.2639, 12.4157 ], [ 2.2639, 12.4156 ], [ 2.2638, 12.4155 ], [ 2.2638, 12.4153 ], [ 2.2638, 12.4152 ], [ 2.2637, 12.4151 ], [ 2.2637, 12.415 ], [ 2.2636, 12.4149 ], [ 2.2635, 12.4148 ], [ 2.2634, 12.4147 ], [ 2.2633, 12.4147 ], [ 2.2633, 12.4146 ], [ 2.2632, 12.4145 ], [ 2.2631, 12.4145 ], [ 2.263, 12.4144 ], [ 2.2629, 12.4143 ], [ 2.2628, 12.4142 ], [ 2.2627, 12.4142 ], [ 2.2627, 12.4141 ], [ 2.2626, 12.414 ], [ 2.2625, 12.4139 ], [ 2.2625, 12.4138 ], [ 2.2624, 12.4138 ], [ 2.2623, 12.4137 ], [ 2.2622, 12.4136 ], [ 2.2621, 12.4136 ], [ 2.262, 12.4135 ], [ 2.2619, 12.4134 ], [ 2.2618, 12.4134 ], [ 2.2616, 12.4133 ], [ 2.2613, 12.4131 ], [ 2.261, 12.413 ], [ 2.2609, 12.413 ], [ 2.2607, 12.4132 ], [ 2.2606, 12.4133 ], [ 2.2605, 12.4133 ], [ 2.2604, 12.4132 ], [ 2.2601, 12.4132 ], [ 2.2601, 12.4131 ], [ 2.26, 12.4131 ], [ 2.2597, 12.413 ], [ 2.2594, 12.4131 ], [ 2.2593, 12.4132 ], [ 2.2592, 12.4132 ], [ 2.2591, 12.4132 ], [ 2.259, 12.4133 ], [ 2.2589, 12.4134 ], [ 2.2587, 12.4135 ], [ 2.2586, 12.4135 ], [ 2.2585, 12.4135 ], [ 2.2583, 12.4135 ], [ 2.2581, 12.4135 ], [ 2.2579, 12.4137 ], [ 2.2578, 12.4137 ], [ 2.2577, 12.4138 ], [ 2.2576, 12.4139 ], [ 2.2575, 12.4139 ], [ 2.2575, 12.414 ], [ 2.2574, 12.4141 ], [ 2.2573, 12.4141 ], [ 2.2572, 12.4143 ], [ 2.2571, 12.4144 ], [ 2.2571, 12.4145 ], [ 2.257, 12.4146 ], [ 2.2569, 12.4147 ], [ 2.2568, 12.4148 ], [ 2.2567, 12.415 ], [ 2.2567, 12.4151 ], [ 2.2566, 12.4152 ], [ 2.2565, 12.4153 ], [ 2.2564, 12.4154 ], [ 2.2563, 12.4155 ], [ 2.2563, 12.4156 ], [ 2.2562, 12.4157 ], [ 2.2561, 12.4158 ], [ 2.256, 12.416 ], [ 2.256, 12.416 ], [ 2.2559, 12.4161 ], [ 2.2558, 12.4164 ], [ 2.2558, 12.4165 ], [ 2.2556, 12.4166 ], [ 2.2556, 12.4168 ], [ 2.2554, 12.4171 ], [ 2.2554, 12.4172 ], [ 2.2554, 12.4174 ], [ 2.2554, 12.4175 ], [ 2.255, 12.4177 ], [ 2.2548, 12.4177 ], [ 2.2547, 12.4178 ], [ 2.2546, 12.4178 ], [ 2.2544, 12.4178 ], [ 2.2543, 12.4178 ], [ 2.2541, 12.418 ], [ 2.2541, 12.4181 ], [ 2.254, 12.4182 ], [ 2.2539, 12.4183 ], [ 2.2538, 12.4184 ], [ 2.2538, 12.4185 ], [ 2.2537, 12.4186 ], [ 2.2537, 12.4187 ], [ 2.2536, 12.4188 ], [ 2.2536, 12.4189 ], [ 2.2536, 12.419 ], [ 2.2535, 12.419 ], [ 2.2534, 12.4191 ], [ 2.2531, 12.4193 ], [ 2.253, 12.4194 ], [ 2.253, 12.4195 ], [ 2.2529, 12.4195 ], [ 2.2528, 12.4197 ], [ 2.2526, 12.4198 ], [ 2.2524, 12.4199 ], [ 2.2522, 12.42 ], [ 2.252, 12.4201 ], [ 2.2519, 12.4201 ], [ 2.2518, 12.4202 ], [ 2.2517, 12.4202 ], [ 2.2515, 12.4203 ], [ 2.2514, 12.4203 ], [ 2.2513, 12.4203 ], [ 2.2511, 12.4205 ], [ 2.251, 12.4206 ], [ 2.2509, 12.4206 ], [ 2.2508, 12.4207 ], [ 2.2506, 12.4207 ], [ 2.2506, 12.4208 ], [ 2.2504, 12.4209 ], [ 2.2503, 12.4209 ], [ 2.2502, 12.421 ], [ 2.2501, 12.4211 ], [ 2.25, 12.4211 ], [ 2.2498, 12.4211 ], [ 2.2496, 12.4211 ], [ 2.2492, 12.421 ], [ 2.2491, 12.4209 ], [ 2.249, 12.4208 ], [ 2.2489, 12.4207 ], [ 2.2489, 12.4207 ], [ 2.2488, 12.4206 ], [ 2.2487, 12.4206 ], [ 2.2486, 12.4205 ], [ 2.2485, 12.4204 ], [ 2.2484, 12.4203 ], [ 2.2484, 12.4202 ], [ 2.2484, 12.4201 ], [ 2.2484, 12.42 ], [ 2.2483, 12.4198 ], [ 2.2483, 12.4197 ], [ 2.2482, 12.4197 ], [ 2.2481, 12.4196 ], [ 2.2479, 12.4194 ], [ 2.2478, 12.4193 ], [ 2.2477, 12.4192 ], [ 2.2477, 12.4191 ], [ 2.2477, 12.419 ], [ 2.2477, 12.4189 ], [ 2.2478, 12.4188 ], [ 2.2479, 12.4187 ], [ 2.2479, 12.4186 ], [ 2.248, 12.4184 ], [ 2.2481, 12.4183 ], [ 2.2481, 12.4182 ], [ 2.2482, 12.4181 ], [ 2.2482, 12.418 ], [ 2.2483, 12.4178 ], [ 2.2484, 12.4178 ], [ 2.2486, 12.4177 ], [ 2.2487, 12.4177 ], [ 2.2486, 12.4176 ], [ 2.2485, 12.4175 ], [ 2.2484, 12.4174 ], [ 2.2484, 12.4173 ], [ 2.2483, 12.4172 ], [ 2.2483, 12.4171 ], [ 2.2483, 12.417 ], [ 2.2482, 12.4169 ], [ 2.2481, 12.4167 ], [ 2.248, 12.4166 ], [ 2.2479, 12.4164 ], [ 2.2478, 12.4164 ], [ 2.2476, 12.4164 ], [ 2.2475, 12.4164 ], [ 2.2474, 12.4164 ], [ 2.2472, 12.4164 ], [ 2.2471, 12.4164 ], [ 2.247, 12.4164 ], [ 2.2469, 12.4164 ], [ 2.2467, 12.4164 ], [ 2.2466, 12.4164 ], [ 2.2465, 12.4164 ], [ 2.2462, 12.4165 ], [ 2.2461, 12.4165 ], [ 2.246, 12.4165 ], [ 2.2458, 12.4166 ], [ 2.2457, 12.4166 ], [ 2.2456, 12.4167 ], [ 2.2455, 12.4169 ], [ 2.2454, 12.4171 ], [ 2.2453, 12.4172 ], [ 2.2452, 12.4173 ], [ 2.2451, 12.4174 ], [ 2.2451, 12.4176 ], [ 2.2451, 12.4177 ], [ 2.2451, 12.4179 ], [ 2.2451, 12.4179 ], [ 2.2451, 12.4181 ], [ 2.2449, 12.4181 ], [ 2.2447, 12.418 ], [ 2.2446, 12.418 ], [ 2.2445, 12.418 ], [ 2.2443, 12.4179 ], [ 2.2442, 12.4179 ], [ 2.244, 12.4178 ], [ 2.244, 12.4177 ], [ 2.2438, 12.4177 ], [ 2.2437, 12.4176 ], [ 2.2436, 12.4176 ], [ 2.2435, 12.4176 ], [ 2.2434, 12.4176 ], [ 2.2433, 12.4176 ], [ 2.2431, 12.4176 ], [ 2.243, 12.4177 ], [ 2.2429, 12.4178 ], [ 2.2429, 12.4179 ], [ 2.2429, 12.418 ], [ 2.243, 12.4181 ], [ 2.243, 12.4182 ], [ 2.2432, 12.4185 ], [ 2.2433, 12.4186 ], [ 2.2434, 12.4186 ], [ 2.2435, 12.4189 ], [ 2.2435, 12.4189 ], [ 2.2436, 12.419 ], [ 2.2437, 12.4193 ], [ 2.2436, 12.4194 ], [ 2.2435, 12.4194 ], [ 2.2434, 12.4195 ], [ 2.2433, 12.4196 ], [ 2.2431, 12.4198 ], [ 2.2431, 12.4199 ], [ 2.2431, 12.42 ], [ 2.2431, 12.4201 ], [ 2.2431, 12.4202 ], [ 2.2432, 12.4202 ], [ 2.2433, 12.4203 ], [ 2.2434, 12.4204 ], [ 2.2435, 12.4204 ], [ 2.2436, 12.4205 ], [ 2.2437, 12.4205 ], [ 2.2439, 12.4207 ], [ 2.2439, 12.4209 ], [ 2.244, 12.421 ], [ 2.244, 12.4211 ], [ 2.2439, 12.4212 ], [ 2.2438, 12.4212 ], [ 2.2437, 12.4213 ], [ 2.2437, 12.4214 ], [ 2.2437, 12.4216 ], [ 2.2436, 12.4216 ], [ 2.2435, 12.4217 ], [ 2.2434, 12.4218 ], [ 2.2433, 12.4218 ], [ 2.2432, 12.4219 ], [ 2.2429, 12.422 ], [ 2.2428, 12.422 ], [ 2.2426, 12.4222 ], [ 2.2425, 12.4222 ], [ 2.2424, 12.4223 ], [ 2.2422, 12.4223 ], [ 2.2421, 12.4223 ], [ 2.242, 12.4223 ], [ 2.2418, 12.4223 ], [ 2.2417, 12.4223 ], [ 2.2416, 12.4224 ], [ 2.2415, 12.4224 ], [ 2.2414, 12.4224 ], [ 2.2412, 12.4225 ], [ 2.2411, 12.4227 ], [ 2.2411, 12.4227 ], [ 2.2409, 12.4228 ], [ 2.2408, 12.4228 ], [ 2.2407, 12.4229 ], [ 2.2405, 12.4229 ], [ 2.2404, 12.4229 ], [ 2.2403, 12.4229 ], [ 2.2402, 12.4229 ], [ 2.2401, 12.4229 ], [ 2.24, 12.4229 ], [ 2.2399, 12.423 ], [ 2.2397, 12.423 ], [ 2.2396, 12.423 ], [ 2.2395, 12.423 ], [ 2.2393, 12.4229 ], [ 2.2392, 12.4229 ], [ 2.2391, 12.4229 ], [ 2.239, 12.4229 ], [ 2.2388, 12.4229 ], [ 2.2386, 12.4228 ], [ 2.2385, 12.4228 ], [ 2.2382, 12.4227 ], [ 2.2381, 12.4227 ], [ 2.2379, 12.4226 ], [ 2.2378, 12.4225 ], [ 2.2375, 12.4223 ], [ 2.2373, 12.4223 ], [ 2.2372, 12.4222 ], [ 2.2371, 12.4222 ], [ 2.2369, 12.4222 ], [ 2.2368, 12.4223 ], [ 2.2366, 12.4226 ], [ 2.2366, 12.4227 ], [ 2.2364, 12.4227 ], [ 2.2363, 12.4226 ], [ 2.2362, 12.4226 ], [ 2.236, 12.4225 ], [ 2.2359, 12.4225 ], [ 2.2358, 12.4224 ], [ 2.2357, 12.4223 ], [ 2.2357, 12.4222 ], [ 2.2356, 12.4221 ], [ 2.2354, 12.4219 ], [ 2.2354, 12.4218 ], [ 2.2353, 12.4217 ], [ 2.2353, 12.4216 ], [ 2.2353, 12.4215 ], [ 2.2352, 12.4212 ], [ 2.2351, 12.4212 ], [ 2.235, 12.4212 ], [ 2.2349, 12.4212 ], [ 2.2348, 12.4212 ], [ 2.2347, 12.4212 ], [ 2.2344, 12.4213 ], [ 2.2343, 12.4213 ], [ 2.2342, 12.4213 ], [ 2.2341, 12.4213 ], [ 2.2339, 12.4213 ], [ 2.2338, 12.4213 ], [ 2.2337, 12.4214 ], [ 2.2336, 12.4215 ], [ 2.2334, 12.4215 ], [ 2.2333, 12.4216 ], [ 2.2332, 12.4217 ], [ 2.2332, 12.4218 ], [ 2.2332, 12.4219 ], [ 2.2331, 12.422 ], [ 2.2329, 12.4221 ], [ 2.2328, 12.4221 ], [ 2.2325, 12.4221 ], [ 2.2324, 12.4221 ], [ 2.2323, 12.4221 ], [ 2.2321, 12.4221 ], [ 2.232, 12.4221 ], [ 2.232, 12.4222 ], [ 2.2319, 12.4223 ], [ 2.2318, 12.4223 ], [ 2.2317, 12.4223 ], [ 2.2313, 12.4224 ], [ 2.2312, 12.4224 ], [ 2.231, 12.4224 ], [ 2.2308, 12.4224 ], [ 2.2307, 12.4224 ], [ 2.2306, 12.4224 ], [ 2.2304, 12.4224 ], [ 2.2303, 12.4224 ], [ 2.2302, 12.4224 ], [ 2.23, 12.4224 ], [ 2.2299, 12.4224 ], [ 2.2297, 12.4224 ], [ 2.2296, 12.4224 ], [ 2.2294, 12.4224 ], [ 2.2293, 12.4223 ], [ 2.2292, 12.4223 ], [ 2.2291, 12.4222 ], [ 2.229, 12.4222 ], [ 2.2288, 12.4221 ], [ 2.2287, 12.422 ], [ 2.2283, 12.4219 ], [ 2.2282, 12.4218 ], [ 2.2281, 12.4218 ], [ 2.228, 12.4218 ], [ 2.2278, 12.4218 ], [ 2.2277, 12.4217 ], [ 2.2275, 12.4217 ], [ 2.2275, 12.4217 ], [ 2.2273, 12.4216 ], [ 2.2273, 12.4215 ], [ 2.227, 12.4213 ], [ 2.227, 12.4212 ], [ 2.2267, 12.421 ], [ 2.2266, 12.4209 ], [ 2.2265, 12.4209 ], [ 2.2264, 12.4208 ], [ 2.2263, 12.4207 ], [ 2.2262, 12.4206 ], [ 2.226, 12.4205 ], [ 2.2258, 12.4204 ], [ 2.2257, 12.4203 ], [ 2.2255, 12.4202 ], [ 2.2255, 12.4201 ], [ 2.2254, 12.4201 ], [ 2.2253, 12.42 ], [ 2.2252, 12.4199 ], [ 2.2251, 12.4198 ], [ 2.2251, 12.4197 ], [ 2.225, 12.4196 ], [ 2.2249, 12.4195 ], [ 2.2249, 12.4194 ], [ 2.2248, 12.4193 ], [ 2.2248, 12.4193 ], [ 2.2247, 12.4191 ], [ 2.2245, 12.419 ], [ 2.2244, 12.4189 ], [ 2.2243, 12.4188 ], [ 2.2242, 12.4188 ], [ 2.2241, 12.4187 ], [ 2.2241, 12.4185 ], [ 2.2242, 12.4184 ], [ 2.2243, 12.4184 ], [ 2.2245, 12.4183 ], [ 2.2246, 12.4182 ], [ 2.2247, 12.4182 ], [ 2.2248, 12.4181 ], [ 2.2249, 12.4181 ], [ 2.2249, 12.4179 ], [ 2.2249, 12.4178 ], [ 2.2249, 12.4176 ], [ 2.2248, 12.4174 ], [ 2.2247, 12.4172 ], [ 2.2246, 12.4171 ], [ 2.2246, 12.417 ], [ 2.2245, 12.4169 ], [ 2.2244, 12.4168 ], [ 2.2244, 12.4167 ], [ 2.2244, 12.4166 ], [ 2.2244, 12.4165 ], [ 2.2244, 12.4164 ], [ 2.2244, 12.4163 ], [ 2.2242, 12.4162 ], [ 2.224, 12.416 ], [ 2.2238, 12.4159 ], [ 2.2237, 12.4158 ], [ 2.2236, 12.4158 ], [ 2.2236, 12.4157 ], [ 2.2235, 12.4156 ], [ 2.2234, 12.4153 ], [ 2.2233, 12.4152 ], [ 2.2233, 12.4151 ], [ 2.2232, 12.415 ], [ 2.2232, 12.4149 ], [ 2.2232, 12.4148 ], [ 2.2231, 12.4147 ], [ 2.2231, 12.4146 ], [ 2.223, 12.4145 ], [ 2.223, 12.4144 ], [ 2.2229, 12.4143 ], [ 2.2229, 12.4142 ], [ 2.2228, 12.4141 ], [ 2.2226, 12.4138 ], [ 2.2226, 12.4137 ], [ 2.2225, 12.4135 ], [ 2.2225, 12.4134 ], [ 2.2222, 12.4133 ], [ 2.2218, 12.4132 ], [ 2.2217, 12.4132 ], [ 2.2215, 12.4132 ], [ 2.2214, 12.4133 ], [ 2.2211, 12.4132 ], [ 2.2209, 12.4132 ], [ 2.2207, 12.413 ], [ 2.2206, 12.4129 ], [ 2.2205, 12.4127 ], [ 2.2205, 12.4126 ], [ 2.2205, 12.4125 ], [ 2.2204, 12.4124 ], [ 2.2203, 12.4123 ], [ 2.2202, 12.4123 ], [ 2.22, 12.4122 ], [ 2.2199, 12.4122 ], [ 2.2198, 12.4122 ], [ 2.2195, 12.4122 ], [ 2.2194, 12.4121 ], [ 2.2192, 12.412 ], [ 2.2191, 12.412 ], [ 2.219, 12.4119 ], [ 2.2189, 12.4119 ], [ 2.2188, 12.4119 ], [ 2.2187, 12.4119 ], [ 2.2186, 12.4119 ], [ 2.2185, 12.4119 ], [ 2.2183, 12.4119 ], [ 2.2182, 12.4119 ], [ 2.2181, 12.4119 ], [ 2.218, 12.4119 ], [ 2.2179, 12.4119 ], [ 2.2177, 12.4119 ], [ 2.2176, 12.4119 ], [ 2.2174, 12.4119 ], [ 2.2173, 12.412 ], [ 2.2171, 12.412 ], [ 2.217, 12.412 ], [ 2.2169, 12.412 ], [ 2.2168, 12.412 ], [ 2.2167, 12.412 ], [ 2.2166, 12.4121 ], [ 2.2165, 12.4121 ], [ 2.2164, 12.4122 ], [ 2.2163, 12.4122 ], [ 2.2162, 12.4122 ], [ 2.2158, 12.4123 ], [ 2.2157, 12.4124 ], [ 2.2156, 12.4125 ], [ 2.2155, 12.4125 ], [ 2.2154, 12.4126 ], [ 2.2153, 12.4127 ], [ 2.2153, 12.4128 ], [ 2.2152, 12.4129 ], [ 2.2152, 12.413 ], [ 2.2151, 12.4132 ], [ 2.2149, 12.4133 ], [ 2.2149, 12.4135 ], [ 2.2149, 12.4136 ], [ 2.2149, 12.4137 ], [ 2.2149, 12.4138 ], [ 2.2149, 12.4139 ], [ 2.2149, 12.414 ], [ 2.2149, 12.4141 ], [ 2.2149, 12.4143 ], [ 2.2149, 12.4144 ], [ 2.2149, 12.4148 ], [ 2.215, 12.4149 ], [ 2.215, 12.415 ], [ 2.2149, 12.4151 ], [ 2.2149, 12.4152 ], [ 2.2148, 12.4154 ], [ 2.2148, 12.4155 ], [ 2.2148, 12.4157 ], [ 2.2148, 12.4158 ], [ 2.2148, 12.4159 ], [ 2.2147, 12.4161 ], [ 2.2147, 12.4162 ], [ 2.2147, 12.4163 ], [ 2.2147, 12.4165 ], [ 2.2146, 12.4166 ], [ 2.2146, 12.4167 ], [ 2.2145, 12.417 ], [ 2.2145, 12.4171 ], [ 2.2145, 12.4173 ], [ 2.2145, 12.4174 ], [ 2.2145, 12.4175 ], [ 2.2144, 12.4176 ], [ 2.2144, 12.4177 ], [ 2.2143, 12.4178 ], [ 2.2142, 12.418 ], [ 2.2142, 12.4181 ], [ 2.2142, 12.4182 ], [ 2.2142, 12.4183 ], [ 2.2141, 12.4184 ], [ 2.214, 12.4185 ], [ 2.2139, 12.4186 ], [ 2.2139, 12.4187 ], [ 2.2138, 12.4188 ], [ 2.2138, 12.4189 ], [ 2.2137, 12.419 ], [ 2.2137, 12.4191 ], [ 2.2137, 12.4192 ], [ 2.2137, 12.4193 ], [ 2.2137, 12.4195 ], [ 2.2136, 12.4198 ], [ 2.2135, 12.4198 ], [ 2.2135, 12.4199 ], [ 2.2134, 12.42 ], [ 2.2134, 12.4201 ], [ 2.2133, 12.4203 ], [ 2.2132, 12.4204 ], [ 2.2129, 12.4206 ], [ 2.2128, 12.4206 ], [ 2.2127, 12.4207 ], [ 2.2126, 12.4209 ], [ 2.2124, 12.4209 ], [ 2.2123, 12.421 ], [ 2.2121, 12.4211 ], [ 2.212, 12.4212 ], [ 2.2118, 12.4212 ], [ 2.2117, 12.4212 ], [ 2.2115, 12.4213 ], [ 2.2114, 12.4213 ], [ 2.2113, 12.4213 ], [ 2.2112, 12.4214 ], [ 2.2111, 12.4214 ], [ 2.211, 12.4214 ], [ 2.2109, 12.4214 ], [ 2.2108, 12.4214 ], [ 2.2107, 12.4215 ], [ 2.2105, 12.4215 ], [ 2.2104, 12.4215 ], [ 2.2103, 12.4215 ], [ 2.2101, 12.4216 ], [ 2.21, 12.4217 ], [ 2.2098, 12.4217 ], [ 2.2096, 12.4217 ], [ 2.2095, 12.4218 ], [ 2.2094, 12.4218 ], [ 2.2093, 12.4218 ], [ 2.2091, 12.4218 ], [ 2.209, 12.4218 ], [ 2.2089, 12.4219 ], [ 2.2086, 12.4219 ], [ 2.2084, 12.422 ], [ 2.2082, 12.422 ], [ 2.2081, 12.4221 ], [ 2.2079, 12.4221 ], [ 2.2078, 12.4221 ], [ 2.2077, 12.4221 ], [ 2.2076, 12.4221 ], [ 2.2075, 12.4222 ], [ 2.2073, 12.4222 ], [ 2.2071, 12.4222 ], [ 2.2069, 12.4222 ], [ 2.2066, 12.4221 ], [ 2.2064, 12.422 ], [ 2.2063, 12.422 ], [ 2.2061, 12.422 ], [ 2.206, 12.422 ], [ 2.2059, 12.422 ], [ 2.2056, 12.4221 ], [ 2.2055, 12.4222 ], [ 2.2054, 12.4222 ], [ 2.2053, 12.4223 ], [ 2.2052, 12.4224 ], [ 2.2052, 12.4225 ], [ 2.2051, 12.4226 ], [ 2.2051, 12.4227 ], [ 2.2051, 12.4228 ], [ 2.205, 12.4229 ], [ 2.2049, 12.4229 ], [ 2.2048, 12.423 ], [ 2.2047, 12.423 ], [ 2.2046, 12.423 ], [ 2.2045, 12.4231 ], [ 2.2043, 12.4232 ], [ 2.2042, 12.4232 ], [ 2.204, 12.4232 ], [ 2.2036, 12.4232 ], [ 2.2035, 12.4232 ], [ 2.2034, 12.4232 ], [ 2.2033, 12.4232 ], [ 2.2032, 12.4232 ], [ 2.2031, 12.4232 ], [ 2.203, 12.4232 ], [ 2.2028, 12.4233 ], [ 2.2027, 12.4233 ], [ 2.2025, 12.4233 ], [ 2.2024, 12.4232 ], [ 2.2022, 12.4232 ], [ 2.2021, 12.4231 ], [ 2.2021, 12.4231 ], [ 2.202, 12.423 ], [ 2.2019, 12.4229 ], [ 2.2019, 12.4228 ], [ 2.2018, 12.4227 ], [ 2.2018, 12.4226 ], [ 2.2017, 12.4225 ], [ 2.2015, 12.4223 ], [ 2.2014, 12.4222 ], [ 2.2013, 12.4221 ], [ 2.2011, 12.422 ], [ 2.201, 12.4219 ], [ 2.2008, 12.4219 ], [ 2.2007, 12.4218 ], [ 2.2006, 12.4218 ], [ 2.2005, 12.4217 ], [ 2.2002, 12.4216 ], [ 2.2001, 12.4215 ], [ 2.2, 12.4214 ], [ 2.1999, 12.4214 ], [ 2.1997, 12.4213 ], [ 2.1995, 12.4212 ], [ 2.1994, 12.4211 ], [ 2.1993, 12.4211 ], [ 2.1992, 12.4211 ], [ 2.199, 12.421 ], [ 2.1989, 12.421 ], [ 2.1988, 12.4209 ], [ 2.1987, 12.4209 ], [ 2.1985, 12.4207 ], [ 2.1984, 12.4207 ], [ 2.1983, 12.4206 ], [ 2.1982, 12.4206 ], [ 2.1981, 12.4206 ], [ 2.1979, 12.4206 ], [ 2.1978, 12.4206 ], [ 2.1976, 12.4206 ], [ 2.1974, 12.4206 ], [ 2.1973, 12.4206 ], [ 2.1971, 12.4206 ], [ 2.197, 12.4206 ], [ 2.1968, 12.4207 ], [ 2.1967, 12.4207 ], [ 2.1966, 12.4207 ], [ 2.1965, 12.4207 ], [ 2.1963, 12.4207 ], [ 2.1961, 12.4208 ], [ 2.196, 12.4208 ], [ 2.1959, 12.4209 ], [ 2.1958, 12.421 ], [ 2.1956, 12.4211 ], [ 2.1955, 12.4211 ], [ 2.1954, 12.4211 ], [ 2.1953, 12.4212 ], [ 2.1951, 12.4212 ], [ 2.195, 12.4212 ], [ 2.1949, 12.4213 ], [ 2.1948, 12.4214 ], [ 2.1946, 12.4215 ], [ 2.1945, 12.4216 ], [ 2.1943, 12.4216 ], [ 2.1942, 12.4217 ], [ 2.1941, 12.4217 ], [ 2.1939, 12.4218 ], [ 2.1939, 12.4218 ], [ 2.1938, 12.4219 ], [ 2.1936, 12.4219 ], [ 2.1934, 12.422 ], [ 2.1932, 12.4221 ], [ 2.193, 12.4223 ], [ 2.1929, 12.4224 ], [ 2.1928, 12.4224 ], [ 2.1927, 12.4224 ], [ 2.1926, 12.4224 ], [ 2.1924, 12.4224 ], [ 2.1923, 12.4224 ], [ 2.1919, 12.4223 ], [ 2.1916, 12.4223 ], [ 2.1913, 12.4222 ], [ 2.1912, 12.4222 ], [ 2.1911, 12.4221 ], [ 2.191, 12.4221 ], [ 2.1909, 12.422 ], [ 2.1908, 12.422 ], [ 2.1907, 12.422 ], [ 2.1906, 12.4219 ], [ 2.1905, 12.4219 ], [ 2.1904, 12.4218 ], [ 2.1903, 12.4218 ], [ 2.19, 12.4217 ], [ 2.1898, 12.4216 ], [ 2.1897, 12.4216 ], [ 2.1896, 12.4215 ], [ 2.1895, 12.4215 ], [ 2.1894, 12.4214 ], [ 2.1893, 12.4213 ], [ 2.189, 12.4212 ], [ 2.1889, 12.4212 ], [ 2.1888, 12.4212 ], [ 2.1887, 12.4211 ], [ 2.1886, 12.4211 ], [ 2.1885, 12.4211 ], [ 2.1884, 12.4211 ], [ 2.1883, 12.4211 ], [ 2.1879, 12.421 ], [ 2.1877, 12.421 ], [ 2.1876, 12.421 ], [ 2.1875, 12.421 ], [ 2.1874, 12.4209 ], [ 2.1872, 12.4209 ], [ 2.1871, 12.4208 ], [ 2.1869, 12.4207 ], [ 2.1869, 12.4206 ], [ 2.1869, 12.4204 ], [ 2.1868, 12.4204 ], [ 2.1867, 12.4201 ], [ 2.1866, 12.42 ], [ 2.1866, 12.4199 ], [ 2.1865, 12.4199 ], [ 2.1863, 12.4198 ], [ 2.1862, 12.4198 ], [ 2.1861, 12.4198 ], [ 2.1858, 12.4198 ], [ 2.1857, 12.4197 ], [ 2.1856, 12.4197 ], [ 2.1855, 12.4195 ], [ 2.1855, 12.4194 ], [ 2.1853, 12.4192 ], [ 2.1852, 12.419 ], [ 2.1851, 12.4189 ], [ 2.185, 12.4188 ], [ 2.1849, 12.4187 ], [ 2.1848, 12.4186 ], [ 2.1847, 12.4184 ], [ 2.1846, 12.4182 ], [ 2.1846, 12.4181 ], [ 2.1845, 12.4179 ], [ 2.1845, 12.4178 ], [ 2.1844, 12.4177 ], [ 2.1844, 12.4176 ], [ 2.1844, 12.4175 ], [ 2.1843, 12.4175 ], [ 2.1842, 12.4174 ], [ 2.1841, 12.4172 ], [ 2.184, 12.4171 ], [ 2.184, 12.417 ], [ 2.1839, 12.4169 ], [ 2.1838, 12.4167 ], [ 2.1837, 12.4166 ], [ 2.1836, 12.4165 ], [ 2.1835, 12.4165 ], [ 2.1834, 12.4163 ], [ 2.1833, 12.4163 ], [ 2.1832, 12.4162 ], [ 2.1831, 12.4162 ], [ 2.183, 12.4162 ], [ 2.1829, 12.4161 ], [ 2.1828, 12.4161 ], [ 2.1827, 12.416 ], [ 2.1826, 12.416 ], [ 2.1824, 12.4158 ], [ 2.1823, 12.4158 ], [ 2.1821, 12.4158 ], [ 2.182, 12.4158 ], [ 2.1819, 12.4158 ], [ 2.1818, 12.4158 ], [ 2.1817, 12.4158 ], [ 2.1816, 12.4158 ], [ 2.1814, 12.4158 ], [ 2.1813, 12.4158 ], [ 2.1812, 12.4158 ], [ 2.1811, 12.4158 ], [ 2.1809, 12.4159 ], [ 2.1808, 12.416 ], [ 2.1808, 12.4161 ], [ 2.1807, 12.4161 ], [ 2.1806, 12.4162 ], [ 2.1805, 12.4163 ], [ 2.1806, 12.4166 ], [ 2.1806, 12.4167 ], [ 2.1806, 12.4168 ], [ 2.1806, 12.4169 ], [ 2.1806, 12.417 ], [ 2.1806, 12.4171 ], [ 2.1806, 12.4172 ], [ 2.1806, 12.4174 ], [ 2.1807, 12.4176 ], [ 2.1807, 12.4177 ], [ 2.1808, 12.4178 ], [ 2.1808, 12.4179 ], [ 2.1808, 12.418 ], [ 2.1809, 12.4183 ], [ 2.1809, 12.4184 ], [ 2.1809, 12.4185 ], [ 2.1809, 12.4186 ], [ 2.181, 12.4187 ], [ 2.181, 12.4189 ], [ 2.1811, 12.419 ], [ 2.1812, 12.4192 ], [ 2.1812, 12.4193 ], [ 2.1812, 12.4194 ], [ 2.1812, 12.4195 ], [ 2.1813, 12.4196 ], [ 2.1813, 12.4197 ], [ 2.1813, 12.4198 ], [ 2.1813, 12.4199 ], [ 2.1812, 12.42 ], [ 2.1812, 12.4201 ], [ 2.1812, 12.4203 ], [ 2.1811, 12.4204 ], [ 2.1811, 12.4205 ], [ 2.1811, 12.4206 ], [ 2.1811, 12.4207 ], [ 2.181, 12.4209 ], [ 2.1809, 12.421 ], [ 2.1809, 12.421 ], [ 2.1809, 12.4211 ], [ 2.1808, 12.4213 ], [ 2.1808, 12.4214 ], [ 2.1808, 12.4215 ], [ 2.1808, 12.4216 ], [ 2.1807, 12.4217 ], [ 2.1807, 12.4218 ], [ 2.1807, 12.422 ], [ 2.1806, 12.4221 ], [ 2.1806, 12.4222 ], [ 2.1804, 12.4224 ], [ 2.1804, 12.4225 ], [ 2.1803, 12.4226 ], [ 2.1803, 12.4227 ], [ 2.1802, 12.4228 ], [ 2.1801, 12.423 ], [ 2.18, 12.4231 ], [ 2.1799, 12.4231 ], [ 2.1797, 12.4232 ], [ 2.1797, 12.4234 ], [ 2.1796, 12.4235 ], [ 2.1795, 12.4237 ], [ 2.1794, 12.4238 ], [ 2.1794, 12.4238 ], [ 2.1793, 12.4239 ], [ 2.1792, 12.4239 ], [ 2.1791, 12.424 ], [ 2.179, 12.424 ], [ 2.1788, 12.424 ], [ 2.1787, 12.424 ], [ 2.1786, 12.424 ], [ 2.1785, 12.424 ], [ 2.1785, 12.424 ], [ 2.1783, 12.424 ], [ 2.1782, 12.424 ], [ 2.1781, 12.424 ], [ 2.178, 12.424 ], [ 2.1779, 12.424 ], [ 2.1774, 12.424 ], [ 2.1772, 12.4239 ], [ 2.1771, 12.4238 ], [ 2.1768, 12.4237 ], [ 2.1767, 12.4236 ], [ 2.1766, 12.4235 ], [ 2.1766, 12.4234 ], [ 2.1765, 12.4232 ], [ 2.1765, 12.4232 ], [ 2.1763, 12.4231 ], [ 2.1762, 12.4231 ], [ 2.1761, 12.4231 ], [ 2.176, 12.4231 ], [ 2.1759, 12.4231 ], [ 2.1758, 12.423 ], [ 2.1757, 12.423 ], [ 2.1756, 12.4229 ], [ 2.1755, 12.4228 ], [ 2.1755, 12.4227 ], [ 2.1755, 12.4226 ], [ 2.1755, 12.4225 ], [ 2.1755, 12.4223 ], [ 2.1755, 12.4222 ], [ 2.1755, 12.4221 ], [ 2.1756, 12.4219 ], [ 2.1757, 12.4217 ], [ 2.1757, 12.4216 ], [ 2.1758, 12.4214 ], [ 2.1758, 12.4213 ], [ 2.1758, 12.4212 ], [ 2.1758, 12.4211 ], [ 2.1758, 12.421 ], [ 2.1758, 12.4209 ], [ 2.1758, 12.4207 ], [ 2.1757, 12.4207 ], [ 2.1756, 12.4207 ], [ 2.1755, 12.4207 ], [ 2.1753, 12.4207 ], [ 2.1752, 12.4207 ], [ 2.1751, 12.4208 ], [ 2.1751, 12.4209 ], [ 2.1751, 12.421 ], [ 2.1751, 12.4211 ], [ 2.1751, 12.4212 ], [ 2.1751, 12.4213 ], [ 2.1751, 12.4214 ], [ 2.1751, 12.4216 ], [ 2.1751, 12.4217 ], [ 2.1751, 12.4218 ], [ 2.1749, 12.4219 ], [ 2.1748, 12.4219 ], [ 2.1747, 12.4219 ], [ 2.1746, 12.4218 ], [ 2.1745, 12.4217 ], [ 2.1744, 12.4216 ], [ 2.1744, 12.4215 ], [ 2.1742, 12.4214 ], [ 2.1741, 12.4214 ], [ 2.174, 12.4213 ], [ 2.1739, 12.4212 ], [ 2.1737, 12.421 ], [ 2.1736, 12.4209 ], [ 2.1736, 12.4208 ], [ 2.1736, 12.4206 ], [ 2.1736, 12.4205 ], [ 2.1735, 12.4204 ], [ 2.1734, 12.4203 ], [ 2.1733, 12.4202 ], [ 2.1733, 12.4202 ], [ 2.1731, 12.4199 ], [ 2.1731, 12.4199 ], [ 2.1729, 12.4197 ], [ 2.1729, 12.4196 ], [ 2.1728, 12.4194 ], [ 2.1727, 12.4193 ], [ 2.1726, 12.4191 ], [ 2.1725, 12.4191 ], [ 2.1724, 12.419 ], [ 2.1723, 12.4189 ], [ 2.1723, 12.4188 ], [ 2.1722, 12.4186 ], [ 2.1721, 12.4186 ], [ 2.172, 12.4185 ], [ 2.1718, 12.4184 ], [ 2.1716, 12.4183 ], [ 2.1715, 12.4182 ], [ 2.1713, 12.4181 ], [ 2.1712, 12.418 ], [ 2.171, 12.418 ], [ 2.171, 12.4179 ], [ 2.1708, 12.4178 ], [ 2.1707, 12.4177 ], [ 2.1706, 12.4177 ], [ 2.1705, 12.4176 ], [ 2.1703, 12.4174 ], [ 2.1703, 12.4173 ], [ 2.1702, 12.4172 ], [ 2.1701, 12.4172 ], [ 2.17, 12.4171 ], [ 2.1699, 12.4171 ], [ 2.1698, 12.4171 ], [ 2.1697, 12.417 ], [ 2.1696, 12.4169 ], [ 2.1696, 12.4168 ], [ 2.1696, 12.4167 ], [ 2.1697, 12.4165 ], [ 2.1697, 12.4164 ], [ 2.1697, 12.4161 ], [ 2.1697, 12.416 ], [ 2.1697, 12.4159 ], [ 2.1697, 12.4158 ], [ 2.1697, 12.4157 ], [ 2.1697, 12.4156 ], [ 2.1697, 12.4154 ], [ 2.1697, 12.4153 ], [ 2.1697, 12.4152 ], [ 2.1696, 12.4151 ], [ 2.1695, 12.4149 ], [ 2.1694, 12.4148 ], [ 2.1694, 12.4147 ], [ 2.1693, 12.4145 ], [ 2.1692, 12.4144 ], [ 2.1692, 12.4143 ], [ 2.1691, 12.4142 ], [ 2.169, 12.4142 ], [ 2.1689, 12.4139 ], [ 2.1688, 12.4139 ], [ 2.1687, 12.4139 ], [ 2.1685, 12.4139 ], [ 2.1684, 12.4139 ], [ 2.1682, 12.4137 ], [ 2.1681, 12.4136 ], [ 2.1681, 12.4134 ], [ 2.1681, 12.4133 ], [ 2.168, 12.4133 ], [ 2.1676, 12.4134 ], [ 2.1675, 12.4134 ], [ 2.1675, 12.4136 ], [ 2.1674, 12.4137 ], [ 2.1674, 12.4139 ], [ 2.1673, 12.414 ], [ 2.1672, 12.414 ], [ 2.1671, 12.414 ], [ 2.167, 12.414 ], [ 2.1669, 12.414 ], [ 2.1667, 12.4139 ], [ 2.1666, 12.4139 ], [ 2.1664, 12.4138 ], [ 2.1664, 12.4137 ], [ 2.1665, 12.4135 ], [ 2.1664, 12.4134 ], [ 2.1663, 12.4133 ], [ 2.1662, 12.4132 ], [ 2.1661, 12.4132 ], [ 2.166, 12.4131 ], [ 2.1659, 12.4131 ], [ 2.1658, 12.4131 ], [ 2.1657, 12.4131 ], [ 2.1655, 12.4131 ], [ 2.1654, 12.413 ], [ 2.1653, 12.4129 ], [ 2.1652, 12.4128 ], [ 2.1651, 12.4128 ], [ 2.165, 12.4128 ], [ 2.1647, 12.4129 ], [ 2.1646, 12.4129 ], [ 2.1644, 12.413 ], [ 2.1644, 12.4132 ], [ 2.1645, 12.4134 ], [ 2.1647, 12.4135 ], [ 2.1648, 12.4135 ], [ 2.165, 12.4135 ], [ 2.1651, 12.4136 ], [ 2.165, 12.4138 ], [ 2.1648, 12.4139 ], [ 2.1645, 12.414 ], [ 2.1644, 12.414 ], [ 2.1643, 12.4143 ], [ 2.1645, 12.4144 ], [ 2.1646, 12.4145 ], [ 2.1646, 12.4146 ], [ 2.1645, 12.4147 ], [ 2.1644, 12.4149 ], [ 2.1643, 12.4149 ], [ 2.1641, 12.415 ], [ 2.164, 12.415 ], [ 2.1639, 12.415 ], [ 2.1638, 12.4151 ], [ 2.1638, 12.4152 ], [ 2.1638, 12.4153 ], [ 2.1638, 12.4154 ], [ 2.1638, 12.4156 ], [ 2.1638, 12.4157 ], [ 2.1638, 12.4158 ], [ 2.1638, 12.4159 ], [ 2.1638, 12.416 ], [ 2.1637, 12.4162 ], [ 2.1636, 12.4163 ], [ 2.1634, 12.4165 ], [ 2.1633, 12.4166 ], [ 2.1633, 12.4167 ], [ 2.1632, 12.4168 ], [ 2.1631, 12.4169 ], [ 2.1631, 12.417 ], [ 2.1629, 12.4172 ], [ 2.1628, 12.4173 ], [ 2.1626, 12.4173 ], [ 2.1625, 12.4174 ], [ 2.1624, 12.4174 ], [ 2.1623, 12.4175 ], [ 2.1622, 12.4175 ], [ 2.1621, 12.4175 ], [ 2.1619, 12.4175 ], [ 2.1618, 12.4175 ], [ 2.1617, 12.4175 ], [ 2.1616, 12.4175 ], [ 2.1615, 12.4175 ], [ 2.1613, 12.4175 ], [ 2.1612, 12.4175 ], [ 2.1611, 12.4175 ], [ 2.161, 12.4175 ], [ 2.1609, 12.4175 ], [ 2.1607, 12.4175 ], [ 2.1607, 12.4176 ], [ 2.1605, 12.4176 ], [ 2.1604, 12.4176 ], [ 2.1601, 12.4176 ], [ 2.1599, 12.4177 ], [ 2.1596, 12.4177 ], [ 2.1595, 12.4177 ], [ 2.1593, 12.4177 ], [ 2.1592, 12.4177 ], [ 2.1591, 12.4177 ], [ 2.159, 12.4177 ], [ 2.1589, 12.4177 ], [ 2.1588, 12.4177 ], [ 2.1587, 12.4176 ], [ 2.1585, 12.4176 ], [ 2.1584, 12.4175 ], [ 2.1582, 12.4174 ], [ 2.158, 12.4174 ], [ 2.1579, 12.4174 ], [ 2.1578, 12.4174 ], [ 2.1577, 12.4174 ], [ 2.1576, 12.4173 ], [ 2.1575, 12.4173 ], [ 2.1574, 12.4173 ], [ 2.1573, 12.4172 ], [ 2.1572, 12.4172 ], [ 2.1571, 12.4171 ], [ 2.157, 12.4171 ], [ 2.1569, 12.417 ], [ 2.1569, 12.4168 ], [ 2.1569, 12.4167 ], [ 2.1568, 12.4166 ], [ 2.1567, 12.4166 ], [ 2.1566, 12.4165 ], [ 2.1564, 12.4165 ], [ 2.1563, 12.4164 ], [ 2.1562, 12.4164 ], [ 2.1561, 12.4163 ], [ 2.156, 12.4163 ], [ 2.1559, 12.4162 ], [ 2.1558, 12.416 ], [ 2.1556, 12.4158 ], [ 2.1556, 12.4157 ], [ 2.1555, 12.4156 ], [ 2.1555, 12.4155 ], [ 2.1555, 12.4154 ], [ 2.1555, 12.4153 ], [ 2.1555, 12.4151 ], [ 2.1555, 12.415 ], [ 2.1554, 12.4149 ], [ 2.1554, 12.4148 ], [ 2.1554, 12.4147 ], [ 2.1553, 12.4146 ], [ 2.1553, 12.4144 ], [ 2.1552, 12.4142 ], [ 2.1551, 12.4142 ], [ 2.155, 12.4141 ], [ 2.1549, 12.414 ], [ 2.1548, 12.414 ], [ 2.1548, 12.4138 ], [ 2.1548, 12.4136 ], [ 2.155, 12.4135 ], [ 2.1551, 12.4135 ], [ 2.1552, 12.4135 ], [ 2.1553, 12.4135 ], [ 2.1555, 12.4134 ], [ 2.1556, 12.4134 ], [ 2.1556, 12.4133 ], [ 2.1556, 12.4132 ], [ 2.1555, 12.413 ], [ 2.1555, 12.4129 ], [ 2.1554, 12.4128 ], [ 2.1554, 12.4127 ], [ 2.1555, 12.4125 ], [ 2.1555, 12.4124 ], [ 2.1555, 12.4123 ], [ 2.1556, 12.4121 ], [ 2.1557, 12.4121 ], [ 2.1558, 12.412 ], [ 2.1559, 12.412 ], [ 2.156, 12.412 ], [ 2.1562, 12.4119 ], [ 2.1563, 12.4118 ], [ 2.1564, 12.4116 ], [ 2.1565, 12.4115 ], [ 2.1565, 12.4114 ], [ 2.1565, 12.4113 ], [ 2.1565, 12.4112 ], [ 2.1565, 12.411 ], [ 2.1564, 12.4109 ], [ 2.1564, 12.4108 ], [ 2.1564, 12.4107 ], [ 2.1564, 12.4106 ], [ 2.1564, 12.4103 ], [ 2.1564, 12.4102 ], [ 2.1564, 12.4101 ], [ 2.1564, 12.41 ], [ 2.1564, 12.4099 ], [ 2.1563, 12.4097 ], [ 2.1563, 12.4096 ], [ 2.1562, 12.4094 ], [ 2.1562, 12.4092 ], [ 2.1561, 12.4091 ], [ 2.1561, 12.409 ], [ 2.156, 12.4088 ], [ 2.1559, 12.4087 ], [ 2.1558, 12.4085 ], [ 2.1557, 12.4085 ], [ 2.1556, 12.4085 ], [ 2.1555, 12.4085 ], [ 2.1553, 12.4085 ], [ 2.1552, 12.4085 ], [ 2.1549, 12.4085 ], [ 2.1548, 12.4085 ], [ 2.1547, 12.4085 ], [ 2.1546, 12.4085 ], [ 2.1545, 12.4085 ], [ 2.1542, 12.4084 ], [ 2.1541, 12.4083 ], [ 2.154, 12.4083 ], [ 2.1538, 12.4081 ], [ 2.1535, 12.4079 ], [ 2.1534, 12.4077 ], [ 2.1533, 12.4077 ], [ 2.1532, 12.4076 ], [ 2.1531, 12.4076 ], [ 2.153, 12.4075 ], [ 2.1529, 12.4074 ], [ 2.1528, 12.4074 ], [ 2.1527, 12.4074 ], [ 2.1526, 12.4074 ], [ 2.1525, 12.4075 ], [ 2.1524, 12.4075 ], [ 2.1523, 12.4075 ], [ 2.1521, 12.4075 ], [ 2.152, 12.4075 ], [ 2.1519, 12.4075 ], [ 2.1517, 12.4075 ], [ 2.1516, 12.4074 ], [ 2.1515, 12.4074 ], [ 2.1514, 12.4074 ], [ 2.1513, 12.4073 ], [ 2.1511, 12.4073 ], [ 2.151, 12.4072 ], [ 2.1509, 12.4071 ], [ 2.1507, 12.4069 ], [ 2.1506, 12.4067 ], [ 2.1505, 12.4066 ], [ 2.1504, 12.4064 ], [ 2.1503, 12.4062 ], [ 2.1502, 12.4061 ], [ 2.1501, 12.4059 ], [ 2.15, 12.4059 ], [ 2.1499, 12.4058 ], [ 2.1497, 12.4058 ], [ 2.1496, 12.4058 ], [ 2.1495, 12.4058 ], [ 2.1494, 12.4059 ], [ 2.1493, 12.4059 ], [ 2.1491, 12.406 ], [ 2.149, 12.406 ], [ 2.1489, 12.4062 ], [ 2.1487, 12.4063 ], [ 2.1486, 12.4064 ], [ 2.1485, 12.4064 ], [ 2.1484, 12.4065 ], [ 2.1483, 12.4066 ], [ 2.1482, 12.4068 ], [ 2.1481, 12.4068 ], [ 2.148, 12.4068 ], [ 2.1478, 12.4066 ], [ 2.1478, 12.4065 ], [ 2.1477, 12.4063 ], [ 2.1478, 12.4062 ], [ 2.1478, 12.4061 ], [ 2.1476, 12.4061 ], [ 2.1474, 12.4061 ], [ 2.1473, 12.4061 ], [ 2.1471, 12.4061 ], [ 2.147, 12.4061 ], [ 2.1469, 12.4062 ], [ 2.1469, 12.4063 ], [ 2.1469, 12.4065 ], [ 2.1469, 12.4066 ], [ 2.1468, 12.4067 ], [ 2.1467, 12.4068 ], [ 2.1467, 12.4069 ], [ 2.1466, 12.407 ], [ 2.1464, 12.4071 ], [ 2.1463, 12.4071 ], [ 2.1462, 12.407 ], [ 2.146, 12.4069 ], [ 2.146, 12.4068 ], [ 2.1461, 12.4067 ], [ 2.1461, 12.4066 ], [ 2.1461, 12.4065 ], [ 2.1461, 12.4064 ], [ 2.1459, 12.4063 ], [ 2.1458, 12.4063 ], [ 2.1457, 12.4062 ], [ 2.1456, 12.4062 ], [ 2.1455, 12.4062 ], [ 2.1453, 12.4062 ], [ 2.1451, 12.4061 ], [ 2.145, 12.4061 ], [ 2.1449, 12.4061 ], [ 2.1447, 12.406 ], [ 2.1445, 12.406 ], [ 2.1444, 12.4061 ], [ 2.1443, 12.4061 ], [ 2.1441, 12.4061 ], [ 2.144, 12.4061 ], [ 2.1439, 12.406 ], [ 2.1437, 12.4059 ], [ 2.1435, 12.4058 ], [ 2.1434, 12.4057 ], [ 2.1433, 12.4056 ], [ 2.1431, 12.4055 ], [ 2.1429, 12.4054 ], [ 2.1428, 12.4054 ], [ 2.1427, 12.4054 ], [ 2.1426, 12.4054 ], [ 2.1425, 12.4053 ], [ 2.1424, 12.4052 ], [ 2.1423, 12.4052 ], [ 2.1422, 12.4051 ], [ 2.1421, 12.4051 ], [ 2.1419, 12.405 ], [ 2.1418, 12.405 ], [ 2.1417, 12.4049 ], [ 2.1415, 12.4048 ], [ 2.1412, 12.4048 ], [ 2.141, 12.4049 ], [ 2.1409, 12.4049 ], [ 2.1407, 12.4049 ], [ 2.1406, 12.4048 ], [ 2.1405, 12.4048 ], [ 2.1404, 12.4048 ], [ 2.1403, 12.4047 ], [ 2.1402, 12.4047 ], [ 2.14, 12.4046 ], [ 2.1397, 12.4045 ], [ 2.1396, 12.4043 ], [ 2.1396, 12.4042 ], [ 2.1396, 12.4041 ], [ 2.1396, 12.404 ], [ 2.1398, 12.4039 ], [ 2.1399, 12.4039 ], [ 2.14, 12.4039 ], [ 2.1401, 12.4039 ], [ 2.1403, 12.4038 ], [ 2.1403, 12.4036 ], [ 2.1404, 12.4034 ], [ 2.1404, 12.4033 ], [ 2.1404, 12.4032 ], [ 2.1404, 12.4031 ], [ 2.1403, 12.403 ], [ 2.1402, 12.4029 ], [ 2.1401, 12.4027 ], [ 2.14, 12.4026 ], [ 2.14, 12.4026 ], [ 2.1398, 12.4024 ], [ 2.1397, 12.4023 ], [ 2.1396, 12.4022 ], [ 2.1395, 12.4021 ], [ 2.1394, 12.4021 ], [ 2.1393, 12.4021 ], [ 2.1392, 12.402 ], [ 2.1391, 12.4019 ], [ 2.1391, 12.4018 ], [ 2.1391, 12.4016 ], [ 2.1391, 12.4015 ], [ 2.139, 12.4013 ], [ 2.1388, 12.4011 ], [ 2.1387, 12.4011 ], [ 2.1385, 12.4011 ], [ 2.1384, 12.4011 ], [ 2.1383, 12.4011 ], [ 2.1382, 12.4011 ], [ 2.1381, 12.4011 ], [ 2.1379, 12.4011 ], [ 2.1378, 12.4011 ], [ 2.1377, 12.4011 ], [ 2.1376, 12.4011 ], [ 2.1374, 12.4011 ], [ 2.1372, 12.4011 ], [ 2.1368, 12.4012 ], [ 2.1367, 12.4012 ], [ 2.1366, 12.4012 ], [ 2.1365, 12.4012 ], [ 2.1364, 12.4012 ], [ 2.1362, 12.4012 ], [ 2.1361, 12.4012 ], [ 2.136, 12.4011 ], [ 2.1359, 12.4011 ], [ 2.1357, 12.4011 ], [ 2.1353, 12.4011 ], [ 2.1352, 12.401 ], [ 2.1351, 12.401 ], [ 2.135, 12.401 ], [ 2.1349, 12.401 ], [ 2.1348, 12.401 ], [ 2.1346, 12.401 ], [ 2.1345, 12.4009 ], [ 2.1342, 12.4009 ], [ 2.1341, 12.4009 ], [ 2.1339, 12.4009 ], [ 2.1338, 12.4009 ], [ 2.1337, 12.4009 ], [ 2.1336, 12.4009 ], [ 2.1335, 12.4009 ], [ 2.1333, 12.4009 ], [ 2.1332, 12.4009 ], [ 2.1331, 12.4009 ], [ 2.1329, 12.4009 ], [ 2.1328, 12.4009 ], [ 2.1327, 12.4009 ], [ 2.1325, 12.4008 ], [ 2.1324, 12.4008 ], [ 2.1323, 12.4008 ], [ 2.132, 12.4008 ], [ 2.1319, 12.4007 ], [ 2.1318, 12.4007 ], [ 2.1317, 12.4007 ], [ 2.1315, 12.4006 ], [ 2.1314, 12.4006 ], [ 2.1313, 12.4006 ], [ 2.1312, 12.4005 ], [ 2.1311, 12.4005 ], [ 2.131, 12.4005 ], [ 2.1309, 12.4005 ], [ 2.1308, 12.4004 ], [ 2.1307, 12.4004 ], [ 2.1306, 12.4003 ], [ 2.1305, 12.4002 ], [ 2.1303, 12.4002 ], [ 2.1302, 12.4001 ], [ 2.13, 12.4 ], [ 2.1298, 12.3998 ], [ 2.1296, 12.3997 ], [ 2.1294, 12.3995 ], [ 2.1291, 12.3994 ], [ 2.129, 12.3993 ], [ 2.1289, 12.3993 ], [ 2.1288, 12.3992 ], [ 2.1284, 12.399 ], [ 2.1283, 12.399 ], [ 2.1283, 12.3989 ], [ 2.1282, 12.3989 ], [ 2.128, 12.3988 ], [ 2.1279, 12.3987 ], [ 2.1276, 12.3986 ], [ 2.1275, 12.3985 ], [ 2.1272, 12.3984 ], [ 2.1272, 12.3983 ], [ 2.1271, 12.3982 ], [ 2.127, 12.3982 ], [ 2.1269, 12.3982 ], [ 2.1266, 12.3981 ], [ 2.1265, 12.3981 ], [ 2.1264, 12.398 ], [ 2.1263, 12.398 ], [ 2.1261, 12.398 ], [ 2.1259, 12.3981 ], [ 2.1258, 12.3981 ], [ 2.1257, 12.3981 ], [ 2.1256, 12.3981 ], [ 2.1255, 12.3981 ], [ 2.1253, 12.3981 ], [ 2.1252, 12.3981 ], [ 2.1251, 12.3982 ], [ 2.1249, 12.3982 ], [ 2.1248, 12.3982 ], [ 2.1246, 12.3982 ], [ 2.1244, 12.3982 ], [ 2.1243, 12.3982 ], [ 2.1242, 12.3982 ], [ 2.1239, 12.3981 ], [ 2.1237, 12.3981 ], [ 2.1236, 12.398 ], [ 2.1234, 12.398 ], [ 2.1232, 12.3979 ], [ 2.1232, 12.3978 ], [ 2.1228, 12.3976 ], [ 2.1223, 12.3975 ], [ 2.1223, 12.3974 ], [ 2.1222, 12.3973 ], [ 2.122, 12.3972 ], [ 2.1219, 12.3972 ], [ 2.1215, 12.397 ], [ 2.1213, 12.3969 ], [ 2.1212, 12.3968 ], [ 2.121, 12.3968 ], [ 2.1209, 12.3968 ], [ 2.1208, 12.3967 ], [ 2.1207, 12.3967 ], [ 2.1204, 12.3966 ], [ 2.1203, 12.3965 ], [ 2.1201, 12.3964 ], [ 2.12, 12.3964 ], [ 2.1196, 12.3962 ], [ 2.1194, 12.3962 ], [ 2.1192, 12.396 ], [ 2.1191, 12.3959 ], [ 2.1191, 12.3958 ], [ 2.119, 12.3957 ], [ 2.1189, 12.3955 ], [ 2.1189, 12.3954 ], [ 2.1189, 12.3953 ], [ 2.1188, 12.3952 ], [ 2.1188, 12.3951 ], [ 2.1187, 12.395 ], [ 2.1187, 12.3949 ], [ 2.1187, 12.3948 ], [ 2.1187, 12.3947 ], [ 2.1187, 12.3946 ], [ 2.1187, 12.3943 ], [ 2.1187, 12.3942 ], [ 2.1187, 12.3941 ], [ 2.1187, 12.394 ], [ 2.1186, 12.3937 ], [ 2.1186, 12.3936 ], [ 2.1186, 12.3934 ], [ 2.1186, 12.3933 ], [ 2.1186, 12.3932 ], [ 2.1186, 12.3931 ], [ 2.1185, 12.393 ], [ 2.1185, 12.3929 ], [ 2.1185, 12.3928 ], [ 2.1185, 12.3927 ], [ 2.1185, 12.3926 ], [ 2.1185, 12.3925 ], [ 2.1186, 12.3924 ], [ 2.1186, 12.3922 ], [ 2.1186, 12.3921 ], [ 2.1187, 12.392 ], [ 2.1187, 12.3918 ], [ 2.1187, 12.3917 ], [ 2.1187, 12.3916 ], [ 2.1187, 12.3914 ], [ 2.1187, 12.3913 ], [ 2.1186, 12.3912 ], [ 2.1185, 12.3911 ], [ 2.1185, 12.3909 ], [ 2.1185, 12.3908 ], [ 2.1185, 12.3907 ], [ 2.1184, 12.3906 ], [ 2.1184, 12.3905 ], [ 2.1183, 12.3904 ], [ 2.1182, 12.3904 ], [ 2.1181, 12.3903 ], [ 2.118, 12.3902 ], [ 2.118, 12.3901 ], [ 2.1179, 12.39 ], [ 2.1178, 12.3899 ], [ 2.1177, 12.3897 ], [ 2.1176, 12.3895 ], [ 2.1174, 12.3893 ], [ 2.1173, 12.3891 ], [ 2.1172, 12.3891 ], [ 2.1172, 12.389 ], [ 2.1171, 12.3889 ], [ 2.117, 12.3887 ], [ 2.1169, 12.3886 ], [ 2.1167, 12.3884 ], [ 2.1167, 12.3883 ], [ 2.1166, 12.3881 ], [ 2.1165, 12.3881 ], [ 2.1165, 12.388 ], [ 2.1164, 12.3878 ], [ 2.1164, 12.3874 ], [ 2.1163, 12.3872 ], [ 2.1162, 12.3871 ], [ 2.1162, 12.387 ], [ 2.1162, 12.3869 ], [ 2.1161, 12.3866 ], [ 2.1161, 12.3865 ], [ 2.1159, 12.3864 ], [ 2.1157, 12.3863 ], [ 2.1155, 12.3863 ], [ 2.1153, 12.3862 ], [ 2.1152, 12.3862 ], [ 2.1151, 12.3861 ], [ 2.115, 12.3861 ], [ 2.115, 12.3859 ], [ 2.1151, 12.3859 ], [ 2.1152, 12.3858 ], [ 2.1153, 12.3856 ], [ 2.1153, 12.3855 ], [ 2.1152, 12.3854 ], [ 2.1151, 12.3853 ], [ 2.115, 12.3853 ], [ 2.1149, 12.3853 ], [ 2.1148, 12.3854 ], [ 2.1147, 12.3854 ], [ 2.1145, 12.3853 ], [ 2.1144, 12.3853 ], [ 2.1142, 12.3852 ], [ 2.1141, 12.3852 ], [ 2.114, 12.3852 ], [ 2.1138, 12.3851 ], [ 2.1138, 12.3849 ], [ 2.1138, 12.3848 ], [ 2.1138, 12.3847 ], [ 2.1138, 12.3846 ], [ 2.1139, 12.3844 ], [ 2.114, 12.3842 ], [ 2.114, 12.3841 ], [ 2.1139, 12.384 ], [ 2.1138, 12.384 ], [ 2.1136, 12.3838 ], [ 2.1136, 12.3836 ], [ 2.1136, 12.3835 ], [ 2.1136, 12.3834 ], [ 2.1136, 12.3833 ], [ 2.1135, 12.3832 ], [ 2.1134, 12.3831 ], [ 2.1133, 12.3831 ], [ 2.1132, 12.3831 ], [ 2.1129, 12.383 ], [ 2.1128, 12.383 ], [ 2.1127, 12.383 ], [ 2.1126, 12.383 ], [ 2.1124, 12.383 ], [ 2.1123, 12.3832 ], [ 2.1122, 12.3832 ], [ 2.1121, 12.3832 ], [ 2.112, 12.3832 ], [ 2.1119, 12.383 ], [ 2.1119, 12.3828 ], [ 2.112, 12.3826 ], [ 2.1121, 12.3826 ], [ 2.1122, 12.3825 ], [ 2.1123, 12.3824 ], [ 2.1123, 12.3823 ], [ 2.1122, 12.3822 ], [ 2.1122, 12.382 ], [ 2.1121, 12.3819 ], [ 2.112, 12.3818 ], [ 2.1118, 12.3818 ], [ 2.1117, 12.3818 ], [ 2.1116, 12.3819 ], [ 2.1115, 12.3819 ], [ 2.1114, 12.3819 ], [ 2.1113, 12.3819 ], [ 2.1112, 12.3818 ], [ 2.1111, 12.3818 ], [ 2.1109, 12.3818 ], [ 2.1108, 12.3818 ], [ 2.1107, 12.3818 ], [ 2.1104, 12.3819 ], [ 2.1103, 12.382 ], [ 2.1101, 12.3821 ], [ 2.1099, 12.3823 ], [ 2.1097, 12.3824 ], [ 2.1096, 12.3825 ], [ 2.1096, 12.3826 ], [ 2.1095, 12.3827 ], [ 2.1094, 12.3828 ], [ 2.1093, 12.383 ], [ 2.1093, 12.3831 ], [ 2.1092, 12.3833 ], [ 2.1091, 12.3836 ], [ 2.109, 12.3837 ], [ 2.1089, 12.3838 ], [ 2.1089, 12.3839 ], [ 2.1088, 12.384 ], [ 2.1087, 12.3843 ], [ 2.1087, 12.3844 ], [ 2.1087, 12.3845 ], [ 2.1087, 12.3846 ], [ 2.1087, 12.3847 ], [ 2.1086, 12.3848 ], [ 2.1086, 12.385 ], [ 2.1086, 12.3851 ], [ 2.1085, 12.3851 ], [ 2.1085, 12.3853 ], [ 2.1084, 12.3855 ], [ 2.1083, 12.3857 ], [ 2.1081, 12.3858 ], [ 2.108, 12.3858 ], [ 2.1079, 12.3859 ], [ 2.1078, 12.386 ], [ 2.1077, 12.3861 ], [ 2.1076, 12.3861 ], [ 2.1075, 12.3862 ], [ 2.1074, 12.3863 ], [ 2.1074, 12.3864 ], [ 2.1073, 12.3865 ], [ 2.1072, 12.3866 ], [ 2.1071, 12.3868 ], [ 2.107, 12.3868 ], [ 2.1069, 12.3868 ], [ 2.1068, 12.3868 ], [ 2.1067, 12.3868 ], [ 2.1066, 12.3869 ], [ 2.1065, 12.387 ], [ 2.1064, 12.3871 ], [ 2.1063, 12.3871 ], [ 2.1062, 12.3872 ], [ 2.1061, 12.3872 ], [ 2.106, 12.3875 ], [ 2.106, 12.3876 ], [ 2.1059, 12.3877 ], [ 2.1058, 12.3878 ], [ 2.1056, 12.388 ], [ 2.1055, 12.3881 ], [ 2.1053, 12.3881 ], [ 2.1052, 12.3881 ], [ 2.1051, 12.3881 ], [ 2.105, 12.3881 ], [ 2.1049, 12.3881 ], [ 2.1048, 12.3882 ], [ 2.1047, 12.3882 ], [ 2.1046, 12.3883 ], [ 2.1046, 12.3885 ], [ 2.1046, 12.3886 ], [ 2.1047, 12.3887 ], [ 2.1047, 12.3888 ], [ 2.1049, 12.3889 ], [ 2.1049, 12.389 ], [ 2.105, 12.3891 ], [ 2.1051, 12.3892 ], [ 2.1052, 12.3894 ], [ 2.1053, 12.3895 ], [ 2.1054, 12.3896 ], [ 2.1056, 12.3897 ], [ 2.1057, 12.3898 ], [ 2.1059, 12.3898 ], [ 2.106, 12.3899 ], [ 2.1061, 12.3899 ], [ 2.1062, 12.3899 ], [ 2.1063, 12.3899 ], [ 2.1064, 12.3899 ], [ 2.1065, 12.3899 ], [ 2.1066, 12.3899 ], [ 2.1067, 12.3899 ], [ 2.1068, 12.3899 ], [ 2.1069, 12.3899 ], [ 2.107, 12.39 ], [ 2.1072, 12.3901 ], [ 2.1074, 12.3903 ], [ 2.1075, 12.3906 ], [ 2.1075, 12.3907 ], [ 2.1076, 12.3909 ], [ 2.1077, 12.391 ], [ 2.1077, 12.3911 ], [ 2.1078, 12.3912 ], [ 2.1079, 12.3914 ], [ 2.108, 12.3915 ], [ 2.108, 12.3916 ], [ 2.108, 12.3917 ], [ 2.108, 12.3918 ], [ 2.108, 12.392 ], [ 2.108, 12.3921 ], [ 2.108, 12.3922 ], [ 2.1079, 12.3923 ], [ 2.1078, 12.3925 ], [ 2.1077, 12.3926 ], [ 2.1077, 12.3927 ], [ 2.1077, 12.3928 ], [ 2.1077, 12.393 ], [ 2.1077, 12.3931 ], [ 2.1077, 12.3932 ], [ 2.1077, 12.3933 ], [ 2.1077, 12.3935 ], [ 2.1077, 12.3936 ], [ 2.1075, 12.3936 ], [ 2.1073, 12.3939 ], [ 2.1072, 12.394 ], [ 2.107, 12.3942 ], [ 2.107, 12.3942 ], [ 2.1069, 12.3943 ], [ 2.1067, 12.3944 ], [ 2.1064, 12.3946 ], [ 2.1063, 12.3946 ], [ 2.1062, 12.3946 ], [ 2.106, 12.3947 ], [ 2.1059, 12.3947 ], [ 2.1058, 12.3947 ], [ 2.1057, 12.3947 ], [ 2.1056, 12.3946 ], [ 2.1054, 12.3946 ], [ 2.1053, 12.3946 ], [ 2.1052, 12.3946 ], [ 2.1051, 12.3945 ], [ 2.105, 12.3944 ], [ 2.1049, 12.3943 ], [ 2.1048, 12.3943 ], [ 2.1046, 12.3941 ], [ 2.1044, 12.394 ], [ 2.1042, 12.3938 ], [ 2.1042, 12.3937 ], [ 2.1041, 12.3935 ], [ 2.1041, 12.3934 ], [ 2.104, 12.3933 ], [ 2.104, 12.3932 ], [ 2.104, 12.3931 ], [ 2.104, 12.393 ], [ 2.104, 12.3929 ], [ 2.1039, 12.3928 ], [ 2.1039, 12.3927 ], [ 2.1038, 12.3926 ], [ 2.1037, 12.3925 ], [ 2.1034, 12.3924 ], [ 2.1033, 12.3924 ], [ 2.1032, 12.3924 ], [ 2.103, 12.3925 ], [ 2.1029, 12.3926 ], [ 2.1028, 12.3927 ], [ 2.1027, 12.3928 ], [ 2.1027, 12.3929 ], [ 2.1028, 12.3931 ], [ 2.1028, 12.3933 ], [ 2.1029, 12.3935 ], [ 2.1029, 12.3936 ], [ 2.103, 12.3938 ], [ 2.103, 12.3939 ], [ 2.1028, 12.3939 ], [ 2.1026, 12.3939 ], [ 2.1024, 12.3938 ], [ 2.1023, 12.3938 ], [ 2.1022, 12.3938 ], [ 2.1021, 12.3937 ], [ 2.102, 12.3937 ], [ 2.1019, 12.3936 ], [ 2.1018, 12.3936 ], [ 2.1017, 12.3936 ], [ 2.1015, 12.3936 ], [ 2.1014, 12.3936 ], [ 2.1011, 12.3935 ], [ 2.1009, 12.3935 ], [ 2.1007, 12.3935 ], [ 2.1006, 12.3935 ], [ 2.1004, 12.3935 ], [ 2.1, 12.3935 ], [ 2.0998, 12.3934 ], [ 2.0996, 12.3934 ], [ 2.0995, 12.3934 ], [ 2.0994, 12.3934 ], [ 2.0993, 12.3934 ], [ 2.0992, 12.3933 ], [ 2.0991, 12.3932 ], [ 2.099, 12.3931 ], [ 2.0989, 12.3931 ], [ 2.0987, 12.393 ], [ 2.0986, 12.393 ], [ 2.0985, 12.3929 ], [ 2.0982, 12.3928 ], [ 2.0981, 12.3928 ], [ 2.098, 12.3928 ], [ 2.0978, 12.3927 ], [ 2.0977, 12.3925 ], [ 2.0976, 12.3925 ], [ 2.0975, 12.3925 ], [ 2.0974, 12.3924 ], [ 2.0973, 12.3924 ], [ 2.0972, 12.3924 ], [ 2.0971, 12.3924 ], [ 2.097, 12.3924 ], [ 2.0969, 12.3923 ], [ 2.0968, 12.3923 ], [ 2.0967, 12.3923 ], [ 2.0965, 12.3923 ], [ 2.0961, 12.3923 ], [ 2.096, 12.3922 ], [ 2.0959, 12.3922 ], [ 2.0958, 12.3921 ], [ 2.0957, 12.392 ], [ 2.0955, 12.392 ], [ 2.0954, 12.3919 ], [ 2.0949, 12.3918 ], [ 2.0947, 12.3918 ], [ 2.0945, 12.3918 ], [ 2.0944, 12.3918 ], [ 2.0942, 12.3918 ], [ 2.094, 12.3918 ], [ 2.0938, 12.3917 ], [ 2.0936, 12.3917 ], [ 2.0935, 12.3917 ], [ 2.0934, 12.3917 ], [ 2.0931, 12.3918 ], [ 2.093, 12.3918 ], [ 2.0928, 12.3918 ], [ 2.0927, 12.3918 ], [ 2.0925, 12.3918 ], [ 2.0924, 12.3918 ], [ 2.0923, 12.3918 ], [ 2.0921, 12.3918 ], [ 2.0919, 12.3919 ], [ 2.0918, 12.3919 ], [ 2.0917, 12.3919 ], [ 2.0916, 12.3919 ], [ 2.0915, 12.3919 ], [ 2.0913, 12.392 ], [ 2.0911, 12.3921 ], [ 2.091, 12.3921 ], [ 2.0909, 12.3921 ], [ 2.0907, 12.3921 ], [ 2.0906, 12.3921 ], [ 2.0903, 12.3921 ], [ 2.0902, 12.3921 ], [ 2.0901, 12.3921 ], [ 2.09, 12.3922 ], [ 2.0897, 12.3924 ], [ 2.0896, 12.3924 ], [ 2.0895, 12.3924 ], [ 2.0894, 12.3925 ], [ 2.0893, 12.3925 ], [ 2.0889, 12.3926 ], [ 2.0888, 12.3926 ], [ 2.0887, 12.3927 ], [ 2.0885, 12.3928 ], [ 2.0884, 12.3928 ], [ 2.0882, 12.3928 ], [ 2.0881, 12.3929 ], [ 2.088, 12.393 ], [ 2.088, 12.3931 ], [ 2.0879, 12.3931 ], [ 2.0878, 12.3932 ], [ 2.0876, 12.3933 ], [ 2.0871, 12.3935 ], [ 2.0869, 12.3935 ], [ 2.0868, 12.3935 ], [ 2.0866, 12.3934 ], [ 2.0865, 12.3934 ], [ 2.0864, 12.3934 ], [ 2.0863, 12.3934 ], [ 2.0862, 12.3934 ], [ 2.0861, 12.3934 ], [ 2.0858, 12.3934 ], [ 2.0855, 12.3934 ], [ 2.0853, 12.3934 ], [ 2.0852, 12.3934 ], [ 2.0851, 12.3934 ], [ 2.0849, 12.3932 ], [ 2.0848, 12.3931 ], [ 2.0848, 12.3929 ], [ 2.0847, 12.3928 ], [ 2.0847, 12.3927 ], [ 2.0846, 12.3925 ], [ 2.0846, 12.3924 ], [ 2.0846, 12.3923 ], [ 2.0846, 12.3922 ], [ 2.0847, 12.392 ], [ 2.0848, 12.3918 ], [ 2.0848, 12.3917 ], [ 2.0848, 12.3916 ], [ 2.0847, 12.3915 ], [ 2.0847, 12.3914 ], [ 2.0846, 12.3913 ], [ 2.0844, 12.3913 ], [ 2.0843, 12.3913 ], [ 2.0842, 12.3912 ], [ 2.0841, 12.391 ], [ 2.0841, 12.3909 ], [ 2.0841, 12.3908 ], [ 2.0842, 12.3906 ], [ 2.0843, 12.3905 ], [ 2.0844, 12.3904 ], [ 2.0845, 12.3903 ], [ 2.0845, 12.3901 ], [ 2.0845, 12.39 ], [ 2.0844, 12.3898 ], [ 2.0844, 12.3897 ], [ 2.0841, 12.3896 ], [ 2.084, 12.3896 ], [ 2.0838, 12.3895 ], [ 2.0837, 12.3895 ], [ 2.0835, 12.3895 ], [ 2.0834, 12.3895 ], [ 2.0833, 12.3895 ], [ 2.0832, 12.3895 ], [ 2.0831, 12.3895 ], [ 2.0828, 12.3895 ], [ 2.0827, 12.3895 ], [ 2.0826, 12.3894 ], [ 2.0824, 12.3894 ], [ 2.0823, 12.3894 ], [ 2.0822, 12.3894 ], [ 2.0821, 12.3894 ], [ 2.082, 12.3894 ], [ 2.0819, 12.3893 ], [ 2.0818, 12.3893 ], [ 2.0817, 12.3893 ], [ 2.0816, 12.3892 ], [ 2.0815, 12.3892 ], [ 2.0814, 12.3889 ], [ 2.0813, 12.3888 ], [ 2.0812, 12.3886 ], [ 2.0811, 12.3884 ], [ 2.081, 12.3881 ], [ 2.081, 12.388 ], [ 2.081, 12.3879 ], [ 2.081, 12.3878 ], [ 2.081, 12.3876 ], [ 2.0811, 12.3872 ], [ 2.081, 12.3871 ], [ 2.081, 12.387 ], [ 2.0811, 12.3868 ], [ 2.0811, 12.3867 ], [ 2.0811, 12.3865 ], [ 2.081, 12.3864 ], [ 2.0808, 12.3864 ], [ 2.0807, 12.3864 ], [ 2.0806, 12.3865 ], [ 2.0805, 12.3865 ], [ 2.0803, 12.3866 ], [ 2.0802, 12.3866 ], [ 2.0801, 12.3867 ], [ 2.08, 12.3868 ], [ 2.0799, 12.3869 ], [ 2.0798, 12.387 ], [ 2.0797, 12.3871 ], [ 2.0796, 12.3872 ], [ 2.0795, 12.3874 ], [ 2.0792, 12.3873 ], [ 2.0792, 12.3872 ], [ 2.0791, 12.3872 ], [ 2.0791, 12.387 ], [ 2.0791, 12.3869 ], [ 2.0791, 12.3866 ], [ 2.0792, 12.3865 ], [ 2.0792, 12.3864 ], [ 2.0792, 12.3863 ], [ 2.0792, 12.3861 ], [ 2.0792, 12.386 ], [ 2.0792, 12.3859 ], [ 2.0793, 12.3857 ], [ 2.0793, 12.3856 ], [ 2.0793, 12.3855 ], [ 2.0793, 12.3854 ], [ 2.0793, 12.3853 ], [ 2.0792, 12.3853 ], [ 2.079, 12.3853 ], [ 2.0789, 12.3852 ], [ 2.0788, 12.3852 ], [ 2.0787, 12.3852 ], [ 2.0786, 12.3852 ], [ 2.0785, 12.3852 ], [ 2.0784, 12.3852 ], [ 2.0783, 12.3852 ], [ 2.078, 12.385 ], [ 2.0779, 12.385 ], [ 2.0778, 12.3847 ], [ 2.0778, 12.3846 ], [ 2.0777, 12.3845 ], [ 2.0776, 12.3844 ], [ 2.0776, 12.3842 ], [ 2.0775, 12.3841 ], [ 2.0775, 12.384 ], [ 2.0775, 12.3838 ], [ 2.0775, 12.3837 ], [ 2.0776, 12.3834 ], [ 2.0776, 12.3833 ], [ 2.0777, 12.3831 ], [ 2.0777, 12.383 ], [ 2.0777, 12.3828 ], [ 2.0776, 12.3827 ], [ 2.0776, 12.3826 ], [ 2.0775, 12.3825 ], [ 2.0775, 12.3824 ], [ 2.0775, 12.3823 ], [ 2.0774, 12.3822 ], [ 2.0772, 12.3821 ], [ 2.0771, 12.382 ], [ 2.077, 12.3819 ], [ 2.0769, 12.3819 ], [ 2.0768, 12.3819 ], [ 2.0767, 12.3819 ], [ 2.0765, 12.3819 ], [ 2.0762, 12.3821 ], [ 2.0761, 12.3821 ], [ 2.076, 12.3821 ], [ 2.0758, 12.3821 ], [ 2.0757, 12.3821 ], [ 2.0756, 12.3821 ], [ 2.0755, 12.3821 ], [ 2.0753, 12.382 ], [ 2.0752, 12.3818 ], [ 2.0752, 12.3817 ], [ 2.0753, 12.3816 ], [ 2.0753, 12.3815 ], [ 2.0755, 12.3814 ], [ 2.0756, 12.3814 ], [ 2.0757, 12.3814 ], [ 2.076, 12.3813 ], [ 2.0761, 12.3813 ], [ 2.0762, 12.3812 ], [ 2.0762, 12.381 ], [ 2.0761, 12.3809 ], [ 2.0761, 12.3808 ], [ 2.0761, 12.3807 ], [ 2.0761, 12.3806 ], [ 2.076, 12.3805 ], [ 2.0759, 12.3803 ], [ 2.0758, 12.3802 ], [ 2.0758, 12.3801 ], [ 2.0757, 12.3799 ], [ 2.0756, 12.3798 ], [ 2.0755, 12.3798 ], [ 2.0754, 12.3797 ], [ 2.0753, 12.3796 ], [ 2.0752, 12.3795 ], [ 2.0751, 12.3794 ], [ 2.075, 12.3793 ], [ 2.0749, 12.3793 ], [ 2.0748, 12.3793 ], [ 2.0747, 12.3792 ], [ 2.0745, 12.3791 ], [ 2.0743, 12.3791 ], [ 2.0742, 12.379 ], [ 2.0741, 12.379 ], [ 2.0739, 12.3789 ], [ 2.0738, 12.3789 ], [ 2.0736, 12.3789 ], [ 2.0735, 12.3789 ], [ 2.0734, 12.3789 ], [ 2.0733, 12.379 ], [ 2.0732, 12.3792 ], [ 2.0731, 12.3792 ], [ 2.0729, 12.3792 ], [ 2.0727, 12.3792 ], [ 2.0726, 12.3792 ], [ 2.0724, 12.3793 ], [ 2.0723, 12.3793 ], [ 2.0722, 12.3792 ], [ 2.0722, 12.3791 ], [ 2.072, 12.379 ], [ 2.0718, 12.3788 ], [ 2.0718, 12.3787 ], [ 2.0716, 12.3786 ], [ 2.0715, 12.3785 ], [ 2.0715, 12.3784 ], [ 2.0715, 12.3783 ], [ 2.0714, 12.3782 ], [ 2.0714, 12.3781 ], [ 2.0713, 12.3779 ], [ 2.0712, 12.3777 ], [ 2.0712, 12.3776 ], [ 2.0711, 12.3773 ], [ 2.0711, 12.3772 ], [ 2.0709, 12.377 ], [ 2.0709, 12.3769 ], [ 2.0709, 12.3767 ], [ 2.0709, 12.3766 ], [ 2.0709, 12.3764 ], [ 2.0708, 12.3763 ], [ 2.0708, 12.3762 ], [ 2.0707, 12.376 ], [ 2.0707, 12.3759 ], [ 2.0707, 12.3758 ], [ 2.0707, 12.3756 ], [ 2.0707, 12.3755 ], [ 2.0707, 12.3754 ], [ 2.0707, 12.3753 ], [ 2.0707, 12.3752 ], [ 2.0707, 12.3751 ], [ 2.0707, 12.3749 ], [ 2.0707, 12.3748 ], [ 2.0707, 12.3747 ], [ 2.0707, 12.3746 ], [ 2.0707, 12.3745 ], [ 2.0708, 12.3744 ], [ 2.0709, 12.3741 ], [ 2.071, 12.3739 ], [ 2.0711, 12.3738 ], [ 2.0712, 12.3737 ], [ 2.0713, 12.3736 ], [ 2.0713, 12.3735 ], [ 2.0715, 12.3734 ], [ 2.0716, 12.3734 ], [ 2.0717, 12.3734 ], [ 2.0719, 12.3734 ], [ 2.0721, 12.3733 ], [ 2.0723, 12.3733 ], [ 2.0724, 12.3733 ], [ 2.0725, 12.3732 ], [ 2.0726, 12.3732 ], [ 2.0727, 12.3732 ], [ 2.0728, 12.3732 ], [ 2.073, 12.3732 ], [ 2.0731, 12.3733 ], [ 2.0732, 12.3733 ], [ 2.0733, 12.3733 ], [ 2.0734, 12.3733 ], [ 2.0735, 12.3734 ], [ 2.0737, 12.3734 ], [ 2.0738, 12.3733 ], [ 2.0739, 12.3732 ], [ 2.074, 12.3732 ], [ 2.0741, 12.373 ], [ 2.0742, 12.3729 ], [ 2.0743, 12.3727 ], [ 2.0743, 12.3726 ], [ 2.0744, 12.3725 ], [ 2.0745, 12.3724 ], [ 2.0746, 12.3722 ], [ 2.0746, 12.372 ], [ 2.0746, 12.3719 ], [ 2.0746, 12.3718 ], [ 2.0746, 12.3717 ], [ 2.0746, 12.3716 ], [ 2.0746, 12.3715 ], [ 2.0747, 12.3714 ], [ 2.0747, 12.3712 ], [ 2.0747, 12.3711 ], [ 2.0748, 12.3709 ], [ 2.0749, 12.3708 ], [ 2.075, 12.3706 ], [ 2.0752, 12.3704 ], [ 2.0753, 12.3703 ], [ 2.0754, 12.3702 ], [ 2.0756, 12.3701 ], [ 2.0756, 12.3698 ], [ 2.0755, 12.3697 ], [ 2.0754, 12.3696 ], [ 2.0754, 12.3695 ], [ 2.0753, 12.3694 ], [ 2.0752, 12.3693 ], [ 2.0751, 12.3692 ], [ 2.0751, 12.3691 ], [ 2.075, 12.3691 ], [ 2.0749, 12.369 ], [ 2.0748, 12.3689 ], [ 2.0747, 12.3688 ], [ 2.0746, 12.3687 ], [ 2.0746, 12.3686 ], [ 2.0745, 12.3684 ], [ 2.0744, 12.3683 ], [ 2.0743, 12.3682 ], [ 2.0742, 12.3681 ], [ 2.0742, 12.368 ], [ 2.0741, 12.3679 ], [ 2.0741, 12.3678 ], [ 2.074, 12.3677 ], [ 2.074, 12.3676 ], [ 2.0739, 12.3675 ], [ 2.0739, 12.3674 ], [ 2.0739, 12.3673 ], [ 2.0739, 12.3671 ], [ 2.0739, 12.367 ], [ 2.0739, 12.3669 ], [ 2.0739, 12.3668 ], [ 2.0739, 12.3667 ], [ 2.074, 12.3665 ], [ 2.0741, 12.3664 ], [ 2.0741, 12.3663 ], [ 2.0743, 12.3662 ], [ 2.0744, 12.3661 ], [ 2.0745, 12.366 ], [ 2.0746, 12.366 ], [ 2.0747, 12.3659 ], [ 2.0748, 12.3658 ], [ 2.0748, 12.3657 ], [ 2.0748, 12.3656 ], [ 2.0747, 12.3654 ], [ 2.0746, 12.3652 ], [ 2.0744, 12.3651 ], [ 2.0743, 12.3651 ], [ 2.0742, 12.3651 ], [ 2.0741, 12.3651 ], [ 2.074, 12.3652 ], [ 2.0739, 12.3652 ], [ 2.0738, 12.3651 ], [ 2.0736, 12.365 ], [ 2.0735, 12.3649 ], [ 2.0735, 12.3648 ], [ 2.0734, 12.3647 ], [ 2.0733, 12.3646 ], [ 2.0732, 12.3645 ], [ 2.0731, 12.3644 ], [ 2.073, 12.3644 ], [ 2.0729, 12.3643 ], [ 2.0728, 12.3642 ], [ 2.0726, 12.3641 ], [ 2.0726, 12.3641 ], [ 2.0725, 12.3641 ], [ 2.0724, 12.364 ], [ 2.0723, 12.364 ], [ 2.0722, 12.364 ], [ 2.072, 12.364 ], [ 2.0719, 12.364 ], [ 2.0718, 12.364 ], [ 2.0717, 12.364 ], [ 2.0715, 12.3639 ], [ 2.0713, 12.3639 ], [ 2.0712, 12.3638 ], [ 2.0712, 12.3637 ], [ 2.071, 12.3636 ], [ 2.0707, 12.3634 ], [ 2.0706, 12.3634 ], [ 2.0706, 12.3633 ], [ 2.0704, 12.3631 ], [ 2.0703, 12.363 ], [ 2.0703, 12.3628 ], [ 2.0703, 12.3626 ], [ 2.0704, 12.3625 ], [ 2.0704, 12.3623 ], [ 2.0705, 12.3623 ], [ 2.0706, 12.3622 ], [ 2.0706, 12.362 ], [ 2.0707, 12.3619 ], [ 2.0707, 12.3617 ], [ 2.0707, 12.3616 ], [ 2.0705, 12.3614 ], [ 2.0702, 12.3612 ], [ 2.0701, 12.3612 ], [ 2.07, 12.3611 ], [ 2.0698, 12.361 ], [ 2.0697, 12.3609 ], [ 2.0696, 12.3608 ], [ 2.0695, 12.3608 ], [ 2.0694, 12.3607 ], [ 2.0693, 12.3606 ], [ 2.0693, 12.3605 ], [ 2.0691, 12.3603 ], [ 2.069, 12.3601 ], [ 2.0689, 12.36 ], [ 2.0688, 12.3599 ], [ 2.0686, 12.3597 ], [ 2.0686, 12.3596 ], [ 2.0683, 12.3594 ], [ 2.0682, 12.3593 ], [ 2.068, 12.3592 ], [ 2.0679, 12.3591 ], [ 2.0678, 12.3591 ], [ 2.0677, 12.359 ], [ 2.0676, 12.3589 ], [ 2.0675, 12.3589 ], [ 2.0674, 12.3588 ], [ 2.0673, 12.3587 ], [ 2.0672, 12.3587 ], [ 2.0671, 12.3586 ], [ 2.067, 12.3584 ], [ 2.0669, 12.3583 ], [ 2.0668, 12.3583 ], [ 2.0668, 12.3582 ], [ 2.0666, 12.3581 ], [ 2.0663, 12.358 ], [ 2.0661, 12.3578 ], [ 2.066, 12.3578 ], [ 2.0659, 12.3577 ], [ 2.0658, 12.3576 ], [ 2.0658, 12.3575 ], [ 2.0657, 12.3574 ], [ 2.0657, 12.3573 ], [ 2.0657, 12.3572 ], [ 2.0657, 12.3571 ], [ 2.0657, 12.3569 ], [ 2.0657, 12.3567 ], [ 2.0657, 12.3566 ], [ 2.0657, 12.3565 ], [ 2.0658, 12.3564 ], [ 2.0658, 12.3563 ], [ 2.0659, 12.356 ], [ 2.0659, 12.3559 ], [ 2.0659, 12.3558 ], [ 2.0659, 12.3557 ], [ 2.0659, 12.3556 ], [ 2.0659, 12.3554 ], [ 2.066, 12.3553 ], [ 2.066, 12.3552 ], [ 2.0661, 12.3551 ], [ 2.0661, 12.355 ], [ 2.0662, 12.3549 ], [ 2.0662, 12.3548 ], [ 2.0663, 12.3546 ], [ 2.0664, 12.3544 ], [ 2.0664, 12.3543 ], [ 2.0664, 12.3542 ], [ 2.0665, 12.3541 ], [ 2.0665, 12.354 ], [ 2.0666, 12.3539 ], [ 2.0667, 12.3537 ], [ 2.0667, 12.3536 ], [ 2.0666, 12.3534 ], [ 2.0665, 12.3534 ], [ 2.0665, 12.3533 ], [ 2.0666, 12.3532 ], [ 2.0668, 12.353 ], [ 2.0669, 12.3529 ], [ 2.0671, 12.3528 ], [ 2.0673, 12.3526 ], [ 2.0675, 12.3525 ], [ 2.0677, 12.3524 ], [ 2.0678, 12.3523 ], [ 2.068, 12.3522 ], [ 2.068, 12.3521 ], [ 2.0681, 12.352 ], [ 2.0682, 12.3519 ], [ 2.0683, 12.3517 ], [ 2.0684, 12.3516 ], [ 2.0685, 12.3515 ], [ 2.0685, 12.3514 ], [ 2.0686, 12.3513 ], [ 2.0689, 12.3512 ], [ 2.069, 12.3511 ], [ 2.0693, 12.3509 ], [ 2.0694, 12.3507 ], [ 2.0695, 12.3507 ], [ 2.0696, 12.3505 ], [ 2.0697, 12.3504 ], [ 2.0699, 12.3503 ], [ 2.0702, 12.3501 ], [ 2.0703, 12.35 ], [ 2.0703, 12.35 ], [ 2.0704, 12.3499 ], [ 2.0705, 12.3498 ], [ 2.0705, 12.3497 ], [ 2.0707, 12.3495 ], [ 2.0707, 12.3494 ], [ 2.0707, 12.3492 ], [ 2.0707, 12.3491 ], [ 2.0706, 12.3489 ], [ 2.0706, 12.3488 ], [ 2.0706, 12.3487 ], [ 2.0706, 12.3486 ], [ 2.0706, 12.3485 ], [ 2.0705, 12.3482 ], [ 2.0704, 12.348 ], [ 2.0704, 12.3479 ], [ 2.0702, 12.3477 ], [ 2.0701, 12.3475 ], [ 2.0701, 12.3474 ], [ 2.0696, 12.3469 ], [ 2.0697, 12.3468 ], [ 2.0699, 12.3466 ], [ 2.0702, 12.3462 ], [ 2.0714, 12.3446 ], [ 2.0721, 12.3436 ], [ 2.0785, 12.3352 ], [ 2.079, 12.3346 ], [ 2.0858, 12.3256 ], [ 2.0864, 12.3248 ], [ 2.0874, 12.3234 ], [ 2.0941, 12.3143 ], [ 2.0947, 12.3135 ], [ 2.0985, 12.3083 ], [ 2.099, 12.3076 ], [ 2.0998, 12.3066 ], [ 2.1075, 12.2963 ], [ 2.1086, 12.2947 ], [ 2.1094, 12.2937 ], [ 2.11, 12.2929 ], [ 2.1111, 12.2914 ], [ 2.1126, 12.2893 ], [ 2.1178, 12.2825 ], [ 2.1192, 12.2806 ], [ 2.1205, 12.2789 ], [ 2.1211, 12.2781 ], [ 2.1249, 12.273 ], [ 2.1319, 12.2636 ], [ 2.1325, 12.2627 ], [ 2.1357, 12.2585 ], [ 2.1367, 12.2572 ], [ 2.1373, 12.2564 ], [ 2.1386, 12.2547 ], [ 2.14, 12.2529 ], [ 2.1401, 12.2528 ], [ 2.1408, 12.2519 ], [ 2.1448, 12.2466 ], [ 2.1461, 12.2449 ], [ 2.149, 12.2411 ], [ 2.1542, 12.2344 ], [ 2.1548, 12.2336 ], [ 2.1552, 12.233 ], [ 2.1588, 12.2283 ], [ 2.1602, 12.2264 ], [ 2.1628, 12.2231 ], [ 2.1653, 12.2197 ], [ 2.1678, 12.2164 ], [ 2.1691, 12.2146 ], [ 2.1714, 12.2115 ], [ 2.1723, 12.2102 ], [ 2.1746, 12.2072 ], [ 2.179, 12.2012 ], [ 2.1801, 12.1997 ], [ 2.1808, 12.1988 ], [ 2.1813, 12.1982 ], [ 2.1861, 12.1916 ], [ 2.1867, 12.1909 ], [ 2.1873, 12.1901 ], [ 2.1926, 12.183 ], [ 2.1947, 12.1801 ], [ 2.1989, 12.1746 ], [ 2.2017, 12.1706 ], [ 2.2021, 12.1701 ], [ 2.2025, 12.1695 ], [ 2.2098, 12.1598 ], [ 2.2122, 12.1566 ], [ 2.2123, 12.1564 ], [ 2.2132, 12.1552 ], [ 2.2135, 12.1548 ], [ 2.2171, 12.1499 ], [ 2.2202, 12.1459 ], [ 2.2274, 12.1359 ], [ 2.2279, 12.1352 ], [ 2.2284, 12.1346 ], [ 2.2299, 12.1324 ], [ 2.2315, 12.1302 ], [ 2.2381, 12.1216 ], [ 2.2395, 12.1197 ], [ 2.2419, 12.1165 ], [ 2.2428, 12.1154 ], [ 2.2519, 12.1033 ], [ 2.253, 12.102 ], [ 2.2535, 12.1013 ], [ 2.2617, 12.0904 ], [ 2.2632, 12.0884 ], [ 2.2644, 12.0868 ], [ 2.2655, 12.0853 ], [ 2.266, 12.0847 ], [ 2.2668, 12.0835 ], [ 2.2704, 12.0785 ], [ 2.2727, 12.0754 ], [ 2.2756, 12.0713 ], [ 2.2769, 12.0697 ], [ 2.2778, 12.0686 ], [ 2.2785, 12.0677 ], [ 2.279, 12.067 ], [ 2.2821, 12.063 ], [ 2.2824, 12.0627 ], [ 2.2856, 12.0582 ], [ 2.2879, 12.0551 ], [ 2.289, 12.0536 ], [ 2.2933, 12.0478 ], [ 2.2937, 12.0473 ], [ 2.2952, 12.0453 ], [ 2.2971, 12.0427 ], [ 2.2987, 12.0406 ], [ 2.2988, 12.0405 ], [ 2.3021, 12.036 ], [ 2.3022, 12.0359 ], [ 2.3023, 12.0358 ], [ 2.3033, 12.0344 ], [ 2.3037, 12.0339 ], [ 2.3059, 12.0308 ], [ 2.3066, 12.0298 ], [ 2.3092, 12.0263 ], [ 2.3101, 12.0251 ], [ 2.3108, 12.0241 ], [ 2.314, 12.0202 ], [ 2.3157, 12.0181 ], [ 2.3196, 12.0134 ], [ 2.3212, 12.0114 ], [ 2.3253, 12.0063 ], [ 2.3259, 12.0056 ], [ 2.326, 12.0054 ], [ 2.3305, 12.0 ], [ 2.3309, 11.9995 ], [ 2.3313, 11.999 ], [ 2.3324, 11.9976 ], [ 2.3337, 11.9959 ], [ 2.3348, 11.9942 ], [ 2.3358, 11.993 ], [ 2.3367, 11.9917 ], [ 2.3372, 11.991 ], [ 2.3377, 11.9903 ], [ 2.3378, 11.9901 ], [ 2.3386, 11.9891 ], [ 2.3386, 11.989 ], [ 2.3388, 11.9888 ], [ 2.339, 11.9885 ], [ 2.3392, 11.9882 ], [ 2.3403, 11.9867 ], [ 2.3414, 11.9852 ], [ 2.3419, 11.9845 ], [ 2.3422, 11.9841 ], [ 2.3428, 11.9833 ], [ 2.3455, 11.9798 ], [ 2.346, 11.9792 ], [ 2.3476, 11.9771 ], [ 2.3481, 11.9764 ], [ 2.3493, 11.9749 ], [ 2.3512, 11.9725 ], [ 2.3523, 11.971 ], [ 2.3525, 11.9708 ], [ 2.3529, 11.9703 ], [ 2.3531, 11.9699 ], [ 2.3541, 11.9687 ], [ 2.3554, 11.967 ], [ 2.3561, 11.9661 ], [ 2.3561, 11.966 ], [ 2.3572, 11.9645 ], [ 2.3582, 11.9631 ], [ 2.359, 11.962 ], [ 2.3602, 11.9604 ], [ 2.3609, 11.9594 ], [ 2.3614, 11.9586 ], [ 2.3629, 11.9567 ], [ 2.3641, 11.955 ], [ 2.365, 11.9537 ], [ 2.3663, 11.9521 ], [ 2.3671, 11.9509 ], [ 2.3673, 11.9507 ], [ 2.3752, 11.9406 ], [ 2.3761, 11.9393 ], [ 2.3765, 11.9388 ], [ 2.3783, 11.9365 ], [ 2.3797, 11.9348 ], [ 2.3805, 11.9336 ], [ 2.3811, 11.9328 ], [ 2.3817, 11.932 ], [ 2.3867, 11.9253 ], [ 2.3876, 11.9242 ], [ 2.3896, 11.9214 ], [ 2.392, 11.9182 ], [ 2.3927, 11.9172 ], [ 2.3948, 11.9144 ], [ 2.3955, 11.9135 ], [ 2.397, 11.9114 ], [ 2.3973, 11.9111 ], [ 2.3978, 11.9105 ], [ 2.3993, 11.9084 ], [ 2.3994, 11.9083 ], [ 2.3997, 11.9079 ], [ 2.3999, 11.9075 ], [ 2.4015, 11.9054 ], [ 2.402, 11.9048 ], [ 2.4033, 11.9032 ], [ 2.4036, 11.9029 ], [ 2.4038, 11.9026 ], [ 2.4039, 11.9025 ], [ 2.4042, 11.9022 ], [ 2.4043, 11.902 ], [ 2.4043, 11.9019 ], [ 2.4045, 11.9016 ], [ 2.4048, 11.9014 ], [ 2.4052, 11.901 ], [ 2.4054, 11.9008 ], [ 2.4056, 11.9007 ], [ 2.406, 11.9002 ], [ 2.4063, 11.9 ], [ 2.4074, 11.8989 ], [ 2.4071, 11.899 ], [ 2.4069, 11.899 ], [ 2.4067, 11.899 ], [ 2.4063, 11.8991 ], [ 2.4061, 11.8992 ], [ 2.406, 11.8992 ], [ 2.4057, 11.8992 ], [ 2.4056, 11.8993 ], [ 2.4053, 11.8994 ], [ 2.4052, 11.8997 ], [ 2.4051, 11.8997 ], [ 2.405, 11.8998 ], [ 2.4048, 11.9 ], [ 2.4046, 11.9003 ], [ 2.4042, 11.9004 ], [ 2.4041, 11.9004 ], [ 2.4039, 11.9004 ], [ 2.4038, 11.9004 ], [ 2.4037, 11.9004 ], [ 2.4034, 11.9003 ], [ 2.4031, 11.9001 ], [ 2.403, 11.9001 ], [ 2.4028, 11.9 ], [ 2.4027, 11.8999 ], [ 2.4024, 11.8998 ], [ 2.4021, 11.8996 ], [ 2.4019, 11.8994 ], [ 2.4018, 11.8992 ], [ 2.4014, 11.899 ], [ 2.4012, 11.8989 ], [ 2.401, 11.8987 ], [ 2.4008, 11.8985 ], [ 2.4005, 11.8984 ], [ 2.4003, 11.8983 ], [ 2.4, 11.8981 ], [ 2.3998, 11.898 ], [ 2.3996, 11.8977 ], [ 2.3995, 11.8975 ], [ 2.3994, 11.8973 ], [ 2.3993, 11.8971 ], [ 2.3992, 11.8969 ], [ 2.399, 11.8968 ], [ 2.3989, 11.8966 ], [ 2.3988, 11.8964 ], [ 2.3987, 11.8963 ], [ 2.3986, 11.8961 ], [ 2.3986, 11.896 ], [ 2.3984, 11.8958 ], [ 2.3983, 11.8956 ], [ 2.3982, 11.8955 ], [ 2.3981, 11.8953 ], [ 2.3979, 11.8951 ], [ 2.3978, 11.8949 ], [ 2.3976, 11.8947 ], [ 2.3975, 11.8945 ], [ 2.3972, 11.8942 ], [ 2.3972, 11.8941 ], [ 2.3972, 11.8939 ], [ 2.3973, 11.8936 ], [ 2.3974, 11.8935 ], [ 2.3975, 11.8933 ], [ 2.3976, 11.8932 ], [ 2.3977, 11.893 ], [ 2.3978, 11.8929 ], [ 2.3979, 11.8927 ], [ 2.398, 11.8926 ], [ 2.398, 11.8924 ], [ 2.3982, 11.8921 ], [ 2.3982, 11.8919 ], [ 2.3983, 11.8916 ], [ 2.3983, 11.8914 ], [ 2.3983, 11.8912 ], [ 2.3983, 11.891 ], [ 2.3984, 11.8908 ], [ 2.3985, 11.8907 ], [ 2.3984, 11.8904 ], [ 2.3984, 11.8902 ], [ 2.3984, 11.8899 ], [ 2.3985, 11.8897 ], [ 2.3985, 11.8895 ], [ 2.3986, 11.8893 ], [ 2.3987, 11.8891 ], [ 2.3988, 11.8889 ], [ 2.3989, 11.8887 ], [ 2.399, 11.8885 ], [ 2.399, 11.8883 ], [ 2.3991, 11.8882 ], [ 2.3992, 11.888 ], [ 2.3993, 11.8879 ], [ 2.3995, 11.8876 ], [ 2.3996, 11.8875 ], [ 2.3998, 11.8875 ], [ 2.3999, 11.8873 ], [ 2.4001, 11.8871 ], [ 2.4001, 11.8869 ], [ 2.4003, 11.8867 ], [ 2.4004, 11.8864 ], [ 2.4005, 11.8863 ], [ 2.4006, 11.8861 ], [ 2.4007, 11.886 ], [ 2.4008, 11.8858 ], [ 2.4009, 11.8857 ], [ 2.401, 11.8856 ], [ 2.4012, 11.8854 ], [ 2.4012, 11.8854 ], [ 2.4013, 11.8853 ], [ 2.4014, 11.8852 ], [ 2.4015, 11.8851 ], [ 2.4016, 11.885 ], [ 2.4019, 11.8848 ], [ 2.402, 11.8846 ], [ 2.4022, 11.8843 ], [ 2.4023, 11.8842 ], [ 2.4024, 11.884 ], [ 2.4025, 11.884 ], [ 2.4025, 11.8839 ], [ 2.4026, 11.8837 ], [ 2.4027, 11.8835 ], [ 2.4028, 11.8834 ], [ 2.403, 11.8832 ], [ 2.4031, 11.883 ], [ 2.4032, 11.8828 ], [ 2.4033, 11.8826 ], [ 2.4034, 11.8824 ], [ 2.4034, 11.8822 ], [ 2.4035, 11.882 ], [ 2.4036, 11.8818 ], [ 2.4037, 11.8816 ], [ 2.4037, 11.8815 ], [ 2.4038, 11.8812 ], [ 2.4039, 11.881 ], [ 2.404, 11.8808 ], [ 2.4041, 11.8806 ], [ 2.4042, 11.8804 ], [ 2.4042, 11.8801 ], [ 2.4042, 11.8798 ], [ 2.4042, 11.8796 ], [ 2.4042, 11.8794 ], [ 2.4042, 11.8792 ], [ 2.4041, 11.879 ], [ 2.404, 11.8787 ], [ 2.4039, 11.8785 ], [ 2.4039, 11.8784 ], [ 2.4038, 11.8781 ], [ 2.4038, 11.878 ], [ 2.4038, 11.8779 ], [ 2.4038, 11.8777 ], [ 2.4038, 11.8776 ], [ 2.4038, 11.8774 ], [ 2.4038, 11.8773 ], [ 2.4038, 11.8771 ], [ 2.4038, 11.8769 ], [ 2.4038, 11.8768 ], [ 2.4038, 11.8766 ], [ 2.4038, 11.8764 ], [ 2.4038, 11.8762 ], [ 2.4039, 11.8759 ], [ 2.4039, 11.8758 ], [ 2.404, 11.8756 ], [ 2.404, 11.8755 ], [ 2.4041, 11.8754 ], [ 2.4041, 11.875 ], [ 2.4041, 11.8748 ], [ 2.4041, 11.8746 ], [ 2.404, 11.8744 ], [ 2.4039, 11.8743 ], [ 2.4036, 11.8741 ], [ 2.4034, 11.874 ], [ 2.4033, 11.8738 ], [ 2.4032, 11.8735 ], [ 2.403, 11.8733 ], [ 2.4029, 11.873 ], [ 2.4027, 11.8727 ], [ 2.4026, 11.8725 ], [ 2.4025, 11.8722 ], [ 2.4025, 11.872 ], [ 2.4025, 11.8718 ], [ 2.4024, 11.8716 ], [ 2.4023, 11.8714 ], [ 2.4022, 11.8712 ], [ 2.4021, 11.871 ], [ 2.4019, 11.8708 ], [ 2.4016, 11.8706 ], [ 2.4014, 11.8704 ], [ 2.4013, 11.8702 ], [ 2.4012, 11.87 ], [ 2.4011, 11.8699 ], [ 2.401, 11.8698 ], [ 2.4008, 11.8696 ], [ 2.4007, 11.8695 ], [ 2.4006, 11.8693 ], [ 2.4004, 11.8692 ], [ 2.4002, 11.8689 ], [ 2.4001, 11.8688 ], [ 2.3999, 11.8685 ], [ 2.3997, 11.8684 ], [ 2.3995, 11.8682 ], [ 2.3992, 11.8681 ], [ 2.399, 11.8679 ], [ 2.3987, 11.8677 ], [ 2.3985, 11.8675 ], [ 2.3982, 11.8673 ], [ 2.398, 11.8671 ], [ 2.3978, 11.8669 ], [ 2.3976, 11.8667 ], [ 2.3973, 11.8665 ], [ 2.397, 11.8663 ], [ 2.3968, 11.8661 ], [ 2.3965, 11.8658 ], [ 2.3964, 11.8655 ], [ 2.3962, 11.8654 ], [ 2.396, 11.8651 ], [ 2.3959, 11.865 ], [ 2.3958, 11.8648 ], [ 2.3956, 11.8645 ], [ 2.3954, 11.8642 ], [ 2.3953, 11.8641 ], [ 2.395, 11.8639 ], [ 2.395, 11.8637 ], [ 2.3948, 11.8636 ], [ 2.3947, 11.8634 ], [ 2.3945, 11.8632 ], [ 2.3945, 11.863 ], [ 2.3943, 11.8629 ], [ 2.3941, 11.8627 ], [ 2.394, 11.8624 ], [ 2.3938, 11.8623 ], [ 2.3937, 11.8621 ], [ 2.3935, 11.8619 ], [ 2.3934, 11.8618 ], [ 2.3932, 11.8616 ], [ 2.3931, 11.8614 ], [ 2.3931, 11.8612 ], [ 2.393, 11.8611 ], [ 2.3928, 11.8609 ], [ 2.3927, 11.8609 ], [ 2.3924, 11.8608 ], [ 2.3921, 11.8607 ], [ 2.3918, 11.8606 ], [ 2.3916, 11.8605 ], [ 2.3912, 11.8604 ], [ 2.3909, 11.8603 ], [ 2.3907, 11.8602 ], [ 2.3905, 11.86 ], [ 2.3903, 11.86 ], [ 2.3901, 11.8599 ], [ 2.3898, 11.8598 ], [ 2.3895, 11.8597 ], [ 2.3892, 11.8597 ], [ 2.389, 11.8597 ], [ 2.3889, 11.8597 ], [ 2.3887, 11.8597 ], [ 2.3885, 11.8597 ], [ 2.3882, 11.8596 ], [ 2.3881, 11.8596 ], [ 2.3879, 11.8596 ], [ 2.3878, 11.8596 ], [ 2.3876, 11.8595 ], [ 2.3874, 11.8595 ], [ 2.3873, 11.8595 ], [ 2.3871, 11.8595 ], [ 2.3867, 11.8595 ], [ 2.3866, 11.8595 ], [ 2.3864, 11.8595 ], [ 2.3861, 11.8595 ], [ 2.3859, 11.8594 ], [ 2.3856, 11.8594 ], [ 2.3852, 11.8592 ], [ 2.3849, 11.8591 ], [ 2.3846, 11.8589 ], [ 2.3844, 11.8588 ], [ 2.3841, 11.8587 ], [ 2.384, 11.8586 ], [ 2.3838, 11.8585 ], [ 2.3838, 11.8585 ], [ 2.3834, 11.8584 ], [ 2.3833, 11.8583 ], [ 2.3832, 11.8583 ], [ 2.383, 11.8583 ], [ 2.3828, 11.8582 ], [ 2.3825, 11.8582 ], [ 2.3822, 11.8581 ], [ 2.382, 11.858 ], [ 2.3819, 11.858 ], [ 2.3815, 11.8579 ], [ 2.3812, 11.8577 ], [ 2.3809, 11.8576 ], [ 2.3807, 11.8574 ], [ 2.3806, 11.8572 ], [ 2.3806, 11.857 ], [ 2.3806, 11.8569 ], [ 2.3805, 11.8567 ], [ 2.3805, 11.8565 ], [ 2.3805, 11.8565 ], [ 2.3804, 11.8561 ], [ 2.3804, 11.8559 ], [ 2.3803, 11.8557 ], [ 2.3802, 11.8555 ], [ 2.3801, 11.8554 ], [ 2.38, 11.8553 ], [ 2.3799, 11.8551 ], [ 2.3799, 11.855 ], [ 2.3798, 11.8548 ], [ 2.3798, 11.8547 ], [ 2.3799, 11.8546 ], [ 2.38, 11.8543 ], [ 2.38, 11.8541 ], [ 2.3801, 11.8538 ], [ 2.3801, 11.8537 ], [ 2.3801, 11.8535 ], [ 2.3801, 11.8533 ], [ 2.3801, 11.8532 ], [ 2.38, 11.8529 ], [ 2.3799, 11.8526 ], [ 2.3798, 11.8523 ], [ 2.3798, 11.8521 ], [ 2.3798, 11.8521 ], [ 2.3798, 11.8519 ], [ 2.3797, 11.8517 ], [ 2.3796, 11.8513 ], [ 2.3796, 11.8511 ], [ 2.3796, 11.8509 ], [ 2.3796, 11.8508 ], [ 2.3796, 11.8506 ], [ 2.3797, 11.8503 ], [ 2.3797, 11.8501 ], [ 2.3796, 11.8499 ], [ 2.3796, 11.8498 ], [ 2.3796, 11.8496 ], [ 2.3796, 11.8495 ], [ 2.3797, 11.8494 ], [ 2.3797, 11.8492 ], [ 2.3797, 11.849 ], [ 2.3797, 11.8488 ], [ 2.3798, 11.8486 ], [ 2.3798, 11.8483 ], [ 2.3798, 11.8482 ], [ 2.3797, 11.848 ], [ 2.3797, 11.8479 ], [ 2.3797, 11.8477 ], [ 2.3796, 11.8475 ], [ 2.3796, 11.8474 ], [ 2.3796, 11.8472 ], [ 2.3797, 11.8469 ], [ 2.3797, 11.8467 ], [ 2.3798, 11.8465 ], [ 2.3798, 11.8463 ], [ 2.3799, 11.8461 ], [ 2.38, 11.8457 ], [ 2.3801, 11.8456 ], [ 2.38, 11.8455 ], [ 2.38, 11.8453 ], [ 2.3798, 11.8452 ], [ 2.3795, 11.845 ], [ 2.3794, 11.845 ], [ 2.3793, 11.8449 ], [ 2.3792, 11.8448 ], [ 2.3792, 11.8446 ], [ 2.3793, 11.8444 ], [ 2.3794, 11.8441 ], [ 2.3795, 11.8439 ], [ 2.3796, 11.8437 ], [ 2.3795, 11.8435 ], [ 2.3794, 11.8434 ], [ 2.3793, 11.8432 ], [ 2.3791, 11.8431 ], [ 2.379, 11.8429 ], [ 2.3789, 11.8428 ], [ 2.3788, 11.8428 ], [ 2.3787, 11.8426 ], [ 2.3786, 11.8425 ], [ 2.3785, 11.8422 ], [ 2.3785, 11.8422 ], [ 2.3784, 11.842 ], [ 2.3784, 11.8417 ], [ 2.3784, 11.8416 ], [ 2.3784, 11.8415 ], [ 2.3784, 11.8414 ], [ 2.3784, 11.8412 ], [ 2.3784, 11.841 ], [ 2.3784, 11.841 ], [ 2.3784, 11.8409 ], [ 2.3784, 11.8406 ], [ 2.3784, 11.8404 ], [ 2.3785, 11.8402 ], [ 2.3786, 11.84 ], [ 2.3787, 11.8398 ], [ 2.3787, 11.8396 ], [ 2.3786, 11.8394 ], [ 2.3785, 11.8392 ], [ 2.3785, 11.839 ], [ 2.3784, 11.8388 ], [ 2.3782, 11.8386 ], [ 2.378, 11.8384 ], [ 2.3779, 11.8382 ], [ 2.3777, 11.838 ], [ 2.3775, 11.8379 ], [ 2.3772, 11.8376 ], [ 2.3772, 11.8375 ], [ 2.3771, 11.8375 ], [ 2.377, 11.8374 ], [ 2.3769, 11.8372 ], [ 2.3768, 11.8371 ], [ 2.3767, 11.837 ], [ 2.3765, 11.8367 ], [ 2.3764, 11.8366 ], [ 2.3763, 11.8363 ], [ 2.3764, 11.836 ], [ 2.3764, 11.8358 ], [ 2.3764, 11.8357 ], [ 2.3764, 11.8355 ], [ 2.3764, 11.8354 ], [ 2.3764, 11.8352 ], [ 2.3764, 11.835 ], [ 2.3764, 11.8347 ], [ 2.3764, 11.8346 ], [ 2.3764, 11.8345 ], [ 2.3764, 11.8343 ], [ 2.3765, 11.834 ], [ 2.3765, 11.8338 ], [ 2.3765, 11.8337 ], [ 2.3766, 11.8335 ], [ 2.3767, 11.8331 ], [ 2.3768, 11.8328 ], [ 2.3769, 11.8327 ], [ 2.3769, 11.8325 ], [ 2.377, 11.8323 ], [ 2.3772, 11.8321 ], [ 2.3773, 11.8319 ], [ 2.3773, 11.8318 ], [ 2.3775, 11.8316 ], [ 2.3778, 11.8314 ], [ 2.378, 11.8312 ], [ 2.3782, 11.8312 ], [ 2.3784, 11.8311 ], [ 2.3786, 11.8311 ], [ 2.3788, 11.8309 ], [ 2.379, 11.8307 ], [ 2.3792, 11.8306 ], [ 2.3793, 11.8305 ], [ 2.3793, 11.8304 ], [ 2.3794, 11.8303 ], [ 2.3796, 11.8302 ], [ 2.3797, 11.8301 ], [ 2.3799, 11.83 ], [ 2.3802, 11.8298 ], [ 2.3804, 11.8297 ], [ 2.3806, 11.8296 ], [ 2.3808, 11.8294 ], [ 2.381, 11.8294 ], [ 2.3811, 11.8294 ], [ 2.3813, 11.8294 ], [ 2.3815, 11.8294 ], [ 2.3816, 11.8294 ], [ 2.382, 11.8295 ], [ 2.3822, 11.8295 ], [ 2.3823, 11.8295 ], [ 2.3825, 11.8294 ], [ 2.3827, 11.8292 ], [ 2.3829, 11.8292 ], [ 2.383, 11.8293 ], [ 2.3832, 11.8293 ], [ 2.3834, 11.8292 ], [ 2.3835, 11.8292 ], [ 2.3838, 11.8291 ], [ 2.384, 11.829 ], [ 2.3841, 11.829 ], [ 2.3843, 11.8289 ], [ 2.3845, 11.8289 ], [ 2.3846, 11.8288 ], [ 2.3848, 11.8287 ], [ 2.3849, 11.8285 ], [ 2.385, 11.8284 ], [ 2.3851, 11.8282 ], [ 2.3852, 11.8281 ], [ 2.3852, 11.828 ], [ 2.3852, 11.8277 ], [ 2.3852, 11.8275 ], [ 2.3852, 11.8274 ], [ 2.3853, 11.8271 ], [ 2.3853, 11.827 ], [ 2.3853, 11.8268 ], [ 2.3854, 11.8266 ], [ 2.3853, 11.8264 ], [ 2.3851, 11.8262 ], [ 2.3851, 11.826 ], [ 2.3849, 11.8259 ], [ 2.3847, 11.8257 ], [ 2.3845, 11.8255 ], [ 2.3844, 11.8253 ], [ 2.3842, 11.8252 ], [ 2.3841, 11.825 ], [ 2.384, 11.8249 ], [ 2.3839, 11.8247 ], [ 2.3837, 11.8246 ], [ 2.3835, 11.8246 ], [ 2.3833, 11.8245 ], [ 2.3831, 11.8245 ], [ 2.3829, 11.8245 ], [ 2.3827, 11.8245 ], [ 2.3824, 11.8245 ], [ 2.3821, 11.8244 ], [ 2.3819, 11.8243 ], [ 2.3817, 11.8242 ], [ 2.3816, 11.8241 ], [ 2.3815, 11.8239 ], [ 2.3813, 11.8238 ], [ 2.3811, 11.8237 ], [ 2.3808, 11.8235 ], [ 2.3806, 11.8234 ], [ 2.3804, 11.8234 ], [ 2.3802, 11.8233 ], [ 2.3801, 11.8233 ], [ 2.3799, 11.8233 ], [ 2.3797, 11.8232 ], [ 2.3795, 11.8232 ], [ 2.3794, 11.8232 ], [ 2.3791, 11.8232 ], [ 2.3789, 11.8232 ], [ 2.3788, 11.8231 ], [ 2.3785, 11.8231 ], [ 2.3784, 11.823 ], [ 2.378, 11.8229 ], [ 2.3776, 11.8228 ], [ 2.3774, 11.8227 ], [ 2.3771, 11.8226 ], [ 2.3768, 11.8224 ], [ 2.3765, 11.8223 ], [ 2.3763, 11.8222 ], [ 2.376, 11.822 ], [ 2.3759, 11.8219 ], [ 2.3757, 11.8218 ], [ 2.3756, 11.8216 ], [ 2.3754, 11.8215 ], [ 2.3753, 11.8214 ], [ 2.3752, 11.8212 ], [ 2.3749, 11.821 ], [ 2.3748, 11.8209 ], [ 2.3747, 11.8208 ], [ 2.3745, 11.8206 ], [ 2.3742, 11.8204 ], [ 2.3741, 11.8203 ], [ 2.3737, 11.82 ], [ 2.3736, 11.8199 ], [ 2.3733, 11.8197 ], [ 2.3732, 11.8196 ], [ 2.373, 11.8195 ], [ 2.3729, 11.8194 ], [ 2.3728, 11.8194 ], [ 2.3724, 11.8194 ], [ 2.3722, 11.8193 ], [ 2.3721, 11.8193 ], [ 2.3719, 11.8192 ], [ 2.3717, 11.8191 ], [ 2.3714, 11.819 ], [ 2.3712, 11.8189 ], [ 2.371, 11.8189 ], [ 2.3708, 11.8187 ], [ 2.3706, 11.8186 ], [ 2.3703, 11.8185 ], [ 2.3702, 11.8184 ], [ 2.3699, 11.8182 ], [ 2.3697, 11.8181 ], [ 2.3693, 11.8179 ], [ 2.3691, 11.8178 ], [ 2.3691, 11.8178 ], [ 2.3689, 11.8176 ], [ 2.3687, 11.8174 ], [ 2.3686, 11.8172 ], [ 2.3684, 11.8171 ], [ 2.3683, 11.817 ], [ 2.3682, 11.8168 ], [ 2.3681, 11.8165 ], [ 2.368, 11.8162 ], [ 2.3679, 11.816 ], [ 2.3679, 11.8158 ], [ 2.3679, 11.8157 ], [ 2.3679, 11.8155 ], [ 2.368, 11.8153 ], [ 2.3681, 11.8152 ], [ 2.3682, 11.815 ], [ 2.3683, 11.8149 ], [ 2.3685, 11.8149 ], [ 2.3686, 11.8148 ], [ 2.3687, 11.8147 ], [ 2.3688, 11.8146 ], [ 2.3689, 11.8145 ], [ 2.369, 11.8145 ], [ 2.369, 11.8144 ], [ 2.3691, 11.8143 ], [ 2.3693, 11.8142 ], [ 2.3695, 11.8141 ], [ 2.3696, 11.814 ], [ 2.3698, 11.8138 ], [ 2.37, 11.8137 ], [ 2.3702, 11.8134 ], [ 2.3702, 11.8133 ], [ 2.3703, 11.8131 ], [ 2.3703, 11.8128 ], [ 2.3705, 11.8126 ], [ 2.3705, 11.8124 ], [ 2.3704, 11.8123 ], [ 2.3703, 11.8121 ], [ 2.3703, 11.8119 ], [ 2.3701, 11.8117 ], [ 2.37, 11.8115 ], [ 2.3699, 11.8112 ], [ 2.3698, 11.8109 ], [ 2.3696, 11.8108 ], [ 2.3695, 11.8106 ], [ 2.3692, 11.8105 ], [ 2.369, 11.8104 ], [ 2.369, 11.8102 ], [ 2.369, 11.81 ], [ 2.3689, 11.8096 ], [ 2.369, 11.8095 ], [ 2.3691, 11.8093 ], [ 2.3692, 11.8091 ], [ 2.3694, 11.809 ], [ 2.3695, 11.8089 ], [ 2.3697, 11.8088 ], [ 2.3698, 11.8087 ], [ 2.37, 11.8087 ], [ 2.3701, 11.8088 ], [ 2.3703, 11.8088 ], [ 2.3706, 11.8088 ], [ 2.3707, 11.809 ], [ 2.3707, 11.809 ], [ 2.3708, 11.8091 ], [ 2.371, 11.8092 ], [ 2.3712, 11.8093 ], [ 2.3714, 11.8093 ], [ 2.3716, 11.8092 ], [ 2.3716, 11.8091 ], [ 2.3717, 11.809 ], [ 2.3717, 11.8089 ], [ 2.3718, 11.8087 ], [ 2.3719, 11.8086 ], [ 2.3719, 11.8084 ], [ 2.3719, 11.8082 ], [ 2.372, 11.808 ], [ 2.372, 11.8078 ], [ 2.3721, 11.8076 ], [ 2.3722, 11.8075 ], [ 2.3723, 11.8075 ], [ 2.3724, 11.8072 ], [ 2.3724, 11.807 ], [ 2.3723, 11.8068 ], [ 2.3723, 11.8066 ], [ 2.3723, 11.8064 ], [ 2.3724, 11.8061 ], [ 2.3724, 11.806 ], [ 2.3724, 11.8058 ], [ 2.3723, 11.8055 ], [ 2.3723, 11.8053 ], [ 2.3723, 11.8051 ], [ 2.3722, 11.8048 ], [ 2.3721, 11.8045 ], [ 2.3719, 11.8043 ], [ 2.3717, 11.8042 ], [ 2.3715, 11.8039 ], [ 2.3714, 11.8037 ], [ 2.3713, 11.8035 ], [ 2.3711, 11.8032 ], [ 2.3711, 11.803 ], [ 2.371, 11.8029 ], [ 2.3711, 11.8026 ], [ 2.3711, 11.8024 ], [ 2.3712, 11.8022 ], [ 2.3713, 11.8021 ], [ 2.3714, 11.802 ], [ 2.3715, 11.8018 ], [ 2.3717, 11.8014 ], [ 2.3718, 11.8012 ], [ 2.3718, 11.8011 ], [ 2.3719, 11.8009 ], [ 2.3719, 11.8008 ], [ 2.3718, 11.8006 ], [ 2.3718, 11.8004 ], [ 2.3716, 11.8002 ], [ 2.3716, 11.8001 ], [ 2.3715, 11.7999 ], [ 2.3715, 11.7998 ], [ 2.3715, 11.7996 ], [ 2.3715, 11.7994 ], [ 2.3715, 11.7993 ], [ 2.3715, 11.7991 ], [ 2.3716, 11.7988 ], [ 2.3717, 11.7985 ], [ 2.3718, 11.7983 ], [ 2.3718, 11.7982 ], [ 2.372, 11.7981 ], [ 2.3721, 11.7978 ], [ 2.3722, 11.7976 ], [ 2.3724, 11.7975 ], [ 2.3725, 11.7974 ], [ 2.3727, 11.7972 ], [ 2.3727, 11.7972 ], [ 2.3729, 11.7971 ], [ 2.373, 11.7971 ], [ 2.3731, 11.797 ], [ 2.3733, 11.797 ], [ 2.3735, 11.7968 ], [ 2.3737, 11.7967 ], [ 2.3739, 11.7965 ], [ 2.374, 11.7963 ], [ 2.3741, 11.7962 ], [ 2.3742, 11.7961 ], [ 2.3743, 11.7959 ], [ 2.3744, 11.7958 ], [ 2.3744, 11.7956 ], [ 2.3745, 11.7955 ], [ 2.3746, 11.7954 ], [ 2.3749, 11.7952 ], [ 2.3749, 11.7951 ], [ 2.375, 11.795 ], [ 2.375, 11.7949 ], [ 2.3752, 11.7948 ], [ 2.3753, 11.7946 ], [ 2.3754, 11.7944 ], [ 2.3754, 11.7942 ], [ 2.3754, 11.794 ], [ 2.3754, 11.7939 ], [ 2.3754, 11.7937 ], [ 2.3754, 11.7936 ], [ 2.3755, 11.7934 ], [ 2.3757, 11.7932 ], [ 2.3757, 11.793 ], [ 2.3758, 11.7928 ], [ 2.3759, 11.7927 ], [ 2.376, 11.7924 ], [ 2.3761, 11.7922 ], [ 2.376, 11.792 ], [ 2.3759, 11.7917 ], [ 2.3758, 11.7914 ], [ 2.3757, 11.7913 ], [ 2.3757, 11.7912 ], [ 2.3755, 11.7909 ], [ 2.3754, 11.7908 ], [ 2.3753, 11.7907 ], [ 2.375, 11.7903 ], [ 2.3749, 11.7902 ], [ 2.3747, 11.79 ], [ 2.3746, 11.7898 ], [ 2.3744, 11.7895 ], [ 2.3742, 11.7893 ], [ 2.3741, 11.7892 ], [ 2.374, 11.7891 ], [ 2.3739, 11.789 ], [ 2.3737, 11.7889 ], [ 2.3733, 11.7887 ], [ 2.3731, 11.7886 ], [ 2.3728, 11.7885 ], [ 2.3725, 11.7883 ], [ 2.3723, 11.7883 ], [ 2.372, 11.7882 ], [ 2.3718, 11.7882 ], [ 2.3717, 11.7882 ], [ 2.3715, 11.7882 ], [ 2.3711, 11.7882 ], [ 2.371, 11.7882 ], [ 2.3708, 11.7882 ], [ 2.3705, 11.7881 ], [ 2.3701, 11.7879 ], [ 2.3699, 11.7878 ], [ 2.3697, 11.7876 ], [ 2.3694, 11.7875 ], [ 2.3692, 11.7875 ], [ 2.3691, 11.7875 ], [ 2.3689, 11.7876 ], [ 2.3688, 11.7876 ], [ 2.3687, 11.7876 ], [ 2.3686, 11.7876 ], [ 2.3684, 11.7877 ], [ 2.3682, 11.7877 ], [ 2.3679, 11.7878 ], [ 2.3677, 11.7879 ], [ 2.3674, 11.7881 ], [ 2.367, 11.7882 ], [ 2.3665, 11.7883 ], [ 2.3663, 11.7884 ], [ 2.3661, 11.7884 ], [ 2.3659, 11.7884 ], [ 2.3657, 11.7885 ], [ 2.3655, 11.7886 ], [ 2.3654, 11.7887 ], [ 2.3651, 11.7889 ], [ 2.3649, 11.7889 ], [ 2.3645, 11.7891 ], [ 2.3642, 11.7892 ], [ 2.3641, 11.7892 ], [ 2.3639, 11.7892 ], [ 2.3636, 11.7894 ], [ 2.3634, 11.7894 ], [ 2.3633, 11.7895 ], [ 2.3631, 11.7895 ], [ 2.3629, 11.7895 ], [ 2.3626, 11.7895 ], [ 2.3624, 11.7896 ], [ 2.3622, 11.7896 ], [ 2.362, 11.7896 ], [ 2.3618, 11.7896 ], [ 2.3617, 11.7896 ], [ 2.3615, 11.7896 ], [ 2.3613, 11.7896 ], [ 2.361, 11.7897 ], [ 2.3608, 11.7897 ], [ 2.3606, 11.7897 ], [ 2.3605, 11.7897 ], [ 2.3602, 11.7896 ], [ 2.36, 11.7895 ], [ 2.3599, 11.7895 ], [ 2.3596, 11.7895 ], [ 2.3593, 11.7895 ], [ 2.3591, 11.7894 ], [ 2.3588, 11.7893 ], [ 2.3586, 11.7891 ], [ 2.3583, 11.789 ], [ 2.3581, 11.7889 ], [ 2.358, 11.7887 ], [ 2.3578, 11.7886 ], [ 2.3577, 11.7885 ], [ 2.3575, 11.7883 ], [ 2.3573, 11.7882 ], [ 2.3571, 11.7881 ], [ 2.3569, 11.788 ], [ 2.3567, 11.7879 ], [ 2.3564, 11.7878 ], [ 2.3563, 11.7877 ], [ 2.3558, 11.7875 ], [ 2.3556, 11.7874 ], [ 2.3554, 11.7872 ], [ 2.3552, 11.7871 ], [ 2.355, 11.787 ], [ 2.3547, 11.7868 ], [ 2.3546, 11.7868 ], [ 2.3544, 11.7867 ], [ 2.3541, 11.7866 ], [ 2.354, 11.7865 ], [ 2.3536, 11.7863 ], [ 2.3535, 11.7862 ], [ 2.3533, 11.7862 ], [ 2.3532, 11.7861 ], [ 2.3531, 11.786 ], [ 2.3528, 11.7859 ], [ 2.3526, 11.7857 ], [ 2.3524, 11.7855 ], [ 2.3521, 11.7854 ], [ 2.3518, 11.7852 ], [ 2.3516, 11.7851 ], [ 2.3514, 11.785 ], [ 2.3511, 11.7848 ], [ 2.3509, 11.7847 ], [ 2.3506, 11.7846 ], [ 2.3503, 11.7845 ], [ 2.35, 11.7844 ], [ 2.3497, 11.7843 ], [ 2.3495, 11.7843 ], [ 2.3494, 11.7843 ], [ 2.3491, 11.7844 ], [ 2.3488, 11.7845 ], [ 2.3484, 11.7846 ], [ 2.3483, 11.7846 ], [ 2.348, 11.7847 ], [ 2.3478, 11.7847 ], [ 2.3477, 11.7847 ], [ 2.3473, 11.7847 ], [ 2.3471, 11.7846 ], [ 2.3469, 11.7844 ], [ 2.3468, 11.7842 ], [ 2.3467, 11.784 ], [ 2.3465, 11.7839 ], [ 2.3464, 11.7838 ], [ 2.3462, 11.7838 ], [ 2.3461, 11.7838 ], [ 2.3458, 11.7838 ], [ 2.3455, 11.7837 ], [ 2.3453, 11.7837 ], [ 2.3451, 11.7837 ], [ 2.3449, 11.7837 ], [ 2.3448, 11.7837 ], [ 2.3446, 11.7838 ], [ 2.3445, 11.784 ], [ 2.3444, 11.784 ], [ 2.3442, 11.7842 ], [ 2.3439, 11.7844 ], [ 2.3437, 11.7844 ], [ 2.3435, 11.7845 ], [ 2.3433, 11.7846 ], [ 2.3432, 11.7846 ], [ 2.343, 11.7846 ], [ 2.3429, 11.7846 ], [ 2.3427, 11.7846 ], [ 2.3425, 11.7846 ], [ 2.3424, 11.7846 ], [ 2.3422, 11.7846 ], [ 2.342, 11.7846 ], [ 2.3419, 11.7846 ], [ 2.3416, 11.7846 ], [ 2.3413, 11.7844 ], [ 2.3411, 11.7844 ], [ 2.3409, 11.7843 ], [ 2.3408, 11.7842 ], [ 2.3407, 11.784 ], [ 2.3406, 11.7838 ], [ 2.3404, 11.7836 ], [ 2.3402, 11.7835 ], [ 2.3399, 11.7833 ], [ 2.3398, 11.7832 ], [ 2.3397, 11.7832 ], [ 2.3395, 11.783 ], [ 2.3394, 11.7828 ], [ 2.3392, 11.7826 ], [ 2.339, 11.7825 ], [ 2.3388, 11.7823 ], [ 2.3387, 11.7821 ], [ 2.3387, 11.7819 ], [ 2.3388, 11.7816 ], [ 2.3389, 11.7813 ], [ 2.339, 11.7811 ], [ 2.3391, 11.7809 ], [ 2.3393, 11.7807 ], [ 2.3394, 11.7805 ], [ 2.3395, 11.7803 ], [ 2.3396, 11.7801 ], [ 2.3397, 11.7799 ], [ 2.3398, 11.7797 ], [ 2.3399, 11.7796 ], [ 2.34, 11.7794 ], [ 2.34, 11.7794 ], [ 2.3401, 11.7793 ], [ 2.3403, 11.7791 ], [ 2.3404, 11.779 ], [ 2.3406, 11.7789 ], [ 2.3407, 11.7788 ], [ 2.3409, 11.7787 ], [ 2.341, 11.7786 ], [ 2.3412, 11.7784 ], [ 2.3414, 11.7782 ], [ 2.3416, 11.7781 ], [ 2.3417, 11.7779 ], [ 2.3419, 11.7778 ], [ 2.342, 11.7776 ], [ 2.3421, 11.7775 ], [ 2.3422, 11.7772 ], [ 2.3423, 11.777 ], [ 2.3424, 11.7768 ], [ 2.3426, 11.7766 ], [ 2.3427, 11.7766 ], [ 2.3428, 11.7762 ], [ 2.3429, 11.7761 ], [ 2.3429, 11.7759 ], [ 2.343, 11.7758 ], [ 2.343, 11.7756 ], [ 2.3431, 11.7754 ], [ 2.3432, 11.7753 ], [ 2.3433, 11.7751 ], [ 2.3434, 11.7749 ], [ 2.3434, 11.7747 ], [ 2.3434, 11.7746 ], [ 2.3434, 11.7746 ], [ 2.3434, 11.7743 ], [ 2.3434, 11.7742 ], [ 2.3434, 11.774 ], [ 2.3435, 11.7737 ], [ 2.3436, 11.7736 ], [ 2.3436, 11.7734 ], [ 2.3435, 11.7732 ], [ 2.3433, 11.773 ], [ 2.3432, 11.7729 ], [ 2.3431, 11.7728 ], [ 2.3427, 11.7726 ], [ 2.3424, 11.7724 ], [ 2.3422, 11.7724 ], [ 2.3421, 11.7724 ], [ 2.3418, 11.7723 ], [ 2.3415, 11.7722 ], [ 2.341, 11.7721 ], [ 2.3409, 11.7721 ], [ 2.3407, 11.7721 ], [ 2.3406, 11.7721 ], [ 2.3403, 11.772 ], [ 2.3401, 11.772 ], [ 2.3397, 11.7719 ], [ 2.3395, 11.7717 ], [ 2.3394, 11.7716 ], [ 2.3393, 11.7715 ], [ 2.3392, 11.7714 ], [ 2.3391, 11.7712 ], [ 2.3389, 11.771 ], [ 2.3388, 11.7709 ], [ 2.3386, 11.7707 ], [ 2.3384, 11.7705 ], [ 2.3383, 11.7705 ], [ 2.3383, 11.7704 ], [ 2.3382, 11.7704 ], [ 2.3382, 11.7703 ], [ 2.3381, 11.7702 ], [ 2.338, 11.77 ], [ 2.3379, 11.7698 ], [ 2.3378, 11.7696 ], [ 2.3377, 11.7694 ], [ 2.3376, 11.7691 ], [ 2.3376, 11.7688 ], [ 2.3376, 11.7687 ], [ 2.3375, 11.7685 ], [ 2.3375, 11.7684 ], [ 2.3375, 11.7682 ], [ 2.3373, 11.768 ], [ 2.3373, 11.7678 ], [ 2.3372, 11.7675 ], [ 2.3371, 11.7672 ], [ 2.3371, 11.767 ], [ 2.3371, 11.7668 ], [ 2.3372, 11.7665 ], [ 2.3372, 11.7663 ], [ 2.3371, 11.7662 ], [ 2.337, 11.766 ], [ 2.3366, 11.7658 ], [ 2.3365, 11.7657 ], [ 2.3363, 11.7655 ], [ 2.3361, 11.7653 ], [ 2.336, 11.7651 ], [ 2.3358, 11.7649 ], [ 2.3357, 11.7647 ], [ 2.3356, 11.7645 ], [ 2.3354, 11.7644 ], [ 2.3352, 11.7643 ], [ 2.335, 11.7642 ], [ 2.3349, 11.7641 ], [ 2.3347, 11.764 ], [ 2.3345, 11.7639 ], [ 2.3345, 11.7637 ], [ 2.3343, 11.7636 ], [ 2.3341, 11.7636 ], [ 2.3337, 11.7638 ], [ 2.3334, 11.7639 ], [ 2.3333, 11.764 ], [ 2.333, 11.764 ], [ 2.3327, 11.764 ], [ 2.3324, 11.7639 ], [ 2.3322, 11.7639 ], [ 2.3321, 11.7639 ], [ 2.3317, 11.7637 ], [ 2.3315, 11.7635 ], [ 2.3313, 11.7634 ], [ 2.3312, 11.7632 ], [ 2.3311, 11.763 ], [ 2.331, 11.7628 ], [ 2.3309, 11.7626 ], [ 2.3309, 11.7625 ], [ 2.3307, 11.7623 ], [ 2.3305, 11.7621 ], [ 2.3304, 11.7619 ], [ 2.3304, 11.7617 ], [ 2.3304, 11.7614 ], [ 2.3303, 11.7611 ], [ 2.3301, 11.761 ], [ 2.3299, 11.7609 ], [ 2.3298, 11.7609 ], [ 2.3295, 11.7607 ], [ 2.3294, 11.7605 ], [ 2.3293, 11.7603 ], [ 2.3291, 11.7602 ], [ 2.3289, 11.7602 ], [ 2.3288, 11.7602 ], [ 2.3284, 11.7601 ], [ 2.3283, 11.7601 ], [ 2.328, 11.76 ], [ 2.3278, 11.76 ], [ 2.3275, 11.76 ], [ 2.3274, 11.7599 ], [ 2.3273, 11.7599 ], [ 2.3272, 11.7599 ], [ 2.3271, 11.7599 ], [ 2.3269, 11.7599 ], [ 2.3267, 11.7599 ], [ 2.3264, 11.7598 ], [ 2.3261, 11.7597 ], [ 2.326, 11.7597 ], [ 2.3256, 11.7596 ], [ 2.3253, 11.7595 ], [ 2.325, 11.7595 ], [ 2.3249, 11.7595 ], [ 2.3247, 11.7594 ], [ 2.3245, 11.7593 ], [ 2.3244, 11.7592 ], [ 2.3242, 11.7591 ], [ 2.3241, 11.7591 ], [ 2.3239, 11.759 ], [ 2.3237, 11.7589 ], [ 2.3235, 11.7588 ], [ 2.3233, 11.7587 ], [ 2.323, 11.7586 ], [ 2.3229, 11.7585 ], [ 2.3226, 11.7583 ], [ 2.3224, 11.7583 ], [ 2.322, 11.7581 ], [ 2.3219, 11.7579 ], [ 2.3218, 11.7578 ], [ 2.3216, 11.7577 ], [ 2.3215, 11.7575 ], [ 2.3213, 11.7573 ], [ 2.3212, 11.7571 ], [ 2.3211, 11.7569 ], [ 2.3209, 11.7567 ], [ 2.3208, 11.7565 ], [ 2.3206, 11.7562 ], [ 2.3205, 11.7561 ], [ 2.3205, 11.7559 ], [ 2.3204, 11.7556 ], [ 2.3203, 11.7555 ], [ 2.3203, 11.7553 ], [ 2.3203, 11.755 ], [ 2.3203, 11.7547 ], [ 2.3202, 11.7546 ], [ 2.3202, 11.7544 ], [ 2.3202, 11.7541 ], [ 2.3202, 11.7539 ], [ 2.3204, 11.7538 ], [ 2.3205, 11.7536 ], [ 2.3206, 11.7534 ], [ 2.3207, 11.7533 ], [ 2.3209, 11.7531 ], [ 2.321, 11.753 ], [ 2.3211, 11.7529 ], [ 2.3212, 11.7528 ], [ 2.3214, 11.7527 ], [ 2.3215, 11.7525 ], [ 2.3215, 11.7525 ], [ 2.3216, 11.7524 ], [ 2.3217, 11.7523 ], [ 2.3219, 11.7522 ], [ 2.3221, 11.752 ], [ 2.3223, 11.7519 ], [ 2.3224, 11.7518 ], [ 2.3227, 11.7517 ], [ 2.3229, 11.7515 ], [ 2.323, 11.7514 ], [ 2.3231, 11.7512 ], [ 2.3232, 11.7512 ], [ 2.3232, 11.7511 ], [ 2.3233, 11.751 ], [ 2.3234, 11.7508 ], [ 2.3234, 11.7507 ], [ 2.3234, 11.7504 ], [ 2.3234, 11.7502 ], [ 2.3234, 11.7502 ], [ 2.3233, 11.75 ], [ 2.3232, 11.75 ], [ 2.323, 11.7497 ], [ 2.323, 11.7496 ], [ 2.3228, 11.7493 ], [ 2.3228, 11.7492 ], [ 2.3225, 11.7488 ], [ 2.3225, 11.7487 ], [ 2.3224, 11.7486 ], [ 2.3223, 11.7484 ], [ 2.3223, 11.7483 ], [ 2.3223, 11.7479 ], [ 2.3222, 11.7478 ], [ 2.3223, 11.7473 ], [ 2.3222, 11.747 ], [ 2.3222, 11.747 ], [ 2.3222, 11.7468 ], [ 2.322, 11.7467 ], [ 2.3218, 11.7467 ], [ 2.3217, 11.7467 ], [ 2.3215, 11.7467 ], [ 2.3213, 11.7467 ], [ 2.3211, 11.7466 ], [ 2.3209, 11.7465 ], [ 2.3208, 11.7465 ], [ 2.3206, 11.7464 ], [ 2.3204, 11.7462 ], [ 2.3202, 11.746 ], [ 2.3201, 11.7458 ], [ 2.32, 11.7456 ], [ 2.3199, 11.7454 ], [ 2.3198, 11.7453 ], [ 2.3197, 11.745 ], [ 2.3196, 11.7448 ], [ 2.3195, 11.7446 ], [ 2.3194, 11.7444 ], [ 2.3194, 11.7442 ], [ 2.3193, 11.744 ], [ 2.3193, 11.7438 ], [ 2.3193, 11.7436 ], [ 2.3193, 11.7435 ], [ 2.3192, 11.7432 ], [ 2.3191, 11.743 ], [ 2.319, 11.7428 ], [ 2.3189, 11.7426 ], [ 2.3188, 11.7424 ], [ 2.3187, 11.7421 ], [ 2.3187, 11.7419 ], [ 2.3186, 11.7418 ], [ 2.3185, 11.7417 ], [ 2.3184, 11.7415 ], [ 2.3183, 11.7413 ], [ 2.3183, 11.7412 ], [ 2.3182, 11.741 ], [ 2.3181, 11.7408 ], [ 2.3181, 11.7407 ], [ 2.318, 11.7404 ], [ 2.3179, 11.7403 ], [ 2.3179, 11.7402 ], [ 2.3179, 11.74 ], [ 2.3178, 11.7398 ], [ 2.3178, 11.7396 ], [ 2.3177, 11.7395 ], [ 2.3176, 11.7394 ], [ 2.3174, 11.7392 ], [ 2.3173, 11.7391 ], [ 2.317, 11.739 ], [ 2.3168, 11.7388 ], [ 2.3166, 11.7388 ], [ 2.3165, 11.7387 ], [ 2.3163, 11.7387 ], [ 2.3161, 11.7386 ], [ 2.3158, 11.7385 ], [ 2.3157, 11.7384 ], [ 2.3156, 11.7382 ], [ 2.3157, 11.7381 ], [ 2.3157, 11.7379 ], [ 2.3154, 11.7378 ], [ 2.3153, 11.7378 ], [ 2.3151, 11.7377 ], [ 2.315, 11.7375 ], [ 2.3149, 11.7374 ], [ 2.3148, 11.7372 ], [ 2.3146, 11.7371 ], [ 2.3144, 11.7371 ], [ 2.3143, 11.7371 ], [ 2.3141, 11.7372 ], [ 2.3138, 11.7373 ], [ 2.3135, 11.7375 ], [ 2.3133, 11.7377 ], [ 2.313, 11.7378 ], [ 2.3128, 11.7379 ], [ 2.3126, 11.7379 ], [ 2.3125, 11.7379 ], [ 2.3121, 11.7379 ], [ 2.312, 11.7379 ], [ 2.3118, 11.738 ], [ 2.3117, 11.7381 ], [ 2.3116, 11.7382 ], [ 2.3115, 11.7383 ], [ 2.3114, 11.7385 ], [ 2.3111, 11.7386 ], [ 2.3107, 11.7387 ], [ 2.3104, 11.7388 ], [ 2.3102, 11.7388 ], [ 2.3101, 11.7388 ], [ 2.3098, 11.7388 ], [ 2.3096, 11.7388 ], [ 2.3094, 11.7387 ], [ 2.3091, 11.7387 ], [ 2.3089, 11.7386 ], [ 2.3087, 11.7385 ], [ 2.3085, 11.7384 ], [ 2.3083, 11.7383 ], [ 2.3081, 11.7384 ], [ 2.3078, 11.7385 ], [ 2.3076, 11.7385 ], [ 2.3076, 11.7385 ], [ 2.3075, 11.7385 ], [ 2.3073, 11.7385 ], [ 2.3072, 11.7385 ], [ 2.307, 11.7385 ], [ 2.3069, 11.7384 ], [ 2.3068, 11.7383 ], [ 2.3068, 11.7382 ], [ 2.3067, 11.7381 ], [ 2.3066, 11.7379 ], [ 2.3065, 11.7378 ], [ 2.3065, 11.7376 ], [ 2.3065, 11.7375 ], [ 2.3066, 11.7373 ], [ 2.3067, 11.7371 ], [ 2.3067, 11.7369 ], [ 2.3067, 11.7368 ], [ 2.3067, 11.7366 ], [ 2.3066, 11.7364 ], [ 2.3066, 11.7363 ], [ 2.3064, 11.7361 ], [ 2.3063, 11.736 ], [ 2.3061, 11.7359 ], [ 2.306, 11.7357 ], [ 2.3059, 11.7357 ], [ 2.3058, 11.7355 ], [ 2.3056, 11.7354 ], [ 2.3054, 11.7352 ], [ 2.3052, 11.735 ], [ 2.305, 11.7349 ], [ 2.3049, 11.7348 ], [ 2.3049, 11.7346 ], [ 2.3048, 11.7344 ], [ 2.3047, 11.7342 ], [ 2.3047, 11.734 ], [ 2.3046, 11.7339 ], [ 2.3046, 11.7337 ], [ 2.3046, 11.7335 ], [ 2.3045, 11.7334 ], [ 2.3045, 11.7332 ], [ 2.3045, 11.7331 ], [ 2.3045, 11.733 ], [ 2.3044, 11.7328 ], [ 2.3043, 11.7326 ], [ 2.3043, 11.7325 ], [ 2.3043, 11.7323 ], [ 2.3042, 11.7321 ], [ 2.3042, 11.7319 ], [ 2.3042, 11.7317 ], [ 2.3042, 11.7315 ], [ 2.3042, 11.7314 ], [ 2.3042, 11.7312 ], [ 2.3042, 11.731 ], [ 2.3042, 11.7309 ], [ 2.304, 11.7306 ], [ 2.304, 11.7304 ], [ 2.304, 11.7302 ], [ 2.3041, 11.73 ], [ 2.3042, 11.7298 ], [ 2.3042, 11.7295 ], [ 2.3044, 11.7293 ], [ 2.3044, 11.7292 ], [ 2.3046, 11.729 ], [ 2.3046, 11.7287 ], [ 2.3048, 11.7284 ], [ 2.3048, 11.7283 ], [ 2.3049, 11.7281 ], [ 2.305, 11.7281 ], [ 2.3051, 11.728 ], [ 2.3052, 11.7277 ], [ 2.3054, 11.7274 ], [ 2.3054, 11.7273 ], [ 2.3053, 11.727 ], [ 2.3054, 11.7268 ], [ 2.3055, 11.7265 ], [ 2.3055, 11.7264 ], [ 2.3056, 11.7262 ], [ 2.3056, 11.7261 ], [ 2.3056, 11.7259 ], [ 2.3057, 11.7257 ], [ 2.3058, 11.7255 ], [ 2.3059, 11.7253 ], [ 2.3059, 11.7251 ], [ 2.3059, 11.7249 ], [ 2.3059, 11.7247 ], [ 2.306, 11.7246 ], [ 2.3062, 11.7244 ], [ 2.3064, 11.7243 ], [ 2.3064, 11.7243 ], [ 2.3066, 11.7242 ], [ 2.3067, 11.7241 ], [ 2.3068, 11.7241 ], [ 2.307, 11.724 ], [ 2.3072, 11.7238 ], [ 2.3073, 11.7237 ], [ 2.3075, 11.7235 ], [ 2.3076, 11.7234 ], [ 2.3076, 11.7231 ], [ 2.3075, 11.7229 ], [ 2.3075, 11.7227 ], [ 2.3074, 11.7225 ], [ 2.3073, 11.7223 ], [ 2.3071, 11.7223 ], [ 2.3069, 11.7222 ], [ 2.3067, 11.7222 ], [ 2.3066, 11.722 ], [ 2.3062, 11.7219 ], [ 2.306, 11.7218 ], [ 2.3058, 11.7217 ], [ 2.3057, 11.7217 ], [ 2.3053, 11.7217 ], [ 2.3052, 11.7217 ], [ 2.3051, 11.7217 ], [ 2.3049, 11.7217 ], [ 2.3047, 11.7216 ], [ 2.3046, 11.7216 ], [ 2.3043, 11.7215 ], [ 2.3041, 11.7215 ], [ 2.3039, 11.7215 ], [ 2.3036, 11.7215 ], [ 2.3035, 11.7215 ], [ 2.3032, 11.7216 ], [ 2.3031, 11.7218 ], [ 2.3029, 11.7219 ], [ 2.3027, 11.722 ], [ 2.3026, 11.7223 ], [ 2.3025, 11.7225 ], [ 2.3023, 11.7227 ], [ 2.302, 11.7228 ], [ 2.3019, 11.7228 ], [ 2.3015, 11.7227 ], [ 2.3011, 11.7227 ], [ 2.3009, 11.7226 ], [ 2.3008, 11.7225 ], [ 2.3006, 11.7223 ], [ 2.3005, 11.7221 ], [ 2.3004, 11.722 ], [ 2.3003, 11.7219 ], [ 2.3001, 11.7217 ], [ 2.3, 11.7216 ], [ 2.2999, 11.7215 ], [ 2.2997, 11.7213 ], [ 2.2996, 11.7211 ], [ 2.2996, 11.721 ], [ 2.2995, 11.7209 ], [ 2.2994, 11.7207 ], [ 2.2992, 11.7205 ], [ 2.2991, 11.7203 ], [ 2.2991, 11.7202 ], [ 2.299, 11.72 ], [ 2.2989, 11.7199 ], [ 2.2988, 11.7197 ], [ 2.2986, 11.7195 ], [ 2.2986, 11.7194 ], [ 2.2985, 11.7192 ], [ 2.2984, 11.7191 ], [ 2.2984, 11.719 ], [ 2.2983, 11.7189 ], [ 2.2983, 11.7188 ], [ 2.2983, 11.7186 ], [ 2.2983, 11.7185 ], [ 2.2983, 11.7183 ], [ 2.2983, 11.7182 ], [ 2.2983, 11.7179 ], [ 2.2983, 11.7178 ], [ 2.2982, 11.7175 ], [ 2.2982, 11.7173 ], [ 2.2982, 11.7172 ], [ 2.2982, 11.717 ], [ 2.2982, 11.7167 ], [ 2.2983, 11.7166 ], [ 2.2983, 11.7164 ], [ 2.2984, 11.7162 ], [ 2.2985, 11.716 ], [ 2.2986, 11.7158 ], [ 2.2987, 11.7155 ], [ 2.2989, 11.7153 ], [ 2.299, 11.7151 ], [ 2.2992, 11.7149 ], [ 2.2993, 11.7147 ], [ 2.2994, 11.7145 ], [ 2.2995, 11.7143 ], [ 2.2996, 11.7142 ], [ 2.2997, 11.714 ], [ 2.2998, 11.7139 ], [ 2.3, 11.7136 ], [ 2.3001, 11.7135 ], [ 2.3002, 11.7133 ], [ 2.3003, 11.713 ], [ 2.3004, 11.7129 ], [ 2.3005, 11.7128 ], [ 2.3006, 11.7126 ], [ 2.3007, 11.7124 ], [ 2.3007, 11.7122 ], [ 2.3008, 11.712 ], [ 2.3009, 11.7118 ], [ 2.301, 11.7117 ], [ 2.3011, 11.7115 ], [ 2.3012, 11.7114 ], [ 2.3013, 11.7112 ], [ 2.3014, 11.7111 ], [ 2.3015, 11.7109 ], [ 2.3017, 11.7107 ], [ 2.3018, 11.7106 ], [ 2.3019, 11.7105 ], [ 2.302, 11.7103 ], [ 2.3021, 11.7102 ], [ 2.3022, 11.71 ], [ 2.3023, 11.7098 ], [ 2.3023, 11.7096 ], [ 2.3023, 11.7094 ], [ 2.3024, 11.7093 ], [ 2.3024, 11.7091 ], [ 2.3024, 11.7088 ], [ 2.3025, 11.7086 ], [ 2.3026, 11.7084 ], [ 2.3026, 11.7083 ], [ 2.3026, 11.7081 ], [ 2.3027, 11.7079 ], [ 2.3027, 11.7077 ], [ 2.3028, 11.7074 ], [ 2.3028, 11.7072 ], [ 2.3028, 11.707 ], [ 2.3028, 11.7069 ], [ 2.3028, 11.7067 ], [ 2.3029, 11.7064 ], [ 2.3029, 11.7063 ], [ 2.303, 11.706 ], [ 2.3031, 11.7058 ], [ 2.3032, 11.7056 ], [ 2.3032, 11.7055 ], [ 2.3033, 11.7051 ], [ 2.3033, 11.705 ], [ 2.3034, 11.7048 ], [ 2.3035, 11.7046 ], [ 2.3036, 11.7044 ], [ 2.3037, 11.7042 ], [ 2.3037, 11.704 ], [ 2.3038, 11.7038 ], [ 2.3039, 11.7034 ], [ 2.304, 11.7031 ], [ 2.304, 11.7029 ], [ 2.3041, 11.7027 ], [ 2.3041, 11.7024 ], [ 2.3042, 11.7023 ], [ 2.3043, 11.7021 ], [ 2.3043, 11.7019 ], [ 2.3044, 11.7018 ], [ 2.3044, 11.7017 ], [ 2.3045, 11.7015 ], [ 2.3045, 11.7014 ], [ 2.3045, 11.7012 ], [ 2.3045, 11.701 ], [ 2.3045, 11.7009 ], [ 2.3045, 11.7004 ], [ 2.3044, 11.7003 ], [ 2.3043, 11.7002 ], [ 2.3041, 11.7001 ], [ 2.304, 11.7001 ], [ 2.3038, 11.7001 ], [ 2.3038, 11.7001 ], [ 2.3037, 11.7 ], [ 2.3036, 11.7 ], [ 2.3036, 11.7 ], [ 2.3035, 11.7 ], [ 2.3034, 11.6999 ], [ 2.3034, 11.6999 ], [ 2.3033, 11.6999 ], [ 2.3032, 11.6997 ], [ 2.3031, 11.6993 ], [ 2.3031, 11.6992 ], [ 2.3031, 11.699 ], [ 2.3031, 11.6989 ], [ 2.3031, 11.6987 ], [ 2.3031, 11.6987 ], [ 2.3033, 11.6984 ], [ 2.3034, 11.6982 ], [ 2.3035, 11.6981 ], [ 2.3036, 11.6979 ], [ 2.3037, 11.6978 ], [ 2.3038, 11.6977 ], [ 2.3038, 11.6976 ], [ 2.3039, 11.6975 ], [ 2.304, 11.6974 ], [ 2.3044, 11.697 ], [ 2.3045, 11.6969 ], [ 2.3045, 11.6969 ], [ 2.3047, 11.6968 ], [ 2.3047, 11.6967 ], [ 2.3048, 11.6966 ], [ 2.3049, 11.6966 ], [ 2.305, 11.6965 ], [ 2.3052, 11.6964 ], [ 2.3054, 11.6962 ], [ 2.3056, 11.6961 ], [ 2.3056, 11.6961 ], [ 2.3059, 11.696 ], [ 2.3061, 11.696 ], [ 2.3062, 11.6959 ], [ 2.3063, 11.6959 ], [ 2.3064, 11.6959 ], [ 2.3065, 11.6959 ], [ 2.3066, 11.6959 ], [ 2.3068, 11.6959 ], [ 2.3072, 11.6959 ], [ 2.3073, 11.6959 ], [ 2.3074, 11.6959 ], [ 2.3076, 11.6959 ], [ 2.3077, 11.6958 ], [ 2.3079, 11.6957 ], [ 2.308, 11.6956 ], [ 2.308, 11.6955 ], [ 2.3081, 11.6953 ], [ 2.3083, 11.6951 ], [ 2.3083, 11.695 ], [ 2.3084, 11.6949 ], [ 2.3085, 11.6947 ], [ 2.3087, 11.6944 ], [ 2.3088, 11.6942 ], [ 2.3088, 11.6942 ], [ 2.3089, 11.694 ], [ 2.3089, 11.694 ], [ 2.309, 11.6939 ], [ 2.3091, 11.6938 ], [ 2.3091, 11.6937 ], [ 2.3091, 11.6936 ], [ 2.3091, 11.6934 ], [ 2.3091, 11.6933 ], [ 2.3091, 11.6931 ], [ 2.309, 11.693 ], [ 2.3089, 11.6929 ], [ 2.3088, 11.6927 ], [ 2.3086, 11.6927 ], [ 2.3085, 11.6927 ], [ 2.3084, 11.6927 ], [ 2.3082, 11.6926 ], [ 2.308, 11.6926 ], [ 2.3077, 11.6926 ], [ 2.3073, 11.6924 ], [ 2.307, 11.6923 ], [ 2.3068, 11.6922 ], [ 2.3066, 11.692 ], [ 2.3064, 11.6919 ], [ 2.3063, 11.6918 ], [ 2.3062, 11.6916 ], [ 2.3062, 11.6914 ], [ 2.3061, 11.6911 ], [ 2.3061, 11.691 ], [ 2.3061, 11.6908 ], [ 2.306, 11.6905 ], [ 2.306, 11.6903 ], [ 2.306, 11.6902 ], [ 2.306, 11.6901 ], [ 2.3059, 11.6899 ], [ 2.3059, 11.6893 ], [ 2.3059, 11.6888 ], [ 2.3059, 11.6888 ], [ 2.3059, 11.6878 ], [ 2.3059, 11.6876 ], [ 2.3058, 11.6874 ], [ 2.3058, 11.6873 ], [ 2.3059, 11.687 ], [ 2.3059, 11.6869 ], [ 2.3059, 11.6865 ], [ 2.3059, 11.6863 ], [ 2.3059, 11.686 ], [ 2.3059, 11.6859 ], [ 2.3059, 11.6857 ], [ 2.3059, 11.6856 ], [ 2.3059, 11.6854 ], [ 2.306, 11.6851 ], [ 2.306, 11.685 ], [ 2.3061, 11.6848 ], [ 2.3063, 11.6846 ], [ 2.3064, 11.6845 ], [ 2.3065, 11.6842 ], [ 2.3066, 11.6841 ], [ 2.3067, 11.6839 ], [ 2.3069, 11.6837 ], [ 2.307, 11.6836 ], [ 2.3072, 11.6834 ], [ 2.3073, 11.6833 ], [ 2.3074, 11.6833 ], [ 2.3077, 11.6832 ], [ 2.3078, 11.683 ], [ 2.308, 11.6829 ], [ 2.3081, 11.6829 ], [ 2.3082, 11.6828 ], [ 2.3085, 11.6828 ], [ 2.3086, 11.6827 ], [ 2.3088, 11.6825 ], [ 2.3089, 11.6825 ], [ 2.3091, 11.6823 ], [ 2.3092, 11.6822 ], [ 2.3094, 11.6821 ], [ 2.3096, 11.682 ], [ 2.3097, 11.6819 ], [ 2.3099, 11.6819 ], [ 2.3103, 11.6818 ], [ 2.3105, 11.6817 ], [ 2.3106, 11.6817 ], [ 2.3108, 11.6816 ], [ 2.311, 11.6816 ], [ 2.3112, 11.6815 ], [ 2.3113, 11.6814 ], [ 2.3114, 11.6813 ], [ 2.3117, 11.6811 ], [ 2.3119, 11.681 ], [ 2.3104, 11.6796 ], [ 2.3099, 11.6791 ], [ 2.3066, 11.6758 ], [ 2.3059, 11.6751 ], [ 2.3035, 11.6726 ], [ 2.3026, 11.6719 ], [ 2.3007, 11.6703 ], [ 2.3001, 11.6698 ], [ 2.2965, 11.6678 ], [ 2.2928, 11.6654 ], [ 2.289, 11.6628 ], [ 2.2851, 11.6608 ], [ 2.285, 11.6608 ], [ 2.2809, 11.6591 ], [ 2.2807, 11.6591 ], [ 2.2794, 11.6586 ], [ 2.2777, 11.658 ], [ 2.2756, 11.6573 ], [ 2.2753, 11.6572 ], [ 2.2744, 11.6569 ], [ 2.2726, 11.6561 ], [ 2.2697, 11.6547 ], [ 2.2677, 11.6537 ], [ 2.2662, 11.6529 ], [ 2.2623, 11.6511 ], [ 2.2623, 11.651 ], [ 2.2596, 11.649 ], [ 2.2557, 11.6462 ], [ 2.2522, 11.643 ], [ 2.2506, 11.6411 ], [ 2.2495, 11.6399 ], [ 2.2488, 11.6391 ], [ 2.2482, 11.6384 ], [ 2.2444, 11.6338 ], [ 2.2436, 11.6329 ], [ 2.2415, 11.6305 ], [ 2.2404, 11.6295 ], [ 2.2366, 11.6261 ], [ 2.2324, 11.6213 ], [ 2.2316, 11.6206 ], [ 2.2297, 11.619 ], [ 2.2272, 11.6169 ], [ 2.2238, 11.6138 ], [ 2.2213, 11.6121 ], [ 2.2179, 11.6095 ], [ 2.2163, 11.6081 ], [ 2.2143, 11.6063 ], [ 2.2118, 11.6045 ], [ 2.2099, 11.6028 ], [ 2.2078, 11.6017 ], [ 2.2039, 11.6014 ], [ 2.1998, 11.6009 ], [ 2.1973, 11.6009 ], [ 2.1948, 11.6007 ], [ 2.1914, 11.5992 ], [ 2.1901, 11.5984 ], [ 2.1893, 11.5978 ], [ 2.1886, 11.5973 ], [ 2.1873, 11.5963 ], [ 2.1857, 11.595 ], [ 2.1844, 11.5939 ], [ 2.1813, 11.5908 ], [ 2.1794, 11.589 ], [ 2.179, 11.5886 ], [ 2.1783, 11.5879 ], [ 2.1757, 11.5849 ], [ 2.1732, 11.5827 ], [ 2.1721, 11.5818 ], [ 2.1701, 11.5797 ], [ 2.1698, 11.5794 ], [ 2.1675, 11.5773 ], [ 2.1664, 11.5763 ], [ 2.1628, 11.5733 ], [ 2.1603, 11.571 ], [ 2.1598, 11.5706 ], [ 2.1595, 11.5703 ], [ 2.1583, 11.5691 ], [ 2.1579, 11.5687 ], [ 2.1569, 11.5677 ], [ 2.1567, 11.5675 ], [ 2.155, 11.5655 ], [ 2.1543, 11.5646 ], [ 2.1536, 11.5638 ], [ 2.1536, 11.5638 ], [ 2.1514, 11.5614 ], [ 2.1512, 11.5613 ], [ 2.1499, 11.5601 ], [ 2.148, 11.5583 ], [ 2.1454, 11.5562 ], [ 2.1418, 11.5531 ], [ 2.1365, 11.5476 ], [ 2.1363, 11.5475 ], [ 2.136, 11.5471 ], [ 2.1359, 11.5471 ], [ 2.1352, 11.5465 ], [ 2.1329, 11.5446 ], [ 2.1295, 11.5422 ], [ 2.1275, 11.5396 ], [ 2.1249, 11.5357 ], [ 2.1221, 11.5328 ], [ 2.1212, 11.5317 ], [ 2.1204, 11.5308 ], [ 2.119, 11.5292 ], [ 2.1186, 11.5289 ], [ 2.117, 11.5273 ], [ 2.1166, 11.527 ], [ 2.1162, 11.5265 ], [ 2.1152, 11.5256 ], [ 2.1131, 11.5237 ], [ 2.1122, 11.5226 ], [ 2.1114, 11.5217 ], [ 2.1105, 11.5208 ], [ 2.1093, 11.5195 ], [ 2.1088, 11.5189 ], [ 2.1073, 11.5175 ], [ 2.1044, 11.5146 ], [ 2.1035, 11.5138 ], [ 2.1028, 11.5131 ], [ 2.1013, 11.5119 ], [ 2.0986, 11.5092 ], [ 2.0958, 11.5064 ], [ 2.0932, 11.5039 ], [ 2.0916, 11.5022 ], [ 2.0913, 11.5018 ], [ 2.0906, 11.5011 ], [ 2.0904, 11.5009 ], [ 2.0894, 11.5 ], [ 2.0871, 11.4979 ], [ 2.0869, 11.4977 ], [ 2.0868, 11.4976 ], [ 2.0863, 11.4969 ], [ 2.0846, 11.4946 ], [ 2.0836, 11.4934 ], [ 2.0833, 11.4929 ], [ 2.0817, 11.4911 ], [ 2.0791, 11.4889 ], [ 2.0771, 11.4872 ], [ 2.0763, 11.4867 ], [ 2.0741, 11.4849 ], [ 2.0739, 11.4848 ], [ 2.0733, 11.4843 ], [ 2.0709, 11.4825 ], [ 2.0707, 11.4823 ], [ 2.0699, 11.4817 ], [ 2.0679, 11.4799 ], [ 2.0657, 11.4785 ], [ 2.0644, 11.4776 ], [ 2.0636, 11.4771 ], [ 2.0612, 11.4749 ], [ 2.0594, 11.473 ], [ 2.0586, 11.472 ], [ 2.058, 11.4714 ], [ 2.0569, 11.47 ], [ 2.054, 11.4666 ], [ 2.0491, 11.4606 ], [ 2.0463, 11.4579 ], [ 2.0434, 11.4546 ], [ 2.0417, 11.4528 ], [ 2.0377, 11.4486 ], [ 2.0352, 11.4454 ], [ 2.0322, 11.442 ], [ 2.0308, 11.4401 ], [ 2.0302, 11.4393 ], [ 2.0298, 11.4388 ], [ 2.0266, 11.4358 ], [ 2.0236, 11.4326 ], [ 2.0204, 11.4305 ], [ 2.0128, 11.4267 ], [ 2.0118, 11.4262 ], [ 2.0106, 11.4255 ], [ 2.0091, 11.4246 ], [ 2.0062, 11.423 ], [ 2.0031, 11.4214 ], [ 2.0, 11.4184 ], [ 1.9996, 11.4185 ], [ 1.9993, 11.4187 ], [ 1.9989, 11.4188 ], [ 1.9986, 11.4188 ], [ 1.9983, 11.4186 ], [ 1.9981, 11.4184 ], [ 1.9979, 11.4183 ], [ 1.9977, 11.418 ], [ 1.9974, 11.4178 ], [ 1.9971, 11.4177 ], [ 1.9965, 11.4177 ], [ 1.9962, 11.4179 ], [ 1.9959, 11.418 ], [ 1.9956, 11.4181 ], [ 1.9952, 11.4183 ], [ 1.995, 11.4184 ], [ 1.9946, 11.4185 ], [ 1.9944, 11.4186 ], [ 1.9941, 11.4188 ], [ 1.994, 11.4189 ], [ 1.9937, 11.419 ], [ 1.9933, 11.4192 ], [ 1.9929, 11.4193 ], [ 1.9925, 11.4193 ], [ 1.9923, 11.4193 ], [ 1.9921, 11.4193 ], [ 1.9917, 11.4193 ], [ 1.9914, 11.4194 ], [ 1.9912, 11.4195 ], [ 1.991, 11.4197 ], [ 1.9908, 11.4198 ], [ 1.9906, 11.42 ], [ 1.9903, 11.4202 ], [ 1.9899, 11.4202 ], [ 1.9895, 11.4201 ], [ 1.9892, 11.4201 ], [ 1.9891, 11.4201 ], [ 1.989, 11.4201 ], [ 1.9889, 11.4202 ], [ 1.9885, 11.4204 ], [ 1.9882, 11.4206 ], [ 1.9879, 11.4207 ], [ 1.9874, 11.4207 ], [ 1.9871, 11.4205 ], [ 1.9868, 11.4204 ], [ 1.9864, 11.4202 ], [ 1.9861, 11.4198 ], [ 1.986, 11.4197 ], [ 1.9858, 11.4195 ], [ 1.9856, 11.4193 ], [ 1.9854, 11.419 ], [ 1.9853, 11.4189 ], [ 1.9851, 11.4187 ], [ 1.9848, 11.4185 ], [ 1.9845, 11.4183 ], [ 1.9843, 11.4181 ], [ 1.9837, 11.418 ], [ 1.9834, 11.4182 ], [ 1.983, 11.4183 ], [ 1.9826, 11.4184 ], [ 1.9822, 11.4185 ], [ 1.9819, 11.4186 ], [ 1.9817, 11.4187 ], [ 1.9814, 11.4188 ], [ 1.9812, 11.4187 ], [ 1.9807, 11.4187 ], [ 1.9805, 11.4188 ], [ 1.9804, 11.419 ], [ 1.9803, 11.4192 ], [ 1.9802, 11.4194 ], [ 1.9801, 11.4196 ], [ 1.98, 11.4197 ], [ 1.9797, 11.4199 ], [ 1.9793, 11.4199 ], [ 1.979, 11.4199 ], [ 1.9789, 11.4199 ], [ 1.9786, 11.4197 ], [ 1.9783, 11.4197 ], [ 1.978, 11.4197 ], [ 1.9778, 11.4199 ], [ 1.9775, 11.42 ], [ 1.9771, 11.42 ], [ 1.9768, 11.42 ], [ 1.9766, 11.42 ], [ 1.9763, 11.4202 ], [ 1.9761, 11.4203 ], [ 1.9758, 11.4205 ], [ 1.9755, 11.4207 ], [ 1.9753, 11.4208 ], [ 1.975, 11.4209 ], [ 1.9746, 11.421 ], [ 1.9743, 11.421 ], [ 1.974, 11.421 ], [ 1.9735, 11.4209 ], [ 1.9733, 11.4208 ], [ 1.973, 11.4206 ], [ 1.9729, 11.4203 ], [ 1.9728, 11.42 ], [ 1.9725, 11.4198 ], [ 1.9721, 11.4197 ], [ 1.9718, 11.4197 ], [ 1.9717, 11.4197 ], [ 1.9713, 11.4197 ], [ 1.971, 11.4195 ], [ 1.9707, 11.4194 ], [ 1.9705, 11.4191 ], [ 1.9703, 11.419 ], [ 1.9701, 11.4188 ], [ 1.9699, 11.4187 ], [ 1.9696, 11.4187 ], [ 1.9693, 11.4188 ], [ 1.9691, 11.4189 ], [ 1.969, 11.4191 ], [ 1.9688, 11.4192 ], [ 1.9686, 11.4194 ], [ 1.9683, 11.4195 ], [ 1.968, 11.4196 ], [ 1.9677, 11.4196 ], [ 1.9673, 11.4197 ], [ 1.9671, 11.4198 ], [ 1.9669, 11.4199 ], [ 1.9666, 11.42 ], [ 1.9665, 11.4202 ], [ 1.9663, 11.4203 ], [ 1.966, 11.4205 ], [ 1.9657, 11.4205 ], [ 1.9654, 11.4205 ], [ 1.9651, 11.4204 ], [ 1.9649, 11.4203 ], [ 1.9647, 11.4203 ], [ 1.9644, 11.42 ], [ 1.9641, 11.42 ], [ 1.9638, 11.42 ], [ 1.9637, 11.42 ], [ 1.9634, 11.4201 ], [ 1.963, 11.42 ], [ 1.9627, 11.4199 ], [ 1.9626, 11.4198 ], [ 1.9624, 11.4196 ], [ 1.9622, 11.4194 ], [ 1.962, 11.4193 ], [ 1.9617, 11.4193 ], [ 1.9613, 11.4193 ], [ 1.961, 11.4191 ], [ 1.9607, 11.419 ], [ 1.9603, 11.4189 ], [ 1.96, 11.4187 ], [ 1.9597, 11.4186 ], [ 1.9594, 11.4184 ], [ 1.9591, 11.4182 ], [ 1.9589, 11.418 ], [ 1.9587, 11.4178 ], [ 1.9585, 11.4175 ], [ 1.9583, 11.4173 ], [ 1.958, 11.4171 ], [ 1.9578, 11.4168 ], [ 1.9576, 11.4166 ], [ 1.9573, 11.4164 ], [ 1.957, 11.4162 ], [ 1.9568, 11.4159 ], [ 1.9566, 11.4157 ], [ 1.9566, 11.4155 ], [ 1.9566, 11.4152 ], [ 1.9565, 11.4149 ], [ 1.9563, 11.4146 ], [ 1.956, 11.4144 ], [ 1.9558, 11.4143 ], [ 1.9555, 11.4142 ], [ 1.9551, 11.4142 ], [ 1.9546, 11.4142 ], [ 1.9541, 11.414 ], [ 1.9537, 11.414 ], [ 1.9533, 11.4139 ], [ 1.953, 11.4139 ], [ 1.9527, 11.4138 ], [ 1.9523, 11.4137 ], [ 1.9519, 11.4136 ], [ 1.9516, 11.4136 ], [ 1.9512, 11.4137 ], [ 1.9509, 11.4138 ], [ 1.9506, 11.414 ], [ 1.9504, 11.4142 ], [ 1.9501, 11.4143 ], [ 1.9498, 11.4145 ], [ 1.9496, 11.4146 ], [ 1.9492, 11.4147 ], [ 1.9489, 11.4149 ], [ 1.9486, 11.4151 ], [ 1.9483, 11.4152 ], [ 1.948, 11.4153 ], [ 1.9479, 11.4153 ], [ 1.9475, 11.4154 ], [ 1.9472, 11.4155 ], [ 1.9469, 11.4157 ], [ 1.9466, 11.4158 ], [ 1.9464, 11.416 ], [ 1.9461, 11.4161 ], [ 1.9457, 11.4163 ], [ 1.9453, 11.4164 ], [ 1.9449, 11.4164 ], [ 1.9444, 11.4164 ], [ 1.9442, 11.4163 ], [ 1.9441, 11.4162 ], [ 1.9441, 11.416 ], [ 1.9442, 11.4158 ], [ 1.9444, 11.4156 ], [ 1.9444, 11.4154 ], [ 1.9444, 11.4152 ], [ 1.9443, 11.415 ], [ 1.9441, 11.4148 ], [ 1.9439, 11.4147 ], [ 1.9436, 11.4149 ], [ 1.9434, 11.4151 ], [ 1.9433, 11.4153 ], [ 1.9432, 11.4156 ], [ 1.9429, 11.4157 ], [ 1.9426, 11.4159 ], [ 1.9421, 11.4159 ], [ 1.9417, 11.4159 ], [ 1.9414, 11.4159 ], [ 1.941, 11.4159 ], [ 1.9406, 11.416 ], [ 1.9403, 11.4161 ], [ 1.9401, 11.4163 ], [ 1.9398, 11.4165 ], [ 1.9395, 11.4165 ], [ 1.9392, 11.4165 ], [ 1.9389, 11.4163 ], [ 1.9386, 11.4162 ], [ 1.9383, 11.4161 ], [ 1.938, 11.4161 ], [ 1.9378, 11.4162 ], [ 1.9377, 11.4164 ], [ 1.9375, 11.4167 ], [ 1.9374, 11.4169 ], [ 1.9372, 11.4173 ], [ 1.937, 11.4175 ], [ 1.9368, 11.4177 ], [ 1.9365, 11.4179 ], [ 1.9362, 11.4181 ], [ 1.9358, 11.4182 ], [ 1.9354, 11.4183 ], [ 1.935, 11.4183 ], [ 1.9346, 11.4182 ], [ 1.9342, 11.4181 ], [ 1.9341, 11.418 ], [ 1.9338, 11.418 ], [ 1.9336, 11.4179 ], [ 1.9335, 11.4178 ], [ 1.9333, 11.4178 ], [ 1.933, 11.4178 ], [ 1.9326, 11.4178 ], [ 1.9323, 11.4179 ], [ 1.9318, 11.4179 ], [ 1.9316, 11.4181 ], [ 1.9314, 11.4181 ], [ 1.9311, 11.4181 ], [ 1.9308, 11.4181 ], [ 1.9304, 11.4181 ], [ 1.93, 11.4179 ], [ 1.9298, 11.4176 ], [ 1.9297, 11.4173 ], [ 1.9295, 11.4169 ], [ 1.9293, 11.4166 ], [ 1.9291, 11.4164 ], [ 1.9288, 11.4161 ], [ 1.9285, 11.4159 ], [ 1.9285, 11.4157 ], [ 1.9284, 11.4155 ], [ 1.9282, 11.4152 ], [ 1.9281, 11.415 ], [ 1.9278, 11.4148 ], [ 1.9276, 11.4148 ], [ 1.9273, 11.4147 ], [ 1.9271, 11.4148 ], [ 1.9269, 11.4148 ], [ 1.9267, 11.4148 ], [ 1.9263, 11.4147 ], [ 1.9261, 11.4148 ], [ 1.9257, 11.4149 ], [ 1.9255, 11.4148 ], [ 1.9253, 11.4147 ], [ 1.925, 11.4147 ], [ 1.9247, 11.4148 ], [ 1.9243, 11.4148 ], [ 1.9242, 11.4147 ], [ 1.9239, 11.4147 ], [ 1.9237, 11.4147 ], [ 1.9235, 11.4145 ], [ 1.9233, 11.4144 ], [ 1.9232, 11.4142 ], [ 1.9232, 11.4141 ], [ 1.9231, 11.4139 ], [ 1.9231, 11.4139 ], [ 1.9229, 11.414 ], [ 1.9228, 11.414 ], [ 1.9226, 11.4141 ], [ 1.9225, 11.4142 ], [ 1.9223, 11.4143 ], [ 1.9221, 11.4144 ], [ 1.9218, 11.4144 ], [ 1.9216, 11.4144 ], [ 1.9213, 11.4144 ], [ 1.9212, 11.4143 ], [ 1.921, 11.4142 ], [ 1.9209, 11.4142 ], [ 1.9207, 11.4141 ], [ 1.9205, 11.4141 ], [ 1.9203, 11.4143 ], [ 1.9204, 11.4145 ], [ 1.9204, 11.4146 ], [ 1.9206, 11.4147 ], [ 1.9207, 11.4149 ], [ 1.9207, 11.4151 ], [ 1.9206, 11.4152 ], [ 1.9205, 11.4152 ], [ 1.9203, 11.4152 ], [ 1.9201, 11.4152 ], [ 1.92, 11.4152 ], [ 1.9198, 11.4151 ], [ 1.9197, 11.415 ], [ 1.9195, 11.4149 ], [ 1.9193, 11.4148 ], [ 1.919, 11.4146 ], [ 1.9189, 11.4145 ], [ 1.9188, 11.4143 ], [ 1.9187, 11.4142 ], [ 1.9186, 11.4141 ], [ 1.9185, 11.414 ], [ 1.9184, 11.4139 ], [ 1.9182, 11.4137 ], [ 1.918, 11.4137 ], [ 1.9178, 11.4137 ], [ 1.9177, 11.4136 ], [ 1.9176, 11.4136 ], [ 1.9176, 11.4135 ], [ 1.9175, 11.4133 ], [ 1.9176, 11.4131 ], [ 1.9176, 11.4129 ], [ 1.9177, 11.4127 ], [ 1.9177, 11.4126 ], [ 1.9177, 11.4124 ], [ 1.9178, 11.4122 ], [ 1.9178, 11.412 ], [ 1.9178, 11.4119 ], [ 1.9178, 11.4117 ], [ 1.9178, 11.4115 ], [ 1.918, 11.4113 ], [ 1.9181, 11.4114 ], [ 1.9182, 11.4115 ], [ 1.9183, 11.4116 ], [ 1.9184, 11.4118 ], [ 1.9185, 11.4119 ], [ 1.9188, 11.4119 ], [ 1.9189, 11.4118 ], [ 1.919, 11.4117 ], [ 1.9191, 11.4115 ], [ 1.9192, 11.4113 ], [ 1.9192, 11.4111 ], [ 1.9191, 11.4109 ], [ 1.9191, 11.4107 ], [ 1.919, 11.4105 ], [ 1.9189, 11.4104 ], [ 1.9188, 11.4102 ], [ 1.9187, 11.41 ], [ 1.9186, 11.4098 ], [ 1.9185, 11.4097 ], [ 1.9184, 11.4095 ], [ 1.9183, 11.4094 ], [ 1.9182, 11.4093 ], [ 1.918, 11.4091 ], [ 1.9179, 11.4089 ], [ 1.9179, 11.4087 ], [ 1.9177, 11.4086 ], [ 1.9176, 11.4085 ], [ 1.9174, 11.4084 ], [ 1.9172, 11.4084 ], [ 1.917, 11.4084 ], [ 1.9169, 11.4084 ], [ 1.9167, 11.4085 ], [ 1.9166, 11.4086 ], [ 1.9165, 11.4088 ], [ 1.9164, 11.409 ], [ 1.9164, 11.4092 ], [ 1.9163, 11.4094 ], [ 1.9164, 11.4097 ], [ 1.9165, 11.4099 ], [ 1.9165, 11.41 ], [ 1.9165, 11.4102 ], [ 1.9165, 11.4104 ], [ 1.9163, 11.4107 ], [ 1.9162, 11.4109 ], [ 1.9161, 11.4111 ], [ 1.9161, 11.4113 ], [ 1.9161, 11.4115 ], [ 1.9161, 11.4117 ], [ 1.9161, 11.4119 ], [ 1.9161, 11.4121 ], [ 1.916, 11.4123 ], [ 1.916, 11.4125 ], [ 1.9159, 11.4126 ], [ 1.9158, 11.4128 ], [ 1.9157, 11.4129 ], [ 1.9156, 11.4131 ], [ 1.9156, 11.4132 ], [ 1.9155, 11.4134 ], [ 1.9155, 11.4135 ], [ 1.9154, 11.4137 ], [ 1.9153, 11.4139 ], [ 1.9153, 11.4141 ], [ 1.9153, 11.4143 ], [ 1.9153, 11.4146 ], [ 1.9153, 11.4149 ], [ 1.9153, 11.4152 ], [ 1.9153, 11.4154 ], [ 1.9154, 11.4157 ], [ 1.9154, 11.4159 ], [ 1.9155, 11.416 ], [ 1.9156, 11.4163 ], [ 1.9156, 11.4166 ], [ 1.9156, 11.4167 ], [ 1.9157, 11.417 ], [ 1.9157, 11.4172 ], [ 1.9156, 11.4175 ], [ 1.9156, 11.4177 ], [ 1.9154, 11.4179 ], [ 1.9153, 11.4182 ], [ 1.9152, 11.4184 ], [ 1.9151, 11.4186 ], [ 1.915, 11.4187 ], [ 1.9148, 11.4188 ], [ 1.9147, 11.419 ], [ 1.9147, 11.4191 ], [ 1.9147, 11.4194 ], [ 1.9147, 11.4195 ], [ 1.9147, 11.4197 ], [ 1.9147, 11.4199 ], [ 1.9146, 11.4201 ], [ 1.9145, 11.4203 ], [ 1.9145, 11.4204 ], [ 1.9143, 11.4206 ], [ 1.9141, 11.4209 ], [ 1.914, 11.421 ], [ 1.9139, 11.4211 ], [ 1.9138, 11.4213 ], [ 1.9138, 11.4213 ], [ 1.9137, 11.4214 ], [ 1.9136, 11.4215 ], [ 1.9135, 11.4217 ], [ 1.9134, 11.4218 ], [ 1.9133, 11.422 ], [ 1.9133, 11.4222 ], [ 1.9133, 11.4224 ], [ 1.9134, 11.4226 ], [ 1.9134, 11.4228 ], [ 1.9135, 11.4228 ], [ 1.9135, 11.423 ], [ 1.9136, 11.4231 ], [ 1.9135, 11.4233 ], [ 1.9134, 11.4233 ], [ 1.9132, 11.4233 ], [ 1.9131, 11.4233 ], [ 1.9129, 11.4234 ], [ 1.9127, 11.4236 ], [ 1.9126, 11.4237 ], [ 1.9126, 11.4239 ], [ 1.9126, 11.4242 ], [ 1.9127, 11.4243 ], [ 1.9128, 11.4245 ], [ 1.9129, 11.4246 ], [ 1.913, 11.4247 ], [ 1.9132, 11.4249 ], [ 1.9133, 11.425 ], [ 1.9136, 11.4252 ], [ 1.9137, 11.4253 ], [ 1.9138, 11.4254 ], [ 1.9139, 11.4256 ], [ 1.914, 11.4257 ], [ 1.914, 11.4259 ], [ 1.914, 11.426 ], [ 1.914, 11.4262 ], [ 1.914, 11.4264 ], [ 1.9139, 11.4265 ], [ 1.9137, 11.4265 ], [ 1.9135, 11.4265 ], [ 1.9134, 11.4265 ], [ 1.9132, 11.4265 ], [ 1.913, 11.4267 ], [ 1.9129, 11.4268 ], [ 1.9129, 11.427 ], [ 1.9129, 11.4272 ], [ 1.9129, 11.4273 ], [ 1.9129, 11.4276 ], [ 1.913, 11.4278 ], [ 1.9131, 11.428 ], [ 1.9133, 11.4281 ], [ 1.9134, 11.4282 ], [ 1.9135, 11.4283 ], [ 1.9136, 11.4285 ], [ 1.9137, 11.4286 ], [ 1.9136, 11.4288 ], [ 1.9136, 11.4289 ], [ 1.9136, 11.4291 ], [ 1.9134, 11.4294 ], [ 1.9133, 11.4296 ], [ 1.9132, 11.4297 ], [ 1.913, 11.4299 ], [ 1.9129, 11.4299 ], [ 1.9128, 11.4299 ], [ 1.9127, 11.43 ], [ 1.9126, 11.43 ], [ 1.9124, 11.43 ], [ 1.9122, 11.43 ], [ 1.912, 11.4299 ], [ 1.9119, 11.4298 ], [ 1.9116, 11.4297 ], [ 1.9116, 11.4297 ], [ 1.9115, 11.4296 ], [ 1.9114, 11.4296 ], [ 1.9112, 11.4294 ], [ 1.911, 11.4294 ], [ 1.9109, 11.4293 ], [ 1.9107, 11.4292 ], [ 1.9106, 11.4291 ], [ 1.9105, 11.4289 ], [ 1.9104, 11.4288 ], [ 1.9102, 11.4287 ], [ 1.9101, 11.4286 ], [ 1.91, 11.4285 ], [ 1.9098, 11.4284 ], [ 1.9097, 11.4282 ], [ 1.9096, 11.4281 ], [ 1.9095, 11.428 ], [ 1.9093, 11.428 ], [ 1.9091, 11.428 ], [ 1.909, 11.4281 ], [ 1.9089, 11.4283 ], [ 1.9088, 11.4285 ], [ 1.9088, 11.4288 ], [ 1.9087, 11.4289 ], [ 1.9087, 11.4291 ], [ 1.9086, 11.4293 ], [ 1.9085, 11.4294 ], [ 1.9084, 11.4295 ], [ 1.9083, 11.4296 ], [ 1.9082, 11.4298 ], [ 1.9081, 11.4299 ], [ 1.9081, 11.4301 ], [ 1.9081, 11.4303 ], [ 1.908, 11.4304 ], [ 1.9079, 11.4305 ], [ 1.9077, 11.4305 ], [ 1.9075, 11.4304 ], [ 1.9073, 11.4304 ], [ 1.9072, 11.4304 ], [ 1.9069, 11.4305 ], [ 1.9068, 11.4306 ], [ 1.9068, 11.4308 ], [ 1.9068, 11.431 ], [ 1.9068, 11.4311 ], [ 1.9068, 11.4313 ], [ 1.9068, 11.4315 ], [ 1.9067, 11.4316 ], [ 1.9064, 11.4316 ], [ 1.9064, 11.4316 ], [ 1.9062, 11.4317 ], [ 1.906, 11.4317 ], [ 1.9059, 11.4318 ], [ 1.9058, 11.4319 ], [ 1.9057, 11.4319 ], [ 1.9056, 11.4321 ], [ 1.9055, 11.4323 ], [ 1.9054, 11.4324 ], [ 1.9051, 11.4324 ], [ 1.9049, 11.4325 ], [ 1.9048, 11.4326 ], [ 1.9046, 11.4327 ], [ 1.9045, 11.4328 ], [ 1.9044, 11.4329 ], [ 1.9043, 11.4331 ], [ 1.9042, 11.4332 ], [ 1.904, 11.4333 ], [ 1.9039, 11.4333 ], [ 1.9037, 11.4333 ], [ 1.9035, 11.4333 ], [ 1.9033, 11.4332 ], [ 1.9031, 11.4331 ], [ 1.903, 11.4332 ], [ 1.9028, 11.4333 ], [ 1.9027, 11.4334 ], [ 1.9025, 11.4336 ], [ 1.9024, 11.4336 ], [ 1.9022, 11.4336 ], [ 1.902, 11.4336 ], [ 1.9019, 11.4334 ], [ 1.9018, 11.4333 ], [ 1.9017, 11.4331 ], [ 1.9015, 11.4331 ], [ 1.9014, 11.4331 ], [ 1.9013, 11.4332 ], [ 1.9012, 11.4334 ], [ 1.9012, 11.4336 ], [ 1.9011, 11.4337 ], [ 1.901, 11.4339 ], [ 1.9009, 11.434 ], [ 1.9008, 11.4342 ], [ 1.9007, 11.4344 ], [ 1.9006, 11.4344 ], [ 1.9005, 11.4346 ], [ 1.9006, 11.4348 ], [ 1.9006, 11.435 ], [ 1.9006, 11.4352 ], [ 1.9007, 11.4355 ], [ 1.9008, 11.4356 ], [ 1.9009, 11.4358 ], [ 1.9011, 11.4359 ], [ 1.9011, 11.4362 ], [ 1.9011, 11.4364 ], [ 1.9011, 11.4367 ], [ 1.901, 11.4369 ], [ 1.901, 11.437 ], [ 1.901, 11.4373 ], [ 1.9011, 11.4376 ], [ 1.9012, 11.4379 ], [ 1.9013, 11.4382 ], [ 1.9013, 11.4384 ], [ 1.9013, 11.4386 ], [ 1.9012, 11.4387 ], [ 1.901, 11.4389 ], [ 1.9008, 11.4389 ], [ 1.9005, 11.4389 ], [ 1.9003, 11.439 ], [ 1.9, 11.439 ], [ 1.8998, 11.4391 ], [ 1.8997, 11.4394 ], [ 1.8996, 11.4394 ], [ 1.8995, 11.4395 ], [ 1.8993, 11.4397 ], [ 1.8991, 11.4397 ], [ 1.8988, 11.4397 ], [ 1.8984, 11.4396 ], [ 1.8982, 11.4396 ], [ 1.8979, 11.4396 ], [ 1.8975, 11.4396 ], [ 1.8975, 11.4396 ], [ 1.8974, 11.4396 ], [ 1.8973, 11.4398 ], [ 1.8971, 11.4399 ], [ 1.8969, 11.4398 ], [ 1.8966, 11.4398 ], [ 1.8964, 11.4396 ], [ 1.8962, 11.4394 ], [ 1.8961, 11.4394 ], [ 1.8958, 11.4394 ], [ 1.8954, 11.4393 ], [ 1.8952, 11.4393 ], [ 1.8949, 11.4393 ], [ 1.8945, 11.4392 ], [ 1.8944, 11.4392 ], [ 1.894, 11.439 ], [ 1.8938, 11.439 ], [ 1.8936, 11.4388 ], [ 1.8934, 11.4387 ], [ 1.8931, 11.4386 ], [ 1.8928, 11.4384 ], [ 1.8925, 11.4383 ], [ 1.8923, 11.4383 ], [ 1.8919, 11.4383 ], [ 1.8917, 11.4384 ], [ 1.8914, 11.4384 ], [ 1.8912, 11.4386 ], [ 1.8911, 11.4388 ], [ 1.8909, 11.439 ], [ 1.8908, 11.4392 ], [ 1.8907, 11.4395 ], [ 1.8906, 11.4397 ], [ 1.8905, 11.44 ], [ 1.8904, 11.4402 ], [ 1.8902, 11.4404 ], [ 1.8901, 11.4404 ], [ 1.89, 11.4405 ], [ 1.8898, 11.4405 ], [ 1.8896, 11.4404 ], [ 1.8895, 11.4403 ], [ 1.8893, 11.4402 ], [ 1.8891, 11.44 ], [ 1.8889, 11.4397 ], [ 1.8888, 11.4395 ], [ 1.8888, 11.4394 ], [ 1.8888, 11.4391 ], [ 1.8887, 11.4389 ], [ 1.8885, 11.4387 ], [ 1.8884, 11.4387 ], [ 1.888, 11.439 ], [ 1.8879, 11.4393 ], [ 1.8878, 11.4395 ], [ 1.8877, 11.4396 ], [ 1.8873, 11.4396 ], [ 1.8871, 11.4396 ], [ 1.8868, 11.4396 ], [ 1.8866, 11.4396 ], [ 1.8862, 11.4396 ], [ 1.8861, 11.4397 ], [ 1.886, 11.4398 ], [ 1.886, 11.44 ], [ 1.8859, 11.4402 ], [ 1.8859, 11.4405 ], [ 1.8859, 11.4409 ], [ 1.8859, 11.4411 ], [ 1.8859, 11.4412 ], [ 1.8859, 11.4415 ], [ 1.886, 11.4417 ], [ 1.886, 11.4418 ], [ 1.886, 11.4419 ], [ 1.8861, 11.4419 ], [ 1.8862, 11.4422 ], [ 1.8862, 11.4424 ], [ 1.8862, 11.4426 ], [ 1.8859, 11.4428 ], [ 1.8857, 11.4429 ], [ 1.8855, 11.4429 ], [ 1.8853, 11.4429 ], [ 1.885, 11.443 ], [ 1.8848, 11.443 ], [ 1.8846, 11.4429 ], [ 1.8845, 11.4429 ], [ 1.8844, 11.4428 ], [ 1.8844, 11.4428 ], [ 1.8843, 11.4426 ], [ 1.8842, 11.4424 ], [ 1.8842, 11.4423 ], [ 1.8841, 11.4421 ], [ 1.8839, 11.442 ], [ 1.8837, 11.442 ], [ 1.8836, 11.4421 ], [ 1.8835, 11.4422 ], [ 1.8834, 11.4423 ], [ 1.8832, 11.4425 ], [ 1.8831, 11.4427 ], [ 1.8829, 11.4429 ], [ 1.8828, 11.4431 ], [ 1.8827, 11.4433 ], [ 1.8826, 11.4435 ], [ 1.8825, 11.4437 ], [ 1.8824, 11.4439 ], [ 1.8822, 11.4443 ], [ 1.8821, 11.4444 ], [ 1.882, 11.4446 ], [ 1.8819, 11.4446 ], [ 1.8818, 11.4448 ], [ 1.8817, 11.445 ], [ 1.8816, 11.4452 ], [ 1.8816, 11.4453 ], [ 1.8815, 11.4455 ], [ 1.8814, 11.4457 ], [ 1.8811, 11.4459 ], [ 1.881, 11.446 ], [ 1.8809, 11.4462 ], [ 1.8808, 11.4465 ], [ 1.8808, 11.4466 ], [ 1.8808, 11.4467 ], [ 1.8809, 11.447 ], [ 1.881, 11.4472 ], [ 1.8812, 11.4474 ], [ 1.8814, 11.4476 ], [ 1.8815, 11.4478 ], [ 1.8814, 11.448 ], [ 1.8813, 11.4482 ], [ 1.8811, 11.4482 ], [ 1.8809, 11.4481 ], [ 1.8807, 11.448 ], [ 1.8806, 11.4479 ], [ 1.8806, 11.4477 ], [ 1.8806, 11.4475 ], [ 1.8805, 11.4474 ], [ 1.8804, 11.4474 ], [ 1.8803, 11.4474 ], [ 1.8802, 11.4474 ], [ 1.8802, 11.4474 ], [ 1.88, 11.4474 ], [ 1.8798, 11.4474 ], [ 1.8797, 11.4476 ], [ 1.8796, 11.4478 ], [ 1.8796, 11.448 ], [ 1.8796, 11.4483 ], [ 1.8797, 11.4485 ], [ 1.8798, 11.4487 ], [ 1.8798, 11.4488 ], [ 1.88, 11.449 ], [ 1.88, 11.4491 ], [ 1.8802, 11.4493 ], [ 1.8802, 11.4496 ], [ 1.8802, 11.4498 ], [ 1.8802, 11.45 ], [ 1.88, 11.4501 ], [ 1.88, 11.4501 ], [ 1.8798, 11.4502 ], [ 1.8794, 11.4503 ], [ 1.8792, 11.4504 ], [ 1.8791, 11.4504 ], [ 1.879, 11.4505 ], [ 1.8788, 11.4506 ], [ 1.8786, 11.4508 ], [ 1.8786, 11.4509 ], [ 1.8786, 11.4511 ], [ 1.8785, 11.4514 ], [ 1.8785, 11.4516 ], [ 1.8784, 11.4518 ], [ 1.8784, 11.452 ], [ 1.8786, 11.4521 ], [ 1.8788, 11.4521 ], [ 1.879, 11.4521 ], [ 1.879, 11.4521 ], [ 1.8792, 11.452 ], [ 1.8793, 11.4519 ], [ 1.8795, 11.4519 ], [ 1.8798, 11.4521 ], [ 1.8797, 11.4522 ], [ 1.8796, 11.4523 ], [ 1.8794, 11.4524 ], [ 1.8792, 11.4525 ], [ 1.8791, 11.4526 ], [ 1.879, 11.4526 ], [ 1.879, 11.4526 ], [ 1.8787, 11.4528 ], [ 1.8786, 11.4529 ], [ 1.8784, 11.453 ], [ 1.8782, 11.453 ], [ 1.8778, 11.4529 ], [ 1.8775, 11.4528 ], [ 1.8773, 11.4528 ], [ 1.8772, 11.4528 ], [ 1.8769, 11.4527 ], [ 1.8764, 11.4527 ], [ 1.8763, 11.4527 ], [ 1.8762, 11.4527 ], [ 1.8759, 11.4527 ], [ 1.8756, 11.4527 ], [ 1.8752, 11.4527 ], [ 1.8751, 11.4526 ], [ 1.8749, 11.4526 ], [ 1.8747, 11.4524 ], [ 1.8745, 11.4522 ], [ 1.8745, 11.452 ], [ 1.8745, 11.4518 ], [ 1.8745, 11.4517 ], [ 1.8745, 11.4515 ], [ 1.8746, 11.4513 ], [ 1.8748, 11.4511 ], [ 1.8749, 11.4508 ], [ 1.8751, 11.4507 ], [ 1.8752, 11.4506 ], [ 1.8756, 11.4506 ], [ 1.8758, 11.4505 ], [ 1.8761, 11.4505 ], [ 1.8763, 11.4504 ], [ 1.8765, 11.4503 ], [ 1.8767, 11.4502 ], [ 1.8768, 11.45 ], [ 1.8769, 11.4498 ], [ 1.877, 11.4496 ], [ 1.8771, 11.4495 ], [ 1.8772, 11.4494 ], [ 1.8773, 11.4492 ], [ 1.8775, 11.449 ], [ 1.8776, 11.4489 ], [ 1.8776, 11.4487 ], [ 1.8776, 11.4485 ], [ 1.8776, 11.4483 ], [ 1.8776, 11.4482 ], [ 1.8776, 11.448 ], [ 1.8776, 11.4479 ], [ 1.8776, 11.4477 ], [ 1.8777, 11.4476 ], [ 1.8777, 11.4475 ], [ 1.8778, 11.4474 ], [ 1.8778, 11.4473 ], [ 1.8779, 11.4471 ], [ 1.8779, 11.4469 ], [ 1.8779, 11.4467 ], [ 1.8778, 11.4465 ], [ 1.8778, 11.4464 ], [ 1.8777, 11.4462 ], [ 1.8776, 11.4461 ], [ 1.8776, 11.4459 ], [ 1.8774, 11.4458 ], [ 1.8771, 11.4457 ], [ 1.8769, 11.4456 ], [ 1.8766, 11.4455 ], [ 1.8765, 11.4455 ], [ 1.8762, 11.4455 ], [ 1.8759, 11.4456 ], [ 1.8758, 11.4458 ], [ 1.8756, 11.4459 ], [ 1.8753, 11.446 ], [ 1.875, 11.446 ], [ 1.8747, 11.4461 ], [ 1.8745, 11.4461 ], [ 1.8743, 11.4461 ], [ 1.874, 11.4461 ], [ 1.8737, 11.446 ], [ 1.8735, 11.446 ], [ 1.8733, 11.4461 ], [ 1.8731, 11.4461 ], [ 1.8729, 11.4462 ], [ 1.8727, 11.4462 ], [ 1.8725, 11.4463 ], [ 1.8723, 11.4464 ], [ 1.8722, 11.4466 ], [ 1.872, 11.4467 ], [ 1.8719, 11.4468 ], [ 1.8716, 11.4468 ], [ 1.8713, 11.4469 ], [ 1.871, 11.4469 ], [ 1.8707, 11.447 ], [ 1.8705, 11.447 ], [ 1.8703, 11.4471 ], [ 1.8702, 11.4473 ], [ 1.87, 11.4474 ], [ 1.8699, 11.4476 ], [ 1.8697, 11.4477 ], [ 1.8695, 11.4477 ], [ 1.8693, 11.4477 ], [ 1.8691, 11.4476 ], [ 1.8689, 11.4476 ], [ 1.8687, 11.4476 ], [ 1.8683, 11.4476 ], [ 1.8681, 11.4475 ], [ 1.8679, 11.4474 ], [ 1.8678, 11.4473 ], [ 1.8676, 11.4472 ], [ 1.8674, 11.4472 ], [ 1.8672, 11.4472 ], [ 1.8671, 11.4474 ], [ 1.8672, 11.4476 ], [ 1.8672, 11.4478 ], [ 1.8671, 11.4479 ], [ 1.867, 11.4482 ], [ 1.8668, 11.4482 ], [ 1.8666, 11.4482 ], [ 1.8664, 11.4481 ], [ 1.8662, 11.448 ], [ 1.8661, 11.448 ], [ 1.8657, 11.448 ], [ 1.8656, 11.4481 ], [ 1.8654, 11.4481 ], [ 1.8652, 11.448 ], [ 1.865, 11.448 ], [ 1.8648, 11.448 ], [ 1.8644, 11.448 ], [ 1.8643, 11.448 ], [ 1.864, 11.448 ], [ 1.8638, 11.448 ], [ 1.8637, 11.4479 ], [ 1.8635, 11.4478 ], [ 1.8635, 11.4476 ], [ 1.8636, 11.4474 ], [ 1.8636, 11.4473 ], [ 1.8638, 11.4471 ], [ 1.8639, 11.4469 ], [ 1.8639, 11.4468 ], [ 1.8639, 11.4466 ], [ 1.8637, 11.4465 ], [ 1.8636, 11.4463 ], [ 1.8635, 11.4462 ], [ 1.8633, 11.4462 ], [ 1.863, 11.4463 ], [ 1.8628, 11.4463 ], [ 1.8625, 11.4464 ], [ 1.8623, 11.4466 ], [ 1.8621, 11.4467 ], [ 1.8619, 11.4469 ], [ 1.8617, 11.447 ], [ 1.8616, 11.4472 ], [ 1.8616, 11.4474 ], [ 1.8616, 11.4476 ], [ 1.8616, 11.4478 ], [ 1.8615, 11.4479 ], [ 1.8614, 11.4481 ], [ 1.8612, 11.4482 ], [ 1.861, 11.4482 ], [ 1.8607, 11.4482 ], [ 1.8605, 11.4482 ], [ 1.86, 11.4482 ], [ 1.8597, 11.4481 ], [ 1.8596, 11.448 ], [ 1.8596, 11.448 ], [ 1.8594, 11.4479 ], [ 1.8592, 11.4477 ], [ 1.8591, 11.4476 ], [ 1.859, 11.4475 ], [ 1.8589, 11.4473 ], [ 1.8588, 11.4471 ], [ 1.8586, 11.4471 ], [ 1.8584, 11.447 ], [ 1.8581, 11.4469 ], [ 1.858, 11.4467 ], [ 1.8579, 11.4465 ], [ 1.8578, 11.4463 ], [ 1.8579, 11.4461 ], [ 1.858, 11.4459 ], [ 1.8582, 11.4457 ], [ 1.8584, 11.4455 ], [ 1.8584, 11.4453 ], [ 1.8584, 11.4451 ], [ 1.8583, 11.445 ], [ 1.8581, 11.445 ], [ 1.8579, 11.4451 ], [ 1.8577, 11.4452 ], [ 1.8576, 11.4454 ], [ 1.8574, 11.4455 ], [ 1.8572, 11.4455 ], [ 1.8568, 11.4454 ], [ 1.8565, 11.4453 ], [ 1.8563, 11.4452 ], [ 1.8562, 11.4451 ], [ 1.8561, 11.4448 ], [ 1.856, 11.4446 ], [ 1.856, 11.4444 ], [ 1.8559, 11.4442 ], [ 1.8559, 11.4439 ], [ 1.8558, 11.4436 ], [ 1.8558, 11.4434 ], [ 1.8558, 11.4431 ], [ 1.8557, 11.443 ], [ 1.8557, 11.4428 ], [ 1.8557, 11.4426 ], [ 1.8556, 11.4423 ], [ 1.8556, 11.4422 ], [ 1.8554, 11.442 ], [ 1.8551, 11.4419 ], [ 1.8549, 11.4418 ], [ 1.8547, 11.4417 ], [ 1.8544, 11.4417 ], [ 1.8542, 11.4418 ], [ 1.854, 11.4418 ], [ 1.8538, 11.4419 ], [ 1.8537, 11.4421 ], [ 1.8536, 11.4423 ], [ 1.8535, 11.4424 ], [ 1.8534, 11.4427 ], [ 1.8534, 11.4429 ], [ 1.8533, 11.4432 ], [ 1.8533, 11.4433 ], [ 1.8531, 11.4435 ], [ 1.8529, 11.4437 ], [ 1.8527, 11.4438 ], [ 1.8525, 11.4438 ], [ 1.8523, 11.4438 ], [ 1.8523, 11.4438 ], [ 1.8521, 11.4437 ], [ 1.8519, 11.4435 ], [ 1.8519, 11.4434 ], [ 1.8518, 11.4432 ], [ 1.8517, 11.4431 ], [ 1.8515, 11.4432 ], [ 1.8513, 11.4434 ], [ 1.8513, 11.4435 ], [ 1.8513, 11.4438 ], [ 1.8512, 11.4439 ], [ 1.8509, 11.4441 ], [ 1.8507, 11.4441 ], [ 1.8506, 11.4441 ], [ 1.8503, 11.4443 ], [ 1.8501, 11.4444 ], [ 1.85, 11.4446 ], [ 1.8499, 11.4447 ], [ 1.8498, 11.4449 ], [ 1.8497, 11.445 ], [ 1.8494, 11.4452 ], [ 1.8492, 11.4454 ], [ 1.8488, 11.4456 ], [ 1.8486, 11.4457 ], [ 1.8483, 11.4458 ], [ 1.8481, 11.4459 ], [ 1.8481, 11.446 ], [ 1.8481, 11.4462 ], [ 1.8481, 11.4463 ], [ 1.8482, 11.4464 ], [ 1.8484, 11.4465 ], [ 1.8485, 11.4467 ], [ 1.8486, 11.4468 ], [ 1.8487, 11.447 ], [ 1.8487, 11.4471 ], [ 1.8489, 11.4471 ], [ 1.8491, 11.4472 ], [ 1.8495, 11.4473 ], [ 1.8497, 11.4473 ], [ 1.8498, 11.4474 ], [ 1.85, 11.4476 ], [ 1.8502, 11.4478 ], [ 1.8502, 11.448 ], [ 1.8503, 11.4482 ], [ 1.8502, 11.4484 ], [ 1.8502, 11.4486 ], [ 1.8501, 11.4487 ], [ 1.8498, 11.4489 ], [ 1.8497, 11.449 ], [ 1.8494, 11.4491 ], [ 1.8493, 11.4493 ], [ 1.8491, 11.4495 ], [ 1.8489, 11.4497 ], [ 1.8487, 11.4498 ], [ 1.8485, 11.4499 ], [ 1.8482, 11.4501 ], [ 1.848, 11.4501 ], [ 1.8478, 11.45 ], [ 1.8474, 11.4499 ], [ 1.8472, 11.4499 ], [ 1.8471, 11.4498 ], [ 1.847, 11.4497 ], [ 1.8469, 11.4495 ], [ 1.8469, 11.4493 ], [ 1.8469, 11.4491 ], [ 1.8468, 11.4489 ], [ 1.8468, 11.4487 ], [ 1.8467, 11.4486 ], [ 1.8467, 11.4484 ], [ 1.8466, 11.4482 ], [ 1.8465, 11.448 ], [ 1.8465, 11.4478 ], [ 1.8464, 11.4477 ], [ 1.8463, 11.4475 ], [ 1.8462, 11.4474 ], [ 1.8461, 11.4474 ], [ 1.8459, 11.4473 ], [ 1.8458, 11.4473 ], [ 1.8456, 11.4473 ], [ 1.8454, 11.4474 ], [ 1.8452, 11.4474 ], [ 1.845, 11.4474 ], [ 1.8448, 11.4474 ], [ 1.8447, 11.4472 ], [ 1.8444, 11.447 ], [ 1.8441, 11.4467 ], [ 1.8439, 11.4466 ], [ 1.8438, 11.4465 ], [ 1.8437, 11.4464 ], [ 1.8435, 11.4462 ], [ 1.8435, 11.4461 ], [ 1.8433, 11.446 ], [ 1.8431, 11.4459 ], [ 1.843, 11.4459 ], [ 1.8428, 11.4459 ], [ 1.8426, 11.4461 ], [ 1.8424, 11.4462 ], [ 1.8423, 11.4462 ], [ 1.842, 11.4461 ], [ 1.8418, 11.446 ], [ 1.8417, 11.4459 ], [ 1.8417, 11.4457 ], [ 1.8417, 11.4455 ], [ 1.8418, 11.4453 ], [ 1.8419, 11.4451 ], [ 1.842, 11.445 ], [ 1.8422, 11.4448 ], [ 1.8423, 11.4446 ], [ 1.8425, 11.4444 ], [ 1.8426, 11.4442 ], [ 1.8427, 11.444 ], [ 1.8427, 11.4438 ], [ 1.8427, 11.4436 ], [ 1.8426, 11.4434 ], [ 1.8426, 11.4432 ], [ 1.8424, 11.4431 ], [ 1.8422, 11.4431 ], [ 1.8419, 11.443 ], [ 1.8418, 11.4428 ], [ 1.8418, 11.4427 ], [ 1.8418, 11.4424 ], [ 1.8418, 11.4422 ], [ 1.8419, 11.442 ], [ 1.8419, 11.4419 ], [ 1.842, 11.4416 ], [ 1.842, 11.4411 ], [ 1.842, 11.4409 ], [ 1.8419, 11.4407 ], [ 1.8418, 11.4406 ], [ 1.8416, 11.4405 ], [ 1.8415, 11.4405 ], [ 1.8413, 11.4405 ], [ 1.8411, 11.4404 ], [ 1.841, 11.4403 ], [ 1.8407, 11.4402 ], [ 1.8405, 11.4401 ], [ 1.8402, 11.44 ], [ 1.8401, 11.4399 ], [ 1.84, 11.4399 ], [ 1.8398, 11.4398 ], [ 1.8396, 11.4399 ], [ 1.8392, 11.44 ], [ 1.8391, 11.4401 ], [ 1.8389, 11.4403 ], [ 1.8387, 11.4404 ], [ 1.8387, 11.4406 ], [ 1.8386, 11.4407 ], [ 1.8385, 11.4409 ], [ 1.8384, 11.441 ], [ 1.8383, 11.4412 ], [ 1.8383, 11.4413 ], [ 1.8383, 11.4415 ], [ 1.8382, 11.4417 ], [ 1.8381, 11.4418 ], [ 1.838, 11.4419 ], [ 1.8379, 11.442 ], [ 1.8377, 11.442 ], [ 1.8375, 11.442 ], [ 1.8373, 11.4419 ], [ 1.8372, 11.4419 ], [ 1.837, 11.4419 ], [ 1.8368, 11.442 ], [ 1.8367, 11.4419 ], [ 1.8365, 11.4418 ], [ 1.8364, 11.4417 ], [ 1.8363, 11.4416 ], [ 1.8362, 11.4414 ], [ 1.8361, 11.4412 ], [ 1.836, 11.4411 ], [ 1.8359, 11.4409 ], [ 1.8358, 11.4408 ], [ 1.8358, 11.4406 ], [ 1.8357, 11.4405 ], [ 1.8357, 11.4403 ], [ 1.8356, 11.4402 ], [ 1.8355, 11.44 ], [ 1.8354, 11.4398 ], [ 1.8353, 11.4397 ], [ 1.8352, 11.4395 ], [ 1.8351, 11.4393 ], [ 1.835, 11.4391 ], [ 1.8349, 11.439 ], [ 1.8347, 11.4389 ], [ 1.8344, 11.439 ], [ 1.8343, 11.4391 ], [ 1.8342, 11.4392 ], [ 1.834, 11.4393 ], [ 1.834, 11.4394 ], [ 1.8338, 11.4395 ], [ 1.8337, 11.4396 ], [ 1.8336, 11.4398 ], [ 1.8334, 11.4399 ], [ 1.8332, 11.4399 ], [ 1.8331, 11.4399 ], [ 1.833, 11.4397 ], [ 1.8329, 11.4396 ], [ 1.8327, 11.4395 ], [ 1.8326, 11.4394 ], [ 1.8325, 11.4392 ], [ 1.8325, 11.439 ], [ 1.8325, 11.4389 ], [ 1.8325, 11.4387 ], [ 1.8325, 11.4386 ], [ 1.8325, 11.4384 ], [ 1.8325, 11.4382 ], [ 1.8327, 11.4381 ], [ 1.8328, 11.4379 ], [ 1.8327, 11.4377 ], [ 1.8325, 11.4376 ], [ 1.8324, 11.4375 ], [ 1.8322, 11.4374 ], [ 1.8321, 11.4373 ], [ 1.8319, 11.4372 ], [ 1.8318, 11.4372 ], [ 1.8316, 11.4373 ], [ 1.8315, 11.4374 ], [ 1.8313, 11.4375 ], [ 1.8312, 11.4376 ], [ 1.8311, 11.4378 ], [ 1.8309, 11.4379 ], [ 1.8308, 11.4381 ], [ 1.8305, 11.4381 ], [ 1.8303, 11.4382 ], [ 1.8302, 11.4383 ], [ 1.83, 11.4384 ], [ 1.8298, 11.4385 ], [ 1.8296, 11.4385 ], [ 1.8294, 11.4387 ], [ 1.8292, 11.4387 ], [ 1.8291, 11.4388 ], [ 1.8289, 11.4389 ], [ 1.8287, 11.4389 ], [ 1.8285, 11.439 ], [ 1.8283, 11.4391 ], [ 1.8281, 11.4392 ], [ 1.828, 11.4392 ], [ 1.8278, 11.4393 ], [ 1.8276, 11.4393 ], [ 1.8274, 11.4392 ], [ 1.8272, 11.4392 ], [ 1.8271, 11.4391 ], [ 1.8269, 11.439 ], [ 1.8268, 11.4389 ], [ 1.8267, 11.4388 ], [ 1.8265, 11.4387 ], [ 1.8264, 11.4386 ], [ 1.8263, 11.4385 ], [ 1.8261, 11.4384 ], [ 1.8259, 11.4383 ], [ 1.8258, 11.4382 ], [ 1.8257, 11.438 ], [ 1.8256, 11.4379 ], [ 1.8256, 11.4377 ], [ 1.8254, 11.4375 ], [ 1.8254, 11.4373 ], [ 1.8252, 11.4372 ], [ 1.8251, 11.4372 ], [ 1.8249, 11.4371 ], [ 1.8248, 11.4371 ], [ 1.8245, 11.4371 ], [ 1.8244, 11.4371 ], [ 1.8243, 11.4372 ], [ 1.8241, 11.4373 ], [ 1.824, 11.4374 ], [ 1.8238, 11.4375 ], [ 1.8237, 11.4376 ], [ 1.8235, 11.4377 ], [ 1.8234, 11.4378 ], [ 1.8232, 11.4379 ], [ 1.823, 11.438 ], [ 1.8229, 11.4381 ], [ 1.8228, 11.4382 ], [ 1.8224, 11.4385 ], [ 1.8223, 11.4386 ], [ 1.8221, 11.4387 ], [ 1.8218, 11.4387 ], [ 1.8217, 11.4388 ], [ 1.8215, 11.4388 ], [ 1.8213, 11.439 ], [ 1.8212, 11.4391 ], [ 1.8208, 11.4392 ], [ 1.8206, 11.4393 ], [ 1.8203, 11.4394 ], [ 1.82, 11.4394 ], [ 1.8198, 11.4395 ], [ 1.8196, 11.4395 ], [ 1.8193, 11.4395 ], [ 1.8191, 11.4396 ], [ 1.819, 11.4398 ], [ 1.8188, 11.4399 ], [ 1.8185, 11.44 ], [ 1.8183, 11.4401 ], [ 1.8181, 11.4401 ], [ 1.8179, 11.44 ], [ 1.8178, 11.4399 ], [ 1.8177, 11.4398 ], [ 1.8175, 11.4396 ], [ 1.8174, 11.4395 ], [ 1.8173, 11.4394 ], [ 1.8172, 11.4393 ], [ 1.8171, 11.4391 ], [ 1.8169, 11.4389 ], [ 1.8168, 11.4388 ], [ 1.8167, 11.4387 ], [ 1.8166, 11.4386 ], [ 1.8164, 11.4384 ], [ 1.8163, 11.4383 ], [ 1.8162, 11.4382 ], [ 1.816, 11.4381 ], [ 1.8159, 11.4381 ], [ 1.8157, 11.438 ], [ 1.8156, 11.4379 ], [ 1.8154, 11.4379 ], [ 1.8152, 11.4379 ], [ 1.815, 11.438 ], [ 1.8149, 11.438 ], [ 1.8147, 11.4381 ], [ 1.8146, 11.4383 ], [ 1.8145, 11.4384 ], [ 1.8144, 11.4386 ], [ 1.8145, 11.4388 ], [ 1.8145, 11.4389 ], [ 1.8146, 11.4391 ], [ 1.8146, 11.4392 ], [ 1.8146, 11.4394 ], [ 1.8145, 11.4395 ], [ 1.8144, 11.4397 ], [ 1.8143, 11.4398 ], [ 1.8143, 11.44 ], [ 1.8143, 11.4402 ], [ 1.8142, 11.4404 ], [ 1.8142, 11.4405 ], [ 1.8142, 11.4407 ], [ 1.8142, 11.4408 ], [ 1.8141, 11.4411 ], [ 1.814, 11.4411 ], [ 1.8138, 11.4412 ], [ 1.8137, 11.4413 ], [ 1.8136, 11.4414 ], [ 1.8134, 11.4414 ], [ 1.8133, 11.4414 ], [ 1.8131, 11.4414 ], [ 1.813, 11.4412 ], [ 1.813, 11.4411 ], [ 1.8128, 11.4408 ], [ 1.8127, 11.4408 ], [ 1.8125, 11.4408 ], [ 1.8123, 11.4408 ], [ 1.8122, 11.4409 ], [ 1.8122, 11.4411 ], [ 1.8122, 11.4413 ], [ 1.8122, 11.4414 ], [ 1.8122, 11.4416 ], [ 1.8121, 11.4417 ], [ 1.8121, 11.4419 ], [ 1.8119, 11.442 ], [ 1.8116, 11.4421 ], [ 1.8115, 11.4422 ], [ 1.8113, 11.4422 ], [ 1.8111, 11.4421 ], [ 1.8109, 11.4421 ], [ 1.8107, 11.442 ], [ 1.8104, 11.4419 ], [ 1.8102, 11.4419 ], [ 1.81, 11.4418 ], [ 1.8099, 11.4417 ], [ 1.8097, 11.4416 ], [ 1.8095, 11.4415 ], [ 1.8094, 11.4414 ], [ 1.8092, 11.4413 ], [ 1.809, 11.4412 ], [ 1.8088, 11.4411 ], [ 1.8085, 11.441 ], [ 1.8082, 11.4409 ], [ 1.8081, 11.4408 ], [ 1.8079, 11.4406 ], [ 1.8078, 11.4405 ], [ 1.8078, 11.4404 ], [ 1.8078, 11.4402 ], [ 1.8078, 11.44 ], [ 1.8079, 11.4399 ], [ 1.808, 11.4398 ], [ 1.8081, 11.4397 ], [ 1.8083, 11.4396 ], [ 1.8085, 11.4395 ], [ 1.8086, 11.4395 ], [ 1.8088, 11.4394 ], [ 1.809, 11.4393 ], [ 1.8091, 11.4391 ], [ 1.8091, 11.439 ], [ 1.8092, 11.4388 ], [ 1.8093, 11.4387 ], [ 1.8093, 11.4385 ], [ 1.8094, 11.4384 ], [ 1.8094, 11.4382 ], [ 1.8093, 11.4381 ], [ 1.8092, 11.4379 ], [ 1.8091, 11.4379 ], [ 1.8089, 11.4378 ], [ 1.8088, 11.4378 ], [ 1.8086, 11.4378 ], [ 1.8083, 11.4378 ], [ 1.8081, 11.4378 ], [ 1.8079, 11.4378 ], [ 1.8077, 11.4378 ], [ 1.8076, 11.4377 ], [ 1.8073, 11.4377 ], [ 1.8071, 11.4376 ], [ 1.8069, 11.4375 ], [ 1.8068, 11.4374 ], [ 1.8067, 11.4373 ], [ 1.8066, 11.4371 ], [ 1.8066, 11.437 ], [ 1.8065, 11.4368 ], [ 1.8064, 11.4367 ], [ 1.8064, 11.4365 ], [ 1.8064, 11.4363 ], [ 1.8063, 11.4362 ], [ 1.8063, 11.436 ], [ 1.8062, 11.4358 ], [ 1.8061, 11.4356 ], [ 1.8061, 11.4354 ], [ 1.8061, 11.4353 ], [ 1.806, 11.4351 ], [ 1.806, 11.435 ], [ 1.8059, 11.4348 ], [ 1.8057, 11.4348 ], [ 1.8056, 11.4347 ], [ 1.8054, 11.4346 ], [ 1.8052, 11.4345 ], [ 1.8051, 11.4345 ], [ 1.8049, 11.4346 ], [ 1.8048, 11.4348 ], [ 1.8047, 11.4349 ], [ 1.8046, 11.435 ], [ 1.8043, 11.4352 ], [ 1.8041, 11.4353 ], [ 1.8039, 11.4354 ], [ 1.8037, 11.4354 ], [ 1.8034, 11.4355 ], [ 1.8031, 11.4357 ], [ 1.8029, 11.4357 ], [ 1.8027, 11.4358 ], [ 1.8024, 11.4358 ], [ 1.8021, 11.4358 ], [ 1.8018, 11.4358 ], [ 1.8016, 11.4358 ], [ 1.8014, 11.4358 ], [ 1.8012, 11.4359 ], [ 1.801, 11.436 ], [ 1.8009, 11.4361 ], [ 1.8006, 11.4362 ], [ 1.8005, 11.4363 ], [ 1.8003, 11.4363 ], [ 1.8001, 11.4362 ], [ 1.7998, 11.4362 ], [ 1.7997, 11.4361 ], [ 1.7995, 11.4361 ], [ 1.7994, 11.4359 ], [ 1.7993, 11.4357 ], [ 1.7992, 11.4356 ], [ 1.799, 11.4354 ], [ 1.799, 11.4352 ], [ 1.7991, 11.435 ], [ 1.7991, 11.4348 ], [ 1.7993, 11.4347 ], [ 1.7994, 11.4346 ], [ 1.7995, 11.4345 ], [ 1.7996, 11.4343 ], [ 1.7996, 11.4342 ], [ 1.7996, 11.434 ], [ 1.7996, 11.4338 ], [ 1.7996, 11.4336 ], [ 1.7996, 11.4335 ], [ 1.7995, 11.4333 ], [ 1.7995, 11.4331 ], [ 1.7995, 11.4329 ], [ 1.7996, 11.4327 ], [ 1.7997, 11.4326 ], [ 1.7998, 11.4324 ], [ 1.7998, 11.4322 ], [ 1.7999, 11.4321 ], [ 1.8001, 11.432 ], [ 1.8002, 11.4319 ], [ 1.8004, 11.4319 ], [ 1.8005, 11.4318 ], [ 1.8006, 11.4316 ], [ 1.8006, 11.4314 ], [ 1.8006, 11.4313 ], [ 1.8006, 11.4311 ], [ 1.8007, 11.431 ], [ 1.8007, 11.4308 ], [ 1.8007, 11.4306 ], [ 1.8007, 11.4305 ], [ 1.8007, 11.4303 ], [ 1.8006, 11.4301 ], [ 1.8006, 11.43 ], [ 1.8006, 11.4298 ], [ 1.8005, 11.4297 ], [ 1.8004, 11.4295 ], [ 1.8003, 11.4293 ], [ 1.8001, 11.4293 ], [ 1.7998, 11.4292 ], [ 1.7997, 11.4291 ], [ 1.7995, 11.429 ], [ 1.7994, 11.4289 ], [ 1.7993, 11.4288 ], [ 1.7991, 11.4286 ], [ 1.7991, 11.4284 ], [ 1.7989, 11.4283 ], [ 1.7988, 11.4282 ], [ 1.7986, 11.4281 ], [ 1.7985, 11.4279 ], [ 1.7983, 11.4277 ], [ 1.7981, 11.4277 ], [ 1.7979, 11.4276 ], [ 1.7978, 11.4275 ], [ 1.7976, 11.4274 ], [ 1.7974, 11.4274 ], [ 1.7972, 11.4274 ], [ 1.797, 11.4274 ], [ 1.7967, 11.4274 ], [ 1.7966, 11.4274 ], [ 1.7963, 11.4275 ], [ 1.7961, 11.4275 ], [ 1.796, 11.4276 ], [ 1.7958, 11.4277 ], [ 1.7956, 11.4278 ], [ 1.7955, 11.4279 ], [ 1.7953, 11.4279 ], [ 1.7951, 11.4278 ], [ 1.7949, 11.4278 ], [ 1.7947, 11.4277 ], [ 1.7946, 11.4277 ], [ 1.7944, 11.4276 ], [ 1.7943, 11.4275 ], [ 1.7942, 11.4273 ], [ 1.7941, 11.4272 ], [ 1.794, 11.4271 ], [ 1.7938, 11.427 ], [ 1.7937, 11.4269 ], [ 1.7935, 11.4268 ], [ 1.7933, 11.4267 ], [ 1.7931, 11.4267 ], [ 1.7929, 11.4267 ], [ 1.7926, 11.4267 ], [ 1.7924, 11.4268 ], [ 1.7921, 11.4269 ], [ 1.7919, 11.427 ], [ 1.7917, 11.4271 ], [ 1.7915, 11.4273 ], [ 1.7913, 11.4274 ], [ 1.7911, 11.4275 ], [ 1.7911, 11.4275 ], [ 1.791, 11.4275 ], [ 1.7908, 11.4276 ], [ 1.7906, 11.4276 ], [ 1.7904, 11.4276 ], [ 1.7902, 11.4276 ], [ 1.79, 11.4276 ], [ 1.7898, 11.4276 ], [ 1.7896, 11.4275 ], [ 1.7894, 11.4275 ], [ 1.7892, 11.4275 ], [ 1.7891, 11.4275 ], [ 1.7888, 11.4275 ], [ 1.7886, 11.4275 ], [ 1.7884, 11.4275 ], [ 1.7881, 11.4275 ], [ 1.788, 11.4276 ], [ 1.7879, 11.4277 ], [ 1.7877, 11.4278 ], [ 1.7876, 11.4279 ], [ 1.7875, 11.428 ], [ 1.7873, 11.428 ], [ 1.7871, 11.428 ], [ 1.7869, 11.428 ], [ 1.7867, 11.4279 ], [ 1.7866, 11.4279 ], [ 1.7866, 11.4278 ], [ 1.7864, 11.4278 ], [ 1.7861, 11.4279 ], [ 1.786, 11.428 ], [ 1.786, 11.4282 ], [ 1.7859, 11.4284 ], [ 1.7858, 11.4286 ], [ 1.7856, 11.4287 ], [ 1.7853, 11.4287 ], [ 1.7851, 11.4288 ], [ 1.785, 11.4289 ], [ 1.7847, 11.4289 ], [ 1.7845, 11.4288 ], [ 1.7844, 11.4288 ], [ 1.7842, 11.4287 ], [ 1.784, 11.4286 ], [ 1.7839, 11.4285 ], [ 1.7837, 11.4283 ], [ 1.7837, 11.4282 ], [ 1.7837, 11.428 ], [ 1.7836, 11.4279 ], [ 1.7836, 11.4277 ], [ 1.7836, 11.4275 ], [ 1.7835, 11.4272 ], [ 1.7834, 11.4271 ], [ 1.7833, 11.427 ], [ 1.7832, 11.4268 ], [ 1.7831, 11.4267 ], [ 1.7829, 11.4266 ], [ 1.7828, 11.4265 ], [ 1.7827, 11.4263 ], [ 1.7825, 11.4262 ], [ 1.7824, 11.4261 ], [ 1.7822, 11.426 ], [ 1.782, 11.4259 ], [ 1.7818, 11.4258 ], [ 1.7816, 11.4257 ], [ 1.7814, 11.4256 ], [ 1.7813, 11.4256 ], [ 1.7811, 11.4255 ], [ 1.7809, 11.4255 ], [ 1.7806, 11.4254 ], [ 1.7804, 11.4253 ], [ 1.7802, 11.4252 ], [ 1.78, 11.4251 ], [ 1.7799, 11.425 ], [ 1.7798, 11.4248 ], [ 1.7798, 11.4247 ], [ 1.7797, 11.4245 ], [ 1.7797, 11.4243 ], [ 1.7798, 11.4242 ], [ 1.7799, 11.424 ], [ 1.7799, 11.4238 ], [ 1.7798, 11.4237 ], [ 1.7796, 11.4235 ], [ 1.7794, 11.4234 ], [ 1.7792, 11.4233 ], [ 1.779, 11.4232 ], [ 1.7789, 11.4231 ], [ 1.7789, 11.4229 ], [ 1.7788, 11.4228 ], [ 1.7787, 11.4226 ], [ 1.7786, 11.4225 ], [ 1.7785, 11.4224 ], [ 1.7784, 11.4223 ], [ 1.7783, 11.4221 ], [ 1.7782, 11.422 ], [ 1.7781, 11.4219 ], [ 1.7779, 11.4217 ], [ 1.7777, 11.4217 ], [ 1.7776, 11.4216 ], [ 1.7774, 11.4216 ], [ 1.7772, 11.4217 ], [ 1.7771, 11.4218 ], [ 1.777, 11.422 ], [ 1.7769, 11.4222 ], [ 1.7768, 11.4223 ], [ 1.7768, 11.4225 ], [ 1.7768, 11.4229 ], [ 1.7769, 11.423 ], [ 1.7769, 11.4232 ], [ 1.7771, 11.4233 ], [ 1.7772, 11.4234 ], [ 1.7774, 11.4235 ], [ 1.7776, 11.4235 ], [ 1.7778, 11.4236 ], [ 1.7779, 11.4237 ], [ 1.7781, 11.4238 ], [ 1.7782, 11.4239 ], [ 1.7783, 11.424 ], [ 1.7783, 11.4242 ], [ 1.7783, 11.4244 ], [ 1.7783, 11.4245 ], [ 1.7783, 11.4248 ], [ 1.7783, 11.4249 ], [ 1.7782, 11.4251 ], [ 1.7781, 11.4253 ], [ 1.778, 11.4254 ], [ 1.7779, 11.4256 ], [ 1.7778, 11.4257 ], [ 1.7777, 11.4258 ], [ 1.7776, 11.426 ], [ 1.7775, 11.4261 ], [ 1.7773, 11.4262 ], [ 1.7771, 11.4262 ], [ 1.7769, 11.4262 ], [ 1.7767, 11.4262 ], [ 1.7766, 11.4262 ], [ 1.7764, 11.4263 ], [ 1.7762, 11.4263 ], [ 1.776, 11.4264 ], [ 1.7758, 11.4264 ], [ 1.7757, 11.4265 ], [ 1.7755, 11.4265 ], [ 1.7754, 11.4265 ], [ 1.775, 11.4265 ], [ 1.7748, 11.4264 ], [ 1.7746, 11.4263 ], [ 1.7745, 11.4262 ], [ 1.7744, 11.4262 ], [ 1.7741, 11.426 ], [ 1.774, 11.4259 ], [ 1.7738, 11.4258 ], [ 1.7737, 11.4257 ], [ 1.7735, 11.4256 ], [ 1.7734, 11.4254 ], [ 1.7733, 11.4253 ], [ 1.7732, 11.4251 ], [ 1.7731, 11.425 ], [ 1.773, 11.4248 ], [ 1.7729, 11.4246 ], [ 1.7728, 11.4245 ], [ 1.7727, 11.4244 ], [ 1.7726, 11.4242 ], [ 1.7725, 11.424 ], [ 1.7724, 11.4239 ], [ 1.7723, 11.4237 ], [ 1.7721, 11.4235 ], [ 1.772, 11.4233 ], [ 1.7719, 11.4231 ], [ 1.7718, 11.4229 ], [ 1.7717, 11.4228 ], [ 1.7717, 11.4226 ], [ 1.7715, 11.4225 ], [ 1.7713, 11.4225 ], [ 1.7712, 11.4225 ], [ 1.771, 11.4225 ], [ 1.7708, 11.4225 ], [ 1.7707, 11.4225 ], [ 1.7705, 11.4226 ], [ 1.7703, 11.4227 ], [ 1.7702, 11.4227 ], [ 1.7701, 11.4227 ], [ 1.77, 11.4227 ], [ 1.7698, 11.4227 ], [ 1.7696, 11.4227 ], [ 1.7695, 11.4227 ], [ 1.7694, 11.4226 ], [ 1.7692, 11.4225 ], [ 1.7691, 11.4225 ], [ 1.769, 11.4224 ], [ 1.7688, 11.4223 ], [ 1.7687, 11.4222 ], [ 1.7686, 11.4221 ], [ 1.7684, 11.4221 ], [ 1.7683, 11.422 ], [ 1.7681, 11.422 ], [ 1.7679, 11.422 ], [ 1.7679, 11.4222 ], [ 1.7678, 11.4223 ], [ 1.7677, 11.4225 ], [ 1.7676, 11.4227 ], [ 1.7676, 11.4229 ], [ 1.7675, 11.423 ], [ 1.7674, 11.4232 ], [ 1.7673, 11.4233 ], [ 1.7671, 11.4236 ], [ 1.767, 11.4236 ], [ 1.7668, 11.4238 ], [ 1.7667, 11.4239 ], [ 1.7665, 11.424 ], [ 1.7663, 11.4241 ], [ 1.7662, 11.4242 ], [ 1.766, 11.4243 ], [ 1.7658, 11.4245 ], [ 1.7657, 11.4246 ], [ 1.7657, 11.4248 ], [ 1.7656, 11.4249 ], [ 1.7656, 11.4251 ], [ 1.7656, 11.4252 ], [ 1.7655, 11.4254 ], [ 1.7655, 11.4256 ], [ 1.7655, 11.4257 ], [ 1.7654, 11.4259 ], [ 1.7654, 11.4261 ], [ 1.7652, 11.4262 ], [ 1.7651, 11.4263 ], [ 1.765, 11.4264 ], [ 1.7646, 11.4264 ], [ 1.7643, 11.4264 ], [ 1.7642, 11.4263 ], [ 1.7641, 11.4262 ], [ 1.7639, 11.4261 ], [ 1.7638, 11.4259 ], [ 1.7637, 11.4258 ], [ 1.7635, 11.4258 ], [ 1.7634, 11.4257 ], [ 1.7631, 11.4256 ], [ 1.763, 11.4256 ], [ 1.7628, 11.4255 ], [ 1.7627, 11.4254 ], [ 1.7626, 11.4253 ], [ 1.7623, 11.4252 ], [ 1.7622, 11.425 ], [ 1.762, 11.4249 ], [ 1.7619, 11.4248 ], [ 1.7617, 11.4248 ], [ 1.7616, 11.4249 ], [ 1.7614, 11.4249 ], [ 1.7613, 11.4249 ], [ 1.7611, 11.425 ], [ 1.761, 11.4252 ], [ 1.7609, 11.4253 ], [ 1.7606, 11.4254 ], [ 1.7605, 11.4255 ], [ 1.7604, 11.4255 ], [ 1.7603, 11.4257 ], [ 1.7602, 11.4258 ], [ 1.7601, 11.4259 ], [ 1.7599, 11.426 ], [ 1.7598, 11.4262 ], [ 1.7597, 11.4263 ], [ 1.7596, 11.4265 ], [ 1.7595, 11.4266 ], [ 1.7594, 11.4268 ], [ 1.7593, 11.4269 ], [ 1.7592, 11.427 ], [ 1.7591, 11.4272 ], [ 1.759, 11.4274 ], [ 1.7589, 11.4275 ], [ 1.7588, 11.4276 ], [ 1.7586, 11.4276 ], [ 1.7584, 11.4276 ], [ 1.7582, 11.4276 ], [ 1.758, 11.4276 ], [ 1.7578, 11.4275 ], [ 1.7577, 11.4274 ], [ 1.7576, 11.4273 ], [ 1.7575, 11.4272 ], [ 1.7574, 11.427 ], [ 1.7573, 11.4269 ], [ 1.7573, 11.4267 ], [ 1.7572, 11.4265 ], [ 1.7572, 11.4263 ], [ 1.7572, 11.4261 ], [ 1.7571, 11.4259 ], [ 1.7571, 11.4258 ], [ 1.7571, 11.4256 ], [ 1.757, 11.4255 ], [ 1.757, 11.4253 ], [ 1.757, 11.4251 ], [ 1.757, 11.425 ], [ 1.7569, 11.4248 ], [ 1.7568, 11.4246 ], [ 1.7567, 11.4245 ], [ 1.7566, 11.4243 ], [ 1.7565, 11.4242 ], [ 1.7564, 11.4241 ], [ 1.7563, 11.4239 ], [ 1.7562, 11.4237 ], [ 1.7561, 11.4236 ], [ 1.756, 11.4234 ], [ 1.756, 11.4233 ], [ 1.7559, 11.4232 ], [ 1.7559, 11.4231 ], [ 1.7559, 11.4229 ], [ 1.7558, 11.4227 ], [ 1.7558, 11.4225 ], [ 1.7557, 11.4224 ], [ 1.7556, 11.4222 ], [ 1.7556, 11.4221 ], [ 1.7555, 11.4218 ], [ 1.7555, 11.4218 ], [ 1.7555, 11.4214 ], [ 1.7555, 11.4212 ], [ 1.7555, 11.421 ], [ 1.7556, 11.4209 ], [ 1.7558, 11.4207 ], [ 1.7559, 11.4206 ], [ 1.756, 11.4205 ], [ 1.7561, 11.4203 ], [ 1.7561, 11.4202 ], [ 1.7561, 11.42 ], [ 1.7561, 11.4199 ], [ 1.7561, 11.4197 ], [ 1.756, 11.4196 ], [ 1.7558, 11.4194 ], [ 1.7557, 11.4193 ], [ 1.7556, 11.4192 ], [ 1.7554, 11.4191 ], [ 1.7552, 11.419 ], [ 1.7551, 11.419 ], [ 1.755, 11.419 ], [ 1.7548, 11.4189 ], [ 1.7546, 11.4189 ], [ 1.7543, 11.4189 ], [ 1.7541, 11.4189 ], [ 1.7538, 11.419 ], [ 1.7537, 11.419 ], [ 1.7535, 11.4191 ], [ 1.7533, 11.4191 ], [ 1.7531, 11.4192 ], [ 1.7528, 11.4193 ], [ 1.7526, 11.4194 ], [ 1.7523, 11.4195 ], [ 1.7522, 11.4196 ], [ 1.752, 11.4197 ], [ 1.7518, 11.4198 ], [ 1.7516, 11.4198 ], [ 1.7513, 11.4199 ], [ 1.7511, 11.4199 ], [ 1.7509, 11.42 ], [ 1.7508, 11.4201 ], [ 1.7507, 11.4202 ], [ 1.7506, 11.4203 ], [ 1.7505, 11.4204 ], [ 1.7504, 11.4205 ], [ 1.7501, 11.4207 ], [ 1.7501, 11.4208 ], [ 1.75, 11.421 ], [ 1.7499, 11.4211 ], [ 1.7498, 11.4212 ], [ 1.7495, 11.4214 ], [ 1.7494, 11.4215 ], [ 1.7492, 11.4215 ], [ 1.749, 11.4215 ], [ 1.7488, 11.4216 ], [ 1.7487, 11.4216 ], [ 1.7485, 11.4217 ], [ 1.7484, 11.4218 ], [ 1.7481, 11.4218 ], [ 1.7478, 11.4218 ], [ 1.7477, 11.4218 ], [ 1.7473, 11.4217 ], [ 1.7472, 11.4216 ], [ 1.7471, 11.4215 ], [ 1.7469, 11.4213 ], [ 1.7468, 11.4212 ], [ 1.7467, 11.421 ], [ 1.7467, 11.4209 ], [ 1.7466, 11.4207 ], [ 1.7465, 11.4206 ], [ 1.7465, 11.4204 ], [ 1.7466, 11.4202 ], [ 1.7466, 11.4201 ], [ 1.7465, 11.4199 ], [ 1.7464, 11.4198 ], [ 1.7463, 11.4196 ], [ 1.7463, 11.4195 ], [ 1.7461, 11.4193 ], [ 1.746, 11.4192 ], [ 1.7459, 11.4191 ], [ 1.7458, 11.4189 ], [ 1.7456, 11.4188 ], [ 1.7454, 11.4188 ], [ 1.7453, 11.4188 ], [ 1.7451, 11.4188 ], [ 1.7449, 11.4188 ], [ 1.7448, 11.4188 ], [ 1.7447, 11.4188 ], [ 1.7444, 11.4188 ], [ 1.7442, 11.4188 ], [ 1.744, 11.4187 ], [ 1.7438, 11.4187 ], [ 1.7435, 11.4186 ], [ 1.7432, 11.4186 ], [ 1.743, 11.4186 ], [ 1.7429, 11.4186 ], [ 1.7427, 11.4185 ], [ 1.7426, 11.4185 ], [ 1.7422, 11.4185 ], [ 1.742, 11.4185 ], [ 1.7419, 11.4186 ], [ 1.7417, 11.4187 ], [ 1.7417, 11.4188 ], [ 1.7417, 11.419 ], [ 1.7416, 11.4192 ], [ 1.7416, 11.4194 ], [ 1.7416, 11.4195 ], [ 1.7416, 11.4197 ], [ 1.7415, 11.4199 ], [ 1.7415, 11.4201 ], [ 1.7415, 11.4203 ], [ 1.7415, 11.4206 ], [ 1.7415, 11.4206 ], [ 1.7416, 11.4207 ], [ 1.7416, 11.4209 ], [ 1.7417, 11.4211 ], [ 1.7416, 11.4213 ], [ 1.7415, 11.4215 ], [ 1.7414, 11.4216 ], [ 1.7413, 11.4217 ], [ 1.7411, 11.4218 ], [ 1.7409, 11.4219 ], [ 1.7407, 11.422 ], [ 1.7406, 11.4221 ], [ 1.7405, 11.4222 ], [ 1.7404, 11.4224 ], [ 1.7403, 11.4225 ], [ 1.7403, 11.4227 ], [ 1.7403, 11.4229 ], [ 1.7403, 11.4231 ], [ 1.7402, 11.4235 ], [ 1.7401, 11.4236 ], [ 1.7401, 11.4237 ], [ 1.7401, 11.4239 ], [ 1.7401, 11.4241 ], [ 1.7401, 11.4243 ], [ 1.7402, 11.4245 ], [ 1.7402, 11.4246 ], [ 1.7402, 11.4247 ], [ 1.7403, 11.4248 ], [ 1.7403, 11.4251 ], [ 1.7403, 11.4252 ], [ 1.7403, 11.4254 ], [ 1.7402, 11.4255 ], [ 1.7401, 11.4257 ], [ 1.7399, 11.4257 ], [ 1.7398, 11.4258 ], [ 1.7396, 11.4259 ], [ 1.7393, 11.426 ], [ 1.7392, 11.426 ], [ 1.7389, 11.4261 ], [ 1.7388, 11.4262 ], [ 1.7386, 11.4262 ], [ 1.7386, 11.4262 ], [ 1.7384, 11.4262 ], [ 1.7382, 11.4261 ], [ 1.738, 11.426 ], [ 1.7379, 11.4259 ], [ 1.7378, 11.4258 ], [ 1.7377, 11.4256 ], [ 1.7376, 11.4255 ], [ 1.7374, 11.4253 ], [ 1.7373, 11.4252 ], [ 1.7371, 11.4252 ], [ 1.737, 11.4252 ], [ 1.7368, 11.4251 ], [ 1.7366, 11.4251 ], [ 1.7362, 11.4251 ], [ 1.736, 11.4252 ], [ 1.7359, 11.4253 ], [ 1.7358, 11.4255 ], [ 1.7357, 11.4257 ], [ 1.7357, 11.4258 ], [ 1.7356, 11.426 ], [ 1.7356, 11.4262 ], [ 1.7356, 11.4264 ], [ 1.7357, 11.4265 ], [ 1.7357, 11.4268 ], [ 1.7358, 11.4269 ], [ 1.7359, 11.4271 ], [ 1.7359, 11.4273 ], [ 1.7359, 11.4275 ], [ 1.7359, 11.4277 ], [ 1.7359, 11.4278 ], [ 1.7359, 11.4278 ], [ 1.7359, 11.428 ], [ 1.7358, 11.4282 ], [ 1.7357, 11.4283 ], [ 1.7355, 11.4284 ], [ 1.7353, 11.4285 ], [ 1.7352, 11.4285 ], [ 1.735, 11.4285 ], [ 1.7348, 11.4285 ], [ 1.7346, 11.4284 ], [ 1.7344, 11.4284 ], [ 1.7342, 11.4284 ], [ 1.734, 11.4284 ], [ 1.734, 11.4284 ], [ 1.7339, 11.4283 ], [ 1.7337, 11.4283 ], [ 1.7335, 11.4283 ], [ 1.7333, 11.4283 ], [ 1.7331, 11.4283 ], [ 1.733, 11.4284 ], [ 1.7328, 11.4284 ], [ 1.7326, 11.4285 ], [ 1.7324, 11.4286 ], [ 1.7321, 11.4287 ], [ 1.7319, 11.4287 ], [ 1.7318, 11.4287 ], [ 1.7316, 11.4287 ], [ 1.7315, 11.4286 ], [ 1.7313, 11.4285 ], [ 1.7312, 11.4284 ], [ 1.731, 11.4284 ], [ 1.7308, 11.4283 ], [ 1.7306, 11.4283 ], [ 1.7304, 11.4282 ], [ 1.7302, 11.4281 ], [ 1.7301, 11.428 ], [ 1.7299, 11.4278 ], [ 1.7298, 11.4277 ], [ 1.7296, 11.4276 ], [ 1.7295, 11.4275 ], [ 1.7294, 11.4274 ], [ 1.7293, 11.4272 ], [ 1.7293, 11.4271 ], [ 1.7292, 11.4269 ], [ 1.7292, 11.4268 ], [ 1.7292, 11.4266 ], [ 1.7293, 11.4265 ], [ 1.7294, 11.4263 ], [ 1.7294, 11.4262 ], [ 1.7295, 11.426 ], [ 1.7296, 11.4259 ], [ 1.7297, 11.4257 ], [ 1.7298, 11.4256 ], [ 1.7298, 11.4254 ], [ 1.7298, 11.4253 ], [ 1.7298, 11.4251 ], [ 1.7298, 11.4249 ], [ 1.7297, 11.4248 ], [ 1.7296, 11.4246 ], [ 1.7295, 11.4244 ], [ 1.7294, 11.4243 ], [ 1.7293, 11.4242 ], [ 1.7292, 11.424 ], [ 1.729, 11.4239 ], [ 1.7289, 11.4238 ], [ 1.7288, 11.4237 ], [ 1.7286, 11.4236 ], [ 1.7285, 11.4236 ], [ 1.7283, 11.4235 ], [ 1.7281, 11.4234 ], [ 1.7279, 11.4234 ], [ 1.7278, 11.4233 ], [ 1.7274, 11.4232 ], [ 1.7272, 11.4232 ], [ 1.727, 11.4231 ], [ 1.7269, 11.4231 ], [ 1.7267, 11.4231 ], [ 1.7263, 11.4231 ], [ 1.7261, 11.4232 ], [ 1.726, 11.4233 ], [ 1.7258, 11.4233 ], [ 1.7255, 11.4233 ], [ 1.7254, 11.4233 ], [ 1.7252, 11.4232 ], [ 1.725, 11.4232 ], [ 1.7248, 11.4233 ], [ 1.7247, 11.4234 ], [ 1.7247, 11.4236 ], [ 1.7246, 11.4238 ], [ 1.7246, 11.4239 ], [ 1.7245, 11.4242 ], [ 1.7245, 11.4243 ], [ 1.7245, 11.4245 ], [ 1.7246, 11.4246 ], [ 1.7247, 11.4248 ], [ 1.7248, 11.4249 ], [ 1.7249, 11.425 ], [ 1.7251, 11.425 ], [ 1.7253, 11.4252 ], [ 1.7254, 11.4252 ], [ 1.7255, 11.4254 ], [ 1.7256, 11.4255 ], [ 1.7257, 11.4256 ], [ 1.7258, 11.4257 ], [ 1.7258, 11.4259 ], [ 1.7258, 11.4261 ], [ 1.7257, 11.4263 ], [ 1.7257, 11.4264 ], [ 1.7256, 11.4265 ], [ 1.7255, 11.4267 ], [ 1.7254, 11.4267 ], [ 1.7252, 11.4268 ], [ 1.725, 11.4268 ], [ 1.7248, 11.4267 ], [ 1.7247, 11.4267 ], [ 1.7245, 11.4267 ], [ 1.7242, 11.4266 ], [ 1.724, 11.4266 ], [ 1.7239, 11.4265 ], [ 1.7237, 11.4265 ], [ 1.7235, 11.4265 ], [ 1.7234, 11.4265 ], [ 1.7232, 11.4266 ], [ 1.723, 11.4266 ], [ 1.7228, 11.4267 ], [ 1.7227, 11.4268 ], [ 1.7224, 11.427 ], [ 1.7223, 11.427 ], [ 1.7221, 11.4271 ], [ 1.7219, 11.4272 ], [ 1.7217, 11.4273 ], [ 1.7215, 11.4273 ], [ 1.7213, 11.4272 ], [ 1.7211, 11.4272 ], [ 1.7209, 11.427 ], [ 1.7208, 11.4269 ], [ 1.7207, 11.4268 ], [ 1.7207, 11.4266 ], [ 1.7207, 11.4264 ], [ 1.7207, 11.4262 ], [ 1.7208, 11.4261 ], [ 1.7209, 11.426 ], [ 1.721, 11.4258 ], [ 1.7212, 11.4257 ], [ 1.7213, 11.4256 ], [ 1.7213, 11.4254 ], [ 1.7213, 11.4252 ], [ 1.7212, 11.4251 ], [ 1.7211, 11.4249 ], [ 1.721, 11.4248 ], [ 1.7209, 11.4246 ], [ 1.7208, 11.4245 ], [ 1.7207, 11.4244 ], [ 1.7205, 11.4243 ], [ 1.7203, 11.4243 ], [ 1.7202, 11.4244 ], [ 1.72, 11.4244 ], [ 1.7198, 11.4245 ], [ 1.7196, 11.4245 ], [ 1.7193, 11.4245 ], [ 1.7192, 11.4244 ], [ 1.719, 11.4245 ], [ 1.7189, 11.4246 ], [ 1.7188, 11.4247 ], [ 1.7186, 11.4248 ], [ 1.7184, 11.4247 ], [ 1.7182, 11.4247 ], [ 1.718, 11.4247 ], [ 1.7177, 11.4248 ], [ 1.7176, 11.4248 ], [ 1.7174, 11.4249 ], [ 1.7173, 11.4251 ], [ 1.7172, 11.4252 ], [ 1.7171, 11.4253 ], [ 1.7169, 11.4253 ], [ 1.7168, 11.4253 ], [ 1.7166, 11.4254 ], [ 1.7165, 11.4255 ], [ 1.7164, 11.4256 ], [ 1.7163, 11.4258 ], [ 1.7162, 11.426 ], [ 1.7162, 11.4262 ], [ 1.7161, 11.4264 ], [ 1.7161, 11.4266 ], [ 1.7161, 11.4268 ], [ 1.7161, 11.427 ], [ 1.7161, 11.4272 ], [ 1.7162, 11.4273 ], [ 1.7163, 11.4275 ], [ 1.7164, 11.4277 ], [ 1.7164, 11.4278 ], [ 1.7165, 11.4279 ], [ 1.7165, 11.4281 ], [ 1.7166, 11.4282 ], [ 1.7166, 11.4283 ], [ 1.7167, 11.4284 ], [ 1.7168, 11.4286 ], [ 1.7168, 11.4288 ], [ 1.7167, 11.429 ], [ 1.7166, 11.4291 ], [ 1.7164, 11.4293 ], [ 1.7162, 11.4293 ], [ 1.716, 11.4293 ], [ 1.7159, 11.4292 ], [ 1.7158, 11.4292 ], [ 1.7157, 11.429 ], [ 1.7156, 11.4289 ], [ 1.7155, 11.4288 ], [ 1.7154, 11.4286 ], [ 1.7153, 11.4285 ], [ 1.7152, 11.4284 ], [ 1.7151, 11.4282 ], [ 1.7151, 11.428 ], [ 1.715, 11.4278 ], [ 1.715, 11.4277 ], [ 1.715, 11.4275 ], [ 1.7149, 11.4274 ], [ 1.7149, 11.4272 ], [ 1.7149, 11.427 ], [ 1.7147, 11.4269 ], [ 1.7146, 11.4267 ], [ 1.7145, 11.4266 ], [ 1.7144, 11.4265 ], [ 1.7142, 11.4265 ], [ 1.714, 11.4265 ], [ 1.7139, 11.4267 ], [ 1.7138, 11.4268 ], [ 1.7138, 11.4269 ], [ 1.7137, 11.4271 ], [ 1.7135, 11.4273 ], [ 1.7135, 11.4275 ], [ 1.7135, 11.4276 ], [ 1.7135, 11.4278 ], [ 1.7135, 11.428 ], [ 1.7135, 11.4282 ], [ 1.7135, 11.4284 ], [ 1.7136, 11.4286 ], [ 1.7136, 11.4287 ], [ 1.7138, 11.4289 ], [ 1.7139, 11.429 ], [ 1.7139, 11.4292 ], [ 1.714, 11.4294 ], [ 1.7141, 11.4295 ], [ 1.7142, 11.4297 ], [ 1.7142, 11.4298 ], [ 1.7143, 11.4299 ], [ 1.7143, 11.4302 ], [ 1.7143, 11.4303 ], [ 1.7143, 11.4305 ], [ 1.7143, 11.4307 ], [ 1.7143, 11.4308 ], [ 1.7143, 11.431 ], [ 1.7143, 11.4312 ], [ 1.7143, 11.4313 ], [ 1.7142, 11.4314 ], [ 1.7142, 11.4315 ], [ 1.7142, 11.4317 ], [ 1.7142, 11.4319 ], [ 1.7143, 11.432 ], [ 1.7143, 11.4322 ], [ 1.7143, 11.4325 ], [ 1.7144, 11.4326 ], [ 1.7144, 11.4328 ], [ 1.7145, 11.433 ], [ 1.7145, 11.4331 ], [ 1.7146, 11.4333 ], [ 1.7147, 11.4334 ], [ 1.7147, 11.4336 ], [ 1.7146, 11.4337 ], [ 1.7146, 11.4339 ], [ 1.7144, 11.434 ], [ 1.7143, 11.4341 ], [ 1.7141, 11.4341 ], [ 1.714, 11.434 ], [ 1.7138, 11.4337 ], [ 1.7137, 11.4336 ], [ 1.7136, 11.4335 ], [ 1.7135, 11.4334 ], [ 1.7133, 11.4332 ], [ 1.7132, 11.4331 ], [ 1.713, 11.433 ], [ 1.7129, 11.4329 ], [ 1.7128, 11.4328 ], [ 1.7127, 11.4327 ], [ 1.7125, 11.4326 ], [ 1.7124, 11.4324 ], [ 1.7123, 11.4323 ], [ 1.7122, 11.4321 ], [ 1.7121, 11.432 ], [ 1.7119, 11.4319 ], [ 1.7118, 11.4318 ], [ 1.7116, 11.4317 ], [ 1.7114, 11.4316 ], [ 1.7112, 11.4315 ], [ 1.711, 11.4314 ], [ 1.7108, 11.4313 ], [ 1.7106, 11.4313 ], [ 1.7104, 11.4312 ], [ 1.7103, 11.4311 ], [ 1.7102, 11.431 ], [ 1.7101, 11.4308 ], [ 1.71, 11.4307 ], [ 1.7099, 11.4305 ], [ 1.7097, 11.4304 ], [ 1.7097, 11.4303 ], [ 1.7096, 11.4303 ], [ 1.7094, 11.4301 ], [ 1.7093, 11.4299 ], [ 1.7092, 11.4298 ], [ 1.7091, 11.4296 ], [ 1.7091, 11.4295 ], [ 1.7089, 11.4294 ], [ 1.7088, 11.4292 ], [ 1.7087, 11.429 ], [ 1.7087, 11.4289 ], [ 1.7086, 11.4287 ], [ 1.7086, 11.4285 ], [ 1.7085, 11.4283 ], [ 1.7085, 11.4282 ], [ 1.7084, 11.428 ], [ 1.7084, 11.4278 ], [ 1.7084, 11.4277 ], [ 1.7084, 11.4274 ], [ 1.7084, 11.4272 ], [ 1.7083, 11.4268 ], [ 1.7083, 11.4267 ], [ 1.7082, 11.4265 ], [ 1.7081, 11.4264 ], [ 1.7081, 11.4263 ], [ 1.708, 11.4261 ], [ 1.7079, 11.426 ], [ 1.7077, 11.4258 ], [ 1.7077, 11.4256 ], [ 1.7076, 11.4255 ], [ 1.7075, 11.4253 ], [ 1.7074, 11.4251 ], [ 1.7073, 11.4249 ], [ 1.7072, 11.4248 ], [ 1.7071, 11.4246 ], [ 1.7071, 11.4245 ], [ 1.7069, 11.4244 ], [ 1.7068, 11.4242 ], [ 1.7067, 11.4241 ], [ 1.7067, 11.4239 ], [ 1.7066, 11.4237 ], [ 1.7066, 11.4235 ], [ 1.7066, 11.4233 ], [ 1.7066, 11.4232 ], [ 1.7066, 11.423 ], [ 1.7066, 11.4228 ], [ 1.7067, 11.4227 ], [ 1.7067, 11.4225 ], [ 1.7067, 11.4223 ], [ 1.7067, 11.4222 ], [ 1.7068, 11.422 ], [ 1.7068, 11.4218 ], [ 1.7068, 11.4217 ], [ 1.7068, 11.4215 ], [ 1.7068, 11.4213 ], [ 1.7068, 11.4211 ], [ 1.7067, 11.4209 ], [ 1.7067, 11.4207 ], [ 1.7067, 11.4205 ], [ 1.7067, 11.4203 ], [ 1.7067, 11.4202 ], [ 1.7067, 11.42 ], [ 1.7066, 11.4199 ], [ 1.7066, 11.4197 ], [ 1.7065, 11.4195 ], [ 1.7064, 11.4194 ], [ 1.7063, 11.4192 ], [ 1.7062, 11.4191 ], [ 1.7061, 11.419 ], [ 1.706, 11.4189 ], [ 1.7058, 11.4188 ], [ 1.7055, 11.4187 ], [ 1.7054, 11.4187 ], [ 1.7051, 11.4186 ], [ 1.7049, 11.4185 ], [ 1.7047, 11.4183 ], [ 1.7046, 11.4182 ], [ 1.7045, 11.4181 ], [ 1.7043, 11.4181 ], [ 1.7042, 11.4181 ], [ 1.704, 11.4182 ], [ 1.7038, 11.4183 ], [ 1.7037, 11.4183 ], [ 1.7035, 11.4183 ], [ 1.7033, 11.4182 ], [ 1.7031, 11.418 ], [ 1.703, 11.4179 ], [ 1.7029, 11.4178 ], [ 1.7028, 11.4176 ], [ 1.7027, 11.4175 ], [ 1.7026, 11.4173 ], [ 1.7024, 11.4172 ], [ 1.7022, 11.4172 ], [ 1.702, 11.4172 ], [ 1.7018, 11.4172 ], [ 1.7016, 11.4172 ], [ 1.7014, 11.4172 ], [ 1.7013, 11.4173 ], [ 1.7011, 11.4173 ], [ 1.7009, 11.4174 ], [ 1.7007, 11.4175 ], [ 1.7006, 11.4177 ], [ 1.7004, 11.4179 ], [ 1.7003, 11.4181 ], [ 1.7002, 11.4182 ], [ 1.7001, 11.4183 ], [ 1.7, 11.4185 ], [ 1.6998, 11.4186 ], [ 1.6996, 11.4186 ], [ 1.6994, 11.4185 ], [ 1.6992, 11.4184 ], [ 1.6992, 11.4183 ], [ 1.6992, 11.4181 ], [ 1.6992, 11.4179 ], [ 1.6993, 11.4177 ], [ 1.6994, 11.4176 ], [ 1.6995, 11.4175 ], [ 1.6996, 11.4173 ], [ 1.6996, 11.4171 ], [ 1.6996, 11.417 ], [ 1.6996, 11.4168 ], [ 1.6996, 11.4166 ], [ 1.6996, 11.4164 ], [ 1.6996, 11.4163 ], [ 1.6996, 11.4161 ], [ 1.6995, 11.416 ], [ 1.6994, 11.4158 ], [ 1.6992, 11.4157 ], [ 1.6991, 11.4156 ], [ 1.699, 11.4153 ], [ 1.699, 11.4152 ], [ 1.699, 11.415 ], [ 1.6989, 11.4148 ], [ 1.6988, 11.4146 ], [ 1.6988, 11.4145 ], [ 1.6988, 11.4143 ], [ 1.6988, 11.4141 ], [ 1.6988, 11.414 ], [ 1.6988, 11.4138 ], [ 1.699, 11.4132 ], [ 1.6991, 11.4128 ], [ 1.6991, 11.4125 ], [ 1.6992, 11.4121 ], [ 1.6993, 11.4116 ], [ 1.6996, 11.4111 ], [ 1.6996, 11.4108 ], [ 1.6995, 11.4105 ], [ 1.6993, 11.4101 ], [ 1.6991, 11.4099 ], [ 1.699, 11.4096 ], [ 1.699, 11.4094 ], [ 1.699, 11.409 ], [ 1.6989, 11.4089 ], [ 1.6985, 11.409 ], [ 1.6983, 11.4091 ], [ 1.6979, 11.4092 ], [ 1.6976, 11.4093 ], [ 1.6975, 11.4093 ], [ 1.6975, 11.4095 ], [ 1.6974, 11.4097 ], [ 1.6974, 11.4099 ], [ 1.6973, 11.41 ], [ 1.6971, 11.4101 ], [ 1.6971, 11.4102 ], [ 1.697, 11.4103 ], [ 1.6969, 11.4103 ], [ 1.6967, 11.4103 ], [ 1.6966, 11.4104 ], [ 1.6966, 11.4106 ], [ 1.6966, 11.4107 ], [ 1.6965, 11.4109 ], [ 1.6965, 11.4112 ], [ 1.6964, 11.4114 ], [ 1.6963, 11.4116 ], [ 1.6962, 11.4117 ], [ 1.6961, 11.4119 ], [ 1.696, 11.4121 ], [ 1.6958, 11.4123 ], [ 1.6957, 11.4125 ], [ 1.6956, 11.4126 ], [ 1.6954, 11.4127 ], [ 1.6952, 11.4129 ], [ 1.695, 11.413 ], [ 1.6947, 11.4132 ], [ 1.6946, 11.4132 ], [ 1.6944, 11.4133 ], [ 1.6942, 11.4134 ], [ 1.6941, 11.4135 ], [ 1.6939, 11.4135 ], [ 1.6936, 11.4135 ], [ 1.6934, 11.4135 ], [ 1.6932, 11.4135 ], [ 1.693, 11.4134 ], [ 1.6929, 11.4133 ], [ 1.6927, 11.4133 ], [ 1.6925, 11.4133 ], [ 1.6923, 11.4133 ], [ 1.6921, 11.4133 ], [ 1.6919, 11.4134 ], [ 1.6917, 11.4134 ], [ 1.6916, 11.4135 ], [ 1.6915, 11.4136 ], [ 1.6913, 11.4138 ], [ 1.6912, 11.4139 ], [ 1.6911, 11.414 ], [ 1.691, 11.4142 ], [ 1.691, 11.4142 ], [ 1.6909, 11.4143 ], [ 1.6908, 11.4145 ], [ 1.6906, 11.4146 ], [ 1.6904, 11.4148 ], [ 1.6903, 11.4149 ], [ 1.6902, 11.4151 ], [ 1.6901, 11.4154 ], [ 1.69, 11.4155 ], [ 1.6899, 11.4156 ], [ 1.6897, 11.4157 ], [ 1.6896, 11.4159 ], [ 1.6895, 11.416 ], [ 1.6894, 11.4161 ], [ 1.6892, 11.4163 ], [ 1.6891, 11.4164 ], [ 1.6889, 11.4164 ], [ 1.6888, 11.4164 ], [ 1.6886, 11.4163 ], [ 1.6885, 11.4162 ], [ 1.6885, 11.416 ], [ 1.6884, 11.4158 ], [ 1.6884, 11.4157 ], [ 1.6884, 11.4155 ], [ 1.6884, 11.4153 ], [ 1.6884, 11.4151 ], [ 1.6884, 11.415 ], [ 1.6883, 11.4148 ], [ 1.6883, 11.4146 ], [ 1.6882, 11.4144 ], [ 1.6881, 11.4143 ], [ 1.688, 11.4141 ], [ 1.6879, 11.414 ], [ 1.6877, 11.414 ], [ 1.6876, 11.4141 ], [ 1.6874, 11.4141 ], [ 1.6872, 11.4142 ], [ 1.6871, 11.4143 ], [ 1.687, 11.4145 ], [ 1.6869, 11.4146 ], [ 1.6867, 11.4147 ], [ 1.6866, 11.4148 ], [ 1.6866, 11.415 ], [ 1.6865, 11.4151 ], [ 1.6864, 11.4154 ], [ 1.6864, 11.4156 ], [ 1.6864, 11.4157 ], [ 1.6864, 11.4159 ], [ 1.6864, 11.416 ], [ 1.6865, 11.4163 ], [ 1.6865, 11.4165 ], [ 1.6866, 11.4166 ], [ 1.6866, 11.4168 ], [ 1.6867, 11.4169 ], [ 1.6867, 11.4171 ], [ 1.6868, 11.4173 ], [ 1.6869, 11.4175 ], [ 1.687, 11.4177 ], [ 1.687, 11.4179 ], [ 1.687, 11.418 ], [ 1.687, 11.4181 ], [ 1.6871, 11.4183 ], [ 1.6871, 11.4185 ], [ 1.6871, 11.4186 ], [ 1.6871, 11.4188 ], [ 1.6869, 11.4189 ], [ 1.6868, 11.419 ], [ 1.6866, 11.419 ], [ 1.6864, 11.419 ], [ 1.6863, 11.419 ], [ 1.6861, 11.4189 ], [ 1.686, 11.4189 ], [ 1.6858, 11.4188 ], [ 1.6857, 11.4187 ], [ 1.6855, 11.4187 ], [ 1.6854, 11.4186 ], [ 1.6851, 11.4186 ], [ 1.6849, 11.4185 ], [ 1.6847, 11.4184 ], [ 1.6846, 11.4183 ], [ 1.6843, 11.4183 ], [ 1.6842, 11.4182 ], [ 1.684, 11.4182 ], [ 1.6838, 11.4181 ], [ 1.6837, 11.4179 ], [ 1.6835, 11.4178 ], [ 1.6834, 11.4177 ], [ 1.6832, 11.4176 ], [ 1.6831, 11.4175 ], [ 1.683, 11.4173 ], [ 1.6829, 11.4172 ], [ 1.6828, 11.417 ], [ 1.6827, 11.4167 ], [ 1.6827, 11.4165 ], [ 1.6826, 11.4164 ], [ 1.6825, 11.4162 ], [ 1.6825, 11.4161 ], [ 1.6825, 11.4159 ], [ 1.6824, 11.4157 ], [ 1.6823, 11.4154 ], [ 1.6823, 11.4153 ], [ 1.6823, 11.4151 ], [ 1.6824, 11.4148 ], [ 1.6824, 11.4147 ], [ 1.6824, 11.4146 ], [ 1.6824, 11.4144 ], [ 1.6824, 11.4143 ], [ 1.6824, 11.4141 ], [ 1.6825, 11.414 ], [ 1.6825, 11.4138 ], [ 1.6826, 11.4136 ], [ 1.6826, 11.4134 ], [ 1.6827, 11.4133 ], [ 1.6829, 11.4132 ], [ 1.683, 11.4131 ], [ 1.6831, 11.413 ], [ 1.6833, 11.4129 ], [ 1.6835, 11.4128 ], [ 1.6836, 11.4127 ], [ 1.6838, 11.4125 ], [ 1.6839, 11.4125 ], [ 1.6841, 11.4123 ], [ 1.6843, 11.4122 ], [ 1.6844, 11.4122 ], [ 1.6846, 11.4121 ], [ 1.6847, 11.412 ], [ 1.6848, 11.4119 ], [ 1.685, 11.4119 ], [ 1.6853, 11.4118 ], [ 1.6854, 11.4118 ], [ 1.6856, 11.4117 ], [ 1.6857, 11.4117 ], [ 1.6859, 11.4116 ], [ 1.6861, 11.4116 ], [ 1.6862, 11.4115 ], [ 1.6864, 11.4114 ], [ 1.6866, 11.4113 ], [ 1.6867, 11.4111 ], [ 1.6867, 11.4109 ], [ 1.6867, 11.4107 ], [ 1.6866, 11.4106 ], [ 1.6866, 11.4105 ], [ 1.6865, 11.4103 ], [ 1.6864, 11.4102 ], [ 1.6862, 11.4101 ], [ 1.6861, 11.41 ], [ 1.6859, 11.41 ], [ 1.6857, 11.4099 ], [ 1.6855, 11.4099 ], [ 1.6853, 11.4099 ], [ 1.6851, 11.4099 ], [ 1.6849, 11.4099 ], [ 1.6847, 11.4099 ], [ 1.6845, 11.4099 ], [ 1.6844, 11.4099 ], [ 1.6842, 11.4098 ], [ 1.6841, 11.4097 ], [ 1.6839, 11.4096 ], [ 1.6837, 11.4095 ], [ 1.6836, 11.4094 ], [ 1.6836, 11.4092 ], [ 1.6835, 11.4091 ], [ 1.6835, 11.4089 ], [ 1.6834, 11.4087 ], [ 1.6833, 11.4085 ], [ 1.6832, 11.4084 ], [ 1.6831, 11.4082 ], [ 1.6831, 11.4081 ], [ 1.683, 11.408 ], [ 1.683, 11.4079 ], [ 1.6829, 11.4078 ], [ 1.6828, 11.4077 ], [ 1.6827, 11.4076 ], [ 1.6826, 11.4075 ], [ 1.6824, 11.4074 ], [ 1.6823, 11.4074 ], [ 1.6821, 11.4074 ], [ 1.6819, 11.4075 ], [ 1.6817, 11.4075 ], [ 1.6816, 11.4076 ], [ 1.6814, 11.4077 ], [ 1.6813, 11.4078 ], [ 1.6812, 11.4079 ], [ 1.6811, 11.408 ], [ 1.6809, 11.4082 ], [ 1.6808, 11.4083 ], [ 1.6807, 11.4085 ], [ 1.6807, 11.4086 ], [ 1.6806, 11.4088 ], [ 1.6806, 11.4089 ], [ 1.6805, 11.4091 ], [ 1.6804, 11.4093 ], [ 1.6803, 11.4094 ], [ 1.6802, 11.4095 ], [ 1.68, 11.4096 ], [ 1.6798, 11.4096 ], [ 1.6796, 11.4096 ], [ 1.6795, 11.4096 ], [ 1.6792, 11.4096 ], [ 1.679, 11.4096 ], [ 1.6788, 11.4096 ], [ 1.6786, 11.4096 ], [ 1.6784, 11.4096 ], [ 1.6782, 11.4097 ], [ 1.6781, 11.4096 ], [ 1.6779, 11.4096 ], [ 1.6777, 11.4095 ], [ 1.6776, 11.4094 ], [ 1.6775, 11.4092 ], [ 1.6773, 11.4092 ], [ 1.6772, 11.409 ], [ 1.677, 11.4089 ], [ 1.6769, 11.4087 ], [ 1.6768, 11.4086 ], [ 1.6767, 11.4085 ], [ 1.6766, 11.4084 ], [ 1.6765, 11.4083 ], [ 1.6764, 11.4082 ], [ 1.6763, 11.408 ], [ 1.6762, 11.4079 ], [ 1.6762, 11.4077 ], [ 1.6761, 11.4076 ], [ 1.6759, 11.4074 ], [ 1.6758, 11.4073 ], [ 1.6757, 11.407 ], [ 1.6757, 11.4069 ], [ 1.6757, 11.4067 ], [ 1.6756, 11.4065 ], [ 1.6755, 11.4064 ], [ 1.6754, 11.4062 ], [ 1.6752, 11.4061 ], [ 1.6751, 11.4061 ], [ 1.6749, 11.406 ], [ 1.6748, 11.406 ], [ 1.6746, 11.4059 ], [ 1.6745, 11.4059 ], [ 1.6743, 11.4058 ], [ 1.6742, 11.4057 ], [ 1.674, 11.4057 ], [ 1.6739, 11.4056 ], [ 1.6737, 11.4055 ], [ 1.6736, 11.4055 ], [ 1.6734, 11.4054 ], [ 1.6731, 11.4054 ], [ 1.6729, 11.4053 ], [ 1.6727, 11.4053 ], [ 1.6726, 11.4054 ], [ 1.6724, 11.4055 ], [ 1.6723, 11.4056 ], [ 1.6722, 11.4057 ], [ 1.672, 11.4058 ], [ 1.6718, 11.4058 ], [ 1.6717, 11.4058 ], [ 1.6715, 11.4057 ], [ 1.6714, 11.4057 ], [ 1.6712, 11.4056 ], [ 1.6711, 11.4055 ], [ 1.671, 11.4054 ], [ 1.6709, 11.4052 ], [ 1.6707, 11.405 ], [ 1.6706, 11.4048 ], [ 1.6705, 11.4047 ], [ 1.6704, 11.4046 ], [ 1.6704, 11.4044 ], [ 1.6703, 11.4043 ], [ 1.6702, 11.4041 ], [ 1.6701, 11.4039 ], [ 1.6701, 11.4038 ], [ 1.6701, 11.4036 ], [ 1.6701, 11.4034 ], [ 1.67, 11.4033 ], [ 1.67, 11.4031 ], [ 1.67, 11.4029 ], [ 1.67, 11.4028 ], [ 1.6699, 11.4026 ], [ 1.6699, 11.4025 ], [ 1.6698, 11.4022 ], [ 1.6697, 11.4021 ], [ 1.6696, 11.4019 ], [ 1.6694, 11.4018 ], [ 1.6692, 11.4016 ], [ 1.6691, 11.4015 ], [ 1.669, 11.4014 ], [ 1.6688, 11.4013 ], [ 1.6687, 11.4012 ], [ 1.6686, 11.4011 ], [ 1.6684, 11.401 ], [ 1.6682, 11.4009 ], [ 1.668, 11.4008 ], [ 1.6678, 11.4007 ], [ 1.6676, 11.4005 ], [ 1.6675, 11.4004 ], [ 1.6673, 11.4003 ], [ 1.6672, 11.4002 ], [ 1.6671, 11.4 ], [ 1.6669, 11.3998 ], [ 1.6668, 11.3997 ], [ 1.6667, 11.3995 ], [ 1.6667, 11.3994 ], [ 1.6666, 11.3992 ], [ 1.6665, 11.399 ], [ 1.6664, 11.3988 ], [ 1.6663, 11.3986 ], [ 1.6662, 11.3986 ], [ 1.666, 11.3985 ], [ 1.6658, 11.3985 ], [ 1.6655, 11.3984 ], [ 1.6654, 11.3984 ], [ 1.6651, 11.3983 ], [ 1.6648, 11.3983 ], [ 1.6647, 11.3982 ], [ 1.6645, 11.3982 ], [ 1.6642, 11.3982 ], [ 1.664, 11.3982 ], [ 1.6638, 11.3982 ], [ 1.6636, 11.3982 ], [ 1.6634, 11.3982 ], [ 1.6632, 11.3981 ], [ 1.6629, 11.398 ], [ 1.6626, 11.3979 ], [ 1.6623, 11.3978 ], [ 1.6619, 11.3977 ], [ 1.6617, 11.3977 ], [ 1.6615, 11.3976 ], [ 1.6612, 11.3976 ], [ 1.661, 11.3976 ], [ 1.6609, 11.3976 ], [ 1.6607, 11.3976 ], [ 1.6606, 11.3976 ], [ 1.6603, 11.3976 ], [ 1.6602, 11.3976 ], [ 1.6599, 11.3976 ], [ 1.6598, 11.3978 ], [ 1.6596, 11.3979 ], [ 1.6593, 11.3979 ], [ 1.6591, 11.398 ], [ 1.6589, 11.3981 ], [ 1.6588, 11.3982 ], [ 1.6586, 11.3982 ], [ 1.6584, 11.3982 ], [ 1.6582, 11.3982 ], [ 1.6581, 11.3982 ], [ 1.6578, 11.3982 ], [ 1.6577, 11.3982 ], [ 1.6574, 11.3982 ], [ 1.6572, 11.3982 ], [ 1.657, 11.3982 ], [ 1.6567, 11.3982 ], [ 1.6564, 11.3982 ], [ 1.6562, 11.3982 ], [ 1.6559, 11.3982 ], [ 1.6558, 11.3982 ], [ 1.6557, 11.3982 ], [ 1.6555, 11.3982 ], [ 1.6552, 11.3983 ], [ 1.6551, 11.3983 ], [ 1.655, 11.3983 ], [ 1.6548, 11.3983 ], [ 1.6546, 11.3985 ], [ 1.6544, 11.3985 ], [ 1.6543, 11.3986 ], [ 1.6541, 11.3986 ], [ 1.6539, 11.3988 ], [ 1.6538, 11.3988 ], [ 1.6534, 11.3991 ], [ 1.6533, 11.3992 ], [ 1.6532, 11.3993 ], [ 1.653, 11.3994 ], [ 1.6529, 11.3995 ], [ 1.6528, 11.3996 ], [ 1.6526, 11.3997 ], [ 1.6525, 11.3998 ], [ 1.6523, 11.3999 ], [ 1.6522, 11.4 ], [ 1.6521, 11.4002 ], [ 1.6519, 11.4004 ], [ 1.6518, 11.4005 ], [ 1.6517, 11.4005 ], [ 1.6515, 11.4007 ], [ 1.6514, 11.4008 ], [ 1.6511, 11.4009 ], [ 1.651, 11.4009 ], [ 1.6508, 11.4009 ], [ 1.6506, 11.4009 ], [ 1.6504, 11.4009 ], [ 1.6502, 11.401 ], [ 1.65, 11.401 ], [ 1.6497, 11.401 ], [ 1.6495, 11.401 ], [ 1.6493, 11.4011 ], [ 1.6491, 11.4012 ], [ 1.6489, 11.4012 ], [ 1.6488, 11.4013 ], [ 1.6486, 11.4013 ], [ 1.6485, 11.4014 ], [ 1.6482, 11.4015 ], [ 1.6481, 11.4015 ], [ 1.6479, 11.4016 ], [ 1.6477, 11.4016 ], [ 1.6476, 11.4016 ], [ 1.6474, 11.4016 ], [ 1.6472, 11.4016 ], [ 1.647, 11.4016 ], [ 1.6468, 11.4016 ], [ 1.6466, 11.4015 ], [ 1.6464, 11.4015 ], [ 1.6463, 11.4015 ], [ 1.6462, 11.4014 ], [ 1.646, 11.4013 ], [ 1.6458, 11.4013 ], [ 1.6457, 11.4013 ], [ 1.6454, 11.4013 ], [ 1.6452, 11.4013 ], [ 1.6451, 11.4015 ], [ 1.6451, 11.4016 ], [ 1.6451, 11.4018 ], [ 1.6451, 11.4019 ], [ 1.6452, 11.4021 ], [ 1.6452, 11.4023 ], [ 1.6453, 11.4024 ], [ 1.6454, 11.4026 ], [ 1.6455, 11.4027 ], [ 1.6456, 11.4029 ], [ 1.6457, 11.403 ], [ 1.6457, 11.4032 ], [ 1.6459, 11.4033 ], [ 1.646, 11.4035 ], [ 1.6461, 11.4037 ], [ 1.6462, 11.4039 ], [ 1.6463, 11.404 ], [ 1.6464, 11.4043 ], [ 1.6464, 11.4044 ], [ 1.6463, 11.4046 ], [ 1.6462, 11.4047 ], [ 1.6461, 11.4047 ], [ 1.6459, 11.4048 ], [ 1.6458, 11.4048 ], [ 1.6456, 11.4048 ], [ 1.6454, 11.4048 ], [ 1.6452, 11.4048 ], [ 1.645, 11.4048 ], [ 1.6449, 11.4049 ], [ 1.6448, 11.405 ], [ 1.6447, 11.4051 ], [ 1.6447, 11.4053 ], [ 1.6446, 11.4054 ], [ 1.6445, 11.4056 ], [ 1.6445, 11.4057 ], [ 1.6444, 11.4059 ], [ 1.6444, 11.4061 ], [ 1.6443, 11.4062 ], [ 1.6441, 11.4063 ], [ 1.644, 11.4064 ], [ 1.644, 11.4066 ], [ 1.6437, 11.4067 ], [ 1.6436, 11.4068 ], [ 1.6434, 11.4068 ], [ 1.6432, 11.4068 ], [ 1.6431, 11.4068 ], [ 1.6429, 11.4068 ], [ 1.6427, 11.4068 ], [ 1.6425, 11.4067 ], [ 1.6423, 11.4067 ], [ 1.6421, 11.4066 ], [ 1.6418, 11.4066 ], [ 1.6416, 11.4065 ], [ 1.6415, 11.4064 ], [ 1.6414, 11.4063 ], [ 1.6413, 11.4062 ], [ 1.6411, 11.4061 ], [ 1.641, 11.406 ], [ 1.6409, 11.4058 ], [ 1.6408, 11.4057 ], [ 1.6407, 11.4055 ], [ 1.6407, 11.4054 ], [ 1.6406, 11.4053 ], [ 1.6405, 11.4051 ], [ 1.6404, 11.4048 ], [ 1.6403, 11.4046 ], [ 1.6402, 11.4045 ], [ 1.6402, 11.4043 ], [ 1.6402, 11.4042 ], [ 1.6401, 11.404 ], [ 1.64, 11.4038 ], [ 1.64, 11.4037 ], [ 1.6399, 11.4035 ], [ 1.6398, 11.4034 ], [ 1.6397, 11.4031 ], [ 1.6396, 11.403 ], [ 1.6396, 11.4028 ], [ 1.6395, 11.4027 ], [ 1.6395, 11.4025 ], [ 1.6394, 11.4023 ], [ 1.6393, 11.4022 ], [ 1.6392, 11.402 ], [ 1.6391, 11.4018 ], [ 1.6389, 11.4017 ], [ 1.6388, 11.4016 ], [ 1.6387, 11.4015 ], [ 1.6385, 11.4014 ], [ 1.6384, 11.4013 ], [ 1.6382, 11.4011 ], [ 1.6381, 11.401 ], [ 1.638, 11.4009 ], [ 1.6378, 11.4007 ], [ 1.6377, 11.4006 ], [ 1.6376, 11.4005 ], [ 1.6375, 11.4003 ], [ 1.6374, 11.4002 ], [ 1.6373, 11.4001 ], [ 1.6371, 11.3999 ], [ 1.637, 11.3998 ], [ 1.6368, 11.3997 ], [ 1.6367, 11.3996 ], [ 1.6366, 11.3995 ], [ 1.6364, 11.3995 ], [ 1.6362, 11.3995 ], [ 1.6361, 11.3995 ], [ 1.6359, 11.3995 ], [ 1.6357, 11.3994 ], [ 1.6355, 11.3994 ], [ 1.6353, 11.3994 ], [ 1.6352, 11.3993 ], [ 1.635, 11.3993 ], [ 1.6349, 11.3992 ], [ 1.6347, 11.3992 ], [ 1.6346, 11.3992 ], [ 1.6344, 11.3992 ], [ 1.6343, 11.3993 ], [ 1.6341, 11.3993 ], [ 1.6339, 11.3993 ], [ 1.6337, 11.3994 ], [ 1.6336, 11.3996 ], [ 1.6334, 11.3997 ], [ 1.6333, 11.3997 ], [ 1.6332, 11.3998 ], [ 1.633, 11.3998 ], [ 1.6328, 11.3998 ], [ 1.6326, 11.3998 ], [ 1.6325, 11.3998 ], [ 1.6324, 11.3997 ], [ 1.6321, 11.3996 ], [ 1.632, 11.3995 ], [ 1.6319, 11.3994 ], [ 1.6318, 11.3993 ], [ 1.6317, 11.3991 ], [ 1.6316, 11.399 ], [ 1.6316, 11.3988 ], [ 1.6316, 11.3986 ], [ 1.6316, 11.3985 ], [ 1.6316, 11.3983 ], [ 1.6316, 11.3982 ], [ 1.6316, 11.398 ], [ 1.6316, 11.3979 ], [ 1.6316, 11.3977 ], [ 1.6315, 11.3975 ], [ 1.6315, 11.3974 ], [ 1.6314, 11.3972 ], [ 1.6314, 11.3971 ], [ 1.6313, 11.3969 ], [ 1.6312, 11.3968 ], [ 1.6311, 11.3966 ], [ 1.6309, 11.3964 ], [ 1.6308, 11.3961 ], [ 1.6307, 11.3959 ], [ 1.6306, 11.3958 ], [ 1.6305, 11.3956 ], [ 1.6304, 11.3955 ], [ 1.6304, 11.3954 ], [ 1.6302, 11.3952 ], [ 1.6301, 11.3952 ], [ 1.63, 11.3951 ], [ 1.6298, 11.395 ], [ 1.6297, 11.395 ], [ 1.6295, 11.3948 ], [ 1.6294, 11.3948 ], [ 1.6291, 11.3948 ], [ 1.629, 11.3948 ], [ 1.6288, 11.3948 ], [ 1.6285, 11.3949 ], [ 1.6284, 11.395 ], [ 1.6282, 11.3951 ], [ 1.628, 11.3953 ], [ 1.6279, 11.3954 ], [ 1.6276, 11.3954 ], [ 1.6274, 11.3954 ], [ 1.6272, 11.3954 ], [ 1.627, 11.3954 ], [ 1.6267, 11.3954 ], [ 1.6266, 11.3953 ], [ 1.6264, 11.3952 ], [ 1.6263, 11.395 ], [ 1.6262, 11.3949 ], [ 1.6262, 11.3947 ], [ 1.6261, 11.3946 ], [ 1.626, 11.3944 ], [ 1.6259, 11.3943 ], [ 1.6258, 11.3942 ], [ 1.6257, 11.394 ], [ 1.6256, 11.3939 ], [ 1.6254, 11.3938 ], [ 1.6253, 11.3938 ], [ 1.6251, 11.3937 ], [ 1.6249, 11.3936 ], [ 1.6247, 11.3936 ], [ 1.6246, 11.3935 ], [ 1.6244, 11.3934 ], [ 1.6242, 11.3934 ], [ 1.624, 11.3934 ], [ 1.6237, 11.3934 ], [ 1.6234, 11.3934 ], [ 1.6232, 11.3935 ], [ 1.623, 11.3935 ], [ 1.6228, 11.3936 ], [ 1.6226, 11.3937 ], [ 1.6225, 11.3938 ], [ 1.6224, 11.3939 ], [ 1.6223, 11.394 ], [ 1.6222, 11.3942 ], [ 1.622, 11.3943 ], [ 1.6218, 11.3944 ], [ 1.6216, 11.3945 ], [ 1.6214, 11.3945 ], [ 1.6212, 11.3946 ], [ 1.621, 11.3948 ], [ 1.6208, 11.3949 ], [ 1.6206, 11.395 ], [ 1.6205, 11.3952 ], [ 1.6203, 11.3953 ], [ 1.6202, 11.3954 ], [ 1.6201, 11.3956 ], [ 1.62, 11.3957 ], [ 1.6198, 11.3958 ], [ 1.6197, 11.3959 ], [ 1.6196, 11.396 ], [ 1.6195, 11.3961 ], [ 1.6193, 11.3962 ], [ 1.6192, 11.3963 ], [ 1.6191, 11.3964 ], [ 1.6191, 11.3965 ], [ 1.619, 11.3967 ], [ 1.6189, 11.3968 ], [ 1.6189, 11.397 ], [ 1.6187, 11.3971 ], [ 1.6186, 11.3973 ], [ 1.6186, 11.3974 ], [ 1.6185, 11.3975 ], [ 1.6183, 11.3976 ], [ 1.6181, 11.3977 ], [ 1.6179, 11.3978 ], [ 1.6178, 11.3978 ], [ 1.6176, 11.3978 ], [ 1.6174, 11.3978 ], [ 1.6172, 11.3978 ], [ 1.617, 11.3978 ], [ 1.6169, 11.3977 ], [ 1.6167, 11.3976 ], [ 1.6165, 11.3976 ], [ 1.6163, 11.3975 ], [ 1.6162, 11.3974 ], [ 1.616, 11.3972 ], [ 1.6159, 11.3971 ], [ 1.6158, 11.3971 ], [ 1.6156, 11.397 ], [ 1.6155, 11.3969 ], [ 1.6154, 11.3968 ], [ 1.6152, 11.3967 ], [ 1.6151, 11.3967 ], [ 1.6148, 11.3966 ], [ 1.6147, 11.3964 ], [ 1.6145, 11.3963 ], [ 1.6143, 11.3962 ], [ 1.6141, 11.3961 ], [ 1.6139, 11.396 ], [ 1.6137, 11.3959 ], [ 1.6136, 11.3958 ], [ 1.6134, 11.3958 ], [ 1.6131, 11.3958 ], [ 1.613, 11.3958 ], [ 1.6128, 11.3958 ], [ 1.6126, 11.3959 ], [ 1.6124, 11.396 ], [ 1.6122, 11.396 ], [ 1.612, 11.3961 ], [ 1.6118, 11.3961 ], [ 1.6116, 11.3962 ], [ 1.6114, 11.3962 ], [ 1.6112, 11.3962 ], [ 1.611, 11.3962 ], [ 1.6108, 11.3962 ], [ 1.6105, 11.3962 ], [ 1.6104, 11.3961 ], [ 1.6102, 11.396 ], [ 1.61, 11.3957 ], [ 1.6098, 11.3956 ], [ 1.6097, 11.3955 ], [ 1.6095, 11.3954 ], [ 1.6094, 11.3953 ], [ 1.6092, 11.3952 ], [ 1.609, 11.3952 ], [ 1.6089, 11.3952 ], [ 1.6087, 11.3952 ], [ 1.6085, 11.3952 ], [ 1.6083, 11.3953 ], [ 1.6081, 11.3953 ], [ 1.6078, 11.3954 ], [ 1.6076, 11.3954 ], [ 1.6075, 11.3955 ], [ 1.6073, 11.3955 ], [ 1.6072, 11.3956 ], [ 1.607, 11.3956 ], [ 1.6069, 11.3956 ], [ 1.6066, 11.3956 ], [ 1.6064, 11.3956 ], [ 1.6062, 11.3957 ], [ 1.6061, 11.3957 ], [ 1.6059, 11.3957 ], [ 1.6058, 11.3957 ], [ 1.6056, 11.3957 ], [ 1.6055, 11.3958 ], [ 1.6054, 11.3958 ], [ 1.6053, 11.3959 ], [ 1.6051, 11.3959 ], [ 1.6049, 11.396 ], [ 1.6048, 11.3961 ], [ 1.6047, 11.3961 ], [ 1.6046, 11.3961 ], [ 1.6045, 11.3962 ], [ 1.6043, 11.3962 ], [ 1.6042, 11.3963 ], [ 1.604, 11.3963 ], [ 1.6038, 11.3963 ], [ 1.6036, 11.3964 ], [ 1.6034, 11.3964 ], [ 1.6032, 11.3965 ], [ 1.6031, 11.3966 ], [ 1.6029, 11.3967 ], [ 1.6028, 11.3968 ], [ 1.6026, 11.3969 ], [ 1.6025, 11.397 ], [ 1.6023, 11.3971 ], [ 1.6022, 11.3972 ], [ 1.6021, 11.3972 ], [ 1.6019, 11.3973 ], [ 1.6018, 11.3974 ], [ 1.6013, 11.3977 ], [ 1.6012, 11.3978 ], [ 1.6011, 11.3979 ], [ 1.6009, 11.3981 ], [ 1.6008, 11.3982 ], [ 1.6007, 11.3983 ], [ 1.6006, 11.3985 ], [ 1.6006, 11.3986 ], [ 1.6005, 11.3987 ], [ 1.6003, 11.3989 ], [ 1.6001, 11.3989 ], [ 1.6, 11.399 ], [ 1.5998, 11.3991 ], [ 1.5997, 11.3992 ], [ 1.5995, 11.3993 ], [ 1.5994, 11.3994 ], [ 1.5992, 11.3995 ], [ 1.5991, 11.3996 ], [ 1.5989, 11.3997 ], [ 1.5987, 11.3998 ], [ 1.5985, 11.4 ], [ 1.5984, 11.4001 ], [ 1.5983, 11.4002 ], [ 1.5981, 11.4004 ], [ 1.598, 11.4005 ], [ 1.5979, 11.4006 ], [ 1.5978, 11.4007 ], [ 1.5977, 11.4009 ], [ 1.5976, 11.4011 ], [ 1.5975, 11.4012 ], [ 1.5974, 11.4014 ], [ 1.5973, 11.4015 ], [ 1.5972, 11.4016 ], [ 1.5971, 11.4018 ], [ 1.5971, 11.4018 ], [ 1.597, 11.4021 ], [ 1.5969, 11.4023 ], [ 1.5968, 11.4024 ], [ 1.5967, 11.4026 ], [ 1.5966, 11.4027 ], [ 1.5964, 11.4028 ], [ 1.5963, 11.4029 ], [ 1.5961, 11.403 ], [ 1.596, 11.4031 ], [ 1.5958, 11.4031 ], [ 1.5956, 11.4031 ], [ 1.5954, 11.4031 ], [ 1.5952, 11.4032 ], [ 1.595, 11.4034 ], [ 1.5949, 11.4035 ], [ 1.5949, 11.4036 ], [ 1.5949, 11.4038 ], [ 1.5948, 11.4039 ], [ 1.5948, 11.4042 ], [ 1.5947, 11.4043 ], [ 1.5947, 11.4045 ], [ 1.5947, 11.4046 ], [ 1.5946, 11.4048 ], [ 1.5946, 11.4049 ], [ 1.5946, 11.4051 ], [ 1.5945, 11.4053 ], [ 1.5945, 11.4055 ], [ 1.5944, 11.4057 ], [ 1.5944, 11.4058 ], [ 1.5944, 11.406 ], [ 1.5944, 11.4062 ], [ 1.5942, 11.4065 ], [ 1.5941, 11.4067 ], [ 1.5941, 11.4069 ], [ 1.594, 11.4071 ], [ 1.594, 11.4072 ], [ 1.5939, 11.4074 ], [ 1.5938, 11.4075 ], [ 1.5938, 11.4077 ], [ 1.5937, 11.4079 ], [ 1.5936, 11.408 ], [ 1.5935, 11.4082 ], [ 1.5934, 11.4084 ], [ 1.5933, 11.4085 ], [ 1.5932, 11.4086 ], [ 1.5931, 11.4087 ], [ 1.593, 11.4088 ], [ 1.5929, 11.409 ], [ 1.5927, 11.4091 ], [ 1.5927, 11.4091 ], [ 1.5925, 11.4092 ], [ 1.5923, 11.4092 ], [ 1.5921, 11.4091 ], [ 1.5919, 11.409 ], [ 1.5917, 11.4089 ], [ 1.5916, 11.4088 ], [ 1.5915, 11.4087 ], [ 1.5914, 11.4085 ], [ 1.5912, 11.4084 ], [ 1.5911, 11.4083 ], [ 1.5909, 11.4082 ], [ 1.5908, 11.4081 ], [ 1.5907, 11.408 ], [ 1.5905, 11.4079 ], [ 1.5903, 11.4078 ], [ 1.5901, 11.4077 ], [ 1.5899, 11.4077 ], [ 1.5897, 11.4077 ], [ 1.5895, 11.4077 ], [ 1.5894, 11.4078 ], [ 1.5892, 11.4078 ], [ 1.5891, 11.4079 ], [ 1.5891, 11.4081 ], [ 1.5891, 11.4083 ], [ 1.5891, 11.4084 ], [ 1.5891, 11.4086 ], [ 1.5891, 11.4088 ], [ 1.5892, 11.4089 ], [ 1.5892, 11.409 ], [ 1.5894, 11.4094 ], [ 1.5894, 11.4095 ], [ 1.5895, 11.4097 ], [ 1.5896, 11.4098 ], [ 1.5897, 11.4099 ], [ 1.5897, 11.4101 ], [ 1.5898, 11.4103 ], [ 1.5899, 11.4104 ], [ 1.5899, 11.4106 ], [ 1.5899, 11.4108 ], [ 1.59, 11.4109 ], [ 1.5901, 11.411 ], [ 1.5901, 11.4112 ], [ 1.5902, 11.4114 ], [ 1.5902, 11.4116 ], [ 1.5904, 11.4118 ], [ 1.5904, 11.4119 ], [ 1.5905, 11.4121 ], [ 1.5905, 11.4123 ], [ 1.5905, 11.4125 ], [ 1.5906, 11.4127 ], [ 1.5906, 11.4128 ], [ 1.5907, 11.413 ], [ 1.5907, 11.4131 ], [ 1.5908, 11.4133 ], [ 1.5908, 11.4134 ], [ 1.5908, 11.4136 ], [ 1.5909, 11.4138 ], [ 1.5909, 11.4139 ], [ 1.5909, 11.4142 ], [ 1.591, 11.4144 ], [ 1.591, 11.4146 ], [ 1.5911, 11.4148 ], [ 1.5911, 11.415 ], [ 1.5911, 11.4151 ], [ 1.5911, 11.4153 ], [ 1.591, 11.4155 ], [ 1.591, 11.4157 ], [ 1.591, 11.4159 ], [ 1.5909, 11.4161 ], [ 1.5909, 11.4163 ], [ 1.5908, 11.4165 ], [ 1.5908, 11.4167 ], [ 1.5908, 11.4169 ], [ 1.5908, 11.4171 ], [ 1.5907, 11.4173 ], [ 1.5906, 11.4176 ], [ 1.5905, 11.4177 ], [ 1.5905, 11.4179 ], [ 1.5905, 11.4181 ], [ 1.5905, 11.4183 ], [ 1.5905, 11.4184 ], [ 1.5906, 11.4186 ], [ 1.5906, 11.4188 ], [ 1.5907, 11.4189 ], [ 1.5907, 11.4191 ], [ 1.5907, 11.4193 ], [ 1.5907, 11.4194 ], [ 1.5905, 11.4195 ], [ 1.5903, 11.4196 ], [ 1.5902, 11.4197 ], [ 1.5902, 11.4199 ], [ 1.59, 11.4201 ], [ 1.59, 11.4202 ], [ 1.59, 11.4204 ], [ 1.5899, 11.4206 ], [ 1.5899, 11.4208 ], [ 1.5899, 11.4212 ], [ 1.5899, 11.4214 ], [ 1.5899, 11.4215 ], [ 1.5899, 11.4217 ], [ 1.5899, 11.4219 ], [ 1.5898, 11.4221 ], [ 1.5898, 11.4224 ], [ 1.5898, 11.4225 ], [ 1.5899, 11.4228 ], [ 1.5899, 11.4229 ], [ 1.59, 11.423 ], [ 1.5902, 11.4231 ], [ 1.5903, 11.4232 ], [ 1.5905, 11.4232 ], [ 1.5907, 11.4231 ], [ 1.5908, 11.423 ], [ 1.5909, 11.4229 ], [ 1.591, 11.4227 ], [ 1.5911, 11.4226 ], [ 1.5912, 11.4224 ], [ 1.5913, 11.4223 ], [ 1.5914, 11.4221 ], [ 1.5915, 11.422 ], [ 1.5917, 11.422 ], [ 1.5918, 11.422 ], [ 1.592, 11.422 ], [ 1.5922, 11.4221 ], [ 1.5924, 11.4221 ], [ 1.5925, 11.4221 ], [ 1.5926, 11.4222 ], [ 1.5928, 11.4223 ], [ 1.593, 11.4223 ], [ 1.5931, 11.4224 ], [ 1.5933, 11.4225 ], [ 1.5933, 11.4227 ], [ 1.5931, 11.4229 ], [ 1.593, 11.423 ], [ 1.5929, 11.4232 ], [ 1.5929, 11.4233 ], [ 1.5928, 11.4236 ], [ 1.5927, 11.4237 ], [ 1.5926, 11.4239 ], [ 1.5924, 11.4241 ], [ 1.5923, 11.4243 ], [ 1.5922, 11.4246 ], [ 1.5921, 11.4247 ], [ 1.5919, 11.4248 ], [ 1.5917, 11.425 ], [ 1.5916, 11.4251 ], [ 1.5915, 11.4252 ], [ 1.5914, 11.4254 ], [ 1.5913, 11.4255 ], [ 1.5912, 11.4257 ], [ 1.5911, 11.4258 ], [ 1.5909, 11.4259 ], [ 1.5908, 11.426 ], [ 1.5907, 11.4261 ], [ 1.5904, 11.4263 ], [ 1.5901, 11.4265 ], [ 1.5899, 11.4266 ], [ 1.5897, 11.4267 ], [ 1.5896, 11.4268 ], [ 1.5894, 11.4269 ], [ 1.5893, 11.4269 ], [ 1.5891, 11.427 ], [ 1.589, 11.4271 ], [ 1.5888, 11.4272 ], [ 1.5886, 11.4273 ], [ 1.5884, 11.4274 ], [ 1.5882, 11.4275 ], [ 1.5881, 11.4276 ], [ 1.5879, 11.4277 ], [ 1.5878, 11.4278 ], [ 1.5877, 11.428 ], [ 1.5876, 11.4281 ], [ 1.5875, 11.4283 ], [ 1.5875, 11.4285 ], [ 1.5876, 11.4286 ], [ 1.5876, 11.4288 ], [ 1.5878, 11.4291 ], [ 1.5878, 11.4293 ], [ 1.5879, 11.4294 ], [ 1.588, 11.4296 ], [ 1.588, 11.4298 ], [ 1.588, 11.43 ], [ 1.588, 11.4302 ], [ 1.588, 11.4304 ], [ 1.5881, 11.4306 ], [ 1.5881, 11.4309 ], [ 1.588, 11.4311 ], [ 1.588, 11.4313 ], [ 1.5879, 11.4315 ], [ 1.5879, 11.4316 ], [ 1.5878, 11.4318 ], [ 1.5877, 11.4319 ], [ 1.5876, 11.432 ], [ 1.5874, 11.4321 ], [ 1.5873, 11.4322 ], [ 1.5871, 11.4323 ], [ 1.5869, 11.4324 ], [ 1.5868, 11.4325 ], [ 1.5866, 11.4325 ], [ 1.5865, 11.4326 ], [ 1.5863, 11.4326 ], [ 1.5861, 11.4327 ], [ 1.5858, 11.433 ], [ 1.5857, 11.4331 ], [ 1.5857, 11.4334 ], [ 1.5857, 11.4336 ], [ 1.5857, 11.4337 ], [ 1.5858, 11.4339 ], [ 1.586, 11.4339 ], [ 1.5861, 11.4339 ], [ 1.5863, 11.4339 ], [ 1.5864, 11.4338 ], [ 1.5867, 11.4338 ], [ 1.5868, 11.4338 ], [ 1.587, 11.4338 ], [ 1.5872, 11.4339 ], [ 1.5873, 11.434 ], [ 1.5874, 11.4341 ], [ 1.5875, 11.4342 ], [ 1.5875, 11.4345 ], [ 1.5875, 11.4346 ], [ 1.5875, 11.4348 ], [ 1.5875, 11.435 ], [ 1.5874, 11.4351 ], [ 1.5873, 11.4353 ], [ 1.5872, 11.4354 ], [ 1.5871, 11.4355 ], [ 1.5871, 11.4356 ], [ 1.587, 11.4357 ], [ 1.5869, 11.4358 ], [ 1.5867, 11.4359 ], [ 1.5865, 11.436 ], [ 1.5863, 11.4362 ], [ 1.5862, 11.4362 ], [ 1.586, 11.4362 ], [ 1.5857, 11.4362 ], [ 1.5856, 11.4363 ], [ 1.5852, 11.4363 ], [ 1.585, 11.4363 ], [ 1.5849, 11.4364 ], [ 1.5847, 11.4364 ], [ 1.5846, 11.4364 ], [ 1.5844, 11.4365 ], [ 1.5842, 11.4366 ], [ 1.584, 11.4367 ], [ 1.5839, 11.4368 ], [ 1.5837, 11.4368 ], [ 1.5834, 11.4369 ], [ 1.5832, 11.4368 ], [ 1.5831, 11.4367 ], [ 1.5829, 11.4366 ], [ 1.5827, 11.4365 ], [ 1.5826, 11.4363 ], [ 1.5825, 11.4362 ], [ 1.5825, 11.4361 ], [ 1.5824, 11.4359 ], [ 1.5824, 11.4357 ], [ 1.5824, 11.4355 ], [ 1.5824, 11.4354 ], [ 1.5824, 11.4352 ], [ 1.5825, 11.4351 ], [ 1.5827, 11.435 ], [ 1.5828, 11.4349 ], [ 1.5829, 11.4348 ], [ 1.583, 11.4346 ], [ 1.583, 11.4345 ], [ 1.5831, 11.4343 ], [ 1.5831, 11.4341 ], [ 1.5832, 11.434 ], [ 1.5832, 11.4338 ], [ 1.5831, 11.4336 ], [ 1.5831, 11.4334 ], [ 1.5831, 11.4333 ], [ 1.5831, 11.4331 ], [ 1.5831, 11.4329 ], [ 1.5831, 11.4328 ], [ 1.583, 11.4326 ], [ 1.583, 11.4325 ], [ 1.5829, 11.4323 ], [ 1.5829, 11.4322 ], [ 1.5827, 11.4319 ], [ 1.5826, 11.4317 ], [ 1.5825, 11.4316 ], [ 1.5824, 11.4314 ], [ 1.5824, 11.4313 ], [ 1.5823, 11.4312 ], [ 1.5822, 11.431 ], [ 1.5821, 11.4308 ], [ 1.582, 11.4306 ], [ 1.582, 11.4304 ], [ 1.5819, 11.4303 ], [ 1.5819, 11.4301 ], [ 1.5818, 11.4299 ], [ 1.5818, 11.4298 ], [ 1.5819, 11.4296 ], [ 1.5819, 11.4294 ], [ 1.5819, 11.4292 ], [ 1.5819, 11.429 ], [ 1.5819, 11.4289 ], [ 1.5819, 11.4287 ], [ 1.5819, 11.4286 ], [ 1.5818, 11.4284 ], [ 1.5817, 11.4283 ], [ 1.5816, 11.4282 ], [ 1.5815, 11.4281 ], [ 1.5813, 11.428 ], [ 1.5811, 11.428 ], [ 1.581, 11.428 ], [ 1.5808, 11.4281 ], [ 1.5807, 11.4283 ], [ 1.5806, 11.4284 ], [ 1.5805, 11.4285 ], [ 1.5804, 11.4287 ], [ 1.5803, 11.4287 ], [ 1.5801, 11.4288 ], [ 1.5799, 11.4289 ], [ 1.5797, 11.4289 ], [ 1.5795, 11.4289 ], [ 1.5793, 11.4289 ], [ 1.5791, 11.4289 ], [ 1.5789, 11.429 ], [ 1.5787, 11.4291 ], [ 1.5785, 11.4292 ], [ 1.5784, 11.4293 ], [ 1.5783, 11.4295 ], [ 1.5783, 11.4296 ], [ 1.5782, 11.4298 ], [ 1.5782, 11.4299 ], [ 1.5782, 11.4301 ], [ 1.5782, 11.4302 ], [ 1.5783, 11.4304 ], [ 1.5784, 11.4305 ], [ 1.5785, 11.4306 ], [ 1.5786, 11.4307 ], [ 1.5788, 11.4308 ], [ 1.5789, 11.4309 ], [ 1.5791, 11.431 ], [ 1.5792, 11.4311 ], [ 1.5793, 11.4312 ], [ 1.5795, 11.4313 ], [ 1.5796, 11.4313 ], [ 1.5798, 11.4314 ], [ 1.58, 11.4316 ], [ 1.58, 11.4317 ], [ 1.58, 11.4319 ], [ 1.58, 11.4321 ], [ 1.58, 11.4322 ], [ 1.58, 11.4324 ], [ 1.5799, 11.4326 ], [ 1.5799, 11.4328 ], [ 1.5799, 11.4329 ], [ 1.5798, 11.4331 ], [ 1.5797, 11.4332 ], [ 1.5796, 11.4333 ], [ 1.5794, 11.4333 ], [ 1.5792, 11.4334 ], [ 1.579, 11.4334 ], [ 1.5789, 11.4334 ], [ 1.5785, 11.4334 ], [ 1.5783, 11.4335 ], [ 1.5782, 11.4336 ], [ 1.5781, 11.4338 ], [ 1.5781, 11.4339 ], [ 1.5781, 11.4341 ], [ 1.5781, 11.4342 ], [ 1.5781, 11.4344 ], [ 1.5782, 11.4346 ], [ 1.5784, 11.4346 ], [ 1.5785, 11.4347 ], [ 1.5787, 11.4347 ], [ 1.5789, 11.4348 ], [ 1.579, 11.4349 ], [ 1.5792, 11.4349 ], [ 1.5793, 11.4351 ], [ 1.5795, 11.4352 ], [ 1.5796, 11.4354 ], [ 1.5798, 11.4356 ], [ 1.5799, 11.4357 ], [ 1.58, 11.4359 ], [ 1.58, 11.4361 ], [ 1.5801, 11.4363 ], [ 1.5802, 11.4365 ], [ 1.5802, 11.4366 ], [ 1.5803, 11.4368 ], [ 1.5804, 11.437 ], [ 1.5804, 11.4372 ], [ 1.5804, 11.4374 ], [ 1.5803, 11.4375 ], [ 1.5802, 11.4376 ], [ 1.58, 11.4376 ], [ 1.5798, 11.4376 ], [ 1.5797, 11.4376 ], [ 1.5795, 11.4377 ], [ 1.5794, 11.4377 ], [ 1.5792, 11.4378 ], [ 1.5791, 11.4379 ], [ 1.5789, 11.4379 ], [ 1.5787, 11.438 ], [ 1.5785, 11.4381 ], [ 1.5783, 11.4382 ], [ 1.5781, 11.4383 ], [ 1.578, 11.4384 ], [ 1.5778, 11.4384 ], [ 1.5777, 11.4385 ], [ 1.5775, 11.4386 ], [ 1.5774, 11.4387 ], [ 1.5773, 11.4389 ], [ 1.5772, 11.439 ], [ 1.5771, 11.4392 ], [ 1.577, 11.4393 ], [ 1.577, 11.4395 ], [ 1.5769, 11.4398 ], [ 1.5769, 11.4399 ], [ 1.577, 11.4401 ], [ 1.577, 11.4402 ], [ 1.5771, 11.4404 ], [ 1.5771, 11.4406 ], [ 1.5772, 11.4407 ], [ 1.5773, 11.4409 ], [ 1.5774, 11.4411 ], [ 1.5775, 11.4412 ], [ 1.5777, 11.4413 ], [ 1.5779, 11.4414 ], [ 1.578, 11.4415 ], [ 1.5782, 11.4416 ], [ 1.5784, 11.4417 ], [ 1.5785, 11.4418 ], [ 1.5787, 11.4418 ], [ 1.5789, 11.4418 ], [ 1.579, 11.4419 ], [ 1.5792, 11.4418 ], [ 1.5794, 11.4418 ], [ 1.5795, 11.4418 ], [ 1.5797, 11.4417 ], [ 1.5798, 11.4415 ], [ 1.58, 11.4414 ], [ 1.5801, 11.4413 ], [ 1.5802, 11.4411 ], [ 1.5804, 11.4411 ], [ 1.5806, 11.4411 ], [ 1.5807, 11.4411 ], [ 1.5809, 11.4412 ], [ 1.581, 11.4413 ], [ 1.581, 11.4414 ], [ 1.5811, 11.4416 ], [ 1.5812, 11.4418 ], [ 1.5812, 11.442 ], [ 1.5812, 11.4422 ], [ 1.5812, 11.4423 ], [ 1.5812, 11.4425 ], [ 1.5813, 11.4427 ], [ 1.5813, 11.4428 ], [ 1.5813, 11.443 ], [ 1.5813, 11.4432 ], [ 1.5813, 11.4433 ], [ 1.5814, 11.4435 ], [ 1.5815, 11.4436 ], [ 1.5817, 11.4437 ], [ 1.5819, 11.4437 ], [ 1.5821, 11.4437 ], [ 1.5822, 11.4438 ], [ 1.5823, 11.4439 ], [ 1.5824, 11.4441 ], [ 1.5824, 11.4442 ], [ 1.5825, 11.4444 ], [ 1.5825, 11.4445 ], [ 1.5825, 11.4446 ], [ 1.5824, 11.4448 ], [ 1.5823, 11.4449 ], [ 1.5822, 11.445 ], [ 1.5821, 11.4451 ], [ 1.5819, 11.4451 ], [ 1.5817, 11.4451 ], [ 1.5815, 11.4451 ], [ 1.5814, 11.4451 ], [ 1.5812, 11.4451 ], [ 1.581, 11.4452 ], [ 1.581, 11.4453 ], [ 1.581, 11.4455 ], [ 1.5811, 11.4456 ], [ 1.5813, 11.4457 ], [ 1.5814, 11.4458 ], [ 1.5816, 11.4458 ], [ 1.5818, 11.4459 ], [ 1.582, 11.446 ], [ 1.5822, 11.4461 ], [ 1.5823, 11.4462 ], [ 1.5825, 11.4462 ], [ 1.5828, 11.4464 ], [ 1.5829, 11.4464 ], [ 1.583, 11.4465 ], [ 1.5831, 11.4466 ], [ 1.5833, 11.4468 ], [ 1.5834, 11.4469 ], [ 1.5835, 11.447 ], [ 1.5836, 11.4472 ], [ 1.5837, 11.4473 ], [ 1.5837, 11.4475 ], [ 1.5836, 11.4477 ], [ 1.5836, 11.4478 ], [ 1.5835, 11.4479 ], [ 1.5834, 11.4481 ], [ 1.5833, 11.4482 ], [ 1.5831, 11.4482 ], [ 1.583, 11.4483 ], [ 1.5828, 11.4484 ], [ 1.5826, 11.4484 ], [ 1.5825, 11.4485 ], [ 1.5823, 11.4487 ], [ 1.5822, 11.4488 ], [ 1.5821, 11.449 ], [ 1.582, 11.4491 ], [ 1.5819, 11.4493 ], [ 1.5818, 11.4494 ], [ 1.5817, 11.4496 ], [ 1.5816, 11.4498 ], [ 1.5816, 11.4499 ], [ 1.5815, 11.45 ], [ 1.5815, 11.4501 ], [ 1.5814, 11.4502 ], [ 1.5813, 11.4503 ], [ 1.5811, 11.4505 ], [ 1.581, 11.4506 ], [ 1.5809, 11.4507 ], [ 1.5807, 11.4509 ], [ 1.5806, 11.4511 ], [ 1.5805, 11.4513 ], [ 1.5804, 11.4514 ], [ 1.5803, 11.4515 ], [ 1.5801, 11.4517 ], [ 1.58, 11.4519 ], [ 1.58, 11.4521 ], [ 1.5799, 11.4523 ], [ 1.5799, 11.4524 ], [ 1.5799, 11.4526 ], [ 1.5798, 11.4527 ], [ 1.5797, 11.4529 ], [ 1.5797, 11.4531 ], [ 1.5794, 11.4532 ], [ 1.5793, 11.4533 ], [ 1.5791, 11.4534 ], [ 1.5789, 11.4535 ], [ 1.5788, 11.4536 ], [ 1.5786, 11.4536 ], [ 1.5785, 11.4537 ], [ 1.5783, 11.4538 ], [ 1.5782, 11.4538 ], [ 1.578, 11.4539 ], [ 1.5778, 11.4539 ], [ 1.5776, 11.4539 ], [ 1.5774, 11.4538 ], [ 1.5772, 11.4538 ], [ 1.5771, 11.4538 ], [ 1.5769, 11.4538 ], [ 1.5767, 11.4539 ], [ 1.5765, 11.4539 ], [ 1.5764, 11.4539 ], [ 1.5762, 11.4539 ], [ 1.5761, 11.4539 ], [ 1.5759, 11.4539 ], [ 1.5757, 11.4539 ], [ 1.5755, 11.4539 ], [ 1.5754, 11.4538 ], [ 1.5753, 11.4536 ], [ 1.5752, 11.4535 ], [ 1.5751, 11.4534 ], [ 1.575, 11.4533 ], [ 1.5749, 11.4531 ], [ 1.5748, 11.453 ], [ 1.5746, 11.4528 ], [ 1.5745, 11.4527 ], [ 1.5744, 11.4526 ], [ 1.5743, 11.4525 ], [ 1.5742, 11.4523 ], [ 1.5741, 11.4522 ], [ 1.5739, 11.4521 ], [ 1.5738, 11.452 ], [ 1.5736, 11.4519 ], [ 1.5735, 11.4518 ], [ 1.5734, 11.4517 ], [ 1.5732, 11.4516 ], [ 1.5731, 11.4514 ], [ 1.5731, 11.4512 ], [ 1.5731, 11.4511 ], [ 1.5731, 11.4509 ], [ 1.5731, 11.4507 ], [ 1.5732, 11.4506 ], [ 1.5732, 11.4504 ], [ 1.5732, 11.4502 ], [ 1.5731, 11.4501 ], [ 1.5731, 11.4499 ], [ 1.5731, 11.4498 ], [ 1.5731, 11.4496 ], [ 1.573, 11.4494 ], [ 1.573, 11.4493 ], [ 1.573, 11.4491 ], [ 1.573, 11.4489 ], [ 1.573, 11.4488 ], [ 1.573, 11.4486 ], [ 1.573, 11.4484 ], [ 1.573, 11.4483 ], [ 1.5729, 11.4481 ], [ 1.5729, 11.4479 ], [ 1.5728, 11.4478 ], [ 1.5727, 11.4476 ], [ 1.5726, 11.4475 ], [ 1.5725, 11.4475 ], [ 1.5723, 11.4474 ], [ 1.5722, 11.4473 ], [ 1.572, 11.4473 ], [ 1.5719, 11.4474 ], [ 1.5717, 11.4475 ], [ 1.5716, 11.4476 ], [ 1.5716, 11.4478 ], [ 1.5715, 11.4479 ], [ 1.5714, 11.448 ], [ 1.5712, 11.448 ], [ 1.5709, 11.4481 ], [ 1.5708, 11.4482 ], [ 1.5706, 11.4483 ], [ 1.5705, 11.4484 ], [ 1.5703, 11.4484 ], [ 1.5702, 11.4485 ], [ 1.57, 11.4486 ], [ 1.5699, 11.4487 ], [ 1.5699, 11.4488 ], [ 1.5699, 11.4489 ], [ 1.5697, 11.449 ], [ 1.5696, 11.4491 ], [ 1.5694, 11.4492 ], [ 1.5692, 11.4493 ], [ 1.5691, 11.4494 ], [ 1.569, 11.4495 ], [ 1.569, 11.4497 ], [ 1.569, 11.4499 ], [ 1.5689, 11.45 ], [ 1.5689, 11.4502 ], [ 1.5688, 11.4504 ], [ 1.5687, 11.4505 ], [ 1.5686, 11.4507 ], [ 1.5686, 11.4509 ], [ 1.5686, 11.451 ], [ 1.5686, 11.4512 ], [ 1.5685, 11.4513 ], [ 1.5684, 11.4515 ], [ 1.5684, 11.4517 ], [ 1.5684, 11.4519 ], [ 1.5683, 11.4521 ], [ 1.5682, 11.4522 ], [ 1.5682, 11.4524 ], [ 1.5682, 11.4525 ], [ 1.5681, 11.4528 ], [ 1.5681, 11.453 ], [ 1.568, 11.4531 ], [ 1.5679, 11.4533 ], [ 1.5679, 11.4534 ], [ 1.5678, 11.4536 ], [ 1.5677, 11.4538 ], [ 1.5676, 11.4539 ], [ 1.5676, 11.4541 ], [ 1.5675, 11.4541 ], [ 1.5674, 11.4545 ], [ 1.5673, 11.4545 ], [ 1.5671, 11.4545 ], [ 1.567, 11.4545 ], [ 1.5667, 11.4545 ], [ 1.5665, 11.4545 ], [ 1.5663, 11.4546 ], [ 1.5662, 11.4547 ], [ 1.5661, 11.4548 ], [ 1.566, 11.4549 ], [ 1.5659, 11.4551 ], [ 1.5658, 11.4552 ], [ 1.5658, 11.4554 ], [ 1.5656, 11.4556 ], [ 1.5655, 11.4558 ], [ 1.5654, 11.456 ], [ 1.5653, 11.4561 ], [ 1.5653, 11.4563 ], [ 1.5653, 11.4564 ], [ 1.5653, 11.4566 ], [ 1.5653, 11.4568 ], [ 1.5654, 11.4569 ], [ 1.5655, 11.4571 ], [ 1.5656, 11.4573 ], [ 1.5657, 11.4575 ], [ 1.5658, 11.4576 ], [ 1.566, 11.4577 ], [ 1.5661, 11.4578 ], [ 1.5663, 11.4579 ], [ 1.5664, 11.4579 ], [ 1.5667, 11.458 ], [ 1.5668, 11.458 ], [ 1.567, 11.458 ], [ 1.5671, 11.4581 ], [ 1.5673, 11.4581 ], [ 1.5675, 11.4582 ], [ 1.5676, 11.4582 ], [ 1.5678, 11.4582 ], [ 1.568, 11.4582 ], [ 1.5681, 11.4582 ], [ 1.5683, 11.4582 ], [ 1.5684, 11.4581 ], [ 1.5685, 11.458 ], [ 1.5686, 11.4578 ], [ 1.5687, 11.4576 ], [ 1.5687, 11.4574 ], [ 1.5688, 11.4573 ], [ 1.5688, 11.4572 ], [ 1.5689, 11.4571 ], [ 1.5688, 11.4569 ], [ 1.5687, 11.4567 ], [ 1.5686, 11.4566 ], [ 1.5684, 11.4565 ], [ 1.5683, 11.4564 ], [ 1.5681, 11.4563 ], [ 1.5681, 11.4561 ], [ 1.5681, 11.456 ], [ 1.5682, 11.4558 ], [ 1.5683, 11.4557 ], [ 1.5683, 11.4555 ], [ 1.5684, 11.4553 ], [ 1.5685, 11.4552 ], [ 1.5686, 11.4551 ], [ 1.5688, 11.4549 ], [ 1.5689, 11.4549 ], [ 1.5692, 11.4548 ], [ 1.5693, 11.4548 ], [ 1.5695, 11.4548 ], [ 1.5696, 11.4548 ], [ 1.5698, 11.4549 ], [ 1.5699, 11.455 ], [ 1.57, 11.4551 ], [ 1.57, 11.4553 ], [ 1.5701, 11.4554 ], [ 1.5702, 11.4556 ], [ 1.5702, 11.4557 ], [ 1.5702, 11.456 ], [ 1.5701, 11.4562 ], [ 1.5701, 11.4563 ], [ 1.5702, 11.4568 ], [ 1.5701, 11.4569 ], [ 1.57, 11.457 ], [ 1.5698, 11.4571 ], [ 1.5697, 11.4572 ], [ 1.5695, 11.4573 ], [ 1.5695, 11.4574 ], [ 1.5695, 11.4576 ], [ 1.5695, 11.4578 ], [ 1.5695, 11.458 ], [ 1.5695, 11.4582 ], [ 1.5695, 11.4584 ], [ 1.5695, 11.4586 ], [ 1.5696, 11.4587 ], [ 1.5696, 11.4589 ], [ 1.5697, 11.459 ], [ 1.5699, 11.4591 ], [ 1.57, 11.4592 ], [ 1.5702, 11.4592 ], [ 1.5703, 11.4593 ], [ 1.5705, 11.4593 ], [ 1.5707, 11.4593 ], [ 1.5708, 11.4593 ], [ 1.571, 11.4592 ], [ 1.5712, 11.4592 ], [ 1.5714, 11.4592 ], [ 1.5716, 11.4592 ], [ 1.5717, 11.4591 ], [ 1.5719, 11.4591 ], [ 1.572, 11.4591 ], [ 1.5721, 11.4591 ], [ 1.5722, 11.4591 ], [ 1.5724, 11.4592 ], [ 1.5725, 11.4593 ], [ 1.5725, 11.4595 ], [ 1.5725, 11.4596 ], [ 1.5724, 11.4598 ], [ 1.5724, 11.4599 ], [ 1.5723, 11.4601 ], [ 1.5722, 11.4602 ], [ 1.5721, 11.4604 ], [ 1.5719, 11.4605 ], [ 1.5719, 11.4607 ], [ 1.5717, 11.4608 ], [ 1.5716, 11.461 ], [ 1.5714, 11.4612 ], [ 1.5712, 11.4613 ], [ 1.5711, 11.4613 ], [ 1.571, 11.4614 ], [ 1.5707, 11.4615 ], [ 1.5707, 11.4617 ], [ 1.5706, 11.4619 ], [ 1.5705, 11.462 ], [ 1.5704, 11.4622 ], [ 1.5703, 11.4623 ], [ 1.5703, 11.4625 ], [ 1.5703, 11.4627 ], [ 1.5703, 11.4628 ], [ 1.5703, 11.463 ], [ 1.5703, 11.4631 ], [ 1.5703, 11.4634 ], [ 1.5702, 11.4636 ], [ 1.5702, 11.4638 ], [ 1.5702, 11.4639 ], [ 1.5702, 11.4641 ], [ 1.5702, 11.4643 ], [ 1.5701, 11.4644 ], [ 1.5699, 11.4645 ], [ 1.5698, 11.4646 ], [ 1.5696, 11.4647 ], [ 1.5695, 11.4647 ], [ 1.5693, 11.4649 ], [ 1.5692, 11.4651 ], [ 1.5691, 11.4652 ], [ 1.569, 11.4653 ], [ 1.5688, 11.4654 ], [ 1.5687, 11.4655 ], [ 1.5685, 11.4655 ], [ 1.5684, 11.4655 ], [ 1.5682, 11.4654 ], [ 1.5681, 11.4653 ], [ 1.5679, 11.4652 ], [ 1.5678, 11.4652 ], [ 1.5677, 11.4651 ], [ 1.5675, 11.465 ], [ 1.5674, 11.4649 ], [ 1.5672, 11.4649 ], [ 1.5671, 11.4649 ], [ 1.5669, 11.465 ], [ 1.5667, 11.465 ], [ 1.5666, 11.4651 ], [ 1.5665, 11.4652 ], [ 1.5664, 11.4653 ], [ 1.5662, 11.4654 ], [ 1.5662, 11.4655 ], [ 1.566, 11.4658 ], [ 1.566, 11.466 ], [ 1.566, 11.4661 ], [ 1.5661, 11.4664 ], [ 1.5662, 11.4665 ], [ 1.5663, 11.4666 ], [ 1.5664, 11.4667 ], [ 1.5666, 11.4668 ], [ 1.5668, 11.4669 ], [ 1.5669, 11.4669 ], [ 1.5671, 11.4671 ], [ 1.5672, 11.4672 ], [ 1.5672, 11.4674 ], [ 1.5672, 11.4676 ], [ 1.5671, 11.4677 ], [ 1.5671, 11.4678 ], [ 1.567, 11.468 ], [ 1.5668, 11.4682 ], [ 1.5666, 11.4682 ], [ 1.5665, 11.4683 ], [ 1.5663, 11.4684 ], [ 1.5662, 11.4685 ], [ 1.566, 11.4686 ], [ 1.5658, 11.4687 ], [ 1.5656, 11.4688 ], [ 1.5655, 11.4689 ], [ 1.5654, 11.469 ], [ 1.5652, 11.4691 ], [ 1.565, 11.4691 ], [ 1.5647, 11.4691 ], [ 1.5645, 11.469 ], [ 1.5643, 11.4689 ], [ 1.5642, 11.4688 ], [ 1.5641, 11.4687 ], [ 1.564, 11.4686 ], [ 1.5638, 11.4684 ], [ 1.5637, 11.4683 ], [ 1.5635, 11.4683 ], [ 1.5633, 11.4682 ], [ 1.5632, 11.4682 ], [ 1.5629, 11.4682 ], [ 1.5627, 11.4683 ], [ 1.5625, 11.4683 ], [ 1.5623, 11.4683 ], [ 1.562, 11.4684 ], [ 1.5617, 11.4685 ], [ 1.5616, 11.4685 ], [ 1.5616, 11.4685 ], [ 1.5614, 11.4685 ], [ 1.5612, 11.4686 ], [ 1.561, 11.4686 ], [ 1.5608, 11.4687 ], [ 1.5606, 11.4688 ], [ 1.5604, 11.4688 ], [ 1.5602, 11.4689 ], [ 1.5601, 11.469 ], [ 1.5599, 11.4692 ], [ 1.5598, 11.4693 ], [ 1.5596, 11.4694 ], [ 1.5595, 11.4696 ], [ 1.5594, 11.4698 ], [ 1.5594, 11.47 ], [ 1.5594, 11.4701 ], [ 1.5594, 11.4703 ], [ 1.5594, 11.4705 ], [ 1.5593, 11.4707 ], [ 1.5593, 11.4709 ], [ 1.5592, 11.4712 ], [ 1.5592, 11.4714 ], [ 1.5591, 11.4716 ], [ 1.559, 11.4718 ], [ 1.5589, 11.4721 ], [ 1.5588, 11.4723 ], [ 1.5588, 11.4725 ], [ 1.5587, 11.4726 ], [ 1.5586, 11.4728 ], [ 1.5586, 11.4729 ], [ 1.5585, 11.4731 ], [ 1.5584, 11.4732 ], [ 1.5583, 11.4733 ], [ 1.5583, 11.4734 ], [ 1.5582, 11.4735 ], [ 1.5581, 11.4737 ], [ 1.558, 11.4738 ], [ 1.5577, 11.4741 ], [ 1.5575, 11.4741 ], [ 1.5574, 11.4742 ], [ 1.5573, 11.4742 ], [ 1.5572, 11.4742 ], [ 1.557, 11.4742 ], [ 1.5568, 11.4742 ], [ 1.5566, 11.4741 ], [ 1.5565, 11.4741 ], [ 1.5562, 11.4741 ], [ 1.556, 11.4741 ], [ 1.5559, 11.4741 ], [ 1.5556, 11.4742 ], [ 1.5554, 11.4742 ], [ 1.5552, 11.4742 ], [ 1.555, 11.4743 ], [ 1.5549, 11.4744 ], [ 1.5547, 11.4745 ], [ 1.5544, 11.4746 ], [ 1.5541, 11.4747 ], [ 1.554, 11.4748 ], [ 1.5538, 11.4749 ], [ 1.5537, 11.4751 ], [ 1.5537, 11.4752 ], [ 1.5537, 11.4754 ], [ 1.5537, 11.4755 ], [ 1.5538, 11.4757 ], [ 1.5539, 11.4758 ], [ 1.554, 11.4759 ], [ 1.5542, 11.476 ], [ 1.5543, 11.4761 ], [ 1.5545, 11.4762 ], [ 1.5546, 11.4764 ], [ 1.5547, 11.4765 ], [ 1.5547, 11.4767 ], [ 1.5548, 11.4769 ], [ 1.5548, 11.4771 ], [ 1.5547, 11.4773 ], [ 1.5546, 11.4774 ], [ 1.5545, 11.4776 ], [ 1.5544, 11.4777 ], [ 1.5543, 11.4778 ], [ 1.5541, 11.4779 ], [ 1.554, 11.478 ], [ 1.5539, 11.4781 ], [ 1.5537, 11.4782 ], [ 1.5536, 11.4782 ], [ 1.5535, 11.4783 ], [ 1.5533, 11.4783 ], [ 1.5531, 11.4783 ], [ 1.5528, 11.4783 ], [ 1.5525, 11.4783 ], [ 1.5523, 11.4783 ], [ 1.5521, 11.4783 ], [ 1.5519, 11.4782 ], [ 1.5517, 11.4781 ], [ 1.5515, 11.4781 ], [ 1.5513, 11.4781 ], [ 1.5512, 11.4782 ], [ 1.551, 11.4783 ], [ 1.5508, 11.4783 ], [ 1.5505, 11.4783 ], [ 1.5504, 11.4783 ], [ 1.5502, 11.4783 ], [ 1.5501, 11.4782 ], [ 1.5498, 11.478 ], [ 1.5497, 11.4779 ], [ 1.5495, 11.4779 ], [ 1.5494, 11.4778 ], [ 1.5492, 11.4778 ], [ 1.5491, 11.4778 ], [ 1.5488, 11.4777 ], [ 1.5487, 11.4776 ], [ 1.5486, 11.4775 ], [ 1.5484, 11.4774 ], [ 1.5483, 11.4773 ], [ 1.5482, 11.4772 ], [ 1.5482, 11.4771 ], [ 1.5483, 11.4769 ], [ 1.5484, 11.4767 ], [ 1.5485, 11.4767 ], [ 1.5487, 11.4766 ], [ 1.5488, 11.4765 ], [ 1.5489, 11.4764 ], [ 1.549, 11.4762 ], [ 1.5491, 11.4761 ], [ 1.5491, 11.4759 ], [ 1.5492, 11.4757 ], [ 1.5492, 11.4755 ], [ 1.5493, 11.4753 ], [ 1.5494, 11.4751 ], [ 1.5495, 11.4748 ], [ 1.5496, 11.4746 ], [ 1.5497, 11.4745 ], [ 1.5499, 11.4744 ], [ 1.5499, 11.4743 ], [ 1.55, 11.4743 ], [ 1.5501, 11.4742 ], [ 1.5502, 11.474 ], [ 1.5503, 11.4739 ], [ 1.5503, 11.4737 ], [ 1.5504, 11.4736 ], [ 1.5505, 11.4734 ], [ 1.5506, 11.4733 ], [ 1.5508, 11.4733 ], [ 1.551, 11.4734 ], [ 1.5511, 11.4734 ], [ 1.5513, 11.4734 ], [ 1.5515, 11.4734 ], [ 1.5517, 11.4733 ], [ 1.5518, 11.4732 ], [ 1.5519, 11.4731 ], [ 1.552, 11.473 ], [ 1.5521, 11.4728 ], [ 1.5523, 11.4727 ], [ 1.5524, 11.4727 ], [ 1.5526, 11.4727 ], [ 1.5528, 11.4727 ], [ 1.5529, 11.4727 ], [ 1.5531, 11.4726 ], [ 1.5532, 11.4725 ], [ 1.5532, 11.4723 ], [ 1.5532, 11.4721 ], [ 1.5532, 11.472 ], [ 1.5532, 11.4718 ], [ 1.553, 11.4717 ], [ 1.5529, 11.4716 ], [ 1.5528, 11.4715 ], [ 1.5526, 11.4713 ], [ 1.5525, 11.4712 ], [ 1.5524, 11.471 ], [ 1.5524, 11.4709 ], [ 1.5523, 11.4709 ], [ 1.5522, 11.4705 ], [ 1.5521, 11.4703 ], [ 1.552, 11.4701 ], [ 1.5518, 11.47 ], [ 1.5517, 11.47 ], [ 1.5515, 11.4699 ], [ 1.5513, 11.4699 ], [ 1.5511, 11.4698 ], [ 1.5509, 11.4698 ], [ 1.5508, 11.4699 ], [ 1.5506, 11.4699 ], [ 1.5504, 11.47 ], [ 1.5503, 11.4701 ], [ 1.5502, 11.4703 ], [ 1.55, 11.4703 ], [ 1.5499, 11.4704 ], [ 1.5497, 11.4706 ], [ 1.5496, 11.4706 ], [ 1.5494, 11.4708 ], [ 1.5492, 11.471 ], [ 1.5491, 11.4711 ], [ 1.5491, 11.4711 ], [ 1.5489, 11.4713 ], [ 1.5488, 11.4714 ], [ 1.5487, 11.4715 ], [ 1.5486, 11.4716 ], [ 1.5485, 11.4717 ], [ 1.5484, 11.4719 ], [ 1.5484, 11.472 ], [ 1.5483, 11.4722 ], [ 1.5482, 11.4723 ], [ 1.548, 11.4724 ], [ 1.5478, 11.4724 ], [ 1.5477, 11.4723 ], [ 1.5476, 11.4722 ], [ 1.5475, 11.472 ], [ 1.5475, 11.4719 ], [ 1.5474, 11.4718 ], [ 1.5474, 11.4716 ], [ 1.5473, 11.4715 ], [ 1.5473, 11.4713 ], [ 1.5473, 11.4712 ], [ 1.5473, 11.471 ], [ 1.5473, 11.4709 ], [ 1.5473, 11.4707 ], [ 1.5474, 11.4705 ], [ 1.5475, 11.4703 ], [ 1.5475, 11.4702 ], [ 1.5476, 11.4699 ], [ 1.5477, 11.4698 ], [ 1.5476, 11.4696 ], [ 1.5476, 11.4695 ], [ 1.5477, 11.4693 ], [ 1.5477, 11.4692 ], [ 1.5477, 11.469 ], [ 1.5477, 11.4688 ], [ 1.5478, 11.4684 ], [ 1.5479, 11.4683 ], [ 1.548, 11.4682 ], [ 1.5481, 11.468 ], [ 1.5482, 11.4679 ], [ 1.5483, 11.4678 ], [ 1.5485, 11.4678 ], [ 1.5486, 11.4678 ], [ 1.5488, 11.4677 ], [ 1.549, 11.4677 ], [ 1.549, 11.4675 ], [ 1.5491, 11.4674 ], [ 1.5491, 11.4672 ], [ 1.5492, 11.4671 ], [ 1.5492, 11.4669 ], [ 1.5492, 11.4667 ], [ 1.5492, 11.4666 ], [ 1.5492, 11.4664 ], [ 1.5491, 11.4662 ], [ 1.549, 11.466 ], [ 1.5489, 11.4659 ], [ 1.5488, 11.4658 ], [ 1.5486, 11.4658 ], [ 1.5484, 11.4657 ], [ 1.5482, 11.4656 ], [ 1.548, 11.4655 ], [ 1.5478, 11.4654 ], [ 1.5477, 11.4653 ], [ 1.5475, 11.4653 ], [ 1.5472, 11.4652 ], [ 1.547, 11.4652 ], [ 1.5468, 11.4652 ], [ 1.5467, 11.4652 ], [ 1.5464, 11.4652 ], [ 1.5462, 11.4651 ], [ 1.546, 11.4651 ], [ 1.5458, 11.4651 ], [ 1.5456, 11.465 ], [ 1.5455, 11.465 ], [ 1.5453, 11.4648 ], [ 1.5452, 11.4647 ], [ 1.5452, 11.4645 ], [ 1.5452, 11.4643 ], [ 1.5453, 11.4642 ], [ 1.5454, 11.4641 ], [ 1.5456, 11.464 ], [ 1.5457, 11.4639 ], [ 1.5459, 11.4638 ], [ 1.546, 11.4637 ], [ 1.5462, 11.4635 ], [ 1.5462, 11.4634 ], [ 1.5464, 11.4632 ], [ 1.5465, 11.4631 ], [ 1.5466, 11.463 ], [ 1.5468, 11.4629 ], [ 1.547, 11.4628 ], [ 1.5471, 11.4627 ], [ 1.5473, 11.4626 ], [ 1.5474, 11.4625 ], [ 1.5476, 11.4623 ], [ 1.5477, 11.4622 ], [ 1.5478, 11.4621 ], [ 1.5481, 11.4617 ], [ 1.5482, 11.4617 ], [ 1.5482, 11.4616 ], [ 1.5483, 11.4615 ], [ 1.5485, 11.4614 ], [ 1.5486, 11.4612 ], [ 1.5487, 11.461 ], [ 1.5487, 11.4609 ], [ 1.5488, 11.4608 ], [ 1.5488, 11.4606 ], [ 1.5488, 11.4605 ], [ 1.5488, 11.4603 ], [ 1.5487, 11.4601 ], [ 1.5486, 11.46 ], [ 1.5484, 11.46 ], [ 1.5483, 11.46 ], [ 1.5481, 11.4601 ], [ 1.548, 11.4602 ], [ 1.5479, 11.4603 ], [ 1.5477, 11.4603 ], [ 1.5475, 11.4603 ], [ 1.5474, 11.4604 ], [ 1.5472, 11.4604 ], [ 1.547, 11.4604 ], [ 1.5469, 11.4604 ], [ 1.5467, 11.4604 ], [ 1.5465, 11.4604 ], [ 1.5464, 11.4604 ], [ 1.5463, 11.4604 ], [ 1.5462, 11.4603 ], [ 1.5461, 11.4602 ], [ 1.5459, 11.4601 ], [ 1.5458, 11.46 ], [ 1.5457, 11.4599 ], [ 1.5455, 11.4598 ], [ 1.5454, 11.4597 ], [ 1.5452, 11.4596 ], [ 1.5451, 11.4595 ], [ 1.5449, 11.4594 ], [ 1.5447, 11.4593 ], [ 1.5446, 11.4592 ], [ 1.5445, 11.4592 ], [ 1.5443, 11.4591 ], [ 1.5441, 11.459 ], [ 1.544, 11.4589 ], [ 1.5438, 11.4588 ], [ 1.5436, 11.4586 ], [ 1.5435, 11.4585 ], [ 1.5434, 11.4584 ], [ 1.5433, 11.4583 ], [ 1.5432, 11.4583 ], [ 1.543, 11.4582 ], [ 1.5429, 11.4581 ], [ 1.5428, 11.458 ], [ 1.5427, 11.4578 ], [ 1.5426, 11.4577 ], [ 1.5425, 11.4577 ], [ 1.5423, 11.4577 ], [ 1.5422, 11.4577 ], [ 1.542, 11.4579 ], [ 1.5419, 11.458 ], [ 1.5419, 11.4581 ], [ 1.5419, 11.4583 ], [ 1.5419, 11.4585 ], [ 1.5419, 11.4586 ], [ 1.542, 11.4588 ], [ 1.542, 11.4591 ], [ 1.542, 11.4593 ], [ 1.542, 11.4594 ], [ 1.5419, 11.4597 ], [ 1.5417, 11.4597 ], [ 1.5415, 11.4598 ], [ 1.5413, 11.4598 ], [ 1.5412, 11.4599 ], [ 1.5409, 11.4599 ], [ 1.5408, 11.4599 ], [ 1.5406, 11.4598 ], [ 1.5404, 11.4598 ], [ 1.5402, 11.4597 ], [ 1.54, 11.4596 ], [ 1.5399, 11.4596 ], [ 1.5397, 11.4595 ], [ 1.5396, 11.4594 ], [ 1.5394, 11.4593 ], [ 1.5393, 11.4592 ], [ 1.5392, 11.4591 ], [ 1.5391, 11.4589 ], [ 1.5391, 11.4588 ], [ 1.5392, 11.4586 ], [ 1.5393, 11.4584 ], [ 1.5394, 11.4583 ], [ 1.5395, 11.4582 ], [ 1.5396, 11.4581 ], [ 1.5398, 11.4579 ], [ 1.5399, 11.4577 ], [ 1.54, 11.4576 ], [ 1.5401, 11.4575 ], [ 1.5402, 11.4574 ], [ 1.5403, 11.4573 ], [ 1.5405, 11.4571 ], [ 1.5407, 11.4571 ], [ 1.5408, 11.457 ], [ 1.5409, 11.4568 ], [ 1.5411, 11.4567 ], [ 1.5412, 11.4566 ], [ 1.5413, 11.4564 ], [ 1.5414, 11.4563 ], [ 1.5415, 11.4561 ], [ 1.5416, 11.456 ], [ 1.5416, 11.4558 ], [ 1.5416, 11.4556 ], [ 1.5416, 11.4555 ], [ 1.5415, 11.4553 ], [ 1.5414, 11.4552 ], [ 1.5413, 11.4551 ], [ 1.5413, 11.4549 ], [ 1.5411, 11.4548 ], [ 1.541, 11.4546 ], [ 1.5409, 11.4545 ], [ 1.5408, 11.4544 ], [ 1.5406, 11.4542 ], [ 1.5405, 11.4541 ], [ 1.5403, 11.454 ], [ 1.5401, 11.4538 ], [ 1.54, 11.4538 ], [ 1.5398, 11.4538 ], [ 1.5396, 11.4538 ], [ 1.5395, 11.4538 ], [ 1.5393, 11.4539 ], [ 1.5392, 11.454 ], [ 1.5391, 11.4541 ], [ 1.539, 11.4542 ], [ 1.5388, 11.4544 ], [ 1.5388, 11.4545 ], [ 1.5387, 11.4546 ], [ 1.5386, 11.4548 ], [ 1.5385, 11.4549 ], [ 1.5382, 11.4552 ], [ 1.5381, 11.4553 ], [ 1.538, 11.4554 ], [ 1.5379, 11.4556 ], [ 1.5378, 11.4557 ], [ 1.5376, 11.4558 ], [ 1.5375, 11.4558 ], [ 1.5374, 11.4559 ], [ 1.5372, 11.4559 ], [ 1.537, 11.4559 ], [ 1.5369, 11.4559 ], [ 1.5367, 11.4558 ], [ 1.5366, 11.4556 ], [ 1.5365, 11.4555 ], [ 1.5365, 11.4552 ], [ 1.5365, 11.4551 ], [ 1.5365, 11.4549 ], [ 1.5366, 11.4548 ], [ 1.5366, 11.4546 ], [ 1.5367, 11.4544 ], [ 1.5367, 11.4543 ], [ 1.5367, 11.4541 ], [ 1.5367, 11.4539 ], [ 1.5366, 11.4538 ], [ 1.5366, 11.4536 ], [ 1.5365, 11.4534 ], [ 1.5364, 11.4533 ], [ 1.5363, 11.4532 ], [ 1.5361, 11.4531 ], [ 1.536, 11.4531 ], [ 1.5357, 11.4531 ], [ 1.5356, 11.4531 ], [ 1.5354, 11.4531 ], [ 1.5352, 11.4531 ], [ 1.535, 11.4531 ], [ 1.5348, 11.4532 ], [ 1.5347, 11.4533 ], [ 1.5345, 11.4534 ], [ 1.5343, 11.4534 ], [ 1.5342, 11.4535 ], [ 1.534, 11.4536 ], [ 1.5338, 11.4537 ], [ 1.5337, 11.4538 ], [ 1.5336, 11.4539 ], [ 1.5334, 11.454 ], [ 1.5333, 11.4542 ], [ 1.5332, 11.4543 ], [ 1.5331, 11.4546 ], [ 1.533, 11.4547 ], [ 1.5329, 11.4548 ], [ 1.5328, 11.455 ], [ 1.5327, 11.4552 ], [ 1.5326, 11.4553 ], [ 1.5325, 11.4555 ], [ 1.5323, 11.4556 ], [ 1.5322, 11.4557 ], [ 1.5321, 11.4558 ], [ 1.5319, 11.4559 ], [ 1.5318, 11.456 ], [ 1.5317, 11.4561 ], [ 1.5315, 11.4561 ], [ 1.5314, 11.4561 ], [ 1.5311, 11.4561 ], [ 1.531, 11.4561 ], [ 1.5308, 11.456 ], [ 1.5307, 11.4558 ], [ 1.5306, 11.4557 ], [ 1.5306, 11.4555 ], [ 1.5306, 11.4553 ], [ 1.5305, 11.4551 ], [ 1.5305, 11.455 ], [ 1.5305, 11.4548 ], [ 1.5305, 11.4547 ], [ 1.5305, 11.4545 ], [ 1.5305, 11.4544 ], [ 1.5304, 11.4542 ], [ 1.5305, 11.454 ], [ 1.5305, 11.4539 ], [ 1.5306, 11.4537 ], [ 1.5306, 11.4535 ], [ 1.5306, 11.4534 ], [ 1.5307, 11.4532 ], [ 1.5308, 11.4531 ], [ 1.5309, 11.4529 ], [ 1.5309, 11.4528 ], [ 1.531, 11.4527 ], [ 1.5312, 11.4525 ], [ 1.5313, 11.4524 ], [ 1.5313, 11.4522 ], [ 1.5314, 11.452 ], [ 1.5314, 11.4518 ], [ 1.5314, 11.4516 ], [ 1.5313, 11.4515 ], [ 1.5312, 11.4514 ], [ 1.5311, 11.4512 ], [ 1.531, 11.4511 ], [ 1.5308, 11.4511 ], [ 1.5306, 11.4511 ], [ 1.5305, 11.4512 ], [ 1.5303, 11.4513 ], [ 1.5302, 11.4514 ], [ 1.53, 11.4515 ], [ 1.5298, 11.4516 ], [ 1.5297, 11.4517 ], [ 1.5297, 11.4519 ], [ 1.5295, 11.4521 ], [ 1.5294, 11.4523 ], [ 1.5294, 11.4524 ], [ 1.5293, 11.4526 ], [ 1.5293, 11.4527 ], [ 1.5293, 11.4528 ], [ 1.5292, 11.4529 ], [ 1.529, 11.453 ], [ 1.5289, 11.4532 ], [ 1.5288, 11.4534 ], [ 1.5286, 11.4535 ], [ 1.5285, 11.4536 ], [ 1.5283, 11.4538 ], [ 1.5282, 11.4539 ], [ 1.528, 11.4539 ], [ 1.5279, 11.454 ], [ 1.5277, 11.454 ], [ 1.5276, 11.4541 ], [ 1.5275, 11.4542 ], [ 1.5274, 11.4544 ], [ 1.5274, 11.4545 ], [ 1.5273, 11.4547 ], [ 1.5273, 11.4549 ], [ 1.5273, 11.4551 ], [ 1.5274, 11.4552 ], [ 1.5274, 11.4554 ], [ 1.5275, 11.4556 ], [ 1.5275, 11.4557 ], [ 1.5275, 11.4559 ], [ 1.5275, 11.4561 ], [ 1.5275, 11.4563 ], [ 1.5275, 11.4564 ], [ 1.5274, 11.4567 ], [ 1.5274, 11.4568 ], [ 1.5272, 11.457 ], [ 1.5271, 11.4571 ], [ 1.5271, 11.4571 ], [ 1.5269, 11.4573 ], [ 1.5267, 11.4573 ], [ 1.5265, 11.4572 ], [ 1.5264, 11.4572 ], [ 1.5263, 11.4572 ], [ 1.5261, 11.4571 ], [ 1.5259, 11.457 ], [ 1.5257, 11.4569 ], [ 1.5256, 11.4568 ], [ 1.5255, 11.4567 ], [ 1.5254, 11.4566 ], [ 1.5252, 11.4565 ], [ 1.5252, 11.4563 ], [ 1.5251, 11.4562 ], [ 1.525, 11.4561 ], [ 1.5248, 11.456 ], [ 1.5247, 11.456 ], [ 1.5245, 11.456 ], [ 1.5243, 11.4561 ], [ 1.5243, 11.4562 ], [ 1.5243, 11.4564 ], [ 1.5243, 11.4566 ], [ 1.5243, 11.4568 ], [ 1.5242, 11.4569 ], [ 1.5241, 11.4571 ], [ 1.524, 11.4573 ], [ 1.5239, 11.4575 ], [ 1.5239, 11.4576 ], [ 1.5239, 11.4578 ], [ 1.5239, 11.458 ], [ 1.5239, 11.4581 ], [ 1.5238, 11.4583 ], [ 1.5238, 11.4584 ], [ 1.5237, 11.4585 ], [ 1.5237, 11.4586 ], [ 1.5235, 11.4586 ], [ 1.5233, 11.4586 ], [ 1.5231, 11.4586 ], [ 1.523, 11.4586 ], [ 1.5228, 11.4585 ], [ 1.5227, 11.4584 ], [ 1.5225, 11.4584 ], [ 1.5224, 11.4584 ], [ 1.5222, 11.4585 ], [ 1.522, 11.4585 ], [ 1.5218, 11.4585 ], [ 1.5217, 11.4585 ], [ 1.5215, 11.4586 ], [ 1.5213, 11.4586 ], [ 1.5211, 11.4586 ], [ 1.521, 11.4586 ], [ 1.5209, 11.4585 ], [ 1.5207, 11.4584 ], [ 1.5205, 11.4584 ], [ 1.5203, 11.4584 ], [ 1.5201, 11.4584 ], [ 1.52, 11.4585 ], [ 1.5198, 11.4586 ], [ 1.5197, 11.4587 ], [ 1.5195, 11.4587 ], [ 1.5193, 11.4585 ], [ 1.5191, 11.4585 ], [ 1.519, 11.4586 ], [ 1.5189, 11.4587 ], [ 1.5188, 11.4588 ], [ 1.5187, 11.4589 ], [ 1.5186, 11.4591 ], [ 1.5186, 11.4593 ], [ 1.5186, 11.4595 ], [ 1.5185, 11.4597 ], [ 1.5183, 11.4598 ], [ 1.5182, 11.4599 ], [ 1.518, 11.46 ], [ 1.5179, 11.4601 ], [ 1.5178, 11.4602 ], [ 1.5177, 11.4604 ], [ 1.5177, 11.4605 ], [ 1.5176, 11.4606 ], [ 1.5175, 11.4607 ], [ 1.5174, 11.4609 ], [ 1.5173, 11.461 ], [ 1.5171, 11.4611 ], [ 1.517, 11.4612 ], [ 1.5168, 11.4613 ], [ 1.5167, 11.4614 ], [ 1.5165, 11.4615 ], [ 1.5164, 11.4616 ], [ 1.5162, 11.4617 ], [ 1.516, 11.4618 ], [ 1.5158, 11.4617 ], [ 1.5156, 11.4616 ], [ 1.5155, 11.4615 ], [ 1.5154, 11.4614 ], [ 1.5153, 11.4612 ], [ 1.5152, 11.4611 ], [ 1.5151, 11.461 ], [ 1.5149, 11.4608 ], [ 1.5148, 11.4607 ], [ 1.5147, 11.4606 ], [ 1.5145, 11.4605 ], [ 1.5144, 11.4604 ], [ 1.5143, 11.4602 ], [ 1.5141, 11.4601 ], [ 1.514, 11.46 ], [ 1.5139, 11.4598 ], [ 1.5138, 11.4597 ], [ 1.5136, 11.4596 ], [ 1.5135, 11.4595 ], [ 1.5134, 11.4594 ], [ 1.5132, 11.4594 ], [ 1.5131, 11.4594 ], [ 1.5129, 11.4594 ], [ 1.5128, 11.4594 ], [ 1.5126, 11.4595 ], [ 1.5125, 11.4596 ], [ 1.5124, 11.4597 ], [ 1.5124, 11.4598 ], [ 1.5123, 11.4599 ], [ 1.5123, 11.46 ], [ 1.5123, 11.4602 ], [ 1.5122, 11.4604 ], [ 1.5121, 11.4607 ], [ 1.512, 11.4608 ], [ 1.5119, 11.461 ], [ 1.5119, 11.4611 ], [ 1.5118, 11.4613 ], [ 1.5117, 11.4614 ], [ 1.5115, 11.4615 ], [ 1.5114, 11.4616 ], [ 1.5112, 11.4616 ], [ 1.511, 11.4616 ], [ 1.511, 11.4615 ], [ 1.5109, 11.4614 ], [ 1.5108, 11.4612 ], [ 1.5108, 11.461 ], [ 1.5108, 11.4609 ], [ 1.5108, 11.4607 ], [ 1.5109, 11.4605 ], [ 1.511, 11.4603 ], [ 1.511, 11.4602 ], [ 1.5111, 11.46 ], [ 1.511, 11.4599 ], [ 1.5109, 11.4598 ], [ 1.5108, 11.4597 ], [ 1.5107, 11.4595 ], [ 1.5105, 11.4595 ], [ 1.5103, 11.4595 ], [ 1.5101, 11.4595 ], [ 1.51, 11.4595 ], [ 1.5098, 11.4596 ], [ 1.5096, 11.4596 ], [ 1.5095, 11.4597 ], [ 1.5091, 11.4598 ], [ 1.509, 11.4599 ], [ 1.5089, 11.46 ], [ 1.5088, 11.4602 ], [ 1.5086, 11.4602 ], [ 1.5084, 11.4603 ], [ 1.5082, 11.4604 ], [ 1.5081, 11.4605 ], [ 1.5079, 11.4606 ], [ 1.5078, 11.4607 ], [ 1.5078, 11.4609 ], [ 1.5078, 11.4611 ], [ 1.5079, 11.4612 ], [ 1.5079, 11.4615 ], [ 1.5079, 11.4616 ], [ 1.5079, 11.4618 ], [ 1.5079, 11.462 ], [ 1.5078, 11.4621 ], [ 1.5076, 11.4623 ], [ 1.5075, 11.4624 ], [ 1.5074, 11.4625 ], [ 1.5073, 11.4627 ], [ 1.5072, 11.4628 ], [ 1.5071, 11.463 ], [ 1.5071, 11.4631 ], [ 1.5072, 11.4633 ], [ 1.5073, 11.4634 ], [ 1.5074, 11.4636 ], [ 1.5075, 11.4637 ], [ 1.5076, 11.4638 ], [ 1.5077, 11.464 ], [ 1.5078, 11.4641 ], [ 1.5079, 11.4643 ], [ 1.5079, 11.4645 ], [ 1.508, 11.4646 ], [ 1.5079, 11.4648 ], [ 1.5078, 11.4649 ], [ 1.5076, 11.465 ], [ 1.5075, 11.465 ], [ 1.5073, 11.4651 ], [ 1.5071, 11.4651 ], [ 1.5069, 11.4652 ], [ 1.5068, 11.4653 ], [ 1.5066, 11.4654 ], [ 1.5064, 11.4654 ], [ 1.5063, 11.4653 ], [ 1.5062, 11.4652 ], [ 1.5061, 11.4651 ], [ 1.5061, 11.4649 ], [ 1.5061, 11.4647 ], [ 1.506, 11.4646 ], [ 1.506, 11.4645 ], [ 1.506, 11.4644 ], [ 1.506, 11.4643 ], [ 1.506, 11.4641 ], [ 1.5061, 11.464 ], [ 1.5061, 11.4638 ], [ 1.5061, 11.4636 ], [ 1.5061, 11.4635 ], [ 1.5061, 11.4633 ], [ 1.506, 11.4632 ], [ 1.506, 11.463 ], [ 1.506, 11.4628 ], [ 1.506, 11.4626 ], [ 1.506, 11.4625 ], [ 1.506, 11.4623 ], [ 1.506, 11.4622 ], [ 1.506, 11.462 ], [ 1.506, 11.4619 ], [ 1.506, 11.4617 ], [ 1.506, 11.4615 ], [ 1.506, 11.4613 ], [ 1.506, 11.4606 ], [ 1.506, 11.4605 ], [ 1.506, 11.4603 ], [ 1.5059, 11.4601 ], [ 1.506, 11.46 ], [ 1.506, 11.4597 ], [ 1.5061, 11.4596 ], [ 1.5062, 11.4594 ], [ 1.5063, 11.4593 ], [ 1.5064, 11.4591 ], [ 1.5064, 11.459 ], [ 1.5064, 11.4588 ], [ 1.5065, 11.4587 ], [ 1.5065, 11.4585 ], [ 1.5065, 11.4584 ], [ 1.5064, 11.4582 ], [ 1.5064, 11.4581 ], [ 1.5063, 11.4579 ], [ 1.5062, 11.4578 ], [ 1.506, 11.4577 ], [ 1.5059, 11.4576 ], [ 1.5057, 11.4575 ], [ 1.5055, 11.4574 ], [ 1.5054, 11.4573 ], [ 1.5052, 11.4573 ], [ 1.505, 11.4573 ], [ 1.5049, 11.4574 ], [ 1.5049, 11.4576 ], [ 1.5048, 11.4577 ], [ 1.5048, 11.4579 ], [ 1.5048, 11.458 ], [ 1.5047, 11.4582 ], [ 1.5046, 11.4584 ], [ 1.5045, 11.4585 ], [ 1.5043, 11.4586 ], [ 1.5041, 11.4586 ], [ 1.5039, 11.4586 ], [ 1.5038, 11.4586 ], [ 1.5037, 11.4586 ], [ 1.5036, 11.4586 ], [ 1.5034, 11.4586 ], [ 1.5032, 11.4587 ], [ 1.503, 11.4587 ], [ 1.5028, 11.4587 ], [ 1.5026, 11.4588 ], [ 1.5025, 11.459 ], [ 1.5024, 11.4591 ], [ 1.5022, 11.4591 ], [ 1.502, 11.4592 ], [ 1.5018, 11.4593 ], [ 1.5016, 11.4594 ], [ 1.5014, 11.4594 ], [ 1.5013, 11.4595 ], [ 1.5011, 11.4595 ], [ 1.5009, 11.4596 ], [ 1.5007, 11.4597 ], [ 1.5007, 11.4598 ], [ 1.5006, 11.46 ], [ 1.5006, 11.4603 ], [ 1.5005, 11.4604 ], [ 1.5004, 11.4605 ], [ 1.5003, 11.4606 ], [ 1.5001, 11.4607 ], [ 1.5, 11.4609 ], [ 1.4999, 11.461 ], [ 1.4997, 11.4611 ], [ 1.4995, 11.4612 ], [ 1.4995, 11.4614 ], [ 1.4995, 11.4615 ], [ 1.4995, 11.4617 ], [ 1.4995, 11.4619 ], [ 1.4996, 11.462 ], [ 1.4997, 11.4621 ], [ 1.4998, 11.4622 ], [ 1.4999, 11.4624 ], [ 1.4999, 11.4625 ], [ 1.4999, 11.4626 ], [ 1.4999, 11.4629 ], [ 1.5, 11.4631 ], [ 1.4999, 11.4632 ], [ 1.4999, 11.4634 ], [ 1.4998, 11.4639 ], [ 1.4998, 11.464 ], [ 1.4999, 11.4641 ], [ 1.5, 11.4642 ], [ 1.5002, 11.4644 ], [ 1.5003, 11.4645 ], [ 1.5004, 11.4647 ], [ 1.5005, 11.4649 ], [ 1.5006, 11.4651 ], [ 1.5007, 11.4653 ], [ 1.5008, 11.4656 ], [ 1.5009, 11.4657 ], [ 1.5009, 11.4659 ], [ 1.5009, 11.4662 ], [ 1.501, 11.4664 ], [ 1.5011, 11.4666 ], [ 1.5012, 11.4668 ], [ 1.5015, 11.4669 ], [ 1.5017, 11.4669 ], [ 1.5018, 11.4669 ], [ 1.502, 11.4668 ], [ 1.5021, 11.4667 ], [ 1.5023, 11.4667 ], [ 1.5024, 11.4666 ], [ 1.5026, 11.4665 ], [ 1.5028, 11.4665 ], [ 1.503, 11.4666 ], [ 1.5032, 11.4666 ], [ 1.5033, 11.4666 ], [ 1.5035, 11.4666 ], [ 1.5037, 11.4668 ], [ 1.5038, 11.4669 ], [ 1.5038, 11.4671 ], [ 1.5037, 11.4673 ], [ 1.5037, 11.4675 ], [ 1.5036, 11.4676 ], [ 1.5034, 11.4677 ], [ 1.5033, 11.4678 ], [ 1.5031, 11.4679 ], [ 1.5029, 11.4679 ], [ 1.5028, 11.4679 ], [ 1.5026, 11.4679 ], [ 1.5025, 11.468 ], [ 1.5022, 11.468 ], [ 1.5021, 11.468 ], [ 1.502, 11.468 ], [ 1.5018, 11.4679 ], [ 1.5017, 11.4678 ], [ 1.5016, 11.4677 ], [ 1.5015, 11.4676 ], [ 1.5013, 11.4675 ], [ 1.5011, 11.4674 ], [ 1.5009, 11.4674 ], [ 1.5008, 11.4674 ], [ 1.5006, 11.4675 ], [ 1.5006, 11.4676 ], [ 1.5006, 11.4678 ], [ 1.5006, 11.4679 ], [ 1.5006, 11.4681 ], [ 1.5006, 11.4683 ], [ 1.5007, 11.4685 ], [ 1.5008, 11.4686 ], [ 1.5008, 11.4688 ], [ 1.5008, 11.469 ], [ 1.5008, 11.4692 ], [ 1.5008, 11.4694 ], [ 1.5008, 11.4696 ], [ 1.5008, 11.4698 ], [ 1.5008, 11.4701 ], [ 1.5008, 11.4703 ], [ 1.5007, 11.4704 ], [ 1.5007, 11.4707 ], [ 1.5007, 11.4709 ], [ 1.5007, 11.471 ], [ 1.5007, 11.4711 ], [ 1.5007, 11.4712 ], [ 1.5006, 11.4713 ], [ 1.5006, 11.4714 ], [ 1.5005, 11.4716 ], [ 1.5005, 11.4718 ], [ 1.5006, 11.472 ], [ 1.5006, 11.4722 ], [ 1.5008, 11.4723 ], [ 1.5009, 11.4723 ], [ 1.5011, 11.4723 ], [ 1.5012, 11.4723 ], [ 1.5014, 11.4723 ], [ 1.5015, 11.4722 ], [ 1.5017, 11.4722 ], [ 1.5018, 11.4721 ], [ 1.502, 11.472 ], [ 1.5021, 11.4719 ], [ 1.5021, 11.4718 ], [ 1.5021, 11.4717 ], [ 1.5022, 11.4716 ], [ 1.5022, 11.4713 ], [ 1.5023, 11.4712 ], [ 1.5023, 11.4711 ], [ 1.5024, 11.4709 ], [ 1.5025, 11.4707 ], [ 1.5026, 11.4705 ], [ 1.5027, 11.4704 ], [ 1.5029, 11.4703 ], [ 1.5031, 11.4703 ], [ 1.5033, 11.4703 ], [ 1.5034, 11.4703 ], [ 1.5036, 11.4703 ], [ 1.5037, 11.4703 ], [ 1.5039, 11.4704 ], [ 1.504, 11.4704 ], [ 1.5042, 11.4706 ], [ 1.5042, 11.4706 ], [ 1.5044, 11.4708 ], [ 1.5043, 11.471 ], [ 1.5042, 11.4711 ], [ 1.5041, 11.4713 ], [ 1.504, 11.4715 ], [ 1.5039, 11.4716 ], [ 1.5038, 11.4717 ], [ 1.5038, 11.4717 ], [ 1.5037, 11.4719 ], [ 1.5036, 11.4721 ], [ 1.5036, 11.4722 ], [ 1.5037, 11.4724 ], [ 1.5037, 11.4725 ], [ 1.5038, 11.4727 ], [ 1.504, 11.4728 ], [ 1.5042, 11.4728 ], [ 1.5043, 11.4729 ], [ 1.5045, 11.473 ], [ 1.5046, 11.473 ], [ 1.5047, 11.4731 ], [ 1.5049, 11.4731 ], [ 1.505, 11.4731 ], [ 1.5052, 11.4731 ], [ 1.5053, 11.473 ], [ 1.5054, 11.4729 ], [ 1.5055, 11.4727 ], [ 1.5056, 11.4726 ], [ 1.5058, 11.4726 ], [ 1.5059, 11.4726 ], [ 1.5061, 11.4726 ], [ 1.5062, 11.4726 ], [ 1.5063, 11.4727 ], [ 1.5064, 11.4729 ], [ 1.5064, 11.4731 ], [ 1.5063, 11.4732 ], [ 1.5062, 11.4733 ], [ 1.506, 11.4735 ], [ 1.506, 11.4736 ], [ 1.5059, 11.4737 ], [ 1.5058, 11.4739 ], [ 1.5058, 11.4741 ], [ 1.5058, 11.4744 ], [ 1.5057, 11.4746 ], [ 1.5057, 11.4747 ], [ 1.5056, 11.4749 ], [ 1.5056, 11.475 ], [ 1.5056, 11.4752 ], [ 1.5056, 11.4754 ], [ 1.5057, 11.4755 ], [ 1.5058, 11.4757 ], [ 1.5058, 11.4759 ], [ 1.5058, 11.4761 ], [ 1.5058, 11.4762 ], [ 1.5058, 11.4764 ], [ 1.5057, 11.4765 ], [ 1.5057, 11.4767 ], [ 1.5056, 11.4769 ], [ 1.5056, 11.477 ], [ 1.5056, 11.4772 ], [ 1.5057, 11.4772 ], [ 1.5059, 11.4772 ], [ 1.506, 11.4771 ], [ 1.506, 11.4769 ], [ 1.506, 11.4767 ], [ 1.5061, 11.4766 ], [ 1.5063, 11.4765 ], [ 1.5064, 11.4764 ], [ 1.5065, 11.4763 ], [ 1.5067, 11.4763 ], [ 1.5068, 11.4764 ], [ 1.5068, 11.4764 ], [ 1.5069, 11.4765 ], [ 1.507, 11.4767 ], [ 1.507, 11.4768 ], [ 1.5071, 11.477 ], [ 1.5071, 11.4772 ], [ 1.507, 11.4773 ], [ 1.5069, 11.4775 ], [ 1.5069, 11.4776 ], [ 1.5068, 11.4778 ], [ 1.5067, 11.4779 ], [ 1.5067, 11.4781 ], [ 1.5065, 11.4783 ], [ 1.5065, 11.4785 ], [ 1.5063, 11.4786 ], [ 1.5062, 11.4786 ], [ 1.506, 11.4786 ], [ 1.5058, 11.4786 ], [ 1.5057, 11.4785 ], [ 1.5056, 11.4784 ], [ 1.5055, 11.4783 ], [ 1.5054, 11.4782 ], [ 1.5052, 11.4781 ], [ 1.5051, 11.478 ], [ 1.5049, 11.4779 ], [ 1.5048, 11.4778 ], [ 1.5046, 11.4778 ], [ 1.5045, 11.4777 ], [ 1.5043, 11.4776 ], [ 1.5042, 11.4775 ], [ 1.504, 11.4774 ], [ 1.5039, 11.4773 ], [ 1.5038, 11.4771 ], [ 1.5036, 11.4769 ], [ 1.5035, 11.4768 ], [ 1.5033, 11.4767 ], [ 1.5032, 11.4766 ], [ 1.5031, 11.4765 ], [ 1.503, 11.4764 ], [ 1.5028, 11.4763 ], [ 1.5026, 11.4763 ], [ 1.5024, 11.4763 ], [ 1.5023, 11.4764 ], [ 1.5022, 11.4765 ], [ 1.502, 11.4766 ], [ 1.5019, 11.4766 ], [ 1.5017, 11.4766 ], [ 1.5016, 11.4765 ], [ 1.5014, 11.4764 ], [ 1.5013, 11.4763 ], [ 1.5013, 11.4761 ], [ 1.5013, 11.4759 ], [ 1.5014, 11.4758 ], [ 1.5015, 11.4757 ], [ 1.5016, 11.4756 ], [ 1.5017, 11.4755 ], [ 1.5019, 11.4754 ], [ 1.5021, 11.4753 ], [ 1.5022, 11.4753 ], [ 1.5024, 11.4752 ], [ 1.5025, 11.475 ], [ 1.5025, 11.4748 ], [ 1.5025, 11.4747 ], [ 1.5023, 11.4746 ], [ 1.5022, 11.4745 ], [ 1.502, 11.4744 ], [ 1.5018, 11.4743 ], [ 1.5016, 11.4744 ], [ 1.5015, 11.4745 ], [ 1.5013, 11.4745 ], [ 1.5012, 11.4747 ], [ 1.5011, 11.4749 ], [ 1.5011, 11.475 ], [ 1.5011, 11.4752 ], [ 1.5011, 11.4753 ], [ 1.5011, 11.4755 ], [ 1.5011, 11.4757 ], [ 1.5011, 11.4759 ], [ 1.501, 11.4761 ], [ 1.5009, 11.4762 ], [ 1.5008, 11.4765 ], [ 1.5007, 11.4766 ], [ 1.5005, 11.4767 ], [ 1.5004, 11.4768 ], [ 1.5002, 11.4769 ], [ 1.5, 11.4768 ], [ 1.4999, 11.4768 ], [ 1.4998, 11.4767 ], [ 1.4997, 11.4765 ], [ 1.4997, 11.4764 ], [ 1.4997, 11.4762 ], [ 1.4997, 11.4761 ], [ 1.4997, 11.476 ], [ 1.4997, 11.4759 ], [ 1.4997, 11.4757 ], [ 1.4997, 11.4755 ], [ 1.4996, 11.4754 ], [ 1.4995, 11.4753 ], [ 1.4993, 11.4753 ], [ 1.4991, 11.4753 ], [ 1.4989, 11.4754 ], [ 1.4988, 11.4756 ], [ 1.4986, 11.4757 ], [ 1.4985, 11.4758 ], [ 1.4983, 11.4758 ], [ 1.4981, 11.4759 ], [ 1.4979, 11.4759 ], [ 1.4978, 11.4759 ], [ 1.4976, 11.4758 ], [ 1.4975, 11.4757 ], [ 1.4975, 11.4756 ], [ 1.4975, 11.4754 ], [ 1.4975, 11.4753 ], [ 1.4976, 11.4751 ], [ 1.4976, 11.4749 ], [ 1.4976, 11.4748 ], [ 1.4977, 11.4746 ], [ 1.4977, 11.4744 ], [ 1.4977, 11.4743 ], [ 1.4977, 11.4741 ], [ 1.4977, 11.474 ], [ 1.4976, 11.4738 ], [ 1.4975, 11.4738 ], [ 1.4973, 11.4738 ], [ 1.4971, 11.4739 ], [ 1.497, 11.474 ], [ 1.4969, 11.4741 ], [ 1.4967, 11.4742 ], [ 1.4966, 11.4743 ], [ 1.4964, 11.4744 ], [ 1.4962, 11.4745 ], [ 1.4961, 11.4746 ], [ 1.4959, 11.4745 ], [ 1.4957, 11.4745 ], [ 1.4956, 11.4744 ], [ 1.4956, 11.4742 ], [ 1.4955, 11.4741 ], [ 1.4955, 11.4739 ], [ 1.4954, 11.4738 ], [ 1.4954, 11.4736 ], [ 1.4953, 11.4734 ], [ 1.4953, 11.4732 ], [ 1.4952, 11.4731 ], [ 1.4951, 11.473 ], [ 1.495, 11.4728 ], [ 1.4949, 11.4727 ], [ 1.4948, 11.4725 ], [ 1.4948, 11.4723 ], [ 1.4947, 11.4722 ], [ 1.4947, 11.472 ], [ 1.4947, 11.4719 ], [ 1.4947, 11.4717 ], [ 1.4947, 11.4716 ], [ 1.4947, 11.4714 ], [ 1.4948, 11.4712 ], [ 1.4948, 11.4711 ], [ 1.4949, 11.4709 ], [ 1.4949, 11.4705 ], [ 1.4949, 11.4703 ], [ 1.4949, 11.4701 ], [ 1.495, 11.47 ], [ 1.495, 11.4698 ], [ 1.495, 11.4697 ], [ 1.495, 11.4695 ], [ 1.495, 11.4694 ], [ 1.495, 11.4692 ], [ 1.495, 11.469 ], [ 1.4951, 11.4689 ], [ 1.4951, 11.4687 ], [ 1.4951, 11.4686 ], [ 1.4951, 11.4684 ], [ 1.4951, 11.4682 ], [ 1.4951, 11.4681 ], [ 1.4951, 11.4679 ], [ 1.4951, 11.4678 ], [ 1.4951, 11.4676 ], [ 1.4951, 11.4674 ], [ 1.4952, 11.4673 ], [ 1.4952, 11.4671 ], [ 1.4951, 11.4669 ], [ 1.4951, 11.4668 ], [ 1.4951, 11.4666 ], [ 1.4951, 11.4665 ], [ 1.495, 11.4663 ], [ 1.4949, 11.4661 ], [ 1.4949, 11.4659 ], [ 1.4949, 11.4658 ], [ 1.4949, 11.4656 ], [ 1.4949, 11.4655 ], [ 1.4949, 11.4653 ], [ 1.4949, 11.4651 ], [ 1.4948, 11.465 ], [ 1.4948, 11.4648 ], [ 1.4947, 11.4646 ], [ 1.4947, 11.4644 ], [ 1.4946, 11.4642 ], [ 1.4946, 11.4641 ], [ 1.4945, 11.4637 ], [ 1.4945, 11.4636 ], [ 1.4945, 11.4631 ], [ 1.4945, 11.4629 ], [ 1.4945, 11.4628 ], [ 1.4944, 11.4626 ], [ 1.4943, 11.4625 ], [ 1.4943, 11.4623 ], [ 1.4943, 11.4622 ], [ 1.4942, 11.462 ], [ 1.4942, 11.4618 ], [ 1.4942, 11.4616 ], [ 1.4941, 11.4614 ], [ 1.494, 11.4612 ], [ 1.494, 11.4611 ], [ 1.494, 11.4609 ], [ 1.494, 11.4608 ], [ 1.494, 11.4606 ], [ 1.4939, 11.4605 ], [ 1.4938, 11.4603 ], [ 1.4938, 11.4602 ], [ 1.4937, 11.46 ], [ 1.4937, 11.4599 ], [ 1.4937, 11.4597 ], [ 1.4936, 11.4595 ], [ 1.4936, 11.4594 ], [ 1.4935, 11.4592 ], [ 1.4934, 11.459 ], [ 1.4933, 11.4589 ], [ 1.4932, 11.4588 ], [ 1.4931, 11.4586 ], [ 1.493, 11.4585 ], [ 1.4929, 11.4582 ], [ 1.4929, 11.4581 ], [ 1.4928, 11.458 ], [ 1.4927, 11.4578 ], [ 1.4927, 11.4576 ], [ 1.4926, 11.4575 ], [ 1.4925, 11.4573 ], [ 1.4924, 11.4571 ], [ 1.4923, 11.457 ], [ 1.4922, 11.4569 ], [ 1.4921, 11.4567 ], [ 1.492, 11.4565 ], [ 1.4919, 11.4564 ], [ 1.4918, 11.4562 ], [ 1.4917, 11.4561 ], [ 1.4915, 11.456 ], [ 1.4914, 11.4559 ], [ 1.4912, 11.4558 ], [ 1.4911, 11.4556 ], [ 1.4909, 11.4555 ], [ 1.4907, 11.4554 ], [ 1.4906, 11.4553 ], [ 1.4904, 11.4552 ], [ 1.4903, 11.4551 ], [ 1.4901, 11.4551 ], [ 1.49, 11.455 ], [ 1.4898, 11.455 ], [ 1.4897, 11.455 ], [ 1.4895, 11.455 ], [ 1.4893, 11.455 ], [ 1.4891, 11.455 ], [ 1.489, 11.455 ], [ 1.4888, 11.4551 ], [ 1.4887, 11.4553 ], [ 1.4887, 11.4554 ], [ 1.4886, 11.4556 ], [ 1.4885, 11.4557 ], [ 1.4884, 11.4558 ], [ 1.4883, 11.4559 ], [ 1.4882, 11.4561 ], [ 1.488, 11.4561 ], [ 1.4877, 11.4561 ], [ 1.4876, 11.4561 ], [ 1.4873, 11.4559 ], [ 1.4872, 11.4559 ], [ 1.487, 11.4558 ], [ 1.4868, 11.4556 ], [ 1.4867, 11.4556 ], [ 1.4866, 11.4555 ], [ 1.4864, 11.4553 ], [ 1.4864, 11.4552 ], [ 1.4863, 11.455 ], [ 1.4862, 11.4549 ], [ 1.4861, 11.4548 ], [ 1.486, 11.4546 ], [ 1.4859, 11.4545 ], [ 1.4858, 11.4543 ], [ 1.4858, 11.4542 ], [ 1.4858, 11.454 ], [ 1.4857, 11.4539 ], [ 1.4856, 11.4537 ], [ 1.4855, 11.4536 ], [ 1.4853, 11.4535 ], [ 1.4851, 11.4534 ], [ 1.485, 11.4534 ], [ 1.4849, 11.4534 ], [ 1.4847, 11.4534 ], [ 1.4846, 11.4534 ], [ 1.4844, 11.4534 ], [ 1.4843, 11.4535 ], [ 1.4841, 11.4536 ], [ 1.484, 11.4538 ], [ 1.4838, 11.4539 ], [ 1.4837, 11.4541 ], [ 1.4836, 11.4541 ], [ 1.4835, 11.4542 ], [ 1.4834, 11.4543 ], [ 1.4832, 11.4546 ], [ 1.4831, 11.4548 ], [ 1.483, 11.4549 ], [ 1.4829, 11.4549 ], [ 1.4828, 11.455 ], [ 1.4826, 11.4551 ], [ 1.4824, 11.4552 ], [ 1.4822, 11.4553 ], [ 1.4821, 11.4553 ], [ 1.4819, 11.4554 ], [ 1.4818, 11.4555 ], [ 1.4816, 11.4556 ], [ 1.4815, 11.4556 ], [ 1.4813, 11.4558 ], [ 1.4813, 11.4559 ], [ 1.4813, 11.4561 ], [ 1.4813, 11.4562 ], [ 1.4815, 11.4563 ], [ 1.4816, 11.4565 ], [ 1.4818, 11.4565 ], [ 1.482, 11.4566 ], [ 1.4821, 11.4566 ], [ 1.4823, 11.4566 ], [ 1.4824, 11.4567 ], [ 1.4824, 11.4568 ], [ 1.4825, 11.457 ], [ 1.4825, 11.4572 ], [ 1.4825, 11.4574 ], [ 1.4825, 11.4575 ], [ 1.4825, 11.4577 ], [ 1.4825, 11.4579 ], [ 1.4827, 11.4582 ], [ 1.4829, 11.4582 ], [ 1.4829, 11.4584 ], [ 1.4831, 11.4585 ], [ 1.4832, 11.4586 ], [ 1.4833, 11.4587 ], [ 1.4833, 11.4589 ], [ 1.4834, 11.459 ], [ 1.4836, 11.4592 ], [ 1.4837, 11.4593 ], [ 1.4838, 11.4595 ], [ 1.4838, 11.4596 ], [ 1.4839, 11.4598 ], [ 1.4839, 11.46 ], [ 1.4839, 11.4601 ], [ 1.4838, 11.4603 ], [ 1.4838, 11.4604 ], [ 1.4838, 11.4606 ], [ 1.4837, 11.4607 ], [ 1.4836, 11.4609 ], [ 1.4835, 11.461 ], [ 1.4835, 11.461 ], [ 1.4833, 11.4611 ], [ 1.4831, 11.4612 ], [ 1.483, 11.4613 ], [ 1.4828, 11.4614 ], [ 1.4827, 11.4615 ], [ 1.4826, 11.4616 ], [ 1.4825, 11.4617 ], [ 1.4824, 11.4619 ], [ 1.4823, 11.462 ], [ 1.4823, 11.462 ], [ 1.4822, 11.4621 ], [ 1.4821, 11.4623 ], [ 1.482, 11.4624 ], [ 1.4819, 11.4624 ], [ 1.4818, 11.4626 ], [ 1.4817, 11.4627 ], [ 1.4816, 11.4628 ], [ 1.4815, 11.463 ], [ 1.4814, 11.4631 ], [ 1.4813, 11.4633 ], [ 1.4812, 11.4634 ], [ 1.481, 11.4635 ], [ 1.4808, 11.4637 ], [ 1.4807, 11.4638 ], [ 1.4806, 11.4639 ], [ 1.4805, 11.464 ], [ 1.4805, 11.464 ], [ 1.4803, 11.4641 ], [ 1.4801, 11.4641 ], [ 1.4799, 11.4641 ], [ 1.4797, 11.4641 ], [ 1.4795, 11.4641 ], [ 1.4794, 11.464 ], [ 1.4792, 11.4641 ], [ 1.4791, 11.4642 ], [ 1.479, 11.4644 ], [ 1.4789, 11.4645 ], [ 1.4787, 11.4646 ], [ 1.4786, 11.4648 ], [ 1.4786, 11.4649 ], [ 1.4786, 11.4651 ], [ 1.4786, 11.4653 ], [ 1.4787, 11.4654 ], [ 1.4788, 11.4655 ], [ 1.4789, 11.4657 ], [ 1.479, 11.4658 ], [ 1.4791, 11.4659 ], [ 1.4793, 11.466 ], [ 1.4794, 11.4662 ], [ 1.4796, 11.4663 ], [ 1.4797, 11.4664 ], [ 1.4798, 11.4666 ], [ 1.4798, 11.4667 ], [ 1.4799, 11.4668 ], [ 1.4799, 11.4669 ], [ 1.4799, 11.4671 ], [ 1.4799, 11.4672 ], [ 1.4798, 11.4674 ], [ 1.4796, 11.4676 ], [ 1.4795, 11.4677 ], [ 1.4794, 11.4677 ], [ 1.4793, 11.4678 ], [ 1.4791, 11.468 ], [ 1.479, 11.4681 ], [ 1.4789, 11.4683 ], [ 1.4788, 11.4684 ], [ 1.4788, 11.4686 ], [ 1.4787, 11.4687 ], [ 1.4786, 11.4689 ], [ 1.4785, 11.4691 ], [ 1.4785, 11.4692 ], [ 1.4784, 11.4694 ], [ 1.4783, 11.4696 ], [ 1.4783, 11.4697 ], [ 1.4781, 11.4699 ], [ 1.478, 11.47 ], [ 1.4779, 11.4701 ], [ 1.4778, 11.4702 ], [ 1.4777, 11.4704 ], [ 1.4775, 11.4705 ], [ 1.4773, 11.4706 ], [ 1.4772, 11.4707 ], [ 1.4771, 11.4707 ], [ 1.4769, 11.4708 ], [ 1.4767, 11.4709 ], [ 1.4765, 11.471 ], [ 1.4763, 11.471 ], [ 1.4761, 11.4709 ], [ 1.4759, 11.4709 ], [ 1.4757, 11.4709 ], [ 1.4754, 11.4709 ], [ 1.4752, 11.4709 ], [ 1.475, 11.4709 ], [ 1.4749, 11.4709 ], [ 1.4745, 11.4708 ], [ 1.4745, 11.4708 ], [ 1.4742, 11.4706 ], [ 1.4741, 11.4706 ], [ 1.474, 11.4705 ], [ 1.4738, 11.4704 ], [ 1.4737, 11.4703 ], [ 1.4735, 11.4701 ], [ 1.4734, 11.47 ], [ 1.4732, 11.4699 ], [ 1.4731, 11.4699 ], [ 1.473, 11.4698 ], [ 1.4728, 11.4697 ], [ 1.4727, 11.4696 ], [ 1.4725, 11.4695 ], [ 1.4724, 11.4695 ], [ 1.4722, 11.4694 ], [ 1.4721, 11.4693 ], [ 1.4719, 11.4692 ], [ 1.4717, 11.4692 ], [ 1.4715, 11.4691 ], [ 1.4713, 11.469 ], [ 1.4712, 11.4689 ], [ 1.4709, 11.4689 ], [ 1.4707, 11.4688 ], [ 1.4705, 11.4687 ], [ 1.4703, 11.4686 ], [ 1.4702, 11.4685 ], [ 1.4701, 11.4684 ], [ 1.4699, 11.4683 ], [ 1.4697, 11.4682 ], [ 1.4694, 11.4682 ], [ 1.4693, 11.4682 ], [ 1.4691, 11.4681 ], [ 1.4689, 11.4681 ], [ 1.4687, 11.4681 ], [ 1.4685, 11.4682 ], [ 1.4683, 11.4682 ], [ 1.4681, 11.4682 ], [ 1.468, 11.4684 ], [ 1.4678, 11.4685 ], [ 1.4677, 11.4686 ], [ 1.4675, 11.4687 ], [ 1.4674, 11.4687 ], [ 1.4672, 11.4687 ], [ 1.467, 11.4687 ], [ 1.4669, 11.4687 ], [ 1.4667, 11.4687 ], [ 1.4666, 11.4687 ], [ 1.4664, 11.4687 ], [ 1.4662, 11.4687 ], [ 1.466, 11.4687 ], [ 1.4659, 11.4687 ], [ 1.4657, 11.4687 ], [ 1.4656, 11.4688 ], [ 1.4655, 11.4688 ], [ 1.4654, 11.469 ], [ 1.4654, 11.4692 ], [ 1.4654, 11.4694 ], [ 1.4654, 11.4695 ], [ 1.4655, 11.4697 ], [ 1.4656, 11.4699 ], [ 1.4657, 11.4701 ], [ 1.4658, 11.4702 ], [ 1.4659, 11.4703 ], [ 1.4661, 11.4704 ], [ 1.4662, 11.4706 ], [ 1.4663, 11.4707 ], [ 1.4664, 11.4708 ], [ 1.4665, 11.471 ], [ 1.4665, 11.4712 ], [ 1.4665, 11.4714 ], [ 1.4665, 11.4715 ], [ 1.4664, 11.4717 ], [ 1.4663, 11.4718 ], [ 1.4662, 11.4719 ], [ 1.466, 11.4719 ], [ 1.4659, 11.4718 ], [ 1.4657, 11.4717 ], [ 1.4656, 11.4716 ], [ 1.4655, 11.4715 ], [ 1.4653, 11.4713 ], [ 1.4652, 11.4711 ], [ 1.4652, 11.471 ], [ 1.4651, 11.4709 ], [ 1.4649, 11.4708 ], [ 1.4647, 11.4707 ], [ 1.4646, 11.4706 ], [ 1.4645, 11.4705 ], [ 1.4643, 11.4704 ], [ 1.4643, 11.4702 ], [ 1.4643, 11.47 ], [ 1.4643, 11.4699 ], [ 1.4645, 11.4697 ], [ 1.4646, 11.4696 ], [ 1.4646, 11.4695 ], [ 1.4647, 11.4693 ], [ 1.4648, 11.4692 ], [ 1.4648, 11.469 ], [ 1.4649, 11.4689 ], [ 1.4648, 11.4687 ], [ 1.4647, 11.4685 ], [ 1.4646, 11.4684 ], [ 1.4646, 11.4682 ], [ 1.4645, 11.4681 ], [ 1.4644, 11.4678 ], [ 1.4644, 11.4677 ], [ 1.4643, 11.4675 ], [ 1.4643, 11.4674 ], [ 1.4643, 11.4672 ], [ 1.4642, 11.467 ], [ 1.4642, 11.4668 ], [ 1.4642, 11.4667 ], [ 1.4642, 11.4665 ], [ 1.4643, 11.4664 ], [ 1.4644, 11.4662 ], [ 1.4645, 11.4661 ], [ 1.4647, 11.466 ], [ 1.4648, 11.466 ], [ 1.465, 11.466 ], [ 1.4651, 11.466 ], [ 1.4653, 11.466 ], [ 1.4655, 11.4661 ], [ 1.4657, 11.4661 ], [ 1.4658, 11.4661 ], [ 1.466, 11.4662 ], [ 1.466, 11.4664 ], [ 1.466, 11.4665 ], [ 1.4659, 11.4667 ], [ 1.4659, 11.4668 ], [ 1.4659, 11.467 ], [ 1.466, 11.4671 ], [ 1.4661, 11.4673 ], [ 1.4661, 11.4674 ], [ 1.4663, 11.4676 ], [ 1.4664, 11.4677 ], [ 1.4666, 11.4678 ], [ 1.4667, 11.4678 ], [ 1.4669, 11.4679 ], [ 1.4671, 11.4679 ], [ 1.4672, 11.4678 ], [ 1.4674, 11.4678 ], [ 1.4676, 11.4677 ], [ 1.4676, 11.4676 ], [ 1.4676, 11.4674 ], [ 1.4676, 11.4672 ], [ 1.4677, 11.4672 ], [ 1.4677, 11.4671 ], [ 1.4679, 11.4668 ], [ 1.4679, 11.4667 ], [ 1.4679, 11.4665 ], [ 1.4678, 11.4664 ], [ 1.4677, 11.4663 ], [ 1.4676, 11.4662 ], [ 1.4674, 11.4661 ], [ 1.4673, 11.4659 ], [ 1.4672, 11.4658 ], [ 1.467, 11.4657 ], [ 1.4669, 11.4656 ], [ 1.4668, 11.4655 ], [ 1.4667, 11.4655 ], [ 1.4665, 11.4654 ], [ 1.4663, 11.4652 ], [ 1.4662, 11.4652 ], [ 1.466, 11.4651 ], [ 1.4659, 11.4649 ], [ 1.4658, 11.4648 ], [ 1.4657, 11.4647 ], [ 1.4656, 11.4646 ], [ 1.4654, 11.4645 ], [ 1.4653, 11.4644 ], [ 1.4651, 11.4643 ], [ 1.4651, 11.4642 ], [ 1.4649, 11.4641 ], [ 1.4647, 11.4641 ], [ 1.4646, 11.4642 ], [ 1.4645, 11.4643 ], [ 1.4644, 11.4644 ], [ 1.4642, 11.4646 ], [ 1.4641, 11.4647 ], [ 1.464, 11.4648 ], [ 1.4639, 11.4649 ], [ 1.4637, 11.4652 ], [ 1.4636, 11.4653 ], [ 1.4635, 11.4655 ], [ 1.4634, 11.4656 ], [ 1.4633, 11.4657 ], [ 1.4632, 11.4659 ], [ 1.4631, 11.466 ], [ 1.463, 11.4662 ], [ 1.463, 11.4663 ], [ 1.463, 11.4665 ], [ 1.4629, 11.4666 ], [ 1.4629, 11.4669 ], [ 1.4628, 11.4671 ], [ 1.4628, 11.4672 ], [ 1.4627, 11.4674 ], [ 1.4627, 11.4676 ], [ 1.4627, 11.4678 ], [ 1.4627, 11.4679 ], [ 1.4626, 11.4681 ], [ 1.4626, 11.4682 ], [ 1.4625, 11.4683 ], [ 1.4624, 11.4685 ], [ 1.4623, 11.4687 ], [ 1.4623, 11.4688 ], [ 1.4623, 11.469 ], [ 1.4622, 11.4691 ], [ 1.4621, 11.4693 ], [ 1.4621, 11.4694 ], [ 1.4619, 11.4696 ], [ 1.4618, 11.4697 ], [ 1.4616, 11.4699 ], [ 1.4614, 11.47 ], [ 1.4613, 11.4701 ], [ 1.4612, 11.4703 ], [ 1.4611, 11.4704 ], [ 1.4611, 11.4705 ], [ 1.461, 11.4707 ], [ 1.4608, 11.4709 ], [ 1.4607, 11.471 ], [ 1.4606, 11.4711 ], [ 1.4604, 11.4712 ], [ 1.4604, 11.4713 ], [ 1.4603, 11.4714 ], [ 1.4602, 11.4715 ], [ 1.46, 11.4716 ], [ 1.4599, 11.4716 ], [ 1.4597, 11.4716 ], [ 1.4596, 11.4716 ], [ 1.4594, 11.4715 ], [ 1.4593, 11.4713 ], [ 1.4592, 11.4712 ], [ 1.4591, 11.471 ], [ 1.459, 11.4709 ], [ 1.4588, 11.4707 ], [ 1.4588, 11.4706 ], [ 1.4587, 11.4704 ], [ 1.4587, 11.4702 ], [ 1.4586, 11.47 ], [ 1.4586, 11.4698 ], [ 1.4586, 11.4697 ], [ 1.4586, 11.4695 ], [ 1.4586, 11.4694 ], [ 1.4588, 11.4692 ], [ 1.4589, 11.4691 ], [ 1.459, 11.469 ], [ 1.4591, 11.4688 ], [ 1.4592, 11.4687 ], [ 1.4594, 11.4686 ], [ 1.4595, 11.4685 ], [ 1.4595, 11.4683 ], [ 1.4595, 11.4681 ], [ 1.4596, 11.468 ], [ 1.4596, 11.4678 ], [ 1.4596, 11.4677 ], [ 1.4596, 11.4675 ], [ 1.4596, 11.4674 ], [ 1.4596, 11.4672 ], [ 1.4596, 11.4671 ], [ 1.4595, 11.4669 ], [ 1.4595, 11.4668 ], [ 1.4594, 11.4666 ], [ 1.4592, 11.4665 ], [ 1.4591, 11.4664 ], [ 1.459, 11.4663 ], [ 1.4588, 11.4663 ], [ 1.4587, 11.4663 ], [ 1.4585, 11.4663 ], [ 1.4584, 11.4662 ], [ 1.4582, 11.4661 ], [ 1.4581, 11.4661 ], [ 1.4579, 11.466 ], [ 1.4577, 11.466 ], [ 1.4575, 11.4659 ], [ 1.4573, 11.466 ], [ 1.4572, 11.4661 ], [ 1.457, 11.4661 ], [ 1.4569, 11.4663 ], [ 1.4569, 11.4664 ], [ 1.4568, 11.4666 ], [ 1.4568, 11.4667 ], [ 1.4568, 11.4669 ], [ 1.4568, 11.467 ], [ 1.4568, 11.4672 ], [ 1.4567, 11.4674 ], [ 1.4567, 11.4676 ], [ 1.4567, 11.4677 ], [ 1.4567, 11.4679 ], [ 1.4567, 11.468 ], [ 1.4566, 11.4682 ], [ 1.4566, 11.4683 ], [ 1.4566, 11.4686 ], [ 1.4566, 11.4687 ], [ 1.4566, 11.4689 ], [ 1.4566, 11.469 ], [ 1.4566, 11.4692 ], [ 1.4565, 11.4693 ], [ 1.4564, 11.4696 ], [ 1.4564, 11.4697 ], [ 1.4563, 11.4699 ], [ 1.4562, 11.4701 ], [ 1.4562, 11.4703 ], [ 1.456, 11.4706 ], [ 1.456, 11.4707 ], [ 1.456, 11.4708 ], [ 1.4559, 11.471 ], [ 1.4559, 11.4712 ], [ 1.4557, 11.4714 ], [ 1.4557, 11.4716 ], [ 1.4556, 11.4717 ], [ 1.4555, 11.4719 ], [ 1.4554, 11.472 ], [ 1.4553, 11.4722 ], [ 1.4552, 11.4723 ], [ 1.4552, 11.4725 ], [ 1.4551, 11.4726 ], [ 1.455, 11.4728 ], [ 1.4549, 11.4729 ], [ 1.4548, 11.4731 ], [ 1.4547, 11.4733 ], [ 1.4546, 11.4734 ], [ 1.4545, 11.4736 ], [ 1.4544, 11.4737 ], [ 1.4543, 11.4739 ], [ 1.4542, 11.474 ], [ 1.4539, 11.4745 ], [ 1.4539, 11.4746 ], [ 1.4539, 11.4749 ], [ 1.4539, 11.475 ], [ 1.4539, 11.4752 ], [ 1.4539, 11.4753 ], [ 1.4539, 11.4755 ], [ 1.454, 11.4757 ], [ 1.454, 11.4759 ], [ 1.454, 11.476 ], [ 1.454, 11.4762 ], [ 1.454, 11.4764 ], [ 1.454, 11.4765 ], [ 1.454, 11.4767 ], [ 1.454, 11.4769 ], [ 1.4539, 11.477 ], [ 1.4539, 11.4772 ], [ 1.4538, 11.4773 ], [ 1.4537, 11.4774 ], [ 1.4537, 11.4775 ], [ 1.4535, 11.4776 ], [ 1.4534, 11.4778 ], [ 1.4533, 11.4779 ], [ 1.4532, 11.478 ], [ 1.4531, 11.4781 ], [ 1.453, 11.4782 ], [ 1.4529, 11.4783 ], [ 1.4527, 11.4784 ], [ 1.4526, 11.4786 ], [ 1.4526, 11.4786 ], [ 1.4524, 11.4789 ], [ 1.4523, 11.479 ], [ 1.4522, 11.4792 ], [ 1.4521, 11.4793 ], [ 1.4519, 11.4795 ], [ 1.4518, 11.4796 ], [ 1.4516, 11.4797 ], [ 1.4515, 11.4798 ], [ 1.4514, 11.4798 ], [ 1.4512, 11.4799 ], [ 1.451, 11.4799 ], [ 1.4509, 11.4798 ], [ 1.4507, 11.4797 ], [ 1.4506, 11.4796 ], [ 1.4505, 11.4794 ], [ 1.4504, 11.4793 ], [ 1.4503, 11.4791 ], [ 1.4503, 11.4789 ], [ 1.4503, 11.4788 ], [ 1.4503, 11.4786 ], [ 1.4502, 11.4785 ], [ 1.45, 11.4784 ], [ 1.4499, 11.4783 ], [ 1.4496, 11.4783 ], [ 1.4494, 11.4783 ], [ 1.4492, 11.4783 ], [ 1.449, 11.4783 ], [ 1.4489, 11.4785 ], [ 1.4488, 11.4786 ], [ 1.4488, 11.4788 ], [ 1.4488, 11.479 ], [ 1.4487, 11.4791 ], [ 1.4486, 11.4792 ], [ 1.4486, 11.4795 ], [ 1.4486, 11.4796 ], [ 1.4486, 11.4797 ], [ 1.4486, 11.4798 ], [ 1.4488, 11.4799 ], [ 1.449, 11.4799 ], [ 1.4492, 11.48 ], [ 1.4494, 11.48 ], [ 1.4495, 11.48 ], [ 1.4497, 11.48 ], [ 1.4498, 11.4802 ], [ 1.4499, 11.4803 ], [ 1.45, 11.4805 ], [ 1.4499, 11.4806 ], [ 1.4498, 11.4807 ], [ 1.4496, 11.4808 ], [ 1.4495, 11.4808 ], [ 1.4494, 11.4808 ], [ 1.4493, 11.4808 ], [ 1.4491, 11.4808 ], [ 1.449, 11.4808 ], [ 1.4488, 11.4809 ], [ 1.4487, 11.481 ], [ 1.4485, 11.4811 ], [ 1.4484, 11.4811 ], [ 1.4482, 11.4811 ], [ 1.448, 11.4811 ], [ 1.4479, 11.4811 ], [ 1.4477, 11.481 ], [ 1.4476, 11.481 ], [ 1.4474, 11.4809 ], [ 1.4473, 11.4808 ], [ 1.4472, 11.4807 ], [ 1.4471, 11.4806 ], [ 1.4469, 11.4804 ], [ 1.4469, 11.4802 ], [ 1.4468, 11.4801 ], [ 1.4468, 11.4799 ], [ 1.4467, 11.4798 ], [ 1.4465, 11.4797 ], [ 1.4463, 11.4797 ], [ 1.4462, 11.4796 ], [ 1.446, 11.4795 ], [ 1.4458, 11.4795 ], [ 1.4456, 11.4794 ], [ 1.4453, 11.4794 ], [ 1.4452, 11.4793 ], [ 1.445, 11.4793 ], [ 1.4448, 11.4792 ], [ 1.4447, 11.4792 ], [ 1.4446, 11.4791 ], [ 1.4444, 11.479 ], [ 1.4442, 11.4789 ], [ 1.4441, 11.4787 ], [ 1.444, 11.4786 ], [ 1.4438, 11.4784 ], [ 1.4437, 11.4783 ], [ 1.4436, 11.4782 ], [ 1.4435, 11.4781 ], [ 1.4433, 11.4779 ], [ 1.4433, 11.4778 ], [ 1.4432, 11.4777 ], [ 1.4431, 11.4775 ], [ 1.443, 11.4774 ], [ 1.4429, 11.4772 ], [ 1.4428, 11.4771 ], [ 1.4428, 11.4769 ], [ 1.4427, 11.4768 ], [ 1.4427, 11.4767 ], [ 1.4427, 11.4765 ], [ 1.4427, 11.4764 ], [ 1.4427, 11.4762 ], [ 1.4427, 11.476 ], [ 1.4427, 11.4758 ], [ 1.4428, 11.4757 ], [ 1.4428, 11.4755 ], [ 1.4428, 11.4754 ], [ 1.4428, 11.4752 ], [ 1.4429, 11.475 ], [ 1.4429, 11.4748 ], [ 1.443, 11.4747 ], [ 1.443, 11.4745 ], [ 1.4431, 11.4744 ], [ 1.4432, 11.4742 ], [ 1.4432, 11.4741 ], [ 1.4432, 11.4739 ], [ 1.4431, 11.4737 ], [ 1.4431, 11.4736 ], [ 1.4429, 11.4735 ], [ 1.4428, 11.4734 ], [ 1.4426, 11.4732 ], [ 1.4424, 11.4731 ], [ 1.4423, 11.473 ], [ 1.4421, 11.473 ], [ 1.442, 11.4729 ], [ 1.4418, 11.4729 ], [ 1.4417, 11.4729 ], [ 1.4415, 11.473 ], [ 1.4413, 11.473 ], [ 1.4412, 11.4731 ], [ 1.441, 11.4732 ], [ 1.4409, 11.4734 ], [ 1.4407, 11.4735 ], [ 1.4405, 11.4735 ], [ 1.4403, 11.4736 ], [ 1.4401, 11.4737 ], [ 1.4399, 11.4737 ], [ 1.4398, 11.4737 ], [ 1.4396, 11.4736 ], [ 1.4395, 11.4736 ], [ 1.4394, 11.4735 ], [ 1.4392, 11.4734 ], [ 1.4391, 11.4732 ], [ 1.4391, 11.4731 ], [ 1.4391, 11.4729 ], [ 1.439, 11.4728 ], [ 1.439, 11.4726 ], [ 1.439, 11.4724 ], [ 1.439, 11.4723 ], [ 1.4389, 11.4721 ], [ 1.4389, 11.472 ], [ 1.439, 11.4718 ], [ 1.439, 11.4716 ], [ 1.439, 11.4715 ], [ 1.439, 11.4713 ], [ 1.439, 11.4712 ], [ 1.439, 11.471 ], [ 1.439, 11.4708 ], [ 1.439, 11.4707 ], [ 1.439, 11.4705 ], [ 1.439, 11.4704 ], [ 1.4389, 11.4702 ], [ 1.4388, 11.4701 ], [ 1.4387, 11.47 ], [ 1.4386, 11.4698 ], [ 1.4385, 11.4697 ], [ 1.4384, 11.4696 ], [ 1.4382, 11.4695 ], [ 1.4381, 11.4695 ], [ 1.4378, 11.4695 ], [ 1.4377, 11.4695 ], [ 1.4375, 11.4695 ], [ 1.4373, 11.4695 ], [ 1.4371, 11.4696 ], [ 1.437, 11.4697 ], [ 1.4369, 11.4698 ], [ 1.4368, 11.47 ], [ 1.4366, 11.4701 ], [ 1.4365, 11.4702 ], [ 1.4365, 11.4703 ], [ 1.4365, 11.4705 ], [ 1.4365, 11.4707 ], [ 1.4365, 11.4708 ], [ 1.4364, 11.471 ], [ 1.4362, 11.4712 ], [ 1.4361, 11.4713 ], [ 1.436, 11.4713 ], [ 1.4358, 11.4714 ], [ 1.4357, 11.4714 ], [ 1.4355, 11.4714 ], [ 1.4353, 11.4714 ], [ 1.4351, 11.4714 ], [ 1.4349, 11.4714 ], [ 1.4347, 11.4714 ], [ 1.4345, 11.4714 ], [ 1.4343, 11.4713 ], [ 1.4341, 11.4712 ], [ 1.434, 11.4711 ], [ 1.4339, 11.4709 ], [ 1.4338, 11.4707 ], [ 1.4338, 11.4706 ], [ 1.4336, 11.4704 ], [ 1.4336, 11.4702 ], [ 1.4335, 11.47 ], [ 1.4335, 11.4699 ], [ 1.4335, 11.4697 ], [ 1.4335, 11.4695 ], [ 1.4334, 11.4694 ], [ 1.4333, 11.4692 ], [ 1.4333, 11.469 ], [ 1.4333, 11.4689 ], [ 1.4333, 11.4687 ], [ 1.4332, 11.4686 ], [ 1.433, 11.4684 ], [ 1.4329, 11.4683 ], [ 1.4328, 11.4681 ], [ 1.4328, 11.4679 ], [ 1.4328, 11.4678 ], [ 1.4328, 11.4676 ], [ 1.4328, 11.4674 ], [ 1.4328, 11.4673 ], [ 1.4329, 11.4671 ], [ 1.4329, 11.467 ], [ 1.433, 11.4668 ], [ 1.4331, 11.4667 ], [ 1.4332, 11.4665 ], [ 1.4333, 11.4664 ], [ 1.4333, 11.4662 ], [ 1.4333, 11.466 ], [ 1.4333, 11.4657 ], [ 1.4332, 11.4656 ], [ 1.4332, 11.4655 ], [ 1.4331, 11.4653 ], [ 1.4331, 11.4651 ], [ 1.4331, 11.465 ], [ 1.4332, 11.4648 ], [ 1.4333, 11.4647 ], [ 1.4335, 11.4646 ], [ 1.4337, 11.4646 ], [ 1.4338, 11.4646 ], [ 1.434, 11.4646 ], [ 1.4341, 11.4645 ], [ 1.4343, 11.4644 ], [ 1.4343, 11.4643 ], [ 1.4344, 11.4641 ], [ 1.4344, 11.464 ], [ 1.4344, 11.464 ], [ 1.4344, 11.4638 ], [ 1.4344, 11.4636 ], [ 1.4345, 11.4635 ], [ 1.4346, 11.4633 ], [ 1.4346, 11.4631 ], [ 1.4346, 11.463 ], [ 1.4345, 11.4629 ], [ 1.4345, 11.4628 ], [ 1.4345, 11.4628 ], [ 1.4344, 11.4627 ], [ 1.4343, 11.4626 ], [ 1.4342, 11.4624 ], [ 1.4341, 11.4621 ], [ 1.434, 11.462 ], [ 1.4339, 11.4618 ], [ 1.4338, 11.4617 ], [ 1.4338, 11.4615 ], [ 1.4337, 11.4613 ], [ 1.4337, 11.4612 ], [ 1.4336, 11.4611 ], [ 1.4336, 11.461 ], [ 1.4335, 11.4608 ], [ 1.4334, 11.4607 ], [ 1.4333, 11.4606 ], [ 1.4331, 11.4605 ], [ 1.433, 11.4604 ], [ 1.4328, 11.4604 ], [ 1.4326, 11.4604 ], [ 1.4325, 11.4604 ], [ 1.4323, 11.4605 ], [ 1.4321, 11.4605 ], [ 1.4319, 11.4606 ], [ 1.4318, 11.4607 ], [ 1.4317, 11.4608 ], [ 1.4315, 11.4608 ], [ 1.4313, 11.4608 ], [ 1.4312, 11.4608 ], [ 1.4309, 11.4607 ], [ 1.4308, 11.4607 ], [ 1.4306, 11.4606 ], [ 1.4305, 11.4606 ], [ 1.4304, 11.4605 ], [ 1.4303, 11.4604 ], [ 1.4301, 11.4602 ], [ 1.43, 11.4601 ], [ 1.4299, 11.46 ], [ 1.4297, 11.4599 ], [ 1.4296, 11.4598 ], [ 1.4294, 11.4597 ], [ 1.4293, 11.4596 ], [ 1.4292, 11.4596 ], [ 1.429, 11.4595 ], [ 1.4288, 11.4594 ], [ 1.4286, 11.4594 ], [ 1.4284, 11.4593 ], [ 1.4283, 11.4593 ], [ 1.4281, 11.4593 ], [ 1.4279, 11.4593 ], [ 1.4278, 11.4594 ], [ 1.4276, 11.4594 ], [ 1.4275, 11.4595 ], [ 1.4273, 11.4595 ], [ 1.4272, 11.4596 ], [ 1.4271, 11.4597 ], [ 1.4269, 11.4598 ], [ 1.4266, 11.4597 ], [ 1.4264, 11.4597 ], [ 1.4262, 11.4597 ], [ 1.4261, 11.4596 ], [ 1.4259, 11.4595 ], [ 1.4258, 11.4594 ], [ 1.4257, 11.4592 ], [ 1.4256, 11.4591 ], [ 1.4256, 11.4589 ], [ 1.4255, 11.4588 ], [ 1.4255, 11.4587 ], [ 1.4254, 11.4585 ], [ 1.4254, 11.4583 ], [ 1.4254, 11.4582 ], [ 1.4254, 11.4581 ], [ 1.4254, 11.4579 ], [ 1.4253, 11.4577 ], [ 1.4252, 11.4575 ], [ 1.4252, 11.4574 ], [ 1.4251, 11.4572 ], [ 1.425, 11.457 ], [ 1.4249, 11.4569 ], [ 1.4248, 11.4568 ], [ 1.4247, 11.4566 ], [ 1.4246, 11.4565 ], [ 1.4245, 11.4564 ], [ 1.4244, 11.4562 ], [ 1.4243, 11.4561 ], [ 1.4243, 11.4559 ], [ 1.4242, 11.4558 ], [ 1.4242, 11.4556 ], [ 1.4242, 11.4554 ], [ 1.4241, 11.4552 ], [ 1.4241, 11.4551 ], [ 1.424, 11.4549 ], [ 1.424, 11.4548 ], [ 1.4241, 11.4546 ], [ 1.424, 11.4545 ], [ 1.424, 11.4543 ], [ 1.4239, 11.4541 ], [ 1.4238, 11.454 ], [ 1.4236, 11.454 ], [ 1.4234, 11.454 ], [ 1.4233, 11.454 ], [ 1.4231, 11.454 ], [ 1.4231, 11.4542 ], [ 1.423, 11.4544 ], [ 1.423, 11.4545 ], [ 1.423, 11.4547 ], [ 1.423, 11.4549 ], [ 1.423, 11.455 ], [ 1.4229, 11.4551 ], [ 1.4228, 11.4553 ], [ 1.4226, 11.4554 ], [ 1.4225, 11.4554 ], [ 1.4223, 11.4554 ], [ 1.4222, 11.4554 ], [ 1.422, 11.4554 ], [ 1.4219, 11.4554 ], [ 1.4217, 11.4554 ], [ 1.4215, 11.4553 ], [ 1.4213, 11.4552 ], [ 1.4212, 11.4552 ], [ 1.421, 11.4551 ], [ 1.4209, 11.4551 ], [ 1.4207, 11.455 ], [ 1.4205, 11.455 ], [ 1.4204, 11.455 ], [ 1.4202, 11.4551 ], [ 1.4201, 11.4553 ], [ 1.4201, 11.4554 ], [ 1.4201, 11.4556 ], [ 1.4201, 11.4558 ], [ 1.4202, 11.4559 ], [ 1.4202, 11.4561 ], [ 1.4202, 11.4562 ], [ 1.4201, 11.4564 ], [ 1.4202, 11.4565 ], [ 1.4202, 11.4567 ], [ 1.4203, 11.4568 ], [ 1.4204, 11.457 ], [ 1.4205, 11.4571 ], [ 1.4206, 11.4572 ], [ 1.4207, 11.4574 ], [ 1.4209, 11.4575 ], [ 1.421, 11.4575 ], [ 1.4212, 11.4576 ], [ 1.4213, 11.4576 ], [ 1.4215, 11.4577 ], [ 1.4216, 11.4578 ], [ 1.4217, 11.458 ], [ 1.4217, 11.4581 ], [ 1.4216, 11.4583 ], [ 1.4215, 11.4584 ], [ 1.4214, 11.4586 ], [ 1.4213, 11.4586 ], [ 1.4211, 11.4587 ], [ 1.4209, 11.4587 ], [ 1.4207, 11.4586 ], [ 1.4205, 11.4585 ], [ 1.4204, 11.4585 ], [ 1.4202, 11.4584 ], [ 1.42, 11.4583 ], [ 1.4199, 11.4582 ], [ 1.4198, 11.4581 ], [ 1.4197, 11.458 ], [ 1.4197, 11.458 ], [ 1.4196, 11.4578 ], [ 1.4195, 11.4577 ], [ 1.4194, 11.4576 ], [ 1.4192, 11.4575 ], [ 1.4191, 11.4574 ], [ 1.4189, 11.4573 ], [ 1.4188, 11.4572 ], [ 1.4186, 11.4571 ], [ 1.4184, 11.4571 ], [ 1.4183, 11.457 ], [ 1.4181, 11.457 ], [ 1.4179, 11.4571 ], [ 1.4178, 11.4572 ], [ 1.4176, 11.4572 ], [ 1.4175, 11.4573 ], [ 1.4174, 11.4575 ], [ 1.4172, 11.4576 ], [ 1.4171, 11.4577 ], [ 1.417, 11.4578 ], [ 1.4168, 11.4579 ], [ 1.4167, 11.458 ], [ 1.4166, 11.4581 ], [ 1.4165, 11.4582 ], [ 1.4163, 11.4583 ], [ 1.4162, 11.4584 ], [ 1.416, 11.4585 ], [ 1.4159, 11.4586 ], [ 1.4158, 11.4588 ], [ 1.4156, 11.4589 ], [ 1.4155, 11.459 ], [ 1.4153, 11.4591 ], [ 1.4151, 11.4592 ], [ 1.4149, 11.4593 ], [ 1.4148, 11.4594 ], [ 1.4146, 11.4594 ], [ 1.4144, 11.4594 ], [ 1.4143, 11.4594 ], [ 1.4141, 11.4594 ], [ 1.414, 11.4594 ], [ 1.4138, 11.4594 ], [ 1.4136, 11.4593 ], [ 1.4135, 11.4593 ], [ 1.4133, 11.4592 ], [ 1.4131, 11.4591 ], [ 1.413, 11.459 ], [ 1.4129, 11.4589 ], [ 1.4128, 11.4587 ], [ 1.4127, 11.4586 ], [ 1.4126, 11.4585 ], [ 1.4124, 11.4585 ], [ 1.4122, 11.4585 ], [ 1.4121, 11.4585 ], [ 1.4119, 11.4586 ], [ 1.4118, 11.4587 ], [ 1.4117, 11.4588 ], [ 1.4116, 11.4589 ], [ 1.4115, 11.4591 ], [ 1.4114, 11.4592 ], [ 1.4113, 11.4594 ], [ 1.4112, 11.4595 ], [ 1.4111, 11.4596 ], [ 1.411, 11.4597 ], [ 1.4108, 11.4598 ], [ 1.4107, 11.4598 ], [ 1.4105, 11.4597 ], [ 1.4104, 11.4597 ], [ 1.4102, 11.4596 ], [ 1.41, 11.4595 ], [ 1.41, 11.4593 ], [ 1.41, 11.4591 ], [ 1.41, 11.459 ], [ 1.41, 11.4588 ], [ 1.4101, 11.4587 ], [ 1.4102, 11.4585 ], [ 1.4102, 11.4584 ], [ 1.4104, 11.4582 ], [ 1.4104, 11.4581 ], [ 1.4104, 11.4579 ], [ 1.4105, 11.4578 ], [ 1.4106, 11.4576 ], [ 1.4106, 11.4575 ], [ 1.4106, 11.4574 ], [ 1.4107, 11.4573 ], [ 1.4108, 11.4571 ], [ 1.4108, 11.457 ], [ 1.4109, 11.4568 ], [ 1.411, 11.4567 ], [ 1.411, 11.4565 ], [ 1.411, 11.4564 ], [ 1.411, 11.4562 ], [ 1.411, 11.456 ], [ 1.411, 11.4559 ], [ 1.411, 11.4557 ], [ 1.411, 11.4556 ], [ 1.411, 11.4554 ], [ 1.411, 11.4552 ], [ 1.4109, 11.4551 ], [ 1.4109, 11.4549 ], [ 1.4108, 11.4548 ], [ 1.4108, 11.4546 ], [ 1.4108, 11.4544 ], [ 1.4109, 11.4542 ], [ 1.4109, 11.4541 ], [ 1.4111, 11.454 ], [ 1.4112, 11.454 ], [ 1.4114, 11.4539 ], [ 1.4116, 11.4539 ], [ 1.4117, 11.4539 ], [ 1.4118, 11.4539 ], [ 1.412, 11.4539 ], [ 1.4121, 11.4538 ], [ 1.4123, 11.4538 ], [ 1.4124, 11.4538 ], [ 1.4126, 11.4538 ], [ 1.4127, 11.4538 ], [ 1.4129, 11.4538 ], [ 1.4131, 11.4538 ], [ 1.4132, 11.4538 ], [ 1.4134, 11.4538 ], [ 1.4136, 11.4539 ], [ 1.4138, 11.454 ], [ 1.4139, 11.454 ], [ 1.4141, 11.4541 ], [ 1.4142, 11.4542 ], [ 1.4144, 11.4542 ], [ 1.4146, 11.4543 ], [ 1.4148, 11.4543 ], [ 1.4149, 11.4542 ], [ 1.415, 11.4541 ], [ 1.4152, 11.454 ], [ 1.4153, 11.4539 ], [ 1.4154, 11.4538 ], [ 1.4154, 11.4536 ], [ 1.4155, 11.4535 ], [ 1.4155, 11.4533 ], [ 1.4155, 11.4532 ], [ 1.4155, 11.453 ], [ 1.4156, 11.4528 ], [ 1.4156, 11.4528 ], [ 1.4156, 11.4527 ], [ 1.4156, 11.4525 ], [ 1.4155, 11.4524 ], [ 1.4155, 11.4522 ], [ 1.4155, 11.4521 ], [ 1.4155, 11.4519 ], [ 1.4155, 11.4518 ], [ 1.4154, 11.4516 ], [ 1.4153, 11.4515 ], [ 1.4152, 11.4513 ], [ 1.4151, 11.4512 ], [ 1.415, 11.4511 ], [ 1.4149, 11.451 ], [ 1.4147, 11.4509 ], [ 1.4146, 11.4508 ], [ 1.4145, 11.4507 ], [ 1.4143, 11.4506 ], [ 1.4141, 11.4505 ], [ 1.414, 11.4505 ], [ 1.4139, 11.4504 ], [ 1.4137, 11.4503 ], [ 1.4136, 11.4504 ], [ 1.4134, 11.4504 ], [ 1.4133, 11.4504 ], [ 1.4132, 11.4504 ], [ 1.413, 11.4505 ], [ 1.4129, 11.4506 ], [ 1.4128, 11.4507 ], [ 1.4126, 11.4508 ], [ 1.4126, 11.4509 ], [ 1.4124, 11.451 ], [ 1.4124, 11.4511 ], [ 1.4123, 11.4512 ], [ 1.4122, 11.4513 ], [ 1.4121, 11.4515 ], [ 1.4119, 11.4516 ], [ 1.4118, 11.4517 ], [ 1.4117, 11.4518 ], [ 1.4116, 11.4518 ], [ 1.4114, 11.452 ], [ 1.4113, 11.4521 ], [ 1.4111, 11.4522 ], [ 1.411, 11.4523 ], [ 1.4109, 11.4524 ], [ 1.4108, 11.4526 ], [ 1.4107, 11.4529 ], [ 1.4107, 11.453 ], [ 1.4106, 11.4532 ], [ 1.4105, 11.4533 ], [ 1.4103, 11.4534 ], [ 1.4102, 11.4534 ], [ 1.41, 11.4534 ], [ 1.4099, 11.4534 ], [ 1.4097, 11.4534 ], [ 1.4096, 11.4534 ], [ 1.4094, 11.4534 ], [ 1.4093, 11.4534 ], [ 1.4092, 11.4534 ], [ 1.409, 11.4535 ], [ 1.4089, 11.4535 ], [ 1.4087, 11.4535 ], [ 1.4086, 11.4535 ], [ 1.4083, 11.4535 ], [ 1.4081, 11.4536 ], [ 1.408, 11.4536 ], [ 1.4077, 11.4536 ], [ 1.4076, 11.4537 ], [ 1.4075, 11.4539 ], [ 1.4074, 11.454 ], [ 1.4073, 11.4542 ], [ 1.4073, 11.4543 ], [ 1.4074, 11.4545 ], [ 1.4075, 11.4546 ], [ 1.4076, 11.4547 ], [ 1.4077, 11.4549 ], [ 1.4079, 11.4549 ], [ 1.408, 11.455 ], [ 1.4081, 11.4551 ], [ 1.4083, 11.4552 ], [ 1.4084, 11.4553 ], [ 1.4086, 11.4554 ], [ 1.4087, 11.4556 ], [ 1.4088, 11.4557 ], [ 1.409, 11.4558 ], [ 1.4091, 11.4559 ], [ 1.4092, 11.456 ], [ 1.4093, 11.4561 ], [ 1.4094, 11.4562 ], [ 1.4095, 11.4564 ], [ 1.4096, 11.4565 ], [ 1.4097, 11.4566 ], [ 1.4097, 11.4568 ], [ 1.4097, 11.457 ], [ 1.4097, 11.4571 ], [ 1.4096, 11.4572 ], [ 1.4094, 11.4573 ], [ 1.4092, 11.4573 ], [ 1.409, 11.4573 ], [ 1.4089, 11.4572 ], [ 1.4087, 11.4572 ], [ 1.4085, 11.4572 ], [ 1.4084, 11.4571 ], [ 1.4082, 11.457 ], [ 1.4081, 11.4569 ], [ 1.4079, 11.4568 ], [ 1.4078, 11.4567 ], [ 1.4076, 11.4566 ], [ 1.4075, 11.4565 ], [ 1.4073, 11.4564 ], [ 1.4072, 11.4564 ], [ 1.4071, 11.4563 ], [ 1.407, 11.4562 ], [ 1.4068, 11.4561 ], [ 1.4067, 11.456 ], [ 1.4065, 11.4559 ], [ 1.4063, 11.4559 ], [ 1.4061, 11.4559 ], [ 1.406, 11.4558 ], [ 1.4057, 11.4557 ], [ 1.4055, 11.4557 ], [ 1.4054, 11.4556 ], [ 1.4052, 11.4555 ], [ 1.405, 11.4554 ], [ 1.4049, 11.4554 ], [ 1.4048, 11.4552 ], [ 1.4046, 11.4551 ], [ 1.4045, 11.455 ], [ 1.4044, 11.4549 ], [ 1.4043, 11.4548 ], [ 1.4042, 11.4546 ], [ 1.4041, 11.4545 ], [ 1.404, 11.4543 ], [ 1.4039, 11.4542 ], [ 1.4038, 11.4541 ], [ 1.4036, 11.454 ], [ 1.4034, 11.454 ], [ 1.4032, 11.4539 ], [ 1.403, 11.4539 ], [ 1.4028, 11.4539 ], [ 1.4026, 11.4539 ], [ 1.4025, 11.4539 ], [ 1.4023, 11.4539 ], [ 1.4021, 11.454 ], [ 1.4019, 11.454 ], [ 1.4018, 11.454 ], [ 1.4017, 11.4541 ], [ 1.4015, 11.4541 ], [ 1.4013, 11.4541 ], [ 1.4012, 11.454 ], [ 1.401, 11.454 ], [ 1.4009, 11.4539 ], [ 1.4007, 11.4539 ], [ 1.4005, 11.4538 ], [ 1.4004, 11.4537 ], [ 1.4003, 11.4536 ], [ 1.4001, 11.4535 ], [ 1.4, 11.4534 ], [ 1.3999, 11.4533 ], [ 1.3998, 11.4532 ], [ 1.3996, 11.4531 ], [ 1.3995, 11.453 ], [ 1.3993, 11.453 ], [ 1.3992, 11.4529 ], [ 1.399, 11.4529 ], [ 1.3988, 11.4529 ], [ 1.3986, 11.4529 ], [ 1.3985, 11.4529 ], [ 1.3983, 11.4529 ], [ 1.3981, 11.4529 ], [ 1.3979, 11.4529 ], [ 1.3978, 11.4529 ], [ 1.3976, 11.4529 ], [ 1.3974, 11.4529 ], [ 1.3973, 11.4529 ], [ 1.397, 11.453 ], [ 1.3968, 11.453 ], [ 1.3967, 11.4531 ], [ 1.3965, 11.4532 ], [ 1.3964, 11.4533 ], [ 1.3962, 11.4533 ], [ 1.396, 11.4533 ], [ 1.3959, 11.4532 ], [ 1.3958, 11.4532 ], [ 1.3956, 11.4531 ], [ 1.3955, 11.453 ], [ 1.3954, 11.4528 ], [ 1.3953, 11.4526 ], [ 1.3953, 11.4525 ], [ 1.3952, 11.4523 ], [ 1.3951, 11.4522 ], [ 1.3951, 11.452 ], [ 1.395, 11.4519 ], [ 1.3949, 11.4517 ], [ 1.3948, 11.4515 ], [ 1.3948, 11.4514 ], [ 1.3948, 11.4512 ], [ 1.3948, 11.451 ], [ 1.3948, 11.4509 ], [ 1.3948, 11.4507 ], [ 1.3949, 11.4506 ], [ 1.3949, 11.4504 ], [ 1.3949, 11.4502 ], [ 1.3949, 11.4501 ], [ 1.3949, 11.4499 ], [ 1.3949, 11.4497 ], [ 1.395, 11.4496 ], [ 1.395, 11.4494 ], [ 1.3951, 11.4492 ], [ 1.3951, 11.4491 ], [ 1.3952, 11.4489 ], [ 1.3953, 11.4488 ], [ 1.3954, 11.4486 ], [ 1.3955, 11.4485 ], [ 1.3956, 11.4484 ], [ 1.3957, 11.4483 ], [ 1.3959, 11.4482 ], [ 1.396, 11.4481 ], [ 1.3962, 11.448 ], [ 1.3963, 11.4478 ], [ 1.3963, 11.4477 ], [ 1.3963, 11.4475 ], [ 1.3963, 11.4475 ], [ 1.3963, 11.4473 ], [ 1.3962, 11.4471 ], [ 1.3961, 11.447 ], [ 1.3959, 11.447 ], [ 1.3958, 11.447 ], [ 1.3956, 11.447 ], [ 1.3954, 11.447 ], [ 1.3953, 11.447 ], [ 1.3951, 11.4471 ], [ 1.395, 11.4471 ], [ 1.3948, 11.4472 ], [ 1.3947, 11.4472 ], [ 1.3945, 11.4473 ], [ 1.3943, 11.4474 ], [ 1.3941, 11.4475 ], [ 1.394, 11.4476 ], [ 1.3937, 11.4477 ], [ 1.3936, 11.4478 ], [ 1.3934, 11.4479 ], [ 1.3932, 11.448 ], [ 1.3931, 11.4481 ], [ 1.3929, 11.4482 ], [ 1.3928, 11.4483 ], [ 1.3926, 11.4483 ], [ 1.3925, 11.4483 ], [ 1.3923, 11.4483 ], [ 1.3922, 11.4481 ], [ 1.3921, 11.448 ], [ 1.392, 11.4479 ], [ 1.3918, 11.4478 ], [ 1.3917, 11.4477 ], [ 1.3916, 11.4476 ], [ 1.3915, 11.4474 ], [ 1.3914, 11.4473 ], [ 1.3913, 11.4471 ], [ 1.3914, 11.447 ], [ 1.3914, 11.4469 ], [ 1.3915, 11.4467 ], [ 1.3916, 11.4466 ], [ 1.3918, 11.4465 ], [ 1.3919, 11.4464 ], [ 1.392, 11.4463 ], [ 1.3921, 11.4462 ], [ 1.3922, 11.446 ], [ 1.3923, 11.4459 ], [ 1.3924, 11.4458 ], [ 1.3926, 11.4457 ], [ 1.3928, 11.4456 ], [ 1.3929, 11.4455 ], [ 1.3931, 11.4455 ], [ 1.3933, 11.4455 ], [ 1.3935, 11.4456 ], [ 1.3937, 11.4456 ], [ 1.3938, 11.4456 ], [ 1.3939, 11.4457 ], [ 1.3941, 11.4458 ], [ 1.3942, 11.4459 ], [ 1.3944, 11.446 ], [ 1.3946, 11.446 ], [ 1.3947, 11.446 ], [ 1.3949, 11.4459 ], [ 1.395, 11.4457 ], [ 1.395, 11.4456 ], [ 1.3949, 11.4454 ], [ 1.3949, 11.4453 ], [ 1.3947, 11.4451 ], [ 1.3946, 11.445 ], [ 1.3944, 11.445 ], [ 1.3943, 11.4449 ], [ 1.3941, 11.4449 ], [ 1.394, 11.4448 ], [ 1.3938, 11.4448 ], [ 1.3937, 11.4448 ], [ 1.3936, 11.4447 ], [ 1.3934, 11.4447 ], [ 1.3932, 11.4446 ], [ 1.393, 11.4445 ], [ 1.3929, 11.4444 ], [ 1.3927, 11.4444 ], [ 1.3925, 11.4443 ], [ 1.3923, 11.4443 ], [ 1.3921, 11.4442 ], [ 1.392, 11.4442 ], [ 1.3918, 11.4441 ], [ 1.3917, 11.4441 ], [ 1.3916, 11.4441 ], [ 1.3915, 11.4441 ], [ 1.3913, 11.4441 ], [ 1.3911, 11.4441 ], [ 1.391, 11.4441 ], [ 1.3908, 11.4442 ], [ 1.3907, 11.4443 ], [ 1.3906, 11.4444 ], [ 1.3906, 11.4446 ], [ 1.3905, 11.4447 ], [ 1.3905, 11.4449 ], [ 1.3904, 11.4451 ], [ 1.3904, 11.4453 ], [ 1.3902, 11.4454 ], [ 1.3901, 11.4454 ], [ 1.3899, 11.4455 ], [ 1.3898, 11.4455 ], [ 1.3896, 11.4454 ], [ 1.3895, 11.4454 ], [ 1.3893, 11.4453 ], [ 1.3891, 11.4452 ], [ 1.389, 11.4451 ], [ 1.3889, 11.445 ], [ 1.3888, 11.4448 ], [ 1.3887, 11.4447 ], [ 1.3886, 11.4446 ], [ 1.3885, 11.4445 ], [ 1.3884, 11.4443 ], [ 1.3883, 11.4441 ], [ 1.3882, 11.444 ], [ 1.3882, 11.4439 ], [ 1.3881, 11.4437 ], [ 1.3881, 11.4435 ], [ 1.3881, 11.4434 ], [ 1.3881, 11.4432 ], [ 1.388, 11.4431 ], [ 1.388, 11.4429 ], [ 1.3879, 11.4427 ], [ 1.3879, 11.4425 ], [ 1.3879, 11.4424 ], [ 1.3878, 11.4422 ], [ 1.3878, 11.442 ], [ 1.3878, 11.4418 ], [ 1.3878, 11.4416 ], [ 1.3878, 11.4414 ], [ 1.3878, 11.4413 ], [ 1.3879, 11.4412 ], [ 1.3881, 11.4411 ], [ 1.3882, 11.441 ], [ 1.3883, 11.4408 ], [ 1.3883, 11.4407 ], [ 1.3885, 11.4406 ], [ 1.3886, 11.4404 ], [ 1.3887, 11.4403 ], [ 1.3888, 11.4402 ], [ 1.389, 11.44 ], [ 1.3891, 11.4399 ], [ 1.3892, 11.4399 ], [ 1.3894, 11.4399 ], [ 1.3896, 11.4399 ], [ 1.3898, 11.4398 ], [ 1.3899, 11.4397 ], [ 1.39, 11.4395 ], [ 1.3902, 11.4395 ], [ 1.3903, 11.4393 ], [ 1.3904, 11.4392 ], [ 1.3905, 11.4391 ], [ 1.3906, 11.439 ], [ 1.3906, 11.4388 ], [ 1.3907, 11.4387 ], [ 1.3908, 11.4386 ], [ 1.391, 11.4385 ], [ 1.3911, 11.4384 ], [ 1.3911, 11.4382 ], [ 1.3911, 11.438 ], [ 1.3911, 11.4379 ], [ 1.391, 11.4377 ], [ 1.3909, 11.4375 ], [ 1.3907, 11.4375 ], [ 1.3905, 11.4374 ], [ 1.3904, 11.4374 ], [ 1.3902, 11.4374 ], [ 1.39, 11.4374 ], [ 1.3899, 11.4374 ], [ 1.3896, 11.4374 ], [ 1.3895, 11.4375 ], [ 1.3893, 11.4375 ], [ 1.3891, 11.4375 ], [ 1.389, 11.4376 ], [ 1.3888, 11.4376 ], [ 1.3887, 11.4377 ], [ 1.3885, 11.4378 ], [ 1.3883, 11.4378 ], [ 1.3882, 11.4378 ], [ 1.388, 11.4377 ], [ 1.3877, 11.4377 ], [ 1.3875, 11.4377 ], [ 1.3874, 11.4376 ], [ 1.3872, 11.4375 ], [ 1.3871, 11.4375 ], [ 1.387, 11.4373 ], [ 1.3869, 11.4371 ], [ 1.3868, 11.4369 ], [ 1.3868, 11.4367 ], [ 1.3866, 11.4366 ], [ 1.3864, 11.4365 ], [ 1.3863, 11.4364 ], [ 1.3861, 11.4363 ], [ 1.386, 11.4363 ], [ 1.3858, 11.4362 ], [ 1.3857, 11.4362 ], [ 1.3854, 11.4361 ], [ 1.3852, 11.436 ], [ 1.3851, 11.4359 ], [ 1.3849, 11.4358 ], [ 1.3848, 11.4357 ], [ 1.3846, 11.4355 ], [ 1.3845, 11.4354 ], [ 1.3844, 11.4353 ], [ 1.3842, 11.4352 ], [ 1.3841, 11.4351 ], [ 1.3839, 11.4351 ], [ 1.3837, 11.435 ], [ 1.3835, 11.4348 ], [ 1.3835, 11.4346 ], [ 1.3836, 11.4345 ], [ 1.3836, 11.4343 ], [ 1.3836, 11.4341 ], [ 1.3838, 11.434 ], [ 1.384, 11.434 ], [ 1.3841, 11.434 ], [ 1.3843, 11.434 ], [ 1.3844, 11.434 ], [ 1.3846, 11.4339 ], [ 1.3847, 11.4338 ], [ 1.3848, 11.4337 ], [ 1.385, 11.4337 ], [ 1.3852, 11.4338 ], [ 1.3853, 11.4338 ], [ 1.3855, 11.4339 ], [ 1.3856, 11.434 ], [ 1.3858, 11.4341 ], [ 1.3859, 11.4342 ], [ 1.3861, 11.4342 ], [ 1.3862, 11.4342 ], [ 1.3864, 11.4342 ], [ 1.3865, 11.4342 ], [ 1.3867, 11.4341 ], [ 1.3868, 11.4341 ], [ 1.387, 11.4341 ], [ 1.3872, 11.434 ], [ 1.3873, 11.434 ], [ 1.3875, 11.4339 ], [ 1.3877, 11.4338 ], [ 1.3879, 11.4338 ], [ 1.388, 11.4338 ], [ 1.3882, 11.4337 ], [ 1.3883, 11.4336 ], [ 1.3885, 11.4335 ], [ 1.3885, 11.4334 ], [ 1.3885, 11.4332 ], [ 1.3884, 11.433 ], [ 1.3884, 11.4329 ], [ 1.3883, 11.4327 ], [ 1.3883, 11.4326 ], [ 1.3882, 11.4324 ], [ 1.3881, 11.4323 ], [ 1.388, 11.4322 ], [ 1.3878, 11.4321 ], [ 1.3877, 11.4321 ], [ 1.3876, 11.432 ], [ 1.3875, 11.432 ], [ 1.3873, 11.432 ], [ 1.387, 11.4319 ], [ 1.3869, 11.4318 ], [ 1.3867, 11.4317 ], [ 1.3866, 11.4316 ], [ 1.3865, 11.4314 ], [ 1.3863, 11.4313 ], [ 1.3863, 11.4311 ], [ 1.3861, 11.431 ], [ 1.386, 11.4309 ], [ 1.3859, 11.4307 ], [ 1.3857, 11.4306 ], [ 1.3856, 11.4304 ], [ 1.3855, 11.4304 ], [ 1.3853, 11.4303 ], [ 1.3851, 11.4302 ], [ 1.385, 11.4302 ], [ 1.3848, 11.4301 ], [ 1.3846, 11.43 ], [ 1.3845, 11.4299 ], [ 1.3844, 11.4297 ], [ 1.3843, 11.4295 ], [ 1.3843, 11.4294 ], [ 1.3842, 11.4292 ], [ 1.3842, 11.4291 ], [ 1.3843, 11.4289 ], [ 1.3843, 11.4288 ], [ 1.3845, 11.4287 ], [ 1.3846, 11.4286 ], [ 1.3847, 11.4285 ], [ 1.3849, 11.4284 ], [ 1.3851, 11.4284 ], [ 1.3852, 11.4283 ], [ 1.3854, 11.4283 ], [ 1.3855, 11.4282 ], [ 1.3857, 11.4282 ], [ 1.3858, 11.4281 ], [ 1.3859, 11.428 ], [ 1.3861, 11.4278 ], [ 1.3862, 11.4276 ], [ 1.3862, 11.4274 ], [ 1.3861, 11.4273 ], [ 1.386, 11.4272 ], [ 1.3859, 11.427 ], [ 1.3858, 11.4269 ], [ 1.3857, 11.4267 ], [ 1.3855, 11.4266 ], [ 1.3854, 11.4265 ], [ 1.3853, 11.4264 ], [ 1.3852, 11.4262 ], [ 1.3853, 11.4261 ], [ 1.3854, 11.4259 ], [ 1.3855, 11.4258 ], [ 1.3856, 11.4257 ], [ 1.3858, 11.4255 ], [ 1.3859, 11.4254 ], [ 1.3861, 11.4252 ], [ 1.3862, 11.425 ], [ 1.3863, 11.4249 ], [ 1.3864, 11.4247 ], [ 1.3865, 11.4246 ], [ 1.3866, 11.4245 ], [ 1.3867, 11.4243 ], [ 1.3869, 11.4242 ], [ 1.3871, 11.4241 ], [ 1.3873, 11.424 ], [ 1.3873, 11.424 ], [ 1.3874, 11.4239 ], [ 1.3875, 11.4238 ], [ 1.3876, 11.4237 ], [ 1.3877, 11.4235 ], [ 1.3879, 11.4234 ], [ 1.388, 11.4233 ], [ 1.3882, 11.4232 ], [ 1.3883, 11.4232 ], [ 1.3884, 11.4231 ], [ 1.3886, 11.423 ], [ 1.3886, 11.4229 ], [ 1.3887, 11.4227 ], [ 1.3886, 11.4225 ], [ 1.3886, 11.4223 ], [ 1.3886, 11.4222 ], [ 1.3886, 11.422 ], [ 1.3885, 11.4219 ], [ 1.3885, 11.4217 ], [ 1.3884, 11.4216 ], [ 1.3883, 11.4214 ], [ 1.3883, 11.4212 ], [ 1.3884, 11.421 ], [ 1.3884, 11.4208 ], [ 1.3885, 11.4207 ], [ 1.3886, 11.4205 ], [ 1.3887, 11.4204 ], [ 1.3887, 11.4202 ], [ 1.3887, 11.4201 ], [ 1.3887, 11.4199 ], [ 1.3887, 11.4198 ], [ 1.3887, 11.4196 ], [ 1.3887, 11.4195 ], [ 1.3888, 11.4194 ], [ 1.3888, 11.4193 ], [ 1.3888, 11.4191 ], [ 1.3888, 11.419 ], [ 1.3888, 11.4188 ], [ 1.3889, 11.4187 ], [ 1.389, 11.4185 ], [ 1.389, 11.4183 ], [ 1.3891, 11.4181 ], [ 1.3892, 11.418 ], [ 1.3893, 11.4179 ], [ 1.3894, 11.4177 ], [ 1.3895, 11.4176 ], [ 1.3895, 11.4174 ], [ 1.3896, 11.4173 ], [ 1.3896, 11.4171 ], [ 1.3897, 11.417 ], [ 1.3898, 11.4168 ], [ 1.3899, 11.4167 ], [ 1.39, 11.4165 ], [ 1.39, 11.4163 ], [ 1.39, 11.4162 ], [ 1.3901, 11.416 ], [ 1.3902, 11.4158 ], [ 1.3902, 11.4157 ], [ 1.3903, 11.4155 ], [ 1.3904, 11.4154 ], [ 1.3904, 11.4154 ], [ 1.3905, 11.4153 ], [ 1.3905, 11.4153 ], [ 1.3906, 11.4151 ], [ 1.3907, 11.415 ], [ 1.3909, 11.4145 ], [ 1.3909, 11.4145 ], [ 1.391, 11.4143 ], [ 1.3911, 11.4142 ], [ 1.3911, 11.414 ], [ 1.3911, 11.4139 ], [ 1.3911, 11.4137 ], [ 1.3911, 11.4136 ], [ 1.3912, 11.4134 ], [ 1.3913, 11.4132 ], [ 1.3913, 11.4131 ], [ 1.3913, 11.4129 ], [ 1.3914, 11.4128 ], [ 1.3914, 11.4126 ], [ 1.3915, 11.4125 ], [ 1.3916, 11.4123 ], [ 1.3916, 11.4121 ], [ 1.3917, 11.412 ], [ 1.3918, 11.4118 ], [ 1.392, 11.4116 ], [ 1.3921, 11.4115 ], [ 1.3923, 11.4114 ], [ 1.3925, 11.4113 ], [ 1.3926, 11.4113 ], [ 1.3927, 11.4111 ], [ 1.3929, 11.4111 ], [ 1.393, 11.4111 ], [ 1.3932, 11.4112 ], [ 1.3933, 11.4112 ], [ 1.3935, 11.4113 ], [ 1.3937, 11.4114 ], [ 1.3938, 11.4115 ], [ 1.394, 11.4115 ], [ 1.3942, 11.4115 ], [ 1.3943, 11.4116 ], [ 1.3945, 11.4116 ], [ 1.3947, 11.4117 ], [ 1.3948, 11.4117 ], [ 1.395, 11.4117 ], [ 1.3952, 11.4117 ], [ 1.3953, 11.4117 ], [ 1.3955, 11.4117 ], [ 1.3957, 11.4116 ], [ 1.3958, 11.4115 ], [ 1.3959, 11.4113 ], [ 1.396, 11.4112 ], [ 1.3961, 11.4111 ], [ 1.3962, 11.4109 ], [ 1.3963, 11.4108 ], [ 1.3964, 11.4106 ], [ 1.3965, 11.4105 ], [ 1.3966, 11.4104 ], [ 1.3967, 11.4102 ], [ 1.3967, 11.4101 ], [ 1.3968, 11.4099 ], [ 1.3968, 11.4098 ], [ 1.3967, 11.4096 ], [ 1.3967, 11.4094 ], [ 1.3967, 11.4093 ], [ 1.3967, 11.4091 ], [ 1.3968, 11.4089 ], [ 1.3968, 11.4088 ], [ 1.3968, 11.4086 ], [ 1.3968, 11.4086 ], [ 1.3968, 11.4083 ], [ 1.3968, 11.4082 ], [ 1.3968, 11.408 ], [ 1.3968, 11.4079 ], [ 1.3968, 11.4077 ], [ 1.3968, 11.4075 ], [ 1.3967, 11.4074 ], [ 1.3966, 11.4072 ], [ 1.3965, 11.4071 ], [ 1.3964, 11.407 ], [ 1.3963, 11.4069 ], [ 1.3961, 11.4068 ], [ 1.396, 11.4067 ], [ 1.3959, 11.4066 ], [ 1.3957, 11.4065 ], [ 1.3956, 11.4064 ], [ 1.3955, 11.4064 ], [ 1.3953, 11.4063 ], [ 1.3952, 11.4062 ], [ 1.395, 11.4061 ], [ 1.3949, 11.406 ], [ 1.3947, 11.4059 ], [ 1.3946, 11.4058 ], [ 1.3944, 11.4057 ], [ 1.3942, 11.4056 ], [ 1.3941, 11.4055 ], [ 1.3939, 11.4054 ], [ 1.3938, 11.4053 ], [ 1.3936, 11.4053 ], [ 1.3934, 11.4052 ], [ 1.3933, 11.4051 ], [ 1.3931, 11.405 ], [ 1.3929, 11.4049 ], [ 1.3928, 11.4048 ], [ 1.3926, 11.4048 ], [ 1.3924, 11.4047 ], [ 1.3923, 11.4046 ], [ 1.3921, 11.4046 ], [ 1.3919, 11.4045 ], [ 1.3917, 11.4045 ], [ 1.3915, 11.4044 ], [ 1.3914, 11.4044 ], [ 1.3909, 11.4044 ], [ 1.3907, 11.4044 ], [ 1.3906, 11.4044 ], [ 1.3904, 11.4044 ], [ 1.3902, 11.4044 ], [ 1.3901, 11.4045 ], [ 1.3899, 11.4045 ], [ 1.3897, 11.4045 ], [ 1.3896, 11.4046 ], [ 1.3895, 11.4047 ], [ 1.3893, 11.4048 ], [ 1.3891, 11.4048 ], [ 1.389, 11.405 ], [ 1.3888, 11.405 ], [ 1.3886, 11.4051 ], [ 1.3885, 11.4051 ], [ 1.3883, 11.4051 ], [ 1.3882, 11.4051 ], [ 1.388, 11.4052 ], [ 1.3878, 11.4052 ], [ 1.3876, 11.4051 ], [ 1.3874, 11.4051 ], [ 1.3873, 11.405 ], [ 1.3871, 11.4049 ], [ 1.3869, 11.4049 ], [ 1.3868, 11.4048 ], [ 1.3866, 11.4047 ], [ 1.3865, 11.4046 ], [ 1.3864, 11.4045 ], [ 1.3861, 11.4045 ], [ 1.386, 11.4045 ], [ 1.3858, 11.4044 ], [ 1.3857, 11.4043 ], [ 1.3856, 11.4042 ], [ 1.3855, 11.4041 ], [ 1.3853, 11.404 ], [ 1.3852, 11.4039 ], [ 1.3851, 11.4038 ], [ 1.385, 11.4037 ], [ 1.3849, 11.4035 ], [ 1.3848, 11.4034 ], [ 1.3846, 11.4034 ], [ 1.3845, 11.4033 ], [ 1.3844, 11.4031 ], [ 1.3843, 11.4029 ], [ 1.3842, 11.4028 ], [ 1.3842, 11.4026 ], [ 1.3841, 11.4025 ], [ 1.384, 11.4023 ], [ 1.3838, 11.4022 ], [ 1.3837, 11.4021 ], [ 1.3836, 11.402 ], [ 1.3834, 11.4019 ], [ 1.3833, 11.4018 ], [ 1.3831, 11.4017 ], [ 1.3829, 11.4017 ], [ 1.3828, 11.4016 ], [ 1.3826, 11.4015 ], [ 1.3825, 11.4014 ], [ 1.3824, 11.4012 ], [ 1.3823, 11.4011 ], [ 1.3822, 11.4009 ], [ 1.3822, 11.4008 ], [ 1.3822, 11.4006 ], [ 1.3822, 11.4004 ], [ 1.3823, 11.4003 ], [ 1.3824, 11.4001 ], [ 1.3825, 11.4001 ], [ 1.3827, 11.4 ], [ 1.3828, 11.3998 ], [ 1.3829, 11.3997 ], [ 1.383, 11.3997 ], [ 1.3832, 11.3996 ], [ 1.3834, 11.3995 ], [ 1.3836, 11.3995 ], [ 1.3837, 11.3994 ], [ 1.3839, 11.3993 ], [ 1.384, 11.3992 ], [ 1.3841, 11.3991 ], [ 1.3842, 11.399 ], [ 1.3843, 11.3988 ], [ 1.3844, 11.3987 ], [ 1.3845, 11.3986 ], [ 1.3847, 11.3986 ], [ 1.3849, 11.3986 ], [ 1.3851, 11.3987 ], [ 1.3852, 11.3988 ], [ 1.3854, 11.3989 ], [ 1.3855, 11.3989 ], [ 1.3857, 11.399 ], [ 1.3859, 11.399 ], [ 1.3861, 11.399 ], [ 1.3863, 11.3989 ], [ 1.3864, 11.3988 ], [ 1.3865, 11.3987 ], [ 1.3865, 11.3985 ], [ 1.3866, 11.3983 ], [ 1.3865, 11.3982 ], [ 1.3865, 11.398 ], [ 1.3864, 11.3979 ], [ 1.3862, 11.3977 ], [ 1.3861, 11.3977 ], [ 1.3859, 11.3976 ], [ 1.3857, 11.3975 ], [ 1.3856, 11.3975 ], [ 1.3854, 11.3975 ], [ 1.3853, 11.3975 ], [ 1.3851, 11.3975 ], [ 1.385, 11.3975 ], [ 1.3848, 11.3975 ], [ 1.3847, 11.3974 ], [ 1.3845, 11.3974 ], [ 1.3843, 11.3973 ], [ 1.3842, 11.3972 ], [ 1.384, 11.3971 ], [ 1.3839, 11.397 ], [ 1.3838, 11.3968 ], [ 1.3837, 11.3966 ], [ 1.3837, 11.3965 ], [ 1.3837, 11.3963 ], [ 1.3836, 11.3962 ], [ 1.3836, 11.396 ], [ 1.3837, 11.3959 ], [ 1.3837, 11.3957 ], [ 1.3838, 11.3956 ], [ 1.3839, 11.3954 ], [ 1.384, 11.3953 ], [ 1.3842, 11.3952 ], [ 1.3842, 11.3951 ], [ 1.3843, 11.395 ], [ 1.3844, 11.3948 ], [ 1.3844, 11.3946 ], [ 1.3845, 11.3945 ], [ 1.3845, 11.3943 ], [ 1.3846, 11.3941 ], [ 1.3846, 11.394 ], [ 1.3847, 11.3938 ], [ 1.3847, 11.3936 ], [ 1.3848, 11.3935 ], [ 1.3849, 11.3934 ], [ 1.3851, 11.3933 ], [ 1.3851, 11.3932 ], [ 1.3852, 11.393 ], [ 1.3852, 11.3929 ], [ 1.3852, 11.3927 ], [ 1.3852, 11.3925 ], [ 1.3851, 11.3924 ], [ 1.385, 11.3923 ], [ 1.3849, 11.3921 ], [ 1.3848, 11.392 ], [ 1.3847, 11.3919 ], [ 1.3846, 11.3918 ], [ 1.3845, 11.3918 ], [ 1.3844, 11.3918 ], [ 1.3843, 11.3918 ], [ 1.3842, 11.3918 ], [ 1.3841, 11.3918 ], [ 1.384, 11.3918 ], [ 1.3839, 11.3917 ], [ 1.3836, 11.3917 ], [ 1.3835, 11.3917 ], [ 1.3834, 11.3917 ], [ 1.3833, 11.3916 ], [ 1.3831, 11.3915 ], [ 1.383, 11.3915 ], [ 1.3828, 11.3914 ], [ 1.3827, 11.3912 ], [ 1.3827, 11.3911 ], [ 1.3827, 11.3909 ], [ 1.3829, 11.3908 ], [ 1.383, 11.3907 ], [ 1.383, 11.3905 ], [ 1.383, 11.3903 ], [ 1.3829, 11.3902 ], [ 1.3829, 11.39 ], [ 1.3828, 11.3898 ], [ 1.3827, 11.3896 ], [ 1.3826, 11.3895 ], [ 1.3825, 11.3894 ], [ 1.3824, 11.3892 ], [ 1.3823, 11.3891 ], [ 1.3821, 11.389 ], [ 1.382, 11.3889 ], [ 1.3819, 11.3888 ], [ 1.3817, 11.3887 ], [ 1.3816, 11.3886 ], [ 1.3814, 11.3885 ], [ 1.3812, 11.3885 ], [ 1.3811, 11.3884 ], [ 1.3809, 11.3883 ], [ 1.3808, 11.3883 ], [ 1.3806, 11.3882 ], [ 1.3804, 11.3882 ], [ 1.3803, 11.3881 ], [ 1.3801, 11.3881 ], [ 1.3798, 11.3881 ], [ 1.3797, 11.3882 ], [ 1.3795, 11.3883 ], [ 1.3794, 11.3884 ], [ 1.3793, 11.3886 ], [ 1.3792, 11.3888 ], [ 1.3792, 11.3889 ], [ 1.3791, 11.3891 ], [ 1.379, 11.3893 ], [ 1.379, 11.3894 ], [ 1.379, 11.3895 ], [ 1.3789, 11.3897 ], [ 1.3787, 11.3898 ], [ 1.3786, 11.39 ], [ 1.3785, 11.3901 ], [ 1.3784, 11.3902 ], [ 1.3781, 11.3904 ], [ 1.3781, 11.3905 ], [ 1.378, 11.3907 ], [ 1.3779, 11.3908 ], [ 1.3779, 11.391 ], [ 1.3778, 11.3911 ], [ 1.3778, 11.3913 ], [ 1.3777, 11.3914 ], [ 1.3776, 11.3915 ], [ 1.3774, 11.3916 ], [ 1.3773, 11.3917 ], [ 1.3772, 11.3917 ], [ 1.377, 11.3918 ], [ 1.3769, 11.3918 ], [ 1.3768, 11.3918 ], [ 1.3767, 11.3918 ], [ 1.3765, 11.3917 ], [ 1.3763, 11.3917 ], [ 1.3762, 11.3917 ], [ 1.376, 11.3917 ], [ 1.3758, 11.3917 ], [ 1.3757, 11.3918 ], [ 1.3755, 11.3918 ], [ 1.3752, 11.3918 ], [ 1.3751, 11.3918 ], [ 1.3749, 11.3919 ], [ 1.3747, 11.392 ], [ 1.3745, 11.3921 ], [ 1.3744, 11.3922 ], [ 1.3742, 11.3923 ], [ 1.3741, 11.3923 ], [ 1.3739, 11.3924 ], [ 1.3737, 11.3924 ], [ 1.3735, 11.3923 ], [ 1.3734, 11.3922 ], [ 1.3733, 11.392 ], [ 1.3733, 11.3919 ], [ 1.3733, 11.3917 ], [ 1.3733, 11.3915 ], [ 1.3732, 11.3914 ], [ 1.3732, 11.3912 ], [ 1.3732, 11.3911 ], [ 1.3732, 11.3909 ], [ 1.3733, 11.3907 ], [ 1.3733, 11.3905 ], [ 1.3733, 11.3904 ], [ 1.3733, 11.3902 ], [ 1.3733, 11.3901 ], [ 1.3733, 11.3899 ], [ 1.3732, 11.3898 ], [ 1.3731, 11.3897 ], [ 1.3729, 11.3896 ], [ 1.3728, 11.3895 ], [ 1.3726, 11.3894 ], [ 1.3724, 11.3894 ], [ 1.3722, 11.3893 ], [ 1.3722, 11.3893 ], [ 1.3721, 11.3893 ], [ 1.3717, 11.3893 ], [ 1.3715, 11.3893 ], [ 1.3713, 11.3894 ], [ 1.3712, 11.3895 ], [ 1.371, 11.3897 ], [ 1.3709, 11.3898 ], [ 1.3707, 11.3899 ], [ 1.3705, 11.39 ], [ 1.3704, 11.39 ], [ 1.3701, 11.39 ], [ 1.37, 11.3901 ], [ 1.3698, 11.3902 ], [ 1.3696, 11.3902 ], [ 1.3694, 11.3903 ], [ 1.3692, 11.3903 ], [ 1.3691, 11.3903 ], [ 1.3689, 11.3904 ], [ 1.3687, 11.3904 ], [ 1.3685, 11.3905 ], [ 1.3684, 11.3905 ], [ 1.3681, 11.3906 ], [ 1.368, 11.3906 ], [ 1.3678, 11.3906 ], [ 1.3676, 11.3907 ], [ 1.3675, 11.3907 ], [ 1.3673, 11.3908 ], [ 1.3671, 11.3908 ], [ 1.3669, 11.3909 ], [ 1.3667, 11.391 ], [ 1.3666, 11.3911 ], [ 1.3664, 11.3911 ], [ 1.3662, 11.3912 ], [ 1.366, 11.3913 ], [ 1.3659, 11.3915 ], [ 1.3659, 11.3916 ], [ 1.3658, 11.3918 ], [ 1.3657, 11.392 ], [ 1.3656, 11.3921 ], [ 1.3655, 11.3923 ], [ 1.3655, 11.3925 ], [ 1.3654, 11.3927 ], [ 1.3653, 11.3928 ], [ 1.3653, 11.3929 ], [ 1.3652, 11.393 ], [ 1.3651, 11.3931 ], [ 1.365, 11.3932 ], [ 1.3649, 11.3934 ], [ 1.3648, 11.3935 ], [ 1.3646, 11.3936 ], [ 1.3645, 11.3938 ], [ 1.3644, 11.394 ], [ 1.3642, 11.3941 ], [ 1.364, 11.3941 ], [ 1.3639, 11.3942 ], [ 1.3637, 11.3943 ], [ 1.3636, 11.3944 ], [ 1.3634, 11.3945 ], [ 1.3633, 11.3946 ], [ 1.3632, 11.3948 ], [ 1.363, 11.3949 ], [ 1.3628, 11.3949 ], [ 1.3627, 11.395 ], [ 1.3625, 11.395 ], [ 1.3624, 11.395 ], [ 1.3622, 11.395 ], [ 1.3621, 11.3951 ], [ 1.3619, 11.3952 ], [ 1.3618, 11.3954 ], [ 1.3617, 11.3955 ], [ 1.3616, 11.3956 ], [ 1.3615, 11.3956 ], [ 1.3613, 11.3957 ], [ 1.3612, 11.3958 ], [ 1.361, 11.3959 ], [ 1.3609, 11.3959 ], [ 1.3607, 11.3959 ], [ 1.3605, 11.3959 ], [ 1.3604, 11.3959 ], [ 1.3602, 11.396 ], [ 1.36, 11.3959 ], [ 1.3598, 11.3959 ], [ 1.3596, 11.3959 ], [ 1.3595, 11.3958 ], [ 1.3593, 11.3957 ], [ 1.3592, 11.3957 ], [ 1.359, 11.3955 ], [ 1.3589, 11.3954 ], [ 1.3588, 11.3953 ], [ 1.3586, 11.3952 ], [ 1.3585, 11.3951 ], [ 1.3584, 11.395 ], [ 1.3583, 11.3949 ], [ 1.3582, 11.3948 ], [ 1.3581, 11.3946 ], [ 1.358, 11.3945 ], [ 1.3579, 11.3944 ], [ 1.3578, 11.3942 ], [ 1.3577, 11.3941 ], [ 1.3576, 11.3939 ], [ 1.3575, 11.3938 ], [ 1.3574, 11.3936 ], [ 1.3574, 11.3935 ], [ 1.3573, 11.3933 ], [ 1.3573, 11.3931 ], [ 1.3573, 11.393 ], [ 1.3573, 11.3928 ], [ 1.3573, 11.3927 ], [ 1.3574, 11.3925 ], [ 1.3574, 11.3924 ], [ 1.3575, 11.3922 ], [ 1.3576, 11.3921 ], [ 1.3577, 11.3919 ], [ 1.3578, 11.3918 ], [ 1.3579, 11.3916 ], [ 1.358, 11.3915 ], [ 1.358, 11.3914 ], [ 1.3581, 11.3912 ], [ 1.3582, 11.3911 ], [ 1.3583, 11.3909 ], [ 1.3584, 11.3909 ], [ 1.3584, 11.3908 ], [ 1.3585, 11.3907 ], [ 1.3586, 11.3905 ], [ 1.3587, 11.3904 ], [ 1.3589, 11.3903 ], [ 1.359, 11.3902 ], [ 1.3591, 11.3901 ], [ 1.3592, 11.3899 ], [ 1.3593, 11.3898 ], [ 1.3594, 11.3896 ], [ 1.3595, 11.3894 ], [ 1.3595, 11.3893 ], [ 1.3596, 11.3892 ], [ 1.3596, 11.389 ], [ 1.3597, 11.3888 ], [ 1.3597, 11.3886 ], [ 1.3598, 11.3885 ], [ 1.3598, 11.3883 ], [ 1.3599, 11.3881 ], [ 1.3599, 11.388 ], [ 1.3599, 11.3878 ], [ 1.3599, 11.3877 ], [ 1.3599, 11.3875 ], [ 1.3599, 11.3873 ], [ 1.3599, 11.3872 ], [ 1.36, 11.387 ], [ 1.36, 11.3868 ], [ 1.3599, 11.3867 ], [ 1.3599, 11.3865 ], [ 1.3599, 11.3864 ], [ 1.3599, 11.3862 ], [ 1.3599, 11.386 ], [ 1.3598, 11.3858 ], [ 1.3598, 11.3856 ], [ 1.3597, 11.3855 ], [ 1.3597, 11.3853 ], [ 1.3596, 11.3852 ], [ 1.3596, 11.385 ], [ 1.3595, 11.3848 ], [ 1.3594, 11.3846 ], [ 1.3593, 11.3845 ], [ 1.3592, 11.3844 ], [ 1.3591, 11.3842 ], [ 1.359, 11.3841 ], [ 1.3588, 11.3841 ], [ 1.3587, 11.3841 ], [ 1.3585, 11.3841 ], [ 1.3583, 11.3841 ], [ 1.3582, 11.3841 ], [ 1.358, 11.3841 ], [ 1.3579, 11.384 ], [ 1.3577, 11.3839 ], [ 1.3576, 11.3837 ], [ 1.3575, 11.3836 ], [ 1.3573, 11.3833 ], [ 1.3572, 11.3833 ], [ 1.357, 11.3831 ], [ 1.3569, 11.383 ], [ 1.3568, 11.3829 ], [ 1.3567, 11.3828 ], [ 1.3565, 11.3827 ], [ 1.3564, 11.3825 ], [ 1.3563, 11.3824 ], [ 1.3562, 11.3822 ], [ 1.3561, 11.3821 ], [ 1.356, 11.3819 ], [ 1.3559, 11.3818 ], [ 1.3558, 11.3816 ], [ 1.3557, 11.3815 ], [ 1.3556, 11.3813 ], [ 1.3556, 11.3812 ], [ 1.3555, 11.3811 ], [ 1.3554, 11.381 ], [ 1.3553, 11.3808 ], [ 1.3552, 11.3807 ], [ 1.3552, 11.3805 ], [ 1.3552, 11.3803 ], [ 1.3552, 11.3802 ], [ 1.3552, 11.38 ], [ 1.3551, 11.3799 ], [ 1.355, 11.3798 ], [ 1.3548, 11.3798 ], [ 1.3546, 11.3797 ], [ 1.3544, 11.3797 ], [ 1.3543, 11.3797 ], [ 1.3541, 11.3798 ], [ 1.354, 11.3798 ], [ 1.3539, 11.38 ], [ 1.3538, 11.3801 ], [ 1.3538, 11.3802 ], [ 1.3537, 11.3803 ], [ 1.3536, 11.3804 ], [ 1.3536, 11.3805 ], [ 1.3536, 11.3807 ], [ 1.3536, 11.3809 ], [ 1.3536, 11.381 ], [ 1.3536, 11.3812 ], [ 1.3536, 11.3814 ], [ 1.3535, 11.3816 ], [ 1.3535, 11.3818 ], [ 1.3534, 11.3819 ], [ 1.3532, 11.382 ], [ 1.3531, 11.3819 ], [ 1.3529, 11.3818 ], [ 1.3528, 11.3817 ], [ 1.3528, 11.3816 ], [ 1.3527, 11.3813 ], [ 1.3526, 11.3811 ], [ 1.3525, 11.381 ], [ 1.3524, 11.3809 ], [ 1.3523, 11.3808 ], [ 1.3521, 11.3807 ], [ 1.3519, 11.3807 ], [ 1.3518, 11.3806 ], [ 1.3516, 11.3804 ], [ 1.3515, 11.3803 ], [ 1.3515, 11.3801 ], [ 1.3514, 11.3799 ], [ 1.3514, 11.3798 ], [ 1.3514, 11.3796 ], [ 1.3514, 11.3794 ], [ 1.3514, 11.3792 ], [ 1.3514, 11.3791 ], [ 1.3514, 11.3789 ], [ 1.3515, 11.3788 ], [ 1.3515, 11.3786 ], [ 1.3516, 11.3785 ], [ 1.3516, 11.3783 ], [ 1.3517, 11.3782 ], [ 1.3518, 11.3781 ], [ 1.3519, 11.378 ], [ 1.352, 11.3778 ], [ 1.3522, 11.3777 ], [ 1.3523, 11.3776 ], [ 1.3524, 11.3775 ], [ 1.3526, 11.3774 ], [ 1.3527, 11.3773 ], [ 1.3528, 11.3772 ], [ 1.3529, 11.3771 ], [ 1.353, 11.377 ], [ 1.3531, 11.3768 ], [ 1.3532, 11.3766 ], [ 1.3532, 11.3765 ], [ 1.3532, 11.3763 ], [ 1.3532, 11.3761 ], [ 1.3531, 11.3759 ], [ 1.353, 11.3758 ], [ 1.3529, 11.3756 ], [ 1.3528, 11.3755 ], [ 1.3526, 11.3754 ], [ 1.3525, 11.3752 ], [ 1.3523, 11.3751 ], [ 1.3522, 11.375 ], [ 1.3521, 11.375 ], [ 1.3519, 11.3749 ], [ 1.3517, 11.3749 ], [ 1.3515, 11.3749 ], [ 1.3513, 11.3748 ], [ 1.3511, 11.3747 ], [ 1.351, 11.3747 ], [ 1.3509, 11.3746 ], [ 1.3508, 11.3745 ], [ 1.3507, 11.3744 ], [ 1.3506, 11.3742 ], [ 1.3505, 11.3741 ], [ 1.3504, 11.3739 ], [ 1.3504, 11.3738 ], [ 1.3504, 11.3736 ], [ 1.3504, 11.3734 ], [ 1.3504, 11.3733 ], [ 1.3503, 11.3731 ], [ 1.3502, 11.373 ], [ 1.35, 11.3728 ], [ 1.3499, 11.3727 ], [ 1.3498, 11.3726 ], [ 1.3497, 11.3725 ], [ 1.3497, 11.3723 ], [ 1.3497, 11.3722 ], [ 1.3498, 11.372 ], [ 1.3498, 11.3718 ], [ 1.3498, 11.3716 ], [ 1.3499, 11.3715 ], [ 1.35, 11.3713 ], [ 1.35, 11.3712 ], [ 1.3501, 11.371 ], [ 1.3501, 11.3708 ], [ 1.3502, 11.3707 ], [ 1.3503, 11.3705 ], [ 1.3504, 11.3704 ], [ 1.3504, 11.3702 ], [ 1.3505, 11.37 ], [ 1.3506, 11.3699 ], [ 1.3507, 11.3698 ], [ 1.3508, 11.3697 ], [ 1.3509, 11.3695 ], [ 1.3511, 11.3694 ], [ 1.3513, 11.3693 ], [ 1.3513, 11.3692 ], [ 1.3514, 11.369 ], [ 1.3514, 11.3688 ], [ 1.3513, 11.3687 ], [ 1.3513, 11.3685 ], [ 1.3512, 11.3684 ], [ 1.351, 11.3683 ], [ 1.3509, 11.3683 ], [ 1.3507, 11.3684 ], [ 1.3506, 11.3684 ], [ 1.3504, 11.3685 ], [ 1.3503, 11.3685 ], [ 1.3501, 11.3685 ], [ 1.35, 11.3684 ], [ 1.3498, 11.3684 ], [ 1.3497, 11.3683 ], [ 1.3495, 11.3682 ], [ 1.3494, 11.3681 ], [ 1.3492, 11.368 ], [ 1.349, 11.3679 ], [ 1.3489, 11.3679 ], [ 1.3488, 11.3678 ], [ 1.3487, 11.3677 ], [ 1.3485, 11.3677 ], [ 1.3483, 11.3676 ], [ 1.3482, 11.3676 ], [ 1.348, 11.3676 ], [ 1.3479, 11.3676 ], [ 1.3477, 11.3676 ], [ 1.3475, 11.3677 ], [ 1.3474, 11.3677 ], [ 1.3472, 11.3677 ], [ 1.347, 11.3676 ], [ 1.3469, 11.3676 ], [ 1.3468, 11.3675 ], [ 1.3466, 11.3674 ], [ 1.3464, 11.3674 ], [ 1.3463, 11.3674 ], [ 1.3461, 11.3674 ], [ 1.3459, 11.3674 ], [ 1.3457, 11.3674 ], [ 1.3455, 11.3674 ], [ 1.3454, 11.3674 ], [ 1.3452, 11.3674 ], [ 1.3451, 11.3675 ], [ 1.345, 11.3677 ], [ 1.345, 11.3678 ], [ 1.3449, 11.368 ], [ 1.3449, 11.3682 ], [ 1.3449, 11.3684 ], [ 1.3448, 11.3685 ], [ 1.3447, 11.3686 ], [ 1.3445, 11.3686 ], [ 1.3443, 11.3686 ], [ 1.3441, 11.3686 ], [ 1.344, 11.3685 ], [ 1.3438, 11.3684 ], [ 1.3437, 11.3683 ], [ 1.3436, 11.3681 ], [ 1.3435, 11.368 ], [ 1.3434, 11.3678 ], [ 1.3433, 11.3677 ], [ 1.3431, 11.3675 ], [ 1.343, 11.3673 ], [ 1.3429, 11.3672 ], [ 1.3427, 11.3671 ], [ 1.3425, 11.3671 ], [ 1.3424, 11.367 ], [ 1.3422, 11.3669 ], [ 1.3421, 11.3669 ], [ 1.342, 11.3668 ], [ 1.3418, 11.3666 ], [ 1.3417, 11.3665 ], [ 1.3417, 11.3663 ], [ 1.3416, 11.3661 ], [ 1.3416, 11.366 ], [ 1.3415, 11.3658 ], [ 1.3414, 11.3656 ], [ 1.3413, 11.3655 ], [ 1.3413, 11.3654 ], [ 1.3412, 11.3652 ], [ 1.3412, 11.365 ], [ 1.3412, 11.3649 ], [ 1.3411, 11.3647 ], [ 1.3411, 11.3646 ], [ 1.3411, 11.3644 ], [ 1.3411, 11.3643 ], [ 1.3411, 11.3641 ], [ 1.3411, 11.364 ], [ 1.341, 11.3638 ], [ 1.341, 11.3636 ], [ 1.3409, 11.3635 ], [ 1.3407, 11.3634 ], [ 1.3406, 11.3633 ], [ 1.3404, 11.3632 ], [ 1.3402, 11.3632 ], [ 1.3401, 11.3631 ], [ 1.3399, 11.3631 ], [ 1.3397, 11.363 ], [ 1.3396, 11.363 ], [ 1.3394, 11.363 ], [ 1.3393, 11.3631 ], [ 1.3391, 11.3631 ], [ 1.3389, 11.3632 ], [ 1.3388, 11.3633 ], [ 1.3387, 11.3635 ], [ 1.3386, 11.3635 ], [ 1.3385, 11.3637 ], [ 1.3385, 11.3637 ], [ 1.3384, 11.3638 ], [ 1.3383, 11.3639 ], [ 1.3382, 11.3639 ], [ 1.3381, 11.364 ], [ 1.3379, 11.364 ], [ 1.3378, 11.364 ], [ 1.3376, 11.364 ], [ 1.3375, 11.364 ], [ 1.3373, 11.364 ], [ 1.3371, 11.364 ], [ 1.3369, 11.364 ], [ 1.3367, 11.364 ], [ 1.3366, 11.3639 ], [ 1.3364, 11.364 ], [ 1.3362, 11.364 ], [ 1.336, 11.3641 ], [ 1.3358, 11.3642 ], [ 1.3357, 11.3643 ], [ 1.3356, 11.3644 ], [ 1.3355, 11.3645 ], [ 1.3355, 11.3647 ], [ 1.3354, 11.3648 ], [ 1.3353, 11.365 ], [ 1.3353, 11.3652 ], [ 1.3353, 11.3654 ], [ 1.3353, 11.3655 ], [ 1.3354, 11.3657 ], [ 1.3355, 11.3658 ], [ 1.3357, 11.3659 ], [ 1.3358, 11.3661 ], [ 1.336, 11.3662 ], [ 1.3361, 11.3662 ], [ 1.3362, 11.3663 ], [ 1.3364, 11.3663 ], [ 1.3365, 11.3664 ], [ 1.3366, 11.3665 ], [ 1.3367, 11.3665 ], [ 1.3368, 11.3667 ], [ 1.3369, 11.3668 ], [ 1.337, 11.3669 ], [ 1.3371, 11.3671 ], [ 1.3371, 11.3673 ], [ 1.3372, 11.3675 ], [ 1.3372, 11.3676 ], [ 1.3372, 11.3678 ], [ 1.337, 11.3679 ], [ 1.3369, 11.368 ], [ 1.3367, 11.368 ], [ 1.3366, 11.3681 ], [ 1.3365, 11.3681 ], [ 1.3362, 11.3681 ], [ 1.3361, 11.3681 ], [ 1.3359, 11.3681 ], [ 1.3358, 11.368 ], [ 1.3356, 11.368 ], [ 1.3354, 11.368 ], [ 1.3352, 11.368 ], [ 1.3351, 11.368 ], [ 1.3349, 11.368 ], [ 1.3347, 11.368 ], [ 1.3346, 11.368 ], [ 1.3344, 11.368 ], [ 1.3343, 11.368 ], [ 1.334, 11.368 ], [ 1.3339, 11.368 ], [ 1.3337, 11.368 ], [ 1.3335, 11.3679 ], [ 1.3334, 11.3678 ], [ 1.3332, 11.3678 ], [ 1.3331, 11.3677 ], [ 1.333, 11.3675 ], [ 1.3328, 11.3675 ], [ 1.3327, 11.3674 ], [ 1.3325, 11.3673 ], [ 1.3323, 11.3673 ], [ 1.3321, 11.3672 ], [ 1.3319, 11.3672 ], [ 1.3318, 11.3672 ], [ 1.3316, 11.3672 ], [ 1.3315, 11.3672 ], [ 1.3313, 11.3672 ], [ 1.3312, 11.3672 ], [ 1.3309, 11.3671 ], [ 1.3307, 11.3671 ], [ 1.3306, 11.367 ], [ 1.3305, 11.3668 ], [ 1.3304, 11.3667 ], [ 1.3303, 11.3665 ], [ 1.3302, 11.3664 ], [ 1.33, 11.3664 ], [ 1.3299, 11.3664 ], [ 1.3297, 11.3664 ], [ 1.3296, 11.3664 ], [ 1.3294, 11.3665 ], [ 1.3293, 11.3666 ], [ 1.3292, 11.3667 ], [ 1.3291, 11.3668 ], [ 1.329, 11.367 ], [ 1.3288, 11.3671 ], [ 1.3286, 11.3671 ], [ 1.3284, 11.3671 ], [ 1.3283, 11.3671 ], [ 1.3281, 11.3671 ], [ 1.328, 11.3671 ], [ 1.3278, 11.3671 ], [ 1.3276, 11.3671 ], [ 1.3274, 11.3671 ], [ 1.3273, 11.3671 ], [ 1.3271, 11.3671 ], [ 1.327, 11.367 ], [ 1.3268, 11.3669 ], [ 1.3267, 11.3668 ], [ 1.3266, 11.3666 ], [ 1.3265, 11.3664 ], [ 1.3265, 11.3663 ], [ 1.3265, 11.3661 ], [ 1.3265, 11.366 ], [ 1.3265, 11.3658 ], [ 1.3265, 11.3656 ], [ 1.3266, 11.3655 ], [ 1.3267, 11.3653 ], [ 1.3268, 11.3652 ], [ 1.3268, 11.365 ], [ 1.3269, 11.3648 ], [ 1.327, 11.3647 ], [ 1.327, 11.3645 ], [ 1.327, 11.3644 ], [ 1.3269, 11.3642 ], [ 1.3267, 11.3641 ], [ 1.3265, 11.364 ], [ 1.3264, 11.364 ], [ 1.3262, 11.3641 ], [ 1.3261, 11.3641 ], [ 1.3259, 11.3641 ], [ 1.3257, 11.3641 ], [ 1.3256, 11.3641 ], [ 1.3255, 11.364 ], [ 1.3254, 11.3638 ], [ 1.3254, 11.3636 ], [ 1.3256, 11.3635 ], [ 1.3257, 11.3635 ], [ 1.3258, 11.3634 ], [ 1.3259, 11.3632 ], [ 1.326, 11.3631 ], [ 1.326, 11.3629 ], [ 1.326, 11.3628 ], [ 1.326, 11.3626 ], [ 1.3261, 11.3624 ], [ 1.3261, 11.3623 ], [ 1.3261, 11.3621 ], [ 1.3261, 11.362 ], [ 1.3262, 11.362 ], [ 1.3262, 11.3618 ], [ 1.3263, 11.3617 ], [ 1.3265, 11.3616 ], [ 1.3267, 11.3615 ], [ 1.3268, 11.3614 ], [ 1.327, 11.3613 ], [ 1.3271, 11.3613 ], [ 1.3273, 11.3612 ], [ 1.3274, 11.3612 ], [ 1.3276, 11.3612 ], [ 1.3277, 11.3612 ], [ 1.3279, 11.3613 ], [ 1.328, 11.3613 ], [ 1.3282, 11.3614 ], [ 1.3283, 11.3615 ], [ 1.3285, 11.3616 ], [ 1.3286, 11.3617 ], [ 1.3287, 11.3618 ], [ 1.3287, 11.362 ], [ 1.3288, 11.3621 ], [ 1.3289, 11.3623 ], [ 1.329, 11.3624 ], [ 1.3291, 11.3625 ], [ 1.3292, 11.3626 ], [ 1.3294, 11.3626 ], [ 1.3296, 11.3625 ], [ 1.3297, 11.3624 ], [ 1.3297, 11.3622 ], [ 1.3297, 11.3621 ], [ 1.3296, 11.362 ], [ 1.3295, 11.3618 ], [ 1.3294, 11.3617 ], [ 1.3293, 11.3616 ], [ 1.3292, 11.3614 ], [ 1.329, 11.3612 ], [ 1.3289, 11.3611 ], [ 1.3288, 11.361 ], [ 1.3288, 11.3608 ], [ 1.3288, 11.3607 ], [ 1.3288, 11.3605 ], [ 1.3288, 11.3604 ], [ 1.3287, 11.3602 ], [ 1.3287, 11.36 ], [ 1.3286, 11.3599 ], [ 1.3284, 11.3598 ], [ 1.3283, 11.3598 ], [ 1.3281, 11.3599 ], [ 1.3279, 11.3599 ], [ 1.3278, 11.36 ], [ 1.3277, 11.3601 ], [ 1.3276, 11.3602 ], [ 1.3275, 11.3604 ], [ 1.3274, 11.3605 ], [ 1.3272, 11.3605 ], [ 1.327, 11.3606 ], [ 1.3269, 11.3606 ], [ 1.3267, 11.3606 ], [ 1.3265, 11.3605 ], [ 1.3264, 11.3605 ], [ 1.3263, 11.3604 ], [ 1.3261, 11.3602 ], [ 1.326, 11.3601 ], [ 1.326, 11.36 ], [ 1.3259, 11.3598 ], [ 1.3259, 11.3597 ], [ 1.3259, 11.3595 ], [ 1.326, 11.3593 ], [ 1.3261, 11.3592 ], [ 1.3262, 11.359 ], [ 1.3262, 11.3589 ], [ 1.3263, 11.3587 ], [ 1.3262, 11.3586 ], [ 1.3262, 11.3583 ], [ 1.3262, 11.3581 ], [ 1.3262, 11.358 ], [ 1.3262, 11.3578 ], [ 1.3262, 11.3577 ], [ 1.3262, 11.3575 ], [ 1.3262, 11.3573 ], [ 1.3262, 11.3571 ], [ 1.3263, 11.3569 ], [ 1.3263, 11.3568 ], [ 1.3263, 11.3566 ], [ 1.3264, 11.3565 ], [ 1.3265, 11.3563 ], [ 1.3266, 11.3562 ], [ 1.3267, 11.3561 ], [ 1.3268, 11.356 ], [ 1.327, 11.3558 ], [ 1.3272, 11.3558 ], [ 1.3273, 11.3557 ], [ 1.3274, 11.3556 ], [ 1.3276, 11.3555 ], [ 1.3277, 11.3554 ], [ 1.3278, 11.3552 ], [ 1.3279, 11.3551 ], [ 1.328, 11.355 ], [ 1.3281, 11.3549 ], [ 1.3282, 11.3547 ], [ 1.3282, 11.3545 ], [ 1.3282, 11.3543 ], [ 1.3282, 11.3542 ], [ 1.3282, 11.354 ], [ 1.3282, 11.3539 ], [ 1.3281, 11.3537 ], [ 1.328, 11.3536 ], [ 1.3279, 11.3534 ], [ 1.3278, 11.3533 ], [ 1.3276, 11.3532 ], [ 1.3274, 11.3531 ], [ 1.3273, 11.353 ], [ 1.3271, 11.3529 ], [ 1.327, 11.3529 ], [ 1.3268, 11.3528 ], [ 1.3267, 11.3528 ], [ 1.3264, 11.3527 ], [ 1.3263, 11.3527 ], [ 1.3262, 11.3526 ], [ 1.3261, 11.3524 ], [ 1.3261, 11.3523 ], [ 1.3261, 11.3521 ], [ 1.3261, 11.352 ], [ 1.3262, 11.3519 ], [ 1.3263, 11.3517 ], [ 1.3264, 11.3516 ], [ 1.3265, 11.3515 ], [ 1.3267, 11.3514 ], [ 1.3268, 11.3513 ], [ 1.3269, 11.3512 ], [ 1.327, 11.351 ], [ 1.3272, 11.3509 ], [ 1.3272, 11.3509 ], [ 1.3273, 11.3507 ], [ 1.3274, 11.3506 ], [ 1.3275, 11.3505 ], [ 1.3276, 11.3503 ], [ 1.3276, 11.3502 ], [ 1.3277, 11.35 ], [ 1.3277, 11.3499 ], [ 1.3278, 11.3497 ], [ 1.3278, 11.3496 ], [ 1.3278, 11.3495 ], [ 1.3279, 11.3494 ], [ 1.3279, 11.3492 ], [ 1.328, 11.3491 ], [ 1.328, 11.349 ], [ 1.3281, 11.3488 ], [ 1.3281, 11.3486 ], [ 1.3281, 11.3486 ], [ 1.3282, 11.3485 ], [ 1.3282, 11.3483 ], [ 1.3283, 11.3481 ], [ 1.3283, 11.348 ], [ 1.3284, 11.3478 ], [ 1.3284, 11.3476 ], [ 1.3284, 11.3475 ], [ 1.3284, 11.3473 ], [ 1.3285, 11.3471 ], [ 1.3286, 11.347 ], [ 1.3287, 11.3468 ], [ 1.3287, 11.3467 ], [ 1.3288, 11.3465 ], [ 1.3289, 11.3463 ], [ 1.329, 11.3462 ], [ 1.3291, 11.346 ], [ 1.3291, 11.3458 ], [ 1.3292, 11.3457 ], [ 1.3293, 11.3455 ], [ 1.3294, 11.3454 ], [ 1.3294, 11.3452 ], [ 1.3295, 11.3451 ], [ 1.3295, 11.3449 ], [ 1.3295, 11.3448 ], [ 1.3296, 11.3446 ], [ 1.3297, 11.3445 ], [ 1.3298, 11.3443 ], [ 1.3299, 11.3442 ], [ 1.3299, 11.344 ], [ 1.33, 11.3438 ], [ 1.3301, 11.3437 ], [ 1.3302, 11.3435 ], [ 1.3302, 11.3434 ], [ 1.3303, 11.3433 ], [ 1.3304, 11.3431 ], [ 1.3305, 11.343 ], [ 1.3306, 11.3429 ], [ 1.3309, 11.3427 ], [ 1.331, 11.3426 ], [ 1.3312, 11.3425 ], [ 1.3313, 11.3424 ], [ 1.3315, 11.3423 ], [ 1.3316, 11.3423 ], [ 1.3317, 11.3421 ], [ 1.3319, 11.342 ], [ 1.332, 11.342 ], [ 1.3322, 11.342 ], [ 1.3324, 11.342 ], [ 1.3325, 11.3421 ], [ 1.3327, 11.3421 ], [ 1.3329, 11.342 ], [ 1.333, 11.342 ], [ 1.3332, 11.3419 ], [ 1.3333, 11.3418 ], [ 1.3335, 11.3416 ], [ 1.3336, 11.3415 ], [ 1.3337, 11.3414 ], [ 1.3338, 11.3413 ], [ 1.3339, 11.3412 ], [ 1.3341, 11.3411 ], [ 1.3342, 11.3409 ], [ 1.3343, 11.3408 ], [ 1.3343, 11.3406 ], [ 1.3344, 11.3405 ], [ 1.3345, 11.3403 ], [ 1.3345, 11.3402 ], [ 1.3346, 11.34 ], [ 1.3346, 11.3398 ], [ 1.3346, 11.3397 ], [ 1.3347, 11.3395 ], [ 1.3347, 11.3394 ], [ 1.3346, 11.3392 ], [ 1.3346, 11.3391 ], [ 1.3346, 11.3391 ], [ 1.3346, 11.3389 ], [ 1.3345, 11.3388 ], [ 1.3345, 11.3386 ], [ 1.3344, 11.3384 ], [ 1.3343, 11.3383 ], [ 1.3342, 11.3381 ], [ 1.3341, 11.3379 ], [ 1.334, 11.3378 ], [ 1.3339, 11.3376 ], [ 1.3338, 11.3375 ], [ 1.3336, 11.3374 ], [ 1.3335, 11.3373 ], [ 1.3334, 11.3373 ], [ 1.3332, 11.3372 ], [ 1.3331, 11.3372 ], [ 1.3329, 11.3371 ], [ 1.3327, 11.3371 ], [ 1.3325, 11.337 ], [ 1.3324, 11.3369 ], [ 1.3323, 11.3367 ], [ 1.3323, 11.3365 ], [ 1.3323, 11.3364 ], [ 1.3323, 11.3362 ], [ 1.3323, 11.336 ], [ 1.3324, 11.3359 ], [ 1.3325, 11.3358 ], [ 1.3326, 11.3356 ], [ 1.3327, 11.3355 ], [ 1.3327, 11.3353 ], [ 1.3327, 11.3352 ], [ 1.3327, 11.335 ], [ 1.3327, 11.3349 ], [ 1.3328, 11.3347 ], [ 1.3328, 11.3346 ], [ 1.3329, 11.3344 ], [ 1.333, 11.3343 ], [ 1.3332, 11.3342 ], [ 1.3333, 11.3342 ], [ 1.3335, 11.3341 ], [ 1.3336, 11.334 ], [ 1.3337, 11.3339 ], [ 1.3339, 11.3339 ], [ 1.334, 11.3338 ], [ 1.3342, 11.3338 ], [ 1.3344, 11.3337 ], [ 1.3346, 11.3337 ], [ 1.3347, 11.3337 ], [ 1.3349, 11.3337 ], [ 1.3351, 11.3337 ], [ 1.3352, 11.3338 ], [ 1.3354, 11.3338 ], [ 1.3355, 11.3339 ], [ 1.3357, 11.334 ], [ 1.3359, 11.3341 ], [ 1.336, 11.3341 ], [ 1.3362, 11.3342 ], [ 1.3363, 11.3343 ], [ 1.3365, 11.3344 ], [ 1.3366, 11.3344 ], [ 1.3368, 11.3345 ], [ 1.3369, 11.3346 ], [ 1.3371, 11.3346 ], [ 1.3372, 11.3347 ], [ 1.3374, 11.3348 ], [ 1.3376, 11.3349 ], [ 1.3377, 11.3349 ], [ 1.3379, 11.3349 ], [ 1.3381, 11.335 ], [ 1.3382, 11.335 ], [ 1.3385, 11.335 ], [ 1.3386, 11.335 ], [ 1.3388, 11.335 ], [ 1.339, 11.3349 ], [ 1.3391, 11.3349 ], [ 1.3393, 11.3348 ], [ 1.3394, 11.3346 ], [ 1.3395, 11.3345 ], [ 1.3396, 11.3344 ], [ 1.3397, 11.3343 ], [ 1.3399, 11.3342 ], [ 1.3399, 11.334 ], [ 1.34, 11.334 ], [ 1.34, 11.3338 ], [ 1.3401, 11.3337 ], [ 1.3401, 11.3335 ], [ 1.3401, 11.3334 ], [ 1.3401, 11.3332 ], [ 1.3402, 11.3331 ], [ 1.3401, 11.3329 ], [ 1.3401, 11.3327 ], [ 1.3401, 11.3325 ], [ 1.34, 11.3323 ], [ 1.34, 11.3322 ], [ 1.34, 11.332 ], [ 1.3399, 11.3319 ], [ 1.3397, 11.3318 ], [ 1.3396, 11.3317 ], [ 1.3394, 11.3316 ], [ 1.3393, 11.3315 ], [ 1.3392, 11.3313 ], [ 1.3391, 11.3311 ], [ 1.339, 11.331 ], [ 1.3389, 11.3308 ], [ 1.3388, 11.3306 ], [ 1.3388, 11.3305 ], [ 1.3387, 11.3303 ], [ 1.3386, 11.3302 ], [ 1.3386, 11.33 ], [ 1.3385, 11.3299 ], [ 1.3384, 11.3298 ], [ 1.3384, 11.3296 ], [ 1.3383, 11.3293 ], [ 1.3382, 11.3292 ], [ 1.3382, 11.329 ], [ 1.3381, 11.3289 ], [ 1.3381, 11.3287 ], [ 1.338, 11.3286 ], [ 1.338, 11.3284 ], [ 1.338, 11.3282 ], [ 1.338, 11.3281 ], [ 1.338, 11.3279 ], [ 1.3381, 11.3278 ], [ 1.3381, 11.3276 ], [ 1.3382, 11.3274 ], [ 1.3383, 11.3273 ], [ 1.3384, 11.3272 ], [ 1.3385, 11.3271 ], [ 1.3387, 11.327 ], [ 1.3388, 11.3268 ], [ 1.3389, 11.3267 ], [ 1.339, 11.3266 ], [ 1.3391, 11.3264 ], [ 1.3392, 11.3263 ], [ 1.3392, 11.3261 ], [ 1.3393, 11.326 ], [ 1.3394, 11.3258 ], [ 1.3394, 11.3257 ], [ 1.3395, 11.3256 ], [ 1.3395, 11.3255 ], [ 1.3394, 11.3253 ], [ 1.3394, 11.3252 ], [ 1.3393, 11.325 ], [ 1.3392, 11.3249 ], [ 1.3392, 11.3247 ], [ 1.3392, 11.3246 ], [ 1.3392, 11.3244 ], [ 1.3392, 11.3242 ], [ 1.3392, 11.3241 ], [ 1.3393, 11.3239 ], [ 1.3394, 11.3237 ], [ 1.3395, 11.3236 ], [ 1.3396, 11.3235 ], [ 1.3397, 11.3234 ], [ 1.3398, 11.3233 ], [ 1.3399, 11.3231 ], [ 1.3401, 11.323 ], [ 1.3402, 11.3229 ], [ 1.3403, 11.3228 ], [ 1.3405, 11.3227 ], [ 1.3407, 11.3226 ], [ 1.3409, 11.3226 ], [ 1.341, 11.3226 ], [ 1.3412, 11.3226 ], [ 1.3414, 11.3225 ], [ 1.3416, 11.3225 ], [ 1.3417, 11.3225 ], [ 1.3419, 11.3225 ], [ 1.3421, 11.3225 ], [ 1.3422, 11.3224 ], [ 1.3424, 11.3224 ], [ 1.3426, 11.3224 ], [ 1.3428, 11.3223 ], [ 1.343, 11.3223 ], [ 1.3432, 11.3223 ], [ 1.3434, 11.3223 ], [ 1.3435, 11.3223 ], [ 1.3437, 11.3223 ], [ 1.3439, 11.3223 ], [ 1.344, 11.3223 ], [ 1.3442, 11.3223 ], [ 1.3444, 11.3224 ], [ 1.3445, 11.3224 ], [ 1.3447, 11.3225 ], [ 1.345, 11.3225 ], [ 1.3451, 11.3226 ], [ 1.3453, 11.3227 ], [ 1.3454, 11.3228 ], [ 1.3456, 11.3228 ], [ 1.3458, 11.3229 ], [ 1.3459, 11.323 ], [ 1.3461, 11.323 ], [ 1.3462, 11.323 ], [ 1.3464, 11.323 ], [ 1.3465, 11.323 ], [ 1.3467, 11.3229 ], [ 1.3469, 11.3228 ], [ 1.347, 11.3227 ], [ 1.3471, 11.3226 ], [ 1.3472, 11.3225 ], [ 1.3474, 11.3224 ], [ 1.3476, 11.3223 ], [ 1.3477, 11.3222 ], [ 1.3478, 11.322 ], [ 1.3479, 11.3219 ], [ 1.348, 11.3218 ], [ 1.3481, 11.3216 ], [ 1.3483, 11.3215 ], [ 1.3483, 11.3213 ], [ 1.3484, 11.3212 ], [ 1.3484, 11.321 ], [ 1.3484, 11.3209 ], [ 1.3484, 11.3207 ], [ 1.3484, 11.3206 ], [ 1.3484, 11.3204 ], [ 1.3483, 11.3203 ], [ 1.3482, 11.3201 ], [ 1.3481, 11.3201 ], [ 1.3479, 11.32 ], [ 1.3477, 11.3199 ], [ 1.3475, 11.3199 ], [ 1.3473, 11.3198 ], [ 1.3472, 11.3198 ], [ 1.347, 11.3197 ], [ 1.3469, 11.3197 ], [ 1.3468, 11.3196 ], [ 1.3467, 11.3195 ], [ 1.3467, 11.3193 ], [ 1.3466, 11.3192 ], [ 1.3466, 11.319 ], [ 1.3466, 11.3188 ], [ 1.3465, 11.3187 ], [ 1.3464, 11.3185 ], [ 1.3463, 11.3184 ], [ 1.3461, 11.3184 ], [ 1.3459, 11.3183 ], [ 1.3458, 11.3183 ], [ 1.3456, 11.3183 ], [ 1.3454, 11.3183 ], [ 1.3453, 11.3183 ], [ 1.3451, 11.3183 ], [ 1.345, 11.3184 ], [ 1.3448, 11.3184 ], [ 1.3446, 11.3185 ], [ 1.3444, 11.3185 ], [ 1.3442, 11.3185 ], [ 1.3441, 11.3185 ], [ 1.3439, 11.3185 ], [ 1.3437, 11.3185 ], [ 1.3436, 11.3184 ], [ 1.3434, 11.3183 ], [ 1.3433, 11.3181 ], [ 1.3432, 11.318 ], [ 1.3432, 11.3178 ], [ 1.3432, 11.3177 ], [ 1.3431, 11.3175 ], [ 1.3431, 11.3173 ], [ 1.3431, 11.3172 ], [ 1.343, 11.317 ], [ 1.343, 11.3168 ], [ 1.343, 11.3167 ], [ 1.3429, 11.3165 ], [ 1.3429, 11.3164 ], [ 1.343, 11.3162 ], [ 1.343, 11.3161 ], [ 1.3431, 11.3159 ], [ 1.3431, 11.3158 ], [ 1.3433, 11.3156 ], [ 1.3434, 11.3156 ], [ 1.3436, 11.3155 ], [ 1.3437, 11.3154 ], [ 1.3439, 11.3154 ], [ 1.344, 11.3153 ], [ 1.3442, 11.3153 ], [ 1.3444, 11.3153 ], [ 1.3445, 11.3152 ], [ 1.3447, 11.3152 ], [ 1.3448, 11.3152 ], [ 1.345, 11.3152 ], [ 1.3451, 11.3152 ], [ 1.3453, 11.3153 ], [ 1.3455, 11.3154 ], [ 1.3456, 11.3155 ], [ 1.3458, 11.3156 ], [ 1.3459, 11.3157 ], [ 1.346, 11.3159 ], [ 1.3461, 11.316 ], [ 1.3463, 11.3161 ], [ 1.3465, 11.3162 ], [ 1.3466, 11.3162 ], [ 1.3468, 11.3163 ], [ 1.3469, 11.3163 ], [ 1.3471, 11.3162 ], [ 1.3473, 11.3162 ], [ 1.3474, 11.3161 ], [ 1.3476, 11.3161 ], [ 1.3477, 11.316 ], [ 1.3478, 11.3159 ], [ 1.3479, 11.3157 ], [ 1.348, 11.3156 ], [ 1.3481, 11.3154 ], [ 1.3481, 11.3153 ], [ 1.3481, 11.3151 ], [ 1.3481, 11.315 ], [ 1.3481, 11.3148 ], [ 1.3481, 11.3146 ], [ 1.348, 11.3145 ], [ 1.348, 11.3143 ], [ 1.3479, 11.3142 ], [ 1.3478, 11.314 ], [ 1.3477, 11.3139 ], [ 1.3477, 11.3137 ], [ 1.3476, 11.3136 ], [ 1.3475, 11.3134 ], [ 1.3474, 11.3133 ], [ 1.3474, 11.3131 ], [ 1.3475, 11.313 ], [ 1.3475, 11.3128 ], [ 1.3475, 11.3127 ], [ 1.3476, 11.3125 ], [ 1.3477, 11.3124 ], [ 1.3478, 11.3122 ], [ 1.3478, 11.3121 ], [ 1.348, 11.312 ], [ 1.3481, 11.3118 ], [ 1.3482, 11.3117 ], [ 1.3483, 11.3117 ], [ 1.3485, 11.3116 ], [ 1.3486, 11.3115 ], [ 1.3488, 11.3114 ], [ 1.3489, 11.3114 ], [ 1.3491, 11.3114 ], [ 1.3492, 11.3114 ], [ 1.3495, 11.3115 ], [ 1.3496, 11.3115 ], [ 1.3498, 11.3114 ], [ 1.35, 11.3114 ], [ 1.3502, 11.3113 ], [ 1.3503, 11.3113 ], [ 1.3505, 11.3112 ], [ 1.3506, 11.3111 ], [ 1.3507, 11.311 ], [ 1.3508, 11.3109 ], [ 1.3508, 11.3107 ], [ 1.3509, 11.3106 ], [ 1.351, 11.3104 ], [ 1.3511, 11.3102 ], [ 1.3511, 11.31 ], [ 1.3512, 11.3099 ], [ 1.3512, 11.3097 ], [ 1.3513, 11.3095 ], [ 1.3513, 11.3094 ], [ 1.3514, 11.3092 ], [ 1.3514, 11.3091 ], [ 1.3513, 11.3089 ], [ 1.3513, 11.3088 ], [ 1.3513, 11.3087 ], [ 1.3514, 11.3086 ], [ 1.3514, 11.3084 ], [ 1.3514, 11.3083 ], [ 1.3515, 11.3081 ], [ 1.3515, 11.3079 ], [ 1.3516, 11.3078 ], [ 1.3516, 11.3076 ], [ 1.3516, 11.3075 ], [ 1.3516, 11.3073 ], [ 1.3517, 11.3072 ], [ 1.3517, 11.307 ], [ 1.3516, 11.3068 ], [ 1.3516, 11.3067 ], [ 1.3515, 11.3065 ], [ 1.3515, 11.3064 ], [ 1.3513, 11.3063 ], [ 1.3512, 11.3062 ], [ 1.3511, 11.3061 ], [ 1.3509, 11.306 ], [ 1.3508, 11.306 ], [ 1.3506, 11.306 ], [ 1.3504, 11.306 ], [ 1.3503, 11.306 ], [ 1.3501, 11.3061 ], [ 1.35, 11.3062 ], [ 1.3499, 11.3063 ], [ 1.3497, 11.3063 ], [ 1.3496, 11.3063 ], [ 1.3494, 11.3063 ], [ 1.3493, 11.3062 ], [ 1.3491, 11.3061 ], [ 1.349, 11.306 ], [ 1.3488, 11.306 ], [ 1.3486, 11.3061 ], [ 1.3485, 11.3061 ], [ 1.3483, 11.3062 ], [ 1.3482, 11.3062 ], [ 1.348, 11.3063 ], [ 1.3478, 11.3064 ], [ 1.3476, 11.3064 ], [ 1.3475, 11.3064 ], [ 1.3473, 11.3065 ], [ 1.3471, 11.3066 ], [ 1.347, 11.3066 ], [ 1.3468, 11.3066 ], [ 1.3466, 11.3066 ], [ 1.3465, 11.3067 ], [ 1.3463, 11.3068 ], [ 1.3461, 11.3069 ], [ 1.346, 11.307 ], [ 1.3459, 11.3071 ], [ 1.3458, 11.3072 ], [ 1.3456, 11.3073 ], [ 1.3454, 11.3073 ], [ 1.3452, 11.3074 ], [ 1.3451, 11.3075 ], [ 1.3449, 11.3075 ], [ 1.3448, 11.3075 ], [ 1.3445, 11.3076 ], [ 1.3444, 11.3076 ], [ 1.3442, 11.3078 ], [ 1.3441, 11.3079 ], [ 1.344, 11.308 ], [ 1.3439, 11.3081 ], [ 1.3438, 11.3082 ], [ 1.3437, 11.3083 ], [ 1.3436, 11.3084 ], [ 1.3435, 11.3086 ], [ 1.3434, 11.3087 ], [ 1.3433, 11.3089 ], [ 1.3433, 11.3089 ], [ 1.3432, 11.309 ], [ 1.3431, 11.3092 ], [ 1.343, 11.3093 ], [ 1.3429, 11.3095 ], [ 1.3428, 11.3096 ], [ 1.3427, 11.3098 ], [ 1.3425, 11.3099 ], [ 1.3424, 11.31 ], [ 1.3423, 11.3101 ], [ 1.3422, 11.3102 ], [ 1.3421, 11.3103 ], [ 1.3421, 11.3103 ], [ 1.3419, 11.3104 ], [ 1.3418, 11.3104 ], [ 1.3416, 11.3104 ], [ 1.3415, 11.3104 ], [ 1.3413, 11.3104 ], [ 1.3411, 11.3104 ], [ 1.341, 11.3104 ], [ 1.3408, 11.3103 ], [ 1.3406, 11.3103 ], [ 1.3405, 11.3102 ], [ 1.3404, 11.3101 ], [ 1.3402, 11.31 ], [ 1.3401, 11.3099 ], [ 1.34, 11.3098 ], [ 1.3398, 11.3097 ], [ 1.3397, 11.3096 ], [ 1.3396, 11.3095 ], [ 1.3395, 11.3094 ], [ 1.3393, 11.3094 ], [ 1.3392, 11.3093 ], [ 1.339, 11.3092 ], [ 1.3388, 11.3091 ], [ 1.3387, 11.309 ], [ 1.3385, 11.3089 ], [ 1.3384, 11.3088 ], [ 1.3382, 11.3087 ], [ 1.338, 11.3086 ], [ 1.3379, 11.3084 ], [ 1.3379, 11.3083 ], [ 1.3378, 11.3081 ], [ 1.3378, 11.3079 ], [ 1.3377, 11.3078 ], [ 1.3377, 11.3076 ], [ 1.3377, 11.3075 ], [ 1.3376, 11.3073 ], [ 1.3376, 11.3072 ], [ 1.3375, 11.307 ], [ 1.3374, 11.3068 ], [ 1.3374, 11.3067 ], [ 1.3372, 11.3066 ], [ 1.3372, 11.3066 ], [ 1.337, 11.3065 ], [ 1.3369, 11.3064 ], [ 1.3367, 11.3063 ], [ 1.3365, 11.3063 ], [ 1.3364, 11.3062 ], [ 1.3362, 11.3062 ], [ 1.3361, 11.3062 ], [ 1.3359, 11.3062 ], [ 1.3357, 11.3061 ], [ 1.3356, 11.306 ], [ 1.3354, 11.3059 ], [ 1.3353, 11.3057 ], [ 1.3353, 11.3056 ], [ 1.3352, 11.3054 ], [ 1.3353, 11.3052 ], [ 1.3353, 11.3051 ], [ 1.3354, 11.3049 ], [ 1.3355, 11.3048 ], [ 1.3356, 11.3046 ], [ 1.3357, 11.3045 ], [ 1.3357, 11.3044 ], [ 1.3358, 11.3042 ], [ 1.336, 11.3041 ], [ 1.3361, 11.304 ], [ 1.3362, 11.3039 ], [ 1.3364, 11.3039 ], [ 1.3365, 11.3038 ], [ 1.3368, 11.3038 ], [ 1.3369, 11.3038 ], [ 1.3371, 11.3038 ], [ 1.3372, 11.3038 ], [ 1.3372, 11.3038 ], [ 1.3374, 11.3038 ], [ 1.3376, 11.3039 ], [ 1.3377, 11.3038 ], [ 1.3379, 11.3038 ], [ 1.338, 11.3038 ], [ 1.3382, 11.3038 ], [ 1.3383, 11.3038 ], [ 1.3385, 11.3038 ], [ 1.3387, 11.3038 ], [ 1.3389, 11.3038 ], [ 1.339, 11.3038 ], [ 1.3392, 11.3038 ], [ 1.3394, 11.3038 ], [ 1.3395, 11.3038 ], [ 1.3397, 11.3038 ], [ 1.3398, 11.3038 ], [ 1.34, 11.3038 ], [ 1.3401, 11.3038 ], [ 1.3403, 11.3038 ], [ 1.3404, 11.3037 ], [ 1.3406, 11.3037 ], [ 1.3408, 11.3037 ], [ 1.3409, 11.3036 ], [ 1.3411, 11.3035 ], [ 1.3412, 11.3034 ], [ 1.3413, 11.3032 ], [ 1.3414, 11.3031 ], [ 1.3415, 11.3029 ], [ 1.3415, 11.3028 ], [ 1.3415, 11.3026 ], [ 1.3416, 11.3024 ], [ 1.3416, 11.3023 ], [ 1.3416, 11.3021 ], [ 1.3415, 11.302 ], [ 1.3415, 11.3018 ], [ 1.3414, 11.3016 ], [ 1.3413, 11.3015 ], [ 1.3412, 11.3014 ], [ 1.3411, 11.3013 ], [ 1.341, 11.3012 ], [ 1.3409, 11.3011 ], [ 1.3407, 11.301 ], [ 1.3407, 11.3009 ], [ 1.3404, 11.3007 ], [ 1.3403, 11.3006 ], [ 1.3402, 11.3005 ], [ 1.3401, 11.3004 ], [ 1.34, 11.3003 ], [ 1.3398, 11.3002 ], [ 1.3397, 11.3001 ], [ 1.3395, 11.3 ], [ 1.3394, 11.2999 ], [ 1.3392, 11.2999 ], [ 1.3391, 11.2998 ], [ 1.3389, 11.2998 ], [ 1.3388, 11.2998 ], [ 1.3386, 11.2997 ], [ 1.3384, 11.2996 ], [ 1.3383, 11.2995 ], [ 1.3382, 11.2994 ], [ 1.3381, 11.2993 ], [ 1.338, 11.2991 ], [ 1.3378, 11.299 ], [ 1.3377, 11.299 ], [ 1.3375, 11.2989 ], [ 1.3374, 11.2988 ], [ 1.3372, 11.2987 ], [ 1.337, 11.2987 ], [ 1.3368, 11.2986 ], [ 1.3367, 11.2986 ], [ 1.3365, 11.2986 ], [ 1.3364, 11.2986 ], [ 1.3362, 11.2986 ], [ 1.336, 11.2986 ], [ 1.3358, 11.2986 ], [ 1.3357, 11.2986 ], [ 1.3355, 11.2987 ], [ 1.3354, 11.2987 ], [ 1.3351, 11.2987 ], [ 1.3349, 11.2988 ], [ 1.3347, 11.2988 ], [ 1.3346, 11.2988 ], [ 1.3344, 11.2988 ], [ 1.3342, 11.2988 ], [ 1.334, 11.2987 ], [ 1.3338, 11.2987 ], [ 1.3336, 11.2987 ], [ 1.3335, 11.2987 ], [ 1.3334, 11.2986 ], [ 1.3332, 11.2985 ], [ 1.333, 11.2984 ], [ 1.3328, 11.2983 ], [ 1.3327, 11.2982 ], [ 1.3326, 11.2981 ], [ 1.3325, 11.2979 ], [ 1.3324, 11.2978 ], [ 1.3324, 11.2975 ], [ 1.3324, 11.2974 ], [ 1.3323, 11.2973 ], [ 1.3322, 11.2971 ], [ 1.3321, 11.297 ], [ 1.3321, 11.2968 ], [ 1.3321, 11.2967 ], [ 1.3321, 11.2965 ], [ 1.3321, 11.2964 ], [ 1.3322, 11.2962 ], [ 1.3322, 11.296 ], [ 1.3322, 11.2959 ], [ 1.3322, 11.2957 ], [ 1.3321, 11.2956 ], [ 1.3321, 11.2956 ], [ 1.3321, 11.2954 ], [ 1.3321, 11.2952 ], [ 1.3322, 11.2951 ], [ 1.3323, 11.2949 ], [ 1.3324, 11.2948 ], [ 1.3325, 11.2947 ], [ 1.3327, 11.2946 ], [ 1.3328, 11.2945 ], [ 1.3329, 11.2944 ], [ 1.333, 11.2942 ], [ 1.3331, 11.2941 ], [ 1.3333, 11.294 ], [ 1.3334, 11.2939 ], [ 1.3335, 11.2937 ], [ 1.3336, 11.2936 ], [ 1.3337, 11.2935 ], [ 1.3337, 11.2933 ], [ 1.3337, 11.2931 ], [ 1.3336, 11.293 ], [ 1.3335, 11.2928 ], [ 1.3334, 11.2927 ], [ 1.3332, 11.2926 ], [ 1.333, 11.2925 ], [ 1.3328, 11.2925 ], [ 1.3327, 11.2925 ], [ 1.3325, 11.2926 ], [ 1.3324, 11.2926 ], [ 1.3322, 11.2926 ], [ 1.332, 11.2926 ], [ 1.3319, 11.2926 ], [ 1.3318, 11.2926 ], [ 1.3316, 11.2926 ], [ 1.3313, 11.2926 ], [ 1.3311, 11.2926 ], [ 1.3309, 11.2926 ], [ 1.3307, 11.2927 ], [ 1.3305, 11.2927 ], [ 1.3303, 11.2927 ], [ 1.3301, 11.2928 ], [ 1.3298, 11.2928 ], [ 1.3297, 11.2929 ], [ 1.3295, 11.293 ], [ 1.3294, 11.2931 ], [ 1.3293, 11.2932 ], [ 1.3291, 11.2934 ], [ 1.329, 11.2935 ], [ 1.329, 11.2937 ], [ 1.3289, 11.2938 ], [ 1.3288, 11.294 ], [ 1.3287, 11.2943 ], [ 1.3287, 11.2945 ], [ 1.3287, 11.2946 ], [ 1.3287, 11.2949 ], [ 1.3288, 11.295 ], [ 1.3289, 11.2952 ], [ 1.329, 11.2953 ], [ 1.3291, 11.2955 ], [ 1.3292, 11.2957 ], [ 1.3292, 11.2957 ], [ 1.3292, 11.2959 ], [ 1.3292, 11.296 ], [ 1.3292, 11.2962 ], [ 1.3291, 11.2963 ], [ 1.329, 11.2965 ], [ 1.3289, 11.2966 ], [ 1.3286, 11.2966 ], [ 1.3285, 11.2966 ], [ 1.3283, 11.2966 ], [ 1.3282, 11.2965 ], [ 1.328, 11.2965 ], [ 1.3277, 11.2965 ], [ 1.3275, 11.2965 ], [ 1.3274, 11.2966 ], [ 1.3272, 11.2967 ], [ 1.3269, 11.2967 ], [ 1.3268, 11.2967 ], [ 1.3266, 11.2967 ], [ 1.3265, 11.2965 ], [ 1.3264, 11.2963 ], [ 1.3263, 11.2962 ], [ 1.3263, 11.296 ], [ 1.3262, 11.2957 ], [ 1.3262, 11.2956 ], [ 1.3261, 11.2954 ], [ 1.3261, 11.2952 ], [ 1.326, 11.295 ], [ 1.3258, 11.2949 ], [ 1.3257, 11.2947 ], [ 1.3256, 11.2946 ], [ 1.3254, 11.2944 ], [ 1.3253, 11.2944 ], [ 1.3251, 11.2944 ], [ 1.325, 11.2944 ], [ 1.3248, 11.2944 ], [ 1.3247, 11.2944 ], [ 1.3245, 11.2944 ], [ 1.3244, 11.2945 ], [ 1.3243, 11.2945 ], [ 1.3242, 11.2945 ], [ 1.3241, 11.2946 ], [ 1.3239, 11.2947 ], [ 1.3237, 11.2948 ], [ 1.3235, 11.2949 ], [ 1.3234, 11.295 ], [ 1.3233, 11.2951 ], [ 1.3231, 11.2952 ], [ 1.3229, 11.2953 ], [ 1.3228, 11.2953 ], [ 1.3226, 11.2954 ], [ 1.3223, 11.2955 ], [ 1.3222, 11.2956 ], [ 1.322, 11.2956 ], [ 1.3219, 11.2957 ], [ 1.3217, 11.2958 ], [ 1.3215, 11.2959 ], [ 1.3213, 11.296 ], [ 1.3212, 11.296 ], [ 1.3211, 11.296 ], [ 1.321, 11.2961 ], [ 1.3208, 11.2961 ], [ 1.3207, 11.2962 ], [ 1.3205, 11.2964 ], [ 1.3204, 11.2965 ], [ 1.3201, 11.2967 ], [ 1.3199, 11.2968 ], [ 1.3198, 11.2968 ], [ 1.3197, 11.297 ], [ 1.3196, 11.2971 ], [ 1.3196, 11.2973 ], [ 1.3195, 11.2975 ], [ 1.3195, 11.2977 ], [ 1.3195, 11.2978 ], [ 1.3195, 11.298 ], [ 1.3195, 11.2981 ], [ 1.3195, 11.2983 ], [ 1.3195, 11.2984 ], [ 1.3195, 11.2986 ], [ 1.3195, 11.2988 ], [ 1.3195, 11.299 ], [ 1.3195, 11.2991 ], [ 1.3195, 11.2993 ], [ 1.3195, 11.2994 ], [ 1.3195, 11.2997 ], [ 1.3195, 11.2999 ], [ 1.3195, 11.3001 ], [ 1.3194, 11.3002 ], [ 1.3194, 11.3004 ], [ 1.3193, 11.3005 ], [ 1.3193, 11.3007 ], [ 1.3192, 11.3009 ], [ 1.3192, 11.3011 ], [ 1.3191, 11.3012 ], [ 1.3191, 11.3014 ], [ 1.319, 11.3015 ], [ 1.3189, 11.3016 ], [ 1.3187, 11.3018 ], [ 1.3186, 11.3019 ], [ 1.3185, 11.302 ], [ 1.3184, 11.3021 ], [ 1.3182, 11.3022 ], [ 1.3181, 11.3024 ], [ 1.318, 11.3024 ], [ 1.3178, 11.3025 ], [ 1.3177, 11.3026 ], [ 1.3175, 11.3026 ], [ 1.3174, 11.3027 ], [ 1.3173, 11.3028 ], [ 1.3171, 11.3029 ], [ 1.317, 11.3031 ], [ 1.317, 11.3032 ], [ 1.3169, 11.3034 ], [ 1.3169, 11.3035 ], [ 1.3169, 11.3037 ], [ 1.317, 11.3038 ], [ 1.3172, 11.3039 ], [ 1.3173, 11.304 ], [ 1.3175, 11.304 ], [ 1.3176, 11.304 ], [ 1.3179, 11.304 ], [ 1.318, 11.304 ], [ 1.3182, 11.304 ], [ 1.3183, 11.304 ], [ 1.3185, 11.304 ], [ 1.3186, 11.3041 ], [ 1.3189, 11.3041 ], [ 1.319, 11.3042 ], [ 1.3192, 11.3043 ], [ 1.3193, 11.3044 ], [ 1.3195, 11.3044 ], [ 1.3196, 11.3045 ], [ 1.3197, 11.3046 ], [ 1.3199, 11.3047 ], [ 1.32, 11.3049 ], [ 1.3201, 11.305 ], [ 1.3203, 11.3051 ], [ 1.3204, 11.3052 ], [ 1.3205, 11.3053 ], [ 1.3205, 11.3055 ], [ 1.3205, 11.3056 ], [ 1.3205, 11.3058 ], [ 1.3205, 11.306 ], [ 1.3204, 11.3061 ], [ 1.3204, 11.3063 ], [ 1.3204, 11.3064 ], [ 1.3204, 11.3066 ], [ 1.3204, 11.3067 ], [ 1.3203, 11.3069 ], [ 1.3202, 11.3071 ], [ 1.3202, 11.3072 ], [ 1.3201, 11.3073 ], [ 1.32, 11.3075 ], [ 1.3198, 11.3076 ], [ 1.3197, 11.3076 ], [ 1.3196, 11.3076 ], [ 1.3194, 11.3077 ], [ 1.3193, 11.3077 ], [ 1.319, 11.3076 ], [ 1.3189, 11.3075 ], [ 1.3187, 11.3074 ], [ 1.3186, 11.3073 ], [ 1.3185, 11.3073 ], [ 1.3184, 11.3072 ], [ 1.3183, 11.3071 ], [ 1.3182, 11.3069 ], [ 1.3182, 11.3068 ], [ 1.318, 11.3067 ], [ 1.3178, 11.3066 ], [ 1.3177, 11.3065 ], [ 1.3176, 11.3065 ], [ 1.3174, 11.3064 ], [ 1.3172, 11.3063 ], [ 1.3171, 11.3062 ], [ 1.3169, 11.3061 ], [ 1.3168, 11.306 ], [ 1.3166, 11.3059 ], [ 1.3165, 11.3058 ], [ 1.3163, 11.3058 ], [ 1.3161, 11.3058 ], [ 1.316, 11.3058 ], [ 1.3158, 11.3058 ], [ 1.3157, 11.3057 ], [ 1.3156, 11.3056 ], [ 1.3154, 11.3055 ], [ 1.3153, 11.3054 ], [ 1.3152, 11.3053 ], [ 1.315, 11.3052 ], [ 1.3148, 11.3052 ], [ 1.3147, 11.3051 ], [ 1.3145, 11.3049 ], [ 1.3144, 11.3048 ], [ 1.3143, 11.3047 ], [ 1.3142, 11.3046 ], [ 1.3141, 11.3045 ], [ 1.3139, 11.3045 ], [ 1.3138, 11.3044 ], [ 1.3136, 11.3043 ], [ 1.3135, 11.3042 ], [ 1.3133, 11.3041 ], [ 1.3132, 11.3041 ], [ 1.313, 11.304 ], [ 1.3128, 11.3039 ], [ 1.3126, 11.3039 ], [ 1.3125, 11.3038 ], [ 1.3123, 11.3037 ], [ 1.3122, 11.3037 ], [ 1.3119, 11.3036 ], [ 1.3117, 11.3036 ], [ 1.3115, 11.3036 ], [ 1.3114, 11.3035 ], [ 1.3112, 11.3035 ], [ 1.311, 11.3034 ], [ 1.3108, 11.3034 ], [ 1.3107, 11.3033 ], [ 1.3106, 11.3032 ], [ 1.3104, 11.3031 ], [ 1.3102, 11.303 ], [ 1.3101, 11.3029 ], [ 1.31, 11.3029 ], [ 1.3098, 11.3028 ], [ 1.3097, 11.3027 ], [ 1.3095, 11.3026 ], [ 1.3094, 11.3026 ], [ 1.3093, 11.3025 ], [ 1.3091, 11.3024 ], [ 1.309, 11.3023 ], [ 1.3089, 11.3022 ], [ 1.3088, 11.3022 ], [ 1.3086, 11.3021 ], [ 1.3085, 11.302 ], [ 1.3083, 11.302 ], [ 1.3081, 11.3019 ], [ 1.308, 11.3018 ], [ 1.3078, 11.3017 ], [ 1.3077, 11.3015 ], [ 1.3076, 11.3014 ], [ 1.3075, 11.3013 ], [ 1.3074, 11.3011 ], [ 1.3074, 11.301 ], [ 1.3073, 11.3008 ], [ 1.3073, 11.3007 ], [ 1.3072, 11.3005 ], [ 1.3072, 11.3003 ], [ 1.3072, 11.3002 ], [ 1.3072, 11.3 ], [ 1.3073, 11.2999 ], [ 1.3073, 11.2997 ], [ 1.3073, 11.2996 ], [ 1.3074, 11.2994 ], [ 1.3075, 11.2993 ], [ 1.3076, 11.2991 ], [ 1.3077, 11.299 ], [ 1.3079, 11.2989 ], [ 1.308, 11.2988 ], [ 1.3081, 11.2987 ], [ 1.3083, 11.2986 ], [ 1.3084, 11.2985 ], [ 1.3086, 11.2985 ], [ 1.3088, 11.2985 ], [ 1.309, 11.2984 ], [ 1.3091, 11.2984 ], [ 1.3093, 11.2983 ], [ 1.3095, 11.2983 ], [ 1.3097, 11.2983 ], [ 1.3099, 11.2982 ], [ 1.31, 11.2981 ], [ 1.31, 11.2979 ], [ 1.31, 11.2977 ], [ 1.31, 11.2976 ], [ 1.3099, 11.2974 ], [ 1.3098, 11.2973 ], [ 1.3096, 11.2972 ], [ 1.3094, 11.297 ], [ 1.3093, 11.297 ], [ 1.3091, 11.2969 ], [ 1.309, 11.2968 ], [ 1.3088, 11.2968 ], [ 1.3087, 11.2967 ], [ 1.3085, 11.2967 ], [ 1.3084, 11.2966 ], [ 1.3082, 11.2966 ], [ 1.3081, 11.2965 ], [ 1.3079, 11.2965 ], [ 1.3077, 11.2964 ], [ 1.3076, 11.2964 ], [ 1.3074, 11.2963 ], [ 1.3073, 11.2963 ], [ 1.3071, 11.2963 ], [ 1.3069, 11.2963 ], [ 1.3067, 11.2962 ], [ 1.3065, 11.2962 ], [ 1.3063, 11.2961 ], [ 1.3061, 11.2961 ], [ 1.306, 11.296 ], [ 1.3058, 11.2959 ], [ 1.3056, 11.2959 ], [ 1.3054, 11.2958 ], [ 1.3053, 11.2957 ], [ 1.3051, 11.2956 ], [ 1.3049, 11.2955 ], [ 1.3048, 11.2955 ], [ 1.3046, 11.2954 ], [ 1.3044, 11.2953 ], [ 1.3043, 11.2952 ], [ 1.3041, 11.2951 ], [ 1.3039, 11.2951 ], [ 1.3038, 11.2951 ], [ 1.3036, 11.2951 ], [ 1.3035, 11.2951 ], [ 1.3033, 11.2951 ], [ 1.3032, 11.2951 ], [ 1.303, 11.2952 ], [ 1.3028, 11.2953 ], [ 1.3027, 11.2954 ], [ 1.3027, 11.2956 ], [ 1.3026, 11.2957 ], [ 1.3026, 11.2959 ], [ 1.3025, 11.2961 ], [ 1.3025, 11.2962 ], [ 1.3025, 11.2964 ], [ 1.3025, 11.2965 ], [ 1.3025, 11.2967 ], [ 1.3025, 11.2968 ], [ 1.3025, 11.297 ], [ 1.3025, 11.2972 ], [ 1.3025, 11.2972 ], [ 1.3025, 11.2973 ], [ 1.3025, 11.2975 ], [ 1.3025, 11.2977 ], [ 1.3025, 11.2979 ], [ 1.3025, 11.2981 ], [ 1.3025, 11.2983 ], [ 1.3025, 11.2984 ], [ 1.3024, 11.2986 ], [ 1.3024, 11.2988 ], [ 1.3023, 11.2989 ], [ 1.3022, 11.2991 ], [ 1.3021, 11.2992 ], [ 1.302, 11.2993 ], [ 1.3018, 11.2993 ], [ 1.3016, 11.2994 ], [ 1.3014, 11.2993 ], [ 1.3012, 11.2993 ], [ 1.3011, 11.2993 ], [ 1.3009, 11.2992 ], [ 1.3007, 11.2991 ], [ 1.3005, 11.2991 ], [ 1.3003, 11.299 ], [ 1.3002, 11.2989 ], [ 1.3, 11.2988 ], [ 1.2999, 11.2987 ], [ 1.2997, 11.2987 ], [ 1.2995, 11.2987 ], [ 1.2993, 11.2987 ], [ 1.2991, 11.2987 ], [ 1.299, 11.2988 ], [ 1.2988, 11.2988 ], [ 1.2985, 11.2988 ], [ 1.2984, 11.2988 ], [ 1.2982, 11.2987 ], [ 1.2979, 11.2987 ], [ 1.2977, 11.2986 ], [ 1.2976, 11.2985 ], [ 1.2974, 11.2984 ], [ 1.2972, 11.2983 ], [ 1.297, 11.2982 ], [ 1.2968, 11.2982 ], [ 1.2967, 11.2981 ], [ 1.2965, 11.298 ], [ 1.2963, 11.298 ], [ 1.2962, 11.298 ], [ 1.296, 11.2979 ], [ 1.2959, 11.2979 ], [ 1.2957, 11.2979 ], [ 1.2956, 11.2978 ], [ 1.2954, 11.2978 ], [ 1.2952, 11.2978 ], [ 1.2951, 11.2978 ], [ 1.2949, 11.2979 ], [ 1.2947, 11.298 ], [ 1.2945, 11.298 ], [ 1.2943, 11.298 ], [ 1.2942, 11.298 ], [ 1.294, 11.2981 ], [ 1.2939, 11.2982 ], [ 1.2938, 11.2984 ], [ 1.2937, 11.2986 ], [ 1.2937, 11.2987 ], [ 1.2936, 11.2989 ], [ 1.2935, 11.299 ], [ 1.2935, 11.2992 ], [ 1.2934, 11.2993 ], [ 1.2933, 11.2995 ], [ 1.2933, 11.2996 ], [ 1.2932, 11.2998 ], [ 1.2931, 11.2999 ], [ 1.293, 11.3001 ], [ 1.293, 11.3002 ], [ 1.2929, 11.3004 ], [ 1.2929, 11.3006 ], [ 1.2928, 11.3007 ], [ 1.2927, 11.3009 ], [ 1.2927, 11.3011 ], [ 1.2926, 11.3012 ], [ 1.2926, 11.3014 ], [ 1.2925, 11.3015 ], [ 1.2925, 11.3017 ], [ 1.2925, 11.3018 ], [ 1.2923, 11.302 ], [ 1.2922, 11.3023 ], [ 1.2922, 11.3025 ], [ 1.2921, 11.3026 ], [ 1.2921, 11.3028 ], [ 1.292, 11.303 ], [ 1.292, 11.3031 ], [ 1.292, 11.3033 ], [ 1.2919, 11.3035 ], [ 1.2919, 11.3036 ], [ 1.2918, 11.3038 ], [ 1.2917, 11.3039 ], [ 1.2917, 11.3041 ], [ 1.2916, 11.3043 ], [ 1.2915, 11.3044 ], [ 1.2915, 11.3046 ], [ 1.2914, 11.3047 ], [ 1.2914, 11.3049 ], [ 1.2913, 11.3051 ], [ 1.2913, 11.3052 ], [ 1.2913, 11.3054 ], [ 1.2912, 11.3055 ], [ 1.2911, 11.3058 ], [ 1.2911, 11.306 ], [ 1.2911, 11.3061 ], [ 1.291, 11.3063 ], [ 1.2909, 11.3064 ], [ 1.2909, 11.3066 ], [ 1.2908, 11.3069 ], [ 1.2908, 11.307 ], [ 1.2908, 11.3072 ], [ 1.2908, 11.3073 ], [ 1.2908, 11.3075 ], [ 1.2908, 11.3077 ], [ 1.2908, 11.3078 ], [ 1.2908, 11.308 ], [ 1.2908, 11.3081 ], [ 1.2909, 11.3083 ], [ 1.2909, 11.3085 ], [ 1.291, 11.3087 ], [ 1.291, 11.3088 ], [ 1.2911, 11.309 ], [ 1.2911, 11.3092 ], [ 1.2911, 11.3093 ], [ 1.2911, 11.3095 ], [ 1.2911, 11.3096 ], [ 1.2912, 11.3099 ], [ 1.2912, 11.3101 ], [ 1.2912, 11.3102 ], [ 1.2912, 11.3105 ], [ 1.2912, 11.3107 ], [ 1.2912, 11.3108 ], [ 1.2912, 11.311 ], [ 1.2912, 11.3112 ], [ 1.2912, 11.3114 ], [ 1.2911, 11.3115 ], [ 1.2911, 11.3116 ], [ 1.2911, 11.3118 ], [ 1.2911, 11.3119 ], [ 1.291, 11.3121 ], [ 1.291, 11.3122 ], [ 1.291, 11.3123 ], [ 1.2909, 11.3125 ], [ 1.2909, 11.3127 ], [ 1.2909, 11.3128 ], [ 1.2908, 11.3131 ], [ 1.2907, 11.3133 ], [ 1.2906, 11.3134 ], [ 1.2906, 11.3135 ], [ 1.2906, 11.3136 ], [ 1.2905, 11.3138 ], [ 1.2904, 11.314 ], [ 1.2903, 11.3141 ], [ 1.2903, 11.3143 ], [ 1.2902, 11.3144 ], [ 1.2901, 11.3145 ], [ 1.2901, 11.3146 ], [ 1.29, 11.3147 ], [ 1.2899, 11.3148 ], [ 1.2898, 11.315 ], [ 1.2897, 11.3151 ], [ 1.2896, 11.3152 ], [ 1.2894, 11.3153 ], [ 1.2894, 11.3154 ], [ 1.2893, 11.3155 ], [ 1.2891, 11.3155 ], [ 1.289, 11.3156 ], [ 1.2888, 11.3157 ], [ 1.2887, 11.3157 ], [ 1.2885, 11.3158 ], [ 1.2884, 11.3158 ], [ 1.2882, 11.3159 ], [ 1.2881, 11.316 ], [ 1.2879, 11.3162 ], [ 1.2878, 11.3163 ], [ 1.2877, 11.3164 ], [ 1.2877, 11.3166 ], [ 1.2876, 11.3167 ], [ 1.2875, 11.3169 ], [ 1.2874, 11.317 ], [ 1.2874, 11.3171 ], [ 1.2873, 11.3172 ], [ 1.2872, 11.3173 ], [ 1.2872, 11.3175 ], [ 1.2871, 11.3176 ], [ 1.2871, 11.3178 ], [ 1.2871, 11.3179 ], [ 1.2871, 11.3181 ], [ 1.2871, 11.3183 ], [ 1.2871, 11.3185 ], [ 1.287, 11.3186 ], [ 1.2869, 11.3188 ], [ 1.2868, 11.3189 ], [ 1.2868, 11.3191 ], [ 1.2867, 11.3192 ], [ 1.2866, 11.3193 ], [ 1.2865, 11.3195 ], [ 1.2865, 11.3196 ], [ 1.2864, 11.3198 ], [ 1.2864, 11.32 ], [ 1.2863, 11.3202 ], [ 1.2862, 11.3203 ], [ 1.2862, 11.3205 ], [ 1.2861, 11.3207 ], [ 1.286, 11.3208 ], [ 1.286, 11.321 ], [ 1.286, 11.3212 ], [ 1.2859, 11.3213 ], [ 1.2859, 11.3215 ], [ 1.2859, 11.3216 ], [ 1.2858, 11.3218 ], [ 1.2858, 11.322 ], [ 1.2858, 11.3222 ], [ 1.2857, 11.3224 ], [ 1.2857, 11.3225 ], [ 1.2856, 11.3226 ], [ 1.2855, 11.3228 ], [ 1.2854, 11.3229 ], [ 1.2853, 11.323 ], [ 1.2852, 11.3231 ], [ 1.285, 11.3232 ], [ 1.2849, 11.3233 ], [ 1.2847, 11.3234 ], [ 1.2846, 11.3235 ], [ 1.2844, 11.3236 ], [ 1.2843, 11.3237 ], [ 1.2842, 11.3238 ], [ 1.284, 11.3239 ], [ 1.2839, 11.324 ], [ 1.2837, 11.3241 ], [ 1.2836, 11.3242 ], [ 1.2833, 11.3243 ], [ 1.2832, 11.3243 ], [ 1.2829, 11.3244 ], [ 1.2828, 11.3244 ], [ 1.2826, 11.3245 ], [ 1.2824, 11.3245 ], [ 1.2822, 11.3245 ], [ 1.2821, 11.3246 ], [ 1.2819, 11.3246 ], [ 1.2817, 11.3247 ], [ 1.2816, 11.3247 ], [ 1.2814, 11.3248 ], [ 1.2813, 11.3248 ], [ 1.2811, 11.3249 ], [ 1.281, 11.3249 ], [ 1.2808, 11.325 ], [ 1.2806, 11.3251 ], [ 1.2805, 11.3252 ], [ 1.2803, 11.3253 ], [ 1.2801, 11.3253 ], [ 1.2799, 11.3254 ], [ 1.2797, 11.3254 ], [ 1.2796, 11.3255 ], [ 1.2794, 11.3255 ], [ 1.2794, 11.3256 ], [ 1.2792, 11.3256 ], [ 1.2791, 11.3256 ], [ 1.279, 11.3257 ], [ 1.2789, 11.3257 ], [ 1.2786, 11.3258 ], [ 1.2785, 11.3258 ], [ 1.2783, 11.3259 ], [ 1.2781, 11.326 ], [ 1.278, 11.326 ], [ 1.2778, 11.326 ], [ 1.2776, 11.3261 ], [ 1.2774, 11.3261 ], [ 1.2773, 11.3261 ], [ 1.2771, 11.3262 ], [ 1.2769, 11.3262 ], [ 1.2767, 11.3262 ], [ 1.2765, 11.3263 ], [ 1.2763, 11.3263 ], [ 1.2762, 11.3263 ], [ 1.276, 11.3263 ], [ 1.2758, 11.3263 ], [ 1.2756, 11.3263 ], [ 1.2755, 11.3263 ], [ 1.2753, 11.3263 ], [ 1.2751, 11.3263 ], [ 1.275, 11.3263 ], [ 1.2748, 11.3263 ], [ 1.2747, 11.3263 ], [ 1.2745, 11.3264 ], [ 1.2743, 11.3264 ], [ 1.2742, 11.3264 ], [ 1.274, 11.3264 ], [ 1.2738, 11.3263 ], [ 1.2737, 11.3262 ], [ 1.2736, 11.3261 ], [ 1.2735, 11.3259 ], [ 1.2734, 11.3258 ], [ 1.2732, 11.3257 ], [ 1.2732, 11.3256 ], [ 1.2731, 11.3254 ], [ 1.273, 11.3253 ], [ 1.2729, 11.3252 ], [ 1.2728, 11.3251 ], [ 1.2726, 11.3251 ], [ 1.2724, 11.3251 ], [ 1.2722, 11.3252 ], [ 1.2721, 11.3252 ], [ 1.2719, 11.3252 ], [ 1.2718, 11.3252 ], [ 1.2716, 11.3253 ], [ 1.2714, 11.3254 ], [ 1.2713, 11.3254 ], [ 1.2712, 11.3256 ], [ 1.271, 11.3257 ], [ 1.271, 11.3259 ], [ 1.271, 11.3261 ], [ 1.271, 11.3263 ], [ 1.271, 11.3264 ], [ 1.2709, 11.3266 ], [ 1.2708, 11.3267 ], [ 1.2707, 11.3268 ], [ 1.2706, 11.3269 ], [ 1.2705, 11.3271 ], [ 1.2704, 11.3272 ], [ 1.2702, 11.3272 ], [ 1.2701, 11.3273 ], [ 1.2699, 11.3273 ], [ 1.2697, 11.3273 ], [ 1.2695, 11.3274 ], [ 1.2694, 11.3274 ], [ 1.2692, 11.3274 ], [ 1.2691, 11.3273 ], [ 1.2688, 11.3273 ], [ 1.2687, 11.3272 ], [ 1.2685, 11.3272 ], [ 1.2684, 11.3271 ], [ 1.2683, 11.327 ], [ 1.2682, 11.3269 ], [ 1.268, 11.3268 ], [ 1.2679, 11.3268 ], [ 1.2678, 11.3267 ], [ 1.2676, 11.3267 ], [ 1.2675, 11.3266 ], [ 1.2674, 11.3265 ], [ 1.2672, 11.3263 ], [ 1.2671, 11.3262 ], [ 1.267, 11.326 ], [ 1.267, 11.3259 ], [ 1.267, 11.3258 ], [ 1.267, 11.3257 ], [ 1.2669, 11.3256 ], [ 1.2669, 11.3254 ], [ 1.2669, 11.3253 ], [ 1.2669, 11.3251 ], [ 1.2669, 11.3249 ], [ 1.267, 11.3248 ], [ 1.267, 11.3247 ], [ 1.267, 11.3245 ], [ 1.267, 11.3243 ], [ 1.267, 11.3242 ], [ 1.267, 11.3241 ], [ 1.2669, 11.324 ], [ 1.2669, 11.3239 ], [ 1.2668, 11.3237 ], [ 1.2666, 11.3236 ], [ 1.2665, 11.3235 ], [ 1.2663, 11.3235 ], [ 1.2662, 11.3234 ], [ 1.266, 11.3234 ], [ 1.2659, 11.3234 ], [ 1.2657, 11.3234 ], [ 1.2656, 11.3233 ], [ 1.2654, 11.3232 ], [ 1.2653, 11.3231 ], [ 1.2652, 11.3229 ], [ 1.2651, 11.3228 ], [ 1.265, 11.3226 ], [ 1.2649, 11.3225 ], [ 1.2647, 11.3224 ], [ 1.2646, 11.3223 ], [ 1.2646, 11.3221 ], [ 1.2644, 11.322 ], [ 1.2643, 11.3219 ], [ 1.2642, 11.3218 ], [ 1.264, 11.3217 ], [ 1.2638, 11.3216 ], [ 1.2637, 11.3215 ], [ 1.2635, 11.3214 ], [ 1.2634, 11.3213 ], [ 1.2632, 11.3212 ], [ 1.2631, 11.3211 ], [ 1.263, 11.321 ], [ 1.2629, 11.3209 ], [ 1.2627, 11.3208 ], [ 1.2626, 11.3207 ], [ 1.2624, 11.3206 ], [ 1.2623, 11.3205 ], [ 1.2622, 11.3204 ], [ 1.2621, 11.3202 ], [ 1.262, 11.3201 ], [ 1.262, 11.3199 ], [ 1.262, 11.3197 ], [ 1.262, 11.3196 ], [ 1.262, 11.3194 ], [ 1.2621, 11.3193 ], [ 1.2622, 11.3192 ], [ 1.2623, 11.3191 ], [ 1.2625, 11.319 ], [ 1.2626, 11.319 ], [ 1.2629, 11.319 ], [ 1.263, 11.319 ], [ 1.2632, 11.319 ], [ 1.2634, 11.319 ], [ 1.2635, 11.319 ], [ 1.2637, 11.319 ], [ 1.2638, 11.319 ], [ 1.2641, 11.319 ], [ 1.2643, 11.319 ], [ 1.2644, 11.3191 ], [ 1.2646, 11.3192 ], [ 1.2647, 11.3192 ], [ 1.2649, 11.3193 ], [ 1.2651, 11.3194 ], [ 1.2652, 11.3195 ], [ 1.2653, 11.3195 ], [ 1.2655, 11.3196 ], [ 1.2656, 11.3197 ], [ 1.2658, 11.3197 ], [ 1.2659, 11.3198 ], [ 1.2661, 11.3198 ], [ 1.2662, 11.3198 ], [ 1.2664, 11.3197 ], [ 1.2666, 11.3197 ], [ 1.2667, 11.3196 ], [ 1.2667, 11.3194 ], [ 1.2668, 11.3193 ], [ 1.2667, 11.3191 ], [ 1.2667, 11.319 ], [ 1.2666, 11.3188 ], [ 1.2664, 11.3187 ], [ 1.2663, 11.3185 ], [ 1.2662, 11.3184 ], [ 1.2661, 11.3183 ], [ 1.266, 11.3182 ], [ 1.2659, 11.318 ], [ 1.2658, 11.318 ], [ 1.2656, 11.3179 ], [ 1.2654, 11.3179 ], [ 1.2653, 11.3178 ], [ 1.2651, 11.3177 ], [ 1.265, 11.3176 ], [ 1.2648, 11.3175 ], [ 1.2647, 11.3174 ], [ 1.2645, 11.3174 ], [ 1.2644, 11.3173 ], [ 1.2642, 11.3173 ], [ 1.264, 11.3172 ], [ 1.2639, 11.3172 ], [ 1.2637, 11.3172 ], [ 1.2636, 11.3173 ], [ 1.2634, 11.3173 ], [ 1.2633, 11.3173 ], [ 1.2631, 11.3173 ], [ 1.2629, 11.3173 ], [ 1.2628, 11.3174 ], [ 1.2626, 11.3174 ], [ 1.2624, 11.3174 ], [ 1.2623, 11.3175 ], [ 1.2621, 11.3175 ], [ 1.262, 11.3175 ], [ 1.2617, 11.3175 ], [ 1.2616, 11.3175 ], [ 1.2614, 11.3174 ], [ 1.2612, 11.3174 ], [ 1.261, 11.3173 ], [ 1.2609, 11.3172 ], [ 1.2608, 11.317 ], [ 1.2607, 11.3169 ], [ 1.2607, 11.3167 ], [ 1.2606, 11.3165 ], [ 1.2606, 11.3164 ], [ 1.2607, 11.3162 ], [ 1.2607, 11.316 ], [ 1.2608, 11.3159 ], [ 1.2609, 11.3157 ], [ 1.2609, 11.3155 ], [ 1.261, 11.3154 ], [ 1.261, 11.3152 ], [ 1.261, 11.315 ], [ 1.2611, 11.3149 ], [ 1.2612, 11.3147 ], [ 1.2612, 11.3146 ], [ 1.2613, 11.3144 ], [ 1.2614, 11.3143 ], [ 1.2614, 11.3142 ], [ 1.2615, 11.314 ], [ 1.2616, 11.3138 ], [ 1.2617, 11.3137 ], [ 1.2617, 11.3135 ], [ 1.2618, 11.3134 ], [ 1.262, 11.3133 ], [ 1.2621, 11.3133 ], [ 1.2623, 11.3133 ], [ 1.2624, 11.3132 ], [ 1.2626, 11.3132 ], [ 1.2628, 11.3131 ], [ 1.2629, 11.3131 ], [ 1.2629, 11.3131 ], [ 1.2631, 11.313 ], [ 1.2632, 11.313 ], [ 1.2634, 11.3129 ], [ 1.2635, 11.3128 ], [ 1.2636, 11.3127 ], [ 1.2637, 11.3126 ], [ 1.2638, 11.3124 ], [ 1.2639, 11.3123 ], [ 1.264, 11.3121 ], [ 1.264, 11.3119 ], [ 1.264, 11.3118 ], [ 1.264, 11.3116 ], [ 1.264, 11.3114 ], [ 1.264, 11.3113 ], [ 1.264, 11.3111 ], [ 1.264, 11.311 ], [ 1.2639, 11.3109 ], [ 1.2638, 11.3108 ], [ 1.2638, 11.3106 ], [ 1.2636, 11.3105 ], [ 1.2635, 11.3104 ], [ 1.2633, 11.3104 ], [ 1.2632, 11.3104 ], [ 1.263, 11.3104 ], [ 1.2628, 11.3104 ], [ 1.2627, 11.3104 ], [ 1.2625, 11.3105 ], [ 1.2624, 11.3105 ], [ 1.2622, 11.3106 ], [ 1.2621, 11.3106 ], [ 1.2619, 11.3107 ], [ 1.2617, 11.3108 ], [ 1.2616, 11.3109 ], [ 1.2614, 11.311 ], [ 1.2613, 11.311 ], [ 1.2612, 11.3111 ], [ 1.261, 11.3112 ], [ 1.2608, 11.3112 ], [ 1.2606, 11.3113 ], [ 1.2605, 11.3112 ], [ 1.2603, 11.3112 ], [ 1.2601, 11.3112 ], [ 1.26, 11.311 ], [ 1.2599, 11.3109 ], [ 1.2599, 11.3107 ], [ 1.2599, 11.3105 ], [ 1.2599, 11.3104 ], [ 1.2599, 11.3102 ], [ 1.26, 11.3101 ], [ 1.26, 11.3099 ], [ 1.2601, 11.3097 ], [ 1.2601, 11.3096 ], [ 1.2602, 11.3095 ], [ 1.2603, 11.3093 ], [ 1.2604, 11.3092 ], [ 1.2605, 11.3091 ], [ 1.2606, 11.3089 ], [ 1.2607, 11.3087 ], [ 1.2608, 11.3086 ], [ 1.2609, 11.3084 ], [ 1.261, 11.3083 ], [ 1.2611, 11.3081 ], [ 1.2611, 11.308 ], [ 1.2613, 11.3079 ], [ 1.2614, 11.3078 ], [ 1.2615, 11.3076 ], [ 1.2616, 11.3075 ], [ 1.2617, 11.3074 ], [ 1.2618, 11.3072 ], [ 1.2619, 11.307 ], [ 1.262, 11.3069 ], [ 1.262, 11.3067 ], [ 1.2621, 11.3066 ], [ 1.2622, 11.3065 ], [ 1.2623, 11.3064 ], [ 1.2624, 11.3062 ], [ 1.2625, 11.3061 ], [ 1.2626, 11.306 ], [ 1.2626, 11.3058 ], [ 1.2627, 11.3057 ], [ 1.2628, 11.3055 ], [ 1.2629, 11.3055 ], [ 1.2629, 11.3053 ], [ 1.263, 11.3052 ], [ 1.2631, 11.305 ], [ 1.2631, 11.3048 ], [ 1.2631, 11.3047 ], [ 1.2632, 11.3046 ], [ 1.2632, 11.3044 ], [ 1.2632, 11.3042 ], [ 1.2632, 11.3041 ], [ 1.2631, 11.304 ], [ 1.263, 11.3038 ], [ 1.2629, 11.3037 ], [ 1.2628, 11.3037 ], [ 1.2627, 11.3036 ], [ 1.2626, 11.3036 ], [ 1.2624, 11.3036 ], [ 1.2622, 11.3036 ], [ 1.262, 11.3036 ], [ 1.2618, 11.3037 ], [ 1.2617, 11.3037 ], [ 1.2615, 11.3038 ], [ 1.2614, 11.3038 ], [ 1.2612, 11.3039 ], [ 1.261, 11.304 ], [ 1.2608, 11.304 ], [ 1.2607, 11.304 ], [ 1.2605, 11.304 ], [ 1.2604, 11.304 ], [ 1.2602, 11.3039 ], [ 1.26, 11.3039 ], [ 1.2599, 11.3038 ], [ 1.2598, 11.3036 ], [ 1.2597, 11.3035 ], [ 1.2596, 11.3033 ], [ 1.2595, 11.3032 ], [ 1.2595, 11.303 ], [ 1.2594, 11.3028 ], [ 1.2595, 11.3027 ], [ 1.2595, 11.3025 ], [ 1.2596, 11.3024 ], [ 1.2597, 11.3022 ], [ 1.2598, 11.3021 ], [ 1.26, 11.302 ], [ 1.2601, 11.3019 ], [ 1.2602, 11.3018 ], [ 1.2603, 11.3016 ], [ 1.2604, 11.3015 ], [ 1.2605, 11.3014 ], [ 1.2607, 11.3013 ], [ 1.2608, 11.3012 ], [ 1.261, 11.3011 ], [ 1.2612, 11.3011 ], [ 1.2613, 11.301 ], [ 1.2615, 11.3009 ], [ 1.2616, 11.3008 ], [ 1.2618, 11.3007 ], [ 1.2619, 11.3006 ], [ 1.2621, 11.3005 ], [ 1.2621, 11.3003 ], [ 1.2623, 11.3002 ], [ 1.2624, 11.3001 ], [ 1.2624, 11.2999 ], [ 1.2625, 11.2998 ], [ 1.2626, 11.2996 ], [ 1.2627, 11.2994 ], [ 1.2628, 11.2993 ], [ 1.2628, 11.2992 ], [ 1.263, 11.299 ], [ 1.2631, 11.2989 ], [ 1.2632, 11.2988 ], [ 1.2634, 11.2987 ], [ 1.2635, 11.2986 ], [ 1.2636, 11.2985 ], [ 1.2638, 11.2984 ], [ 1.2638, 11.2983 ], [ 1.2639, 11.2981 ], [ 1.264, 11.298 ], [ 1.2641, 11.2978 ], [ 1.2641, 11.2977 ], [ 1.2642, 11.2975 ], [ 1.2642, 11.2973 ], [ 1.2642, 11.2972 ], [ 1.2642, 11.297 ], [ 1.2642, 11.2968 ], [ 1.2642, 11.2967 ], [ 1.2642, 11.2965 ], [ 1.2642, 11.2964 ], [ 1.2642, 11.2962 ], [ 1.2642, 11.2961 ], [ 1.2642, 11.2959 ], [ 1.2642, 11.2958 ], [ 1.2642, 11.2955 ], [ 1.2642, 11.2954 ], [ 1.2643, 11.2953 ], [ 1.2644, 11.2951 ], [ 1.2644, 11.295 ], [ 1.2645, 11.2948 ], [ 1.2646, 11.2947 ], [ 1.2647, 11.2946 ], [ 1.2648, 11.2945 ], [ 1.265, 11.2944 ], [ 1.2651, 11.2944 ], [ 1.2653, 11.2944 ], [ 1.2655, 11.2944 ], [ 1.2656, 11.2944 ], [ 1.2658, 11.2944 ], [ 1.2659, 11.2944 ], [ 1.2659, 11.2944 ], [ 1.266, 11.2944 ], [ 1.2661, 11.2944 ], [ 1.2663, 11.2944 ], [ 1.2664, 11.2944 ], [ 1.2666, 11.2944 ], [ 1.2667, 11.2944 ], [ 1.267, 11.2944 ], [ 1.2671, 11.2944 ], [ 1.2673, 11.2944 ], [ 1.2674, 11.2944 ], [ 1.2676, 11.2945 ], [ 1.2677, 11.2947 ], [ 1.2679, 11.2948 ], [ 1.2679, 11.2948 ], [ 1.268, 11.2948 ], [ 1.2681, 11.2949 ], [ 1.2683, 11.2949 ], [ 1.2685, 11.2949 ], [ 1.2686, 11.2948 ], [ 1.2688, 11.2948 ], [ 1.2689, 11.2947 ], [ 1.2691, 11.2946 ], [ 1.2692, 11.2945 ], [ 1.2694, 11.2944 ], [ 1.2696, 11.2944 ], [ 1.2697, 11.2944 ], [ 1.2699, 11.2944 ], [ 1.2701, 11.2944 ], [ 1.2703, 11.2944 ], [ 1.2705, 11.2945 ], [ 1.2706, 11.2946 ], [ 1.2708, 11.2946 ], [ 1.2709, 11.2947 ], [ 1.2711, 11.2948 ], [ 1.2713, 11.2948 ], [ 1.2715, 11.2948 ], [ 1.2716, 11.2948 ], [ 1.2718, 11.2948 ], [ 1.272, 11.2948 ], [ 1.2722, 11.2947 ], [ 1.2724, 11.2947 ], [ 1.2726, 11.2947 ], [ 1.2727, 11.2946 ], [ 1.2729, 11.2945 ], [ 1.2729, 11.2944 ], [ 1.2729, 11.2944 ], [ 1.273, 11.2942 ], [ 1.2732, 11.2941 ], [ 1.2733, 11.294 ], [ 1.2735, 11.2939 ], [ 1.2736, 11.2939 ], [ 1.2738, 11.2939 ], [ 1.2739, 11.2939 ], [ 1.2741, 11.2939 ], [ 1.2743, 11.294 ], [ 1.2745, 11.294 ], [ 1.2746, 11.2941 ], [ 1.2748, 11.2941 ], [ 1.2749, 11.2942 ], [ 1.2749, 11.2942 ], [ 1.2751, 11.2943 ], [ 1.2753, 11.2943 ], [ 1.2754, 11.2943 ], [ 1.2756, 11.2942 ], [ 1.2757, 11.2941 ], [ 1.2758, 11.294 ], [ 1.2759, 11.2939 ], [ 1.276, 11.2937 ], [ 1.276, 11.2936 ], [ 1.276, 11.2934 ], [ 1.276, 11.2933 ], [ 1.276, 11.2931 ], [ 1.276, 11.2929 ], [ 1.276, 11.2928 ], [ 1.276, 11.2926 ], [ 1.276, 11.2925 ], [ 1.276, 11.2923 ], [ 1.2759, 11.2922 ], [ 1.2759, 11.292 ], [ 1.2759, 11.2918 ], [ 1.2758, 11.2917 ], [ 1.2758, 11.2915 ], [ 1.2758, 11.2914 ], [ 1.2757, 11.2913 ], [ 1.2757, 11.2912 ], [ 1.2756, 11.291 ], [ 1.2756, 11.2909 ], [ 1.2755, 11.2908 ], [ 1.2755, 11.2907 ], [ 1.2755, 11.2905 ], [ 1.2754, 11.2904 ], [ 1.2753, 11.2903 ], [ 1.2752, 11.2902 ], [ 1.275, 11.2902 ], [ 1.2748, 11.2902 ], [ 1.2747, 11.2903 ], [ 1.2745, 11.2904 ], [ 1.2744, 11.2904 ], [ 1.2742, 11.2904 ], [ 1.2741, 11.2903 ], [ 1.2739, 11.2903 ], [ 1.2738, 11.2901 ], [ 1.2737, 11.29 ], [ 1.2737, 11.2899 ], [ 1.2737, 11.2897 ], [ 1.2737, 11.2896 ], [ 1.2738, 11.2894 ], [ 1.2739, 11.2892 ], [ 1.274, 11.2891 ], [ 1.2741, 11.2891 ], [ 1.2742, 11.289 ], [ 1.2742, 11.2889 ], [ 1.2744, 11.2888 ], [ 1.2744, 11.2887 ], [ 1.2746, 11.2885 ], [ 1.2747, 11.2885 ], [ 1.2748, 11.2883 ], [ 1.2749, 11.2882 ], [ 1.2751, 11.2882 ], [ 1.2753, 11.2882 ], [ 1.2754, 11.2881 ], [ 1.2756, 11.2881 ], [ 1.2758, 11.2881 ], [ 1.276, 11.2882 ], [ 1.2761, 11.2882 ], [ 1.2763, 11.2882 ], [ 1.2765, 11.2883 ], [ 1.2766, 11.2884 ], [ 1.2768, 11.2885 ], [ 1.277, 11.2885 ], [ 1.2771, 11.2885 ], [ 1.2773, 11.2885 ], [ 1.2774, 11.2885 ], [ 1.2776, 11.2885 ], [ 1.2777, 11.2884 ], [ 1.2778, 11.2882 ], [ 1.2779, 11.2881 ], [ 1.278, 11.2879 ], [ 1.2781, 11.2878 ], [ 1.2782, 11.2877 ], [ 1.2783, 11.2876 ], [ 1.2783, 11.2874 ], [ 1.2783, 11.2872 ], [ 1.2783, 11.2871 ], [ 1.2783, 11.287 ], [ 1.2783, 11.2869 ], [ 1.2783, 11.2868 ], [ 1.2785, 11.2866 ], [ 1.2786, 11.2865 ], [ 1.2787, 11.2863 ], [ 1.2787, 11.2861 ], [ 1.2788, 11.286 ], [ 1.2789, 11.2858 ], [ 1.279, 11.2857 ], [ 1.279, 11.2855 ], [ 1.279, 11.2854 ], [ 1.279, 11.2852 ], [ 1.2789, 11.285 ], [ 1.2788, 11.2849 ], [ 1.2787, 11.2849 ], [ 1.2786, 11.2848 ], [ 1.2785, 11.2846 ], [ 1.2784, 11.2845 ], [ 1.2783, 11.2844 ], [ 1.2782, 11.2842 ], [ 1.2781, 11.2841 ], [ 1.278, 11.2839 ], [ 1.2779, 11.2838 ], [ 1.2779, 11.2836 ], [ 1.2778, 11.2834 ], [ 1.2777, 11.2833 ], [ 1.2777, 11.2831 ], [ 1.2776, 11.283 ], [ 1.2776, 11.2829 ], [ 1.2775, 11.2828 ], [ 1.2774, 11.2827 ], [ 1.2774, 11.2826 ], [ 1.2773, 11.2825 ], [ 1.2772, 11.2823 ], [ 1.2771, 11.2822 ], [ 1.277, 11.282 ], [ 1.2769, 11.2819 ], [ 1.2768, 11.2818 ], [ 1.2767, 11.2816 ], [ 1.2766, 11.2815 ], [ 1.2766, 11.2813 ], [ 1.2765, 11.2812 ], [ 1.2764, 11.281 ], [ 1.2763, 11.2809 ], [ 1.2762, 11.2807 ], [ 1.2761, 11.2805 ], [ 1.2761, 11.2803 ], [ 1.2761, 11.2801 ], [ 1.2762, 11.28 ], [ 1.2762, 11.2798 ], [ 1.2763, 11.2797 ], [ 1.2764, 11.2796 ], [ 1.2765, 11.2794 ], [ 1.2766, 11.2793 ], [ 1.2767, 11.2792 ], [ 1.2768, 11.2791 ], [ 1.277, 11.2791 ], [ 1.2771, 11.2791 ], [ 1.2773, 11.2791 ], [ 1.2774, 11.2792 ], [ 1.2776, 11.2793 ], [ 1.2777, 11.2794 ], [ 1.2779, 11.2795 ], [ 1.278, 11.2795 ], [ 1.2782, 11.2795 ], [ 1.2783, 11.2795 ], [ 1.2785, 11.2795 ], [ 1.2787, 11.2794 ], [ 1.2788, 11.2794 ], [ 1.279, 11.2793 ], [ 1.2792, 11.2793 ], [ 1.2793, 11.2793 ], [ 1.2795, 11.2793 ], [ 1.2797, 11.2792 ], [ 1.2798, 11.2792 ], [ 1.28, 11.2791 ], [ 1.2801, 11.279 ], [ 1.2802, 11.2788 ], [ 1.2802, 11.2788 ], [ 1.2802, 11.2787 ], [ 1.2801, 11.2785 ], [ 1.28, 11.2784 ], [ 1.28, 11.2783 ], [ 1.2799, 11.2781 ], [ 1.2798, 11.278 ], [ 1.2797, 11.2778 ], [ 1.2797, 11.2776 ], [ 1.2797, 11.2775 ], [ 1.2797, 11.2773 ], [ 1.2798, 11.2772 ], [ 1.2798, 11.277 ], [ 1.2798, 11.2768 ], [ 1.2799, 11.2767 ], [ 1.2799, 11.2765 ], [ 1.28, 11.2764 ], [ 1.28, 11.2762 ], [ 1.2801, 11.2761 ], [ 1.2802, 11.2759 ], [ 1.2802, 11.2758 ], [ 1.2803, 11.2756 ], [ 1.2803, 11.2754 ], [ 1.2803, 11.2753 ], [ 1.2804, 11.2751 ], [ 1.2804, 11.2749 ], [ 1.2805, 11.2747 ], [ 1.2806, 11.2746 ], [ 1.2806, 11.2744 ], [ 1.2807, 11.2743 ], [ 1.2808, 11.2742 ], [ 1.2809, 11.2741 ], [ 1.2811, 11.2739 ], [ 1.2811, 11.2738 ], [ 1.2812, 11.2737 ], [ 1.2812, 11.2735 ], [ 1.2813, 11.2734 ], [ 1.2814, 11.2733 ], [ 1.2816, 11.2732 ], [ 1.2817, 11.2731 ], [ 1.2818, 11.2729 ], [ 1.282, 11.2728 ], [ 1.2821, 11.2727 ], [ 1.2822, 11.2725 ], [ 1.2822, 11.2724 ], [ 1.2823, 11.2723 ], [ 1.2825, 11.2722 ], [ 1.2825, 11.272 ], [ 1.2826, 11.2719 ], [ 1.2825, 11.2717 ], [ 1.2825, 11.2715 ], [ 1.2825, 11.2714 ], [ 1.2826, 11.2713 ], [ 1.2827, 11.2711 ], [ 1.2827, 11.2709 ], [ 1.2826, 11.2708 ], [ 1.2826, 11.2706 ], [ 1.2825, 11.2704 ], [ 1.2824, 11.2703 ], [ 1.2823, 11.2702 ], [ 1.2822, 11.2701 ], [ 1.282, 11.27 ], [ 1.2818, 11.27 ], [ 1.2817, 11.27 ], [ 1.2815, 11.27 ], [ 1.2813, 11.2701 ], [ 1.2812, 11.2701 ], [ 1.281, 11.2701 ], [ 1.2808, 11.2701 ], [ 1.2806, 11.2701 ], [ 1.2805, 11.2701 ], [ 1.2803, 11.27 ], [ 1.2802, 11.2699 ], [ 1.28, 11.2698 ], [ 1.2799, 11.2697 ], [ 1.2798, 11.2696 ], [ 1.2797, 11.2695 ], [ 1.2795, 11.2693 ], [ 1.2794, 11.2692 ], [ 1.2793, 11.269 ], [ 1.2792, 11.2689 ], [ 1.279, 11.2688 ], [ 1.2789, 11.2687 ], [ 1.2788, 11.2685 ], [ 1.2788, 11.2684 ], [ 1.2787, 11.2683 ], [ 1.2787, 11.2681 ], [ 1.2788, 11.2679 ], [ 1.2788, 11.2678 ], [ 1.2789, 11.2676 ], [ 1.279, 11.2675 ], [ 1.2791, 11.2674 ], [ 1.2793, 11.2674 ], [ 1.2794, 11.2674 ], [ 1.2796, 11.2674 ], [ 1.2798, 11.2675 ], [ 1.2799, 11.2675 ], [ 1.28, 11.2676 ], [ 1.2802, 11.2676 ], [ 1.2803, 11.2677 ], [ 1.2805, 11.2677 ], [ 1.2807, 11.2677 ], [ 1.2808, 11.2677 ], [ 1.281, 11.2677 ], [ 1.2811, 11.2676 ], [ 1.2813, 11.2675 ], [ 1.2814, 11.2674 ], [ 1.2815, 11.2673 ], [ 1.2816, 11.2672 ], [ 1.2818, 11.2671 ], [ 1.2819, 11.267 ], [ 1.282, 11.2669 ], [ 1.2822, 11.2669 ], [ 1.2824, 11.2668 ], [ 1.2826, 11.2668 ], [ 1.2828, 11.2668 ], [ 1.2829, 11.2668 ], [ 1.2832, 11.2668 ], [ 1.2833, 11.2667 ], [ 1.2835, 11.2667 ], [ 1.2837, 11.2666 ], [ 1.2838, 11.2664 ], [ 1.2838, 11.2663 ], [ 1.2838, 11.2661 ], [ 1.2838, 11.266 ], [ 1.2837, 11.2658 ], [ 1.2835, 11.2656 ], [ 1.2834, 11.2655 ], [ 1.2832, 11.2654 ], [ 1.2831, 11.2654 ], [ 1.2831, 11.2653 ], [ 1.2829, 11.2652 ], [ 1.2829, 11.2651 ], [ 1.2828, 11.2651 ], [ 1.2826, 11.265 ], [ 1.2825, 11.2649 ], [ 1.2824, 11.2649 ], [ 1.2822, 11.2648 ], [ 1.2821, 11.2647 ], [ 1.2819, 11.2647 ], [ 1.2819, 11.2646 ], [ 1.2818, 11.2646 ], [ 1.2816, 11.2644 ], [ 1.2815, 11.2643 ], [ 1.2815, 11.2641 ], [ 1.2813, 11.264 ], [ 1.2812, 11.2639 ], [ 1.2811, 11.2638 ], [ 1.281, 11.2636 ], [ 1.2808, 11.2635 ], [ 1.2806, 11.2634 ], [ 1.2805, 11.2634 ], [ 1.2804, 11.2633 ], [ 1.2802, 11.2632 ], [ 1.28, 11.2631 ], [ 1.2799, 11.263 ], [ 1.2797, 11.2629 ], [ 1.2795, 11.2628 ], [ 1.2793, 11.2627 ], [ 1.2792, 11.2626 ], [ 1.2791, 11.2626 ], [ 1.2789, 11.2625 ], [ 1.2787, 11.2624 ], [ 1.2785, 11.2624 ], [ 1.2784, 11.2623 ], [ 1.2782, 11.2622 ], [ 1.2781, 11.2621 ], [ 1.2779, 11.262 ], [ 1.2778, 11.2619 ], [ 1.2776, 11.2618 ], [ 1.2775, 11.2617 ], [ 1.2773, 11.2616 ], [ 1.2771, 11.2615 ], [ 1.277, 11.2613 ], [ 1.2768, 11.2612 ], [ 1.2767, 11.2612 ], [ 1.2765, 11.2611 ], [ 1.2761, 11.2609 ], [ 1.276, 11.2609 ], [ 1.2759, 11.2608 ], [ 1.2757, 11.2607 ], [ 1.2755, 11.2607 ], [ 1.2754, 11.2606 ], [ 1.2752, 11.2606 ], [ 1.2751, 11.2606 ], [ 1.2749, 11.2606 ], [ 1.2748, 11.2606 ], [ 1.2746, 11.2607 ], [ 1.2744, 11.2607 ], [ 1.2742, 11.2608 ], [ 1.2741, 11.2608 ], [ 1.2739, 11.2609 ], [ 1.2738, 11.261 ], [ 1.2737, 11.2611 ], [ 1.2735, 11.2612 ], [ 1.2734, 11.2613 ], [ 1.2733, 11.2615 ], [ 1.2733, 11.2616 ], [ 1.2732, 11.2618 ], [ 1.2732, 11.262 ], [ 1.2731, 11.2622 ], [ 1.273, 11.2623 ], [ 1.2728, 11.2624 ], [ 1.2727, 11.2624 ], [ 1.2725, 11.2623 ], [ 1.2724, 11.2622 ], [ 1.2723, 11.2622 ], [ 1.2723, 11.2621 ], [ 1.2722, 11.262 ], [ 1.2721, 11.2618 ], [ 1.272, 11.2617 ], [ 1.2719, 11.2616 ], [ 1.2718, 11.2615 ], [ 1.2716, 11.2614 ], [ 1.2715, 11.2613 ], [ 1.2714, 11.2611 ], [ 1.2713, 11.261 ], [ 1.2713, 11.2609 ], [ 1.2712, 11.2607 ], [ 1.2711, 11.2606 ], [ 1.271, 11.2605 ], [ 1.2709, 11.2604 ], [ 1.2708, 11.2602 ], [ 1.2707, 11.2601 ], [ 1.2706, 11.26 ], [ 1.2704, 11.2598 ], [ 1.2702, 11.2596 ], [ 1.2701, 11.2595 ], [ 1.2699, 11.2594 ], [ 1.2698, 11.2593 ], [ 1.2697, 11.2592 ], [ 1.2695, 11.2592 ], [ 1.2693, 11.2591 ], [ 1.2692, 11.2591 ], [ 1.269, 11.259 ], [ 1.2688, 11.2589 ], [ 1.2687, 11.2588 ], [ 1.2685, 11.2587 ], [ 1.2684, 11.2586 ], [ 1.2683, 11.2585 ], [ 1.2681, 11.2584 ], [ 1.268, 11.2583 ], [ 1.2679, 11.2581 ], [ 1.2678, 11.258 ], [ 1.2676, 11.2579 ], [ 1.2675, 11.2578 ], [ 1.2673, 11.2577 ], [ 1.2672, 11.2576 ], [ 1.267, 11.2574 ], [ 1.2668, 11.2574 ], [ 1.2667, 11.2573 ], [ 1.2665, 11.2572 ], [ 1.2664, 11.257 ], [ 1.2662, 11.2569 ], [ 1.2661, 11.2568 ], [ 1.2659, 11.2567 ], [ 1.2659, 11.2566 ], [ 1.2658, 11.2565 ], [ 1.2657, 11.2563 ], [ 1.2657, 11.2562 ], [ 1.2658, 11.2561 ], [ 1.2659, 11.2559 ], [ 1.2659, 11.2557 ], [ 1.2659, 11.2556 ], [ 1.2659, 11.2554 ], [ 1.2658, 11.2553 ], [ 1.2658, 11.2552 ], [ 1.2657, 11.2551 ], [ 1.2655, 11.255 ], [ 1.2654, 11.2549 ], [ 1.2652, 11.2548 ], [ 1.265, 11.2547 ], [ 1.2648, 11.2546 ], [ 1.2647, 11.2546 ], [ 1.2645, 11.2544 ], [ 1.2644, 11.2544 ], [ 1.2644, 11.2544 ], [ 1.2642, 11.2542 ], [ 1.2641, 11.2542 ], [ 1.2639, 11.2541 ], [ 1.2637, 11.254 ], [ 1.2635, 11.2539 ], [ 1.2634, 11.2538 ], [ 1.2632, 11.2538 ], [ 1.2631, 11.2537 ], [ 1.263, 11.2536 ], [ 1.2629, 11.2535 ], [ 1.2629, 11.2533 ], [ 1.2629, 11.2532 ], [ 1.2629, 11.253 ], [ 1.263, 11.2528 ], [ 1.2632, 11.2527 ], [ 1.2633, 11.2526 ], [ 1.2634, 11.2525 ], [ 1.2635, 11.2524 ], [ 1.2635, 11.2522 ], [ 1.2636, 11.252 ], [ 1.2636, 11.2519 ], [ 1.2636, 11.2517 ], [ 1.2636, 11.2516 ], [ 1.2636, 11.2514 ], [ 1.2635, 11.2513 ], [ 1.2635, 11.2511 ], [ 1.2635, 11.251 ], [ 1.2635, 11.2508 ], [ 1.2634, 11.2506 ], [ 1.2633, 11.2505 ], [ 1.2632, 11.2504 ], [ 1.263, 11.2503 ], [ 1.2629, 11.2502 ], [ 1.2627, 11.2501 ], [ 1.2625, 11.25 ], [ 1.2623, 11.25 ], [ 1.2621, 11.25 ], [ 1.262, 11.25 ], [ 1.2618, 11.25 ], [ 1.2617, 11.2501 ], [ 1.2615, 11.2502 ], [ 1.2613, 11.2503 ], [ 1.2613, 11.2504 ], [ 1.2611, 11.2506 ], [ 1.261, 11.2506 ], [ 1.2608, 11.2506 ], [ 1.2606, 11.2507 ], [ 1.2605, 11.2508 ], [ 1.2604, 11.2508 ], [ 1.2603, 11.251 ], [ 1.2602, 11.2511 ], [ 1.2601, 11.2512 ], [ 1.2601, 11.2514 ], [ 1.26, 11.2515 ], [ 1.2599, 11.2516 ], [ 1.2599, 11.2518 ], [ 1.2598, 11.252 ], [ 1.2597, 11.2522 ], [ 1.2597, 11.2523 ], [ 1.2596, 11.2525 ], [ 1.2596, 11.2526 ], [ 1.2595, 11.2528 ], [ 1.2595, 11.253 ], [ 1.2594, 11.2531 ], [ 1.2593, 11.2533 ], [ 1.2591, 11.2533 ], [ 1.259, 11.2534 ], [ 1.2588, 11.2535 ], [ 1.2586, 11.2535 ], [ 1.2584, 11.2536 ], [ 1.2583, 11.2536 ], [ 1.2581, 11.2536 ], [ 1.258, 11.2536 ], [ 1.2578, 11.2536 ], [ 1.2577, 11.2536 ], [ 1.2574, 11.2535 ], [ 1.2572, 11.2535 ], [ 1.257, 11.2534 ], [ 1.2568, 11.2534 ], [ 1.2566, 11.2534 ], [ 1.2564, 11.2533 ], [ 1.2561, 11.2533 ], [ 1.256, 11.2532 ], [ 1.2558, 11.2531 ], [ 1.2557, 11.253 ], [ 1.2556, 11.2528 ], [ 1.2555, 11.2527 ], [ 1.2555, 11.2525 ], [ 1.2553, 11.2524 ], [ 1.2552, 11.2523 ], [ 1.2551, 11.2521 ], [ 1.255, 11.252 ], [ 1.2548, 11.2519 ], [ 1.2546, 11.2519 ], [ 1.2545, 11.2518 ], [ 1.2544, 11.2517 ], [ 1.2542, 11.2517 ], [ 1.2541, 11.2516 ], [ 1.2539, 11.2516 ], [ 1.2537, 11.2515 ], [ 1.2536, 11.2515 ], [ 1.2533, 11.2515 ], [ 1.2532, 11.2515 ], [ 1.253, 11.2515 ], [ 1.2529, 11.2515 ], [ 1.2527, 11.2515 ], [ 1.2526, 11.2515 ], [ 1.2524, 11.2515 ], [ 1.2523, 11.2515 ], [ 1.2521, 11.2516 ], [ 1.2519, 11.2516 ], [ 1.2518, 11.2516 ], [ 1.2516, 11.2516 ], [ 1.2514, 11.2517 ], [ 1.2513, 11.2517 ], [ 1.2511, 11.2518 ], [ 1.251, 11.2519 ], [ 1.2509, 11.252 ], [ 1.2508, 11.2521 ], [ 1.2506, 11.2523 ], [ 1.2505, 11.2524 ], [ 1.2503, 11.2524 ], [ 1.2501, 11.2525 ], [ 1.25, 11.2526 ], [ 1.2499, 11.2527 ], [ 1.2498, 11.2528 ], [ 1.2497, 11.253 ], [ 1.2496, 11.2532 ], [ 1.2495, 11.2533 ], [ 1.2495, 11.2535 ], [ 1.2494, 11.2537 ], [ 1.2493, 11.2538 ], [ 1.2492, 11.2539 ], [ 1.2491, 11.2541 ], [ 1.249, 11.2542 ], [ 1.2489, 11.2544 ], [ 1.2488, 11.2545 ], [ 1.2487, 11.2547 ], [ 1.2486, 11.2548 ], [ 1.2485, 11.255 ], [ 1.2484, 11.2551 ], [ 1.2483, 11.2553 ], [ 1.2482, 11.2554 ], [ 1.2481, 11.2556 ], [ 1.248, 11.2557 ], [ 1.2478, 11.2558 ], [ 1.2477, 11.256 ], [ 1.2476, 11.2561 ], [ 1.2475, 11.2562 ], [ 1.2474, 11.2563 ], [ 1.2472, 11.2564 ], [ 1.2471, 11.2565 ], [ 1.247, 11.2566 ], [ 1.2468, 11.2566 ], [ 1.2467, 11.2568 ], [ 1.2466, 11.2569 ], [ 1.2465, 11.2571 ], [ 1.2464, 11.2572 ], [ 1.2462, 11.2573 ], [ 1.2461, 11.2574 ], [ 1.246, 11.2575 ], [ 1.2459, 11.2576 ], [ 1.2457, 11.2576 ], [ 1.2455, 11.2577 ], [ 1.2454, 11.2578 ], [ 1.2452, 11.2579 ], [ 1.2451, 11.258 ], [ 1.245, 11.258 ], [ 1.2448, 11.258 ], [ 1.2447, 11.258 ], [ 1.2445, 11.2579 ], [ 1.2444, 11.2579 ], [ 1.2443, 11.2578 ], [ 1.2442, 11.2576 ], [ 1.2441, 11.2575 ], [ 1.244, 11.2574 ], [ 1.244, 11.2572 ], [ 1.2439, 11.2571 ], [ 1.2438, 11.2569 ], [ 1.2437, 11.2568 ], [ 1.2436, 11.2566 ], [ 1.2435, 11.2565 ], [ 1.2434, 11.2564 ], [ 1.2433, 11.2562 ], [ 1.2432, 11.2561 ], [ 1.2431, 11.2559 ], [ 1.243, 11.2558 ], [ 1.2429, 11.2557 ], [ 1.2427, 11.2556 ], [ 1.2426, 11.2556 ], [ 1.2424, 11.2556 ], [ 1.2422, 11.2556 ], [ 1.242, 11.2557 ], [ 1.2419, 11.2559 ], [ 1.2418, 11.256 ], [ 1.2417, 11.2562 ], [ 1.2417, 11.2564 ], [ 1.2417, 11.2565 ], [ 1.2417, 11.2567 ], [ 1.2417, 11.2568 ], [ 1.2417, 11.257 ], [ 1.2417, 11.2571 ], [ 1.2416, 11.2573 ], [ 1.2416, 11.2574 ], [ 1.2415, 11.2576 ], [ 1.2415, 11.2577 ], [ 1.2414, 11.2579 ], [ 1.2414, 11.2581 ], [ 1.2414, 11.2582 ], [ 1.2414, 11.2584 ], [ 1.2414, 11.2585 ], [ 1.2414, 11.2587 ], [ 1.2413, 11.2588 ], [ 1.2413, 11.259 ], [ 1.2413, 11.2592 ], [ 1.2413, 11.2593 ], [ 1.2413, 11.2595 ], [ 1.2413, 11.2596 ], [ 1.2413, 11.2598 ], [ 1.2413, 11.26 ], [ 1.2414, 11.2603 ], [ 1.2414, 11.2605 ], [ 1.2414, 11.2607 ], [ 1.2415, 11.2608 ], [ 1.2415, 11.261 ], [ 1.2416, 11.2611 ], [ 1.2417, 11.2613 ], [ 1.2418, 11.2614 ], [ 1.2419, 11.2615 ], [ 1.242, 11.2616 ], [ 1.2421, 11.2617 ], [ 1.2422, 11.2619 ], [ 1.2424, 11.262 ], [ 1.2425, 11.2621 ], [ 1.2426, 11.2622 ], [ 1.2426, 11.2624 ], [ 1.2427, 11.2626 ], [ 1.2427, 11.2627 ], [ 1.2426, 11.2629 ], [ 1.2425, 11.263 ], [ 1.2424, 11.263 ], [ 1.2422, 11.2631 ], [ 1.2421, 11.2632 ], [ 1.2419, 11.2633 ], [ 1.2418, 11.2633 ], [ 1.2417, 11.2633 ], [ 1.2416, 11.2634 ], [ 1.2415, 11.2635 ], [ 1.2412, 11.2635 ], [ 1.2411, 11.2636 ], [ 1.2409, 11.2636 ], [ 1.2407, 11.2637 ], [ 1.2405, 11.2637 ], [ 1.2403, 11.2637 ], [ 1.2402, 11.2637 ], [ 1.24, 11.2637 ], [ 1.2398, 11.2637 ], [ 1.2396, 11.2637 ], [ 1.2395, 11.2637 ], [ 1.2393, 11.2637 ], [ 1.2391, 11.2637 ], [ 1.239, 11.2637 ], [ 1.2388, 11.2637 ], [ 1.2387, 11.2637 ], [ 1.2385, 11.2638 ], [ 1.2384, 11.2638 ], [ 1.2382, 11.2639 ], [ 1.2381, 11.264 ], [ 1.2379, 11.2641 ], [ 1.2378, 11.2642 ], [ 1.2376, 11.2643 ], [ 1.2375, 11.2644 ], [ 1.2373, 11.2645 ], [ 1.2372, 11.2646 ], [ 1.237, 11.2646 ], [ 1.2369, 11.2647 ], [ 1.2367, 11.2648 ], [ 1.2367, 11.2648 ], [ 1.2366, 11.2649 ], [ 1.2364, 11.2649 ], [ 1.2363, 11.265 ], [ 1.2361, 11.265 ], [ 1.2359, 11.265 ], [ 1.2358, 11.2651 ], [ 1.2356, 11.2651 ], [ 1.2353, 11.2651 ], [ 1.2352, 11.2651 ], [ 1.235, 11.2651 ], [ 1.2349, 11.2651 ], [ 1.2347, 11.2651 ], [ 1.2346, 11.2651 ], [ 1.2344, 11.2651 ], [ 1.2342, 11.2651 ], [ 1.234, 11.2651 ], [ 1.2339, 11.265 ], [ 1.2337, 11.265 ], [ 1.2336, 11.265 ], [ 1.2334, 11.265 ], [ 1.2332, 11.2649 ], [ 1.233, 11.2649 ], [ 1.2328, 11.2648 ], [ 1.2325, 11.2648 ], [ 1.2324, 11.2647 ], [ 1.2322, 11.2647 ], [ 1.2321, 11.2646 ], [ 1.232, 11.2644 ], [ 1.2318, 11.2643 ], [ 1.2318, 11.2641 ], [ 1.2317, 11.264 ], [ 1.2316, 11.2638 ], [ 1.2316, 11.2637 ], [ 1.2316, 11.2635 ], [ 1.2315, 11.2633 ], [ 1.2314, 11.2631 ], [ 1.2314, 11.263 ], [ 1.2313, 11.2628 ], [ 1.2312, 11.2627 ], [ 1.2311, 11.2625 ], [ 1.231, 11.2625 ], [ 1.2309, 11.2623 ], [ 1.2307, 11.2623 ], [ 1.2305, 11.2622 ], [ 1.2304, 11.2622 ], [ 1.2302, 11.2622 ], [ 1.23, 11.2623 ], [ 1.2299, 11.2624 ], [ 1.2299, 11.2625 ], [ 1.2298, 11.2627 ], [ 1.2297, 11.2628 ], [ 1.2295, 11.263 ], [ 1.2294, 11.2631 ], [ 1.2293, 11.2632 ], [ 1.2292, 11.2633 ], [ 1.2291, 11.2634 ], [ 1.229, 11.2636 ], [ 1.2289, 11.2638 ], [ 1.2288, 11.2639 ], [ 1.2287, 11.264 ], [ 1.2286, 11.2641 ], [ 1.2285, 11.2642 ], [ 1.2284, 11.2643 ], [ 1.2282, 11.2645 ], [ 1.2281, 11.2646 ], [ 1.228, 11.2647 ], [ 1.2279, 11.2648 ], [ 1.2278, 11.2649 ], [ 1.2277, 11.265 ], [ 1.2276, 11.2652 ], [ 1.2275, 11.2653 ], [ 1.2275, 11.2654 ], [ 1.2274, 11.2656 ], [ 1.2274, 11.2658 ], [ 1.2274, 11.266 ], [ 1.2274, 11.2661 ], [ 1.2274, 11.2663 ], [ 1.2275, 11.2665 ], [ 1.2275, 11.2667 ], [ 1.2276, 11.2668 ], [ 1.2277, 11.2669 ], [ 1.2279, 11.267 ], [ 1.228, 11.2671 ], [ 1.2281, 11.2672 ], [ 1.2282, 11.2674 ], [ 1.2282, 11.2676 ], [ 1.2282, 11.2677 ], [ 1.2282, 11.2679 ], [ 1.2282, 11.268 ], [ 1.2281, 11.2682 ], [ 1.228, 11.2683 ], [ 1.2279, 11.2684 ], [ 1.2278, 11.2685 ], [ 1.2276, 11.2685 ], [ 1.2274, 11.2685 ], [ 1.2273, 11.2686 ], [ 1.2272, 11.2686 ], [ 1.2271, 11.2686 ], [ 1.227, 11.2687 ], [ 1.2268, 11.2686 ], [ 1.2267, 11.2685 ], [ 1.2265, 11.2685 ], [ 1.2263, 11.2685 ], [ 1.2262, 11.2685 ], [ 1.226, 11.2684 ], [ 1.2259, 11.2683 ], [ 1.2258, 11.2682 ], [ 1.2256, 11.2682 ], [ 1.2254, 11.2681 ], [ 1.2253, 11.268 ], [ 1.2252, 11.2678 ], [ 1.2251, 11.2677 ], [ 1.2249, 11.2676 ], [ 1.2248, 11.2675 ], [ 1.2247, 11.2674 ], [ 1.2246, 11.2671 ], [ 1.2246, 11.267 ], [ 1.2245, 11.2668 ], [ 1.2245, 11.2667 ], [ 1.2244, 11.2665 ], [ 1.2243, 11.2664 ], [ 1.2241, 11.2663 ], [ 1.224, 11.2662 ], [ 1.2238, 11.2663 ], [ 1.2237, 11.2664 ], [ 1.2235, 11.2665 ], [ 1.2234, 11.2666 ], [ 1.2233, 11.2667 ], [ 1.2232, 11.2668 ], [ 1.2232, 11.267 ], [ 1.2232, 11.2672 ], [ 1.2232, 11.2674 ], [ 1.2232, 11.2675 ], [ 1.2232, 11.2677 ], [ 1.2231, 11.2679 ], [ 1.223, 11.268 ], [ 1.2229, 11.2681 ], [ 1.2228, 11.2682 ], [ 1.2226, 11.2683 ], [ 1.2224, 11.2684 ], [ 1.2224, 11.2684 ], [ 1.2222, 11.2684 ], [ 1.2221, 11.2685 ], [ 1.2219, 11.2684 ], [ 1.2218, 11.2683 ], [ 1.2217, 11.2682 ], [ 1.2216, 11.2681 ], [ 1.2215, 11.2679 ], [ 1.2214, 11.2678 ], [ 1.2214, 11.2676 ], [ 1.2213, 11.2674 ], [ 1.2213, 11.2672 ], [ 1.2213, 11.2671 ], [ 1.2212, 11.2669 ], [ 1.2212, 11.2668 ], [ 1.2211, 11.2667 ], [ 1.221, 11.2665 ], [ 1.221, 11.2664 ], [ 1.221, 11.2662 ], [ 1.2209, 11.2661 ], [ 1.2209, 11.2659 ], [ 1.2208, 11.2657 ], [ 1.2207, 11.2656 ], [ 1.2206, 11.2655 ], [ 1.2205, 11.2654 ], [ 1.2203, 11.2653 ], [ 1.2201, 11.2652 ], [ 1.2199, 11.2651 ], [ 1.2198, 11.2651 ], [ 1.2196, 11.2651 ], [ 1.2194, 11.265 ], [ 1.2193, 11.265 ], [ 1.2191, 11.265 ], [ 1.2189, 11.2651 ], [ 1.2188, 11.2651 ], [ 1.2186, 11.2651 ], [ 1.2184, 11.2652 ], [ 1.2183, 11.2652 ], [ 1.2181, 11.2652 ], [ 1.2179, 11.2653 ], [ 1.2178, 11.2654 ], [ 1.2176, 11.2655 ], [ 1.2175, 11.2656 ], [ 1.2173, 11.2657 ], [ 1.2171, 11.2659 ], [ 1.217, 11.266 ], [ 1.2169, 11.2661 ], [ 1.2167, 11.2662 ], [ 1.2166, 11.2663 ], [ 1.2165, 11.2665 ], [ 1.2164, 11.2666 ], [ 1.2163, 11.2668 ], [ 1.2162, 11.2669 ], [ 1.2161, 11.267 ], [ 1.216, 11.2671 ], [ 1.2159, 11.2673 ], [ 1.2158, 11.2674 ], [ 1.2157, 11.2675 ], [ 1.2157, 11.2677 ], [ 1.2156, 11.2678 ], [ 1.2156, 11.268 ], [ 1.2155, 11.2682 ], [ 1.2154, 11.2683 ], [ 1.2153, 11.2684 ], [ 1.2151, 11.2685 ], [ 1.2149, 11.2686 ], [ 1.2148, 11.2686 ], [ 1.2146, 11.2686 ], [ 1.2145, 11.2686 ], [ 1.2143, 11.2686 ], [ 1.2141, 11.2685 ], [ 1.214, 11.2685 ], [ 1.2138, 11.2684 ], [ 1.2137, 11.2684 ], [ 1.2135, 11.2684 ], [ 1.2133, 11.2683 ], [ 1.2131, 11.2683 ], [ 1.2129, 11.2682 ], [ 1.2127, 11.2682 ], [ 1.2125, 11.2682 ], [ 1.2124, 11.2682 ], [ 1.2122, 11.2682 ], [ 1.2121, 11.2681 ], [ 1.2119, 11.2681 ], [ 1.2117, 11.2681 ], [ 1.2116, 11.2681 ], [ 1.2114, 11.268 ], [ 1.2113, 11.268 ], [ 1.2111, 11.2679 ], [ 1.211, 11.2679 ], [ 1.2108, 11.2679 ], [ 1.2106, 11.2678 ], [ 1.2105, 11.2677 ], [ 1.2103, 11.2677 ], [ 1.2102, 11.2676 ], [ 1.2101, 11.2675 ], [ 1.2099, 11.2675 ], [ 1.2098, 11.2674 ], [ 1.2095, 11.2673 ], [ 1.2094, 11.2672 ], [ 1.2092, 11.2671 ], [ 1.2091, 11.267 ], [ 1.209, 11.267 ], [ 1.209, 11.2669 ], [ 1.2088, 11.2669 ], [ 1.2086, 11.2668 ], [ 1.2084, 11.2667 ], [ 1.2083, 11.2667 ], [ 1.2081, 11.2666 ], [ 1.208, 11.2666 ], [ 1.2078, 11.2665 ], [ 1.2077, 11.2665 ], [ 1.2075, 11.2665 ], [ 1.2074, 11.2665 ], [ 1.2071, 11.2664 ], [ 1.207, 11.2664 ], [ 1.2068, 11.2664 ], [ 1.2066, 11.2664 ], [ 1.2064, 11.2665 ], [ 1.2062, 11.2665 ], [ 1.2061, 11.2665 ], [ 1.2059, 11.2666 ], [ 1.2057, 11.2667 ], [ 1.2056, 11.2668 ], [ 1.2055, 11.2669 ], [ 1.2053, 11.267 ], [ 1.2052, 11.2671 ], [ 1.205, 11.2671 ], [ 1.2049, 11.2671 ], [ 1.2047, 11.2671 ], [ 1.2045, 11.2671 ], [ 1.2044, 11.2671 ], [ 1.2042, 11.267 ], [ 1.204, 11.2669 ], [ 1.2039, 11.2668 ], [ 1.2037, 11.2667 ], [ 1.2036, 11.2666 ], [ 1.2035, 11.2666 ], [ 1.2033, 11.2665 ], [ 1.2031, 11.2663 ], [ 1.2029, 11.2662 ], [ 1.2028, 11.2661 ], [ 1.2027, 11.2661 ], [ 1.2025, 11.2661 ], [ 1.2023, 11.2661 ], [ 1.2022, 11.2661 ], [ 1.202, 11.2661 ], [ 1.2018, 11.2661 ], [ 1.2017, 11.2661 ], [ 1.2015, 11.2661 ], [ 1.2014, 11.2662 ], [ 1.2012, 11.2662 ], [ 1.2011, 11.2662 ], [ 1.2009, 11.2663 ], [ 1.2008, 11.2664 ], [ 1.2006, 11.2663 ], [ 1.2004, 11.2663 ], [ 1.2003, 11.2663 ], [ 1.2001, 11.2662 ], [ 1.1999, 11.2662 ], [ 1.1998, 11.2661 ], [ 1.1996, 11.266 ], [ 1.1994, 11.2659 ], [ 1.1993, 11.2658 ], [ 1.1991, 11.2657 ], [ 1.1989, 11.2656 ], [ 1.1988, 11.2655 ], [ 1.1986, 11.2654 ], [ 1.1985, 11.2652 ], [ 1.1983, 11.2651 ], [ 1.1982, 11.265 ], [ 1.1981, 11.2649 ], [ 1.1981, 11.2647 ], [ 1.1981, 11.2645 ], [ 1.198, 11.2644 ], [ 1.1979, 11.2643 ], [ 1.1977, 11.2642 ], [ 1.1976, 11.2641 ], [ 1.1975, 11.264 ], [ 1.1973, 11.2639 ], [ 1.1972, 11.2638 ], [ 1.197, 11.2637 ], [ 1.1968, 11.2636 ], [ 1.1966, 11.2636 ], [ 1.1964, 11.2635 ], [ 1.1963, 11.2635 ], [ 1.1961, 11.2634 ], [ 1.1959, 11.2634 ], [ 1.1957, 11.2634 ], [ 1.1956, 11.2634 ], [ 1.1953, 11.2634 ], [ 1.1951, 11.2634 ], [ 1.195, 11.2634 ], [ 1.1948, 11.2634 ], [ 1.1947, 11.2634 ], [ 1.1945, 11.2634 ], [ 1.1943, 11.2634 ], [ 1.1942, 11.2634 ], [ 1.194, 11.2634 ], [ 1.1938, 11.2634 ], [ 1.1936, 11.2635 ], [ 1.1934, 11.2635 ], [ 1.1932, 11.2635 ], [ 1.1931, 11.2635 ], [ 1.1929, 11.2636 ], [ 1.1927, 11.2636 ], [ 1.1925, 11.2636 ], [ 1.1923, 11.2637 ], [ 1.1922, 11.2638 ], [ 1.192, 11.2639 ], [ 1.1918, 11.264 ], [ 1.1916, 11.264 ], [ 1.1915, 11.2642 ], [ 1.1914, 11.2643 ], [ 1.1912, 11.2643 ], [ 1.1911, 11.2645 ], [ 1.1909, 11.2646 ], [ 1.1908, 11.2648 ], [ 1.1907, 11.2649 ], [ 1.1906, 11.265 ], [ 1.1906, 11.2652 ], [ 1.1904, 11.2654 ], [ 1.1903, 11.2655 ], [ 1.1903, 11.2657 ], [ 1.1901, 11.2658 ], [ 1.19, 11.2659 ], [ 1.1899, 11.2661 ], [ 1.1897, 11.2662 ], [ 1.1896, 11.2664 ], [ 1.1895, 11.2666 ], [ 1.1894, 11.2667 ], [ 1.1893, 11.2669 ], [ 1.1892, 11.2671 ], [ 1.1892, 11.2674 ], [ 1.1891, 11.2675 ], [ 1.1891, 11.2677 ], [ 1.189, 11.2678 ], [ 1.1889, 11.268 ], [ 1.1889, 11.2681 ], [ 1.189, 11.2683 ], [ 1.1891, 11.2684 ], [ 1.1891, 11.2686 ], [ 1.1892, 11.2688 ], [ 1.1892, 11.2689 ], [ 1.1891, 11.2691 ], [ 1.1891, 11.2693 ], [ 1.1891, 11.2694 ], [ 1.189, 11.2695 ], [ 1.1889, 11.2697 ], [ 1.1888, 11.2698 ], [ 1.1887, 11.27 ], [ 1.1886, 11.2701 ], [ 1.1885, 11.2702 ], [ 1.1884, 11.2703 ], [ 1.1883, 11.2705 ], [ 1.1882, 11.2706 ], [ 1.1881, 11.2707 ], [ 1.1879, 11.2707 ], [ 1.1878, 11.2708 ], [ 1.1876, 11.2709 ], [ 1.1875, 11.2709 ], [ 1.1873, 11.271 ], [ 1.1872, 11.271 ], [ 1.187, 11.2711 ], [ 1.1868, 11.2711 ], [ 1.1867, 11.271 ], [ 1.1865, 11.271 ], [ 1.1863, 11.271 ], [ 1.1862, 11.2709 ], [ 1.186, 11.2708 ], [ 1.1859, 11.2707 ], [ 1.1858, 11.2705 ], [ 1.1857, 11.2704 ], [ 1.1857, 11.2703 ], [ 1.1856, 11.2701 ], [ 1.1855, 11.27 ], [ 1.1854, 11.2698 ], [ 1.1853, 11.2697 ], [ 1.1853, 11.2695 ], [ 1.1852, 11.2694 ], [ 1.1851, 11.2692 ], [ 1.185, 11.269 ], [ 1.185, 11.2688 ], [ 1.1849, 11.2687 ], [ 1.1849, 11.2686 ], [ 1.1849, 11.2685 ], [ 1.1849, 11.2683 ], [ 1.1848, 11.2682 ], [ 1.1847, 11.268 ], [ 1.1846, 11.2679 ], [ 1.1845, 11.2678 ], [ 1.1844, 11.2676 ], [ 1.1842, 11.2675 ], [ 1.1841, 11.2675 ], [ 1.1839, 11.2674 ], [ 1.1837, 11.2673 ], [ 1.1835, 11.2673 ], [ 1.1834, 11.2673 ], [ 1.1832, 11.2672 ], [ 1.1831, 11.2672 ], [ 1.1828, 11.2672 ], [ 1.1827, 11.2673 ], [ 1.1825, 11.2674 ], [ 1.1824, 11.2676 ], [ 1.1823, 11.2678 ], [ 1.1822, 11.2679 ], [ 1.1822, 11.268 ], [ 1.1822, 11.2682 ], [ 1.1821, 11.2683 ], [ 1.182, 11.2685 ], [ 1.1819, 11.2686 ], [ 1.1818, 11.2687 ], [ 1.1817, 11.2688 ], [ 1.1815, 11.2689 ], [ 1.1812, 11.2689 ], [ 1.181, 11.269 ], [ 1.1809, 11.2689 ], [ 1.1807, 11.2689 ], [ 1.1806, 11.2689 ], [ 1.1803, 11.2689 ], [ 1.1802, 11.2688 ], [ 1.1801, 11.2687 ], [ 1.18, 11.2687 ], [ 1.1799, 11.2686 ], [ 1.1798, 11.2685 ], [ 1.1797, 11.2683 ], [ 1.1795, 11.2682 ], [ 1.1794, 11.2681 ], [ 1.1794, 11.2679 ], [ 1.1793, 11.2677 ], [ 1.1792, 11.2676 ], [ 1.1792, 11.2674 ], [ 1.179, 11.2671 ], [ 1.179, 11.2669 ], [ 1.179, 11.2667 ], [ 1.1789, 11.2665 ], [ 1.1789, 11.2664 ], [ 1.1789, 11.2662 ], [ 1.1789, 11.266 ], [ 1.179, 11.2659 ], [ 1.1791, 11.2657 ], [ 1.1791, 11.2656 ], [ 1.1792, 11.2655 ], [ 1.1792, 11.2653 ], [ 1.1791, 11.2651 ], [ 1.179, 11.265 ], [ 1.1789, 11.2648 ], [ 1.1788, 11.2647 ], [ 1.1787, 11.2646 ], [ 1.1786, 11.2645 ], [ 1.1785, 11.2644 ], [ 1.1783, 11.2643 ], [ 1.1781, 11.2643 ], [ 1.178, 11.2642 ], [ 1.1778, 11.2641 ], [ 1.1777, 11.2641 ], [ 1.1775, 11.2641 ], [ 1.1774, 11.2641 ], [ 1.1772, 11.2642 ], [ 1.177, 11.2643 ], [ 1.1769, 11.2644 ], [ 1.1767, 11.2645 ], [ 1.1765, 11.2646 ], [ 1.1764, 11.2647 ], [ 1.1761, 11.2649 ], [ 1.176, 11.265 ], [ 1.1758, 11.2651 ], [ 1.1757, 11.2652 ], [ 1.1756, 11.2653 ], [ 1.1754, 11.2654 ], [ 1.1753, 11.2654 ], [ 1.1752, 11.2656 ], [ 1.1751, 11.2657 ], [ 1.1749, 11.2658 ], [ 1.1748, 11.2659 ], [ 1.1746, 11.2661 ], [ 1.1745, 11.2662 ], [ 1.1743, 11.2663 ], [ 1.1742, 11.2664 ], [ 1.1741, 11.2665 ], [ 1.174, 11.2666 ], [ 1.1739, 11.2667 ], [ 1.1737, 11.2669 ], [ 1.1736, 11.267 ], [ 1.1736, 11.2672 ], [ 1.1735, 11.2674 ], [ 1.1734, 11.2675 ], [ 1.1734, 11.2677 ], [ 1.1733, 11.2678 ], [ 1.1733, 11.268 ], [ 1.1733, 11.2682 ], [ 1.1734, 11.2683 ], [ 1.1734, 11.2685 ], [ 1.1734, 11.2686 ], [ 1.1734, 11.2688 ], [ 1.1735, 11.2689 ], [ 1.1736, 11.2691 ], [ 1.1736, 11.2692 ], [ 1.1737, 11.2694 ], [ 1.1738, 11.2695 ], [ 1.1738, 11.2697 ], [ 1.1739, 11.2698 ], [ 1.174, 11.27 ], [ 1.1741, 11.2701 ], [ 1.1742, 11.2702 ], [ 1.1744, 11.2704 ], [ 1.1744, 11.2705 ], [ 1.1746, 11.2705 ], [ 1.1748, 11.2706 ], [ 1.1749, 11.2707 ], [ 1.1751, 11.2707 ], [ 1.1752, 11.2708 ], [ 1.1754, 11.2709 ], [ 1.1755, 11.271 ], [ 1.1757, 11.2711 ], [ 1.1758, 11.2712 ], [ 1.1758, 11.2714 ], [ 1.1759, 11.2715 ], [ 1.1759, 11.2717 ], [ 1.1759, 11.2718 ], [ 1.1758, 11.272 ], [ 1.1758, 11.2722 ], [ 1.1757, 11.2723 ], [ 1.1757, 11.2725 ], [ 1.1757, 11.2727 ], [ 1.1757, 11.2728 ], [ 1.1757, 11.273 ], [ 1.1758, 11.2731 ], [ 1.1759, 11.2732 ], [ 1.176, 11.2733 ], [ 1.1761, 11.2735 ], [ 1.1762, 11.2736 ], [ 1.1763, 11.2737 ], [ 1.1763, 11.2739 ], [ 1.1763, 11.2741 ], [ 1.1763, 11.2743 ], [ 1.1764, 11.2744 ], [ 1.1763, 11.2746 ], [ 1.1763, 11.2747 ], [ 1.1762, 11.2748 ], [ 1.1761, 11.2749 ], [ 1.176, 11.275 ], [ 1.1759, 11.2751 ], [ 1.1758, 11.2752 ], [ 1.1757, 11.2754 ], [ 1.1757, 11.2756 ], [ 1.1757, 11.2757 ], [ 1.1756, 11.2759 ], [ 1.1756, 11.276 ], [ 1.1754, 11.2761 ], [ 1.1753, 11.2763 ], [ 1.1753, 11.2764 ], [ 1.1752, 11.2766 ], [ 1.1751, 11.2767 ], [ 1.1751, 11.2769 ], [ 1.1751, 11.277 ], [ 1.1751, 11.2772 ], [ 1.1752, 11.2773 ], [ 1.1752, 11.2775 ], [ 1.1753, 11.2776 ], [ 1.1755, 11.2777 ], [ 1.1756, 11.2778 ], [ 1.1758, 11.2779 ], [ 1.1759, 11.2779 ], [ 1.1761, 11.278 ], [ 1.1763, 11.2781 ], [ 1.1763, 11.2783 ], [ 1.1763, 11.2785 ], [ 1.1763, 11.2785 ], [ 1.1763, 11.2786 ], [ 1.1762, 11.2788 ], [ 1.1761, 11.2789 ], [ 1.176, 11.279 ], [ 1.1758, 11.2791 ], [ 1.1756, 11.2791 ], [ 1.1755, 11.2792 ], [ 1.1753, 11.2792 ], [ 1.1751, 11.2792 ], [ 1.175, 11.2793 ], [ 1.1748, 11.2793 ], [ 1.1746, 11.2793 ], [ 1.1744, 11.2794 ], [ 1.1743, 11.2795 ], [ 1.1742, 11.2796 ], [ 1.1742, 11.2796 ], [ 1.1741, 11.2797 ], [ 1.174, 11.2798 ], [ 1.1739, 11.2799 ], [ 1.1739, 11.2801 ], [ 1.1739, 11.2802 ], [ 1.1738, 11.2804 ], [ 1.1737, 11.2805 ], [ 1.1736, 11.2807 ], [ 1.1734, 11.2807 ], [ 1.1732, 11.2807 ], [ 1.173, 11.2807 ], [ 1.1728, 11.2807 ], [ 1.1727, 11.2806 ], [ 1.1726, 11.2805 ], [ 1.1724, 11.2804 ], [ 1.1723, 11.2803 ], [ 1.1721, 11.2803 ], [ 1.172, 11.2802 ], [ 1.1718, 11.2801 ], [ 1.1717, 11.28 ], [ 1.1716, 11.2798 ], [ 1.1716, 11.2796 ], [ 1.1715, 11.2795 ], [ 1.1714, 11.2794 ], [ 1.1713, 11.2792 ], [ 1.1712, 11.2791 ], [ 1.1711, 11.2789 ], [ 1.1711, 11.2787 ], [ 1.171, 11.2785 ], [ 1.1709, 11.2784 ], [ 1.1708, 11.2783 ], [ 1.1706, 11.2782 ], [ 1.1705, 11.2781 ], [ 1.1704, 11.278 ], [ 1.1702, 11.2779 ], [ 1.17, 11.2778 ], [ 1.1699, 11.2778 ], [ 1.1697, 11.2778 ], [ 1.1695, 11.2779 ], [ 1.1693, 11.2779 ], [ 1.1691, 11.2779 ], [ 1.169, 11.2781 ], [ 1.1689, 11.2782 ], [ 1.1688, 11.2783 ], [ 1.1688, 11.2785 ], [ 1.1688, 11.2786 ], [ 1.1688, 11.2788 ], [ 1.1688, 11.279 ], [ 1.1688, 11.2791 ], [ 1.1688, 11.2793 ], [ 1.1689, 11.2795 ], [ 1.1689, 11.2797 ], [ 1.1688, 11.2798 ], [ 1.1688, 11.28 ], [ 1.1689, 11.2801 ], [ 1.1689, 11.2803 ], [ 1.169, 11.2805 ], [ 1.169, 11.2806 ], [ 1.169, 11.2808 ], [ 1.1691, 11.281 ], [ 1.1692, 11.2811 ], [ 1.1694, 11.2811 ], [ 1.1696, 11.2811 ], [ 1.1697, 11.2811 ], [ 1.1698, 11.2813 ], [ 1.1699, 11.2814 ], [ 1.17, 11.2816 ], [ 1.1699, 11.2818 ], [ 1.1699, 11.2819 ], [ 1.1699, 11.2821 ], [ 1.17, 11.2822 ], [ 1.1701, 11.2824 ], [ 1.1702, 11.2826 ], [ 1.1703, 11.2827 ], [ 1.1703, 11.2828 ], [ 1.1704, 11.2829 ], [ 1.1704, 11.283 ], [ 1.1704, 11.2832 ], [ 1.1704, 11.2833 ], [ 1.1703, 11.2835 ], [ 1.1702, 11.2836 ], [ 1.17, 11.2837 ], [ 1.1699, 11.2838 ], [ 1.1697, 11.2839 ], [ 1.1696, 11.2839 ], [ 1.1695, 11.284 ], [ 1.1693, 11.284 ], [ 1.1691, 11.2841 ], [ 1.1689, 11.2841 ], [ 1.1687, 11.2841 ], [ 1.1685, 11.2841 ], [ 1.1682, 11.284 ], [ 1.1681, 11.2839 ], [ 1.1679, 11.2838 ], [ 1.1678, 11.2836 ], [ 1.1678, 11.2836 ], [ 1.1677, 11.2835 ], [ 1.1677, 11.2833 ], [ 1.1677, 11.2832 ], [ 1.1676, 11.283 ], [ 1.1676, 11.2828 ], [ 1.1675, 11.2827 ], [ 1.1674, 11.2826 ], [ 1.1673, 11.2825 ], [ 1.1671, 11.2824 ], [ 1.1669, 11.2823 ], [ 1.1668, 11.2823 ], [ 1.1666, 11.2824 ], [ 1.1665, 11.2824 ], [ 1.1662, 11.2825 ], [ 1.1661, 11.2825 ], [ 1.1658, 11.2826 ], [ 1.1657, 11.2826 ], [ 1.1655, 11.2826 ], [ 1.1654, 11.2825 ], [ 1.1652, 11.2825 ], [ 1.1651, 11.2823 ], [ 1.1649, 11.2822 ], [ 1.1647, 11.2821 ], [ 1.1646, 11.2821 ], [ 1.1644, 11.282 ], [ 1.1642, 11.282 ], [ 1.164, 11.2819 ], [ 1.1639, 11.2819 ], [ 1.1637, 11.2818 ], [ 1.1636, 11.2818 ], [ 1.1634, 11.2818 ], [ 1.1633, 11.2818 ], [ 1.1631, 11.2818 ], [ 1.163, 11.2819 ], [ 1.1628, 11.2819 ], [ 1.1627, 11.282 ], [ 1.1625, 11.282 ], [ 1.1623, 11.2821 ], [ 1.1622, 11.2822 ], [ 1.1621, 11.2822 ], [ 1.1619, 11.2823 ], [ 1.1617, 11.2824 ], [ 1.1616, 11.2824 ], [ 1.1614, 11.2825 ], [ 1.1613, 11.2827 ], [ 1.1612, 11.2828 ], [ 1.1611, 11.2829 ], [ 1.1611, 11.2831 ], [ 1.161, 11.2833 ], [ 1.1609, 11.2833 ], [ 1.1609, 11.2834 ], [ 1.1608, 11.2835 ], [ 1.1606, 11.2836 ], [ 1.1604, 11.2837 ], [ 1.1603, 11.2839 ], [ 1.1602, 11.2839 ], [ 1.1602, 11.284 ], [ 1.1601, 11.2841 ], [ 1.16, 11.2843 ], [ 1.1599, 11.2844 ], [ 1.1598, 11.2845 ], [ 1.1596, 11.2846 ], [ 1.1594, 11.2846 ], [ 1.1593, 11.2847 ], [ 1.159, 11.2847 ], [ 1.1589, 11.2848 ], [ 1.1588, 11.2848 ], [ 1.1586, 11.2848 ], [ 1.1585, 11.2848 ], [ 1.1583, 11.2848 ], [ 1.1581, 11.2847 ], [ 1.1579, 11.2847 ], [ 1.1578, 11.2846 ], [ 1.1576, 11.2845 ], [ 1.1574, 11.2845 ], [ 1.1573, 11.2844 ], [ 1.1571, 11.2843 ], [ 1.157, 11.2842 ], [ 1.1568, 11.2842 ], [ 1.1567, 11.284 ], [ 1.1566, 11.2839 ], [ 1.1564, 11.2838 ], [ 1.1563, 11.2836 ], [ 1.1562, 11.2835 ], [ 1.1561, 11.2833 ], [ 1.1559, 11.2833 ], [ 1.1558, 11.2832 ], [ 1.1556, 11.2831 ], [ 1.1554, 11.283 ], [ 1.1553, 11.2829 ], [ 1.1552, 11.2828 ], [ 1.155, 11.2827 ], [ 1.1548, 11.2826 ], [ 1.1546, 11.2825 ], [ 1.1545, 11.2824 ], [ 1.1544, 11.2823 ], [ 1.1543, 11.2821 ], [ 1.1542, 11.282 ], [ 1.1542, 11.2818 ], [ 1.1543, 11.2817 ], [ 1.1543, 11.2815 ], [ 1.1543, 11.2814 ], [ 1.1542, 11.2812 ], [ 1.1541, 11.2811 ], [ 1.154, 11.281 ], [ 1.1538, 11.2809 ], [ 1.1537, 11.2809 ], [ 1.1535, 11.2809 ], [ 1.1534, 11.281 ], [ 1.1532, 11.2811 ], [ 1.1532, 11.2812 ], [ 1.153, 11.2813 ], [ 1.1529, 11.2813 ], [ 1.1527, 11.2812 ], [ 1.1525, 11.2811 ], [ 1.1524, 11.2809 ], [ 1.1522, 11.2808 ], [ 1.1522, 11.2807 ], [ 1.1521, 11.2805 ], [ 1.152, 11.2804 ], [ 1.152, 11.2802 ], [ 1.152, 11.2801 ], [ 1.1519, 11.2799 ], [ 1.1519, 11.2798 ], [ 1.1518, 11.2796 ], [ 1.1518, 11.2795 ], [ 1.1519, 11.2793 ], [ 1.152, 11.2792 ], [ 1.152, 11.2792 ], [ 1.1521, 11.2791 ], [ 1.1523, 11.2791 ], [ 1.1524, 11.2789 ], [ 1.1524, 11.2788 ], [ 1.1525, 11.2786 ], [ 1.1524, 11.2785 ], [ 1.1523, 11.2783 ], [ 1.1522, 11.2782 ], [ 1.1521, 11.2781 ], [ 1.152, 11.2781 ], [ 1.1519, 11.2781 ], [ 1.1517, 11.278 ], [ 1.1516, 11.278 ], [ 1.1513, 11.2779 ], [ 1.1513, 11.2779 ], [ 1.1512, 11.2779 ], [ 1.151, 11.2779 ], [ 1.1509, 11.2779 ], [ 1.1507, 11.278 ], [ 1.1505, 11.278 ], [ 1.1504, 11.2781 ], [ 1.1502, 11.2782 ], [ 1.1501, 11.2783 ], [ 1.1499, 11.2785 ], [ 1.1498, 11.2787 ], [ 1.1498, 11.2788 ], [ 1.1498, 11.279 ], [ 1.1497, 11.2792 ], [ 1.1497, 11.2793 ], [ 1.1496, 11.2795 ], [ 1.1496, 11.2797 ], [ 1.1495, 11.2798 ], [ 1.1495, 11.28 ], [ 1.1495, 11.2802 ], [ 1.1495, 11.2802 ], [ 1.1495, 11.2803 ], [ 1.1495, 11.2805 ], [ 1.1495, 11.2806 ], [ 1.1494, 11.2808 ], [ 1.1493, 11.2809 ], [ 1.1492, 11.281 ], [ 1.149, 11.281 ], [ 1.1489, 11.281 ], [ 1.1487, 11.2809 ], [ 1.1486, 11.2809 ], [ 1.1486, 11.2808 ], [ 1.1484, 11.2807 ], [ 1.1483, 11.2806 ], [ 1.1482, 11.2806 ], [ 1.1481, 11.2805 ], [ 1.148, 11.2804 ], [ 1.1479, 11.2803 ], [ 1.1477, 11.2802 ], [ 1.1476, 11.2801 ], [ 1.1475, 11.28 ], [ 1.1474, 11.2799 ], [ 1.1473, 11.2798 ], [ 1.1471, 11.2797 ], [ 1.147, 11.2796 ], [ 1.1468, 11.2795 ], [ 1.1466, 11.2793 ], [ 1.1465, 11.2793 ], [ 1.1464, 11.2792 ], [ 1.1462, 11.2791 ], [ 1.1461, 11.2789 ], [ 1.146, 11.2788 ], [ 1.1459, 11.2787 ], [ 1.1458, 11.2786 ], [ 1.1457, 11.2784 ], [ 1.1456, 11.2783 ], [ 1.1455, 11.2781 ], [ 1.1453, 11.278 ], [ 1.1453, 11.2779 ], [ 1.1452, 11.2777 ], [ 1.1451, 11.2776 ], [ 1.145, 11.2774 ], [ 1.1448, 11.2773 ], [ 1.1447, 11.2772 ], [ 1.1446, 11.2771 ], [ 1.1446, 11.2769 ], [ 1.1445, 11.2768 ], [ 1.1444, 11.2766 ], [ 1.1443, 11.2765 ], [ 1.1442, 11.2763 ], [ 1.1442, 11.2762 ], [ 1.1441, 11.276 ], [ 1.1441, 11.2758 ], [ 1.1441, 11.2756 ], [ 1.1441, 11.2755 ], [ 1.144, 11.2753 ], [ 1.144, 11.2751 ], [ 1.1439, 11.275 ], [ 1.1439, 11.2748 ], [ 1.1439, 11.2747 ], [ 1.1439, 11.2745 ], [ 1.1438, 11.2744 ], [ 1.1438, 11.2742 ], [ 1.1438, 11.2741 ], [ 1.1437, 11.2739 ], [ 1.1437, 11.2738 ], [ 1.1435, 11.2737 ], [ 1.1434, 11.2735 ], [ 1.1434, 11.2734 ], [ 1.1432, 11.2733 ], [ 1.1431, 11.2732 ], [ 1.143, 11.2731 ], [ 1.1428, 11.273 ], [ 1.1426, 11.273 ], [ 1.1425, 11.2729 ], [ 1.1423, 11.2729 ], [ 1.1421, 11.2729 ], [ 1.142, 11.2729 ], [ 1.1418, 11.2728 ], [ 1.1416, 11.2728 ], [ 1.1414, 11.2728 ], [ 1.1412, 11.2727 ], [ 1.1411, 11.2727 ], [ 1.1409, 11.2726 ], [ 1.1407, 11.2726 ], [ 1.1406, 11.2725 ], [ 1.1404, 11.2724 ], [ 1.1403, 11.2723 ], [ 1.1401, 11.2722 ], [ 1.14, 11.2721 ], [ 1.1399, 11.272 ], [ 1.1397, 11.2718 ], [ 1.1396, 11.2717 ], [ 1.1396, 11.2716 ], [ 1.1395, 11.2714 ], [ 1.1395, 11.2712 ], [ 1.1394, 11.2711 ], [ 1.1394, 11.2708 ], [ 1.1394, 11.2707 ], [ 1.1394, 11.2705 ], [ 1.1394, 11.2704 ], [ 1.1395, 11.2702 ], [ 1.1395, 11.2701 ], [ 1.1396, 11.2699 ], [ 1.1396, 11.2698 ], [ 1.1397, 11.2697 ], [ 1.1398, 11.2695 ], [ 1.1399, 11.2694 ], [ 1.1399, 11.2692 ], [ 1.14, 11.2691 ], [ 1.14, 11.2689 ], [ 1.14, 11.2688 ], [ 1.14, 11.2686 ], [ 1.14, 11.2684 ], [ 1.1399, 11.2682 ], [ 1.1399, 11.2681 ], [ 1.1399, 11.2679 ], [ 1.1399, 11.2678 ], [ 1.14, 11.2676 ], [ 1.14, 11.2675 ], [ 1.1401, 11.2672 ], [ 1.1402, 11.2671 ], [ 1.1402, 11.2669 ], [ 1.1402, 11.2668 ], [ 1.1402, 11.2666 ], [ 1.1402, 11.2665 ], [ 1.1401, 11.2663 ], [ 1.14, 11.2662 ], [ 1.14, 11.2661 ], [ 1.1399, 11.2659 ], [ 1.1397, 11.2658 ], [ 1.1396, 11.2657 ], [ 1.1394, 11.2657 ], [ 1.1392, 11.2656 ], [ 1.1391, 11.2656 ], [ 1.1389, 11.2656 ], [ 1.1387, 11.2657 ], [ 1.1386, 11.2657 ], [ 1.1385, 11.2657 ], [ 1.1384, 11.2656 ], [ 1.1382, 11.2656 ], [ 1.1381, 11.2655 ], [ 1.1379, 11.2654 ], [ 1.1378, 11.2653 ], [ 1.1376, 11.2652 ], [ 1.1375, 11.2651 ], [ 1.1373, 11.265 ], [ 1.1372, 11.2648 ], [ 1.1371, 11.2648 ], [ 1.1371, 11.2647 ], [ 1.137, 11.2646 ], [ 1.1369, 11.2644 ], [ 1.1369, 11.2643 ], [ 1.1369, 11.2641 ], [ 1.1369, 11.2639 ], [ 1.1369, 11.2638 ], [ 1.137, 11.2636 ], [ 1.1371, 11.2635 ], [ 1.1371, 11.2635 ], [ 1.1372, 11.2633 ], [ 1.1373, 11.2632 ], [ 1.1374, 11.263 ], [ 1.1375, 11.2629 ], [ 1.1376, 11.2627 ], [ 1.1377, 11.2626 ], [ 1.1378, 11.2625 ], [ 1.1379, 11.2624 ], [ 1.138, 11.2623 ], [ 1.1381, 11.2621 ], [ 1.1382, 11.262 ], [ 1.1384, 11.2619 ], [ 1.1385, 11.2618 ], [ 1.1386, 11.2617 ], [ 1.1387, 11.2616 ], [ 1.1389, 11.2615 ], [ 1.139, 11.2614 ], [ 1.1392, 11.2613 ], [ 1.1393, 11.2612 ], [ 1.1394, 11.2611 ], [ 1.1395, 11.261 ], [ 1.1394, 11.2608 ], [ 1.1393, 11.2607 ], [ 1.1392, 11.2605 ], [ 1.1391, 11.2604 ], [ 1.139, 11.2603 ], [ 1.1389, 11.2603 ], [ 1.1388, 11.2602 ], [ 1.1387, 11.2602 ], [ 1.1385, 11.2601 ], [ 1.1384, 11.26 ], [ 1.1383, 11.26 ], [ 1.1381, 11.2599 ], [ 1.138, 11.2599 ], [ 1.1378, 11.2598 ], [ 1.1376, 11.2598 ], [ 1.1374, 11.2598 ], [ 1.1373, 11.2598 ], [ 1.1373, 11.2598 ], [ 1.1371, 11.2598 ], [ 1.137, 11.2598 ], [ 1.1368, 11.2599 ], [ 1.1366, 11.26 ], [ 1.1365, 11.26 ], [ 1.1364, 11.2601 ], [ 1.1362, 11.2602 ], [ 1.1362, 11.2604 ], [ 1.1361, 11.2605 ], [ 1.136, 11.2606 ], [ 1.1359, 11.2607 ], [ 1.1357, 11.2608 ], [ 1.1355, 11.2608 ], [ 1.1354, 11.2608 ], [ 1.1352, 11.2609 ], [ 1.1351, 11.2609 ], [ 1.1349, 11.2609 ], [ 1.1348, 11.2609 ], [ 1.1346, 11.261 ], [ 1.1345, 11.2611 ], [ 1.1343, 11.2612 ], [ 1.1341, 11.2612 ], [ 1.1339, 11.2613 ], [ 1.1337, 11.2613 ], [ 1.1335, 11.2613 ], [ 1.1333, 11.2612 ], [ 1.1332, 11.2612 ], [ 1.133, 11.2611 ], [ 1.1328, 11.261 ], [ 1.1327, 11.2609 ], [ 1.1326, 11.2608 ], [ 1.1324, 11.2607 ], [ 1.1322, 11.2606 ], [ 1.1321, 11.2606 ], [ 1.132, 11.2604 ], [ 1.132, 11.2603 ], [ 1.1319, 11.2601 ], [ 1.1318, 11.26 ], [ 1.1318, 11.2598 ], [ 1.1317, 11.2596 ], [ 1.1317, 11.2595 ], [ 1.1317, 11.2593 ], [ 1.1317, 11.2592 ], [ 1.1316, 11.259 ], [ 1.1316, 11.2588 ], [ 1.1316, 11.2587 ], [ 1.1316, 11.2585 ], [ 1.1315, 11.2584 ], [ 1.1315, 11.2582 ], [ 1.1315, 11.258 ], [ 1.1315, 11.2579 ], [ 1.1315, 11.2578 ], [ 1.1314, 11.2576 ], [ 1.1314, 11.2574 ], [ 1.1313, 11.2573 ], [ 1.1313, 11.2571 ], [ 1.1312, 11.257 ], [ 1.1312, 11.2569 ], [ 1.1312, 11.2568 ], [ 1.1312, 11.2567 ], [ 1.1311, 11.2566 ], [ 1.1311, 11.2565 ], [ 1.1311, 11.2563 ], [ 1.131, 11.2562 ], [ 1.131, 11.2561 ], [ 1.131, 11.2559 ], [ 1.131, 11.2557 ], [ 1.131, 11.2556 ], [ 1.1311, 11.2554 ], [ 1.1312, 11.2553 ], [ 1.1312, 11.2551 ], [ 1.1312, 11.255 ], [ 1.1313, 11.2548 ], [ 1.1314, 11.2547 ], [ 1.1315, 11.2545 ], [ 1.1316, 11.2544 ], [ 1.1317, 11.2543 ], [ 1.1318, 11.2542 ], [ 1.1319, 11.254 ], [ 1.132, 11.2539 ], [ 1.1321, 11.2538 ], [ 1.1323, 11.2537 ], [ 1.1324, 11.2536 ], [ 1.1325, 11.2535 ], [ 1.1326, 11.2534 ], [ 1.1328, 11.2533 ], [ 1.1329, 11.2532 ], [ 1.1331, 11.2531 ], [ 1.1333, 11.2531 ], [ 1.1334, 11.253 ], [ 1.1334, 11.253 ], [ 1.1336, 11.253 ], [ 1.1337, 11.253 ], [ 1.1339, 11.253 ], [ 1.134, 11.2531 ], [ 1.1342, 11.2532 ], [ 1.1343, 11.2533 ], [ 1.1345, 11.2533 ], [ 1.1346, 11.2534 ], [ 1.1348, 11.2534 ], [ 1.135, 11.2534 ], [ 1.1351, 11.2534 ], [ 1.1353, 11.2534 ], [ 1.1354, 11.2534 ], [ 1.1357, 11.2534 ], [ 1.1358, 11.2534 ], [ 1.136, 11.2534 ], [ 1.1361, 11.2534 ], [ 1.1363, 11.2535 ], [ 1.1365, 11.2535 ], [ 1.1366, 11.2536 ], [ 1.1368, 11.2536 ], [ 1.1369, 11.2537 ], [ 1.137, 11.2538 ], [ 1.137, 11.2538 ], [ 1.1372, 11.2539 ], [ 1.1374, 11.2539 ], [ 1.1375, 11.2539 ], [ 1.1377, 11.2539 ], [ 1.1379, 11.2538 ], [ 1.138, 11.2538 ], [ 1.1382, 11.2537 ], [ 1.1383, 11.2536 ], [ 1.1384, 11.2535 ], [ 1.1385, 11.2534 ], [ 1.1385, 11.2532 ], [ 1.1386, 11.2531 ], [ 1.1386, 11.2529 ], [ 1.1386, 11.2527 ], [ 1.1386, 11.2526 ], [ 1.1385, 11.2524 ], [ 1.1384, 11.2523 ], [ 1.1382, 11.2522 ], [ 1.1381, 11.2521 ], [ 1.1379, 11.2521 ], [ 1.1377, 11.252 ], [ 1.1375, 11.252 ], [ 1.1373, 11.2519 ], [ 1.1372, 11.2519 ], [ 1.1371, 11.2518 ], [ 1.137, 11.2518 ], [ 1.1368, 11.2518 ], [ 1.1366, 11.2518 ], [ 1.1365, 11.2518 ], [ 1.1363, 11.2518 ], [ 1.1361, 11.2517 ], [ 1.136, 11.2517 ], [ 1.1358, 11.2516 ], [ 1.1357, 11.2516 ], [ 1.1355, 11.2515 ], [ 1.1353, 11.2514 ], [ 1.1352, 11.2513 ], [ 1.135, 11.2513 ], [ 1.1348, 11.2512 ], [ 1.1347, 11.2512 ], [ 1.1345, 11.2511 ], [ 1.1343, 11.2511 ], [ 1.1342, 11.2511 ], [ 1.134, 11.2511 ], [ 1.1338, 11.2511 ], [ 1.1337, 11.251 ], [ 1.1335, 11.251 ], [ 1.1334, 11.251 ], [ 1.1332, 11.251 ], [ 1.133, 11.251 ], [ 1.1329, 11.251 ], [ 1.1327, 11.251 ], [ 1.1326, 11.251 ], [ 1.1325, 11.2511 ], [ 1.1324, 11.251 ], [ 1.1321, 11.251 ], [ 1.132, 11.2509 ], [ 1.1318, 11.2508 ], [ 1.1317, 11.2507 ], [ 1.1316, 11.2506 ], [ 1.1315, 11.2504 ], [ 1.1314, 11.2503 ], [ 1.1314, 11.2502 ], [ 1.1314, 11.25 ], [ 1.1314, 11.2498 ], [ 1.1314, 11.2497 ], [ 1.1314, 11.2495 ], [ 1.1313, 11.2494 ], [ 1.1313, 11.2492 ], [ 1.1312, 11.2491 ], [ 1.1311, 11.249 ], [ 1.131, 11.2489 ], [ 1.1309, 11.2488 ], [ 1.1307, 11.2487 ], [ 1.1305, 11.2487 ], [ 1.1304, 11.2487 ], [ 1.1302, 11.2486 ], [ 1.13, 11.2486 ], [ 1.1299, 11.2486 ], [ 1.1297, 11.2485 ], [ 1.1296, 11.2484 ], [ 1.1296, 11.2482 ], [ 1.1296, 11.2482 ], [ 1.1296, 11.2481 ], [ 1.1295, 11.2479 ], [ 1.1295, 11.2477 ], [ 1.1296, 11.2476 ], [ 1.1297, 11.2475 ], [ 1.1298, 11.2473 ], [ 1.13, 11.2473 ], [ 1.1301, 11.2473 ], [ 1.1302, 11.2474 ], [ 1.1303, 11.2474 ], [ 1.1305, 11.2474 ], [ 1.1307, 11.2473 ], [ 1.1308, 11.2472 ], [ 1.1309, 11.2471 ], [ 1.131, 11.247 ], [ 1.1312, 11.2469 ], [ 1.1313, 11.2469 ], [ 1.1315, 11.2468 ], [ 1.1316, 11.2468 ], [ 1.1318, 11.2467 ], [ 1.1319, 11.2466 ], [ 1.132, 11.2465 ], [ 1.1322, 11.2465 ], [ 1.1323, 11.2464 ], [ 1.1324, 11.2462 ], [ 1.1325, 11.2461 ], [ 1.1325, 11.2459 ], [ 1.1326, 11.2458 ], [ 1.1327, 11.2457 ], [ 1.1329, 11.2456 ], [ 1.1331, 11.2455 ], [ 1.1331, 11.2455 ], [ 1.1332, 11.2454 ], [ 1.1334, 11.2453 ], [ 1.1335, 11.2453 ], [ 1.1337, 11.2452 ], [ 1.1338, 11.2452 ], [ 1.1341, 11.2451 ], [ 1.1343, 11.2451 ], [ 1.1344, 11.245 ], [ 1.1346, 11.245 ], [ 1.1347, 11.2449 ], [ 1.1349, 11.2449 ], [ 1.135, 11.2448 ], [ 1.1351, 11.2448 ], [ 1.1353, 11.2447 ], [ 1.1355, 11.2447 ], [ 1.1356, 11.2448 ], [ 1.1358, 11.2448 ], [ 1.136, 11.2448 ], [ 1.1362, 11.2447 ], [ 1.1363, 11.2447 ], [ 1.1365, 11.2446 ], [ 1.1366, 11.2445 ], [ 1.1368, 11.2444 ], [ 1.1369, 11.2443 ], [ 1.137, 11.2443 ], [ 1.1372, 11.2442 ], [ 1.1374, 11.2441 ], [ 1.1375, 11.2441 ], [ 1.1377, 11.244 ], [ 1.1378, 11.2439 ], [ 1.138, 11.2438 ], [ 1.1382, 11.2438 ], [ 1.1384, 11.2437 ], [ 1.1384, 11.2437 ], [ 1.1385, 11.2437 ], [ 1.1387, 11.2437 ], [ 1.1388, 11.2438 ], [ 1.139, 11.2438 ], [ 1.1392, 11.2438 ], [ 1.1393, 11.2438 ], [ 1.1395, 11.2438 ], [ 1.1396, 11.2438 ], [ 1.1398, 11.2437 ], [ 1.1399, 11.2436 ], [ 1.14, 11.2435 ], [ 1.1401, 11.2434 ], [ 1.1402, 11.2433 ], [ 1.1403, 11.2431 ], [ 1.1404, 11.243 ], [ 1.1404, 11.2428 ], [ 1.1404, 11.2427 ], [ 1.1404, 11.2425 ], [ 1.1404, 11.2424 ], [ 1.1405, 11.2422 ], [ 1.1406, 11.242 ], [ 1.1406, 11.2419 ], [ 1.1406, 11.2417 ], [ 1.1407, 11.2416 ], [ 1.1408, 11.2414 ], [ 1.1409, 11.2413 ], [ 1.141, 11.2412 ], [ 1.1411, 11.2411 ], [ 1.1413, 11.241 ], [ 1.1414, 11.2409 ], [ 1.1415, 11.2407 ], [ 1.1416, 11.2407 ], [ 1.1418, 11.2405 ], [ 1.1419, 11.2405 ], [ 1.142, 11.2404 ], [ 1.1422, 11.2403 ], [ 1.1423, 11.2402 ], [ 1.1425, 11.2402 ], [ 1.1426, 11.2401 ], [ 1.1426, 11.2401 ], [ 1.1427, 11.24 ], [ 1.1429, 11.2399 ], [ 1.143, 11.2398 ], [ 1.1432, 11.2397 ], [ 1.1433, 11.2396 ], [ 1.1435, 11.2395 ], [ 1.1436, 11.2395 ], [ 1.1439, 11.2394 ], [ 1.144, 11.2394 ], [ 1.1442, 11.2394 ], [ 1.1443, 11.2393 ], [ 1.1445, 11.2393 ], [ 1.1447, 11.2392 ], [ 1.1449, 11.2392 ], [ 1.1451, 11.2392 ], [ 1.1453, 11.2392 ], [ 1.1454, 11.2392 ], [ 1.1456, 11.2392 ], [ 1.1457, 11.2392 ], [ 1.1459, 11.2393 ], [ 1.1461, 11.2393 ], [ 1.1462, 11.2393 ], [ 1.1463, 11.2394 ], [ 1.1464, 11.2394 ], [ 1.1466, 11.2394 ], [ 1.1469, 11.2394 ], [ 1.1471, 11.2394 ], [ 1.1472, 11.2394 ], [ 1.1473, 11.2394 ], [ 1.1475, 11.2394 ], [ 1.1477, 11.2395 ], [ 1.1479, 11.2395 ], [ 1.1481, 11.2394 ], [ 1.1482, 11.2394 ], [ 1.1484, 11.2394 ], [ 1.1485, 11.2393 ], [ 1.1487, 11.2392 ], [ 1.1488, 11.2392 ], [ 1.149, 11.2391 ], [ 1.1492, 11.239 ], [ 1.1493, 11.239 ], [ 1.1495, 11.2389 ], [ 1.1496, 11.2388 ], [ 1.1498, 11.2387 ], [ 1.1499, 11.2386 ], [ 1.15, 11.2386 ], [ 1.1502, 11.2385 ], [ 1.1503, 11.2384 ], [ 1.1504, 11.2383 ], [ 1.1505, 11.2382 ], [ 1.1507, 11.238 ], [ 1.1508, 11.2379 ], [ 1.1509, 11.2377 ], [ 1.151, 11.2376 ], [ 1.1511, 11.2374 ], [ 1.1511, 11.2373 ], [ 1.1512, 11.2372 ], [ 1.1512, 11.2371 ], [ 1.1512, 11.2369 ], [ 1.1512, 11.2368 ], [ 1.1512, 11.2366 ], [ 1.1511, 11.2365 ], [ 1.151, 11.2363 ], [ 1.1509, 11.2362 ], [ 1.1508, 11.2361 ], [ 1.1506, 11.236 ], [ 1.1505, 11.236 ], [ 1.1503, 11.2359 ], [ 1.1502, 11.2359 ], [ 1.15, 11.2358 ], [ 1.1499, 11.2358 ], [ 1.1497, 11.2357 ], [ 1.1495, 11.2356 ], [ 1.1494, 11.2355 ], [ 1.1494, 11.2353 ], [ 1.1495, 11.2352 ], [ 1.1496, 11.235 ], [ 1.1497, 11.235 ], [ 1.1499, 11.2349 ], [ 1.15, 11.2348 ], [ 1.1502, 11.2347 ], [ 1.1503, 11.2346 ], [ 1.1505, 11.2346 ], [ 1.1506, 11.2345 ], [ 1.1508, 11.2345 ], [ 1.151, 11.2345 ], [ 1.1512, 11.2345 ], [ 1.1513, 11.2346 ], [ 1.1514, 11.2347 ], [ 1.1515, 11.2347 ], [ 1.1516, 11.2348 ], [ 1.1517, 11.2348 ], [ 1.1519, 11.2348 ], [ 1.152, 11.2348 ], [ 1.1521, 11.2348 ], [ 1.1522, 11.2348 ], [ 1.1523, 11.2348 ], [ 1.1525, 11.2347 ], [ 1.1527, 11.2347 ], [ 1.1528, 11.2347 ], [ 1.153, 11.2347 ], [ 1.1531, 11.2347 ], [ 1.1533, 11.2346 ], [ 1.1535, 11.2346 ], [ 1.1536, 11.2346 ], [ 1.1538, 11.2346 ], [ 1.154, 11.2346 ], [ 1.1541, 11.2346 ], [ 1.1543, 11.2346 ], [ 1.1544, 11.2346 ], [ 1.1546, 11.2347 ], [ 1.1547, 11.2348 ], [ 1.1548, 11.2349 ], [ 1.1549, 11.235 ], [ 1.155, 11.2352 ], [ 1.1551, 11.2353 ], [ 1.1552, 11.2354 ], [ 1.1553, 11.2355 ], [ 1.1553, 11.2356 ], [ 1.1554, 11.2357 ], [ 1.1555, 11.2358 ], [ 1.1556, 11.2359 ], [ 1.1558, 11.236 ], [ 1.1559, 11.236 ], [ 1.1561, 11.236 ], [ 1.1562, 11.236 ], [ 1.1563, 11.2359 ], [ 1.1564, 11.2357 ], [ 1.1565, 11.2357 ], [ 1.1565, 11.2355 ], [ 1.1565, 11.2354 ], [ 1.1565, 11.2353 ], [ 1.1565, 11.2352 ], [ 1.1565, 11.2352 ], [ 1.1565, 11.235 ], [ 1.1564, 11.2349 ], [ 1.1564, 11.2348 ], [ 1.1563, 11.2346 ], [ 1.1563, 11.2344 ], [ 1.1562, 11.2342 ], [ 1.1561, 11.2341 ], [ 1.1561, 11.2341 ], [ 1.1561, 11.2339 ], [ 1.156, 11.2337 ], [ 1.1561, 11.2335 ], [ 1.1561, 11.2332 ], [ 1.1562, 11.2331 ], [ 1.1564, 11.2329 ], [ 1.1565, 11.2328 ], [ 1.1567, 11.2326 ], [ 1.1569, 11.2324 ], [ 1.157, 11.2322 ], [ 1.157, 11.2321 ], [ 1.1571, 11.232 ], [ 1.1573, 11.2318 ], [ 1.1574, 11.2316 ], [ 1.1575, 11.2315 ], [ 1.1576, 11.2314 ], [ 1.1577, 11.2313 ], [ 1.1577, 11.2312 ], [ 1.1578, 11.231 ], [ 1.1579, 11.2308 ], [ 1.1579, 11.2306 ], [ 1.1579, 11.2306 ], [ 1.158, 11.2305 ], [ 1.1581, 11.2301 ], [ 1.1581, 11.23 ], [ 1.1581, 11.2298 ], [ 1.1582, 11.2296 ], [ 1.1582, 11.2296 ], [ 1.1584, 11.2293 ], [ 1.1586, 11.229 ], [ 1.1587, 11.2288 ], [ 1.1588, 11.2286 ], [ 1.1589, 11.2285 ], [ 1.1591, 11.2282 ], [ 1.1593, 11.228 ], [ 1.1594, 11.2278 ], [ 1.1594, 11.2278 ], [ 1.1595, 11.2277 ], [ 1.1596, 11.2275 ], [ 1.1596, 11.2274 ], [ 1.1598, 11.2272 ], [ 1.1598, 11.227 ], [ 1.1599, 11.2268 ], [ 1.1599, 11.2268 ], [ 1.16, 11.2266 ], [ 1.16, 11.2264 ], [ 1.16, 11.2263 ], [ 1.16, 11.2261 ], [ 1.1601, 11.226 ], [ 1.1601, 11.2258 ], [ 1.1601, 11.2257 ], [ 1.1601, 11.2256 ], [ 1.1601, 11.2254 ], [ 1.1601, 11.2253 ], [ 1.1601, 11.2251 ], [ 1.1601, 11.225 ], [ 1.1601, 11.2249 ], [ 1.1601, 11.2247 ], [ 1.1601, 11.2245 ], [ 1.16, 11.2243 ], [ 1.1599, 11.2242 ], [ 1.1599, 11.224 ], [ 1.1598, 11.2239 ], [ 1.1598, 11.2238 ], [ 1.1597, 11.2237 ], [ 1.1596, 11.2236 ], [ 1.1596, 11.2235 ], [ 1.1596, 11.2234 ], [ 1.1595, 11.2233 ], [ 1.1592, 11.223 ], [ 1.1591, 11.2229 ], [ 1.1589, 11.2228 ], [ 1.1586, 11.2226 ], [ 1.1585, 11.2226 ], [ 1.1584, 11.2225 ], [ 1.1582, 11.2223 ], [ 1.1581, 11.2221 ], [ 1.158, 11.2219 ], [ 1.1579, 11.2217 ], [ 1.1578, 11.2214 ], [ 1.1577, 11.2212 ], [ 1.1576, 11.221 ], [ 1.1575, 11.2208 ], [ 1.1574, 11.2207 ], [ 1.1572, 11.2206 ], [ 1.157, 11.2204 ], [ 1.1569, 11.2204 ], [ 1.1566, 11.2203 ], [ 1.1565, 11.2202 ], [ 1.1563, 11.2202 ], [ 1.1561, 11.2201 ], [ 1.156, 11.2201 ], [ 1.1559, 11.2201 ], [ 1.1556, 11.2201 ], [ 1.1554, 11.2201 ], [ 1.1553, 11.2201 ], [ 1.1552, 11.2201 ], [ 1.155, 11.2201 ], [ 1.1549, 11.2201 ], [ 1.1548, 11.2202 ], [ 1.1547, 11.2202 ], [ 1.1546, 11.2203 ], [ 1.1545, 11.2203 ], [ 1.1544, 11.2204 ], [ 1.1543, 11.2205 ], [ 1.1542, 11.2206 ], [ 1.1541, 11.2207 ], [ 1.1541, 11.2208 ], [ 1.154, 11.2209 ], [ 1.154, 11.2211 ], [ 1.1539, 11.2213 ], [ 1.1539, 11.2215 ], [ 1.154, 11.2216 ], [ 1.154, 11.2218 ], [ 1.154, 11.222 ], [ 1.1541, 11.2221 ], [ 1.1541, 11.2223 ], [ 1.1541, 11.2224 ], [ 1.1541, 11.2225 ], [ 1.1541, 11.2227 ], [ 1.1541, 11.2228 ], [ 1.154, 11.223 ], [ 1.1539, 11.2232 ], [ 1.1538, 11.2233 ], [ 1.1537, 11.2234 ], [ 1.1534, 11.2235 ], [ 1.1532, 11.2235 ], [ 1.1531, 11.2234 ], [ 1.153, 11.2234 ], [ 1.1529, 11.2233 ], [ 1.1529, 11.2232 ], [ 1.1528, 11.223 ], [ 1.1528, 11.2229 ], [ 1.1528, 11.2228 ], [ 1.1529, 11.2225 ], [ 1.153, 11.2222 ], [ 1.153, 11.222 ], [ 1.1531, 11.2218 ], [ 1.1532, 11.2217 ], [ 1.1532, 11.2214 ], [ 1.1532, 11.2213 ], [ 1.1532, 11.2211 ], [ 1.1533, 11.2209 ], [ 1.1532, 11.2208 ], [ 1.1532, 11.2206 ], [ 1.1532, 11.2204 ], [ 1.1532, 11.2203 ], [ 1.1532, 11.2201 ], [ 1.1533, 11.22 ], [ 1.1533, 11.2198 ], [ 1.1533, 11.2196 ], [ 1.1533, 11.2195 ], [ 1.1533, 11.2194 ], [ 1.1534, 11.2193 ], [ 1.1535, 11.2191 ], [ 1.1535, 11.219 ], [ 1.1536, 11.2189 ], [ 1.1536, 11.2187 ], [ 1.1537, 11.2187 ], [ 1.1539, 11.2186 ], [ 1.154, 11.2186 ], [ 1.1543, 11.2185 ], [ 1.1544, 11.2185 ], [ 1.1546, 11.2185 ], [ 1.1548, 11.2184 ], [ 1.1551, 11.2184 ], [ 1.1554, 11.2184 ], [ 1.1556, 11.2183 ], [ 1.1557, 11.2183 ], [ 1.1559, 11.2182 ], [ 1.156, 11.2181 ], [ 1.1561, 11.2181 ], [ 1.1561, 11.218 ], [ 1.1562, 11.2179 ], [ 1.1563, 11.2178 ], [ 1.1564, 11.2177 ], [ 1.1565, 11.2176 ], [ 1.1565, 11.2175 ], [ 1.1565, 11.2174 ], [ 1.1565, 11.2173 ], [ 1.1565, 11.2171 ], [ 1.1565, 11.2169 ], [ 1.1564, 11.2168 ], [ 1.1563, 11.2167 ], [ 1.1562, 11.2166 ], [ 1.156, 11.2165 ], [ 1.1558, 11.2164 ], [ 1.1557, 11.2163 ], [ 1.1556, 11.2163 ], [ 1.1554, 11.2162 ], [ 1.1553, 11.2161 ], [ 1.1553, 11.2161 ], [ 1.1552, 11.216 ], [ 1.1551, 11.2159 ], [ 1.155, 11.2158 ], [ 1.155, 11.2157 ], [ 1.1549, 11.2156 ], [ 1.1549, 11.2154 ], [ 1.1548, 11.2153 ], [ 1.1548, 11.2152 ], [ 1.1548, 11.2151 ], [ 1.1548, 11.2149 ], [ 1.1548, 11.2148 ], [ 1.1548, 11.2148 ], [ 1.1548, 11.2147 ], [ 1.1549, 11.2146 ], [ 1.1549, 11.2145 ], [ 1.155, 11.2144 ], [ 1.155, 11.2143 ], [ 1.1551, 11.2142 ], [ 1.1551, 11.2141 ], [ 1.1551, 11.214 ], [ 1.1551, 11.2139 ], [ 1.1551, 11.2138 ], [ 1.1551, 11.2136 ], [ 1.155, 11.2135 ], [ 1.155, 11.2135 ], [ 1.155, 11.2134 ], [ 1.1549, 11.2133 ], [ 1.1547, 11.2132 ], [ 1.1545, 11.2132 ], [ 1.1543, 11.2132 ], [ 1.1542, 11.2133 ], [ 1.1541, 11.2133 ], [ 1.154, 11.2133 ], [ 1.1539, 11.2134 ], [ 1.1538, 11.2134 ], [ 1.1537, 11.2135 ], [ 1.1536, 11.2136 ], [ 1.1535, 11.2136 ], [ 1.1534, 11.2137 ], [ 1.1533, 11.2137 ], [ 1.1532, 11.2137 ], [ 1.1531, 11.2137 ], [ 1.153, 11.2137 ], [ 1.1529, 11.2137 ], [ 1.1527, 11.2137 ], [ 1.1525, 11.2137 ], [ 1.1524, 11.2137 ], [ 1.1522, 11.2137 ], [ 1.152, 11.2136 ], [ 1.1519, 11.2136 ], [ 1.1518, 11.2136 ], [ 1.1516, 11.2136 ], [ 1.1515, 11.2136 ], [ 1.1514, 11.2136 ], [ 1.1513, 11.2135 ], [ 1.1512, 11.2135 ], [ 1.151, 11.2134 ], [ 1.151, 11.2134 ], [ 1.1508, 11.2134 ], [ 1.1506, 11.2133 ], [ 1.1505, 11.2133 ], [ 1.1504, 11.2132 ], [ 1.1504, 11.2132 ], [ 1.1503, 11.2131 ], [ 1.1502, 11.213 ], [ 1.1501, 11.2129 ], [ 1.15, 11.2128 ], [ 1.15, 11.2127 ], [ 1.15, 11.2126 ], [ 1.15, 11.2126 ], [ 1.15, 11.2125 ], [ 1.15, 11.2124 ], [ 1.15, 11.2123 ], [ 1.15, 11.2122 ], [ 1.15, 11.2121 ], [ 1.15, 11.212 ], [ 1.15, 11.2119 ], [ 1.1501, 11.2119 ], [ 1.1501, 11.2118 ], [ 1.1503, 11.2118 ], [ 1.1504, 11.2117 ], [ 1.1506, 11.2117 ], [ 1.1507, 11.2117 ], [ 1.1509, 11.2117 ], [ 1.151, 11.2117 ], [ 1.1512, 11.2117 ], [ 1.1513, 11.2117 ], [ 1.1514, 11.2117 ], [ 1.1516, 11.2118 ], [ 1.1517, 11.2119 ], [ 1.1519, 11.2119 ], [ 1.1521, 11.2119 ], [ 1.1523, 11.2118 ], [ 1.1524, 11.2118 ], [ 1.1526, 11.2117 ], [ 1.1527, 11.2117 ], [ 1.1528, 11.2117 ], [ 1.1529, 11.2116 ], [ 1.153, 11.2115 ], [ 1.1531, 11.2114 ], [ 1.1532, 11.2114 ], [ 1.1532, 11.2113 ], [ 1.1532, 11.2112 ], [ 1.1532, 11.2111 ], [ 1.1532, 11.2109 ], [ 1.1533, 11.2108 ], [ 1.1534, 11.2108 ], [ 1.1535, 11.2107 ], [ 1.1536, 11.2106 ], [ 1.1538, 11.2105 ], [ 1.1539, 11.2104 ], [ 1.154, 11.2103 ], [ 1.1542, 11.2103 ], [ 1.1543, 11.2102 ], [ 1.1545, 11.2101 ], [ 1.1546, 11.21 ], [ 1.1547, 11.2099 ], [ 1.1548, 11.2096 ], [ 1.1549, 11.2092 ], [ 1.1548, 11.2088 ], [ 1.1549, 11.2084 ], [ 1.1548, 11.208 ], [ 1.1547, 11.2076 ], [ 1.1546, 11.2074 ], [ 1.1546, 11.2073 ], [ 1.1546, 11.2072 ], [ 1.1545, 11.2068 ], [ 1.1544, 11.2064 ], [ 1.1541, 11.2061 ], [ 1.1539, 11.2058 ], [ 1.1538, 11.2057 ], [ 1.1535, 11.2056 ], [ 1.1531, 11.2056 ], [ 1.1528, 11.2055 ], [ 1.1527, 11.2054 ], [ 1.1527, 11.2054 ], [ 1.1525, 11.2051 ], [ 1.1525, 11.205 ], [ 1.1525, 11.2049 ], [ 1.1525, 11.2048 ], [ 1.1525, 11.2047 ], [ 1.1527, 11.2043 ], [ 1.1531, 11.2042 ], [ 1.1533, 11.2039 ], [ 1.1534, 11.2039 ], [ 1.1535, 11.2038 ], [ 1.1536, 11.2035 ], [ 1.154, 11.2034 ], [ 1.1544, 11.2032 ], [ 1.1546, 11.2029 ], [ 1.1548, 11.2025 ], [ 1.1547, 11.2021 ], [ 1.1547, 11.2018 ], [ 1.1547, 11.2017 ], [ 1.1545, 11.2013 ], [ 1.1543, 11.201 ], [ 1.1541, 11.2006 ], [ 1.1538, 11.2003 ], [ 1.1536, 11.1999 ], [ 1.1535, 11.1995 ], [ 1.1536, 11.1991 ], [ 1.1536, 11.1988 ], [ 1.1536, 11.1987 ], [ 1.1537, 11.1983 ], [ 1.1537, 11.1979 ], [ 1.1536, 11.1975 ], [ 1.1534, 11.1973 ], [ 1.1533, 11.1972 ], [ 1.1529, 11.1971 ], [ 1.1525, 11.1969 ], [ 1.1522, 11.1967 ], [ 1.1519, 11.1963 ], [ 1.1519, 11.1961 ], [ 1.1518, 11.1959 ], [ 1.1517, 11.1955 ], [ 1.1516, 11.1953 ], [ 1.1515, 11.1951 ], [ 1.1514, 11.1947 ], [ 1.1513, 11.1943 ], [ 1.1511, 11.1939 ], [ 1.1511, 11.1935 ], [ 1.151, 11.1931 ], [ 1.151, 11.1927 ], [ 1.1511, 11.1923 ], [ 1.1511, 11.1921 ], [ 1.1511, 11.192 ], [ 1.1513, 11.1917 ], [ 1.1516, 11.1914 ], [ 1.1517, 11.1914 ], [ 1.152, 11.1914 ], [ 1.1524, 11.1916 ], [ 1.1528, 11.1918 ], [ 1.153, 11.1921 ], [ 1.153, 11.1923 ], [ 1.1532, 11.1925 ], [ 1.1535, 11.1929 ], [ 1.1539, 11.193 ], [ 1.1543, 11.1929 ], [ 1.1547, 11.1927 ], [ 1.1549, 11.1924 ], [ 1.1551, 11.192 ], [ 1.1551, 11.1919 ], [ 1.1552, 11.1916 ], [ 1.1554, 11.1912 ], [ 1.1554, 11.1908 ], [ 1.1555, 11.1905 ], [ 1.1555, 11.1904 ], [ 1.1555, 11.1903 ], [ 1.1555, 11.1901 ], [ 1.1555, 11.19 ], [ 1.1554, 11.1896 ], [ 1.1554, 11.1892 ], [ 1.1554, 11.1888 ], [ 1.1556, 11.1885 ], [ 1.1559, 11.1882 ], [ 1.1561, 11.1879 ], [ 1.1565, 11.1877 ], [ 1.1566, 11.1876 ], [ 1.1568, 11.1876 ], [ 1.157, 11.1875 ], [ 1.1571, 11.1873 ], [ 1.1572, 11.1871 ], [ 1.1574, 11.1869 ], [ 1.1575, 11.1868 ], [ 1.1576, 11.1866 ], [ 1.1576, 11.1862 ], [ 1.1576, 11.186 ], [ 1.1575, 11.1859 ], [ 1.1575, 11.1857 ], [ 1.1574, 11.1855 ], [ 1.1573, 11.1854 ], [ 1.1571, 11.1853 ], [ 1.1568, 11.1852 ], [ 1.1566, 11.1851 ], [ 1.1564, 11.1851 ], [ 1.1561, 11.185 ], [ 1.1557, 11.185 ], [ 1.1551, 11.1852 ], [ 1.155, 11.1852 ], [ 1.1547, 11.1852 ], [ 1.1544, 11.1852 ], [ 1.1543, 11.1851 ], [ 1.154, 11.185 ], [ 1.1538, 11.1849 ], [ 1.1536, 11.1847 ], [ 1.1535, 11.1845 ], [ 1.1534, 11.1843 ], [ 1.1533, 11.1842 ], [ 1.1533, 11.1841 ], [ 1.1532, 11.184 ], [ 1.1531, 11.1838 ], [ 1.1531, 11.1837 ], [ 1.1531, 11.1836 ], [ 1.1531, 11.1834 ], [ 1.1531, 11.1832 ], [ 1.1531, 11.1829 ], [ 1.1533, 11.1825 ], [ 1.1534, 11.1824 ], [ 1.1534, 11.1822 ], [ 1.1536, 11.182 ], [ 1.1538, 11.1818 ], [ 1.1541, 11.1818 ], [ 1.1543, 11.1816 ], [ 1.1545, 11.1814 ], [ 1.1547, 11.1813 ], [ 1.1548, 11.1812 ], [ 1.1549, 11.1811 ], [ 1.1552, 11.181 ], [ 1.1554, 11.181 ], [ 1.1556, 11.1811 ], [ 1.1558, 11.1811 ], [ 1.1562, 11.181 ], [ 1.1564, 11.1809 ], [ 1.1566, 11.1807 ], [ 1.1567, 11.1806 ], [ 1.1568, 11.1803 ], [ 1.1567, 11.1802 ], [ 1.1565, 11.18 ], [ 1.1564, 11.1799 ], [ 1.1563, 11.1798 ], [ 1.1561, 11.1797 ], [ 1.1559, 11.1797 ], [ 1.1555, 11.1797 ], [ 1.1552, 11.1796 ], [ 1.155, 11.1795 ], [ 1.1548, 11.1794 ], [ 1.1547, 11.1792 ], [ 1.1546, 11.1791 ], [ 1.1545, 11.1789 ], [ 1.1544, 11.1787 ], [ 1.1544, 11.1785 ], [ 1.1544, 11.1783 ], [ 1.1544, 11.1783 ], [ 1.1545, 11.1781 ], [ 1.1545, 11.1779 ], [ 1.1546, 11.1777 ], [ 1.1547, 11.1775 ], [ 1.1548, 11.1774 ], [ 1.1549, 11.1773 ], [ 1.155, 11.1772 ], [ 1.1552, 11.1771 ], [ 1.1554, 11.177 ], [ 1.1556, 11.1769 ], [ 1.1558, 11.1767 ], [ 1.156, 11.1766 ], [ 1.156, 11.1764 ], [ 1.1562, 11.1763 ], [ 1.1564, 11.1761 ], [ 1.1565, 11.1759 ], [ 1.1566, 11.1757 ], [ 1.1567, 11.1755 ], [ 1.1567, 11.1753 ], [ 1.1567, 11.1751 ], [ 1.1567, 11.1749 ], [ 1.1567, 11.1746 ], [ 1.1565, 11.1744 ], [ 1.1564, 11.1743 ], [ 1.1563, 11.1741 ], [ 1.1564, 11.1739 ], [ 1.1565, 11.1738 ], [ 1.1566, 11.1737 ], [ 1.1568, 11.1737 ], [ 1.1571, 11.1737 ], [ 1.1573, 11.1737 ], [ 1.1575, 11.1737 ], [ 1.1578, 11.1738 ], [ 1.158, 11.1739 ], [ 1.1581, 11.174 ], [ 1.1583, 11.1741 ], [ 1.1585, 11.1742 ], [ 1.1587, 11.1743 ], [ 1.1589, 11.1746 ], [ 1.1591, 11.1747 ], [ 1.1593, 11.1748 ], [ 1.1596, 11.1752 ], [ 1.1597, 11.1755 ], [ 1.1599, 11.1757 ], [ 1.16, 11.1759 ], [ 1.1603, 11.176 ], [ 1.1606, 11.1761 ], [ 1.1607, 11.1761 ], [ 1.1609, 11.1761 ], [ 1.1609, 11.1761 ], [ 1.1611, 11.176 ], [ 1.1613, 11.1758 ], [ 1.1613, 11.1758 ], [ 1.1615, 11.1757 ], [ 1.1616, 11.1755 ], [ 1.1616, 11.1753 ], [ 1.1617, 11.1751 ], [ 1.1617, 11.175 ], [ 1.1618, 11.1748 ], [ 1.1619, 11.1746 ], [ 1.162, 11.1743 ], [ 1.1621, 11.174 ], [ 1.1622, 11.1738 ], [ 1.1623, 11.1737 ], [ 1.1625, 11.1736 ], [ 1.1628, 11.1736 ], [ 1.163, 11.1736 ], [ 1.1632, 11.1736 ], [ 1.1634, 11.1737 ], [ 1.1635, 11.1737 ], [ 1.1637, 11.1736 ], [ 1.1638, 11.1735 ], [ 1.1639, 11.1733 ], [ 1.1639, 11.1732 ], [ 1.1639, 11.1729 ], [ 1.1638, 11.1728 ], [ 1.1637, 11.1725 ], [ 1.1636, 11.1724 ], [ 1.1635, 11.1723 ], [ 1.1634, 11.1722 ], [ 1.1633, 11.1721 ], [ 1.1632, 11.1719 ], [ 1.1632, 11.1718 ], [ 1.1632, 11.1717 ], [ 1.1632, 11.1715 ], [ 1.1633, 11.1713 ], [ 1.1634, 11.1712 ], [ 1.1636, 11.1711 ], [ 1.164, 11.1711 ], [ 1.1642, 11.1711 ], [ 1.1644, 11.1711 ], [ 1.1647, 11.1711 ], [ 1.165, 11.1711 ], [ 1.1651, 11.171 ], [ 1.1652, 11.1708 ], [ 1.1652, 11.1707 ], [ 1.1652, 11.1706 ], [ 1.1652, 11.1704 ], [ 1.1652, 11.1702 ], [ 1.1651, 11.1701 ], [ 1.165, 11.17 ], [ 1.165, 11.1698 ], [ 1.165, 11.1696 ], [ 1.1648, 11.1695 ], [ 1.1644, 11.1694 ], [ 1.1643, 11.1696 ], [ 1.164, 11.1697 ], [ 1.1637, 11.1698 ], [ 1.1636, 11.1699 ], [ 1.1634, 11.1699 ], [ 1.1631, 11.1699 ], [ 1.1628, 11.1699 ], [ 1.1625, 11.1698 ], [ 1.1622, 11.1698 ], [ 1.162, 11.1698 ], [ 1.1617, 11.1698 ], [ 1.1616, 11.1698 ], [ 1.1612, 11.1699 ], [ 1.1611, 11.1699 ], [ 1.1607, 11.1699 ], [ 1.1604, 11.1699 ], [ 1.1602, 11.1698 ], [ 1.16, 11.1697 ], [ 1.1598, 11.1697 ], [ 1.1596, 11.1696 ], [ 1.1595, 11.1694 ], [ 1.1594, 11.1693 ], [ 1.1593, 11.1691 ], [ 1.1593, 11.169 ], [ 1.1594, 11.1688 ], [ 1.1594, 11.1686 ], [ 1.1596, 11.1684 ], [ 1.1598, 11.1683 ], [ 1.1599, 11.1682 ], [ 1.16, 11.1681 ], [ 1.1601, 11.1679 ], [ 1.1602, 11.1678 ], [ 1.1603, 11.1677 ], [ 1.1605, 11.1676 ], [ 1.1606, 11.1676 ], [ 1.1607, 11.1674 ], [ 1.1609, 11.1672 ], [ 1.1609, 11.167 ], [ 1.1609, 11.167 ], [ 1.1609, 11.1668 ], [ 1.1609, 11.1667 ], [ 1.1609, 11.1665 ], [ 1.1609, 11.1664 ], [ 1.1609, 11.1662 ], [ 1.1608, 11.1661 ], [ 1.1608, 11.166 ], [ 1.1606, 11.1658 ], [ 1.1605, 11.1657 ], [ 1.1604, 11.1655 ], [ 1.1603, 11.1654 ], [ 1.1602, 11.1653 ], [ 1.1601, 11.1652 ], [ 1.1599, 11.1651 ], [ 1.1598, 11.165 ], [ 1.1596, 11.1649 ], [ 1.1595, 11.1649 ], [ 1.1592, 11.1649 ], [ 1.1591, 11.1649 ], [ 1.1589, 11.165 ], [ 1.1589, 11.165 ], [ 1.1587, 11.165 ], [ 1.1586, 11.1651 ], [ 1.1585, 11.1653 ], [ 1.1584, 11.1653 ], [ 1.1584, 11.1654 ], [ 1.1583, 11.1654 ], [ 1.1582, 11.1654 ], [ 1.1581, 11.1654 ], [ 1.158, 11.1654 ], [ 1.1578, 11.1654 ], [ 1.1578, 11.1654 ], [ 1.1577, 11.1654 ], [ 1.1576, 11.1654 ], [ 1.1574, 11.1653 ], [ 1.1573, 11.1653 ], [ 1.1572, 11.1652 ], [ 1.1571, 11.1651 ], [ 1.157, 11.165 ], [ 1.157, 11.165 ], [ 1.1569, 11.1648 ], [ 1.1568, 11.1647 ], [ 1.1568, 11.1645 ], [ 1.1568, 11.1644 ], [ 1.1568, 11.1644 ], [ 1.1568, 11.1642 ], [ 1.1568, 11.1641 ], [ 1.1569, 11.1639 ], [ 1.1569, 11.1639 ], [ 1.1569, 11.1637 ], [ 1.1569, 11.1634 ], [ 1.1568, 11.1633 ], [ 1.1567, 11.1632 ], [ 1.1566, 11.1631 ], [ 1.1565, 11.163 ], [ 1.1564, 11.163 ], [ 1.1563, 11.163 ], [ 1.1562, 11.163 ], [ 1.1561, 11.163 ], [ 1.1559, 11.163 ], [ 1.1557, 11.163 ], [ 1.1555, 11.163 ], [ 1.1554, 11.163 ], [ 1.1553, 11.163 ], [ 1.1551, 11.163 ], [ 1.155, 11.163 ], [ 1.1549, 11.163 ], [ 1.1548, 11.163 ], [ 1.1546, 11.1631 ], [ 1.1545, 11.1631 ], [ 1.1542, 11.1632 ], [ 1.1541, 11.1633 ], [ 1.1539, 11.1634 ], [ 1.1538, 11.1634 ], [ 1.1536, 11.1635 ], [ 1.1535, 11.1635 ], [ 1.1533, 11.1636 ], [ 1.1532, 11.1637 ], [ 1.153, 11.1637 ], [ 1.1529, 11.1638 ], [ 1.1528, 11.1638 ], [ 1.1527, 11.1639 ], [ 1.1526, 11.164 ], [ 1.1525, 11.164 ], [ 1.1524, 11.1641 ], [ 1.1523, 11.1642 ], [ 1.1522, 11.1642 ], [ 1.152, 11.1643 ], [ 1.1519, 11.1644 ], [ 1.1518, 11.1645 ], [ 1.1517, 11.1646 ], [ 1.1516, 11.1647 ], [ 1.1515, 11.1648 ], [ 1.1514, 11.1649 ], [ 1.1514, 11.165 ], [ 1.1514, 11.1651 ], [ 1.1514, 11.1652 ], [ 1.1514, 11.1652 ], [ 1.1514, 11.1654 ], [ 1.1514, 11.1655 ], [ 1.1514, 11.1657 ], [ 1.1514, 11.1659 ], [ 1.1513, 11.166 ], [ 1.1513, 11.166 ], [ 1.1512, 11.1661 ], [ 1.1511, 11.1662 ], [ 1.1509, 11.1663 ], [ 1.1507, 11.1664 ], [ 1.1506, 11.1664 ], [ 1.1505, 11.1664 ], [ 1.1504, 11.1664 ], [ 1.1503, 11.1663 ], [ 1.1502, 11.1663 ], [ 1.1502, 11.1663 ], [ 1.1501, 11.1662 ], [ 1.15, 11.1661 ], [ 1.1499, 11.166 ], [ 1.1499, 11.166 ], [ 1.1498, 11.1659 ], [ 1.1497, 11.1659 ], [ 1.1496, 11.1658 ], [ 1.1495, 11.1658 ], [ 1.1494, 11.1658 ], [ 1.1493, 11.1658 ], [ 1.1492, 11.1658 ], [ 1.1491, 11.1658 ], [ 1.1489, 11.1659 ], [ 1.1488, 11.1659 ], [ 1.1487, 11.166 ], [ 1.1486, 11.166 ], [ 1.1485, 11.1661 ], [ 1.1484, 11.1662 ], [ 1.1483, 11.1664 ], [ 1.1483, 11.1665 ], [ 1.1482, 11.1666 ], [ 1.1482, 11.1667 ], [ 1.1482, 11.1669 ], [ 1.1481, 11.167 ], [ 1.1481, 11.1671 ], [ 1.1481, 11.1673 ], [ 1.1481, 11.1674 ], [ 1.1481, 11.1675 ], [ 1.1481, 11.1676 ], [ 1.1481, 11.1677 ], [ 1.1481, 11.1678 ], [ 1.1482, 11.1679 ], [ 1.1481, 11.168 ], [ 1.1482, 11.1682 ], [ 1.1482, 11.1683 ], [ 1.1483, 11.1684 ], [ 1.1483, 11.1685 ], [ 1.1484, 11.1686 ], [ 1.1484, 11.1688 ], [ 1.1485, 11.1689 ], [ 1.1485, 11.169 ], [ 1.1486, 11.1691 ], [ 1.1486, 11.1692 ], [ 1.1487, 11.1693 ], [ 1.1487, 11.1695 ], [ 1.1487, 11.1696 ], [ 1.1487, 11.1697 ], [ 1.1487, 11.1697 ], [ 1.1486, 11.1699 ], [ 1.1485, 11.17 ], [ 1.1484, 11.1701 ], [ 1.1482, 11.1702 ], [ 1.1481, 11.1703 ], [ 1.148, 11.1703 ], [ 1.148, 11.1704 ], [ 1.1478, 11.1704 ], [ 1.1477, 11.1705 ], [ 1.1476, 11.1705 ], [ 1.1475, 11.1705 ], [ 1.1474, 11.1705 ], [ 1.1473, 11.1705 ], [ 1.1472, 11.1705 ], [ 1.1471, 11.1705 ], [ 1.1469, 11.1706 ], [ 1.1468, 11.1706 ], [ 1.1467, 11.1706 ], [ 1.1465, 11.1705 ], [ 1.1463, 11.1706 ], [ 1.1461, 11.1706 ], [ 1.1459, 11.1706 ], [ 1.1457, 11.1706 ], [ 1.1456, 11.1707 ], [ 1.1454, 11.1708 ], [ 1.1454, 11.1708 ], [ 1.1453, 11.1709 ], [ 1.1451, 11.171 ], [ 1.1451, 11.171 ], [ 1.145, 11.1711 ], [ 1.145, 11.1712 ], [ 1.1448, 11.1713 ], [ 1.1447, 11.1715 ], [ 1.1445, 11.1716 ], [ 1.1445, 11.1717 ], [ 1.1444, 11.1718 ], [ 1.1444, 11.1719 ], [ 1.1443, 11.1721 ], [ 1.1442, 11.1722 ], [ 1.1441, 11.1724 ], [ 1.144, 11.1724 ], [ 1.144, 11.1725 ], [ 1.1438, 11.1726 ], [ 1.1437, 11.1726 ], [ 1.1435, 11.1727 ], [ 1.1433, 11.1727 ], [ 1.1431, 11.1727 ], [ 1.1429, 11.1728 ], [ 1.1427, 11.1728 ], [ 1.1426, 11.1728 ], [ 1.1424, 11.1728 ], [ 1.1422, 11.1729 ], [ 1.1421, 11.173 ], [ 1.142, 11.1731 ], [ 1.1419, 11.1732 ], [ 1.1418, 11.1734 ], [ 1.1417, 11.1735 ], [ 1.1417, 11.1736 ], [ 1.1416, 11.1738 ], [ 1.1416, 11.1739 ], [ 1.1415, 11.174 ], [ 1.1415, 11.1741 ], [ 1.1416, 11.1743 ], [ 1.1416, 11.1744 ], [ 1.1416, 11.1745 ], [ 1.1417, 11.1745 ], [ 1.1417, 11.1746 ], [ 1.1418, 11.1747 ], [ 1.1419, 11.1748 ], [ 1.142, 11.1749 ], [ 1.1422, 11.175 ], [ 1.1423, 11.175 ], [ 1.1425, 11.1751 ], [ 1.1426, 11.1752 ], [ 1.1427, 11.1752 ], [ 1.1429, 11.1753 ], [ 1.143, 11.1754 ], [ 1.1431, 11.1755 ], [ 1.1432, 11.1756 ], [ 1.1432, 11.1757 ], [ 1.1432, 11.1758 ], [ 1.1432, 11.1759 ], [ 1.1432, 11.176 ], [ 1.1432, 11.1761 ], [ 1.1432, 11.1762 ], [ 1.1431, 11.1763 ], [ 1.1431, 11.1764 ], [ 1.1431, 11.1765 ], [ 1.1429, 11.1765 ], [ 1.1428, 11.1766 ], [ 1.1428, 11.1767 ], [ 1.1427, 11.1767 ], [ 1.1426, 11.1768 ], [ 1.1425, 11.1769 ], [ 1.1424, 11.177 ], [ 1.1423, 11.177 ], [ 1.1422, 11.177 ], [ 1.1421, 11.1771 ], [ 1.142, 11.1771 ], [ 1.1418, 11.1771 ], [ 1.1417, 11.1772 ], [ 1.1415, 11.1773 ], [ 1.1414, 11.1773 ], [ 1.1413, 11.1774 ], [ 1.1412, 11.1774 ], [ 1.141, 11.1774 ], [ 1.1409, 11.1774 ], [ 1.1408, 11.1774 ], [ 1.1408, 11.1774 ], [ 1.1406, 11.1774 ], [ 1.1405, 11.1774 ], [ 1.1404, 11.1774 ], [ 1.1403, 11.1773 ], [ 1.1401, 11.1774 ], [ 1.14, 11.1774 ], [ 1.1399, 11.1774 ], [ 1.1397, 11.1774 ], [ 1.1396, 11.1774 ], [ 1.1395, 11.1774 ], [ 1.1394, 11.1774 ], [ 1.1393, 11.1774 ], [ 1.1392, 11.1773 ], [ 1.1391, 11.1773 ], [ 1.139, 11.1773 ], [ 1.1389, 11.1772 ], [ 1.1389, 11.1772 ], [ 1.1388, 11.1771 ], [ 1.1387, 11.1771 ], [ 1.1387, 11.177 ], [ 1.1386, 11.1769 ], [ 1.1386, 11.1768 ], [ 1.1386, 11.1767 ], [ 1.1386, 11.1766 ], [ 1.1386, 11.1765 ], [ 1.1386, 11.1765 ], [ 1.1385, 11.1762 ], [ 1.1385, 11.1761 ], [ 1.1384, 11.176 ], [ 1.1384, 11.1759 ], [ 1.1384, 11.1758 ], [ 1.1384, 11.1756 ], [ 1.1383, 11.1755 ], [ 1.1383, 11.1753 ], [ 1.1382, 11.1752 ], [ 1.1381, 11.1751 ], [ 1.1379, 11.175 ], [ 1.1378, 11.1748 ], [ 1.1377, 11.1748 ], [ 1.1376, 11.1747 ], [ 1.1373, 11.1747 ], [ 1.1372, 11.1747 ], [ 1.137, 11.1748 ], [ 1.1368, 11.1748 ], [ 1.1368, 11.1749 ], [ 1.1367, 11.1749 ], [ 1.1365, 11.175 ], [ 1.1365, 11.175 ], [ 1.1364, 11.175 ], [ 1.1363, 11.1751 ], [ 1.1362, 11.1752 ], [ 1.1361, 11.1752 ], [ 1.1361, 11.1753 ], [ 1.136, 11.1754 ], [ 1.1358, 11.1755 ], [ 1.1358, 11.1755 ], [ 1.1357, 11.1756 ], [ 1.1356, 11.1757 ], [ 1.1355, 11.1758 ], [ 1.1355, 11.1758 ], [ 1.1354, 11.1759 ], [ 1.1353, 11.1759 ], [ 1.1353, 11.176 ], [ 1.1352, 11.176 ], [ 1.1352, 11.1761 ], [ 1.135, 11.1762 ], [ 1.1349, 11.1763 ], [ 1.1348, 11.1764 ], [ 1.1348, 11.1765 ], [ 1.1346, 11.1767 ], [ 1.1344, 11.1769 ], [ 1.1343, 11.177 ], [ 1.1342, 11.1772 ], [ 1.1342, 11.1772 ], [ 1.1341, 11.1773 ], [ 1.1341, 11.1775 ], [ 1.1341, 11.1775 ], [ 1.1341, 11.1777 ], [ 1.1341, 11.1777 ], [ 1.1341, 11.1778 ], [ 1.1341, 11.178 ], [ 1.134, 11.178 ], [ 1.1338, 11.1781 ], [ 1.1338, 11.1781 ], [ 1.1336, 11.1782 ], [ 1.1336, 11.1782 ], [ 1.1335, 11.1783 ], [ 1.1334, 11.1783 ], [ 1.1333, 11.1784 ], [ 1.1331, 11.1784 ], [ 1.133, 11.1784 ], [ 1.1329, 11.1784 ], [ 1.1327, 11.1783 ], [ 1.1326, 11.1783 ], [ 1.1325, 11.1783 ], [ 1.1324, 11.1783 ], [ 1.1323, 11.1783 ], [ 1.1321, 11.1783 ], [ 1.1318, 11.1783 ], [ 1.1316, 11.1782 ], [ 1.1312, 11.1782 ], [ 1.1311, 11.1782 ], [ 1.131, 11.1782 ], [ 1.1308, 11.1782 ], [ 1.1307, 11.1782 ], [ 1.1304, 11.1782 ], [ 1.1301, 11.1782 ], [ 1.1298, 11.1782 ], [ 1.1295, 11.1782 ], [ 1.1293, 11.1782 ], [ 1.1291, 11.1782 ], [ 1.1288, 11.1782 ], [ 1.1286, 11.1782 ], [ 1.1285, 11.1782 ], [ 1.1283, 11.1782 ], [ 1.1279, 11.1783 ], [ 1.1277, 11.1783 ], [ 1.1276, 11.1783 ], [ 1.1274, 11.1783 ], [ 1.1273, 11.1783 ], [ 1.1271, 11.1783 ], [ 1.1268, 11.1784 ], [ 1.1266, 11.1784 ], [ 1.1265, 11.1783 ], [ 1.1263, 11.1783 ], [ 1.1262, 11.1783 ], [ 1.1261, 11.1783 ], [ 1.1259, 11.1783 ], [ 1.1256, 11.1782 ], [ 1.1253, 11.1781 ], [ 1.125, 11.178 ], [ 1.1246, 11.1779 ], [ 1.1244, 11.1778 ], [ 1.1243, 11.1778 ], [ 1.1242, 11.1778 ], [ 1.124, 11.1777 ], [ 1.1238, 11.1777 ], [ 1.1236, 11.1777 ], [ 1.1235, 11.1777 ], [ 1.1234, 11.1776 ], [ 1.1231, 11.1776 ], [ 1.123, 11.1776 ], [ 1.1229, 11.1776 ], [ 1.1226, 11.1776 ], [ 1.1225, 11.1776 ], [ 1.1223, 11.1776 ], [ 1.1222, 11.1776 ], [ 1.122, 11.1776 ], [ 1.1218, 11.1776 ], [ 1.1215, 11.1775 ], [ 1.1211, 11.1775 ], [ 1.1208, 11.1775 ], [ 1.1206, 11.1774 ], [ 1.1205, 11.1774 ], [ 1.12, 11.1774 ], [ 1.1198, 11.1773 ], [ 1.1195, 11.1773 ], [ 1.1194, 11.1773 ], [ 1.1194, 11.1773 ], [ 1.1191, 11.1773 ], [ 1.1188, 11.1773 ], [ 1.1187, 11.1773 ], [ 1.1186, 11.1773 ], [ 1.1182, 11.1772 ], [ 1.118, 11.1772 ], [ 1.1178, 11.1772 ], [ 1.1176, 11.1772 ], [ 1.1175, 11.1772 ], [ 1.1174, 11.1772 ], [ 1.1172, 11.1771 ], [ 1.117, 11.1771 ], [ 1.1169, 11.177 ], [ 1.1168, 11.177 ], [ 1.1167, 11.177 ], [ 1.1166, 11.1769 ], [ 1.1164, 11.1769 ], [ 1.1164, 11.1768 ], [ 1.1163, 11.1768 ], [ 1.1162, 11.1767 ], [ 1.1161, 11.1766 ], [ 1.116, 11.1765 ], [ 1.116, 11.1764 ], [ 1.1159, 11.1763 ], [ 1.1159, 11.1762 ], [ 1.1158, 11.1761 ], [ 1.1157, 11.176 ], [ 1.1157, 11.1759 ], [ 1.1156, 11.1758 ], [ 1.1155, 11.1757 ], [ 1.1154, 11.1756 ], [ 1.1153, 11.1755 ], [ 1.1153, 11.1754 ], [ 1.1153, 11.1752 ], [ 1.1152, 11.1751 ], [ 1.1152, 11.175 ], [ 1.115, 11.1749 ], [ 1.1149, 11.175 ], [ 1.1149, 11.1751 ], [ 1.1148, 11.1752 ], [ 1.1147, 11.1752 ], [ 1.1147, 11.1753 ], [ 1.1145, 11.1753 ], [ 1.1144, 11.1753 ], [ 1.1144, 11.1753 ], [ 1.1143, 11.1752 ], [ 1.1142, 11.1751 ], [ 1.1141, 11.1751 ], [ 1.1141, 11.175 ], [ 1.114, 11.1749 ], [ 1.1139, 11.1748 ], [ 1.1138, 11.1748 ], [ 1.1137, 11.1747 ], [ 1.1136, 11.1746 ], [ 1.1136, 11.1745 ], [ 1.1135, 11.1744 ], [ 1.1133, 11.1743 ], [ 1.1132, 11.1742 ], [ 1.1131, 11.174 ], [ 1.113, 11.1739 ], [ 1.113, 11.1739 ], [ 1.1129, 11.1738 ], [ 1.1128, 11.1738 ], [ 1.1127, 11.1738 ], [ 1.1126, 11.1737 ], [ 1.1125, 11.1737 ], [ 1.1124, 11.1736 ], [ 1.1123, 11.1735 ], [ 1.1121, 11.1734 ], [ 1.112, 11.1733 ], [ 1.1119, 11.1732 ], [ 1.1118, 11.1731 ], [ 1.1117, 11.1731 ], [ 1.1116, 11.173 ], [ 1.1116, 11.1729 ], [ 1.1115, 11.1727 ], [ 1.1115, 11.1726 ], [ 1.1114, 11.1725 ], [ 1.1113, 11.1724 ], [ 1.1112, 11.1723 ], [ 1.1111, 11.1722 ], [ 1.1111, 11.1721 ], [ 1.1111, 11.172 ], [ 1.1111, 11.172 ], [ 1.111, 11.1719 ], [ 1.1109, 11.1718 ], [ 1.1109, 11.1717 ], [ 1.1108, 11.1716 ], [ 1.1107, 11.1715 ], [ 1.1107, 11.1713 ], [ 1.1106, 11.1713 ], [ 1.1106, 11.1712 ], [ 1.1105, 11.1711 ], [ 1.1105, 11.171 ], [ 1.1104, 11.1709 ], [ 1.1103, 11.1708 ], [ 1.1103, 11.1707 ], [ 1.1102, 11.1706 ], [ 1.1101, 11.1704 ], [ 1.11, 11.1703 ], [ 1.11, 11.1703 ], [ 1.1099, 11.1702 ], [ 1.1098, 11.1701 ], [ 1.1097, 11.17 ], [ 1.1097, 11.1699 ], [ 1.1097, 11.1698 ], [ 1.1096, 11.1698 ], [ 1.1096, 11.1697 ], [ 1.1096, 11.1696 ], [ 1.1095, 11.1696 ], [ 1.1094, 11.1695 ], [ 1.1094, 11.1695 ], [ 1.1093, 11.1694 ], [ 1.1093, 11.1693 ], [ 1.1093, 11.1692 ], [ 1.1093, 11.1691 ], [ 1.1093, 11.169 ], [ 1.1093, 11.1689 ], [ 1.1093, 11.1687 ], [ 1.1093, 11.1686 ], [ 1.1092, 11.1685 ], [ 1.1092, 11.1684 ], [ 1.1092, 11.1683 ], [ 1.1091, 11.1682 ], [ 1.1091, 11.1681 ], [ 1.1091, 11.168 ], [ 1.1091, 11.168 ], [ 1.1091, 11.1677 ], [ 1.1091, 11.1676 ], [ 1.1091, 11.1675 ], [ 1.109, 11.1673 ], [ 1.1089, 11.1672 ], [ 1.1089, 11.167 ], [ 1.1088, 11.167 ], [ 1.1087, 11.1668 ], [ 1.1086, 11.1668 ], [ 1.1086, 11.1667 ], [ 1.1085, 11.1666 ], [ 1.1084, 11.1666 ], [ 1.1083, 11.1665 ], [ 1.1081, 11.1663 ], [ 1.108, 11.1662 ], [ 1.1078, 11.1662 ], [ 1.1077, 11.1661 ], [ 1.1075, 11.166 ], [ 1.1073, 11.166 ], [ 1.1072, 11.1659 ], [ 1.1071, 11.1658 ], [ 1.1069, 11.1658 ], [ 1.1069, 11.1658 ], [ 1.1066, 11.1657 ], [ 1.1065, 11.1656 ], [ 1.1065, 11.1656 ], [ 1.1064, 11.1655 ], [ 1.1063, 11.1655 ], [ 1.1062, 11.1654 ], [ 1.1061, 11.1653 ], [ 1.1059, 11.1652 ], [ 1.1057, 11.1651 ], [ 1.1056, 11.1649 ], [ 1.1055, 11.1648 ], [ 1.1054, 11.1647 ], [ 1.1054, 11.1646 ], [ 1.1053, 11.1645 ], [ 1.1052, 11.1644 ], [ 1.1051, 11.1643 ], [ 1.1051, 11.1642 ], [ 1.105, 11.1641 ], [ 1.105, 11.164 ], [ 1.1049, 11.1638 ], [ 1.1048, 11.1637 ], [ 1.1048, 11.1636 ], [ 1.1047, 11.1635 ], [ 1.1047, 11.1633 ], [ 1.1046, 11.1632 ], [ 1.1046, 11.163 ], [ 1.1045, 11.1628 ], [ 1.1045, 11.1627 ], [ 1.1045, 11.1626 ], [ 1.1045, 11.1625 ], [ 1.1045, 11.1624 ], [ 1.1044, 11.1624 ], [ 1.1044, 11.1623 ], [ 1.1044, 11.1621 ], [ 1.1043, 11.162 ], [ 1.1043, 11.1619 ], [ 1.1043, 11.1618 ], [ 1.1042, 11.1617 ], [ 1.1042, 11.1615 ], [ 1.1041, 11.1614 ], [ 1.104, 11.1613 ], [ 1.104, 11.1611 ], [ 1.1039, 11.161 ], [ 1.1039, 11.1608 ], [ 1.1039, 11.1607 ], [ 1.1039, 11.1606 ], [ 1.1038, 11.1605 ], [ 1.1038, 11.1605 ], [ 1.1038, 11.1604 ], [ 1.1038, 11.1603 ], [ 1.1037, 11.1602 ], [ 1.1037, 11.1601 ], [ 1.1037, 11.16 ], [ 1.1037, 11.1599 ], [ 1.1036, 11.1598 ], [ 1.1036, 11.1597 ], [ 1.1036, 11.1597 ], [ 1.1036, 11.1595 ], [ 1.1036, 11.1594 ], [ 1.1035, 11.1593 ], [ 1.1035, 11.1592 ], [ 1.1035, 11.1591 ], [ 1.1035, 11.159 ], [ 1.1035, 11.1589 ], [ 1.1034, 11.1587 ], [ 1.1033, 11.1585 ], [ 1.1033, 11.1584 ], [ 1.1032, 11.1584 ], [ 1.1031, 11.1583 ], [ 1.1031, 11.1582 ], [ 1.103, 11.1581 ], [ 1.1029, 11.158 ], [ 1.1028, 11.1579 ], [ 1.1028, 11.1579 ], [ 1.1027, 11.1578 ], [ 1.1026, 11.1577 ], [ 1.1025, 11.1576 ], [ 1.1025, 11.1576 ], [ 1.1024, 11.1575 ], [ 1.1022, 11.1574 ], [ 1.1021, 11.1573 ], [ 1.102, 11.1573 ], [ 1.102, 11.1572 ], [ 1.1018, 11.1571 ], [ 1.1017, 11.1571 ], [ 1.1016, 11.157 ], [ 1.1014, 11.1569 ], [ 1.1013, 11.1569 ], [ 1.1011, 11.1568 ], [ 1.1009, 11.1568 ], [ 1.1007, 11.1567 ], [ 1.1005, 11.1567 ], [ 1.1004, 11.1567 ], [ 1.1003, 11.1566 ], [ 1.1002, 11.1566 ], [ 1.1001, 11.1566 ], [ 1.0999, 11.1566 ], [ 1.0998, 11.1566 ], [ 1.0996, 11.1567 ], [ 1.0994, 11.1568 ], [ 1.0993, 11.1569 ], [ 1.0993, 11.1569 ], [ 1.0991, 11.1569 ], [ 1.0991, 11.157 ], [ 1.099, 11.157 ], [ 1.0989, 11.157 ], [ 1.0988, 11.1571 ], [ 1.0986, 11.1571 ], [ 1.0984, 11.1571 ], [ 1.0983, 11.157 ], [ 1.0982, 11.157 ], [ 1.0982, 11.1569 ], [ 1.0981, 11.1568 ], [ 1.098, 11.1568 ], [ 1.098, 11.1567 ], [ 1.0979, 11.1566 ], [ 1.0978, 11.1565 ], [ 1.0978, 11.1564 ], [ 1.0978, 11.1563 ], [ 1.0978, 11.1562 ], [ 1.0978, 11.1562 ], [ 1.0978, 11.1561 ], [ 1.0978, 11.156 ], [ 1.0978, 11.1558 ], [ 1.0979, 11.1556 ], [ 1.098, 11.1555 ], [ 1.098, 11.1555 ], [ 1.0981, 11.1554 ], [ 1.0982, 11.1553 ], [ 1.0984, 11.1552 ], [ 1.0985, 11.1551 ], [ 1.0986, 11.1551 ], [ 1.0987, 11.1551 ], [ 1.0988, 11.155 ], [ 1.0989, 11.155 ], [ 1.0991, 11.155 ], [ 1.0993, 11.155 ], [ 1.0995, 11.1551 ], [ 1.0996, 11.1551 ], [ 1.0997, 11.1551 ], [ 1.0998, 11.1551 ], [ 1.0999, 11.155 ], [ 1.1001, 11.155 ], [ 1.1002, 11.1549 ], [ 1.1003, 11.1549 ], [ 1.1003, 11.1548 ], [ 1.1004, 11.1547 ], [ 1.1005, 11.1547 ], [ 1.1005, 11.1546 ], [ 1.1005, 11.1545 ], [ 1.1006, 11.1542 ], [ 1.1006, 11.154 ], [ 1.1005, 11.1539 ], [ 1.1005, 11.1537 ], [ 1.1004, 11.1535 ], [ 1.1004, 11.1533 ], [ 1.1003, 11.1531 ], [ 1.1002, 11.153 ], [ 1.1001, 11.1529 ], [ 1.1001, 11.1529 ], [ 1.0999, 11.1529 ], [ 1.0997, 11.1529 ], [ 1.0996, 11.1529 ], [ 1.0994, 11.1529 ], [ 1.0993, 11.1529 ], [ 1.0992, 11.1528 ], [ 1.099, 11.1527 ], [ 1.0989, 11.1527 ], [ 1.0986, 11.1524 ], [ 1.0983, 11.1522 ], [ 1.0981, 11.1521 ], [ 1.0978, 11.1519 ], [ 1.0975, 11.1518 ], [ 1.0974, 11.1518 ], [ 1.0973, 11.1517 ], [ 1.0972, 11.1517 ], [ 1.097, 11.1517 ], [ 1.0968, 11.1517 ], [ 1.0965, 11.1517 ], [ 1.0962, 11.1517 ], [ 1.096, 11.1517 ], [ 1.0959, 11.1517 ], [ 1.0955, 11.1518 ], [ 1.0953, 11.1518 ], [ 1.0952, 11.1518 ], [ 1.0951, 11.1518 ], [ 1.095, 11.1518 ], [ 1.0947, 11.1518 ], [ 1.0945, 11.1518 ], [ 1.0944, 11.1517 ], [ 1.0942, 11.1517 ], [ 1.0941, 11.1516 ], [ 1.0939, 11.1515 ], [ 1.0938, 11.1514 ], [ 1.0936, 11.1513 ], [ 1.0935, 11.1512 ], [ 1.0933, 11.1511 ], [ 1.0932, 11.151 ], [ 1.0931, 11.1509 ], [ 1.0929, 11.1507 ], [ 1.0928, 11.1506 ], [ 1.0927, 11.1504 ], [ 1.0925, 11.1501 ], [ 1.0924, 11.1499 ], [ 1.0923, 11.1497 ], [ 1.0923, 11.1496 ], [ 1.092, 11.1494 ], [ 1.0919, 11.1493 ], [ 1.0918, 11.1492 ], [ 1.0915, 11.1491 ], [ 1.0913, 11.149 ], [ 1.0912, 11.149 ], [ 1.0911, 11.1489 ], [ 1.091, 11.1489 ], [ 1.0908, 11.1488 ], [ 1.0907, 11.1488 ], [ 1.0905, 11.1488 ], [ 1.0904, 11.1488 ], [ 1.0903, 11.1488 ], [ 1.0902, 11.1488 ], [ 1.0901, 11.1488 ], [ 1.09, 11.1488 ], [ 1.0899, 11.1488 ], [ 1.0899, 11.1488 ], [ 1.0898, 11.1488 ], [ 1.0897, 11.1488 ], [ 1.0896, 11.1488 ], [ 1.0896, 11.1489 ], [ 1.0895, 11.1489 ], [ 1.0894, 11.1489 ], [ 1.0893, 11.149 ], [ 1.0892, 11.149 ], [ 1.089, 11.1491 ], [ 1.0889, 11.1491 ], [ 1.0889, 11.1492 ], [ 1.0888, 11.1492 ], [ 1.0887, 11.1493 ], [ 1.0886, 11.1493 ], [ 1.0884, 11.1494 ], [ 1.0883, 11.1494 ], [ 1.0883, 11.1494 ], [ 1.0881, 11.1494 ], [ 1.088, 11.1495 ], [ 1.0878, 11.1496 ], [ 1.0876, 11.1496 ], [ 1.0875, 11.1497 ], [ 1.0873, 11.1497 ], [ 1.0872, 11.1498 ], [ 1.0872, 11.1498 ], [ 1.0871, 11.1498 ], [ 1.087, 11.1499 ], [ 1.087, 11.15 ], [ 1.0869, 11.15 ], [ 1.0868, 11.1501 ], [ 1.0868, 11.1502 ], [ 1.0868, 11.1502 ], [ 1.0867, 11.1503 ], [ 1.0867, 11.1504 ], [ 1.0866, 11.1504 ], [ 1.0866, 11.1505 ], [ 1.0865, 11.1506 ], [ 1.0865, 11.1506 ], [ 1.0864, 11.1507 ], [ 1.0864, 11.1507 ], [ 1.0863, 11.1508 ], [ 1.0862, 11.1509 ], [ 1.0862, 11.151 ], [ 1.0861, 11.1511 ], [ 1.0861, 11.1511 ], [ 1.0861, 11.1512 ], [ 1.086, 11.1513 ], [ 1.0859, 11.1514 ], [ 1.0858, 11.1515 ], [ 1.0856, 11.1515 ], [ 1.0855, 11.1515 ], [ 1.0855, 11.1515 ], [ 1.0853, 11.1516 ], [ 1.0851, 11.1516 ], [ 1.085, 11.1516 ], [ 1.0849, 11.1515 ], [ 1.0847, 11.1515 ], [ 1.0846, 11.1515 ], [ 1.0845, 11.1514 ], [ 1.0845, 11.1513 ], [ 1.0843, 11.1513 ], [ 1.0842, 11.1512 ], [ 1.084, 11.1511 ], [ 1.0839, 11.1511 ], [ 1.0837, 11.1512 ], [ 1.0835, 11.1511 ], [ 1.0834, 11.1511 ], [ 1.0833, 11.1511 ], [ 1.0832, 11.151 ], [ 1.0831, 11.151 ], [ 1.083, 11.151 ], [ 1.083, 11.1509 ], [ 1.0829, 11.1509 ], [ 1.0829, 11.1508 ], [ 1.0828, 11.1508 ], [ 1.0828, 11.1507 ], [ 1.0828, 11.1505 ], [ 1.0828, 11.1504 ], [ 1.0828, 11.1502 ], [ 1.0827, 11.1501 ], [ 1.0827, 11.15 ], [ 1.0827, 11.1499 ], [ 1.0826, 11.1499 ], [ 1.0825, 11.1498 ], [ 1.0824, 11.1497 ], [ 1.0823, 11.1496 ], [ 1.0822, 11.1495 ], [ 1.0821, 11.1494 ], [ 1.082, 11.1494 ], [ 1.0819, 11.1494 ], [ 1.0817, 11.1494 ], [ 1.0816, 11.1493 ], [ 1.0814, 11.1492 ], [ 1.0813, 11.1491 ], [ 1.0811, 11.149 ], [ 1.0811, 11.1489 ], [ 1.081, 11.1488 ], [ 1.0809, 11.1487 ], [ 1.0808, 11.1486 ], [ 1.0808, 11.1485 ], [ 1.0805, 11.1483 ], [ 1.0804, 11.1483 ], [ 1.0802, 11.1482 ], [ 1.08, 11.1482 ], [ 1.0798, 11.1481 ], [ 1.0797, 11.1481 ], [ 1.0796, 11.1481 ], [ 1.0795, 11.1481 ], [ 1.0794, 11.1481 ], [ 1.0792, 11.1482 ], [ 1.0791, 11.1482 ], [ 1.079, 11.1482 ], [ 1.0789, 11.1482 ], [ 1.0788, 11.1483 ], [ 1.0787, 11.1484 ], [ 1.0785, 11.1485 ], [ 1.0784, 11.1488 ], [ 1.0783, 11.1488 ], [ 1.0782, 11.1489 ], [ 1.0782, 11.1489 ], [ 1.0781, 11.149 ], [ 1.0781, 11.1491 ], [ 1.0781, 11.1492 ], [ 1.078, 11.1493 ], [ 1.078, 11.1493 ], [ 1.0779, 11.1494 ], [ 1.0778, 11.1495 ], [ 1.0778, 11.1495 ], [ 1.0777, 11.1496 ], [ 1.0776, 11.1496 ], [ 1.0775, 11.1497 ], [ 1.0774, 11.1498 ], [ 1.0773, 11.1499 ], [ 1.0771, 11.1499 ], [ 1.077, 11.15 ], [ 1.0769, 11.15 ], [ 1.0767, 11.1501 ], [ 1.0765, 11.1501 ], [ 1.0764, 11.1501 ], [ 1.0762, 11.1502 ], [ 1.0761, 11.1502 ], [ 1.0761, 11.1502 ], [ 1.0759, 11.1503 ], [ 1.0758, 11.1503 ], [ 1.0756, 11.1504 ], [ 1.0753, 11.1504 ], [ 1.0751, 11.1505 ], [ 1.0749, 11.1505 ], [ 1.0747, 11.1506 ], [ 1.0745, 11.1506 ], [ 1.0743, 11.1507 ], [ 1.074, 11.1508 ], [ 1.0739, 11.1508 ], [ 1.0738, 11.1509 ], [ 1.0737, 11.1509 ], [ 1.0736, 11.1509 ], [ 1.0734, 11.151 ], [ 1.0732, 11.151 ], [ 1.0732, 11.1511 ], [ 1.0729, 11.1511 ], [ 1.0727, 11.1511 ], [ 1.0725, 11.1512 ], [ 1.0724, 11.1512 ], [ 1.0723, 11.1512 ], [ 1.0721, 11.1512 ], [ 1.072, 11.1512 ], [ 1.0718, 11.1512 ], [ 1.0717, 11.1512 ], [ 1.0715, 11.1512 ], [ 1.0713, 11.1512 ], [ 1.0712, 11.1512 ], [ 1.071, 11.1512 ], [ 1.0708, 11.1511 ], [ 1.0707, 11.1511 ], [ 1.0706, 11.1511 ], [ 1.0704, 11.1511 ], [ 1.0703, 11.1511 ], [ 1.0702, 11.1511 ], [ 1.0702, 11.151 ], [ 1.0701, 11.151 ], [ 1.07, 11.151 ], [ 1.07, 11.151 ], [ 1.0699, 11.1509 ], [ 1.0698, 11.1509 ], [ 1.0698, 11.1508 ], [ 1.0697, 11.1508 ], [ 1.0696, 11.1507 ], [ 1.0694, 11.1506 ], [ 1.0693, 11.1506 ], [ 1.0691, 11.1506 ], [ 1.069, 11.1505 ], [ 1.0688, 11.1505 ], [ 1.0686, 11.1505 ], [ 1.0685, 11.1505 ], [ 1.0683, 11.1504 ], [ 1.0681, 11.1504 ], [ 1.068, 11.1504 ], [ 1.0679, 11.1504 ], [ 1.0676, 11.1504 ], [ 1.0676, 11.1504 ], [ 1.0674, 11.1504 ], [ 1.0673, 11.1504 ], [ 1.0671, 11.1504 ], [ 1.067, 11.1504 ], [ 1.0668, 11.1504 ], [ 1.0667, 11.1505 ], [ 1.0666, 11.1505 ], [ 1.0664, 11.1505 ], [ 1.0662, 11.1505 ], [ 1.0661, 11.1505 ], [ 1.066, 11.1505 ], [ 1.0659, 11.1505 ], [ 1.0658, 11.1505 ], [ 1.0657, 11.1504 ], [ 1.0656, 11.1504 ], [ 1.0655, 11.1504 ], [ 1.0654, 11.1504 ], [ 1.0653, 11.1504 ], [ 1.0651, 11.1504 ], [ 1.065, 11.1504 ], [ 1.065, 11.1503 ], [ 1.0649, 11.1503 ], [ 1.0648, 11.1502 ], [ 1.0647, 11.1502 ], [ 1.0646, 11.1502 ], [ 1.0645, 11.1501 ], [ 1.0643, 11.1501 ], [ 1.0643, 11.1501 ], [ 1.064, 11.1501 ], [ 1.064, 11.1501 ], [ 1.0638, 11.1501 ], [ 1.0637, 11.1501 ], [ 1.0635, 11.1501 ], [ 1.0634, 11.1501 ], [ 1.0633, 11.1502 ], [ 1.0631, 11.1502 ], [ 1.063, 11.1502 ], [ 1.0629, 11.1502 ], [ 1.0628, 11.1502 ], [ 1.0626, 11.1502 ], [ 1.0625, 11.1502 ], [ 1.0623, 11.1503 ], [ 1.0622, 11.1503 ], [ 1.0622, 11.1504 ], [ 1.0621, 11.1505 ], [ 1.062, 11.1505 ], [ 1.0619, 11.1505 ], [ 1.0618, 11.1505 ], [ 1.0616, 11.1505 ], [ 1.0615, 11.1505 ], [ 1.0613, 11.1505 ], [ 1.0612, 11.1504 ], [ 1.061, 11.1504 ], [ 1.0609, 11.1503 ], [ 1.0609, 11.1503 ], [ 1.0608, 11.1502 ], [ 1.0607, 11.1501 ], [ 1.0606, 11.1501 ], [ 1.0606, 11.1499 ], [ 1.0606, 11.1498 ], [ 1.0606, 11.1497 ], [ 1.0606, 11.1495 ], [ 1.0606, 11.1494 ], [ 1.0606, 11.1493 ], [ 1.0606, 11.1491 ], [ 1.0606, 11.149 ], [ 1.0607, 11.1489 ], [ 1.0607, 11.1488 ], [ 1.0607, 11.1487 ], [ 1.0608, 11.1486 ], [ 1.0608, 11.1485 ], [ 1.0607, 11.1484 ], [ 1.0607, 11.1483 ], [ 1.0607, 11.1482 ], [ 1.0606, 11.1481 ], [ 1.0605, 11.148 ], [ 1.0604, 11.148 ], [ 1.0603, 11.1479 ], [ 1.0601, 11.1479 ], [ 1.0599, 11.1478 ], [ 1.0597, 11.1477 ], [ 1.0596, 11.1477 ], [ 1.0593, 11.1477 ], [ 1.0592, 11.1477 ], [ 1.0591, 11.1476 ], [ 1.059, 11.1476 ], [ 1.0589, 11.1475 ], [ 1.0588, 11.1474 ], [ 1.0586, 11.1474 ], [ 1.0585, 11.1473 ], [ 1.0584, 11.1472 ], [ 1.0583, 11.1472 ], [ 1.0581, 11.1471 ], [ 1.058, 11.147 ], [ 1.058, 11.147 ], [ 1.0578, 11.1469 ], [ 1.0575, 11.1469 ], [ 1.0573, 11.1468 ], [ 1.0571, 11.1468 ], [ 1.0569, 11.1469 ], [ 1.0568, 11.1469 ], [ 1.0568, 11.1469 ], [ 1.0567, 11.147 ], [ 1.0565, 11.1472 ], [ 1.0564, 11.1473 ], [ 1.0563, 11.1474 ], [ 1.0562, 11.1474 ], [ 1.0561, 11.1475 ], [ 1.056, 11.1475 ], [ 1.0559, 11.1475 ], [ 1.0558, 11.1475 ], [ 1.0557, 11.1474 ], [ 1.0556, 11.1474 ], [ 1.0555, 11.1474 ], [ 1.0554, 11.1474 ], [ 1.0553, 11.1473 ], [ 1.0552, 11.1473 ], [ 1.0552, 11.1472 ], [ 1.0551, 11.1472 ], [ 1.055, 11.1471 ], [ 1.0549, 11.147 ], [ 1.0549, 11.147 ], [ 1.0548, 11.1469 ], [ 1.0548, 11.1468 ], [ 1.0547, 11.1467 ], [ 1.0547, 11.1466 ], [ 1.0546, 11.1465 ], [ 1.0546, 11.1464 ], [ 1.0546, 11.1463 ], [ 1.0546, 11.1462 ], [ 1.0546, 11.1462 ], [ 1.0546, 11.1461 ], [ 1.0546, 11.146 ], [ 1.0546, 11.1459 ], [ 1.0546, 11.1458 ], [ 1.0547, 11.1456 ], [ 1.0547, 11.1455 ], [ 1.0548, 11.1454 ], [ 1.0549, 11.1453 ], [ 1.0549, 11.1452 ], [ 1.055, 11.1451 ], [ 1.0551, 11.145 ], [ 1.0551, 11.1449 ], [ 1.0553, 11.1448 ], [ 1.0554, 11.1447 ], [ 1.0555, 11.1445 ], [ 1.0556, 11.1444 ], [ 1.0557, 11.1444 ], [ 1.0558, 11.1443 ], [ 1.056, 11.1442 ], [ 1.056, 11.1441 ], [ 1.0561, 11.1441 ], [ 1.0562, 11.144 ], [ 1.0565, 11.1438 ], [ 1.0566, 11.1437 ], [ 1.0568, 11.1436 ], [ 1.0569, 11.1435 ], [ 1.057, 11.1434 ], [ 1.057, 11.1433 ], [ 1.0571, 11.1431 ], [ 1.0572, 11.143 ], [ 1.0572, 11.1429 ], [ 1.0572, 11.1427 ], [ 1.0572, 11.1425 ], [ 1.0572, 11.1425 ], [ 1.0571, 11.1424 ], [ 1.0571, 11.1423 ], [ 1.057, 11.142 ], [ 1.0569, 11.1419 ], [ 1.0568, 11.1418 ], [ 1.0567, 11.1417 ], [ 1.0566, 11.1416 ], [ 1.0564, 11.1414 ], [ 1.0563, 11.1413 ], [ 1.056, 11.1412 ], [ 1.0558, 11.1411 ], [ 1.0557, 11.1411 ], [ 1.0556, 11.141 ], [ 1.0555, 11.141 ], [ 1.0552, 11.1408 ], [ 1.055, 11.1408 ], [ 1.0548, 11.1407 ], [ 1.0546, 11.1405 ], [ 1.0545, 11.1404 ], [ 1.0544, 11.1403 ], [ 1.0543, 11.1401 ], [ 1.0542, 11.14 ], [ 1.054, 11.1398 ], [ 1.054, 11.1396 ], [ 1.0539, 11.1394 ], [ 1.0538, 11.1392 ], [ 1.0538, 11.1391 ], [ 1.0538, 11.139 ], [ 1.0538, 11.1388 ], [ 1.0538, 11.1387 ], [ 1.0539, 11.1385 ], [ 1.0539, 11.1384 ], [ 1.054, 11.1382 ], [ 1.0541, 11.138 ], [ 1.0541, 11.1379 ], [ 1.0542, 11.1377 ], [ 1.0542, 11.1375 ], [ 1.0543, 11.1374 ], [ 1.0543, 11.1373 ], [ 1.0544, 11.1372 ], [ 1.0544, 11.1372 ], [ 1.0546, 11.1369 ], [ 1.0547, 11.1368 ], [ 1.0548, 11.1365 ], [ 1.0549, 11.1364 ], [ 1.055, 11.1363 ], [ 1.0551, 11.1362 ], [ 1.0552, 11.1361 ], [ 1.0554, 11.136 ], [ 1.0557, 11.136 ], [ 1.0557, 11.136 ], [ 1.0559, 11.1359 ], [ 1.056, 11.1357 ], [ 1.056, 11.1356 ], [ 1.056, 11.1355 ], [ 1.0561, 11.1353 ], [ 1.0561, 11.1352 ], [ 1.0561, 11.1351 ], [ 1.0561, 11.1349 ], [ 1.0561, 11.1348 ], [ 1.056, 11.1347 ], [ 1.056, 11.1346 ], [ 1.0558, 11.1343 ], [ 1.0557, 11.1341 ], [ 1.0556, 11.1339 ], [ 1.0555, 11.1338 ], [ 1.0554, 11.1337 ], [ 1.0552, 11.1334 ], [ 1.055, 11.1332 ], [ 1.0549, 11.1331 ], [ 1.0548, 11.133 ], [ 1.0546, 11.1328 ], [ 1.0544, 11.1327 ], [ 1.0542, 11.1326 ], [ 1.0539, 11.1325 ], [ 1.0538, 11.1324 ], [ 1.0536, 11.1324 ], [ 1.0535, 11.1323 ], [ 1.0532, 11.1323 ], [ 1.0528, 11.1323 ], [ 1.0527, 11.1323 ], [ 1.0526, 11.1323 ], [ 1.0525, 11.1324 ], [ 1.0523, 11.1325 ], [ 1.052, 11.1326 ], [ 1.0518, 11.1328 ], [ 1.0518, 11.1328 ], [ 1.0516, 11.1329 ], [ 1.0515, 11.133 ], [ 1.0513, 11.1331 ], [ 1.0513, 11.1331 ], [ 1.0511, 11.1331 ], [ 1.0511, 11.1332 ], [ 1.0509, 11.1332 ], [ 1.0507, 11.1332 ], [ 1.0506, 11.1332 ], [ 1.0504, 11.1331 ], [ 1.0502, 11.133 ], [ 1.0501, 11.1329 ], [ 1.0499, 11.1328 ], [ 1.0498, 11.1327 ], [ 1.0497, 11.1325 ], [ 1.0497, 11.1323 ], [ 1.0497, 11.1321 ], [ 1.0496, 11.1319 ], [ 1.0496, 11.1317 ], [ 1.0496, 11.1316 ], [ 1.0498, 11.1314 ], [ 1.05, 11.1312 ], [ 1.0501, 11.1311 ], [ 1.0502, 11.1309 ], [ 1.0504, 11.1308 ], [ 1.0506, 11.1307 ], [ 1.0507, 11.1306 ], [ 1.0508, 11.1305 ], [ 1.051, 11.1304 ], [ 1.0513, 11.1303 ], [ 1.0516, 11.1302 ], [ 1.0519, 11.1302 ], [ 1.0521, 11.1301 ], [ 1.0522, 11.1301 ], [ 1.0523, 11.1301 ], [ 1.0524, 11.1301 ], [ 1.0525, 11.13 ], [ 1.0527, 11.1299 ], [ 1.0529, 11.1298 ], [ 1.0531, 11.1295 ], [ 1.0533, 11.1294 ], [ 1.0534, 11.1293 ], [ 1.0535, 11.1293 ], [ 1.0536, 11.1292 ], [ 1.0538, 11.1292 ], [ 1.0539, 11.1292 ], [ 1.0541, 11.1291 ], [ 1.0543, 11.1291 ], [ 1.0545, 11.1291 ], [ 1.0546, 11.129 ], [ 1.0548, 11.129 ], [ 1.055, 11.129 ], [ 1.0553, 11.1291 ], [ 1.0555, 11.1291 ], [ 1.0556, 11.1292 ], [ 1.0557, 11.1293 ], [ 1.0558, 11.1293 ], [ 1.0559, 11.1294 ], [ 1.0561, 11.1294 ], [ 1.0562, 11.1295 ], [ 1.0564, 11.1295 ], [ 1.0565, 11.1295 ], [ 1.0566, 11.1296 ], [ 1.0567, 11.1296 ], [ 1.0569, 11.1296 ], [ 1.057, 11.1296 ], [ 1.0571, 11.1296 ], [ 1.0572, 11.1296 ], [ 1.0573, 11.1295 ], [ 1.0574, 11.1295 ], [ 1.0575, 11.1293 ], [ 1.0575, 11.1293 ], [ 1.0576, 11.1292 ], [ 1.0577, 11.129 ], [ 1.0577, 11.129 ], [ 1.0578, 11.1288 ], [ 1.0579, 11.1286 ], [ 1.0579, 11.1283 ], [ 1.0579, 11.1281 ], [ 1.0578, 11.1279 ], [ 1.0577, 11.1277 ], [ 1.0576, 11.1276 ], [ 1.0575, 11.1274 ], [ 1.0575, 11.1273 ], [ 1.0574, 11.1271 ], [ 1.0573, 11.1269 ], [ 1.0573, 11.1267 ], [ 1.0573, 11.1265 ], [ 1.0574, 11.1263 ], [ 1.0574, 11.1261 ], [ 1.0575, 11.126 ], [ 1.0576, 11.1259 ], [ 1.0576, 11.1258 ], [ 1.0577, 11.1255 ], [ 1.0579, 11.1252 ], [ 1.058, 11.125 ], [ 1.0582, 11.1248 ], [ 1.0584, 11.1247 ], [ 1.0585, 11.1245 ], [ 1.0586, 11.1244 ], [ 1.0588, 11.1243 ], [ 1.0589, 11.1243 ], [ 1.059, 11.1242 ], [ 1.0592, 11.1241 ], [ 1.0594, 11.1241 ], [ 1.0596, 11.1241 ], [ 1.0598, 11.1241 ], [ 1.0601, 11.1241 ], [ 1.0603, 11.1241 ], [ 1.0605, 11.1241 ], [ 1.0607, 11.1241 ], [ 1.0609, 11.1241 ], [ 1.0611, 11.1242 ], [ 1.0613, 11.1243 ], [ 1.0615, 11.1243 ], [ 1.0617, 11.1244 ], [ 1.0619, 11.1245 ], [ 1.0621, 11.1247 ], [ 1.0622, 11.1247 ], [ 1.0623, 11.1248 ], [ 1.0625, 11.1249 ], [ 1.0625, 11.125 ], [ 1.0627, 11.1251 ], [ 1.0629, 11.1253 ], [ 1.0631, 11.1254 ], [ 1.0632, 11.1254 ], [ 1.0634, 11.1256 ], [ 1.0636, 11.1257 ], [ 1.0637, 11.1258 ], [ 1.0638, 11.1259 ], [ 1.064, 11.126 ], [ 1.0641, 11.126 ], [ 1.0643, 11.126 ], [ 1.0645, 11.1261 ], [ 1.0646, 11.1261 ], [ 1.0647, 11.1261 ], [ 1.0649, 11.1262 ], [ 1.065, 11.1262 ], [ 1.0651, 11.1262 ], [ 1.0653, 11.1263 ], [ 1.0654, 11.1263 ], [ 1.0655, 11.1263 ], [ 1.0657, 11.1263 ], [ 1.0659, 11.1264 ], [ 1.0661, 11.1264 ], [ 1.0663, 11.1264 ], [ 1.0665, 11.1264 ], [ 1.0668, 11.1264 ], [ 1.0669, 11.1264 ], [ 1.0671, 11.1264 ], [ 1.0674, 11.1264 ], [ 1.0675, 11.1265 ], [ 1.0678, 11.1266 ], [ 1.0679, 11.1266 ], [ 1.068, 11.1266 ], [ 1.0681, 11.1267 ], [ 1.0683, 11.1268 ], [ 1.0683, 11.1269 ], [ 1.0685, 11.1269 ], [ 1.0685, 11.127 ], [ 1.0686, 11.1271 ], [ 1.0687, 11.1271 ], [ 1.0688, 11.1273 ], [ 1.0688, 11.1274 ], [ 1.0688, 11.1274 ], [ 1.0688, 11.1275 ], [ 1.0688, 11.1278 ], [ 1.0688, 11.1279 ], [ 1.0688, 11.128 ], [ 1.0688, 11.1281 ], [ 1.0688, 11.1284 ], [ 1.0689, 11.1286 ], [ 1.0689, 11.1287 ], [ 1.0689, 11.1288 ], [ 1.0689, 11.1289 ], [ 1.0689, 11.129 ], [ 1.0689, 11.1292 ], [ 1.0688, 11.1293 ], [ 1.0688, 11.1294 ], [ 1.0687, 11.1294 ], [ 1.0686, 11.1295 ], [ 1.0682, 11.1297 ], [ 1.0681, 11.1298 ], [ 1.0679, 11.1299 ], [ 1.0679, 11.1299 ], [ 1.0677, 11.13 ], [ 1.0676, 11.1301 ], [ 1.0675, 11.1302 ], [ 1.0674, 11.1303 ], [ 1.0672, 11.1305 ], [ 1.0671, 11.1306 ], [ 1.067, 11.1306 ], [ 1.0668, 11.1307 ], [ 1.0667, 11.1308 ], [ 1.0665, 11.1309 ], [ 1.0663, 11.131 ], [ 1.0662, 11.131 ], [ 1.0661, 11.1311 ], [ 1.0659, 11.1312 ], [ 1.0657, 11.1313 ], [ 1.0656, 11.1313 ], [ 1.0654, 11.1314 ], [ 1.0652, 11.1314 ], [ 1.0651, 11.1313 ], [ 1.0649, 11.1313 ], [ 1.0648, 11.1313 ], [ 1.0646, 11.1313 ], [ 1.0645, 11.1313 ], [ 1.0643, 11.1313 ], [ 1.0641, 11.1314 ], [ 1.0639, 11.1314 ], [ 1.0637, 11.1315 ], [ 1.0635, 11.1316 ], [ 1.0633, 11.1318 ], [ 1.063, 11.132 ], [ 1.063, 11.132 ], [ 1.0629, 11.1322 ], [ 1.0628, 11.1323 ], [ 1.0628, 11.1324 ], [ 1.0627, 11.1326 ], [ 1.0626, 11.1328 ], [ 1.0625, 11.133 ], [ 1.0625, 11.1332 ], [ 1.0625, 11.1334 ], [ 1.0625, 11.1335 ], [ 1.0626, 11.1337 ], [ 1.0626, 11.1338 ], [ 1.0627, 11.134 ], [ 1.0627, 11.1341 ], [ 1.0628, 11.1343 ], [ 1.0629, 11.1345 ], [ 1.0629, 11.1345 ], [ 1.063, 11.1347 ], [ 1.0631, 11.1348 ], [ 1.0632, 11.1348 ], [ 1.0635, 11.135 ], [ 1.0636, 11.135 ], [ 1.0638, 11.1351 ], [ 1.0639, 11.1351 ], [ 1.0641, 11.1352 ], [ 1.0642, 11.1352 ], [ 1.0643, 11.1353 ], [ 1.0645, 11.1354 ], [ 1.0646, 11.1354 ], [ 1.0648, 11.1355 ], [ 1.0649, 11.1356 ], [ 1.065, 11.1356 ], [ 1.0651, 11.1357 ], [ 1.0653, 11.1357 ], [ 1.0653, 11.1357 ], [ 1.0656, 11.1358 ], [ 1.0657, 11.1358 ], [ 1.0658, 11.1359 ], [ 1.0661, 11.1359 ], [ 1.0662, 11.1359 ], [ 1.0664, 11.1359 ], [ 1.0665, 11.1358 ], [ 1.0667, 11.1357 ], [ 1.0668, 11.1357 ], [ 1.0669, 11.1355 ], [ 1.0671, 11.1354 ], [ 1.0672, 11.1352 ], [ 1.0673, 11.1351 ], [ 1.0674, 11.1351 ], [ 1.0674, 11.135 ], [ 1.0676, 11.135 ], [ 1.0677, 11.1349 ], [ 1.0678, 11.1348 ], [ 1.068, 11.1346 ], [ 1.0681, 11.1345 ], [ 1.0683, 11.1344 ], [ 1.0684, 11.1342 ], [ 1.0685, 11.1342 ], [ 1.0686, 11.1341 ], [ 1.0688, 11.1339 ], [ 1.069, 11.1337 ], [ 1.0691, 11.1336 ], [ 1.0692, 11.1335 ], [ 1.0693, 11.1334 ], [ 1.0695, 11.1332 ], [ 1.0696, 11.133 ], [ 1.0697, 11.1329 ], [ 1.0698, 11.1328 ], [ 1.0698, 11.1327 ], [ 1.0699, 11.1325 ], [ 1.0701, 11.1324 ], [ 1.0703, 11.1323 ], [ 1.0705, 11.1322 ], [ 1.0706, 11.1321 ], [ 1.0708, 11.132 ], [ 1.0709, 11.1319 ], [ 1.071, 11.1319 ], [ 1.0713, 11.1318 ], [ 1.0716, 11.1318 ], [ 1.0717, 11.1317 ], [ 1.0718, 11.1317 ], [ 1.0721, 11.1317 ], [ 1.0722, 11.1317 ], [ 1.0724, 11.1316 ], [ 1.0729, 11.1316 ], [ 1.0731, 11.1317 ], [ 1.0733, 11.1317 ], [ 1.0734, 11.1318 ], [ 1.0735, 11.1318 ], [ 1.0736, 11.1319 ], [ 1.0736, 11.1319 ], [ 1.0737, 11.1319 ], [ 1.0738, 11.1319 ], [ 1.074, 11.1319 ], [ 1.0741, 11.1319 ], [ 1.0743, 11.1318 ], [ 1.0744, 11.1317 ], [ 1.0745, 11.1317 ], [ 1.0748, 11.1316 ], [ 1.075, 11.1314 ], [ 1.0752, 11.1313 ], [ 1.0754, 11.1312 ], [ 1.0755, 11.1312 ], [ 1.0757, 11.1311 ], [ 1.0758, 11.1309 ], [ 1.0759, 11.1307 ], [ 1.0762, 11.1306 ], [ 1.0763, 11.1305 ], [ 1.0764, 11.1304 ], [ 1.0766, 11.1303 ], [ 1.0767, 11.1301 ], [ 1.0767, 11.13 ], [ 1.0768, 11.1298 ], [ 1.0768, 11.1296 ], [ 1.077, 11.1294 ], [ 1.0772, 11.1293 ], [ 1.0774, 11.1292 ], [ 1.0776, 11.1291 ], [ 1.0777, 11.1289 ], [ 1.0778, 11.1287 ], [ 1.0779, 11.1285 ], [ 1.078, 11.1283 ], [ 1.0781, 11.1281 ], [ 1.0783, 11.1278 ], [ 1.0784, 11.1277 ], [ 1.0785, 11.1274 ], [ 1.0787, 11.1273 ], [ 1.0788, 11.1272 ], [ 1.0789, 11.1271 ], [ 1.079, 11.1269 ], [ 1.0792, 11.1266 ], [ 1.0793, 11.1263 ], [ 1.0795, 11.1262 ], [ 1.0796, 11.1261 ], [ 1.0798, 11.1259 ], [ 1.0799, 11.1257 ], [ 1.08, 11.1255 ], [ 1.0801, 11.1254 ], [ 1.0803, 11.1253 ], [ 1.0805, 11.1252 ], [ 1.0807, 11.1251 ], [ 1.0808, 11.125 ], [ 1.0809, 11.1247 ], [ 1.081, 11.1246 ], [ 1.0811, 11.1244 ], [ 1.0811, 11.1242 ], [ 1.0811, 11.1241 ], [ 1.0811, 11.124 ], [ 1.0812, 11.1238 ], [ 1.0812, 11.1236 ], [ 1.0812, 11.1235 ], [ 1.0811, 11.1233 ], [ 1.0811, 11.1232 ], [ 1.0809, 11.123 ], [ 1.0808, 11.123 ], [ 1.0807, 11.1229 ], [ 1.0805, 11.1228 ], [ 1.0804, 11.1226 ], [ 1.0804, 11.1225 ], [ 1.0804, 11.1224 ], [ 1.0804, 11.1222 ], [ 1.0804, 11.122 ], [ 1.0805, 11.1218 ], [ 1.0807, 11.1217 ], [ 1.0809, 11.1216 ], [ 1.0811, 11.1216 ], [ 1.0813, 11.1215 ], [ 1.0815, 11.1214 ], [ 1.0816, 11.1213 ], [ 1.0817, 11.1212 ], [ 1.0819, 11.121 ], [ 1.082, 11.121 ], [ 1.0821, 11.121 ], [ 1.0822, 11.121 ], [ 1.0824, 11.1209 ], [ 1.0825, 11.1209 ], [ 1.0826, 11.1209 ], [ 1.0827, 11.1209 ], [ 1.0829, 11.1209 ], [ 1.0831, 11.1208 ], [ 1.0831, 11.1208 ], [ 1.0833, 11.1208 ], [ 1.0834, 11.1208 ], [ 1.0835, 11.1208 ], [ 1.0836, 11.1209 ], [ 1.0837, 11.1209 ], [ 1.0838, 11.121 ], [ 1.0839, 11.121 ], [ 1.084, 11.1211 ], [ 1.084, 11.1212 ], [ 1.0841, 11.1213 ], [ 1.0841, 11.1214 ], [ 1.0841, 11.1215 ], [ 1.0842, 11.1216 ], [ 1.0842, 11.1217 ], [ 1.0842, 11.1217 ], [ 1.0843, 11.1219 ], [ 1.0844, 11.1219 ], [ 1.0845, 11.122 ], [ 1.0847, 11.1221 ], [ 1.0849, 11.1221 ], [ 1.0852, 11.1222 ], [ 1.0853, 11.1222 ], [ 1.0855, 11.1221 ], [ 1.0856, 11.1221 ], [ 1.0858, 11.122 ], [ 1.0859, 11.122 ], [ 1.0861, 11.1219 ], [ 1.0863, 11.1217 ], [ 1.0865, 11.1216 ], [ 1.0867, 11.1214 ], [ 1.0868, 11.1213 ], [ 1.0868, 11.1213 ], [ 1.0868, 11.1212 ], [ 1.0869, 11.1211 ], [ 1.087, 11.1208 ], [ 1.087, 11.1207 ], [ 1.0869, 11.1206 ], [ 1.0869, 11.1205 ], [ 1.0869, 11.1204 ], [ 1.0869, 11.1203 ], [ 1.0869, 11.1201 ], [ 1.0869, 11.12 ], [ 1.0869, 11.1199 ], [ 1.0869, 11.1198 ], [ 1.087, 11.1196 ], [ 1.087, 11.1195 ], [ 1.087, 11.1195 ], [ 1.087, 11.1194 ], [ 1.087, 11.1193 ], [ 1.087, 11.1193 ], [ 1.087, 11.1192 ], [ 1.0869, 11.119 ], [ 1.0869, 11.1189 ], [ 1.0869, 11.1188 ], [ 1.0869, 11.1187 ], [ 1.0869, 11.1186 ], [ 1.0869, 11.1185 ], [ 1.0869, 11.1184 ], [ 1.0868, 11.1183 ], [ 1.0868, 11.1182 ], [ 1.0867, 11.1181 ], [ 1.0867, 11.1181 ], [ 1.0867, 11.118 ], [ 1.0867, 11.1178 ], [ 1.0867, 11.1177 ], [ 1.0867, 11.1176 ], [ 1.0867, 11.1175 ], [ 1.0867, 11.1174 ], [ 1.0867, 11.1172 ], [ 1.0867, 11.1171 ], [ 1.0868, 11.1169 ], [ 1.0868, 11.1167 ], [ 1.0869, 11.1166 ], [ 1.087, 11.1164 ], [ 1.0871, 11.1161 ], [ 1.0872, 11.1159 ], [ 1.0874, 11.1158 ], [ 1.0875, 11.1156 ], [ 1.0878, 11.1155 ], [ 1.0879, 11.1154 ], [ 1.0881, 11.1154 ], [ 1.0883, 11.1153 ], [ 1.0884, 11.1153 ], [ 1.0886, 11.1152 ], [ 1.0888, 11.1152 ], [ 1.089, 11.1152 ], [ 1.0892, 11.1151 ], [ 1.0893, 11.115 ], [ 1.0894, 11.1149 ], [ 1.0895, 11.1148 ], [ 1.0896, 11.1147 ], [ 1.0896, 11.1146 ], [ 1.0897, 11.1145 ], [ 1.0897, 11.1144 ], [ 1.0898, 11.1143 ], [ 1.0898, 11.114 ], [ 1.0899, 11.1138 ], [ 1.0899, 11.1136 ], [ 1.0898, 11.1133 ], [ 1.0898, 11.1131 ], [ 1.0898, 11.113 ], [ 1.0897, 11.1129 ], [ 1.0897, 11.1127 ], [ 1.0895, 11.1125 ], [ 1.0894, 11.1123 ], [ 1.0893, 11.1122 ], [ 1.0893, 11.1121 ], [ 1.0891, 11.1119 ], [ 1.0889, 11.1118 ], [ 1.0887, 11.1116 ], [ 1.0885, 11.1115 ], [ 1.0883, 11.1114 ], [ 1.0881, 11.1113 ], [ 1.0879, 11.1113 ], [ 1.0877, 11.1113 ], [ 1.0875, 11.1113 ], [ 1.0874, 11.1113 ], [ 1.0873, 11.1113 ], [ 1.087, 11.1112 ], [ 1.0869, 11.1111 ], [ 1.0866, 11.1109 ], [ 1.0864, 11.1108 ], [ 1.0864, 11.1107 ], [ 1.0862, 11.1106 ], [ 1.0861, 11.1104 ], [ 1.0859, 11.1102 ], [ 1.0859, 11.1101 ], [ 1.0858, 11.11 ], [ 1.0857, 11.1097 ], [ 1.0856, 11.1095 ], [ 1.0856, 11.1093 ], [ 1.0856, 11.1091 ], [ 1.0856, 11.1088 ], [ 1.0856, 11.1085 ], [ 1.0857, 11.1082 ], [ 1.0858, 11.108 ], [ 1.0859, 11.1077 ], [ 1.0859, 11.1076 ], [ 1.086, 11.1075 ], [ 1.0861, 11.1072 ], [ 1.0862, 11.1071 ], [ 1.0863, 11.1067 ], [ 1.0864, 11.1065 ], [ 1.0865, 11.1064 ], [ 1.0866, 11.1062 ], [ 1.0868, 11.106 ], [ 1.0869, 11.1058 ], [ 1.0871, 11.1057 ], [ 1.0872, 11.1057 ], [ 1.0873, 11.1056 ], [ 1.0875, 11.1055 ], [ 1.0879, 11.1055 ], [ 1.0882, 11.1055 ], [ 1.0885, 11.1055 ], [ 1.0885, 11.1055 ], [ 1.0888, 11.1056 ], [ 1.0892, 11.1056 ], [ 1.0892, 11.1056 ], [ 1.0895, 11.1056 ], [ 1.0897, 11.1056 ], [ 1.09, 11.1056 ], [ 1.0901, 11.1056 ], [ 1.0902, 11.1056 ], [ 1.0903, 11.1056 ], [ 1.0905, 11.1056 ], [ 1.0907, 11.1056 ], [ 1.0908, 11.1056 ], [ 1.091, 11.1055 ], [ 1.0911, 11.1055 ], [ 1.0912, 11.1054 ], [ 1.0915, 11.1053 ], [ 1.0916, 11.1053 ], [ 1.0918, 11.1051 ], [ 1.092, 11.105 ], [ 1.0921, 11.105 ], [ 1.0923, 11.1049 ], [ 1.0925, 11.1048 ], [ 1.0927, 11.1047 ], [ 1.0928, 11.1047 ], [ 1.0929, 11.1046 ], [ 1.0931, 11.1045 ], [ 1.0934, 11.1045 ], [ 1.0936, 11.1044 ], [ 1.0939, 11.1044 ], [ 1.0941, 11.1043 ], [ 1.0944, 11.1042 ], [ 1.0946, 11.1041 ], [ 1.0947, 11.1041 ], [ 1.095, 11.104 ], [ 1.0952, 11.1038 ], [ 1.0954, 11.1038 ], [ 1.0954, 11.1037 ], [ 1.0956, 11.1036 ], [ 1.0957, 11.1034 ], [ 1.0958, 11.1032 ], [ 1.0958, 11.1031 ], [ 1.0958, 11.1029 ], [ 1.0957, 11.1026 ], [ 1.0956, 11.1024 ], [ 1.0955, 11.1022 ], [ 1.0954, 11.1021 ], [ 1.0954, 11.102 ], [ 1.0953, 11.1019 ], [ 1.0952, 11.1018 ], [ 1.0951, 11.1018 ], [ 1.0949, 11.1017 ], [ 1.0947, 11.1017 ], [ 1.0946, 11.1016 ], [ 1.0945, 11.1016 ], [ 1.0942, 11.1016 ], [ 1.0941, 11.1016 ], [ 1.094, 11.1016 ], [ 1.0938, 11.1015 ], [ 1.0937, 11.1015 ], [ 1.0934, 11.1014 ], [ 1.0932, 11.1013 ], [ 1.093, 11.1013 ], [ 1.0929, 11.1012 ], [ 1.0928, 11.1012 ], [ 1.0927, 11.1012 ], [ 1.0926, 11.1012 ], [ 1.0925, 11.1012 ], [ 1.0923, 11.1012 ], [ 1.0921, 11.1012 ], [ 1.092, 11.1012 ], [ 1.0919, 11.1011 ], [ 1.0918, 11.1011 ], [ 1.0915, 11.1011 ], [ 1.0913, 11.101 ], [ 1.0911, 11.1009 ], [ 1.0909, 11.1009 ], [ 1.0907, 11.1008 ], [ 1.0905, 11.1007 ], [ 1.0904, 11.1006 ], [ 1.0902, 11.1004 ], [ 1.09, 11.1003 ], [ 1.0899, 11.1002 ], [ 1.0899, 11.1002 ], [ 1.0897, 11.1 ], [ 1.0896, 11.0998 ], [ 1.0896, 11.0997 ], [ 1.0895, 11.0996 ], [ 1.0894, 11.0995 ], [ 1.0893, 11.0993 ], [ 1.0892, 11.0992 ], [ 1.0892, 11.0991 ], [ 1.0891, 11.0991 ], [ 1.0891, 11.0989 ], [ 1.089, 11.0987 ], [ 1.089, 11.0984 ], [ 1.0889, 11.0982 ], [ 1.0888, 11.098 ], [ 1.0887, 11.0978 ], [ 1.0886, 11.0976 ], [ 1.0886, 11.0974 ], [ 1.0886, 11.0972 ], [ 1.0885, 11.097 ], [ 1.0885, 11.0968 ], [ 1.0885, 11.0966 ], [ 1.0884, 11.0964 ], [ 1.0884, 11.0962 ], [ 1.0884, 11.096 ], [ 1.0883, 11.0959 ], [ 1.0883, 11.0957 ], [ 1.0882, 11.0955 ], [ 1.0881, 11.0953 ], [ 1.0881, 11.0952 ], [ 1.0879, 11.095 ], [ 1.0879, 11.095 ], [ 1.0877, 11.0948 ], [ 1.0876, 11.0946 ], [ 1.0875, 11.0945 ], [ 1.0875, 11.0944 ], [ 1.0875, 11.0942 ], [ 1.0875, 11.0942 ], [ 1.0875, 11.094 ], [ 1.0875, 11.0939 ], [ 1.0875, 11.0938 ], [ 1.0875, 11.0937 ], [ 1.0876, 11.0936 ], [ 1.0877, 11.0935 ], [ 1.0878, 11.0934 ], [ 1.0879, 11.0934 ], [ 1.088, 11.0934 ], [ 1.0881, 11.0933 ], [ 1.0882, 11.0933 ], [ 1.0885, 11.0934 ], [ 1.0888, 11.0935 ], [ 1.0888, 11.0935 ], [ 1.089, 11.0936 ], [ 1.0892, 11.0936 ], [ 1.0892, 11.0937 ], [ 1.0894, 11.0937 ], [ 1.0895, 11.0937 ], [ 1.0898, 11.0938 ], [ 1.0899, 11.0938 ], [ 1.0901, 11.0939 ], [ 1.0903, 11.094 ], [ 1.0904, 11.094 ], [ 1.0905, 11.0941 ], [ 1.0906, 11.0941 ], [ 1.0908, 11.0941 ], [ 1.0909, 11.0942 ], [ 1.0911, 11.0942 ], [ 1.0913, 11.0942 ], [ 1.0915, 11.0942 ], [ 1.0916, 11.0942 ], [ 1.0917, 11.0941 ], [ 1.0919, 11.0939 ], [ 1.092, 11.0938 ], [ 1.092, 11.0937 ], [ 1.0921, 11.0935 ], [ 1.0921, 11.0934 ], [ 1.0921, 11.0932 ], [ 1.0921, 11.093 ], [ 1.0921, 11.0927 ], [ 1.0921, 11.0922 ], [ 1.0922, 11.092 ], [ 1.0922, 11.0919 ], [ 1.0922, 11.0916 ], [ 1.0923, 11.0913 ], [ 1.0924, 11.0911 ], [ 1.0924, 11.0908 ], [ 1.0924, 11.0906 ], [ 1.0925, 11.0904 ], [ 1.0925, 11.0902 ], [ 1.0926, 11.09 ], [ 1.0926, 11.0898 ], [ 1.0928, 11.0894 ], [ 1.0931, 11.0889 ], [ 1.0931, 11.0888 ], [ 1.0932, 11.0886 ], [ 1.0934, 11.0884 ], [ 1.0935, 11.0883 ], [ 1.0936, 11.0881 ], [ 1.0938, 11.0879 ], [ 1.0939, 11.0877 ], [ 1.0941, 11.0876 ], [ 1.0943, 11.0873 ], [ 1.0945, 11.087 ], [ 1.0946, 11.0869 ], [ 1.0948, 11.0866 ], [ 1.0949, 11.0864 ], [ 1.0951, 11.0862 ], [ 1.0952, 11.0861 ], [ 1.0955, 11.0861 ], [ 1.0957, 11.086 ], [ 1.0958, 11.086 ], [ 1.0959, 11.086 ], [ 1.096, 11.086 ], [ 1.0962, 11.0859 ], [ 1.0965, 11.0858 ], [ 1.0967, 11.0857 ], [ 1.0971, 11.0856 ], [ 1.0972, 11.0855 ], [ 1.0974, 11.0854 ], [ 1.0976, 11.0853 ], [ 1.0978, 11.0853 ], [ 1.0979, 11.0853 ], [ 1.098, 11.0852 ], [ 1.0983, 11.0851 ], [ 1.0985, 11.0851 ], [ 1.0987, 11.085 ], [ 1.0989, 11.0849 ], [ 1.099, 11.0848 ], [ 1.0992, 11.0846 ], [ 1.0993, 11.0845 ], [ 1.0994, 11.0844 ], [ 1.0995, 11.0843 ], [ 1.0996, 11.0841 ], [ 1.0998, 11.0839 ], [ 1.0999, 11.0838 ], [ 1.1, 11.0837 ], [ 1.1001, 11.0835 ], [ 1.1002, 11.0833 ], [ 1.1004, 11.0832 ], [ 1.1004, 11.0831 ], [ 1.1006, 11.0828 ], [ 1.1007, 11.0826 ], [ 1.1008, 11.0824 ], [ 1.1008, 11.0822 ], [ 1.1009, 11.082 ], [ 1.1009, 11.0818 ], [ 1.1009, 11.0817 ], [ 1.1009, 11.0816 ], [ 1.1008, 11.0814 ], [ 1.1007, 11.0813 ], [ 1.1007, 11.0812 ], [ 1.1005, 11.0811 ], [ 1.1003, 11.0809 ], [ 1.1002, 11.0807 ], [ 1.1, 11.0805 ], [ 1.1, 11.0803 ], [ 1.0999, 11.0801 ], [ 1.0998, 11.0799 ], [ 1.0997, 11.0797 ], [ 1.0996, 11.0796 ], [ 1.0995, 11.0795 ], [ 1.0993, 11.0794 ], [ 1.099, 11.0795 ], [ 1.0988, 11.0795 ], [ 1.0987, 11.0794 ], [ 1.0985, 11.0794 ], [ 1.0984, 11.0793 ], [ 1.0984, 11.0792 ], [ 1.0984, 11.0791 ], [ 1.098, 11.0788 ], [ 1.0978, 11.0784 ], [ 1.0976, 11.0782 ], [ 1.0975, 11.078 ], [ 1.0974, 11.0777 ], [ 1.0974, 11.0776 ], [ 1.0974, 11.0773 ], [ 1.0973, 11.077 ], [ 1.0973, 11.0769 ], [ 1.0973, 11.0766 ], [ 1.0972, 11.0762 ], [ 1.0972, 11.0758 ], [ 1.0971, 11.0755 ], [ 1.097, 11.0752 ], [ 1.097, 11.075 ], [ 1.0971, 11.0747 ], [ 1.0971, 11.0745 ], [ 1.0971, 11.0743 ], [ 1.0972, 11.074 ], [ 1.0973, 11.0738 ], [ 1.0973, 11.0736 ], [ 1.0973, 11.0735 ], [ 1.0974, 11.0734 ], [ 1.0974, 11.0732 ], [ 1.0975, 11.0729 ], [ 1.0975, 11.0726 ], [ 1.0975, 11.0723 ], [ 1.0976, 11.072 ], [ 1.0977, 11.0717 ], [ 1.0978, 11.0716 ], [ 1.0979, 11.0714 ], [ 1.098, 11.0713 ], [ 1.0984, 11.0711 ], [ 1.0988, 11.0709 ], [ 1.0991, 11.0708 ], [ 1.0993, 11.0707 ], [ 1.0995, 11.0704 ], [ 1.0998, 11.0701 ], [ 1.1001, 11.0699 ], [ 1.1003, 11.0696 ], [ 1.1004, 11.0695 ], [ 1.1005, 11.0693 ], [ 1.1006, 11.0692 ], [ 1.1007, 11.069 ], [ 1.1008, 11.0688 ], [ 1.1008, 11.0688 ], [ 1.1009, 11.0686 ], [ 1.1009, 11.0683 ], [ 1.101, 11.0681 ], [ 1.1009, 11.068 ], [ 1.1009, 11.0677 ], [ 1.1008, 11.0673 ], [ 1.1008, 11.0672 ], [ 1.1008, 11.0671 ], [ 1.1006, 11.0669 ], [ 1.1006, 11.0667 ], [ 1.1005, 11.0664 ], [ 1.1005, 11.0663 ], [ 1.1005, 11.0662 ], [ 1.1005, 11.066 ], [ 1.1005, 11.0658 ], [ 1.1005, 11.0656 ], [ 1.1004, 11.0654 ], [ 1.1003, 11.0653 ], [ 1.1003, 11.0651 ], [ 1.1002, 11.065 ], [ 1.1002, 11.0649 ], [ 1.1001, 11.0647 ], [ 1.1, 11.0646 ], [ 1.1, 11.0645 ], [ 1.0999, 11.0645 ], [ 1.0999, 11.0643 ], [ 1.0998, 11.0642 ], [ 1.0997, 11.064 ], [ 1.0996, 11.0639 ], [ 1.0994, 11.0637 ], [ 1.0993, 11.0636 ], [ 1.0991, 11.0634 ], [ 1.0989, 11.0633 ], [ 1.0988, 11.0631 ], [ 1.0987, 11.063 ], [ 1.0986, 11.0629 ], [ 1.0984, 11.0628 ], [ 1.0983, 11.0627 ], [ 1.0981, 11.0626 ], [ 1.0979, 11.0624 ], [ 1.0978, 11.0623 ], [ 1.0977, 11.0622 ], [ 1.0976, 11.0622 ], [ 1.0975, 11.0621 ], [ 1.0975, 11.062 ], [ 1.0975, 11.0619 ], [ 1.0975, 11.0618 ], [ 1.0975, 11.0617 ], [ 1.0975, 11.0616 ], [ 1.0976, 11.0615 ], [ 1.0976, 11.0613 ], [ 1.0977, 11.0612 ], [ 1.0977, 11.0611 ], [ 1.0978, 11.061 ], [ 1.098, 11.0608 ], [ 1.0981, 11.0607 ], [ 1.0981, 11.0606 ], [ 1.0982, 11.0605 ], [ 1.0983, 11.0604 ], [ 1.0984, 11.0604 ], [ 1.0985, 11.0603 ], [ 1.0986, 11.0602 ], [ 1.0987, 11.0601 ], [ 1.0987, 11.0601 ], [ 1.099, 11.0599 ], [ 1.0991, 11.0597 ], [ 1.0993, 11.0596 ], [ 1.0995, 11.0594 ], [ 1.0996, 11.0592 ], [ 1.0997, 11.0591 ], [ 1.0998, 11.0591 ], [ 1.0999, 11.059 ], [ 1.1, 11.0588 ], [ 1.1003, 11.0586 ], [ 1.1004, 11.0585 ], [ 1.1005, 11.0584 ], [ 1.1006, 11.0583 ], [ 1.1007, 11.0582 ], [ 1.1008, 11.0581 ], [ 1.1008, 11.058 ], [ 1.1009, 11.058 ], [ 1.101, 11.0579 ], [ 1.1011, 11.0578 ], [ 1.1012, 11.0577 ], [ 1.1012, 11.0576 ], [ 1.1013, 11.0575 ], [ 1.1013, 11.0575 ], [ 1.1014, 11.0574 ], [ 1.1014, 11.0573 ], [ 1.1014, 11.0572 ], [ 1.1015, 11.057 ], [ 1.1016, 11.0569 ], [ 1.1017, 11.0567 ], [ 1.1018, 11.0566 ], [ 1.1018, 11.0565 ], [ 1.1019, 11.0564 ], [ 1.102, 11.0563 ], [ 1.1021, 11.0562 ], [ 1.1022, 11.0561 ], [ 1.1022, 11.056 ], [ 1.1023, 11.0559 ], [ 1.1024, 11.0558 ], [ 1.1025, 11.0557 ], [ 1.1027, 11.0556 ], [ 1.1028, 11.0556 ], [ 1.103, 11.0555 ], [ 1.1031, 11.0555 ], [ 1.1032, 11.0554 ], [ 1.1034, 11.0554 ], [ 1.1034, 11.0553 ], [ 1.1035, 11.0553 ], [ 1.1037, 11.0553 ], [ 1.1038, 11.0552 ], [ 1.1039, 11.0552 ], [ 1.1041, 11.0552 ], [ 1.1042, 11.0552 ], [ 1.1043, 11.0551 ], [ 1.1045, 11.0551 ], [ 1.1046, 11.0551 ], [ 1.1048, 11.055 ], [ 1.105, 11.055 ], [ 1.1052, 11.055 ], [ 1.1054, 11.055 ], [ 1.1055, 11.055 ], [ 1.1056, 11.0549 ], [ 1.1058, 11.0549 ], [ 1.1058, 11.0549 ], [ 1.1059, 11.0549 ], [ 1.106, 11.0549 ], [ 1.1061, 11.0549 ], [ 1.1062, 11.0548 ], [ 1.1062, 11.0548 ], [ 1.1064, 11.0548 ], [ 1.1066, 11.0547 ], [ 1.1067, 11.0546 ], [ 1.1068, 11.0546 ], [ 1.107, 11.0545 ], [ 1.1071, 11.0544 ], [ 1.1072, 11.0543 ], [ 1.1073, 11.0542 ], [ 1.1074, 11.0541 ], [ 1.1074, 11.054 ], [ 1.1075, 11.0539 ], [ 1.1076, 11.0538 ], [ 1.1077, 11.0537 ], [ 1.1077, 11.0536 ], [ 1.1078, 11.0536 ], [ 1.1078, 11.0535 ], [ 1.1079, 11.0535 ], [ 1.108, 11.0533 ], [ 1.108, 11.0532 ], [ 1.1081, 11.0531 ], [ 1.1082, 11.053 ], [ 1.1084, 11.0529 ], [ 1.1084, 11.0528 ], [ 1.1084, 11.0527 ], [ 1.1085, 11.0526 ], [ 1.1086, 11.0525 ], [ 1.1087, 11.0524 ], [ 1.1088, 11.0523 ], [ 1.1088, 11.0522 ], [ 1.1089, 11.0521 ], [ 1.109, 11.052 ], [ 1.1091, 11.0519 ], [ 1.1091, 11.0518 ], [ 1.1092, 11.0518 ], [ 1.1094, 11.0516 ], [ 1.1095, 11.0514 ], [ 1.1096, 11.0513 ], [ 1.1097, 11.0513 ], [ 1.1099, 11.0512 ], [ 1.11, 11.0511 ], [ 1.1101, 11.0511 ], [ 1.1103, 11.051 ], [ 1.1104, 11.051 ], [ 1.1106, 11.0509 ], [ 1.1107, 11.0509 ], [ 1.1108, 11.0509 ], [ 1.1109, 11.0509 ], [ 1.1111, 11.0508 ], [ 1.1113, 11.0508 ], [ 1.1115, 11.0508 ], [ 1.1117, 11.0507 ], [ 1.1119, 11.0508 ], [ 1.1121, 11.0508 ], [ 1.1122, 11.0508 ], [ 1.1123, 11.0509 ], [ 1.1124, 11.0509 ], [ 1.1125, 11.051 ], [ 1.1125, 11.0511 ], [ 1.1126, 11.0512 ], [ 1.1126, 11.0512 ], [ 1.1126, 11.0514 ], [ 1.1126, 11.0515 ], [ 1.1126, 11.0516 ], [ 1.1125, 11.0516 ], [ 1.1125, 11.0517 ], [ 1.1125, 11.0518 ], [ 1.1125, 11.052 ], [ 1.1125, 11.0521 ], [ 1.1125, 11.0522 ], [ 1.1125, 11.0523 ], [ 1.1126, 11.0524 ], [ 1.1127, 11.0526 ], [ 1.1127, 11.0527 ], [ 1.1127, 11.0528 ], [ 1.1128, 11.053 ], [ 1.1127, 11.0531 ], [ 1.1127, 11.0532 ], [ 1.1127, 11.0534 ], [ 1.1127, 11.0535 ], [ 1.1127, 11.0536 ], [ 1.1127, 11.0537 ], [ 1.1127, 11.0538 ], [ 1.1127, 11.0539 ], [ 1.1127, 11.0542 ], [ 1.1127, 11.0543 ], [ 1.1127, 11.0546 ], [ 1.1127, 11.0547 ], [ 1.1127, 11.0549 ], [ 1.1127, 11.0551 ], [ 1.1126, 11.0553 ], [ 1.1126, 11.0554 ], [ 1.1126, 11.0555 ], [ 1.1127, 11.0556 ], [ 1.1127, 11.0557 ], [ 1.1128, 11.0558 ], [ 1.1128, 11.0559 ], [ 1.1129, 11.056 ], [ 1.1129, 11.0561 ], [ 1.113, 11.0562 ], [ 1.1131, 11.0563 ], [ 1.1133, 11.0564 ], [ 1.1133, 11.0564 ], [ 1.1134, 11.0564 ], [ 1.1135, 11.0565 ], [ 1.1136, 11.0565 ], [ 1.1137, 11.0565 ], [ 1.1138, 11.0564 ], [ 1.114, 11.0564 ], [ 1.1141, 11.0564 ], [ 1.1142, 11.0563 ], [ 1.1143, 11.0562 ], [ 1.1144, 11.0562 ], [ 1.1145, 11.0562 ], [ 1.1146, 11.0561 ], [ 1.1146, 11.0561 ], [ 1.1147, 11.056 ], [ 1.1148, 11.0559 ], [ 1.1149, 11.0559 ], [ 1.115, 11.0559 ], [ 1.1151, 11.0558 ], [ 1.1153, 11.0558 ], [ 1.1154, 11.0557 ], [ 1.1155, 11.0557 ], [ 1.1156, 11.0556 ], [ 1.1157, 11.0555 ], [ 1.1158, 11.0555 ], [ 1.116, 11.0554 ], [ 1.116, 11.0553 ], [ 1.1161, 11.0552 ], [ 1.1162, 11.0551 ], [ 1.1162, 11.0551 ], [ 1.1162, 11.055 ], [ 1.1163, 11.0549 ], [ 1.1163, 11.0548 ], [ 1.1164, 11.0547 ], [ 1.1165, 11.0546 ], [ 1.1165, 11.0545 ], [ 1.1165, 11.0545 ], [ 1.1166, 11.0543 ], [ 1.1166, 11.0542 ], [ 1.1167, 11.0541 ], [ 1.1167, 11.054 ], [ 1.1167, 11.0538 ], [ 1.1166, 11.0537 ], [ 1.1166, 11.0536 ], [ 1.1167, 11.0535 ], [ 1.1166, 11.0534 ], [ 1.1166, 11.0533 ], [ 1.1166, 11.0532 ], [ 1.1166, 11.0531 ], [ 1.1165, 11.0529 ], [ 1.1165, 11.0527 ], [ 1.1164, 11.0526 ], [ 1.1163, 11.0525 ], [ 1.1163, 11.0524 ], [ 1.1162, 11.0523 ], [ 1.1162, 11.0522 ], [ 1.116, 11.0521 ], [ 1.116, 11.052 ], [ 1.1159, 11.052 ], [ 1.1158, 11.0519 ], [ 1.1157, 11.0519 ], [ 1.1156, 11.0518 ], [ 1.1155, 11.0517 ], [ 1.1153, 11.0517 ], [ 1.1152, 11.0516 ], [ 1.1152, 11.0516 ], [ 1.1151, 11.0516 ], [ 1.1149, 11.0515 ], [ 1.1148, 11.0515 ], [ 1.1147, 11.0514 ], [ 1.1145, 11.0513 ], [ 1.1143, 11.0512 ], [ 1.1142, 11.0512 ], [ 1.1141, 11.0511 ], [ 1.114, 11.051 ], [ 1.114, 11.0509 ], [ 1.1139, 11.0508 ], [ 1.1138, 11.0507 ], [ 1.1137, 11.0506 ], [ 1.1137, 11.0505 ], [ 1.1135, 11.0503 ], [ 1.1134, 11.0502 ], [ 1.1133, 11.05 ], [ 1.1132, 11.0499 ], [ 1.1132, 11.0498 ], [ 1.1131, 11.0497 ], [ 1.113, 11.0496 ], [ 1.1129, 11.0495 ], [ 1.1128, 11.0495 ], [ 1.1127, 11.0494 ], [ 1.1127, 11.0493 ], [ 1.1126, 11.0492 ], [ 1.1124, 11.0489 ], [ 1.1123, 11.0488 ], [ 1.1122, 11.0487 ], [ 1.1121, 11.0486 ], [ 1.112, 11.0484 ], [ 1.112, 11.0483 ], [ 1.1119, 11.0483 ], [ 1.1119, 11.0482 ], [ 1.1119, 11.0481 ], [ 1.1119, 11.048 ], [ 1.1119, 11.0479 ], [ 1.1118, 11.0478 ], [ 1.1119, 11.0477 ], [ 1.1119, 11.0476 ], [ 1.1119, 11.0475 ], [ 1.112, 11.0473 ], [ 1.112, 11.0472 ], [ 1.1121, 11.0471 ], [ 1.1122, 11.047 ], [ 1.1122, 11.0469 ], [ 1.1123, 11.0468 ], [ 1.1124, 11.0466 ], [ 1.1125, 11.0465 ], [ 1.1126, 11.0463 ], [ 1.1127, 11.0461 ], [ 1.1128, 11.046 ], [ 1.1129, 11.046 ], [ 1.113, 11.0458 ], [ 1.1131, 11.0458 ], [ 1.1132, 11.0457 ], [ 1.1133, 11.0456 ], [ 1.1134, 11.0455 ], [ 1.1135, 11.0454 ], [ 1.1136, 11.0453 ], [ 1.1137, 11.0452 ], [ 1.1139, 11.0451 ], [ 1.1142, 11.0451 ], [ 1.1145, 11.0451 ], [ 1.1148, 11.0451 ], [ 1.1149, 11.0451 ], [ 1.115, 11.0451 ], [ 1.1151, 11.0451 ], [ 1.1151, 11.0452 ], [ 1.1152, 11.0452 ], [ 1.1153, 11.0452 ], [ 1.1153, 11.0452 ], [ 1.1154, 11.0453 ], [ 1.1154, 11.0453 ], [ 1.1155, 11.0454 ], [ 1.1155, 11.0454 ], [ 1.1155, 11.0455 ], [ 1.1156, 11.0456 ], [ 1.1156, 11.0456 ], [ 1.1156, 11.0457 ], [ 1.1156, 11.0458 ], [ 1.1156, 11.0459 ], [ 1.1156, 11.046 ], [ 1.1156, 11.0461 ], [ 1.1156, 11.0461 ], [ 1.1157, 11.0462 ], [ 1.1157, 11.0463 ], [ 1.1157, 11.0463 ], [ 1.1157, 11.0464 ], [ 1.1157, 11.0465 ], [ 1.1157, 11.0466 ], [ 1.1157, 11.0466 ], [ 1.1158, 11.0467 ], [ 1.1158, 11.0468 ], [ 1.1159, 11.0469 ], [ 1.1159, 11.0469 ], [ 1.1159, 11.047 ], [ 1.116, 11.0471 ], [ 1.116, 11.0471 ], [ 1.1161, 11.0472 ], [ 1.1161, 11.0473 ], [ 1.1161, 11.0473 ], [ 1.1162, 11.0474 ], [ 1.1162, 11.0475 ], [ 1.1163, 11.0475 ], [ 1.1163, 11.0476 ], [ 1.1164, 11.0476 ], [ 1.1166, 11.0478 ], [ 1.1168, 11.0479 ], [ 1.117, 11.0479 ], [ 1.1172, 11.048 ], [ 1.1173, 11.0479 ], [ 1.1175, 11.0478 ], [ 1.1175, 11.0477 ], [ 1.1176, 11.0477 ], [ 1.1177, 11.0476 ], [ 1.1177, 11.0475 ], [ 1.1177, 11.0474 ], [ 1.1177, 11.0473 ], [ 1.1177, 11.0471 ], [ 1.1178, 11.0467 ], [ 1.1179, 11.0463 ], [ 1.118, 11.0459 ], [ 1.1181, 11.0455 ], [ 1.1181, 11.0453 ], [ 1.1181, 11.0451 ], [ 1.1182, 11.0447 ], [ 1.1182, 11.0442 ], [ 1.1182, 11.0441 ], [ 1.1183, 11.0438 ], [ 1.1183, 11.0437 ], [ 1.1184, 11.0435 ], [ 1.1186, 11.0431 ], [ 1.1186, 11.0427 ], [ 1.1186, 11.0424 ], [ 1.1186, 11.0423 ], [ 1.1186, 11.0421 ], [ 1.1186, 11.0419 ], [ 1.1185, 11.0415 ], [ 1.1184, 11.0414 ], [ 1.1183, 11.0411 ], [ 1.1181, 11.0407 ], [ 1.118, 11.0403 ], [ 1.118, 11.0399 ], [ 1.1178, 11.0395 ], [ 1.1177, 11.0395 ], [ 1.1176, 11.0394 ], [ 1.1175, 11.0393 ], [ 1.1172, 11.0389 ], [ 1.1171, 11.0389 ], [ 1.117, 11.0387 ], [ 1.1169, 11.0386 ], [ 1.1168, 11.0384 ], [ 1.1167, 11.0382 ], [ 1.1167, 11.038 ], [ 1.1167, 11.0379 ], [ 1.1167, 11.0377 ], [ 1.1166, 11.0374 ], [ 1.1165, 11.0374 ], [ 1.1165, 11.0372 ], [ 1.1161, 11.0369 ], [ 1.1158, 11.0368 ], [ 1.1156, 11.0367 ], [ 1.1154, 11.0367 ], [ 1.1153, 11.0366 ], [ 1.1152, 11.0366 ], [ 1.1149, 11.0366 ], [ 1.1148, 11.0366 ], [ 1.1146, 11.0367 ], [ 1.1144, 11.0367 ], [ 1.1142, 11.0368 ], [ 1.114, 11.0368 ], [ 1.114, 11.0369 ], [ 1.1138, 11.037 ], [ 1.1136, 11.0373 ], [ 1.1134, 11.0373 ], [ 1.1131, 11.0373 ], [ 1.1129, 11.0372 ], [ 1.1127, 11.0372 ], [ 1.1127, 11.0371 ], [ 1.1125, 11.0369 ], [ 1.1124, 11.0367 ], [ 1.1122, 11.0364 ], [ 1.1122, 11.0362 ], [ 1.1122, 11.0361 ], [ 1.1121, 11.036 ], [ 1.1122, 11.0357 ], [ 1.1122, 11.0355 ], [ 1.1122, 11.0354 ], [ 1.1123, 11.0353 ], [ 1.1123, 11.0351 ], [ 1.1124, 11.0349 ], [ 1.1125, 11.0347 ], [ 1.1126, 11.0345 ], [ 1.1128, 11.0342 ], [ 1.1129, 11.0341 ], [ 1.113, 11.0341 ], [ 1.113, 11.034 ], [ 1.1132, 11.034 ], [ 1.1133, 11.034 ], [ 1.1135, 11.0339 ], [ 1.1137, 11.0339 ], [ 1.1137, 11.0339 ], [ 1.1138, 11.0338 ], [ 1.1139, 11.0337 ], [ 1.114, 11.0336 ], [ 1.1141, 11.0335 ], [ 1.1142, 11.0334 ], [ 1.1143, 11.0333 ], [ 1.1144, 11.0332 ], [ 1.1145, 11.033 ], [ 1.1146, 11.0329 ], [ 1.1146, 11.0328 ], [ 1.1146, 11.0327 ], [ 1.1146, 11.0326 ], [ 1.1146, 11.0325 ], [ 1.1146, 11.0323 ], [ 1.1145, 11.0322 ], [ 1.1145, 11.0321 ], [ 1.1144, 11.032 ], [ 1.1144, 11.0319 ], [ 1.1144, 11.0319 ], [ 1.1142, 11.0317 ], [ 1.1142, 11.0317 ], [ 1.1141, 11.0316 ], [ 1.1139, 11.0316 ], [ 1.1137, 11.0315 ], [ 1.1135, 11.0315 ], [ 1.1133, 11.0315 ], [ 1.1131, 11.0315 ], [ 1.1129, 11.0315 ], [ 1.1128, 11.0315 ], [ 1.1127, 11.0315 ], [ 1.1125, 11.0315 ], [ 1.1122, 11.0315 ], [ 1.112, 11.0316 ], [ 1.1118, 11.0316 ], [ 1.1118, 11.0317 ], [ 1.1116, 11.0317 ], [ 1.1115, 11.0318 ], [ 1.1112, 11.0319 ], [ 1.111, 11.0319 ], [ 1.1107, 11.0319 ], [ 1.1106, 11.0319 ], [ 1.1105, 11.0319 ], [ 1.1104, 11.0319 ], [ 1.1103, 11.0318 ], [ 1.1102, 11.0318 ], [ 1.11, 11.0318 ], [ 1.1099, 11.0317 ], [ 1.1097, 11.0316 ], [ 1.1097, 11.0315 ], [ 1.1096, 11.0315 ], [ 1.1095, 11.0313 ], [ 1.1094, 11.0312 ], [ 1.1094, 11.0311 ], [ 1.1093, 11.0309 ], [ 1.1092, 11.0309 ], [ 1.1091, 11.0308 ], [ 1.109, 11.0307 ], [ 1.1089, 11.0306 ], [ 1.1088, 11.0306 ], [ 1.1087, 11.0305 ], [ 1.1085, 11.0305 ], [ 1.1084, 11.0305 ], [ 1.1082, 11.0305 ], [ 1.1081, 11.0306 ], [ 1.1081, 11.0306 ], [ 1.108, 11.0306 ], [ 1.1079, 11.0307 ], [ 1.1077, 11.0308 ], [ 1.1075, 11.0309 ], [ 1.1075, 11.0309 ], [ 1.1073, 11.031 ], [ 1.1071, 11.0311 ], [ 1.107, 11.0311 ], [ 1.1069, 11.0312 ], [ 1.1068, 11.0313 ], [ 1.1067, 11.0313 ], [ 1.1066, 11.0314 ], [ 1.1063, 11.0317 ], [ 1.106, 11.032 ], [ 1.1057, 11.0323 ], [ 1.1057, 11.0324 ], [ 1.1056, 11.0325 ], [ 1.1055, 11.0326 ], [ 1.1054, 11.033 ], [ 1.1052, 11.0334 ], [ 1.1051, 11.0336 ], [ 1.1051, 11.0337 ], [ 1.105, 11.0338 ], [ 1.1048, 11.0341 ], [ 1.1048, 11.0342 ], [ 1.1046, 11.0345 ], [ 1.1045, 11.0349 ], [ 1.1044, 11.0352 ], [ 1.1044, 11.0353 ], [ 1.1043, 11.0354 ], [ 1.1042, 11.0357 ], [ 1.1042, 11.0358 ], [ 1.1041, 11.036 ], [ 1.1039, 11.0362 ], [ 1.1039, 11.0363 ], [ 1.1038, 11.0363 ], [ 1.1037, 11.0364 ], [ 1.1037, 11.0365 ], [ 1.1036, 11.0367 ], [ 1.1035, 11.0369 ], [ 1.1034, 11.0371 ], [ 1.1034, 11.0373 ], [ 1.1033, 11.0375 ], [ 1.1032, 11.0378 ], [ 1.1032, 11.0379 ], [ 1.1031, 11.038 ], [ 1.1031, 11.0381 ], [ 1.1031, 11.0382 ], [ 1.103, 11.0383 ], [ 1.1029, 11.0385 ], [ 1.1027, 11.0389 ], [ 1.1026, 11.0392 ], [ 1.1025, 11.0394 ], [ 1.1024, 11.0396 ], [ 1.1023, 11.0398 ], [ 1.1022, 11.0401 ], [ 1.102, 11.0403 ], [ 1.1019, 11.0404 ], [ 1.1018, 11.0405 ], [ 1.1016, 11.0408 ], [ 1.1015, 11.0409 ], [ 1.1014, 11.041 ], [ 1.1013, 11.0412 ], [ 1.1012, 11.0412 ], [ 1.1009, 11.0415 ], [ 1.1008, 11.0416 ], [ 1.1006, 11.0418 ], [ 1.1006, 11.0419 ], [ 1.1004, 11.042 ], [ 1.1002, 11.0421 ], [ 1.1, 11.0422 ], [ 1.0998, 11.0424 ], [ 1.0997, 11.0426 ], [ 1.0994, 11.0429 ], [ 1.0993, 11.0431 ], [ 1.0992, 11.0432 ], [ 1.099, 11.0434 ], [ 1.0989, 11.0437 ], [ 1.0987, 11.0438 ], [ 1.0986, 11.044 ], [ 1.0985, 11.0441 ], [ 1.0984, 11.0442 ], [ 1.0984, 11.0444 ], [ 1.0983, 11.0445 ], [ 1.0983, 11.0446 ], [ 1.0983, 11.0447 ], [ 1.0983, 11.0448 ], [ 1.0983, 11.0449 ], [ 1.0984, 11.0451 ], [ 1.0984, 11.0452 ], [ 1.0984, 11.0454 ], [ 1.0984, 11.0454 ], [ 1.0984, 11.0455 ], [ 1.0984, 11.0456 ], [ 1.0984, 11.0458 ], [ 1.0983, 11.046 ], [ 1.0983, 11.0461 ], [ 1.0983, 11.0462 ], [ 1.0982, 11.0463 ], [ 1.0982, 11.0465 ], [ 1.0981, 11.0466 ], [ 1.0981, 11.0467 ], [ 1.098, 11.0469 ], [ 1.0978, 11.047 ], [ 1.0977, 11.0471 ], [ 1.0976, 11.0472 ], [ 1.0975, 11.0473 ], [ 1.0974, 11.0474 ], [ 1.0972, 11.0475 ], [ 1.0969, 11.0476 ], [ 1.0968, 11.0477 ], [ 1.0963, 11.0478 ], [ 1.0958, 11.048 ], [ 1.0956, 11.048 ], [ 1.0954, 11.0481 ], [ 1.095, 11.0482 ], [ 1.0947, 11.0482 ], [ 1.0945, 11.0483 ], [ 1.0942, 11.0484 ], [ 1.094, 11.0484 ], [ 1.0937, 11.0485 ], [ 1.0934, 11.0487 ], [ 1.0931, 11.0488 ], [ 1.0928, 11.0489 ], [ 1.0924, 11.049 ], [ 1.0922, 11.0491 ], [ 1.0921, 11.0491 ], [ 1.0918, 11.0492 ], [ 1.0916, 11.0493 ], [ 1.0914, 11.0494 ], [ 1.0912, 11.0495 ], [ 1.0911, 11.0495 ], [ 1.0909, 11.0496 ], [ 1.0907, 11.0497 ], [ 1.0905, 11.0498 ], [ 1.0903, 11.0499 ], [ 1.0902, 11.05 ], [ 1.0901, 11.0501 ], [ 1.0899, 11.0502 ], [ 1.0896, 11.0504 ], [ 1.0895, 11.0505 ], [ 1.0894, 11.0506 ], [ 1.0892, 11.0507 ], [ 1.0891, 11.0509 ], [ 1.089, 11.0509 ], [ 1.0889, 11.051 ], [ 1.0888, 11.0511 ], [ 1.0887, 11.0512 ], [ 1.0885, 11.0514 ], [ 1.0885, 11.0515 ], [ 1.0884, 11.0516 ], [ 1.0883, 11.0517 ], [ 1.0882, 11.0518 ], [ 1.0881, 11.052 ], [ 1.0879, 11.0522 ], [ 1.0877, 11.0524 ], [ 1.0876, 11.0526 ], [ 1.0875, 11.0528 ], [ 1.0873, 11.0529 ], [ 1.0871, 11.0531 ], [ 1.0869, 11.0532 ], [ 1.0866, 11.0533 ], [ 1.0864, 11.0534 ], [ 1.0863, 11.0534 ], [ 1.0861, 11.0535 ], [ 1.086, 11.0535 ], [ 1.0858, 11.0536 ], [ 1.0856, 11.0537 ], [ 1.0854, 11.0538 ], [ 1.0852, 11.0539 ], [ 1.0851, 11.054 ], [ 1.0851, 11.054 ], [ 1.085, 11.054 ], [ 1.0847, 11.0542 ], [ 1.0846, 11.0543 ], [ 1.0845, 11.0543 ], [ 1.0843, 11.0545 ], [ 1.0841, 11.0546 ], [ 1.0839, 11.0547 ], [ 1.0838, 11.0548 ], [ 1.0836, 11.055 ], [ 1.0834, 11.0551 ], [ 1.0834, 11.0551 ], [ 1.0832, 11.0552 ], [ 1.0829, 11.0554 ], [ 1.0827, 11.0555 ], [ 1.0823, 11.0556 ], [ 1.0821, 11.0557 ], [ 1.0818, 11.0558 ], [ 1.0816, 11.0558 ], [ 1.0811, 11.0559 ], [ 1.0808, 11.0559 ], [ 1.0805, 11.0559 ], [ 1.0804, 11.0559 ], [ 1.0802, 11.0559 ], [ 1.0801, 11.0559 ], [ 1.0797, 11.0559 ], [ 1.0794, 11.0559 ], [ 1.0791, 11.0559 ], [ 1.0787, 11.0559 ], [ 1.0786, 11.0559 ], [ 1.0783, 11.0559 ], [ 1.0779, 11.0559 ], [ 1.077, 11.0559 ], [ 1.0769, 11.0559 ], [ 1.0766, 11.0559 ], [ 1.0766, 11.0559 ], [ 1.0761, 11.0559 ], [ 1.0759, 11.0559 ], [ 1.0758, 11.0559 ], [ 1.0754, 11.0559 ], [ 1.0752, 11.0559 ], [ 1.075, 11.0558 ], [ 1.0748, 11.0558 ], [ 1.0747, 11.0557 ], [ 1.0744, 11.0556 ], [ 1.0743, 11.0555 ], [ 1.0741, 11.0555 ], [ 1.074, 11.0555 ], [ 1.0738, 11.0555 ], [ 1.0736, 11.0555 ], [ 1.0734, 11.0556 ], [ 1.0733, 11.0558 ], [ 1.0732, 11.056 ], [ 1.073, 11.0561 ], [ 1.0729, 11.0563 ], [ 1.0728, 11.0564 ], [ 1.0727, 11.0565 ], [ 1.0726, 11.0568 ], [ 1.0726, 11.057 ], [ 1.0726, 11.0573 ], [ 1.0726, 11.0576 ], [ 1.0728, 11.0578 ], [ 1.0728, 11.0581 ], [ 1.0728, 11.0582 ], [ 1.0728, 11.0585 ], [ 1.0728, 11.0586 ], [ 1.0727, 11.0589 ], [ 1.0725, 11.0592 ], [ 1.0723, 11.0595 ], [ 1.0722, 11.0599 ], [ 1.0721, 11.0602 ], [ 1.072, 11.0602 ], [ 1.0719, 11.0605 ], [ 1.0718, 11.0606 ], [ 1.0716, 11.0609 ], [ 1.0714, 11.0611 ], [ 1.0711, 11.0614 ], [ 1.0708, 11.0616 ], [ 1.0706, 11.0617 ], [ 1.0703, 11.0618 ], [ 1.0702, 11.0618 ], [ 1.0701, 11.0618 ], [ 1.0698, 11.0619 ], [ 1.0692, 11.0619 ], [ 1.0686, 11.062 ], [ 1.0681, 11.0621 ], [ 1.0678, 11.0622 ], [ 1.0677, 11.0622 ], [ 1.0672, 11.0623 ], [ 1.0671, 11.0623 ], [ 1.0668, 11.0624 ], [ 1.0667, 11.0624 ], [ 1.0665, 11.0624 ], [ 1.0664, 11.0624 ], [ 1.066, 11.0625 ], [ 1.0658, 11.0625 ], [ 1.0654, 11.0624 ], [ 1.0651, 11.0623 ], [ 1.0649, 11.0622 ], [ 1.0646, 11.0622 ], [ 1.0645, 11.0621 ], [ 1.0643, 11.0621 ], [ 1.064, 11.0619 ], [ 1.0639, 11.0618 ], [ 1.0637, 11.0617 ], [ 1.0636, 11.0615 ], [ 1.0635, 11.0613 ], [ 1.0635, 11.0612 ], [ 1.0635, 11.061 ], [ 1.0635, 11.0608 ], [ 1.0635, 11.0607 ], [ 1.0635, 11.0607 ], [ 1.0636, 11.0605 ], [ 1.0636, 11.0604 ], [ 1.0636, 11.06 ], [ 1.0636, 11.0597 ], [ 1.0635, 11.0594 ], [ 1.0634, 11.0592 ], [ 1.0632, 11.0589 ], [ 1.0632, 11.0589 ], [ 1.0629, 11.0587 ], [ 1.0626, 11.0585 ], [ 1.0625, 11.0584 ], [ 1.0622, 11.0583 ], [ 1.0619, 11.0583 ], [ 1.0618, 11.0583 ], [ 1.0616, 11.0583 ], [ 1.0612, 11.0582 ], [ 1.061, 11.0582 ], [ 1.0608, 11.0582 ], [ 1.0607, 11.0582 ], [ 1.0603, 11.0583 ], [ 1.0596, 11.0584 ], [ 1.0587, 11.0584 ], [ 1.0583, 11.0585 ], [ 1.0577, 11.0585 ], [ 1.0572, 11.0586 ], [ 1.0567, 11.0587 ], [ 1.0563, 11.0587 ], [ 1.0555, 11.0587 ], [ 1.0554, 11.0587 ], [ 1.0551, 11.0586 ], [ 1.0548, 11.0585 ], [ 1.0546, 11.0584 ], [ 1.054, 11.0583 ], [ 1.0534, 11.058 ], [ 1.053, 11.0579 ], [ 1.0528, 11.0577 ], [ 1.0523, 11.0573 ], [ 1.0518, 11.0569 ], [ 1.0515, 11.0565 ], [ 1.0511, 11.056 ], [ 1.051, 11.056 ], [ 1.0507, 11.0558 ], [ 1.0504, 11.0556 ], [ 1.05, 11.0555 ], [ 1.0494, 11.0554 ], [ 1.0486, 11.0552 ], [ 1.0479, 11.0551 ], [ 1.047, 11.055 ], [ 1.0467, 11.0549 ], [ 1.0464, 11.0549 ], [ 1.0462, 11.0548 ], [ 1.0455, 11.0547 ], [ 1.0447, 11.0546 ], [ 1.0445, 11.0545 ], [ 1.0441, 11.0544 ], [ 1.0434, 11.0542 ], [ 1.0429, 11.054 ], [ 1.0422, 11.0538 ], [ 1.0417, 11.0535 ], [ 1.0412, 11.0533 ], [ 1.041, 11.0532 ], [ 1.0407, 11.0531 ], [ 1.0405, 11.0529 ], [ 1.0399, 11.0525 ], [ 1.0393, 11.0522 ], [ 1.0388, 11.052 ], [ 1.0383, 11.0518 ], [ 1.0377, 11.0517 ], [ 1.0376, 11.0516 ], [ 1.0372, 11.0515 ], [ 1.0369, 11.0515 ], [ 1.0366, 11.0515 ], [ 1.0359, 11.0516 ], [ 1.0355, 11.0516 ], [ 1.0353, 11.0517 ], [ 1.0347, 11.0518 ], [ 1.034, 11.0519 ], [ 1.0333, 11.0521 ], [ 1.0325, 11.0524 ], [ 1.032, 11.0526 ], [ 1.0317, 11.0527 ], [ 1.0313, 11.0527 ], [ 1.031, 11.0527 ], [ 1.0309, 11.0527 ], [ 1.0304, 11.0527 ], [ 1.0298, 11.0526 ], [ 1.0293, 11.0525 ], [ 1.0289, 11.0525 ], [ 1.0288, 11.0524 ], [ 1.0286, 11.0524 ], [ 1.0282, 11.0524 ], [ 1.0277, 11.0524 ], [ 1.0276, 11.0524 ], [ 1.0275, 11.0525 ], [ 1.0271, 11.0526 ], [ 1.0268, 11.0527 ], [ 1.0267, 11.0528 ], [ 1.0265, 11.053 ], [ 1.0263, 11.0533 ], [ 1.0263, 11.0534 ], [ 1.0261, 11.0536 ], [ 1.0259, 11.054 ], [ 1.0256, 11.0544 ], [ 1.0255, 11.0547 ], [ 1.0253, 11.055 ], [ 1.0253, 11.0551 ], [ 1.0251, 11.0555 ], [ 1.0251, 11.0556 ], [ 1.0249, 11.0559 ], [ 1.0246, 11.0564 ], [ 1.0244, 11.0568 ], [ 1.0242, 11.0571 ], [ 1.0241, 11.0573 ], [ 1.0239, 11.0574 ], [ 1.0239, 11.0576 ], [ 1.0237, 11.0579 ], [ 1.0236, 11.0582 ], [ 1.0234, 11.0585 ], [ 1.0233, 11.0586 ], [ 1.0232, 11.0587 ], [ 1.0231, 11.0589 ], [ 1.0229, 11.0593 ], [ 1.0228, 11.0594 ], [ 1.0227, 11.0595 ], [ 1.0227, 11.0596 ], [ 1.0226, 11.0598 ], [ 1.0225, 11.0601 ], [ 1.0221, 11.0606 ], [ 1.0216, 11.0614 ], [ 1.0212, 11.062 ], [ 1.0211, 11.0621 ], [ 1.0208, 11.0626 ], [ 1.0206, 11.063 ], [ 1.0204, 11.0632 ], [ 1.0203, 11.0632 ], [ 1.0203, 11.0634 ], [ 1.0202, 11.0636 ], [ 1.0202, 11.0638 ], [ 1.0201, 11.064 ], [ 1.0199, 11.0644 ], [ 1.0198, 11.0645 ], [ 1.0196, 11.0649 ], [ 1.0196, 11.065 ], [ 1.0192, 11.0656 ], [ 1.0191, 11.0658 ], [ 1.0189, 11.0662 ], [ 1.0188, 11.0664 ], [ 1.0186, 11.0668 ], [ 1.0185, 11.0669 ], [ 1.0185, 11.0671 ], [ 1.0184, 11.0673 ], [ 1.0184, 11.0674 ], [ 1.0185, 11.0678 ], [ 1.0185, 11.068 ], [ 1.0185, 11.0683 ], [ 1.0185, 11.0684 ], [ 1.0185, 11.0686 ], [ 1.0184, 11.0687 ], [ 1.0184, 11.0688 ], [ 1.0183, 11.0689 ], [ 1.0182, 11.0692 ], [ 1.018, 11.0695 ], [ 1.0178, 11.0701 ], [ 1.0176, 11.0704 ], [ 1.0175, 11.0707 ], [ 1.0174, 11.0711 ], [ 1.0172, 11.0714 ], [ 1.0171, 11.0718 ], [ 1.0169, 11.0722 ], [ 1.0167, 11.0725 ], [ 1.0166, 11.0727 ], [ 1.0163, 11.0734 ], [ 1.0159, 11.074 ], [ 1.0157, 11.0743 ], [ 1.0157, 11.0744 ], [ 1.0156, 11.0746 ], [ 1.0155, 11.0748 ], [ 1.0154, 11.0749 ], [ 1.0154, 11.0753 ], [ 1.0155, 11.0755 ], [ 1.0155, 11.0758 ], [ 1.0156, 11.0759 ], [ 1.0159, 11.0761 ], [ 1.016, 11.0763 ], [ 1.0161, 11.0766 ], [ 1.0161, 11.0769 ], [ 1.0161, 11.0771 ], [ 1.0161, 11.0774 ], [ 1.0161, 11.0775 ], [ 1.0161, 11.0777 ], [ 1.016, 11.0779 ], [ 1.016, 11.0783 ], [ 1.016, 11.0784 ], [ 1.0159, 11.0787 ], [ 1.0159, 11.079 ], [ 1.0158, 11.0792 ], [ 1.0158, 11.0794 ], [ 1.0157, 11.0796 ], [ 1.0157, 11.0798 ], [ 1.0155, 11.08 ], [ 1.0154, 11.0803 ], [ 1.0154, 11.0806 ], [ 1.0153, 11.0807 ], [ 1.0153, 11.0808 ], [ 1.0152, 11.081 ], [ 1.0151, 11.0812 ], [ 1.015, 11.0815 ], [ 1.0148, 11.0817 ], [ 1.0147, 11.0818 ], [ 1.0147, 11.0819 ], [ 1.0145, 11.082 ], [ 1.0143, 11.0822 ], [ 1.0142, 11.0823 ], [ 1.0141, 11.0823 ], [ 1.0139, 11.0824 ], [ 1.0138, 11.0825 ], [ 1.0135, 11.0826 ], [ 1.0134, 11.0827 ], [ 1.0133, 11.0828 ], [ 1.0133, 11.0829 ], [ 1.0132, 11.083 ], [ 1.0131, 11.0831 ], [ 1.013, 11.0833 ], [ 1.013, 11.0834 ], [ 1.0129, 11.0835 ], [ 1.0129, 11.0836 ], [ 1.0129, 11.0837 ], [ 1.0129, 11.0838 ], [ 1.0129, 11.0839 ], [ 1.0128, 11.0841 ], [ 1.0128, 11.0842 ], [ 1.0128, 11.0843 ], [ 1.0128, 11.0845 ], [ 1.0128, 11.0847 ], [ 1.0128, 11.0849 ], [ 1.0129, 11.085 ], [ 1.0129, 11.0852 ], [ 1.0129, 11.0853 ], [ 1.013, 11.0854 ], [ 1.0132, 11.0856 ], [ 1.0135, 11.0859 ], [ 1.0136, 11.0861 ], [ 1.0137, 11.0862 ], [ 1.0137, 11.0865 ], [ 1.0138, 11.0866 ], [ 1.0137, 11.0867 ], [ 1.0137, 11.0868 ], [ 1.0137, 11.0869 ], [ 1.0136, 11.0871 ], [ 1.0136, 11.0872 ], [ 1.0135, 11.0873 ], [ 1.0134, 11.0874 ], [ 1.0134, 11.0874 ], [ 1.0133, 11.0874 ], [ 1.0131, 11.0875 ], [ 1.0129, 11.0875 ], [ 1.0127, 11.0875 ], [ 1.0126, 11.0875 ], [ 1.0123, 11.0875 ], [ 1.0122, 11.0875 ], [ 1.0119, 11.0875 ], [ 1.0117, 11.0875 ], [ 1.0115, 11.0876 ], [ 1.0113, 11.0876 ], [ 1.0111, 11.0876 ], [ 1.011, 11.0876 ], [ 1.0107, 11.0876 ], [ 1.0106, 11.0875 ], [ 1.0104, 11.0875 ], [ 1.0103, 11.0875 ], [ 1.0102, 11.0875 ], [ 1.01, 11.0874 ], [ 1.0096, 11.0872 ], [ 1.0096, 11.0872 ], [ 1.0094, 11.0872 ], [ 1.0091, 11.0871 ], [ 1.0087, 11.0871 ], [ 1.0085, 11.0871 ], [ 1.0083, 11.0871 ], [ 1.0082, 11.0871 ], [ 1.008, 11.0872 ], [ 1.0079, 11.0872 ], [ 1.0077, 11.0872 ], [ 1.0076, 11.0873 ], [ 1.0074, 11.0875 ], [ 1.0073, 11.0875 ], [ 1.0072, 11.0876 ], [ 1.007, 11.0878 ], [ 1.0067, 11.0881 ], [ 1.0065, 11.0882 ], [ 1.0063, 11.0884 ], [ 1.0061, 11.0885 ], [ 1.0059, 11.0886 ], [ 1.0056, 11.0886 ], [ 1.0055, 11.0887 ], [ 1.0054, 11.0887 ], [ 1.0052, 11.0887 ], [ 1.0051, 11.0887 ], [ 1.0049, 11.0887 ], [ 1.0048, 11.0887 ], [ 1.0047, 11.0887 ], [ 1.0045, 11.0888 ], [ 1.0044, 11.0888 ], [ 1.0043, 11.0888 ], [ 1.0039, 11.0888 ], [ 1.0036, 11.0888 ], [ 1.0035, 11.0888 ], [ 1.0031, 11.0888 ], [ 1.0028, 11.0888 ], [ 1.0026, 11.0888 ], [ 1.0024, 11.0888 ], [ 1.0021, 11.0887 ], [ 1.002, 11.0887 ], [ 1.0019, 11.0887 ], [ 1.0017, 11.0887 ], [ 1.0014, 11.0886 ], [ 1.0011, 11.0885 ], [ 1.0008, 11.0885 ], [ 1.0006, 11.0885 ], [ 1.0003, 11.0884 ], [ 1.0, 11.0884 ], [ 0.9997, 11.0883 ], [ 0.9994, 11.0883 ], [ 0.9989, 11.0883 ], [ 0.9985, 11.0883 ], [ 0.9982, 11.0883 ], [ 0.9978, 11.0883 ], [ 0.9974, 11.0883 ], [ 0.9971, 11.0882 ], [ 0.9967, 11.0882 ], [ 0.9963, 11.0882 ], [ 0.996, 11.088 ], [ 0.9957, 11.0879 ], [ 0.9954, 11.0878 ], [ 0.9951, 11.0875 ], [ 0.9949, 11.0873 ], [ 0.9947, 11.0872 ], [ 0.9944, 11.087 ], [ 0.994, 11.0869 ], [ 0.9938, 11.0868 ], [ 0.9935, 11.0868 ], [ 0.9933, 11.0868 ], [ 0.9931, 11.0868 ], [ 0.9929, 11.0868 ], [ 0.9926, 11.0868 ], [ 0.9926, 11.0868 ], [ 0.9924, 11.0869 ], [ 0.9921, 11.0868 ], [ 0.9919, 11.0868 ], [ 0.9917, 11.0867 ], [ 0.9917, 11.0866 ], [ 0.9916, 11.0866 ], [ 0.9913, 11.0865 ], [ 0.9911, 11.0863 ], [ 0.9908, 11.0861 ], [ 0.9905, 11.0861 ], [ 0.9903, 11.0861 ], [ 0.99, 11.086 ], [ 0.9896, 11.0861 ], [ 0.9892, 11.0861 ], [ 0.9889, 11.0861 ], [ 0.9885, 11.0861 ], [ 0.9882, 11.0862 ], [ 0.9876, 11.0862 ], [ 0.9874, 11.0863 ], [ 0.987, 11.0864 ], [ 0.9866, 11.0867 ], [ 0.9865, 11.0869 ], [ 0.9864, 11.087 ], [ 0.9862, 11.0873 ], [ 0.9861, 11.0875 ], [ 0.9861, 11.0878 ], [ 0.986, 11.0881 ], [ 0.986, 11.0883 ], [ 0.986, 11.0885 ], [ 0.9861, 11.0887 ], [ 0.9862, 11.0889 ], [ 0.9863, 11.0891 ], [ 0.9864, 11.0893 ], [ 0.9867, 11.0895 ], [ 0.9869, 11.0896 ], [ 0.987, 11.0897 ], [ 0.9872, 11.0899 ], [ 0.9875, 11.0903 ], [ 0.9876, 11.0905 ], [ 0.9879, 11.091 ], [ 0.988, 11.0913 ], [ 0.988, 11.0916 ], [ 0.9881, 11.0919 ], [ 0.9882, 11.092 ], [ 0.9883, 11.0923 ], [ 0.9884, 11.0926 ], [ 0.9885, 11.0929 ], [ 0.9885, 11.093 ], [ 0.9885, 11.0932 ], [ 0.9884, 11.0935 ], [ 0.9883, 11.0938 ], [ 0.9882, 11.0939 ], [ 0.988, 11.094 ], [ 0.9878, 11.094 ], [ 0.9878, 11.094 ], [ 0.9876, 11.0939 ], [ 0.9873, 11.0938 ], [ 0.9872, 11.0937 ], [ 0.9869, 11.0937 ], [ 0.9866, 11.0936 ], [ 0.9865, 11.0935 ], [ 0.9862, 11.0934 ], [ 0.9861, 11.0933 ], [ 0.986, 11.0932 ], [ 0.9858, 11.0931 ], [ 0.9856, 11.0929 ], [ 0.9855, 11.0926 ], [ 0.9854, 11.0923 ], [ 0.9853, 11.0922 ], [ 0.9852, 11.092 ], [ 0.9852, 11.0917 ], [ 0.9851, 11.0914 ], [ 0.985, 11.0912 ], [ 0.985, 11.091 ], [ 0.9848, 11.0908 ], [ 0.9846, 11.0906 ], [ 0.9844, 11.0904 ], [ 0.9842, 11.0903 ], [ 0.984, 11.0901 ], [ 0.9838, 11.09 ], [ 0.9835, 11.09 ], [ 0.9832, 11.0899 ], [ 0.983, 11.0898 ], [ 0.9827, 11.0897 ], [ 0.9822, 11.0895 ], [ 0.9818, 11.0893 ], [ 0.9816, 11.0892 ], [ 0.9813, 11.089 ], [ 0.9812, 11.089 ], [ 0.9811, 11.089 ], [ 0.9809, 11.0889 ], [ 0.9807, 11.0888 ], [ 0.9804, 11.0887 ], [ 0.9801, 11.0887 ], [ 0.9797, 11.0887 ], [ 0.9792, 11.0887 ], [ 0.979, 11.0887 ], [ 0.9788, 11.0887 ], [ 0.9786, 11.0888 ], [ 0.9782, 11.0889 ], [ 0.978, 11.0889 ], [ 0.9777, 11.0888 ], [ 0.9774, 11.0886 ], [ 0.9771, 11.0884 ], [ 0.9768, 11.0881 ], [ 0.9766, 11.0879 ], [ 0.9765, 11.0876 ], [ 0.9764, 11.0873 ], [ 0.9763, 11.087 ], [ 0.9763, 11.0866 ], [ 0.9764, 11.0863 ], [ 0.9764, 11.0862 ], [ 0.9765, 11.086 ], [ 0.9766, 11.0857 ], [ 0.9767, 11.0854 ], [ 0.9768, 11.0853 ], [ 0.9768, 11.0852 ], [ 0.9769, 11.0851 ], [ 0.9769, 11.0849 ], [ 0.9769, 11.0847 ], [ 0.977, 11.0845 ], [ 0.9769, 11.0842 ], [ 0.9769, 11.0839 ], [ 0.9769, 11.0837 ], [ 0.9769, 11.0835 ], [ 0.9768, 11.0833 ], [ 0.9768, 11.0831 ], [ 0.9767, 11.083 ], [ 0.9767, 11.0828 ], [ 0.9766, 11.0826 ], [ 0.9764, 11.0825 ], [ 0.9763, 11.0823 ], [ 0.9762, 11.0821 ], [ 0.976, 11.082 ], [ 0.9759, 11.0819 ], [ 0.9758, 11.0818 ], [ 0.9757, 11.0817 ], [ 0.9755, 11.0815 ], [ 0.9753, 11.0814 ], [ 0.9751, 11.0812 ], [ 0.9749, 11.0809 ], [ 0.9747, 11.0807 ], [ 0.9746, 11.0806 ], [ 0.9745, 11.0804 ], [ 0.9744, 11.0802 ], [ 0.9744, 11.08 ], [ 0.9743, 11.0797 ], [ 0.9744, 11.0795 ], [ 0.9744, 11.0793 ], [ 0.9745, 11.0791 ], [ 0.9746, 11.0789 ], [ 0.9748, 11.0788 ], [ 0.9748, 11.0788 ], [ 0.975, 11.0787 ], [ 0.9752, 11.0784 ], [ 0.9753, 11.0782 ], [ 0.9753, 11.078 ], [ 0.9753, 11.0778 ], [ 0.9753, 11.0776 ], [ 0.9752, 11.0775 ], [ 0.9752, 11.0774 ], [ 0.9751, 11.0773 ], [ 0.9751, 11.0772 ], [ 0.9749, 11.077 ], [ 0.9749, 11.0769 ], [ 0.9748, 11.0768 ], [ 0.9748, 11.0765 ], [ 0.9749, 11.0763 ], [ 0.975, 11.0761 ], [ 0.9752, 11.0759 ], [ 0.9753, 11.0758 ], [ 0.9756, 11.0757 ], [ 0.9758, 11.0757 ], [ 0.9759, 11.0757 ], [ 0.976, 11.0757 ], [ 0.9761, 11.0757 ], [ 0.9763, 11.0757 ], [ 0.9764, 11.0756 ], [ 0.9766, 11.0755 ], [ 0.9767, 11.0754 ], [ 0.9768, 11.0754 ], [ 0.9769, 11.0752 ], [ 0.977, 11.0751 ], [ 0.9771, 11.0749 ], [ 0.9771, 11.0748 ], [ 0.9771, 11.0746 ], [ 0.977, 11.0743 ], [ 0.977, 11.0742 ], [ 0.977, 11.0738 ], [ 0.977, 11.0736 ], [ 0.977, 11.0733 ], [ 0.977, 11.073 ], [ 0.977, 11.0728 ], [ 0.9769, 11.0725 ], [ 0.9769, 11.0722 ], [ 0.9769, 11.0719 ], [ 0.9768, 11.0717 ], [ 0.9767, 11.0715 ], [ 0.9767, 11.0713 ], [ 0.9767, 11.0711 ], [ 0.9766, 11.0708 ], [ 0.9766, 11.0707 ], [ 0.9765, 11.0704 ], [ 0.9765, 11.0702 ], [ 0.9765, 11.07 ], [ 0.9765, 11.0696 ], [ 0.9765, 11.0692 ], [ 0.9764, 11.0689 ], [ 0.9765, 11.0684 ], [ 0.9766, 11.0682 ], [ 0.9767, 11.0681 ], [ 0.9767, 11.068 ], [ 0.9768, 11.0679 ], [ 0.9769, 11.0677 ], [ 0.977, 11.0676 ], [ 0.977, 11.0675 ], [ 0.9771, 11.0673 ], [ 0.9772, 11.0671 ], [ 0.9773, 11.067 ], [ 0.9773, 11.0666 ], [ 0.9773, 11.0663 ], [ 0.9773, 11.0661 ], [ 0.9772, 11.0659 ], [ 0.9772, 11.0658 ], [ 0.9771, 11.0656 ], [ 0.977, 11.0654 ], [ 0.9769, 11.0653 ], [ 0.9768, 11.0651 ], [ 0.9768, 11.065 ], [ 0.9767, 11.0649 ], [ 0.9766, 11.0648 ], [ 0.9765, 11.0648 ], [ 0.9764, 11.0647 ], [ 0.9762, 11.0645 ], [ 0.9761, 11.0642 ], [ 0.9759, 11.064 ], [ 0.9758, 11.0639 ], [ 0.9757, 11.0637 ], [ 0.9756, 11.0635 ], [ 0.9755, 11.0632 ], [ 0.9754, 11.063 ], [ 0.9752, 11.0626 ], [ 0.9752, 11.0624 ], [ 0.975, 11.0622 ], [ 0.975, 11.0619 ], [ 0.9749, 11.0617 ], [ 0.9748, 11.0614 ], [ 0.9748, 11.0612 ], [ 0.9747, 11.0609 ], [ 0.9747, 11.0606 ], [ 0.9746, 11.0603 ], [ 0.9745, 11.06 ], [ 0.9744, 11.0598 ], [ 0.9743, 11.0595 ], [ 0.9743, 11.0595 ], [ 0.9742, 11.0592 ], [ 0.9742, 11.0589 ], [ 0.9742, 11.0587 ], [ 0.9741, 11.0585 ], [ 0.9741, 11.0581 ], [ 0.9741, 11.0579 ], [ 0.9741, 11.0576 ], [ 0.974, 11.0575 ], [ 0.974, 11.0574 ], [ 0.9739, 11.0572 ], [ 0.9738, 11.0569 ], [ 0.9738, 11.0567 ], [ 0.9737, 11.0565 ], [ 0.9736, 11.0562 ], [ 0.9736, 11.056 ], [ 0.9735, 11.0559 ], [ 0.9734, 11.0558 ], [ 0.9733, 11.0556 ], [ 0.9731, 11.0553 ], [ 0.9731, 11.0551 ], [ 0.9728, 11.055 ], [ 0.9724, 11.0547 ], [ 0.9721, 11.0543 ], [ 0.972, 11.0543 ], [ 0.9719, 11.0541 ], [ 0.9717, 11.054 ], [ 0.9714, 11.0538 ], [ 0.9712, 11.0537 ], [ 0.9709, 11.0536 ], [ 0.9705, 11.0536 ], [ 0.9701, 11.0536 ], [ 0.9698, 11.0537 ], [ 0.9696, 11.0537 ], [ 0.9694, 11.0538 ], [ 0.9691, 11.0538 ], [ 0.9687, 11.0538 ], [ 0.9684, 11.0537 ], [ 0.9683, 11.0537 ], [ 0.9681, 11.0536 ], [ 0.9677, 11.0534 ], [ 0.9674, 11.0533 ], [ 0.9671, 11.0532 ], [ 0.9667, 11.0529 ], [ 0.9665, 11.0527 ], [ 0.9664, 11.0526 ], [ 0.9662, 11.0525 ], [ 0.966, 11.0523 ], [ 0.966, 11.0523 ], [ 0.9658, 11.0521 ], [ 0.9656, 11.0518 ], [ 0.9654, 11.0514 ], [ 0.9653, 11.0512 ], [ 0.9654, 11.051 ], [ 0.9654, 11.0507 ], [ 0.9655, 11.0505 ], [ 0.9656, 11.0504 ], [ 0.9655, 11.0501 ], [ 0.9654, 11.0499 ], [ 0.9652, 11.0498 ], [ 0.9651, 11.0496 ], [ 0.965, 11.0493 ], [ 0.965, 11.0491 ], [ 0.9649, 11.049 ], [ 0.9648, 11.0488 ], [ 0.9645, 11.0485 ], [ 0.9643, 11.0483 ], [ 0.964, 11.0481 ], [ 0.9637, 11.0478 ], [ 0.9635, 11.0477 ], [ 0.9631, 11.0476 ], [ 0.9628, 11.0475 ], [ 0.9624, 11.0472 ], [ 0.9621, 11.047 ], [ 0.9617, 11.0467 ], [ 0.9614, 11.0464 ], [ 0.961, 11.046 ], [ 0.9606, 11.0457 ], [ 0.9602, 11.0455 ], [ 0.9599, 11.0452 ], [ 0.9595, 11.045 ], [ 0.9594, 11.045 ], [ 0.9592, 11.0449 ], [ 0.959, 11.0449 ], [ 0.9587, 11.0447 ], [ 0.9583, 11.0446 ], [ 0.958, 11.0445 ], [ 0.9577, 11.0443 ], [ 0.9575, 11.0442 ], [ 0.9571, 11.0438 ], [ 0.957, 11.0437 ], [ 0.9566, 11.0434 ], [ 0.9562, 11.0429 ], [ 0.9558, 11.0425 ], [ 0.9555, 11.0422 ], [ 0.9553, 11.0419 ], [ 0.9553, 11.0416 ], [ 0.9552, 11.0414 ], [ 0.9551, 11.0412 ], [ 0.955, 11.0409 ], [ 0.955, 11.0407 ], [ 0.955, 11.0406 ], [ 0.955, 11.0405 ], [ 0.9546, 11.04 ], [ 0.954, 11.0395 ], [ 0.9536, 11.0392 ], [ 0.9532, 11.0388 ], [ 0.953, 11.0387 ], [ 0.9528, 11.0386 ], [ 0.9525, 11.0383 ], [ 0.9521, 11.038 ], [ 0.9519, 11.0378 ], [ 0.9516, 11.0374 ], [ 0.9514, 11.0373 ], [ 0.9511, 11.0371 ], [ 0.9508, 11.037 ], [ 0.9506, 11.037 ], [ 0.9503, 11.0369 ], [ 0.9499, 11.037 ], [ 0.9496, 11.037 ], [ 0.9494, 11.0371 ], [ 0.9492, 11.0371 ], [ 0.949, 11.0371 ], [ 0.9488, 11.0371 ], [ 0.9485, 11.037 ], [ 0.9482, 11.037 ], [ 0.9479, 11.0369 ], [ 0.9477, 11.0368 ], [ 0.9475, 11.0368 ], [ 0.9471, 11.0366 ], [ 0.9469, 11.0365 ], [ 0.9466, 11.0364 ], [ 0.9463, 11.0363 ], [ 0.946, 11.036 ], [ 0.9456, 11.0359 ], [ 0.9454, 11.0357 ], [ 0.9454, 11.0355 ], [ 0.9454, 11.0353 ], [ 0.9453, 11.0352 ], [ 0.9453, 11.035 ], [ 0.9453, 11.0348 ], [ 0.9454, 11.0345 ], [ 0.9455, 11.0343 ], [ 0.9456, 11.0341 ], [ 0.9457, 11.0339 ], [ 0.9458, 11.0337 ], [ 0.9459, 11.0336 ], [ 0.946, 11.0334 ], [ 0.9462, 11.0331 ], [ 0.9464, 11.033 ], [ 0.9467, 11.0327 ], [ 0.9469, 11.0326 ], [ 0.9472, 11.0324 ], [ 0.9474, 11.0323 ], [ 0.9477, 11.0323 ], [ 0.9479, 11.0323 ], [ 0.948, 11.0323 ], [ 0.9482, 11.0323 ], [ 0.9484, 11.0321 ], [ 0.9485, 11.032 ], [ 0.9487, 11.0318 ], [ 0.9488, 11.0316 ], [ 0.9488, 11.0314 ], [ 0.9488, 11.0311 ], [ 0.9487, 11.0306 ], [ 0.9485, 11.0303 ], [ 0.9483, 11.0301 ], [ 0.948, 11.0299 ], [ 0.9477, 11.0296 ], [ 0.9474, 11.0293 ], [ 0.9472, 11.029 ], [ 0.9469, 11.0285 ], [ 0.9464, 11.0279 ], [ 0.9458, 11.0276 ], [ 0.9453, 11.0273 ], [ 0.945, 11.027 ], [ 0.9448, 11.0265 ], [ 0.9447, 11.0261 ], [ 0.9448, 11.0259 ], [ 0.9454, 11.0248 ], [ 0.9458, 11.0241 ], [ 0.946, 11.0237 ], [ 0.9462, 11.0237 ], [ 0.9463, 11.0233 ], [ 0.9466, 11.0229 ], [ 0.9473, 11.0224 ], [ 0.9475, 11.0223 ], [ 0.9476, 11.0221 ], [ 0.9479, 11.0221 ], [ 0.9484, 11.022 ], [ 0.9488, 11.0218 ], [ 0.949, 11.0217 ], [ 0.9498, 11.0216 ], [ 0.9502, 11.0216 ], [ 0.9504, 11.0214 ], [ 0.9508, 11.021 ], [ 0.9513, 11.0204 ], [ 0.9515, 11.0198 ], [ 0.9518, 11.0192 ], [ 0.9523, 11.0185 ], [ 0.9532, 11.0178 ], [ 0.9538, 11.0172 ], [ 0.9542, 11.017 ], [ 0.9549, 11.0165 ], [ 0.9554, 11.0164 ], [ 0.9557, 11.0167 ], [ 0.9558, 11.0168 ], [ 0.956, 11.0167 ], [ 0.9562, 11.0166 ], [ 0.9564, 11.0165 ], [ 0.9572, 11.0161 ], [ 0.9576, 11.0158 ], [ 0.958, 11.0155 ], [ 0.9584, 11.0152 ], [ 0.9584, 11.0151 ], [ 0.9586, 11.0148 ], [ 0.9587, 11.0145 ], [ 0.9586, 11.0141 ], [ 0.9584, 11.0137 ], [ 0.9578, 11.0131 ], [ 0.9575, 11.0124 ], [ 0.9575, 11.0119 ], [ 0.9582, 11.011 ], [ 0.9592, 11.0102 ], [ 0.9599, 11.0096 ], [ 0.9602, 11.0094 ], [ 0.961, 11.0091 ], [ 0.9616, 11.0087 ], [ 0.9622, 11.0081 ], [ 0.9626, 11.0075 ], [ 0.9632, 11.0067 ], [ 0.9636, 11.0064 ], [ 0.9642, 11.0059 ], [ 0.9649, 11.0053 ], [ 0.9656, 11.0042 ], [ 0.966, 11.0036 ], [ 0.9664, 11.003 ], [ 0.9671, 11.0024 ], [ 0.9679, 11.0018 ], [ 0.9686, 11.0013 ], [ 0.9693, 11.001 ], [ 0.9701, 11.0008 ], [ 0.9707, 11.0005 ], [ 0.9715, 11.0 ], [ 0.9723, 10.9997 ], [ 0.973, 10.9995 ], [ 0.9733, 10.9995 ], [ 0.9742, 10.9994 ], [ 0.9745, 10.9994 ], [ 0.9753, 10.9992 ], [ 0.9759, 10.9988 ], [ 0.9764, 10.9982 ], [ 0.9767, 10.9974 ], [ 0.9767, 10.997 ], [ 0.9765, 10.9965 ], [ 0.9763, 10.9961 ], [ 0.9766, 10.9949 ], [ 0.977, 10.9942 ], [ 0.9772, 10.9936 ], [ 0.9773, 10.9932 ], [ 0.9775, 10.9923 ], [ 0.9778, 10.9918 ], [ 0.9778, 10.9912 ], [ 0.9779, 10.9904 ], [ 0.9782, 10.9893 ], [ 0.9788, 10.9878 ], [ 0.9794, 10.9865 ], [ 0.9801, 10.9848 ], [ 0.9802, 10.9844 ], [ 0.9804, 10.984 ], [ 0.9805, 10.9834 ], [ 0.9804, 10.9828 ], [ 0.9802, 10.9823 ], [ 0.9796, 10.982 ], [ 0.9788, 10.9819 ], [ 0.9785, 10.982 ], [ 0.9781, 10.9821 ], [ 0.9772, 10.982 ], [ 0.9767, 10.9818 ], [ 0.9761, 10.9816 ], [ 0.9754, 10.9814 ], [ 0.9754, 10.9813 ], [ 0.9747, 10.9809 ], [ 0.9746, 10.9808 ], [ 0.9744, 10.9807 ], [ 0.9741, 10.9803 ], [ 0.9737, 10.9796 ], [ 0.9733, 10.9786 ], [ 0.9729, 10.9777 ], [ 0.9726, 10.9771 ], [ 0.972, 10.9761 ], [ 0.9715, 10.9755 ], [ 0.9711, 10.9749 ], [ 0.9708, 10.9745 ], [ 0.9704, 10.9739 ], [ 0.9698, 10.9734 ], [ 0.9692, 10.9731 ], [ 0.9688, 10.9728 ], [ 0.9687, 10.9727 ], [ 0.9685, 10.9725 ], [ 0.9681, 10.9722 ], [ 0.9679, 10.9721 ], [ 0.9676, 10.9719 ], [ 0.9669, 10.9714 ], [ 0.9665, 10.9709 ], [ 0.9653, 10.9701 ], [ 0.964, 10.969 ], [ 0.9631, 10.9683 ], [ 0.9623, 10.9679 ], [ 0.9616, 10.9677 ], [ 0.9608, 10.9672 ], [ 0.9597, 10.9662 ], [ 0.9593, 10.9659 ], [ 0.9589, 10.9656 ], [ 0.9584, 10.965 ], [ 0.9578, 10.9644 ], [ 0.9576, 10.9641 ], [ 0.9575, 10.9637 ], [ 0.9571, 10.9634 ], [ 0.9565, 10.9628 ], [ 0.9556, 10.9623 ], [ 0.9551, 10.9621 ], [ 0.9541, 10.9618 ], [ 0.9512, 10.9607 ], [ 0.9496, 10.96 ], [ 0.9487, 10.9596 ], [ 0.948, 10.9594 ], [ 0.9473, 10.9593 ], [ 0.9467, 10.9594 ], [ 0.9465, 10.9594 ], [ 0.9462, 10.9595 ], [ 0.9457, 10.9597 ], [ 0.9451, 10.96 ], [ 0.9447, 10.9602 ], [ 0.9445, 10.9603 ], [ 0.9441, 10.9606 ], [ 0.9438, 10.9609 ], [ 0.9436, 10.9612 ], [ 0.9434, 10.9616 ], [ 0.9434, 10.9617 ], [ 0.9434, 10.9622 ], [ 0.9435, 10.9626 ], [ 0.9434, 10.9629 ], [ 0.9433, 10.963 ], [ 0.9429, 10.9636 ], [ 0.9426, 10.9641 ], [ 0.9425, 10.9642 ], [ 0.942, 10.9647 ], [ 0.9415, 10.9653 ], [ 0.941, 10.9659 ], [ 0.9404, 10.9671 ], [ 0.94, 10.9682 ], [ 0.9395, 10.9692 ], [ 0.9389, 10.9702 ], [ 0.9386, 10.9709 ], [ 0.9383, 10.9716 ], [ 0.938, 10.972 ], [ 0.9375, 10.9728 ], [ 0.9371, 10.9737 ], [ 0.937, 10.9741 ], [ 0.9369, 10.9744 ], [ 0.9366, 10.9748 ], [ 0.9359, 10.9756 ], [ 0.9353, 10.9762 ], [ 0.9347, 10.9768 ], [ 0.9337, 10.978 ], [ 0.9331, 10.979 ], [ 0.9326, 10.98 ], [ 0.9324, 10.9806 ], [ 0.9323, 10.9811 ], [ 0.9323, 10.9819 ], [ 0.9322, 10.9831 ], [ 0.9323, 10.9841 ], [ 0.9322, 10.985 ], [ 0.932, 10.9856 ], [ 0.9316, 10.9863 ], [ 0.9311, 10.9868 ], [ 0.9306, 10.987 ], [ 0.93, 10.9874 ], [ 0.9292, 10.9881 ], [ 0.9288, 10.9884 ], [ 0.9284, 10.9886 ], [ 0.928, 10.9886 ], [ 0.9273, 10.9886 ], [ 0.9269, 10.9886 ], [ 0.9266, 10.9887 ], [ 0.9261, 10.9887 ], [ 0.9259, 10.9886 ], [ 0.9256, 10.9884 ], [ 0.9251, 10.988 ], [ 0.9247, 10.9877 ], [ 0.9244, 10.9875 ], [ 0.9241, 10.9871 ], [ 0.9239, 10.9864 ], [ 0.9237, 10.9856 ], [ 0.9239, 10.9848 ], [ 0.9242, 10.9839 ], [ 0.9243, 10.9835 ], [ 0.9244, 10.981 ], [ 0.9244, 10.9797 ], [ 0.9245, 10.9795 ], [ 0.9248, 10.9791 ], [ 0.9249, 10.9781 ], [ 0.925, 10.977 ], [ 0.925, 10.9749 ], [ 0.9248, 10.9744 ], [ 0.9248, 10.9743 ], [ 0.9247, 10.9737 ], [ 0.9246, 10.9731 ], [ 0.9246, 10.9722 ], [ 0.9246, 10.9717 ], [ 0.9245, 10.9711 ], [ 0.9244, 10.9705 ], [ 0.9243, 10.9696 ], [ 0.9244, 10.9692 ], [ 0.9243, 10.969 ], [ 0.9244, 10.9685 ], [ 0.9245, 10.9678 ], [ 0.9246, 10.9671 ], [ 0.9248, 10.9666 ], [ 0.9248, 10.9658 ], [ 0.9248, 10.9653 ], [ 0.9245, 10.964 ], [ 0.9241, 10.9631 ], [ 0.9234, 10.9622 ], [ 0.9228, 10.9612 ], [ 0.9225, 10.9603 ], [ 0.9222, 10.9596 ], [ 0.9221, 10.9593 ], [ 0.9217, 10.9588 ], [ 0.9214, 10.9584 ], [ 0.9205, 10.9571 ], [ 0.9201, 10.9563 ], [ 0.9197, 10.9552 ], [ 0.9192, 10.9544 ], [ 0.9187, 10.9538 ], [ 0.9184, 10.953 ], [ 0.9181, 10.952 ], [ 0.918, 10.9507 ], [ 0.9179, 10.9495 ], [ 0.918, 10.9488 ], [ 0.9182, 10.9482 ], [ 0.9188, 10.9474 ], [ 0.9192, 10.947 ], [ 0.9195, 10.9456 ], [ 0.9199, 10.9449 ], [ 0.9206, 10.944 ], [ 0.9221, 10.9421 ], [ 0.9229, 10.9412 ], [ 0.9238, 10.94 ], [ 0.9251, 10.9384 ], [ 0.9254, 10.9381 ], [ 0.9262, 10.9373 ], [ 0.9267, 10.9368 ], [ 0.9272, 10.9367 ], [ 0.9279, 10.9364 ], [ 0.9283, 10.9362 ], [ 0.9289, 10.9361 ], [ 0.9291, 10.9362 ], [ 0.9293, 10.9363 ], [ 0.9295, 10.9366 ], [ 0.93, 10.9366 ], [ 0.9306, 10.9364 ], [ 0.931, 10.936 ], [ 0.9312, 10.9356 ], [ 0.9313, 10.9353 ], [ 0.9316, 10.935 ], [ 0.932, 10.9345 ], [ 0.9323, 10.9339 ], [ 0.9323, 10.9333 ], [ 0.9322, 10.9327 ], [ 0.9321, 10.9322 ], [ 0.9317, 10.9312 ], [ 0.9314, 10.9304 ], [ 0.9306, 10.9299 ], [ 0.9304, 10.9291 ], [ 0.9303, 10.9283 ], [ 0.9305, 10.9274 ], [ 0.931, 10.9268 ], [ 0.9313, 10.9265 ], [ 0.9316, 10.9263 ], [ 0.9321, 10.9262 ], [ 0.9327, 10.9263 ], [ 0.9329, 10.9265 ], [ 0.933, 10.9268 ], [ 0.9337, 10.9273 ], [ 0.9339, 10.9276 ], [ 0.9343, 10.9278 ], [ 0.9348, 10.9279 ], [ 0.935, 10.9276 ], [ 0.9351, 10.9276 ], [ 0.9351, 10.9273 ], [ 0.9351, 10.9269 ], [ 0.9356, 10.9271 ], [ 0.9361, 10.9275 ], [ 0.9362, 10.9279 ], [ 0.9364, 10.9282 ], [ 0.9364, 10.9283 ], [ 0.9368, 10.9285 ], [ 0.9373, 10.9285 ], [ 0.9378, 10.9282 ], [ 0.9381, 10.9278 ], [ 0.9384, 10.927 ], [ 0.9385, 10.9264 ], [ 0.9386, 10.9263 ], [ 0.9387, 10.9251 ], [ 0.939, 10.9241 ], [ 0.9394, 10.9228 ], [ 0.9396, 10.9221 ], [ 0.9397, 10.9218 ], [ 0.9399, 10.9213 ], [ 0.9402, 10.9205 ], [ 0.9404, 10.9202 ], [ 0.9406, 10.9196 ], [ 0.9406, 10.9191 ], [ 0.9405, 10.9187 ], [ 0.9404, 10.9185 ], [ 0.9401, 10.9184 ], [ 0.94, 10.9183 ], [ 0.9399, 10.918 ], [ 0.9396, 10.9177 ], [ 0.9391, 10.9176 ], [ 0.9386, 10.9177 ], [ 0.9383, 10.918 ], [ 0.9377, 10.918 ], [ 0.9372, 10.9179 ], [ 0.9367, 10.9177 ], [ 0.9365, 10.9175 ], [ 0.9363, 10.9169 ], [ 0.9363, 10.916 ], [ 0.9364, 10.9156 ], [ 0.9366, 10.9151 ], [ 0.937, 10.9147 ], [ 0.9376, 10.9145 ], [ 0.9382, 10.9142 ], [ 0.9386, 10.9141 ], [ 0.939, 10.9141 ], [ 0.9393, 10.9141 ], [ 0.9397, 10.9141 ], [ 0.9403, 10.914 ], [ 0.9407, 10.914 ], [ 0.9416, 10.9133 ], [ 0.9422, 10.9128 ], [ 0.9426, 10.9124 ], [ 0.943, 10.912 ], [ 0.9431, 10.9118 ], [ 0.9432, 10.9114 ], [ 0.9433, 10.9111 ], [ 0.9432, 10.9105 ], [ 0.9431, 10.9097 ], [ 0.943, 10.9091 ], [ 0.9427, 10.9085 ], [ 0.9425, 10.9078 ], [ 0.9424, 10.907 ], [ 0.9424, 10.9068 ], [ 0.9423, 10.9065 ], [ 0.9423, 10.9058 ], [ 0.9422, 10.9051 ], [ 0.9417, 10.9047 ], [ 0.9413, 10.9044 ], [ 0.9409, 10.9041 ], [ 0.9402, 10.9036 ], [ 0.9392, 10.903 ], [ 0.9387, 10.9026 ], [ 0.9383, 10.9024 ], [ 0.9379, 10.9021 ], [ 0.9369, 10.9015 ], [ 0.9366, 10.9012 ], [ 0.9364, 10.9006 ], [ 0.936, 10.8999 ], [ 0.936, 10.8993 ], [ 0.9358, 10.8988 ], [ 0.9359, 10.8984 ], [ 0.936, 10.8981 ], [ 0.9356, 10.8978 ], [ 0.9354, 10.8977 ], [ 0.935, 10.8977 ], [ 0.9347, 10.8975 ], [ 0.9343, 10.8974 ], [ 0.934, 10.8973 ], [ 0.9335, 10.8974 ], [ 0.9332, 10.8977 ], [ 0.9328, 10.8979 ], [ 0.9324, 10.898 ], [ 0.9321, 10.8981 ], [ 0.9313, 10.8984 ], [ 0.9303, 10.8985 ], [ 0.9294, 10.8986 ], [ 0.9287, 10.8985 ], [ 0.9283, 10.8985 ], [ 0.9275, 10.8983 ], [ 0.9269, 10.898 ], [ 0.9262, 10.8974 ], [ 0.9258, 10.8971 ], [ 0.9252, 10.8968 ], [ 0.924, 10.8968 ], [ 0.9234, 10.8969 ], [ 0.923, 10.8971 ], [ 0.9225, 10.8977 ], [ 0.9221, 10.8982 ], [ 0.9219, 10.8988 ], [ 0.9218, 10.8994 ], [ 0.9209, 10.9 ], [ 0.9203, 10.9004 ], [ 0.9196, 10.9004 ], [ 0.9188, 10.9001 ], [ 0.9187, 10.9 ], [ 0.9176, 10.8996 ], [ 0.9169, 10.8994 ], [ 0.9163, 10.8991 ], [ 0.9162, 10.899 ], [ 0.9156, 10.8986 ], [ 0.9153, 10.8983 ], [ 0.9152, 10.8981 ], [ 0.9146, 10.8973 ], [ 0.9142, 10.8967 ], [ 0.9137, 10.8964 ], [ 0.9128, 10.8964 ], [ 0.9119, 10.8971 ], [ 0.9108, 10.8981 ], [ 0.9108, 10.8982 ], [ 0.9101, 10.8987 ], [ 0.9064, 10.901 ], [ 0.9031, 10.9032 ], [ 0.9024, 10.9037 ], [ 0.898, 10.9072 ], [ 0.8979, 10.9073 ], [ 0.8941, 10.9098 ], [ 0.894, 10.9099 ], [ 0.8939, 10.91 ], [ 0.8938, 10.91 ], [ 0.8931, 10.9105 ], [ 0.8923, 10.911 ], [ 0.8907, 10.912 ], [ 0.8897, 10.9128 ], [ 0.8895, 10.9129 ], [ 0.8893, 10.9131 ], [ 0.888, 10.9143 ], [ 0.888, 10.9144 ], [ 0.895, 10.9378 ], [ 0.8999, 10.9548 ], [ 0.9035, 10.9671 ], [ 0.9064, 10.9773 ], [ 0.9089, 10.9859 ], [ 0.912, 10.9964 ], [ 0.9117, 11.001 ], [ 0.7872, 11.0011 ], [ 0.7847, 11.0011 ], [ 0.7564, 11.0012 ], [ 0.6948, 11.0012 ], [ 0.6768, 11.0012 ], [ 0.6735, 11.0012 ], [ 0.6703, 11.0011 ], [ 0.6669, 11.0011 ], [ 0.6605, 11.0006 ], [ 0.6591, 11.0 ], [ 0.6576, 10.9994 ], [ 0.6569, 10.9992 ], [ 0.6546, 10.9983 ], [ 0.6517, 10.9969 ], [ 0.5856, 10.9688 ], [ 0.55, 10.9536 ], [ 0.5013, 10.9336 ], [ 0.5008, 10.9334 ], [ 0.501, 10.9337 ], [ 0.5013, 10.934 ], [ 0.5014, 10.9343 ], [ 0.5017, 10.9349 ], [ 0.5021, 10.9353 ], [ 0.5024, 10.9357 ], [ 0.5027, 10.9361 ], [ 0.503, 10.9365 ], [ 0.5033, 10.9368 ], [ 0.5034, 10.9371 ], [ 0.5036, 10.9373 ], [ 0.5037, 10.9375 ], [ 0.504, 10.9379 ], [ 0.5042, 10.9384 ], [ 0.5044, 10.9387 ], [ 0.5048, 10.9391 ], [ 0.505, 10.9394 ], [ 0.5052, 10.9398 ], [ 0.5054, 10.94 ], [ 0.5055, 10.9402 ], [ 0.5058, 10.9406 ], [ 0.5061, 10.9409 ], [ 0.5063, 10.9413 ], [ 0.5066, 10.9416 ], [ 0.5067, 10.9419 ], [ 0.5068, 10.9423 ], [ 0.507, 10.9427 ], [ 0.507, 10.9431 ], [ 0.5071, 10.9439 ], [ 0.5071, 10.9446 ], [ 0.5073, 10.9451 ], [ 0.5075, 10.9455 ], [ 0.5077, 10.9458 ], [ 0.5078, 10.9465 ], [ 0.5081, 10.9471 ], [ 0.5083, 10.9475 ], [ 0.5087, 10.9481 ], [ 0.5092, 10.9484 ], [ 0.5097, 10.9489 ], [ 0.5102, 10.9492 ], [ 0.5103, 10.9496 ], [ 0.5104, 10.9502 ], [ 0.5106, 10.9506 ], [ 0.5107, 10.951 ], [ 0.5107, 10.9515 ], [ 0.5107, 10.952 ], [ 0.5107, 10.9524 ], [ 0.5107, 10.9533 ], [ 0.5106, 10.9538 ], [ 0.5106, 10.9543 ], [ 0.5106, 10.9546 ], [ 0.5106, 10.9549 ], [ 0.5104, 10.9553 ], [ 0.5103, 10.9562 ], [ 0.5103, 10.9568 ], [ 0.5101, 10.9578 ], [ 0.5101, 10.9583 ], [ 0.5099, 10.9588 ], [ 0.5098, 10.9598 ], [ 0.5098, 10.9599 ], [ 0.5097, 10.9605 ], [ 0.5097, 10.9611 ], [ 0.5098, 10.9616 ], [ 0.5102, 10.9623 ], [ 0.5104, 10.9629 ], [ 0.5107, 10.9632 ], [ 0.5114, 10.9638 ], [ 0.5119, 10.9642 ], [ 0.5123, 10.9646 ], [ 0.5129, 10.9651 ], [ 0.5134, 10.9656 ], [ 0.5135, 10.966 ], [ 0.5137, 10.9664 ], [ 0.5138, 10.9668 ], [ 0.5139, 10.9672 ], [ 0.514, 10.9678 ], [ 0.5142, 10.9684 ], [ 0.5141, 10.9688 ], [ 0.514, 10.9694 ], [ 0.5141, 10.9699 ], [ 0.5143, 10.9704 ], [ 0.5147, 10.9706 ], [ 0.5151, 10.9708 ], [ 0.5152, 10.9707 ], [ 0.5156, 10.9707 ], [ 0.5159, 10.9707 ], [ 0.5165, 10.9706 ], [ 0.5168, 10.9706 ], [ 0.5173, 10.9708 ], [ 0.5173, 10.971 ], [ 0.5174, 10.9714 ], [ 0.5173, 10.9719 ], [ 0.517, 10.9724 ], [ 0.5166, 10.9728 ], [ 0.5162, 10.9732 ], [ 0.5158, 10.9736 ], [ 0.5156, 10.9739 ], [ 0.5152, 10.9742 ], [ 0.5147, 10.9746 ], [ 0.5138, 10.9752 ], [ 0.5135, 10.9755 ], [ 0.513, 10.9761 ], [ 0.5124, 10.9767 ], [ 0.5117, 10.9773 ], [ 0.5115, 10.9777 ], [ 0.5112, 10.9784 ], [ 0.511, 10.9791 ], [ 0.5109, 10.9797 ], [ 0.5108, 10.9804 ], [ 0.5106, 10.9808 ], [ 0.5104, 10.9813 ], [ 0.5101, 10.9818 ], [ 0.51, 10.9822 ], [ 0.5099, 10.9828 ], [ 0.51, 10.9835 ], [ 0.5102, 10.984 ], [ 0.5102, 10.9844 ], [ 0.5103, 10.9849 ], [ 0.5102, 10.9856 ], [ 0.5102, 10.986 ], [ 0.5103, 10.9868 ], [ 0.5103, 10.9869 ], [ 0.5102, 10.9872 ], [ 0.5101, 10.9879 ], [ 0.5099, 10.9885 ], [ 0.5095, 10.9892 ], [ 0.5091, 10.9897 ], [ 0.5088, 10.99 ], [ 0.5084, 10.9904 ], [ 0.5081, 10.9907 ], [ 0.5075, 10.9911 ], [ 0.5069, 10.9913 ], [ 0.5066, 10.9913 ], [ 0.5062, 10.9913 ], [ 0.5057, 10.9911 ], [ 0.5054, 10.9908 ], [ 0.505, 10.9904 ], [ 0.5045, 10.9899 ], [ 0.5041, 10.9896 ], [ 0.5037, 10.9893 ], [ 0.5033, 10.989 ], [ 0.503, 10.9889 ], [ 0.5028, 10.9886 ], [ 0.5022, 10.9883 ], [ 0.502, 10.9881 ], [ 0.5017, 10.9879 ], [ 0.5009, 10.9877 ], [ 0.5004, 10.9877 ], [ 0.4998, 10.9879 ], [ 0.4993, 10.9878 ], [ 0.4988, 10.9878 ], [ 0.4986, 10.9881 ], [ 0.4982, 10.9881 ], [ 0.4978, 10.9884 ], [ 0.4977, 10.9887 ], [ 0.4976, 10.9891 ], [ 0.4976, 10.9894 ], [ 0.4977, 10.9898 ], [ 0.4977, 10.9901 ], [ 0.4977, 10.9909 ], [ 0.4978, 10.9912 ], [ 0.4979, 10.9917 ], [ 0.4981, 10.9923 ], [ 0.4983, 10.993 ], [ 0.4985, 10.9935 ], [ 0.4987, 10.9938 ], [ 0.4988, 10.9942 ], [ 0.4989, 10.9943 ], [ 0.4991, 10.9947 ], [ 0.4992, 10.9948 ], [ 0.4997, 10.9951 ], [ 0.4998, 10.9952 ], [ 0.5002, 10.9952 ], [ 0.5004, 10.9953 ], [ 0.5005, 10.9956 ], [ 0.501, 10.996 ], [ 0.5013, 10.9962 ], [ 0.5016, 10.9962 ], [ 0.5019, 10.9963 ], [ 0.5023, 10.9967 ], [ 0.5028, 10.9969 ], [ 0.5034, 10.9971 ], [ 0.5038, 10.9975 ], [ 0.504, 10.9979 ], [ 0.504, 10.9985 ], [ 0.504, 10.9989 ], [ 0.5039, 10.9991 ], [ 0.5038, 10.9996 ], [ 0.5036, 11.0 ], [ 0.5032, 11.0002 ], [ 0.5024, 11.0007 ], [ 0.5021, 11.0011 ], [ 0.5024, 11.0015 ], [ 0.5028, 11.0016 ], [ 0.5032, 11.0017 ], [ 0.504, 11.0016 ], [ 0.5043, 11.0018 ], [ 0.5043, 11.0021 ], [ 0.504, 11.0025 ], [ 0.5031, 11.0026 ], [ 0.5024, 11.0027 ], [ 0.5018, 11.0028 ], [ 0.5013, 11.003 ], [ 0.5011, 11.0031 ], [ 0.501, 11.0033 ], [ 0.501, 11.0035 ], [ 0.501, 11.0036 ], [ 0.5011, 11.0038 ], [ 0.5012, 11.0041 ], [ 0.5014, 11.0044 ], [ 0.502, 11.0049 ], [ 0.5021, 11.005 ], [ 0.5026, 11.0051 ], [ 0.5029, 11.0053 ], [ 0.5033, 11.0055 ], [ 0.5037, 11.0059 ], [ 0.5039, 11.0062 ], [ 0.504, 11.0063 ], [ 0.504, 11.0067 ], [ 0.5039, 11.0071 ], [ 0.5039, 11.0072 ], [ 0.504, 11.0076 ], [ 0.504, 11.008 ], [ 0.5042, 11.0083 ], [ 0.5042, 11.0084 ], [ 0.5044, 11.0088 ], [ 0.5045, 11.009 ], [ 0.5048, 11.0092 ], [ 0.5042, 11.0094 ], [ 0.5011, 11.01 ], [ 0.5, 11.0102 ], [ 0.4979, 11.0107 ], [ 0.4947, 11.0114 ], [ 0.4917, 11.0121 ], [ 0.4884, 11.0128 ], [ 0.4852, 11.0133 ], [ 0.4821, 11.014 ], [ 0.4789, 11.0146 ], [ 0.4756, 11.0153 ], [ 0.4725, 11.016 ], [ 0.4693, 11.0168 ], [ 0.4661, 11.0173 ], [ 0.463, 11.018 ], [ 0.4245, 11.0263 ], [ 0.4234, 11.0265 ], [ 0.4214, 11.0269 ], [ 0.4126, 11.028 ], [ 0.406, 11.0297 ], [ 0.3937, 11.0322 ], [ 0.3809, 11.0348 ], [ 0.3649, 11.0379 ], [ 0.3638, 11.0382 ], [ 0.3522, 11.0405 ], [ 0.3392, 11.0432 ], [ 0.3297, 11.0452 ], [ 0.3199, 11.0474 ], [ 0.3107, 11.0492 ], [ 0.31, 11.0493 ], [ 0.3011, 11.0511 ], [ 0.2912, 11.0532 ], [ 0.2849, 11.0545 ], [ 0.2752, 11.0571 ], [ 0.2721, 11.0577 ], [ 0.2655, 11.0592 ], [ 0.2629, 11.0597 ], [ 0.2624, 11.0598 ], [ 0.253, 11.0616 ], [ 0.2466, 11.063 ], [ 0.2435, 11.0636 ], [ 0.234, 11.0656 ], [ 0.2243, 11.0677 ], [ 0.2139, 11.07 ], [ 0.2044, 11.0719 ], [ 0.1917, 11.0747 ], [ 0.1822, 11.0766 ], [ 0.1728, 11.0788 ], [ 0.1633, 11.0804 ], [ 0.1535, 11.0827 ], [ 0.147, 11.0841 ], [ 0.1375, 11.0866 ], [ 0.1248, 11.0893 ], [ 0.1151, 11.0911 ], [ 0.1056, 11.0931 ], [ 0.0992, 11.0944 ], [ 0.0865, 11.0972 ], [ 0.0766, 11.0993 ], [ 0.0639, 11.1019 ], [ 0.0575, 11.1031 ], [ 0.0513, 11.1044 ], [ 0.0452, 11.106 ], [ 0.0402, 11.1068 ], [ 0.0387, 11.107 ], [ 0.0356, 11.1076 ], [ 0.0325, 11.1078 ], [ 0.0324, 11.1078 ], [ 0.0301, 11.1087 ], [ 0.0277, 11.1097 ], [ 0.0272, 11.1099 ], [ 0.0238, 11.1116 ], [ 0.0237, 11.1116 ], [ 0.0235, 11.1116 ], [ 0.0231, 11.1117 ], [ 0.0225, 11.1118 ], [ 0.0204, 11.1122 ], [ 0.0197, 11.1123 ], [ 0.0174, 11.1129 ], [ 0.0173, 11.113 ], [ 0.0141, 11.1136 ], [ 0.0128, 11.1136 ], [ 0.011, 11.1136 ], [ 0.0085, 11.1132 ], [ 0.0068, 11.1125 ], [ 0.0038, 11.1116 ], [ 0.0009, 11.111 ], [ 0.0, 11.111 ], [ -0.0011, 11.1109 ], [ -0.0035, 11.1115 ], [ -0.0068, 11.112 ], [ -0.0102, 11.1129 ], [ -0.0165, 11.1142 ], [ -0.0226, 11.1155 ], [ -0.026, 11.1158 ], [ -0.0322, 11.1169 ], [ -0.036, 11.1177 ], [ -0.045, 11.1203 ], [ -0.0515, 11.1216 ], [ -0.0579, 11.1223 ], [ -0.0676, 11.1243 ], [ -0.077, 11.1265 ], [ -0.0864, 11.1286 ], [ -0.0959, 11.1301 ], [ -0.0989, 11.1308 ], [ -0.1054, 11.1324 ], [ -0.1084, 11.1331 ], [ -0.118, 11.1353 ], [ -0.1213, 11.1358 ], [ -0.124, 11.1361 ], [ -0.1248, 11.1363 ], [ -0.1311, 11.1375 ], [ -0.1319, 11.1377 ], [ -0.1408, 11.1395 ], [ -0.1502, 11.1415 ], [ -0.1548, 11.1425 ], [ -0.1696, 11.1456 ], [ -0.1841, 11.1486 ], [ -0.1949, 11.1509 ], [ -0.2109, 11.1545 ], [ -0.227, 11.1574 ], [ -0.2459, 11.162 ], [ -0.2619, 11.1651 ], [ -0.2692, 11.1667 ], [ -0.2705, 11.167 ], [ -0.2781, 11.1687 ], [ -0.2814, 11.1696 ], [ -0.2816, 11.1695 ], [ -0.2818, 11.1691 ], [ -0.2822, 11.1685 ], [ -0.2829, 11.1672 ], [ -0.2833, 11.166 ], [ -0.2835, 11.1654 ], [ -0.2839, 11.1645 ], [ -0.284, 11.1629 ], [ -0.2842, 11.161 ], [ -0.2844, 11.1596 ], [ -0.2843, 11.1576 ], [ -0.2844, 11.1568 ], [ -0.2843, 11.1547 ], [ -0.2843, 11.154 ], [ -0.285, 11.153 ], [ -0.2873, 11.1518 ], [ -0.2881, 11.1511 ], [ -0.2884, 11.1505 ], [ -0.2889, 11.1492 ], [ -0.2889, 11.1485 ], [ -0.289, 11.1474 ], [ -0.2887, 11.1464 ], [ -0.2875, 11.1453 ], [ -0.2866, 11.1446 ], [ -0.2866, 11.1445 ], [ -0.2844, 11.1429 ], [ -0.2839, 11.1425 ], [ -0.2822, 11.1415 ], [ -0.2807, 11.1408 ], [ -0.2791, 11.1405 ], [ -0.2779, 11.1405 ], [ -0.2774, 11.1405 ], [ -0.2759, 11.1398 ], [ -0.2742, 11.1391 ], [ -0.2732, 11.1385 ], [ -0.2723, 11.1376 ], [ -0.2716, 11.1369 ], [ -0.2708, 11.1343 ], [ -0.2707, 11.1326 ], [ -0.2707, 11.1303 ], [ -0.2706, 11.1286 ], [ -0.2706, 11.1279 ], [ -0.271, 11.1265 ], [ -0.2723, 11.1255 ], [ -0.2737, 11.1241 ], [ -0.2751, 11.1232 ], [ -0.2767, 11.1232 ], [ -0.278, 11.1232 ], [ -0.2788, 11.1231 ], [ -0.279, 11.1231 ], [ -0.2804, 11.1227 ], [ -0.2811, 11.1222 ], [ -0.2828, 11.1218 ], [ -0.2844, 11.1215 ], [ -0.2857, 11.1214 ], [ -0.2869, 11.1211 ], [ -0.2884, 11.1206 ], [ -0.2903, 11.1201 ], [ -0.2904, 11.1201 ], [ -0.2923, 11.1195 ], [ -0.2944, 11.1193 ], [ -0.2959, 11.1191 ], [ -0.2979, 11.119 ], [ -0.2996, 11.1193 ], [ -0.3014, 11.1197 ], [ -0.304, 11.1188 ], [ -0.3047, 11.1185 ], [ -0.3055, 11.1181 ], [ -0.3069, 11.1171 ], [ -0.3086, 11.116 ], [ -0.309, 11.1158 ], [ -0.3092, 11.1157 ], [ -0.3101, 11.1154 ], [ -0.3108, 11.1152 ], [ -0.3113, 11.1152 ], [ -0.3115, 11.1152 ], [ -0.3139, 11.1149 ], [ -0.3161, 11.115 ], [ -0.3174, 11.115 ], [ -0.3178, 11.1151 ], [ -0.3182, 11.1151 ], [ -0.3194, 11.115 ], [ -0.3208, 11.1146 ], [ -0.3209, 11.1146 ], [ -0.322, 11.1141 ], [ -0.3234, 11.1133 ], [ -0.3247, 11.1125 ], [ -0.3256, 11.1119 ], [ -0.3268, 11.1113 ], [ -0.3281, 11.1107 ], [ -0.3282, 11.1106 ], [ -0.3296, 11.11 ], [ -0.331, 11.1091 ], [ -0.3324, 11.1086 ], [ -0.3338, 11.1081 ], [ -0.3351, 11.1077 ], [ -0.3357, 11.1075 ], [ -0.336, 11.1073 ], [ -0.3363, 11.1071 ], [ -0.3365, 11.1069 ], [ -0.3366, 11.1064 ], [ -0.3365, 11.106 ], [ -0.3365, 11.1057 ], [ -0.3365, 11.1056 ], [ -0.3363, 11.1047 ], [ -0.336, 11.1037 ], [ -0.3357, 11.1019 ], [ -0.3357, 11.1008 ], [ -0.3359, 11.099 ], [ -0.3362, 11.098 ], [ -0.3362, 11.097 ], [ -0.3364, 11.0963 ], [ -0.3365, 11.0961 ], [ -0.3372, 11.0943 ], [ -0.3378, 11.0928 ], [ -0.3383, 11.0916 ], [ -0.3388, 11.0902 ], [ -0.3391, 11.0893 ], [ -0.3391, 11.0892 ], [ -0.3392, 11.0891 ], [ -0.3397, 11.0885 ], [ -0.3402, 11.0876 ], [ -0.3404, 11.0873 ], [ -0.3414, 11.0864 ], [ -0.3425, 11.0856 ], [ -0.3447, 11.0853 ], [ -0.346, 11.085 ], [ -0.3463, 11.0849 ], [ -0.3484, 11.0847 ], [ -0.3493, 11.0849 ], [ -0.3498, 11.085 ], [ -0.3508, 11.0853 ], [ -0.3519, 11.0854 ], [ -0.3529, 11.0852 ], [ -0.3534, 11.0846 ], [ -0.3536, 11.0843 ], [ -0.3543, 11.0831 ], [ -0.3547, 11.082 ], [ -0.3547, 11.0807 ], [ -0.3545, 11.0797 ], [ -0.3544, 11.0794 ], [ -0.3543, 11.0788 ], [ -0.3542, 11.0782 ], [ -0.3542, 11.0776 ], [ -0.3541, 11.0769 ], [ -0.3543, 11.0758 ], [ -0.3549, 11.0738 ], [ -0.3558, 11.0724 ], [ -0.3573, 11.0711 ], [ -0.3575, 11.071 ], [ -0.3578, 11.0708 ], [ -0.3598, 11.0698 ], [ -0.3608, 11.0692 ], [ -0.3615, 11.0688 ], [ -0.3613, 11.0695 ], [ -0.361, 11.0704 ], [ -0.3598, 11.0738 ], [ -0.3598, 11.0759 ], [ -0.3597, 11.0777 ], [ -0.3605, 11.0787 ], [ -0.362, 11.0795 ], [ -0.3634, 11.0801 ], [ -0.3649, 11.0809 ], [ -0.3673, 11.0829 ], [ -0.3692, 11.0853 ], [ -0.37, 11.0873 ], [ -0.3711, 11.0896 ], [ -0.3716, 11.091 ], [ -0.3719, 11.0923 ], [ -0.3717, 11.0935 ], [ -0.371, 11.0947 ], [ -0.3705, 11.0956 ], [ -0.3697, 11.0974 ], [ -0.3704, 11.0991 ], [ -0.3716, 11.1002 ], [ -0.3721, 11.1006 ], [ -0.3735, 11.1024 ], [ -0.3746, 11.1042 ], [ -0.375, 11.1053 ], [ -0.3751, 11.1076 ], [ -0.3749, 11.1088 ], [ -0.3744, 11.1106 ], [ -0.3743, 11.111 ], [ -0.3743, 11.1111 ], [ -0.3746, 11.1141 ], [ -0.3745, 11.118 ], [ -0.3742, 11.1186 ], [ -0.3739, 11.1193 ], [ -0.3724, 11.122 ], [ -0.3721, 11.1229 ], [ -0.3713, 11.1249 ], [ -0.3707, 11.1263 ], [ -0.3709, 11.1264 ], [ -0.3726, 11.1268 ], [ -0.376, 11.1264 ], [ -0.3787, 11.1257 ], [ -0.381, 11.128 ], [ -0.3851, 11.1295 ], [ -0.3881, 11.128 ], [ -0.3913, 11.1277 ], [ -0.4013, 11.1294 ], [ -0.4046, 11.1288 ], [ -0.4069, 11.1267 ], [ -0.4091, 11.1246 ], [ -0.4119, 11.1235 ], [ -0.4148, 11.1231 ], [ -0.4179, 11.1219 ], [ -0.4199, 11.1192 ], [ -0.4233, 11.114 ], [ -0.4259, 11.1118 ], [ -0.4346, 11.1065 ], [ -0.4358, 11.1038 ], [ -0.4359, 11.1007 ], [ -0.4352, 11.0978 ], [ -0.4347, 11.0911 ], [ -0.4346, 11.0865 ], [ -0.4348, 11.0841 ], [ -0.4401, 11.0757 ], [ -0.4412, 11.0722 ], [ -0.4418, 11.0694 ], [ -0.4415, 11.0637 ], [ -0.4415, 11.0504 ], [ -0.4407, 11.042 ], [ -0.4401, 11.037 ], [ -0.4431, 11.0357 ], [ -0.4548, 11.0309 ], [ -0.4627, 11.0308 ], [ -0.4715, 11.036 ], [ -0.4741, 11.0372 ], [ -0.4822, 11.0235 ], [ -0.485, 11.0221 ], [ -0.4881, 11.021 ], [ -0.4914, 11.0198 ], [ -0.4958, 11.0126 ], [ -0.4965, 11.0114 ], [ -0.497, 11.0106 ], [ -0.5, 11.0052 ], [ -0.5029, 11.0 ], [ -0.5039, 10.9982 ], [ -0.5056, 10.9952 ], [ -0.5076, 10.9927 ], [ -0.5084, 10.9914 ], [ -0.5095, 10.9899 ], [ -0.5096, 10.9897 ], [ -0.51, 10.9897 ], [ -0.5123, 10.9895 ], [ -0.5151, 10.9896 ], [ -0.5158, 10.9897 ], [ -0.5181, 10.9911 ], [ -0.5207, 10.9944 ], [ -0.523, 10.9969 ], [ -0.5249, 10.9983 ], [ -0.5255, 10.9988 ], [ -0.526, 10.9962 ], [ -0.5267, 10.9931 ], [ -0.5267, 10.9919 ], [ -0.5267, 10.991 ], [ -0.5291, 10.9875 ], [ -0.5364, 10.9843 ], [ -0.5386, 10.9813 ], [ -0.5405, 10.9788 ], [ -0.5421, 10.9761 ], [ -0.5435, 10.9762 ], [ -0.5444, 10.9763 ], [ -0.5447, 10.9764 ], [ -0.5456, 10.9765 ], [ -0.5468, 10.9791 ], [ -0.5482, 10.9843 ], [ -0.5492, 10.9876 ], [ -0.5514, 10.9907 ], [ -0.5524, 10.9919 ], [ -0.5535, 10.9935 ], [ -0.555, 10.995 ], [ -0.5559, 10.9957 ], [ -0.5586, 10.9956 ], [ -0.5587, 10.9956 ], [ -0.5615, 10.9954 ], [ -0.5626, 10.9954 ], [ -0.5649, 10.9954 ], [ -0.5668, 10.9912 ], [ -0.5669, 10.991 ], [ -0.5678, 10.9879 ], [ -0.568, 10.9875 ], [ -0.5691, 10.9849 ], [ -0.5701, 10.9826 ], [ -0.5713, 10.9794 ], [ -0.5729, 10.9767 ], [ -0.5737, 10.9756 ], [ -0.5747, 10.9743 ], [ -0.575, 10.9739 ], [ -0.5755, 10.973 ], [ -0.5766, 10.9711 ], [ -0.5783, 10.9684 ], [ -0.5788, 10.9668 ], [ -0.5793, 10.9653 ], [ -0.5803, 10.9621 ], [ -0.5826, 10.9602 ], [ -0.5832, 10.9598 ], [ -0.5855, 10.9582 ], [ -0.585, 10.9551 ], [ -0.584, 10.9389 ], [ -0.585, 10.9366 ], [ -0.5881, 10.9338 ], [ -0.59, 10.9322 ], [ -0.5909, 10.931 ], [ -0.592, 10.9297 ], [ -0.5931, 10.927 ], [ -0.5929, 10.9239 ], [ -0.5921, 10.9198 ], [ -0.5917, 10.9177 ], [ -0.5925, 10.9156 ], [ -0.6059, 10.903 ], [ -0.613, 10.8964 ], [ -0.6132, 10.8968 ], [ -0.6132, 10.897 ], [ -0.6134, 10.8972 ], [ -0.6134, 10.8975 ], [ -0.6135, 10.8978 ], [ -0.6136, 10.898 ], [ -0.6137, 10.8984 ], [ -0.6137, 10.8986 ], [ -0.6138, 10.8989 ], [ -0.6138, 10.8992 ], [ -0.6139, 10.8997 ], [ -0.6141, 10.9 ], [ -0.6142, 10.9003 ], [ -0.6144, 10.9006 ], [ -0.6145, 10.9008 ], [ -0.6146, 10.9009 ], [ -0.6146, 10.901 ], [ -0.6147, 10.9013 ], [ -0.6149, 10.9016 ], [ -0.615, 10.9018 ], [ -0.6151, 10.9021 ], [ -0.6152, 10.9023 ], [ -0.6152, 10.9026 ], [ -0.6154, 10.9029 ], [ -0.6156, 10.9034 ], [ -0.6157, 10.9036 ], [ -0.6158, 10.904 ], [ -0.616, 10.9044 ], [ -0.6162, 10.9048 ], [ -0.6163, 10.9049 ], [ -0.6163, 10.9051 ], [ -0.6165, 10.9054 ], [ -0.6167, 10.9057 ], [ -0.6167, 10.906 ], [ -0.6168, 10.9063 ], [ -0.6168, 10.9067 ], [ -0.617, 10.9069 ], [ -0.6171, 10.9072 ], [ -0.6173, 10.9075 ], [ -0.6175, 10.9076 ], [ -0.6177, 10.9078 ], [ -0.6179, 10.9079 ], [ -0.618, 10.908 ], [ -0.6182, 10.9082 ], [ -0.6184, 10.9084 ], [ -0.6186, 10.9088 ], [ -0.6187, 10.909 ], [ -0.6188, 10.9094 ], [ -0.6189, 10.9097 ], [ -0.6189, 10.9099 ], [ -0.6189, 10.91 ], [ -0.6189, 10.9103 ], [ -0.6187, 10.9105 ], [ -0.6186, 10.9106 ], [ -0.6185, 10.9107 ], [ -0.6185, 10.9111 ], [ -0.6186, 10.9113 ], [ -0.6188, 10.9116 ], [ -0.6189, 10.9119 ], [ -0.619, 10.9121 ], [ -0.6193, 10.9124 ], [ -0.6196, 10.9128 ], [ -0.6197, 10.9132 ], [ -0.6198, 10.9136 ], [ -0.6198, 10.9139 ], [ -0.6195, 10.9142 ], [ -0.6194, 10.9143 ], [ -0.6192, 10.9145 ], [ -0.6191, 10.9148 ], [ -0.6188, 10.9152 ], [ -0.6187, 10.9156 ], [ -0.6186, 10.9159 ], [ -0.6185, 10.916 ], [ -0.6185, 10.9163 ], [ -0.6185, 10.9166 ], [ -0.6186, 10.9169 ], [ -0.6188, 10.9172 ], [ -0.6191, 10.9177 ], [ -0.6194, 10.9181 ], [ -0.6196, 10.9184 ], [ -0.6198, 10.9187 ], [ -0.6199, 10.9189 ], [ -0.62, 10.9189 ], [ -0.6202, 10.9191 ], [ -0.6204, 10.9192 ], [ -0.6205, 10.9193 ], [ -0.6207, 10.9195 ], [ -0.6209, 10.9197 ], [ -0.621, 10.9199 ], [ -0.6213, 10.9203 ], [ -0.6215, 10.9205 ], [ -0.6216, 10.9208 ], [ -0.6217, 10.9209 ], [ -0.6221, 10.9213 ], [ -0.6222, 10.9215 ], [ -0.6223, 10.9219 ], [ -0.6223, 10.9221 ], [ -0.6222, 10.9222 ], [ -0.6222, 10.9225 ], [ -0.6222, 10.9228 ], [ -0.6224, 10.923 ], [ -0.6225, 10.9231 ], [ -0.6227, 10.9232 ], [ -0.6228, 10.9234 ], [ -0.623, 10.9237 ], [ -0.6231, 10.9242 ], [ -0.6233, 10.9245 ], [ -0.6233, 10.9247 ], [ -0.6234, 10.925 ], [ -0.6234, 10.9253 ], [ -0.6234, 10.9257 ], [ -0.6233, 10.9259 ], [ -0.6232, 10.9262 ], [ -0.6231, 10.9265 ], [ -0.623, 10.9269 ], [ -0.6229, 10.927 ], [ -0.623, 10.9272 ], [ -0.623, 10.9274 ], [ -0.6231, 10.9276 ], [ -0.6233, 10.9279 ], [ -0.6235, 10.9283 ], [ -0.6236, 10.9285 ], [ -0.6234, 10.9288 ], [ -0.623, 10.9288 ], [ -0.623, 10.929 ], [ -0.6232, 10.9293 ], [ -0.6234, 10.9296 ], [ -0.6235, 10.9298 ], [ -0.6236, 10.9302 ], [ -0.6237, 10.9304 ], [ -0.6239, 10.9306 ], [ -0.624, 10.9307 ], [ -0.624, 10.931 ], [ -0.6241, 10.9313 ], [ -0.6242, 10.9315 ], [ -0.6242, 10.9317 ], [ -0.6241, 10.9322 ], [ -0.624, 10.9327 ], [ -0.6239, 10.9329 ], [ -0.6237, 10.9334 ], [ -0.6236, 10.9339 ], [ -0.6237, 10.9344 ], [ -0.6239, 10.9348 ], [ -0.624, 10.935 ], [ -0.6241, 10.9351 ], [ -0.6242, 10.9355 ], [ -0.6244, 10.936 ], [ -0.6245, 10.9364 ], [ -0.6248, 10.9368 ], [ -0.625, 10.9372 ], [ -0.6252, 10.9375 ], [ -0.6255, 10.938 ], [ -0.6258, 10.9385 ], [ -0.626, 10.9388 ], [ -0.6263, 10.9391 ], [ -0.6266, 10.9394 ], [ -0.6268, 10.9396 ], [ -0.627, 10.9398 ], [ -0.6273, 10.94 ], [ -0.6276, 10.9403 ], [ -0.6279, 10.9405 ], [ -0.6283, 10.9408 ], [ -0.6286, 10.941 ], [ -0.6289, 10.9412 ], [ -0.6291, 10.9412 ], [ -0.6296, 10.9415 ], [ -0.63, 10.9416 ], [ -0.6304, 10.9415 ], [ -0.6307, 10.9414 ], [ -0.6312, 10.9413 ], [ -0.6317, 10.9413 ], [ -0.632, 10.9413 ], [ -0.6325, 10.9413 ], [ -0.6327, 10.9413 ], [ -0.6333, 10.9415 ], [ -0.6335, 10.9415 ], [ -0.6339, 10.9415 ], [ -0.6343, 10.9416 ], [ -0.6347, 10.9417 ], [ -0.6352, 10.9417 ], [ -0.6358, 10.9419 ], [ -0.6361, 10.9421 ], [ -0.6362, 10.9422 ], [ -0.6367, 10.9425 ], [ -0.6371, 10.9428 ], [ -0.6374, 10.943 ], [ -0.638, 10.9433 ], [ -0.6383, 10.9436 ], [ -0.6386, 10.9438 ], [ -0.6388, 10.9441 ], [ -0.6391, 10.9443 ], [ -0.6394, 10.9444 ], [ -0.6398, 10.9446 ], [ -0.64, 10.9447 ], [ -0.6403, 10.9447 ], [ -0.6405, 10.9449 ], [ -0.6409, 10.9452 ], [ -0.6411, 10.9453 ], [ -0.6413, 10.9454 ], [ -0.6414, 10.9456 ], [ -0.6414, 10.9459 ], [ -0.6413, 10.9461 ], [ -0.6413, 10.9464 ], [ -0.6414, 10.9465 ], [ -0.6417, 10.9466 ], [ -0.6421, 10.9469 ], [ -0.6425, 10.947 ], [ -0.643, 10.9472 ], [ -0.6434, 10.9472 ], [ -0.6439, 10.9474 ], [ -0.6443, 10.9476 ], [ -0.6446, 10.9478 ], [ -0.6449, 10.9479 ], [ -0.6452, 10.948 ], [ -0.6455, 10.9482 ], [ -0.6458, 10.9483 ], [ -0.6461, 10.9484 ], [ -0.6465, 10.9485 ], [ -0.6468, 10.9486 ], [ -0.6472, 10.9488 ], [ -0.6475, 10.949 ], [ -0.6478, 10.9491 ], [ -0.6481, 10.9493 ], [ -0.6483, 10.9494 ], [ -0.6486, 10.9497 ], [ -0.6484, 10.9498 ], [ -0.6483, 10.9499 ], [ -0.6482, 10.9501 ], [ -0.6479, 10.9504 ], [ -0.6474, 10.9508 ], [ -0.6471, 10.9511 ], [ -0.6468, 10.9514 ], [ -0.6466, 10.9515 ], [ -0.6463, 10.9517 ], [ -0.6459, 10.9519 ], [ -0.6459, 10.952 ], [ -0.6457, 10.9522 ], [ -0.6457, 10.9524 ], [ -0.6456, 10.9526 ], [ -0.6456, 10.9528 ], [ -0.6456, 10.9529 ], [ -0.6456, 10.9533 ], [ -0.6455, 10.9535 ], [ -0.6454, 10.954 ], [ -0.6454, 10.9544 ], [ -0.6455, 10.9549 ], [ -0.6455, 10.9551 ], [ -0.6454, 10.9554 ], [ -0.6456, 10.9557 ], [ -0.6457, 10.9561 ], [ -0.6461, 10.9564 ], [ -0.6463, 10.9565 ], [ -0.6466, 10.9565 ], [ -0.6471, 10.9567 ], [ -0.6474, 10.9569 ], [ -0.6477, 10.9571 ], [ -0.6482, 10.9575 ], [ -0.6483, 10.9577 ], [ -0.6485, 10.9578 ], [ -0.6487, 10.9579 ], [ -0.649, 10.9581 ], [ -0.6492, 10.9583 ], [ -0.6494, 10.9586 ], [ -0.6498, 10.959 ], [ -0.6501, 10.9592 ], [ -0.6503, 10.9594 ], [ -0.6506, 10.9596 ], [ -0.651, 10.96 ], [ -0.6512, 10.9603 ], [ -0.6515, 10.9605 ], [ -0.6516, 10.9609 ], [ -0.6518, 10.9611 ], [ -0.6519, 10.9614 ], [ -0.6522, 10.9618 ], [ -0.6523, 10.9621 ], [ -0.6523, 10.9625 ], [ -0.6523, 10.9626 ], [ -0.6524, 10.9628 ], [ -0.6525, 10.9629 ], [ -0.6526, 10.963 ], [ -0.6528, 10.9632 ], [ -0.6529, 10.9633 ], [ -0.6532, 10.9635 ], [ -0.6536, 10.9636 ], [ -0.6541, 10.9636 ], [ -0.6544, 10.9636 ], [ -0.6548, 10.9636 ], [ -0.6554, 10.9636 ], [ -0.6557, 10.9635 ], [ -0.6561, 10.9634 ], [ -0.6563, 10.9632 ], [ -0.6565, 10.963 ], [ -0.6567, 10.9627 ], [ -0.6568, 10.9625 ], [ -0.6569, 10.9622 ], [ -0.6571, 10.962 ], [ -0.6572, 10.9617 ], [ -0.6573, 10.9614 ], [ -0.6575, 10.961 ], [ -0.6577, 10.9607 ], [ -0.6578, 10.9606 ], [ -0.658, 10.9602 ], [ -0.6581, 10.9599 ], [ -0.6583, 10.9597 ], [ -0.6585, 10.9594 ], [ -0.6586, 10.9592 ], [ -0.6588, 10.9591 ], [ -0.6588, 10.959 ], [ -0.6591, 10.9588 ], [ -0.6591, 10.9587 ], [ -0.6593, 10.9584 ], [ -0.6596, 10.9581 ], [ -0.6597, 10.9578 ], [ -0.6598, 10.9576 ], [ -0.6598, 10.9572 ], [ -0.6599, 10.9571 ], [ -0.66, 10.9567 ], [ -0.6602, 10.9565 ], [ -0.6606, 10.9563 ], [ -0.661, 10.9561 ], [ -0.6612, 10.9561 ], [ -0.6616, 10.956 ], [ -0.6617, 10.9559 ], [ -0.6619, 10.9558 ], [ -0.6623, 10.9557 ], [ -0.6628, 10.9557 ], [ -0.6632, 10.9558 ], [ -0.6635, 10.956 ], [ -0.6637, 10.9561 ], [ -0.6639, 10.9563 ], [ -0.6642, 10.9565 ], [ -0.6646, 10.9566 ], [ -0.6648, 10.9567 ], [ -0.6651, 10.9568 ], [ -0.6656, 10.957 ], [ -0.6659, 10.9571 ], [ -0.666, 10.9572 ], [ -0.6662, 10.9573 ], [ -0.6666, 10.9574 ], [ -0.6669, 10.9575 ], [ -0.6674, 10.9576 ], [ -0.6677, 10.9577 ], [ -0.668, 10.9577 ], [ -0.6684, 10.9576 ], [ -0.6687, 10.9576 ], [ -0.669, 10.9576 ], [ -0.6693, 10.9576 ], [ -0.6696, 10.9576 ], [ -0.6699, 10.9576 ], [ -0.6702, 10.9575 ], [ -0.6704, 10.9576 ], [ -0.6706, 10.9578 ], [ -0.6707, 10.9579 ], [ -0.6709, 10.9581 ], [ -0.671, 10.9582 ], [ -0.671, 10.9583 ], [ -0.6711, 10.9586 ], [ -0.6712, 10.9591 ], [ -0.6714, 10.9595 ], [ -0.6715, 10.9598 ], [ -0.6717, 10.9605 ], [ -0.6717, 10.961 ], [ -0.6716, 10.9613 ], [ -0.6713, 10.9616 ], [ -0.671, 10.9621 ], [ -0.6707, 10.9624 ], [ -0.6706, 10.9625 ], [ -0.6706, 10.9626 ], [ -0.6704, 10.9628 ], [ -0.6702, 10.9632 ], [ -0.67, 10.9636 ], [ -0.6698, 10.9638 ], [ -0.6697, 10.9641 ], [ -0.6696, 10.9644 ], [ -0.6697, 10.9646 ], [ -0.6697, 10.9648 ], [ -0.6696, 10.9653 ], [ -0.6695, 10.9657 ], [ -0.6695, 10.9657 ], [ -0.6694, 10.9659 ], [ -0.6692, 10.9663 ], [ -0.6689, 10.9666 ], [ -0.6685, 10.9671 ], [ -0.6682, 10.9675 ], [ -0.668, 10.9677 ], [ -0.668, 10.9679 ], [ -0.6678, 10.9683 ], [ -0.6677, 10.9687 ], [ -0.6674, 10.9692 ], [ -0.6671, 10.9697 ], [ -0.6668, 10.97 ], [ -0.6663, 10.9704 ], [ -0.666, 10.9708 ], [ -0.6657, 10.9712 ], [ -0.6655, 10.9717 ], [ -0.6654, 10.972 ], [ -0.6651, 10.9725 ], [ -0.6651, 10.9726 ], [ -0.6649, 10.9729 ], [ -0.6647, 10.9733 ], [ -0.6644, 10.9736 ], [ -0.6641, 10.9741 ], [ -0.6636, 10.9746 ], [ -0.6633, 10.9749 ], [ -0.6631, 10.9749 ], [ -0.6624, 10.9752 ], [ -0.6615, 10.9752 ], [ -0.6609, 10.9751 ], [ -0.6605, 10.9751 ], [ -0.66, 10.9752 ], [ -0.6595, 10.9754 ], [ -0.659, 10.9754 ], [ -0.6586, 10.9751 ], [ -0.6584, 10.9749 ], [ -0.6584, 10.9746 ], [ -0.6583, 10.9744 ], [ -0.6578, 10.9743 ], [ -0.6576, 10.9743 ], [ -0.6571, 10.9745 ], [ -0.6566, 10.9747 ], [ -0.6563, 10.9749 ], [ -0.6561, 10.9751 ], [ -0.6557, 10.9756 ], [ -0.6551, 10.9763 ], [ -0.6551, 10.9764 ], [ -0.6549, 10.9771 ], [ -0.6547, 10.9782 ], [ -0.654, 10.9796 ], [ -0.6533, 10.9805 ], [ -0.6526, 10.9812 ], [ -0.6525, 10.9821 ], [ -0.6525, 10.983 ], [ -0.6527, 10.9837 ], [ -0.6527, 10.9838 ], [ -0.6528, 10.9842 ], [ -0.6531, 10.9854 ], [ -0.6533, 10.9865 ], [ -0.6538, 10.9873 ], [ -0.6548, 10.9877 ], [ -0.6561, 10.9879 ], [ -0.6574, 10.9882 ], [ -0.6581, 10.9882 ], [ -0.6588, 10.9883 ], [ -0.6592, 10.9884 ], [ -0.6594, 10.9885 ], [ -0.66, 10.9886 ], [ -0.6611, 10.9885 ], [ -0.6626, 10.9884 ], [ -0.6636, 10.9883 ], [ -0.664, 10.9882 ], [ -0.666, 10.9882 ], [ -0.6662, 10.9882 ], [ -0.6672, 10.9881 ], [ -0.6675, 10.9881 ], [ -0.668, 10.9882 ], [ -0.6691, 10.9887 ], [ -0.6699, 10.9892 ], [ -0.6707, 10.9896 ], [ -0.6717, 10.99 ], [ -0.6721, 10.9901 ], [ -0.6726, 10.9902 ], [ -0.6731, 10.9898 ], [ -0.6735, 10.9889 ], [ -0.6737, 10.9877 ], [ -0.6742, 10.9871 ], [ -0.6751, 10.9856 ], [ -0.6757, 10.9847 ], [ -0.6762, 10.9841 ], [ -0.6766, 10.9837 ], [ -0.6771, 10.9828 ], [ -0.6776, 10.9822 ], [ -0.6777, 10.9821 ], [ -0.6778, 10.9821 ], [ -0.6784, 10.9821 ], [ -0.6792, 10.9825 ], [ -0.6799, 10.9824 ], [ -0.6801, 10.9824 ], [ -0.6804, 10.9824 ], [ -0.6809, 10.9825 ], [ -0.6817, 10.983 ], [ -0.6823, 10.9834 ], [ -0.6827, 10.9836 ], [ -0.6832, 10.9838 ], [ -0.6841, 10.9843 ], [ -0.6848, 10.9846 ], [ -0.6851, 10.9848 ], [ -0.6852, 10.9848 ], [ -0.6853, 10.9849 ], [ -0.6859, 10.9856 ], [ -0.6863, 10.9864 ], [ -0.6862, 10.9868 ], [ -0.6862, 10.987 ], [ -0.6858, 10.9874 ], [ -0.6857, 10.9876 ], [ -0.6854, 10.988 ], [ -0.6854, 10.9886 ], [ -0.6858, 10.9887 ], [ -0.6862, 10.9889 ], [ -0.6868, 10.9895 ], [ -0.6869, 10.99 ], [ -0.6869, 10.9908 ], [ -0.6867, 10.9915 ], [ -0.6867, 10.9916 ], [ -0.6867, 10.9917 ], [ -0.6868, 10.992 ], [ -0.6866, 10.9926 ], [ -0.6864, 10.9926 ], [ -0.686, 10.9928 ], [ -0.6858, 10.9935 ], [ -0.6859, 10.994 ], [ -0.6859, 10.9942 ], [ -0.6861, 10.9952 ], [ -0.6856, 10.9955 ], [ -0.6854, 10.9957 ], [ -0.6852, 10.9961 ], [ -0.6851, 10.9964 ], [ -0.685, 10.9965 ], [ -0.6846, 10.9968 ], [ -0.6843, 10.9972 ], [ -0.6843, 10.9972 ], [ -0.6842, 10.9977 ], [ -0.6842, 10.9981 ], [ -0.6843, 10.9987 ], [ -0.6842, 10.9992 ], [ -0.6837, 10.9996 ], [ -0.6834, 11.0 ], [ -0.6832, 11.0002 ], [ -0.6833, 11.0008 ], [ -0.6834, 11.0008 ], [ -0.6853, 11.001 ], [ -0.6882, 11.001 ], [ -0.6918, 11.0009 ], [ -0.6949, 11.0006 ], [ -0.6982, 11.0007 ], [ -0.7015, 11.0007 ], [ -0.7062, 11.0008 ], [ -0.7114, 11.0009 ], [ -0.7213, 11.001 ], [ -0.7309, 11.0008 ], [ -0.7393, 11.0011 ], [ -0.7408, 11.0011 ], [ -0.7569, 11.0011 ], [ -0.7602, 11.0006 ], [ -0.7669, 11.0007 ], [ -0.7772, 11.0009 ], [ -0.7834, 11.0009 ], [ -0.7901, 11.0012 ], [ -0.804, 11.0007 ], [ -0.8052, 11.0007 ], [ -0.805, 11.0083 ], [ -0.805, 11.0101 ], [ -0.8242, 11.0101 ], [ -0.8352, 11.0092 ], [ -0.8353, 11.0002 ], [ -0.8518, 11.0007 ], [ -0.855, 11.0007 ], [ -0.8564, 11.0 ], [ -0.8573, 10.9996 ], [ -0.8589, 10.9969 ], [ -0.8603, 10.9937 ], [ -0.8614, 10.9914 ], [ -0.8617, 10.9908 ], [ -0.8644, 10.985 ], [ -0.8657, 10.9821 ], [ -0.8672, 10.979 ], [ -0.8689, 10.9759 ], [ -0.8709, 10.9733 ], [ -0.8732, 10.9711 ], [ -0.8759, 10.9692 ], [ -0.8782, 10.9678 ], [ -0.8812, 10.9665 ], [ -0.8835, 10.9655 ], [ -0.8867, 10.9658 ], [ -0.8889, 10.9656 ], [ -0.8901, 10.9655 ], [ -0.8911, 10.9689 ], [ -0.8913, 10.9719 ], [ -0.8914, 10.9753 ], [ -0.8918, 10.9782 ], [ -0.893, 10.9808 ], [ -0.8953, 10.9825 ], [ -0.8956, 10.9827 ], [ -0.8984, 10.9828 ], [ -0.9054, 10.9829 ], [ -0.9158, 10.983 ], [ -0.9164, 10.983 ], [ -0.9166, 10.9853 ], [ -0.9169, 10.9975 ], [ -0.917, 11.0004 ], [ -0.917, 11.001 ], [ -0.9201, 11.0011 ], [ -0.9266, 11.0009 ], [ -0.9352, 11.0008 ], [ -0.9353, 11.0008 ], [ -0.9395, 11.0007 ], [ -0.9721, 11.0008 ], [ -0.982, 11.0007 ], [ -0.9918, 11.001 ], [ -1.0, 11.0005 ], [ -1.0016, 11.0004 ], [ -1.0019, 11.0054 ], [ -1.0268, 11.0053 ], [ -1.0433, 11.0052 ], [ -1.0462, 11.0056 ], [ -1.0674, 11.0058 ], [ -1.0676, 11.0058 ], [ -1.0794, 11.0059 ], [ -1.1127, 11.0057 ], [ -1.1158, 11.0009 ], [ -1.1158, 11.0 ], [ -1.1158, 10.9961 ], [ -1.1159, 10.986 ], [ -1.1207, 10.9866 ], [ -1.1303, 10.9877 ], [ -1.1413, 10.9888 ], [ -1.1524, 10.9902 ], [ -1.161, 10.9904 ], [ -1.1713, 10.9909 ], [ -1.1881, 10.9915 ], [ -1.2074, 10.9924 ], [ -1.2296, 10.9932 ], [ -1.2327, 10.9933 ], [ -1.2465, 10.9939 ], [ -1.2688, 10.9949 ], [ -1.2826, 10.9955 ], [ -1.3021, 10.9968 ], [ -1.3241, 10.996 ], [ -1.3434, 10.9952 ], [ -1.3571, 10.9946 ], [ -1.3849, 10.9932 ], [ -1.3884, 10.995 ], [ -1.3921, 10.9969 ], [ -1.397, 10.9996 ], [ -1.3976, 11.0 ], [ -1.4111, 11.0084 ], [ -1.4166, 11.0122 ], [ -1.4225, 11.0164 ], [ -1.4237, 11.0179 ], [ -1.4242, 11.0185 ], [ -1.4244, 11.0187 ], [ -1.4243, 11.0191 ], [ -1.424, 11.0213 ], [ -1.4243, 11.0213 ], [ -1.4253, 11.0213 ], [ -1.4262, 11.0214 ], [ -1.4263, 11.0214 ], [ -1.4264, 11.0214 ], [ -1.4265, 11.0214 ], [ -1.4282, 11.0215 ], [ -1.4296, 11.0216 ], [ -1.4317, 11.0216 ], [ -1.45, 11.0214 ], [ -1.4601, 11.0213 ], [ -1.4796, 11.0212 ], [ -1.4909, 11.0212 ], [ -1.521, 11.0211 ], [ -1.5269, 11.0211 ], [ -1.543, 11.021 ], [ -1.585, 11.0213 ], [ -1.5848, 11.0189 ], [ -1.5839, 11.0 ], [ -1.5835, 10.9909 ], [ -1.5893, 10.9916 ], [ -1.5945, 10.9921 ], [ -1.6108, 10.9937 ], [ -1.6135, 10.9939 ], [ -1.6139, 10.994 ], [ -1.6165, 10.9941 ], [ -1.6257, 10.9948 ], [ -1.6305, 10.9952 ], [ -1.6484, 10.9974 ], [ -1.6553, 10.9982 ], [ -1.6559, 10.9981 ], [ -1.6576, 10.9978 ], [ -1.658, 10.9976 ], [ -1.6673, 10.9917 ], [ -1.6723, 10.9909 ], [ -1.6912, 10.9874 ], [ -1.6932, 10.9872 ], [ -1.702, 10.986 ], [ -1.702, 10.9855 ], [ -1.7017, 10.9769 ], [ -1.7031, 10.9769 ], [ -1.7156, 10.9767 ], [ -1.7185, 10.9773 ], [ -1.724, 10.9772 ], [ -1.7512, 10.977 ], [ -1.7512, 10.9854 ], [ -1.7847, 10.9849 ], [ -1.7932, 10.985 ], [ -1.7983, 10.985 ], [ -1.8401, 10.9849 ], [ -1.8624, 10.9849 ], [ -1.8834, 10.9846 ], [ -1.8961, 10.9845 ], [ -1.8986, 10.9844 ], [ -1.9344, 10.9845 ], [ -1.9455, 10.9843 ], [ -1.95, 10.9844 ], [ -1.9735, 10.9845 ], [ -1.9928, 10.9844 ], [ -2.0, 10.9842 ], [ -2.0006, 10.9842 ], [ -2.0019, 10.9838 ], [ -2.0026, 10.9836 ], [ -2.0101, 10.9837 ], [ -2.033, 10.9836 ], [ -2.0484, 10.9836 ], [ -2.0635, 10.9835 ], [ -2.0752, 10.9834 ], [ -2.085, 10.9836 ], [ -2.0922, 10.9838 ], [ -2.1, 10.9836 ], [ -2.1156, 10.9836 ], [ -2.1271, 10.9836 ], [ -2.1407, 10.9846 ], [ -2.1479, 10.9851 ], [ -2.1632, 10.986 ], [ -2.1657, 10.9863 ], [ -2.1744, 10.9873 ], [ -2.1896, 10.9887 ], [ -2.2087, 10.9902 ], [ -2.2201, 10.9913 ], [ -2.2319, 10.9914 ], [ -2.2379, 10.9916 ], [ -2.2381, 10.9916 ], [ -2.2476, 10.9919 ], [ -2.2587, 10.992 ], [ -2.2631, 10.992 ], [ -2.2648, 10.9921 ], [ -2.27, 10.9921 ], [ -2.2819, 10.9922 ], [ -2.2949, 10.9913 ], [ -2.2976, 10.9911 ], [ -2.3032, 10.9905 ], [ -2.3051, 10.9903 ], [ -2.3205, 10.9893 ], [ -2.3207, 10.9893 ], [ -2.324, 10.989 ], [ -2.3242, 10.989 ], [ -2.3244, 10.989 ], [ -2.3246, 10.989 ], [ -2.3247, 10.989 ], [ -2.3249, 10.9889 ], [ -2.3251, 10.9889 ], [ -2.3253, 10.9889 ], [ -2.3254, 10.9889 ], [ -2.3256, 10.9889 ], [ -2.3258, 10.9889 ], [ -2.326, 10.9889 ], [ -2.3262, 10.9888 ], [ -2.3263, 10.9888 ], [ -2.3265, 10.9888 ], [ -2.3267, 10.9888 ], [ -2.3269, 10.9888 ], [ -2.327, 10.9888 ], [ -2.3272, 10.9887 ], [ -2.3274, 10.9887 ], [ -2.3276, 10.9887 ], [ -2.3319, 10.9884 ], [ -2.3329, 10.9883 ], [ -2.3558, 10.989 ], [ -2.3612, 10.9891 ], [ -2.3675, 10.9891 ], [ -2.3866, 10.9894 ], [ -2.4094, 10.9897 ], [ -2.4101, 10.9897 ], [ -2.4107, 10.9897 ], [ -2.4169, 10.9896 ], [ -2.4251, 10.9895 ], [ -2.4477, 10.9899 ], [ -2.4519, 10.9899 ], [ -2.4585, 10.9899 ], [ -2.4675, 10.9899 ], [ -2.4782, 10.9897 ], [ -2.4805, 10.9899 ], [ -2.4807, 10.9899 ], [ -2.4835, 10.99 ], [ -2.4837, 10.99 ], [ -2.4839, 10.99 ], [ -2.4841, 10.99 ], [ -2.4842, 10.99 ], [ -2.4844, 10.9901 ], [ -2.4846, 10.9901 ], [ -2.4848, 10.9901 ], [ -2.485, 10.9901 ], [ -2.4851, 10.9901 ], [ -2.4853, 10.9901 ], [ -2.4899, 10.9903 ], [ -2.4938, 10.9907 ], [ -2.494, 10.9907 ], [ -2.5, 10.9912 ], [ -2.5014, 10.9913 ], [ -2.5133, 10.9921 ], [ -2.5176, 10.9924 ], [ -2.5254, 10.9932 ], [ -2.5368, 10.9939 ], [ -2.5371, 10.9939 ], [ -2.549, 10.9946 ], [ -2.55, 10.9946 ], [ -2.5597, 10.9954 ], [ -2.5763, 10.9969 ], [ -2.5767, 10.997 ], [ -2.5814, 10.9973 ], [ -2.5915, 10.9979 ], [ -2.6023, 10.9988 ], [ -2.606, 10.999 ], [ -2.6097, 10.9993 ], [ -2.6128, 10.9995 ], [ -2.6134, 10.9996 ], [ -2.6171, 10.9998 ], [ -2.621, 11.0 ], [ -2.6248, 11.0 ], [ -2.6277, 11.0006 ], [ -2.6283, 11.0007 ], [ -2.6291, 11.0007 ], [ -2.6318, 11.0008 ], [ -2.6318, 11.0008 ], [ -2.6322, 11.0005 ], [ -2.6338, 10.9992 ], [ -2.6351, 10.9986 ], [ -2.6359, 10.9982 ], [ -2.6391, 10.9984 ], [ -2.6429, 10.9991 ], [ -2.6431, 10.9992 ], [ -2.6469, 11.0 ], [ -2.6481, 11.0 ], [ -2.65, 11.0003 ], [ -2.6502, 11.0004 ], [ -2.6504, 11.0004 ], [ -2.6505, 11.0004 ], [ -2.6507, 11.0005 ], [ -2.6509, 11.0005 ], [ -2.6515, 11.0006 ], [ -2.6523, 11.0007 ], [ -2.6525, 11.0007 ], [ -2.6585, 11.0014 ], [ -2.6694, 11.0032 ], [ -2.6705, 11.0034 ], [ -2.6749, 11.004 ], [ -2.675, 11.004 ], [ -2.6834, 11.0053 ], [ -2.6872, 11.0059 ], [ -2.692, 11.0061 ], [ -2.6958, 11.0056 ], [ -2.6971, 11.0054 ], [ -2.6998, 11.0048 ], [ -2.7037, 11.0045 ], [ -2.7063, 11.0044 ], [ -2.7065, 11.0044 ], [ -2.7067, 11.0044 ], [ -2.7069, 11.0044 ], [ -2.707, 11.0044 ], [ -2.7072, 11.0044 ], [ -2.7074, 11.0044 ], [ -2.7076, 11.0044 ], [ -2.7078, 11.0044 ], [ -2.7079, 11.0044 ], [ -2.7161, 11.0043 ], [ -2.7322, 11.004 ], [ -2.7417, 11.0038 ], [ -2.7427, 11.0038 ], [ -2.7552, 11.0035 ], [ -2.7563, 11.0035 ], [ -2.7602, 11.0074 ], [ -2.7611, 11.0084 ], [ -2.7653, 11.0082 ], [ -2.7793, 11.008 ], [ -2.7794, 11.008 ], [ -2.7795, 11.008 ], [ -2.7796, 11.008 ], [ -2.7798, 11.008 ], [ -2.7929, 11.0078 ], [ -2.8041, 11.0078 ], [ -2.8098, 11.0079 ], [ -2.8156, 11.0081 ], [ -2.8198, 11.0077 ], [ -2.8236, 11.0077 ], [ -2.827, 11.0081 ], [ -2.8307, 11.008 ], [ -2.8332, 11.0081 ], [ -2.8333, 11.0079 ], [ -2.8333, 11.0078 ], [ -2.8334, 11.0076 ], [ -2.8334, 11.0074 ], [ -2.8335, 11.0073 ], [ -2.8335, 11.0071 ], [ -2.8336, 11.007 ], [ -2.8336, 11.0068 ], [ -2.8337, 11.0066 ], [ -2.8337, 11.0065 ], [ -2.8338, 11.0063 ], [ -2.8338, 11.0061 ], [ -2.8338, 11.006 ], [ -2.8338, 11.0058 ], [ -2.8339, 11.0057 ], [ -2.8339, 11.0055 ], [ -2.8339, 11.0053 ], [ -2.8339, 11.0052 ], [ -2.834, 11.005 ], [ -2.834, 11.0049 ], [ -2.834, 11.0047 ], [ -2.834, 11.0045 ], [ -2.8341, 11.0044 ], [ -2.8341, 11.0042 ], [ -2.8341, 11.004 ], [ -2.8341, 11.0038 ], [ -2.8341, 11.0037 ], [ -2.8341, 11.0035 ], [ -2.8341, 11.0033 ], [ -2.8341, 11.0031 ], [ -2.8342, 11.003 ], [ -2.8342, 11.0028 ], [ -2.8342, 11.0026 ], [ -2.8342, 11.0024 ], [ -2.8342, 11.0023 ], [ -2.8342, 11.0021 ], [ -2.8342, 11.0019 ], [ -2.8342, 11.0017 ], [ -2.8343, 11.0016 ], [ -2.8343, 11.0014 ], [ -2.8343, 11.0012 ], [ -2.8343, 11.001 ], [ -2.8343, 11.0009 ], [ -2.8343, 11.0008 ], [ -2.8344, 11.0007 ], [ -2.8344, 11.0006 ], [ -2.8344, 11.0005 ], [ -2.8344, 11.0004 ], [ -2.8345, 11.0003 ], [ -2.8345, 11.0002 ], [ -2.8345, 11.0001 ], [ -2.8345, 11.0 ], [ -2.8348, 10.9983 ], [ -2.8349, 10.9971 ], [ -2.835, 10.9964 ], [ -2.8352, 10.9945 ], [ -2.8355, 10.9928 ], [ -2.8356, 10.9915 ], [ -2.8361, 10.9894 ], [ -2.8364, 10.9882 ], [ -2.8369, 10.9866 ], [ -2.8371, 10.9843 ], [ -2.8376, 10.9816 ], [ -2.8376, 10.9815 ], [ -2.8379, 10.9805 ], [ -2.8381, 10.9795 ], [ -2.8389, 10.9775 ], [ -2.8396, 10.9757 ], [ -2.8398, 10.975 ], [ -2.8403, 10.9737 ], [ -2.8406, 10.9717 ], [ -2.8407, 10.9712 ], [ -2.8408, 10.9704 ], [ -2.8409, 10.969 ], [ -2.8409, 10.9685 ], [ -2.8406, 10.9665 ], [ -2.84, 10.9648 ], [ -2.8396, 10.9632 ], [ -2.839, 10.962 ], [ -2.8385, 10.961 ], [ -2.8382, 10.9606 ], [ -2.838, 10.9604 ], [ -2.8371, 10.9596 ], [ -2.837, 10.9595 ], [ -2.8363, 10.9589 ], [ -2.8362, 10.9588 ], [ -2.8354, 10.9581 ], [ -2.8354, 10.958 ], [ -2.8353, 10.958 ], [ -2.8352, 10.9579 ], [ -2.835, 10.9578 ], [ -2.8345, 10.9573 ], [ -2.8336, 10.9564 ], [ -2.8327, 10.9556 ], [ -2.8314, 10.955 ], [ -2.8314, 10.955 ], [ -2.8292, 10.9541 ], [ -2.8275, 10.9527 ], [ -2.826, 10.9508 ], [ -2.8255, 10.9501 ], [ -2.8232, 10.9481 ], [ -2.8219, 10.9458 ], [ -2.8215, 10.9451 ], [ -2.8208, 10.9439 ], [ -2.8206, 10.9435 ], [ -2.82, 10.9424 ], [ -2.8191, 10.9409 ], [ -2.8184, 10.9393 ], [ -2.8179, 10.938 ], [ -2.8177, 10.9366 ], [ -2.8179, 10.9349 ], [ -2.8179, 10.934 ], [ -2.8177, 10.9325 ], [ -2.8177, 10.9323 ], [ -2.8174, 10.9312 ], [ -2.8173, 10.9296 ], [ -2.8173, 10.9285 ], [ -2.8173, 10.9265 ], [ -2.8173, 10.9262 ], [ -2.8173, 10.9256 ], [ -2.8174, 10.925 ], [ -2.8178, 10.9233 ], [ -2.8184, 10.922 ], [ -2.8196, 10.9194 ], [ -2.8214, 10.9167 ], [ -2.8222, 10.9163 ], [ -2.8229, 10.9158 ], [ -2.8237, 10.9147 ], [ -2.824, 10.9134 ], [ -2.8252, 10.9119 ], [ -2.8262, 10.9105 ], [ -2.8269, 10.9097 ], [ -2.8271, 10.9094 ], [ -2.8272, 10.9092 ], [ -2.8281, 10.9084 ], [ -2.8291, 10.907 ], [ -2.8295, 10.9059 ], [ -2.8301, 10.9046 ], [ -2.831, 10.9034 ], [ -2.8318, 10.9023 ], [ -2.8323, 10.901 ], [ -2.8332, 10.8993 ], [ -2.8339, 10.8976 ], [ -2.8347, 10.8965 ], [ -2.836, 10.8951 ], [ -2.8367, 10.8944 ], [ -2.8371, 10.8941 ], [ -2.8372, 10.8939 ], [ -2.838, 10.8931 ], [ -2.8391, 10.8924 ], [ -2.8404, 10.8918 ], [ -2.843, 10.8916 ], [ -2.8453, 10.8915 ], [ -2.8487, 10.8911 ], [ -2.8502, 10.891 ], [ -2.8512, 10.8909 ], [ -2.8524, 10.8907 ], [ -2.8544, 10.8911 ], [ -2.8553, 10.8916 ], [ -2.856, 10.8917 ], [ -2.8561, 10.8917 ], [ -2.8563, 10.8917 ], [ -2.8566, 10.8917 ], [ -2.8567, 10.8917 ], [ -2.8582, 10.8915 ], [ -2.8598, 10.8909 ], [ -2.8613, 10.8899 ], [ -2.8629, 10.8889 ], [ -2.8634, 10.8883 ], [ -2.8637, 10.888 ], [ -2.8639, 10.8878 ], [ -2.8641, 10.8876 ], [ -2.8651, 10.8857 ], [ -2.8656, 10.8845 ], [ -2.8663, 10.8831 ], [ -2.8663, 10.8818 ], [ -2.866, 10.8803 ], [ -2.8661, 10.879 ], [ -2.8665, 10.8776 ], [ -2.8668, 10.8762 ], [ -2.8668, 10.876 ], [ -2.8668, 10.8757 ], [ -2.8668, 10.8743 ], [ -2.8668, 10.873 ], [ -2.8667, 10.8722 ], [ -2.8666, 10.8719 ], [ -2.8662, 10.8715 ], [ -2.8656, 10.8708 ], [ -2.8646, 10.8694 ], [ -2.8641, 10.8675 ], [ -2.8638, 10.8658 ], [ -2.8635, 10.8644 ], [ -2.8636, 10.8633 ], [ -2.8637, 10.8619 ], [ -2.8636, 10.8603 ], [ -2.8636, 10.8601 ], [ -2.8638, 10.8582 ], [ -2.864, 10.8573 ], [ -2.8641, 10.8568 ], [ -2.8645, 10.8555 ], [ -2.8652, 10.8543 ], [ -2.8654, 10.8537 ], [ -2.8659, 10.8521 ], [ -2.8667, 10.8505 ], [ -2.8675, 10.8488 ], [ -2.8684, 10.8475 ], [ -2.8693, 10.8465 ], [ -2.8707, 10.8451 ], [ -2.8723, 10.8434 ], [ -2.8737, 10.8413 ], [ -2.8742, 10.8407 ], [ -2.8742, 10.8405 ], [ -2.8753, 10.8387 ], [ -2.8757, 10.8381 ], [ -2.8762, 10.8375 ], [ -2.8766, 10.8369 ], [ -2.877, 10.8364 ], [ -2.8774, 10.8356 ], [ -2.878, 10.8344 ], [ -2.8783, 10.8336 ], [ -2.8786, 10.833 ], [ -2.8789, 10.8325 ], [ -2.8793, 10.8317 ], [ -2.8795, 10.8313 ], [ -2.8797, 10.8302 ], [ -2.8799, 10.8292 ], [ -2.8802, 10.8278 ], [ -2.8801, 10.827 ], [ -2.8801, 10.8262 ], [ -2.8799, 10.8254 ], [ -2.8796, 10.8248 ], [ -2.8796, 10.8245 ], [ -2.8796, 10.824 ], [ -2.8798, 10.8229 ], [ -2.8802, 10.8214 ], [ -2.8803, 10.8204 ], [ -2.8803, 10.8196 ], [ -2.8801, 10.8174 ], [ -2.8799, 10.8153 ], [ -2.8798, 10.8145 ], [ -2.8797, 10.8134 ], [ -2.8797, 10.8122 ], [ -2.8797, 10.8111 ], [ -2.8798, 10.8106 ], [ -2.8798, 10.8099 ], [ -2.8803, 10.8068 ], [ -2.8806, 10.806 ], [ -2.8807, 10.8056 ], [ -2.8808, 10.8046 ], [ -2.8811, 10.8034 ], [ -2.8815, 10.8026 ], [ -2.8818, 10.802 ], [ -2.8819, 10.8018 ], [ -2.8821, 10.8015 ], [ -2.8821, 10.8012 ], [ -2.8821, 10.801 ], [ -2.8822, 10.8008 ], [ -2.8823, 10.8005 ], [ -2.8825, 10.8004 ], [ -2.8826, 10.8003 ], [ -2.8829, 10.8002 ], [ -2.883, 10.8001 ], [ -2.8831, 10.8 ], [ -2.8832, 10.8 ], [ -2.8833, 10.7997 ], [ -2.8834, 10.7993 ], [ -2.8835, 10.7984 ], [ -2.8836, 10.7977 ], [ -2.8842, 10.797 ], [ -2.8847, 10.7966 ], [ -2.8851, 10.7956 ], [ -2.8854, 10.795 ], [ -2.8857, 10.7941 ], [ -2.8862, 10.7929 ], [ -2.8868, 10.7919 ], [ -2.8873, 10.7906 ], [ -2.8877, 10.7897 ], [ -2.8881, 10.7889 ], [ -2.8883, 10.7883 ], [ -2.889, 10.7871 ], [ -2.8892, 10.7867 ], [ -2.8896, 10.7858 ], [ -2.8902, 10.7842 ], [ -2.8908, 10.783 ], [ -2.8913, 10.782 ], [ -2.8916, 10.7817 ], [ -2.892, 10.7811 ], [ -2.8923, 10.7803 ], [ -2.8924, 10.7797 ], [ -2.8923, 10.7785 ], [ -2.8922, 10.7776 ], [ -2.8921, 10.7773 ], [ -2.8919, 10.7768 ], [ -2.8918, 10.7763 ], [ -2.892, 10.7757 ], [ -2.8928, 10.7752 ], [ -2.8937, 10.7743 ], [ -2.8944, 10.7736 ], [ -2.8948, 10.7726 ], [ -2.895, 10.7717 ], [ -2.8951, 10.7712 ], [ -2.8949, 10.7704 ], [ -2.8947, 10.7702 ], [ -2.8945, 10.7695 ], [ -2.8944, 10.7688 ], [ -2.8944, 10.7684 ], [ -2.8945, 10.7682 ], [ -2.8944, 10.7675 ], [ -2.8947, 10.7668 ], [ -2.8949, 10.7663 ], [ -2.8952, 10.7659 ], [ -2.8953, 10.7658 ], [ -2.8954, 10.7658 ], [ -2.8955, 10.7657 ], [ -2.8956, 10.7656 ], [ -2.8956, 10.7655 ], [ -2.8956, 10.7655 ], [ -2.8955, 10.7655 ], [ -2.8955, 10.7654 ], [ -2.8953, 10.7653 ], [ -2.8952, 10.7652 ], [ -2.8952, 10.7651 ], [ -2.8951, 10.765 ], [ -2.8953, 10.7647 ], [ -2.8956, 10.764 ], [ -2.8958, 10.7637 ], [ -2.8963, 10.7634 ], [ -2.8968, 10.7632 ], [ -2.8974, 10.7628 ], [ -2.898, 10.7623 ], [ -2.8984, 10.7614 ], [ -2.8986, 10.7611 ], [ -2.8987, 10.7605 ], [ -2.8988, 10.76 ], [ -2.899, 10.7596 ], [ -2.899, 10.7595 ], [ -2.8991, 10.7588 ], [ -2.8995, 10.758 ], [ -2.9001, 10.7572 ], [ -2.9016, 10.7557 ], [ -2.9024, 10.7548 ], [ -2.9025, 10.7548 ], [ -2.9028, 10.7545 ], [ -2.9031, 10.7542 ], [ -2.9038, 10.7536 ], [ -2.9045, 10.7526 ], [ -2.9052, 10.7515 ], [ -2.906, 10.7503 ], [ -2.9069, 10.749 ], [ -2.9073, 10.7487 ], [ -2.9085, 10.7475 ], [ -2.9097, 10.7464 ], [ -2.9098, 10.7462 ], [ -2.91, 10.7461 ], [ -2.9101, 10.746 ], [ -2.9102, 10.7459 ], [ -2.9102, 10.7459 ], [ -2.9103, 10.7457 ], [ -2.9104, 10.7457 ], [ -2.9104, 10.7456 ], [ -2.9106, 10.7455 ], [ -2.9107, 10.7453 ], [ -2.9108, 10.7452 ], [ -2.9119, 10.744 ], [ -2.9123, 10.7436 ], [ -2.9132, 10.7427 ], [ -2.9134, 10.7423 ], [ -2.9136, 10.7419 ], [ -2.9138, 10.7414 ], [ -2.9154, 10.7401 ], [ -2.9159, 10.7395 ], [ -2.9171, 10.7383 ], [ -2.918, 10.7375 ], [ -2.9182, 10.737 ], [ -2.9186, 10.7365 ], [ -2.9191, 10.7358 ], [ -2.9198, 10.7351 ], [ -2.9204, 10.7346 ], [ -2.9242, 10.7324 ], [ -2.9289, 10.7291 ], [ -2.9294, 10.7287 ], [ -2.9299, 10.7284 ], [ -2.9319, 10.727 ], [ -2.9332, 10.7259 ], [ -2.9338, 10.7255 ], [ -2.9356, 10.7245 ], [ -2.9363, 10.7241 ], [ -2.9368, 10.7237 ], [ -2.9372, 10.7232 ], [ -2.9376, 10.7227 ], [ -2.938, 10.722 ], [ -2.9381, 10.7215 ], [ -2.9383, 10.7209 ], [ -2.9384, 10.72 ], [ -2.9384, 10.7193 ], [ -2.9385, 10.7188 ], [ -2.9388, 10.7181 ], [ -2.9392, 10.7174 ], [ -2.9394, 10.7168 ], [ -2.9394, 10.7157 ], [ -2.9394, 10.7148 ], [ -2.9396, 10.7133 ], [ -2.9398, 10.713 ], [ -2.94, 10.7126 ], [ -2.9401, 10.7119 ], [ -2.9402, 10.7114 ], [ -2.9402, 10.7112 ], [ -2.9403, 10.7099 ], [ -2.94, 10.7091 ], [ -2.9395, 10.7085 ], [ -2.9395, 10.7085 ], [ -2.9394, 10.7084 ], [ -2.9393, 10.7083 ], [ -2.939, 10.7081 ], [ -2.9389, 10.7079 ], [ -2.9385, 10.7078 ], [ -2.9381, 10.7077 ], [ -2.9374, 10.7076 ], [ -2.9372, 10.7076 ], [ -2.9365, 10.7076 ], [ -2.9361, 10.7074 ], [ -2.9355, 10.7071 ], [ -2.9351, 10.7069 ], [ -2.9344, 10.7065 ], [ -2.9339, 10.7062 ], [ -2.9335, 10.7059 ], [ -2.9333, 10.7058 ], [ -2.9329, 10.7056 ], [ -2.9324, 10.7053 ], [ -2.9319, 10.705 ], [ -2.9316, 10.7047 ], [ -2.9311, 10.7044 ], [ -2.9305, 10.7042 ], [ -2.9298, 10.7041 ], [ -2.9292, 10.704 ], [ -2.9283, 10.704 ], [ -2.9277, 10.704 ], [ -2.927, 10.7039 ], [ -2.9264, 10.7039 ], [ -2.9258, 10.7038 ], [ -2.9252, 10.7038 ], [ -2.9246, 10.7038 ], [ -2.9242, 10.7038 ], [ -2.9236, 10.7038 ], [ -2.9232, 10.7038 ], [ -2.9227, 10.7038 ], [ -2.9224, 10.7036 ], [ -2.9216, 10.7034 ], [ -2.921, 10.7033 ], [ -2.9204, 10.7031 ], [ -2.9196, 10.7029 ], [ -2.919, 10.7027 ], [ -2.9183, 10.7026 ], [ -2.9178, 10.7025 ], [ -2.917, 10.7022 ], [ -2.9165, 10.7021 ], [ -2.9157, 10.7019 ], [ -2.9151, 10.7015 ], [ -2.9147, 10.7013 ], [ -2.914, 10.7011 ], [ -2.9132, 10.7007 ], [ -2.9125, 10.7004 ], [ -2.9121, 10.7002 ], [ -2.9119, 10.7001 ], [ -2.9115, 10.6999 ], [ -2.911, 10.6996 ], [ -2.9107, 10.6993 ], [ -2.9103, 10.6989 ], [ -2.9099, 10.6983 ], [ -2.9099, 10.6979 ], [ -2.9097, 10.6974 ], [ -2.9096, 10.6968 ], [ -2.9095, 10.6965 ], [ -2.9093, 10.6962 ], [ -2.9092, 10.6957 ], [ -2.9089, 10.6952 ], [ -2.9084, 10.6945 ], [ -2.9079, 10.6937 ], [ -2.9075, 10.6931 ], [ -2.9072, 10.6927 ], [ -2.9069, 10.6922 ], [ -2.9066, 10.6917 ], [ -2.9064, 10.6911 ], [ -2.9062, 10.6906 ], [ -2.906, 10.6899 ], [ -2.9058, 10.6893 ], [ -2.9058, 10.6888 ], [ -2.9058, 10.6883 ], [ -2.9057, 10.6878 ], [ -2.9056, 10.6872 ], [ -2.9057, 10.6868 ], [ -2.9056, 10.6864 ], [ -2.9056, 10.6861 ], [ -2.9057, 10.6858 ], [ -2.9058, 10.6853 ], [ -2.9059, 10.6849 ], [ -2.906, 10.6845 ], [ -2.9061, 10.6843 ], [ -2.9062, 10.684 ], [ -2.9064, 10.6837 ], [ -2.9066, 10.6832 ], [ -2.9068, 10.683 ], [ -2.9071, 10.6828 ], [ -2.9074, 10.6827 ], [ -2.9075, 10.6824 ], [ -2.9076, 10.6823 ], [ -2.9077, 10.6821 ], [ -2.9078, 10.6819 ], [ -2.9079, 10.6817 ], [ -2.9079, 10.6815 ], [ -2.9079, 10.6814 ], [ -2.908, 10.6812 ], [ -2.9082, 10.6809 ], [ -2.9084, 10.6806 ], [ -2.9084, 10.6806 ], [ -2.9086, 10.6803 ], [ -2.9088, 10.68 ], [ -2.9089, 10.6798 ], [ -2.9091, 10.6795 ], [ -2.9092, 10.6792 ], [ -2.9094, 10.6789 ], [ -2.9097, 10.6787 ], [ -2.9099, 10.6784 ], [ -2.9101, 10.6784 ], [ -2.9102, 10.6783 ], [ -2.9107, 10.678 ], [ -2.9109, 10.6777 ], [ -2.9113, 10.6774 ], [ -2.9114, 10.6772 ], [ -2.9114, 10.6769 ], [ -2.9115, 10.6767 ], [ -2.9115, 10.6767 ], [ -2.9114, 10.6762 ], [ -2.9113, 10.6758 ], [ -2.9113, 10.6754 ], [ -2.9113, 10.6752 ], [ -2.9113, 10.6748 ], [ -2.9112, 10.6744 ], [ -2.911, 10.6739 ], [ -2.9109, 10.6733 ], [ -2.9108, 10.6729 ], [ -2.9108, 10.6725 ], [ -2.9107, 10.6722 ], [ -2.9108, 10.6717 ], [ -2.9109, 10.6713 ], [ -2.9111, 10.6709 ], [ -2.9113, 10.6706 ], [ -2.9115, 10.6702 ], [ -2.9118, 10.6697 ], [ -2.912, 10.6693 ], [ -2.9122, 10.6689 ], [ -2.9125, 10.6684 ], [ -2.9127, 10.6681 ], [ -2.9132, 10.6676 ], [ -2.9135, 10.6672 ], [ -2.9138, 10.6667 ], [ -2.9142, 10.6663 ], [ -2.9144, 10.666 ], [ -2.9147, 10.6656 ], [ -2.9149, 10.6653 ], [ -2.9152, 10.6649 ], [ -2.9155, 10.6644 ], [ -2.9158, 10.6641 ], [ -2.9158, 10.664 ], [ -2.9162, 10.6636 ], [ -2.9165, 10.6631 ], [ -2.917, 10.6627 ], [ -2.9171, 10.6625 ], [ -2.9177, 10.662 ], [ -2.9181, 10.6617 ], [ -2.9186, 10.6614 ], [ -2.9191, 10.661 ], [ -2.9194, 10.6607 ], [ -2.9198, 10.6604 ], [ -2.9202, 10.6601 ], [ -2.9207, 10.6597 ], [ -2.9211, 10.6594 ], [ -2.9216, 10.6591 ], [ -2.9221, 10.6589 ], [ -2.9226, 10.6588 ], [ -2.9228, 10.6588 ], [ -2.9233, 10.6588 ], [ -2.9236, 10.6586 ], [ -2.9239, 10.6584 ], [ -2.9242, 10.6581 ], [ -2.9243, 10.6578 ], [ -2.9246, 10.6573 ], [ -2.9249, 10.6568 ], [ -2.9251, 10.6564 ], [ -2.9254, 10.6562 ], [ -2.9259, 10.6558 ], [ -2.9261, 10.6556 ], [ -2.9266, 10.6553 ], [ -2.9268, 10.6552 ], [ -2.9272, 10.6551 ], [ -2.9274, 10.6549 ], [ -2.9277, 10.6547 ], [ -2.9278, 10.6547 ], [ -2.929, 10.654 ], [ -2.9294, 10.6537 ], [ -2.9298, 10.6535 ], [ -2.9301, 10.6532 ], [ -2.9304, 10.6529 ], [ -2.9305, 10.6529 ], [ -2.9309, 10.6526 ], [ -2.9313, 10.6523 ], [ -2.9318, 10.6518 ], [ -2.9319, 10.6515 ], [ -2.932, 10.6515 ], [ -2.9323, 10.6511 ], [ -2.9326, 10.6506 ], [ -2.9328, 10.6502 ], [ -2.933, 10.6497 ], [ -2.9332, 10.6493 ], [ -2.9335, 10.6489 ], [ -2.9338, 10.6484 ], [ -2.9342, 10.6478 ], [ -2.9345, 10.6473 ], [ -2.9347, 10.6471 ], [ -2.935, 10.6466 ], [ -2.9354, 10.6462 ], [ -2.9358, 10.6457 ], [ -2.9361, 10.6454 ], [ -2.9364, 10.6451 ], [ -2.9367, 10.6447 ], [ -2.9371, 10.6443 ], [ -2.9373, 10.6439 ], [ -2.9375, 10.6435 ], [ -2.9378, 10.643 ], [ -2.9381, 10.6424 ], [ -2.9384, 10.6419 ], [ -2.9384, 10.6418 ], [ -2.9386, 10.6414 ], [ -2.9387, 10.6411 ], [ -2.9388, 10.641 ], [ -2.9391, 10.6405 ], [ -2.9393, 10.6398 ], [ -2.9395, 10.6396 ], [ -2.9396, 10.6393 ], [ -2.9398, 10.639 ], [ -2.9399, 10.6387 ], [ -2.9402, 10.6382 ], [ -2.9403, 10.6378 ], [ -2.9405, 10.6375 ], [ -2.9407, 10.6371 ], [ -2.941, 10.6366 ], [ -2.9411, 10.6361 ], [ -2.9412, 10.6357 ], [ -2.9412, 10.6355 ], [ -2.9412, 10.6348 ], [ -2.9412, 10.6346 ], [ -2.9413, 10.6333 ], [ -2.9413, 10.6325 ], [ -2.9413, 10.6321 ], [ -2.9413, 10.6318 ], [ -2.9413, 10.6314 ], [ -2.9413, 10.6309 ], [ -2.9413, 10.6303 ], [ -2.9414, 10.6297 ], [ -2.9413, 10.6292 ], [ -2.9413, 10.6288 ], [ -2.9411, 10.6282 ], [ -2.9408, 10.6275 ], [ -2.9406, 10.627 ], [ -2.9403, 10.6265 ], [ -2.9401, 10.6259 ], [ -2.9397, 10.6252 ], [ -2.9396, 10.6248 ], [ -2.9396, 10.6244 ], [ -2.9397, 10.624 ], [ -2.9399, 10.6236 ], [ -2.94, 10.6232 ], [ -2.9402, 10.6225 ], [ -2.9402, 10.6223 ], [ -2.9403, 10.6217 ], [ -2.9404, 10.6211 ], [ -2.9404, 10.6204 ], [ -2.9403, 10.6197 ], [ -2.9404, 10.6193 ], [ -2.9405, 10.619 ], [ -2.9407, 10.6185 ], [ -2.9409, 10.6181 ], [ -2.9411, 10.6177 ], [ -2.9412, 10.617 ], [ -2.9413, 10.6162 ], [ -2.9412, 10.6152 ], [ -2.9411, 10.6144 ], [ -2.941, 10.6143 ], [ -2.941, 10.614 ], [ -2.9409, 10.6137 ], [ -2.9408, 10.6134 ], [ -2.9407, 10.613 ], [ -2.9406, 10.6126 ], [ -2.9404, 10.6122 ], [ -2.9402, 10.6119 ], [ -2.9401, 10.6117 ], [ -2.9399, 10.6115 ], [ -2.9397, 10.6113 ], [ -2.9395, 10.6111 ], [ -2.9392, 10.611 ], [ -2.9388, 10.6108 ], [ -2.9385, 10.6106 ], [ -2.9381, 10.6104 ], [ -2.9377, 10.6104 ], [ -2.9369, 10.6102 ], [ -2.9362, 10.61 ], [ -2.9359, 10.6099 ], [ -2.9357, 10.6097 ], [ -2.9355, 10.6096 ], [ -2.9354, 10.6094 ], [ -2.9352, 10.6093 ], [ -2.9351, 10.609 ], [ -2.935, 10.6089 ], [ -2.935, 10.6087 ], [ -2.9349, 10.6085 ], [ -2.9349, 10.6082 ], [ -2.9347, 10.6077 ], [ -2.9345, 10.6073 ], [ -2.9344, 10.6069 ], [ -2.9344, 10.6068 ], [ -2.9343, 10.6063 ], [ -2.9343, 10.606 ], [ -2.9341, 10.6056 ], [ -2.934, 10.605 ], [ -2.9337, 10.6042 ], [ -2.9336, 10.6038 ], [ -2.9334, 10.6033 ], [ -2.9333, 10.6028 ], [ -2.933, 10.6022 ], [ -2.9328, 10.6019 ], [ -2.9323, 10.6016 ], [ -2.9315, 10.6013 ], [ -2.931, 10.601 ], [ -2.9305, 10.6006 ], [ -2.9302, 10.6006 ], [ -2.9297, 10.6005 ], [ -2.9291, 10.6003 ], [ -2.9285, 10.5999 ], [ -2.9282, 10.5995 ], [ -2.928, 10.5991 ], [ -2.9278, 10.5988 ], [ -2.9277, 10.5987 ], [ -2.9273, 10.5981 ], [ -2.927, 10.5979 ], [ -2.9264, 10.5976 ], [ -2.9262, 10.5975 ], [ -2.926, 10.5974 ], [ -2.9258, 10.5971 ], [ -2.9255, 10.5968 ], [ -2.9253, 10.5966 ], [ -2.925, 10.5962 ], [ -2.9248, 10.5956 ], [ -2.9245, 10.5951 ], [ -2.9244, 10.5949 ], [ -2.9242, 10.5946 ], [ -2.9242, 10.5945 ], [ -2.9241, 10.5942 ], [ -2.924, 10.5939 ], [ -2.924, 10.5938 ], [ -2.9239, 10.5934 ], [ -2.9239, 10.5933 ], [ -2.9237, 10.5928 ], [ -2.9235, 10.5924 ], [ -2.9235, 10.5923 ], [ -2.9234, 10.5919 ], [ -2.9232, 10.5914 ], [ -2.9231, 10.591 ], [ -2.9229, 10.5906 ], [ -2.9229, 10.5901 ], [ -2.9229, 10.5899 ], [ -2.9229, 10.5895 ], [ -2.9229, 10.5894 ], [ -2.923, 10.5889 ], [ -2.9231, 10.5885 ], [ -2.9231, 10.5884 ], [ -2.9229, 10.5878 ], [ -2.9228, 10.5874 ], [ -2.9226, 10.5869 ], [ -2.9224, 10.5865 ], [ -2.9222, 10.5862 ], [ -2.9218, 10.5858 ], [ -2.9216, 10.5854 ], [ -2.9214, 10.585 ], [ -2.9208, 10.5844 ], [ -2.9206, 10.584 ], [ -2.9204, 10.5838 ], [ -2.9202, 10.5836 ], [ -2.92, 10.5833 ], [ -2.9197, 10.583 ], [ -2.9195, 10.5829 ], [ -2.9192, 10.5828 ], [ -2.919, 10.5828 ], [ -2.9189, 10.5826 ], [ -2.9188, 10.5825 ], [ -2.9186, 10.5822 ], [ -2.9186, 10.5821 ], [ -2.9184, 10.5817 ], [ -2.9182, 10.5813 ], [ -2.9179, 10.5808 ], [ -2.9177, 10.5805 ], [ -2.9176, 10.5803 ], [ -2.9175, 10.58 ], [ -2.9174, 10.5799 ], [ -2.9174, 10.5797 ], [ -2.9173, 10.5795 ], [ -2.9172, 10.5791 ], [ -2.917, 10.5785 ], [ -2.9168, 10.5781 ], [ -2.9165, 10.5775 ], [ -2.9162, 10.5767 ], [ -2.9158, 10.5758 ], [ -2.9155, 10.5753 ], [ -2.9152, 10.5747 ], [ -2.9149, 10.5742 ], [ -2.9148, 10.5741 ], [ -2.9146, 10.5737 ], [ -2.9143, 10.5731 ], [ -2.9142, 10.5729 ], [ -2.914, 10.5727 ], [ -2.9138, 10.5723 ], [ -2.9136, 10.5717 ], [ -2.9133, 10.5712 ], [ -2.9132, 10.5705 ], [ -2.913, 10.5698 ], [ -2.913, 10.5692 ], [ -2.9129, 10.5686 ], [ -2.9128, 10.5678 ], [ -2.9126, 10.5671 ], [ -2.9124, 10.5664 ], [ -2.9123, 10.566 ], [ -2.9122, 10.5655 ], [ -2.9119, 10.5649 ], [ -2.9117, 10.5643 ], [ -2.9115, 10.5638 ], [ -2.9114, 10.5635 ], [ -2.9111, 10.563 ], [ -2.9107, 10.5625 ], [ -2.9102, 10.562 ], [ -2.9096, 10.5613 ], [ -2.909, 10.5607 ], [ -2.9089, 10.5605 ], [ -2.9085, 10.5602 ], [ -2.9082, 10.5598 ], [ -2.9076, 10.5592 ], [ -2.9071, 10.5586 ], [ -2.9067, 10.558 ], [ -2.9064, 10.5577 ], [ -2.9061, 10.5574 ], [ -2.9057, 10.5569 ], [ -2.9053, 10.5563 ], [ -2.9052, 10.5559 ], [ -2.9049, 10.5553 ], [ -2.9045, 10.5547 ], [ -2.9044, 10.5547 ], [ -2.9041, 10.5542 ], [ -2.9037, 10.5536 ], [ -2.9035, 10.5534 ], [ -2.9034, 10.553 ], [ -2.9031, 10.5527 ], [ -2.9029, 10.5522 ], [ -2.9026, 10.5518 ], [ -2.9026, 10.5517 ], [ -2.9023, 10.551 ], [ -2.9022, 10.5509 ], [ -2.902, 10.5503 ], [ -2.9018, 10.5499 ], [ -2.9017, 10.5496 ], [ -2.9015, 10.5492 ], [ -2.9013, 10.5489 ], [ -2.9009, 10.5481 ], [ -2.9008, 10.5478 ], [ -2.9006, 10.5473 ], [ -2.9002, 10.5465 ], [ -2.9, 10.5459 ], [ -2.8998, 10.5455 ], [ -2.8996, 10.545 ], [ -2.8994, 10.5441 ], [ -2.8992, 10.5435 ], [ -2.8991, 10.5432 ], [ -2.899, 10.5428 ], [ -2.8989, 10.5424 ], [ -2.8988, 10.542 ], [ -2.8987, 10.5415 ], [ -2.8987, 10.5411 ], [ -2.8986, 10.5405 ], [ -2.8985, 10.5402 ], [ -2.8985, 10.54 ], [ -2.8985, 10.5398 ], [ -2.8985, 10.5394 ], [ -2.8985, 10.5391 ], [ -2.8985, 10.5387 ], [ -2.8984, 10.5383 ], [ -2.8984, 10.5377 ], [ -2.8984, 10.5373 ], [ -2.8984, 10.5371 ], [ -2.8985, 10.5366 ], [ -2.8986, 10.536 ], [ -2.8988, 10.5356 ], [ -2.8988, 10.5352 ], [ -2.8989, 10.5347 ], [ -2.899, 10.5344 ], [ -2.8992, 10.5341 ], [ -2.8993, 10.5337 ], [ -2.8996, 10.5333 ], [ -2.8997, 10.5331 ], [ -2.8999, 10.5327 ], [ -2.9001, 10.5323 ], [ -2.9003, 10.5316 ], [ -2.9005, 10.5309 ], [ -2.9005, 10.5303 ], [ -2.9006, 10.5299 ], [ -2.9006, 10.5296 ], [ -2.9006, 10.5291 ], [ -2.9006, 10.5283 ], [ -2.9005, 10.5277 ], [ -2.9004, 10.5271 ], [ -2.9004, 10.5266 ], [ -2.9003, 10.5259 ], [ -2.9001, 10.5254 ], [ -2.9001, 10.5252 ], [ -2.9, 10.5249 ], [ -2.8999, 10.5244 ], [ -2.8998, 10.5239 ], [ -2.8996, 10.5234 ], [ -2.8995, 10.5229 ], [ -2.8993, 10.5224 ], [ -2.899, 10.5218 ], [ -2.8989, 10.5216 ], [ -2.8986, 10.521 ], [ -2.8983, 10.5205 ], [ -2.8981, 10.52 ], [ -2.8978, 10.5195 ], [ -2.8974, 10.5187 ], [ -2.8973, 10.5184 ], [ -2.8971, 10.5181 ], [ -2.897, 10.5178 ], [ -2.8969, 10.5176 ], [ -2.8967, 10.5172 ], [ -2.8966, 10.5169 ], [ -2.8964, 10.5164 ], [ -2.8962, 10.516 ], [ -2.8962, 10.5158 ], [ -2.896, 10.5155 ], [ -2.896, 10.5153 ], [ -2.8958, 10.515 ], [ -2.8956, 10.5146 ], [ -2.8954, 10.5142 ], [ -2.8953, 10.514 ], [ -2.8951, 10.5136 ], [ -2.895, 10.5134 ], [ -2.8948, 10.5133 ], [ -2.8945, 10.5131 ], [ -2.8943, 10.513 ], [ -2.8941, 10.5128 ], [ -2.8939, 10.5126 ], [ -2.8935, 10.5124 ], [ -2.8932, 10.5122 ], [ -2.893, 10.5121 ], [ -2.8926, 10.5119 ], [ -2.8924, 10.5118 ], [ -2.8921, 10.5115 ], [ -2.892, 10.5113 ], [ -2.8917, 10.5111 ], [ -2.8916, 10.5108 ], [ -2.8915, 10.5106 ], [ -2.8914, 10.5103 ], [ -2.8912, 10.5101 ], [ -2.891, 10.5098 ], [ -2.8908, 10.5096 ], [ -2.8904, 10.5095 ], [ -2.8901, 10.5093 ], [ -2.8899, 10.509 ], [ -2.8898, 10.5085 ], [ -2.8897, 10.5082 ], [ -2.8897, 10.508 ], [ -2.8896, 10.5078 ], [ -2.8896, 10.5075 ], [ -2.8895, 10.5072 ], [ -2.8895, 10.5068 ], [ -2.8894, 10.5064 ], [ -2.8893, 10.5061 ], [ -2.8891, 10.5058 ], [ -2.8886, 10.5052 ], [ -2.8881, 10.5048 ], [ -2.8876, 10.5045 ], [ -2.8872, 10.5042 ], [ -2.8867, 10.5039 ], [ -2.8865, 10.5039 ], [ -2.8863, 10.5038 ], [ -2.8863, 10.5038 ], [ -2.8858, 10.5036 ], [ -2.8855, 10.5035 ], [ -2.8852, 10.5033 ], [ -2.8849, 10.5032 ], [ -2.8846, 10.5031 ], [ -2.8843, 10.503 ], [ -2.884, 10.5028 ], [ -2.8837, 10.5027 ], [ -2.8834, 10.5025 ], [ -2.883, 10.5023 ], [ -2.8827, 10.502 ], [ -2.8824, 10.5019 ], [ -2.8822, 10.5017 ], [ -2.8819, 10.5015 ], [ -2.8817, 10.5013 ], [ -2.8815, 10.5011 ], [ -2.8811, 10.5008 ], [ -2.8808, 10.5005 ], [ -2.8806, 10.5002 ], [ -2.8805, 10.5 ], [ -2.8805, 10.4999 ], [ -2.8803, 10.4996 ], [ -2.8803, 10.4995 ], [ -2.8802, 10.4995 ], [ -2.8801, 10.4993 ], [ -2.88, 10.4991 ], [ -2.8798, 10.4989 ], [ -2.8796, 10.4986 ], [ -2.8793, 10.4982 ], [ -2.8791, 10.4979 ], [ -2.8788, 10.4974 ], [ -2.8785, 10.497 ], [ -2.8782, 10.4965 ], [ -2.878, 10.4958 ], [ -2.8779, 10.4957 ], [ -2.8778, 10.4955 ], [ -2.8778, 10.4954 ], [ -2.8777, 10.4954 ], [ -2.8775, 10.4949 ], [ -2.8772, 10.4944 ], [ -2.8771, 10.4942 ], [ -2.877, 10.4941 ], [ -2.877, 10.494 ], [ -2.8769, 10.4938 ], [ -2.8768, 10.4936 ], [ -2.8763, 10.4931 ], [ -2.8758, 10.4923 ], [ -2.8752, 10.4912 ], [ -2.8751, 10.491 ], [ -2.8747, 10.4901 ], [ -2.8745, 10.4896 ], [ -2.8743, 10.4889 ], [ -2.8742, 10.4888 ], [ -2.8741, 10.488 ], [ -2.8739, 10.4874 ], [ -2.8738, 10.487 ], [ -2.8737, 10.4864 ], [ -2.8735, 10.4858 ], [ -2.8732, 10.4851 ], [ -2.8731, 10.4849 ], [ -2.873, 10.4845 ], [ -2.8727, 10.4839 ], [ -2.8727, 10.4838 ], [ -2.8725, 10.4835 ], [ -2.8722, 10.4829 ], [ -2.8721, 10.4828 ], [ -2.8719, 10.4825 ], [ -2.8717, 10.4822 ], [ -2.8716, 10.4818 ], [ -2.8715, 10.4817 ], [ -2.8714, 10.4816 ], [ -2.8714, 10.4813 ], [ -2.8713, 10.4812 ], [ -2.8713, 10.4809 ], [ -2.8712, 10.4805 ], [ -2.8712, 10.4803 ], [ -2.8712, 10.48 ], [ -2.8712, 10.4796 ], [ -2.8713, 10.4794 ], [ -2.8713, 10.4791 ], [ -2.8713, 10.4787 ], [ -2.8714, 10.4782 ], [ -2.8714, 10.478 ], [ -2.8715, 10.4775 ], [ -2.8715, 10.477 ], [ -2.8715, 10.4768 ], [ -2.8715, 10.4763 ], [ -2.8716, 10.4758 ], [ -2.8717, 10.4756 ], [ -2.8718, 10.4753 ], [ -2.8719, 10.4749 ], [ -2.872, 10.4746 ], [ -2.8721, 10.4742 ], [ -2.8721, 10.4742 ], [ -2.8721, 10.4741 ], [ -2.8722, 10.4739 ], [ -2.8722, 10.4737 ], [ -2.8722, 10.4736 ], [ -2.8723, 10.4734 ], [ -2.8723, 10.4732 ], [ -2.8724, 10.473 ], [ -2.8724, 10.4728 ], [ -2.8724, 10.4727 ], [ -2.8725, 10.4726 ], [ -2.8725, 10.4725 ], [ -2.8725, 10.4724 ], [ -2.8725, 10.472 ], [ -2.8726, 10.4718 ], [ -2.8726, 10.4715 ], [ -2.8727, 10.4711 ], [ -2.8727, 10.4709 ], [ -2.8727, 10.4708 ], [ -2.8728, 10.4706 ], [ -2.8728, 10.4703 ], [ -2.8729, 10.47 ], [ -2.8728, 10.4697 ], [ -2.8728, 10.4694 ], [ -2.8728, 10.4692 ], [ -2.8728, 10.4691 ], [ -2.8728, 10.4689 ], [ -2.8728, 10.4688 ], [ -2.8728, 10.4687 ], [ -2.8728, 10.4685 ], [ -2.8728, 10.4682 ], [ -2.8728, 10.4681 ], [ -2.8728, 10.4679 ], [ -2.8728, 10.4678 ], [ -2.8728, 10.4676 ], [ -2.8728, 10.4674 ], [ -2.8727, 10.4672 ], [ -2.8727, 10.4669 ], [ -2.8726, 10.4666 ], [ -2.8724, 10.4663 ], [ -2.8723, 10.466 ], [ -2.8721, 10.4656 ], [ -2.8719, 10.4653 ], [ -2.8717, 10.465 ], [ -2.8716, 10.4648 ], [ -2.8715, 10.4647 ], [ -2.8713, 10.4645 ], [ -2.8711, 10.4641 ], [ -2.871, 10.464 ], [ -2.8708, 10.4637 ], [ -2.8707, 10.4636 ], [ -2.8705, 10.4633 ], [ -2.8704, 10.4631 ], [ -2.8703, 10.463 ], [ -2.8703, 10.4629 ], [ -2.8701, 10.4627 ], [ -2.87, 10.4625 ], [ -2.8699, 10.4622 ], [ -2.8698, 10.4621 ], [ -2.8698, 10.4618 ], [ -2.8696, 10.4615 ], [ -2.8696, 10.4613 ], [ -2.8695, 10.4612 ], [ -2.8695, 10.461 ], [ -2.8694, 10.4607 ], [ -2.8693, 10.4605 ], [ -2.8692, 10.4604 ], [ -2.8691, 10.4601 ], [ -2.8691, 10.46 ], [ -2.869, 10.4598 ], [ -2.8689, 10.4597 ], [ -2.8688, 10.4595 ], [ -2.8687, 10.4592 ], [ -2.8686, 10.4591 ], [ -2.8685, 10.4589 ], [ -2.8685, 10.4589 ], [ -2.8684, 10.4587 ], [ -2.8683, 10.4585 ], [ -2.8682, 10.4582 ], [ -2.8681, 10.4579 ], [ -2.868, 10.4578 ], [ -2.8679, 10.4576 ], [ -2.8679, 10.4574 ], [ -2.8678, 10.4571 ], [ -2.8677, 10.457 ], [ -2.8677, 10.4569 ], [ -2.8675, 10.4565 ], [ -2.8673, 10.4561 ], [ -2.8671, 10.4556 ], [ -2.8669, 10.4554 ], [ -2.8666, 10.4549 ], [ -2.8664, 10.4545 ], [ -2.8662, 10.4542 ], [ -2.8661, 10.4541 ], [ -2.866, 10.454 ], [ -2.8656, 10.4538 ], [ -2.8655, 10.4536 ], [ -2.8651, 10.4534 ], [ -2.8648, 10.4532 ], [ -2.8646, 10.4531 ], [ -2.8643, 10.4528 ], [ -2.8641, 10.4527 ], [ -2.8638, 10.4524 ], [ -2.8634, 10.4522 ], [ -2.8632, 10.4521 ], [ -2.863, 10.4519 ], [ -2.8627, 10.4518 ], [ -2.8626, 10.4517 ], [ -2.8621, 10.4515 ], [ -2.8618, 10.4514 ], [ -2.8617, 10.4514 ], [ -2.8615, 10.4513 ], [ -2.8613, 10.4512 ], [ -2.861, 10.4511 ], [ -2.8604, 10.4508 ], [ -2.8597, 10.4505 ], [ -2.8593, 10.4503 ], [ -2.8592, 10.4503 ], [ -2.8586, 10.45 ], [ -2.8577, 10.4496 ], [ -2.857, 10.4493 ], [ -2.8562, 10.449 ], [ -2.8557, 10.4487 ], [ -2.8551, 10.4484 ], [ -2.8546, 10.4482 ], [ -2.854, 10.448 ], [ -2.8535, 10.4478 ], [ -2.8527, 10.4475 ], [ -2.8522, 10.4475 ], [ -2.8521, 10.4474 ], [ -2.8513, 10.4471 ], [ -2.851, 10.447 ], [ -2.8506, 10.4469 ], [ -2.8505, 10.4469 ], [ -2.8498, 10.4465 ], [ -2.8495, 10.4463 ], [ -2.8491, 10.4461 ], [ -2.8483, 10.4458 ], [ -2.848, 10.4455 ], [ -2.8478, 10.4454 ], [ -2.8472, 10.4451 ], [ -2.8471, 10.4451 ], [ -2.8469, 10.445 ], [ -2.8456, 10.4443 ], [ -2.845, 10.4441 ], [ -2.8443, 10.4438 ], [ -2.8439, 10.4436 ], [ -2.8437, 10.4436 ], [ -2.8436, 10.4434 ], [ -2.8436, 10.4434 ], [ -2.8435, 10.4433 ], [ -2.8434, 10.4432 ], [ -2.8434, 10.4431 ], [ -2.8433, 10.443 ], [ -2.8432, 10.4429 ], [ -2.8431, 10.4429 ], [ -2.843, 10.4428 ], [ -2.843, 10.4428 ], [ -2.8429, 10.4427 ], [ -2.8427, 10.4426 ], [ -2.8426, 10.4425 ], [ -2.8424, 10.4425 ], [ -2.8422, 10.4425 ], [ -2.842, 10.4425 ], [ -2.8419, 10.4425 ], [ -2.8418, 10.4425 ], [ -2.8417, 10.4425 ], [ -2.8413, 10.4425 ], [ -2.8413, 10.4425 ], [ -2.8407, 10.4423 ], [ -2.8406, 10.4423 ], [ -2.84, 10.4421 ], [ -2.8397, 10.4419 ], [ -2.8395, 10.4418 ], [ -2.8392, 10.4416 ], [ -2.839, 10.4414 ], [ -2.8389, 10.4413 ], [ -2.8387, 10.4412 ], [ -2.8385, 10.4411 ], [ -2.8383, 10.4409 ], [ -2.838, 10.4407 ], [ -2.8379, 10.4405 ], [ -2.8379, 10.4404 ], [ -2.8377, 10.4403 ], [ -2.8375, 10.4401 ], [ -2.8374, 10.4399 ], [ -2.8373, 10.4398 ], [ -2.8371, 10.4396 ], [ -2.8369, 10.4393 ], [ -2.8369, 10.4392 ], [ -2.8368, 10.4391 ], [ -2.8367, 10.4391 ], [ -2.8367, 10.439 ], [ -2.8366, 10.4389 ], [ -2.8364, 10.4388 ], [ -2.8364, 10.4387 ], [ -2.8363, 10.4387 ], [ -2.8361, 10.4385 ], [ -2.8359, 10.4382 ], [ -2.8356, 10.438 ], [ -2.8354, 10.4379 ], [ -2.8352, 10.4378 ], [ -2.8351, 10.4377 ], [ -2.8348, 10.4375 ], [ -2.8347, 10.4375 ], [ -2.8345, 10.4374 ], [ -2.8344, 10.4374 ], [ -2.8342, 10.4373 ], [ -2.8341, 10.4373 ], [ -2.834, 10.4372 ], [ -2.8338, 10.4372 ], [ -2.8337, 10.4371 ], [ -2.8334, 10.4371 ], [ -2.8331, 10.437 ], [ -2.833, 10.437 ], [ -2.8327, 10.4369 ], [ -2.8325, 10.4369 ], [ -2.8324, 10.4368 ], [ -2.8322, 10.4368 ], [ -2.8313, 10.4365 ], [ -2.8304, 10.4364 ], [ -2.8295, 10.4361 ], [ -2.8281, 10.4356 ], [ -2.8271, 10.4353 ], [ -2.8267, 10.4352 ], [ -2.8261, 10.4351 ], [ -2.8259, 10.435 ], [ -2.8249, 10.4346 ], [ -2.8246, 10.4345 ], [ -2.8235, 10.4342 ], [ -2.8225, 10.4339 ], [ -2.8222, 10.4339 ], [ -2.8212, 10.4337 ], [ -2.8208, 10.4337 ], [ -2.8192, 10.4335 ], [ -2.8177, 10.4332 ], [ -2.8173, 10.4332 ], [ -2.8165, 10.4331 ], [ -2.8161, 10.433 ], [ -2.8155, 10.4329 ], [ -2.8153, 10.4329 ], [ -2.8148, 10.4328 ], [ -2.8143, 10.4327 ], [ -2.8136, 10.4325 ], [ -2.8128, 10.4324 ], [ -2.8125, 10.4323 ], [ -2.8124, 10.4323 ], [ -2.8123, 10.4323 ], [ -2.8121, 10.4322 ], [ -2.8115, 10.4321 ], [ -2.811, 10.4319 ], [ -2.8109, 10.4319 ], [ -2.8107, 10.4318 ], [ -2.8105, 10.4318 ], [ -2.8103, 10.4318 ], [ -2.8101, 10.4317 ], [ -2.8099, 10.4316 ], [ -2.8096, 10.4315 ], [ -2.8092, 10.4314 ], [ -2.8086, 10.4312 ], [ -2.8083, 10.4311 ], [ -2.8081, 10.4311 ], [ -2.8076, 10.4309 ], [ -2.807, 10.4308 ], [ -2.8065, 10.4306 ], [ -2.8063, 10.4305 ], [ -2.806, 10.4305 ], [ -2.8055, 10.4304 ], [ -2.8053, 10.4303 ], [ -2.8049, 10.4302 ], [ -2.8044, 10.4301 ], [ -2.804, 10.43 ], [ -2.8034, 10.4299 ], [ -2.8028, 10.4298 ], [ -2.8026, 10.4297 ], [ -2.802, 10.4297 ], [ -2.8016, 10.4296 ], [ -2.8012, 10.4296 ], [ -2.801, 10.4296 ], [ -2.8007, 10.4296 ], [ -2.8004, 10.4296 ], [ -2.8002, 10.4295 ], [ -2.7996, 10.4294 ], [ -2.7994, 10.4294 ], [ -2.7992, 10.4294 ], [ -2.7989, 10.4293 ], [ -2.7985, 10.4293 ], [ -2.7984, 10.4293 ], [ -2.7981, 10.4292 ], [ -2.7979, 10.4291 ], [ -2.7976, 10.429 ], [ -2.7971, 10.4288 ], [ -2.7965, 10.4286 ], [ -2.7961, 10.4285 ], [ -2.796, 10.4285 ], [ -2.7957, 10.4283 ], [ -2.7951, 10.4281 ], [ -2.7947, 10.4279 ], [ -2.7945, 10.4278 ], [ -2.7943, 10.4277 ], [ -2.7942, 10.4276 ], [ -2.7939, 10.4275 ], [ -2.7932, 10.4272 ], [ -2.7929, 10.427 ], [ -2.7922, 10.4268 ], [ -2.7917, 10.4266 ], [ -2.7913, 10.4264 ], [ -2.7911, 10.4264 ], [ -2.7906, 10.4264 ], [ -2.7902, 10.4264 ], [ -2.7898, 10.4263 ], [ -2.7891, 10.4263 ], [ -2.7884, 10.4263 ], [ -2.7875, 10.4263 ], [ -2.7866, 10.4262 ], [ -2.7856, 10.4262 ], [ -2.7845, 10.4262 ], [ -2.7834, 10.4262 ], [ -2.7829, 10.4262 ], [ -2.7822, 10.4262 ], [ -2.7814, 10.4261 ], [ -2.7808, 10.426 ], [ -2.7804, 10.426 ], [ -2.7797, 10.4259 ], [ -2.7789, 10.4258 ], [ -2.7783, 10.4258 ], [ -2.7778, 10.4257 ], [ -2.7774, 10.4257 ], [ -2.7769, 10.4256 ], [ -2.7763, 10.4254 ], [ -2.7759, 10.4252 ], [ -2.7754, 10.4248 ], [ -2.775, 10.4246 ], [ -2.7747, 10.4244 ], [ -2.7744, 10.4242 ], [ -2.7741, 10.4238 ], [ -2.7739, 10.4236 ], [ -2.7736, 10.4232 ], [ -2.7734, 10.4227 ], [ -2.7734, 10.4224 ], [ -2.7734, 10.4219 ], [ -2.7736, 10.4215 ], [ -2.7738, 10.4212 ], [ -2.7741, 10.4208 ], [ -2.7742, 10.4205 ], [ -2.7743, 10.4204 ], [ -2.7743, 10.4202 ], [ -2.7743, 10.4201 ], [ -2.7744, 10.42 ], [ -2.7744, 10.4199 ], [ -2.7745, 10.4194 ], [ -2.7747, 10.4192 ], [ -2.7747, 10.4191 ], [ -2.7748, 10.4187 ], [ -2.7748, 10.4187 ], [ -2.7751, 10.418 ], [ -2.7751, 10.4179 ], [ -2.7753, 10.4173 ], [ -2.7753, 10.4171 ], [ -2.7754, 10.4167 ], [ -2.7754, 10.4165 ], [ -2.7754, 10.416 ], [ -2.7754, 10.4154 ], [ -2.7755, 10.4149 ], [ -2.7754, 10.4146 ], [ -2.7755, 10.4143 ], [ -2.7755, 10.4142 ], [ -2.7755, 10.4139 ], [ -2.7756, 10.4137 ], [ -2.7758, 10.4134 ], [ -2.7758, 10.4132 ], [ -2.776, 10.4126 ], [ -2.7762, 10.4124 ], [ -2.7764, 10.4121 ], [ -2.7764, 10.4119 ], [ -2.7767, 10.4115 ], [ -2.7768, 10.4114 ], [ -2.7771, 10.4109 ], [ -2.7774, 10.4105 ], [ -2.7777, 10.4103 ], [ -2.7781, 10.4099 ], [ -2.7781, 10.4099 ], [ -2.7784, 10.4096 ], [ -2.779, 10.4091 ], [ -2.7797, 10.4087 ], [ -2.7803, 10.4083 ], [ -2.7805, 10.4082 ], [ -2.7811, 10.408 ], [ -2.7815, 10.4077 ], [ -2.7822, 10.4073 ], [ -2.7831, 10.4069 ], [ -2.7841, 10.4067 ], [ -2.7848, 10.4063 ], [ -2.7856, 10.406 ], [ -2.7862, 10.4056 ], [ -2.7868, 10.4051 ], [ -2.7874, 10.4046 ], [ -2.7877, 10.4044 ], [ -2.7882, 10.404 ], [ -2.7885, 10.4038 ], [ -2.7889, 10.4035 ], [ -2.7891, 10.4034 ], [ -2.7894, 10.4033 ], [ -2.7898, 10.4032 ], [ -2.79, 10.4031 ], [ -2.7901, 10.4031 ], [ -2.7908, 10.4029 ], [ -2.791, 10.4029 ], [ -2.7915, 10.4028 ], [ -2.7916, 10.4027 ], [ -2.7919, 10.4027 ], [ -2.792, 10.4026 ], [ -2.7926, 10.4024 ], [ -2.7929, 10.4023 ], [ -2.7933, 10.402 ], [ -2.7934, 10.402 ], [ -2.7935, 10.4019 ], [ -2.7939, 10.4018 ], [ -2.7941, 10.4017 ], [ -2.7942, 10.4016 ], [ -2.7945, 10.4014 ], [ -2.7947, 10.4013 ], [ -2.7949, 10.4012 ], [ -2.7951, 10.4011 ], [ -2.7954, 10.4009 ], [ -2.7956, 10.4008 ], [ -2.7959, 10.4006 ], [ -2.7962, 10.4004 ], [ -2.7964, 10.4003 ], [ -2.7966, 10.4002 ], [ -2.7969, 10.3999 ], [ -2.7972, 10.3996 ], [ -2.7974, 10.3992 ], [ -2.7975, 10.399 ], [ -2.7978, 10.3988 ], [ -2.7982, 10.3984 ], [ -2.7987, 10.3982 ], [ -2.7993, 10.3979 ], [ -2.7997, 10.3978 ], [ -2.8001, 10.3977 ], [ -2.8005, 10.3976 ], [ -2.8012, 10.3976 ], [ -2.8017, 10.3976 ], [ -2.8021, 10.3976 ], [ -2.8026, 10.3977 ], [ -2.8027, 10.3977 ], [ -2.8029, 10.3977 ], [ -2.8032, 10.3978 ], [ -2.8035, 10.3978 ], [ -2.8039, 10.3979 ], [ -2.8042, 10.3979 ], [ -2.8045, 10.3979 ], [ -2.8049, 10.3979 ], [ -2.8052, 10.398 ], [ -2.8055, 10.3982 ], [ -2.8059, 10.3984 ], [ -2.8062, 10.3986 ], [ -2.8065, 10.3988 ], [ -2.8068, 10.399 ], [ -2.8069, 10.3991 ], [ -2.8072, 10.3993 ], [ -2.8074, 10.3994 ], [ -2.8078, 10.3995 ], [ -2.808, 10.3996 ], [ -2.8083, 10.3996 ], [ -2.8086, 10.3996 ], [ -2.809, 10.3996 ], [ -2.8095, 10.3996 ], [ -2.8098, 10.3996 ], [ -2.8102, 10.3995 ], [ -2.8103, 10.3995 ], [ -2.8106, 10.3995 ], [ -2.811, 10.3994 ], [ -2.8114, 10.3994 ], [ -2.8118, 10.3994 ], [ -2.8119, 10.3994 ], [ -2.8122, 10.3994 ], [ -2.8126, 10.3994 ], [ -2.8131, 10.3993 ], [ -2.8136, 10.3992 ], [ -2.814, 10.3991 ], [ -2.8144, 10.399 ], [ -2.8149, 10.3989 ], [ -2.8151, 10.3988 ], [ -2.8156, 10.3987 ], [ -2.8162, 10.3986 ], [ -2.8167, 10.3985 ], [ -2.8172, 10.3984 ], [ -2.8177, 10.3982 ], [ -2.818, 10.398 ], [ -2.8182, 10.398 ], [ -2.8187, 10.3977 ], [ -2.8192, 10.3974 ], [ -2.8199, 10.3971 ], [ -2.8203, 10.3968 ], [ -2.821, 10.3963 ], [ -2.8215, 10.396 ], [ -2.8224, 10.3955 ], [ -2.823, 10.3951 ], [ -2.8235, 10.3947 ], [ -2.8241, 10.3943 ], [ -2.8246, 10.3939 ], [ -2.8252, 10.3935 ], [ -2.8258, 10.3931 ], [ -2.8263, 10.3928 ], [ -2.8264, 10.3927 ], [ -2.8267, 10.3925 ], [ -2.8273, 10.392 ], [ -2.8279, 10.3914 ], [ -2.8284, 10.3909 ], [ -2.8289, 10.3905 ], [ -2.829, 10.3903 ], [ -2.8295, 10.3898 ], [ -2.83, 10.3893 ], [ -2.8308, 10.3885 ], [ -2.8312, 10.388 ], [ -2.8314, 10.3877 ], [ -2.8318, 10.3872 ], [ -2.8321, 10.3867 ], [ -2.8324, 10.386 ], [ -2.8325, 10.3858 ], [ -2.8326, 10.3855 ], [ -2.8328, 10.385 ], [ -2.8329, 10.3849 ], [ -2.833, 10.3845 ], [ -2.8334, 10.3838 ], [ -2.8339, 10.3831 ], [ -2.8343, 10.3824 ], [ -2.8345, 10.3821 ], [ -2.8349, 10.3816 ], [ -2.8349, 10.3814 ], [ -2.8353, 10.3808 ], [ -2.8354, 10.3805 ], [ -2.8356, 10.3799 ], [ -2.8358, 10.3793 ], [ -2.8359, 10.3791 ], [ -2.8359, 10.3789 ], [ -2.8359, 10.3787 ], [ -2.8358, 10.3784 ], [ -2.8356, 10.3782 ], [ -2.8356, 10.378 ], [ -2.8357, 10.3776 ], [ -2.8357, 10.3775 ], [ -2.8359, 10.3768 ], [ -2.8361, 10.3764 ], [ -2.8362, 10.3761 ], [ -2.8362, 10.376 ], [ -2.8363, 10.3757 ], [ -2.8364, 10.3756 ], [ -2.8364, 10.3755 ], [ -2.8365, 10.3754 ], [ -2.8366, 10.3751 ], [ -2.8366, 10.3749 ], [ -2.8368, 10.3747 ], [ -2.8369, 10.3746 ], [ -2.8369, 10.3744 ], [ -2.8371, 10.3742 ], [ -2.8372, 10.374 ], [ -2.8373, 10.3736 ], [ -2.8373, 10.3735 ], [ -2.8378, 10.3731 ], [ -2.8378, 10.373 ], [ -2.8381, 10.3727 ], [ -2.8384, 10.3723 ], [ -2.8388, 10.3719 ], [ -2.8389, 10.3715 ], [ -2.839, 10.3714 ], [ -2.8391, 10.3712 ], [ -2.8392, 10.3711 ], [ -2.8394, 10.3707 ], [ -2.8395, 10.3706 ], [ -2.8398, 10.3701 ], [ -2.8402, 10.3695 ], [ -2.8404, 10.3692 ], [ -2.8405, 10.369 ], [ -2.8406, 10.3689 ], [ -2.8406, 10.3688 ], [ -2.8408, 10.3684 ], [ -2.841, 10.368 ], [ -2.8412, 10.3677 ], [ -2.8412, 10.3674 ], [ -2.8414, 10.367 ], [ -2.8418, 10.3662 ], [ -2.8418, 10.366 ], [ -2.842, 10.3658 ], [ -2.842, 10.3657 ], [ -2.842, 10.3655 ], [ -2.842, 10.3654 ], [ -2.842, 10.3651 ], [ -2.842, 10.3648 ], [ -2.8421, 10.3645 ], [ -2.8421, 10.3644 ], [ -2.8421, 10.364 ], [ -2.8421, 10.3637 ], [ -2.8422, 10.3633 ], [ -2.8422, 10.363 ], [ -2.8423, 10.3626 ], [ -2.8423, 10.3625 ], [ -2.8424, 10.3619 ], [ -2.8425, 10.3612 ], [ -2.8426, 10.3602 ], [ -2.8428, 10.3591 ], [ -2.8428, 10.3583 ], [ -2.8428, 10.3581 ], [ -2.8427, 10.3571 ], [ -2.8427, 10.3565 ], [ -2.8426, 10.3557 ], [ -2.8426, 10.355 ], [ -2.8426, 10.3544 ], [ -2.8426, 10.3533 ], [ -2.8427, 10.3524 ], [ -2.8428, 10.3514 ], [ -2.8428, 10.3505 ], [ -2.8427, 10.3496 ], [ -2.8425, 10.3486 ], [ -2.8425, 10.3482 ], [ -2.8424, 10.3478 ], [ -2.8423, 10.3475 ], [ -2.8423, 10.3474 ], [ -2.8422, 10.3471 ], [ -2.8421, 10.3466 ], [ -2.8421, 10.346 ], [ -2.842, 10.3452 ], [ -2.842, 10.3451 ], [ -2.842, 10.3447 ], [ -2.8421, 10.3445 ], [ -2.8422, 10.344 ], [ -2.8423, 10.3438 ], [ -2.8423, 10.3436 ], [ -2.8424, 10.3434 ], [ -2.8426, 10.3429 ], [ -2.8428, 10.3423 ], [ -2.8428, 10.3421 ], [ -2.843, 10.3417 ], [ -2.8432, 10.3412 ], [ -2.8435, 10.3405 ], [ -2.8436, 10.3404 ], [ -2.8437, 10.3401 ], [ -2.844, 10.3393 ], [ -2.8445, 10.3381 ], [ -2.8446, 10.3376 ], [ -2.8448, 10.3368 ], [ -2.845, 10.3361 ], [ -2.8449, 10.3357 ], [ -2.845, 10.3351 ], [ -2.8451, 10.3349 ], [ -2.8453, 10.3346 ], [ -2.8455, 10.3343 ], [ -2.8457, 10.3341 ], [ -2.8458, 10.3338 ], [ -2.846, 10.3334 ], [ -2.846, 10.3334 ], [ -2.8461, 10.3332 ], [ -2.8463, 10.3328 ], [ -2.8465, 10.3325 ], [ -2.8467, 10.3323 ], [ -2.8469, 10.332 ], [ -2.8472, 10.3317 ], [ -2.8475, 10.3315 ], [ -2.8477, 10.3312 ], [ -2.8479, 10.331 ], [ -2.848, 10.3307 ], [ -2.8482, 10.3304 ], [ -2.8483, 10.3302 ], [ -2.8485, 10.3298 ], [ -2.8487, 10.3293 ], [ -2.8489, 10.3289 ], [ -2.8491, 10.3285 ], [ -2.8492, 10.3283 ], [ -2.8493, 10.3279 ], [ -2.8494, 10.3275 ], [ -2.8496, 10.327 ], [ -2.8497, 10.3266 ], [ -2.8498, 10.3264 ], [ -2.8498, 10.326 ], [ -2.8499, 10.3255 ], [ -2.85, 10.3251 ], [ -2.85, 10.3248 ], [ -2.8501, 10.3242 ], [ -2.8501, 10.3237 ], [ -2.8502, 10.3235 ], [ -2.8502, 10.3231 ], [ -2.8502, 10.3228 ], [ -2.8502, 10.3225 ], [ -2.8502, 10.3224 ], [ -2.8502, 10.3221 ], [ -2.8502, 10.3218 ], [ -2.8502, 10.3216 ], [ -2.8502, 10.3213 ], [ -2.8503, 10.3209 ], [ -2.8503, 10.3207 ], [ -2.8504, 10.3195 ], [ -2.8504, 10.3186 ], [ -2.8504, 10.3181 ], [ -2.8502, 10.3177 ], [ -2.85, 10.3169 ], [ -2.8497, 10.3162 ], [ -2.8492, 10.3151 ], [ -2.8487, 10.3145 ], [ -2.8477, 10.3137 ], [ -2.847, 10.3132 ], [ -2.8463, 10.3125 ], [ -2.8455, 10.3119 ], [ -2.845, 10.3113 ], [ -2.8446, 10.3108 ], [ -2.8444, 10.3105 ], [ -2.8441, 10.3101 ], [ -2.8438, 10.3095 ], [ -2.8436, 10.3087 ], [ -2.8432, 10.3075 ], [ -2.8428, 10.3061 ], [ -2.8427, 10.3051 ], [ -2.8426, 10.3049 ], [ -2.8424, 10.3041 ], [ -2.8421, 10.3038 ], [ -2.8416, 10.3033 ], [ -2.841, 10.3027 ], [ -2.8406, 10.3023 ], [ -2.8403, 10.3019 ], [ -2.84, 10.3016 ], [ -2.8396, 10.3011 ], [ -2.8389, 10.3005 ], [ -2.8385, 10.3003 ], [ -2.8374, 10.2995 ], [ -2.8373, 10.2995 ], [ -2.8363, 10.2986 ], [ -2.8356, 10.298 ], [ -2.8349, 10.2974 ], [ -2.8344, 10.2969 ], [ -2.8338, 10.2963 ], [ -2.8333, 10.2958 ], [ -2.8325, 10.2953 ], [ -2.8321, 10.2951 ], [ -2.8314, 10.2949 ], [ -2.8306, 10.2947 ], [ -2.83, 10.2945 ], [ -2.8292, 10.2942 ], [ -2.8287, 10.2939 ], [ -2.8284, 10.2937 ], [ -2.8276, 10.2933 ], [ -2.827, 10.293 ], [ -2.8263, 10.2927 ], [ -2.8259, 10.2923 ], [ -2.8253, 10.2919 ], [ -2.8247, 10.2915 ], [ -2.8245, 10.2914 ], [ -2.8241, 10.2912 ], [ -2.8239, 10.291 ], [ -2.8237, 10.2908 ], [ -2.8236, 10.2907 ], [ -2.8232, 10.2907 ], [ -2.8231, 10.2906 ], [ -2.8227, 10.2905 ], [ -2.8223, 10.2902 ], [ -2.8217, 10.2899 ], [ -2.8211, 10.2896 ], [ -2.8206, 10.289 ], [ -2.8201, 10.2886 ], [ -2.82, 10.2885 ], [ -2.8196, 10.2881 ], [ -2.8192, 10.2878 ], [ -2.819, 10.2877 ], [ -2.8184, 10.2872 ], [ -2.8176, 10.2868 ], [ -2.8169, 10.2863 ], [ -2.8157, 10.2857 ], [ -2.8145, 10.2851 ], [ -2.8135, 10.2846 ], [ -2.8124, 10.284 ], [ -2.8115, 10.2834 ], [ -2.8105, 10.2828 ], [ -2.8095, 10.2823 ], [ -2.8085, 10.2817 ], [ -2.8071, 10.2809 ], [ -2.8053, 10.28 ], [ -2.8046, 10.2795 ], [ -2.8035, 10.2791 ], [ -2.8017, 10.2782 ], [ -2.8011, 10.2779 ], [ -2.8005, 10.2776 ], [ -2.8001, 10.2773 ], [ -2.7989, 10.2768 ], [ -2.7985, 10.2766 ], [ -2.798, 10.2763 ], [ -2.7968, 10.2758 ], [ -2.7962, 10.2755 ], [ -2.7955, 10.2752 ], [ -2.7946, 10.2748 ], [ -2.7932, 10.2743 ], [ -2.7921, 10.2739 ], [ -2.7909, 10.2736 ], [ -2.7894, 10.2734 ], [ -2.7877, 10.273 ], [ -2.786, 10.2727 ], [ -2.7848, 10.2725 ], [ -2.7842, 10.2725 ], [ -2.7836, 10.2724 ], [ -2.7828, 10.2723 ], [ -2.7815, 10.2721 ], [ -2.7802, 10.2718 ], [ -2.7789, 10.2714 ], [ -2.7777, 10.271 ], [ -2.7765, 10.2705 ], [ -2.7754, 10.2699 ], [ -2.7742, 10.2694 ], [ -2.7732, 10.2689 ], [ -2.772, 10.2683 ], [ -2.7708, 10.2678 ], [ -2.77, 10.2674 ], [ -2.7687, 10.2668 ], [ -2.7676, 10.2663 ], [ -2.7665, 10.2657 ], [ -2.7653, 10.2651 ], [ -2.7642, 10.2644 ], [ -2.7633, 10.2635 ], [ -2.7622, 10.2626 ], [ -2.7614, 10.2618 ], [ -2.7607, 10.2608 ], [ -2.7602, 10.26 ], [ -2.7597, 10.259 ], [ -2.7591, 10.2577 ], [ -2.7588, 10.2566 ], [ -2.7587, 10.2558 ], [ -2.7586, 10.2555 ], [ -2.7583, 10.2548 ], [ -2.7582, 10.2546 ], [ -2.7582, 10.2545 ], [ -2.7579, 10.2536 ], [ -2.7578, 10.2535 ], [ -2.7576, 10.2527 ], [ -2.7576, 10.2525 ], [ -2.7574, 10.2516 ], [ -2.7573, 10.2513 ], [ -2.7572, 10.2506 ], [ -2.7571, 10.2505 ], [ -2.7569, 10.2496 ], [ -2.7569, 10.2492 ], [ -2.7568, 10.2483 ], [ -2.7567, 10.2479 ], [ -2.7565, 10.2472 ], [ -2.7565, 10.2465 ], [ -2.7564, 10.2453 ], [ -2.7564, 10.2444 ], [ -2.7564, 10.2436 ], [ -2.7565, 10.2426 ], [ -2.7566, 10.2417 ], [ -2.7567, 10.2409 ], [ -2.7569, 10.24 ], [ -2.7569, 10.2398 ], [ -2.7569, 10.2393 ], [ -2.7571, 10.2383 ], [ -2.7572, 10.2371 ], [ -2.7572, 10.2364 ], [ -2.7574, 10.2353 ], [ -2.7574, 10.2345 ], [ -2.7575, 10.234 ], [ -2.7577, 10.2331 ], [ -2.7579, 10.2326 ], [ -2.758, 10.2323 ], [ -2.7584, 10.2316 ], [ -2.7588, 10.2307 ], [ -2.7592, 10.23 ], [ -2.7595, 10.2294 ], [ -2.7598, 10.2287 ], [ -2.7601, 10.2281 ], [ -2.7603, 10.2277 ], [ -2.7606, 10.227 ], [ -2.761, 10.2265 ], [ -2.7614, 10.2261 ], [ -2.762, 10.2256 ], [ -2.7624, 10.2253 ], [ -2.7629, 10.2249 ], [ -2.7635, 10.2246 ], [ -2.764, 10.2241 ], [ -2.7644, 10.2237 ], [ -2.765, 10.223 ], [ -2.7656, 10.2223 ], [ -2.7664, 10.2214 ], [ -2.7671, 10.2206 ], [ -2.7677, 10.22 ], [ -2.7686, 10.2193 ], [ -2.7698, 10.2184 ], [ -2.7704, 10.2181 ], [ -2.7713, 10.2173 ], [ -2.7721, 10.2166 ], [ -2.773, 10.2157 ], [ -2.7738, 10.215 ], [ -2.7747, 10.2141 ], [ -2.7754, 10.2136 ], [ -2.7765, 10.2129 ], [ -2.7775, 10.2123 ], [ -2.7791, 10.2115 ], [ -2.78, 10.2111 ], [ -2.781, 10.2106 ], [ -2.7824, 10.21 ], [ -2.7833, 10.2096 ], [ -2.7843, 10.2092 ], [ -2.7858, 10.2084 ], [ -2.787, 10.2075 ], [ -2.7873, 10.2074 ], [ -2.7879, 10.2068 ], [ -2.789, 10.206 ], [ -2.79, 10.2049 ], [ -2.7914, 10.2033 ], [ -2.7922, 10.2021 ], [ -2.7926, 10.2017 ], [ -2.7934, 10.201 ], [ -2.7941, 10.2002 ], [ -2.7946, 10.1998 ], [ -2.7949, 10.1996 ], [ -2.7955, 10.1991 ], [ -2.7959, 10.1986 ], [ -2.7962, 10.1984 ], [ -2.7964, 10.198 ], [ -2.7965, 10.1977 ], [ -2.7966, 10.1971 ], [ -2.7968, 10.1965 ], [ -2.797, 10.1956 ], [ -2.7972, 10.1947 ], [ -2.7975, 10.1939 ], [ -2.7978, 10.1926 ], [ -2.7979, 10.1922 ], [ -2.7981, 10.1914 ], [ -2.7983, 10.1903 ], [ -2.7983, 10.1891 ], [ -2.7983, 10.1883 ], [ -2.7983, 10.1878 ], [ -2.7983, 10.1876 ], [ -2.7984, 10.1873 ], [ -2.7983, 10.187 ], [ -2.7981, 10.1867 ], [ -2.7979, 10.1862 ], [ -2.7975, 10.1856 ], [ -2.7973, 10.1848 ], [ -2.7969, 10.1839 ], [ -2.7966, 10.1831 ], [ -2.7965, 10.1826 ], [ -2.7963, 10.1819 ], [ -2.7962, 10.1812 ], [ -2.7961, 10.1805 ], [ -2.796, 10.1796 ], [ -2.7959, 10.1785 ], [ -2.7959, 10.1782 ], [ -2.7957, 10.1775 ], [ -2.7954, 10.1773 ], [ -2.7952, 10.1771 ], [ -2.795, 10.1767 ], [ -2.7946, 10.1761 ], [ -2.7944, 10.1752 ], [ -2.7944, 10.1748 ], [ -2.7944, 10.174 ], [ -2.7945, 10.1734 ], [ -2.7947, 10.1726 ], [ -2.7946, 10.1717 ], [ -2.7946, 10.171 ], [ -2.7944, 10.1707 ], [ -2.794, 10.1702 ], [ -2.7939, 10.1698 ], [ -2.7936, 10.1696 ], [ -2.7934, 10.1692 ], [ -2.7932, 10.1689 ], [ -2.7928, 10.1684 ], [ -2.7926, 10.168 ], [ -2.7923, 10.1676 ], [ -2.792, 10.1672 ], [ -2.7917, 10.1668 ], [ -2.7914, 10.1663 ], [ -2.7914, 10.166 ], [ -2.7912, 10.1658 ], [ -2.791, 10.1655 ], [ -2.7909, 10.1654 ], [ -2.7908, 10.1651 ], [ -2.7907, 10.1646 ], [ -2.7906, 10.1644 ], [ -2.7905, 10.164 ], [ -2.7904, 10.1634 ], [ -2.7903, 10.1627 ], [ -2.7902, 10.162 ], [ -2.7902, 10.1613 ], [ -2.7899, 10.1604 ], [ -2.7899, 10.1597 ], [ -2.79, 10.1593 ], [ -2.7902, 10.1588 ], [ -2.7902, 10.1586 ], [ -2.7903, 10.158 ], [ -2.7903, 10.1574 ], [ -2.7903, 10.157 ], [ -2.7902, 10.1566 ], [ -2.7901, 10.156 ], [ -2.79, 10.1555 ], [ -2.7899, 10.1551 ], [ -2.7898, 10.1548 ], [ -2.7898, 10.1542 ], [ -2.7897, 10.1541 ], [ -2.7895, 10.1537 ], [ -2.7893, 10.1532 ], [ -2.7892, 10.1529 ], [ -2.7891, 10.1525 ], [ -2.789, 10.1522 ], [ -2.7889, 10.152 ], [ -2.7888, 10.1515 ], [ -2.7888, 10.1507 ], [ -2.7887, 10.1498 ], [ -2.7887, 10.1487 ], [ -2.7888, 10.1478 ], [ -2.7887, 10.1468 ], [ -2.7887, 10.1461 ], [ -2.7886, 10.1456 ], [ -2.7884, 10.145 ], [ -2.7883, 10.1444 ], [ -2.7881, 10.1438 ], [ -2.788, 10.1434 ], [ -2.7877, 10.1425 ], [ -2.7874, 10.1419 ], [ -2.7873, 10.1414 ], [ -2.7871, 10.1408 ], [ -2.7871, 10.1402 ], [ -2.7871, 10.1399 ], [ -2.7871, 10.1393 ], [ -2.7872, 10.1387 ], [ -2.7873, 10.1381 ], [ -2.7877, 10.137 ], [ -2.7881, 10.1362 ], [ -2.7885, 10.1353 ], [ -2.789, 10.1345 ], [ -2.7895, 10.1336 ], [ -2.7898, 10.1329 ], [ -2.7901, 10.1324 ], [ -2.7903, 10.1321 ], [ -2.7903, 10.1319 ], [ -2.7908, 10.1314 ], [ -2.7909, 10.131 ], [ -2.7913, 10.1304 ], [ -2.7915, 10.13 ], [ -2.7919, 10.1296 ], [ -2.7921, 10.1295 ], [ -2.7923, 10.1291 ], [ -2.7927, 10.1286 ], [ -2.793, 10.1281 ], [ -2.7932, 10.1275 ], [ -2.7933, 10.127 ], [ -2.7933, 10.1264 ], [ -2.7933, 10.1258 ], [ -2.7933, 10.1253 ], [ -2.7933, 10.1252 ], [ -2.7933, 10.1247 ], [ -2.7932, 10.1243 ], [ -2.7931, 10.1238 ], [ -2.7931, 10.1234 ], [ -2.793, 10.1229 ], [ -2.793, 10.1222 ], [ -2.793, 10.1216 ], [ -2.7931, 10.1209 ], [ -2.7931, 10.1202 ], [ -2.7932, 10.1195 ], [ -2.7932, 10.1189 ], [ -2.7931, 10.1175 ], [ -2.7931, 10.1173 ], [ -2.793, 10.1168 ], [ -2.793, 10.1165 ], [ -2.7929, 10.116 ], [ -2.7928, 10.1155 ], [ -2.7927, 10.1151 ], [ -2.7925, 10.1148 ], [ -2.7924, 10.1144 ], [ -2.7923, 10.1143 ], [ -2.7922, 10.1139 ], [ -2.792, 10.1135 ], [ -2.7919, 10.1132 ], [ -2.7918, 10.1129 ], [ -2.7918, 10.1126 ], [ -2.7917, 10.1122 ], [ -2.7916, 10.112 ], [ -2.7916, 10.1117 ], [ -2.7916, 10.1113 ], [ -2.7916, 10.1109 ], [ -2.7915, 10.1105 ], [ -2.7915, 10.1103 ], [ -2.7915, 10.1099 ], [ -2.7915, 10.1094 ], [ -2.7916, 10.1089 ], [ -2.7916, 10.1084 ], [ -2.7916, 10.1079 ], [ -2.7916, 10.1075 ], [ -2.7916, 10.1072 ], [ -2.7916, 10.1068 ], [ -2.7916, 10.1064 ], [ -2.7915, 10.106 ], [ -2.7915, 10.1057 ], [ -2.7914, 10.1053 ], [ -2.7913, 10.105 ], [ -2.7912, 10.1047 ], [ -2.7911, 10.1046 ], [ -2.7909, 10.1042 ], [ -2.7908, 10.1039 ], [ -2.7907, 10.1036 ], [ -2.7906, 10.1034 ], [ -2.7905, 10.1032 ], [ -2.7904, 10.103 ], [ -2.7902, 10.1027 ], [ -2.7901, 10.1025 ], [ -2.79, 10.1022 ], [ -2.7899, 10.1021 ], [ -2.7898, 10.1019 ], [ -2.7898, 10.1018 ], [ -2.7897, 10.1017 ], [ -2.7896, 10.1014 ], [ -2.7895, 10.1013 ], [ -2.7894, 10.1011 ], [ -2.7894, 10.101 ], [ -2.7894, 10.1009 ], [ -2.7893, 10.1007 ], [ -2.7893, 10.1005 ], [ -2.7893, 10.1003 ], [ -2.7893, 10.0999 ], [ -2.7893, 10.0997 ], [ -2.7893, 10.0993 ], [ -2.7893, 10.0991 ], [ -2.7892, 10.0987 ], [ -2.7891, 10.0984 ], [ -2.789, 10.0982 ], [ -2.7889, 10.0981 ], [ -2.7886, 10.0979 ], [ -2.7885, 10.0975 ], [ -2.7885, 10.0975 ], [ -2.7885, 10.0972 ], [ -2.7884, 10.0968 ], [ -2.7883, 10.0962 ], [ -2.7882, 10.0959 ], [ -2.7882, 10.0954 ], [ -2.7881, 10.0949 ], [ -2.7879, 10.0942 ], [ -2.7879, 10.0937 ], [ -2.7878, 10.093 ], [ -2.7879, 10.0926 ], [ -2.7879, 10.092 ], [ -2.788, 10.0913 ], [ -2.788, 10.0906 ], [ -2.7881, 10.0899 ], [ -2.7882, 10.0893 ], [ -2.7884, 10.0886 ], [ -2.7885, 10.0882 ], [ -2.7886, 10.0877 ], [ -2.7887, 10.0871 ], [ -2.7888, 10.0867 ], [ -2.7889, 10.0864 ], [ -2.789, 10.0859 ], [ -2.789, 10.0854 ], [ -2.789, 10.0849 ], [ -2.7891, 10.0842 ], [ -2.7892, 10.0839 ], [ -2.7892, 10.0833 ], [ -2.7893, 10.0828 ], [ -2.7896, 10.0823 ], [ -2.7898, 10.082 ], [ -2.79, 10.0816 ], [ -2.7902, 10.0813 ], [ -2.7904, 10.0806 ], [ -2.7905, 10.08 ], [ -2.7906, 10.0794 ], [ -2.7906, 10.0789 ], [ -2.7905, 10.0779 ], [ -2.7904, 10.0776 ], [ -2.7903, 10.0771 ], [ -2.7902, 10.0767 ], [ -2.7902, 10.0765 ], [ -2.7901, 10.0758 ], [ -2.79, 10.0754 ], [ -2.7901, 10.0749 ], [ -2.7902, 10.0746 ], [ -2.7903, 10.0743 ], [ -2.7903, 10.0742 ], [ -2.7902, 10.074 ], [ -2.7902, 10.0738 ], [ -2.7901, 10.0734 ], [ -2.7901, 10.0733 ], [ -2.7901, 10.073 ], [ -2.7901, 10.0728 ], [ -2.7902, 10.0726 ], [ -2.7901, 10.0723 ], [ -2.7902, 10.0721 ], [ -2.7902, 10.0719 ], [ -2.7902, 10.0716 ], [ -2.7903, 10.0713 ], [ -2.7903, 10.0713 ], [ -2.7903, 10.0709 ], [ -2.7903, 10.0708 ], [ -2.7904, 10.0704 ], [ -2.7904, 10.0699 ], [ -2.7904, 10.0698 ], [ -2.7904, 10.0696 ], [ -2.7904, 10.0693 ], [ -2.7904, 10.0693 ], [ -2.7904, 10.0691 ], [ -2.7903, 10.0689 ], [ -2.7902, 10.0685 ], [ -2.7902, 10.0684 ], [ -2.7901, 10.0682 ], [ -2.7901, 10.0681 ], [ -2.79, 10.0677 ], [ -2.7899, 10.0673 ], [ -2.7897, 10.0671 ], [ -2.7896, 10.0669 ], [ -2.7896, 10.0668 ], [ -2.7895, 10.0665 ], [ -2.7894, 10.0662 ], [ -2.7893, 10.0661 ], [ -2.7892, 10.0659 ], [ -2.7892, 10.0659 ], [ -2.7891, 10.0656 ], [ -2.7889, 10.0649 ], [ -2.7888, 10.0641 ], [ -2.7886, 10.0634 ], [ -2.7885, 10.0632 ], [ -2.7884, 10.0626 ], [ -2.7884, 10.0621 ], [ -2.7883, 10.0612 ], [ -2.788, 10.0605 ], [ -2.788, 10.0603 ], [ -2.7879, 10.0598 ], [ -2.788, 10.0592 ], [ -2.7879, 10.0589 ], [ -2.7879, 10.0587 ], [ -2.7878, 10.0586 ], [ -2.7877, 10.0582 ], [ -2.7873, 10.0577 ], [ -2.787, 10.0574 ], [ -2.7869, 10.0571 ], [ -2.7868, 10.057 ], [ -2.7867, 10.0566 ], [ -2.7867, 10.0565 ], [ -2.7865, 10.0561 ], [ -2.7862, 10.0555 ], [ -2.7861, 10.0554 ], [ -2.7859, 10.055 ], [ -2.7857, 10.0545 ], [ -2.7856, 10.0543 ], [ -2.7854, 10.0537 ], [ -2.7854, 10.0536 ], [ -2.7853, 10.0535 ], [ -2.7853, 10.0534 ], [ -2.785, 10.0527 ], [ -2.7848, 10.0519 ], [ -2.7848, 10.0518 ], [ -2.7849, 10.0512 ], [ -2.7847, 10.0507 ], [ -2.7845, 10.0503 ], [ -2.7845, 10.0501 ], [ -2.7845, 10.0498 ], [ -2.7845, 10.0497 ], [ -2.7845, 10.0494 ], [ -2.7845, 10.0493 ], [ -2.7844, 10.0491 ], [ -2.7842, 10.0489 ], [ -2.7841, 10.0486 ], [ -2.784, 10.0485 ], [ -2.784, 10.0484 ], [ -2.7839, 10.048 ], [ -2.7837, 10.0475 ], [ -2.7835, 10.0472 ], [ -2.7833, 10.0467 ], [ -2.7829, 10.0462 ], [ -2.7822, 10.0449 ], [ -2.782, 10.0445 ], [ -2.7819, 10.0441 ], [ -2.7819, 10.0439 ], [ -2.7819, 10.0436 ], [ -2.7819, 10.0434 ], [ -2.7819, 10.0431 ], [ -2.7819, 10.0428 ], [ -2.7819, 10.0426 ], [ -2.7819, 10.0423 ], [ -2.7819, 10.0421 ], [ -2.7818, 10.0419 ], [ -2.7818, 10.0415 ], [ -2.782, 10.0411 ], [ -2.7821, 10.0408 ], [ -2.7822, 10.0408 ], [ -2.7824, 10.0404 ], [ -2.7824, 10.0401 ], [ -2.7825, 10.0399 ], [ -2.7826, 10.0397 ], [ -2.7826, 10.0396 ], [ -2.7826, 10.0393 ], [ -2.7826, 10.0392 ], [ -2.7827, 10.0384 ], [ -2.7828, 10.0373 ], [ -2.7828, 10.0372 ], [ -2.7829, 10.0367 ], [ -2.7829, 10.0364 ], [ -2.7829, 10.0359 ], [ -2.7828, 10.0355 ], [ -2.7828, 10.035 ], [ -2.7827, 10.0344 ], [ -2.7827, 10.0339 ], [ -2.7827, 10.0336 ], [ -2.7826, 10.033 ], [ -2.7825, 10.0326 ], [ -2.7824, 10.0321 ], [ -2.7824, 10.0317 ], [ -2.7824, 10.0312 ], [ -2.7823, 10.031 ], [ -2.7823, 10.0308 ], [ -2.7823, 10.0305 ], [ -2.7823, 10.0301 ], [ -2.7822, 10.0299 ], [ -2.7821, 10.0295 ], [ -2.7821, 10.0292 ], [ -2.782, 10.0289 ], [ -2.782, 10.0287 ], [ -2.782, 10.0286 ], [ -2.7819, 10.0285 ], [ -2.7819, 10.0284 ], [ -2.7819, 10.0282 ], [ -2.7819, 10.028 ], [ -2.7819, 10.0274 ], [ -2.7818, 10.0271 ], [ -2.7815, 10.0262 ], [ -2.7812, 10.0258 ], [ -2.7808, 10.0251 ], [ -2.7806, 10.0248 ], [ -2.7803, 10.0245 ], [ -2.7799, 10.0242 ], [ -2.7795, 10.0239 ], [ -2.7793, 10.0236 ], [ -2.7791, 10.0233 ], [ -2.7787, 10.023 ], [ -2.7784, 10.0228 ], [ -2.7783, 10.0227 ], [ -2.7777, 10.0221 ], [ -2.7772, 10.0214 ], [ -2.7769, 10.0209 ], [ -2.7766, 10.0203 ], [ -2.7765, 10.0199 ], [ -2.7762, 10.0192 ], [ -2.7762, 10.0187 ], [ -2.7761, 10.0165 ], [ -2.776, 10.0156 ], [ -2.776, 10.0148 ], [ -2.7759, 10.0143 ], [ -2.7759, 10.014 ], [ -2.7759, 10.0139 ], [ -2.7759, 10.0135 ], [ -2.7758, 10.0127 ], [ -2.7756, 10.0122 ], [ -2.7754, 10.0115 ], [ -2.7752, 10.0109 ], [ -2.775, 10.0105 ], [ -2.7747, 10.0099 ], [ -2.7747, 10.0098 ], [ -2.7745, 10.0094 ], [ -2.7743, 10.0092 ], [ -2.774, 10.0089 ], [ -2.7737, 10.0085 ], [ -2.7734, 10.0079 ], [ -2.7731, 10.0075 ], [ -2.7728, 10.007 ], [ -2.7724, 10.0065 ], [ -2.7721, 10.0059 ], [ -2.7719, 10.0055 ], [ -2.7717, 10.0051 ], [ -2.7714, 10.0049 ], [ -2.7712, 10.0046 ], [ -2.7711, 10.0044 ], [ -2.771, 10.0043 ], [ -2.7709, 10.0041 ], [ -2.7708, 10.004 ], [ -2.7708, 10.0038 ], [ -2.7706, 10.0035 ], [ -2.7702, 10.003 ], [ -2.7698, 10.0026 ], [ -2.7693, 10.002 ], [ -2.7687, 10.0013 ], [ -2.768, 10.0007 ], [ -2.7673, 9.9997 ], [ -2.7667, 9.9993 ], [ -2.7659, 9.9984 ], [ -2.7654, 9.9974 ], [ -2.7649, 9.9964 ], [ -2.7644, 9.9955 ], [ -2.764, 9.9946 ], [ -2.7637, 9.9941 ], [ -2.7635, 9.9938 ], [ -2.7629, 9.9931 ], [ -2.7629, 9.9931 ], [ -2.7624, 9.9926 ], [ -2.7618, 9.9919 ], [ -2.761, 9.9913 ], [ -2.7599, 9.9904 ], [ -2.7593, 9.9899 ], [ -2.7589, 9.9897 ], [ -2.7585, 9.9891 ], [ -2.7582, 9.9888 ], [ -2.758, 9.9887 ], [ -2.7579, 9.9886 ], [ -2.7578, 9.9886 ], [ -2.7556, 9.9873 ], [ -2.7546, 9.9865 ], [ -2.7533, 9.9856 ], [ -2.7524, 9.9848 ], [ -2.7514, 9.9837 ], [ -2.7506, 9.9829 ], [ -2.75, 9.9821 ], [ -2.7497, 9.9814 ], [ -2.7494, 9.9808 ], [ -2.7492, 9.9801 ], [ -2.749, 9.9792 ], [ -2.7488, 9.9783 ], [ -2.7487, 9.9775 ], [ -2.7484, 9.9762 ], [ -2.7481, 9.9752 ], [ -2.7479, 9.9746 ], [ -2.7476, 9.9736 ], [ -2.7473, 9.9723 ], [ -2.7472, 9.9712 ], [ -2.7468, 9.9702 ], [ -2.7464, 9.9692 ], [ -2.7459, 9.9682 ], [ -2.7456, 9.9675 ], [ -2.7454, 9.9668 ], [ -2.7451, 9.9657 ], [ -2.745, 9.9646 ], [ -2.7447, 9.9636 ], [ -2.7444, 9.9628 ], [ -2.7444, 9.9626 ], [ -2.7438, 9.962 ], [ -2.7434, 9.9612 ], [ -2.7432, 9.9609 ], [ -2.7429, 9.9602 ], [ -2.7428, 9.9592 ], [ -2.7428, 9.9591 ], [ -2.7428, 9.958 ], [ -2.7428, 9.9577 ], [ -2.7429, 9.9564 ], [ -2.7431, 9.9553 ], [ -2.7434, 9.9543 ], [ -2.7437, 9.9535 ], [ -2.7439, 9.9525 ], [ -2.7439, 9.9517 ], [ -2.7439, 9.9511 ], [ -2.7441, 9.9497 ], [ -2.7442, 9.9489 ], [ -2.7445, 9.9478 ], [ -2.7451, 9.9466 ], [ -2.7457, 9.9457 ], [ -2.7464, 9.945 ], [ -2.7478, 9.9442 ], [ -2.7494, 9.9432 ], [ -2.7508, 9.9422 ], [ -2.7514, 9.9418 ], [ -2.7518, 9.9411 ], [ -2.7521, 9.9404 ], [ -2.7523, 9.9399 ], [ -2.7526, 9.9393 ], [ -2.7529, 9.9387 ], [ -2.7532, 9.9381 ], [ -2.7537, 9.9374 ], [ -2.754, 9.9368 ], [ -2.7546, 9.9361 ], [ -2.7549, 9.9357 ], [ -2.7551, 9.9351 ], [ -2.7556, 9.9341 ], [ -2.7559, 9.9334 ], [ -2.7564, 9.9325 ], [ -2.7565, 9.9321 ], [ -2.7569, 9.9315 ], [ -2.7574, 9.9306 ], [ -2.7581, 9.9296 ], [ -2.759, 9.9283 ], [ -2.7591, 9.9281 ], [ -2.7595, 9.9272 ], [ -2.7597, 9.9269 ], [ -2.7599, 9.9262 ], [ -2.7599, 9.926 ], [ -2.7602, 9.925 ], [ -2.7604, 9.924 ], [ -2.7606, 9.9235 ], [ -2.7606, 9.9226 ], [ -2.7609, 9.9213 ], [ -2.7613, 9.9198 ], [ -2.762, 9.9183 ], [ -2.7625, 9.9169 ], [ -2.763, 9.9155 ], [ -2.7632, 9.9149 ], [ -2.7634, 9.914 ], [ -2.7635, 9.9132 ], [ -2.7635, 9.9124 ], [ -2.7634, 9.9121 ], [ -2.7632, 9.9116 ], [ -2.7629, 9.9111 ], [ -2.7628, 9.9106 ], [ -2.7628, 9.9102 ], [ -2.7628, 9.9093 ], [ -2.7629, 9.9088 ], [ -2.7629, 9.9087 ], [ -2.7631, 9.9078 ], [ -2.7632, 9.9072 ], [ -2.7633, 9.907 ], [ -2.7633, 9.9066 ], [ -2.7633, 9.9064 ], [ -2.7632, 9.9059 ], [ -2.7632, 9.9053 ], [ -2.7631, 9.9047 ], [ -2.763, 9.9039 ], [ -2.7629, 9.9032 ], [ -2.7626, 9.9026 ], [ -2.7622, 9.902 ], [ -2.7618, 9.9016 ], [ -2.7614, 9.901 ], [ -2.7613, 9.9005 ], [ -2.7612, 9.9001 ], [ -2.7611, 9.8995 ], [ -2.7609, 9.8986 ], [ -2.7609, 9.898 ], [ -2.7609, 9.8974 ], [ -2.761, 9.8968 ], [ -2.7611, 9.8961 ], [ -2.7614, 9.8956 ], [ -2.7616, 9.8952 ], [ -2.7618, 9.8944 ], [ -2.7619, 9.8936 ], [ -2.762, 9.8931 ], [ -2.7621, 9.8923 ], [ -2.7622, 9.8918 ], [ -2.7622, 9.8911 ], [ -2.7622, 9.8901 ], [ -2.7623, 9.889 ], [ -2.7623, 9.8879 ], [ -2.7622, 9.8865 ], [ -2.7622, 9.8853 ], [ -2.7619, 9.8843 ], [ -2.7616, 9.8836 ], [ -2.7612, 9.8829 ], [ -2.7609, 9.882 ], [ -2.7596, 9.8789 ], [ -2.7592, 9.878 ], [ -2.7589, 9.8772 ], [ -2.7585, 9.8762 ], [ -2.758, 9.875 ], [ -2.7575, 9.8739 ], [ -2.757, 9.8732 ], [ -2.7566, 9.8724 ], [ -2.7561, 9.8712 ], [ -2.7556, 9.8705 ], [ -2.7552, 9.8697 ], [ -2.7548, 9.8691 ], [ -2.7543, 9.8681 ], [ -2.7539, 9.8673 ], [ -2.7529, 9.8658 ], [ -2.7521, 9.8642 ], [ -2.7515, 9.8629 ], [ -2.7507, 9.8616 ], [ -2.7503, 9.8608 ], [ -2.7497, 9.8594 ], [ -2.7489, 9.8582 ], [ -2.7483, 9.857 ], [ -2.7476, 9.8559 ], [ -2.747, 9.855 ], [ -2.7464, 9.8541 ], [ -2.7456, 9.8534 ], [ -2.745, 9.8526 ], [ -2.7439, 9.8517 ], [ -2.7428, 9.8507 ], [ -2.7417, 9.85 ], [ -2.7406, 9.8491 ], [ -2.7397, 9.8486 ], [ -2.7391, 9.8478 ], [ -2.7382, 9.8468 ], [ -2.7372, 9.8459 ], [ -2.7363, 9.8448 ], [ -2.7357, 9.844 ], [ -2.7349, 9.843 ], [ -2.7341, 9.8423 ], [ -2.7326, 9.8408 ], [ -2.7315, 9.8398 ], [ -2.7308, 9.8389 ], [ -2.7299, 9.8379 ], [ -2.7292, 9.8365 ], [ -2.7284, 9.8351 ], [ -2.7276, 9.8335 ], [ -2.7269, 9.8322 ], [ -2.7267, 9.8312 ], [ -2.7265, 9.8295 ], [ -2.7264, 9.827 ], [ -2.7269, 9.8247 ], [ -2.7276, 9.8229 ], [ -2.7282, 9.8215 ], [ -2.7288, 9.82 ], [ -2.7294, 9.8189 ], [ -2.7298, 9.8181 ], [ -2.7306, 9.8169 ], [ -2.7311, 9.8161 ], [ -2.7319, 9.8152 ], [ -2.7328, 9.8144 ], [ -2.734, 9.8141 ], [ -2.7349, 9.8141 ], [ -2.7365, 9.8137 ], [ -2.737, 9.8135 ], [ -2.7383, 9.8133 ], [ -2.7394, 9.813 ], [ -2.7402, 9.8125 ], [ -2.7406, 9.8121 ], [ -2.742, 9.8113 ], [ -2.7433, 9.8107 ], [ -2.7448, 9.81 ], [ -2.7459, 9.8094 ], [ -2.7469, 9.8087 ], [ -2.7478, 9.8081 ], [ -2.7488, 9.8077 ], [ -2.7499, 9.8071 ], [ -2.7507, 9.8066 ], [ -2.7519, 9.8055 ], [ -2.7528, 9.8045 ], [ -2.7537, 9.8036 ], [ -2.7544, 9.8029 ], [ -2.7569, 9.8014 ], [ -2.7581, 9.8003 ], [ -2.7589, 9.799 ], [ -2.7593, 9.7978 ], [ -2.7591, 9.7965 ], [ -2.7593, 9.795 ], [ -2.7596, 9.7939 ], [ -2.7606, 9.792 ], [ -2.7612, 9.7907 ], [ -2.7621, 9.7895 ], [ -2.7631, 9.7885 ], [ -2.7641, 9.7873 ], [ -2.7651, 9.7864 ], [ -2.7659, 9.7854 ], [ -2.7663, 9.7842 ], [ -2.7668, 9.7826 ], [ -2.7671, 9.781 ], [ -2.7671, 9.781 ], [ -2.7676, 9.7785 ], [ -2.7683, 9.7762 ], [ -2.7702, 9.7726 ], [ -2.7711, 9.7714 ], [ -2.7713, 9.7713 ], [ -2.7725, 9.7701 ], [ -2.7736, 9.7691 ], [ -2.7737, 9.769 ], [ -2.7743, 9.7682 ], [ -2.775, 9.767 ], [ -2.7757, 9.7652 ], [ -2.776, 9.7636 ], [ -2.7763, 9.7618 ], [ -2.7768, 9.7594 ], [ -2.7777, 9.7572 ], [ -2.7778, 9.7571 ], [ -2.7779, 9.757 ], [ -2.7794, 9.755 ], [ -2.7795, 9.7549 ], [ -2.7805, 9.754 ], [ -2.7808, 9.7538 ], [ -2.782, 9.7529 ], [ -2.7838, 9.7519 ], [ -2.7857, 9.7504 ], [ -2.7866, 9.7496 ], [ -2.7867, 9.7496 ], [ -2.7877, 9.7488 ], [ -2.7888, 9.748 ], [ -2.7895, 9.7471 ], [ -2.7899, 9.746 ], [ -2.7902, 9.7449 ], [ -2.7902, 9.744 ], [ -2.7902, 9.7428 ], [ -2.7901, 9.7427 ], [ -2.7898, 9.7415 ], [ -2.7898, 9.7412 ], [ -2.7892, 9.7395 ], [ -2.7892, 9.7393 ], [ -2.7885, 9.7374 ], [ -2.7884, 9.7373 ], [ -2.7882, 9.7368 ], [ -2.7879, 9.7361 ], [ -2.7877, 9.7356 ], [ -2.7871, 9.7341 ], [ -2.787, 9.7339 ], [ -2.7866, 9.7331 ], [ -2.7864, 9.7328 ], [ -2.7864, 9.7327 ], [ -2.7862, 9.7324 ], [ -2.7858, 9.7314 ], [ -2.7857, 9.7312 ], [ -2.7848, 9.7298 ], [ -2.7845, 9.7294 ], [ -2.784, 9.7287 ], [ -2.7836, 9.7281 ], [ -2.7834, 9.7277 ], [ -2.783, 9.7267 ], [ -2.783, 9.7266 ], [ -2.7829, 9.7262 ], [ -2.7828, 9.7249 ], [ -2.7828, 9.7233 ], [ -2.7831, 9.7217 ], [ -2.7831, 9.7216 ], [ -2.7839, 9.7193 ], [ -2.7845, 9.717 ], [ -2.7853, 9.7148 ], [ -2.7859, 9.713 ], [ -2.786, 9.7127 ], [ -2.7865, 9.7106 ], [ -2.7865, 9.7104 ], [ -2.7865, 9.7083 ], [ -2.7865, 9.7076 ], [ -2.7865, 9.7061 ], [ -2.7867, 9.7056 ], [ -2.7867, 9.7039 ], [ -2.7868, 9.7034 ], [ -2.7866, 9.7017 ], [ -2.7865, 9.7003 ], [ -2.7867, 9.6993 ], [ -2.7868, 9.6986 ], [ -2.7869, 9.6974 ], [ -2.7869, 9.6971 ], [ -2.7869, 9.696 ], [ -2.7867, 9.6952 ], [ -2.7863, 9.6943 ], [ -2.786, 9.6935 ], [ -2.7859, 9.6934 ], [ -2.7858, 9.6929 ], [ -2.7857, 9.6929 ], [ -2.7857, 9.6928 ], [ -2.7853, 9.6922 ], [ -2.7849, 9.6918 ], [ -2.7848, 9.6917 ], [ -2.7842, 9.6914 ], [ -2.7833, 9.691 ], [ -2.783, 9.6908 ], [ -2.7826, 9.6903 ], [ -2.7822, 9.6901 ], [ -2.7814, 9.6897 ], [ -2.7812, 9.6896 ], [ -2.7808, 9.6895 ], [ -2.7804, 9.6894 ], [ -2.7801, 9.689 ], [ -2.7797, 9.688 ], [ -2.7794, 9.6876 ], [ -2.7789, 9.6874 ], [ -2.7788, 9.6874 ], [ -2.778, 9.6869 ], [ -2.7772, 9.6865 ], [ -2.7772, 9.6865 ], [ -2.7769, 9.6864 ], [ -2.7766, 9.6863 ], [ -2.7764, 9.6863 ], [ -2.7755, 9.686 ], [ -2.7754, 9.686 ], [ -2.7747, 9.6856 ], [ -2.7746, 9.6856 ], [ -2.7739, 9.6854 ], [ -2.7738, 9.6854 ], [ -2.7725, 9.685 ], [ -2.7724, 9.685 ], [ -2.7717, 9.6847 ], [ -2.7716, 9.6846 ], [ -2.7706, 9.6844 ], [ -2.7706, 9.6844 ], [ -2.7697, 9.6842 ], [ -2.7682, 9.6839 ], [ -2.7676, 9.6837 ], [ -2.766, 9.6835 ], [ -2.7656, 9.6835 ], [ -2.7643, 9.6834 ], [ -2.7637, 9.6834 ], [ -2.7628, 9.6834 ], [ -2.7617, 9.6832 ], [ -2.7615, 9.6831 ], [ -2.7609, 9.6828 ], [ -2.7605, 9.6827 ], [ -2.7603, 9.6825 ], [ -2.7594, 9.6821 ], [ -2.7587, 9.6817 ], [ -2.7582, 9.6813 ], [ -2.7579, 9.6809 ], [ -2.7575, 9.6804 ], [ -2.757, 9.6797 ], [ -2.7567, 9.6792 ], [ -2.7564, 9.6783 ], [ -2.7563, 9.6782 ], [ -2.7562, 9.6779 ], [ -2.7561, 9.6776 ], [ -2.7564, 9.6762 ], [ -2.7566, 9.6754 ], [ -2.7569, 9.674 ], [ -2.7569, 9.6727 ], [ -2.7567, 9.6718 ], [ -2.7563, 9.6711 ], [ -2.7561, 9.6704 ], [ -2.756, 9.6696 ], [ -2.7558, 9.6685 ], [ -2.7558, 9.6673 ], [ -2.7557, 9.666 ], [ -2.7555, 9.6639 ], [ -2.7555, 9.6638 ], [ -2.7552, 9.6624 ], [ -2.755, 9.6608 ], [ -2.7548, 9.6596 ], [ -2.7546, 9.6583 ], [ -2.7541, 9.6569 ], [ -2.754, 9.6565 ], [ -2.754, 9.6564 ], [ -2.754, 9.6559 ], [ -2.7539, 9.6548 ], [ -2.7538, 9.6535 ], [ -2.7538, 9.6527 ], [ -2.7534, 9.652 ], [ -2.7532, 9.6517 ], [ -2.7531, 9.6516 ], [ -2.753, 9.6513 ], [ -2.7526, 9.6508 ], [ -2.7522, 9.6501 ], [ -2.752, 9.65 ], [ -2.7519, 9.6499 ], [ -2.7514, 9.6493 ], [ -2.7506, 9.6486 ], [ -2.7496, 9.6478 ], [ -2.7487, 9.6469 ], [ -2.748, 9.6458 ], [ -2.7471, 9.6444 ], [ -2.7464, 9.6433 ], [ -2.7458, 9.642 ], [ -2.7457, 9.6409 ], [ -2.7457, 9.6388 ], [ -2.7461, 9.6376 ], [ -2.7462, 9.6375 ], [ -2.7464, 9.6359 ], [ -2.7468, 9.6348 ], [ -2.7474, 9.6336 ], [ -2.7484, 9.6327 ], [ -2.7498, 9.6319 ], [ -2.7501, 9.6317 ], [ -2.751, 9.631 ], [ -2.7515, 9.6306 ], [ -2.752, 9.6301 ], [ -2.7523, 9.6294 ], [ -2.7532, 9.6273 ], [ -2.7537, 9.6264 ], [ -2.7538, 9.6258 ], [ -2.7542, 9.6247 ], [ -2.7552, 9.6236 ], [ -2.7555, 9.6233 ], [ -2.7555, 9.6232 ], [ -2.7557, 9.623 ], [ -2.7562, 9.6226 ], [ -2.7563, 9.6225 ], [ -2.7571, 9.6216 ], [ -2.7581, 9.6208 ], [ -2.7589, 9.6202 ], [ -2.7599, 9.6193 ], [ -2.76, 9.6192 ], [ -2.7602, 9.6191 ], [ -2.7605, 9.6188 ], [ -2.7618, 9.6176 ], [ -2.7627, 9.6166 ], [ -2.7633, 9.6153 ], [ -2.7632, 9.6143 ], [ -2.763, 9.6139 ], [ -2.7626, 9.6128 ], [ -2.7625, 9.6118 ], [ -2.7625, 9.6109 ], [ -2.7629, 9.6096 ], [ -2.7632, 9.609 ], [ -2.7642, 9.6079 ], [ -2.7649, 9.6074 ], [ -2.7653, 9.6071 ], [ -2.7663, 9.6063 ], [ -2.7672, 9.6056 ], [ -2.7679, 9.605 ], [ -2.7681, 9.6044 ], [ -2.7687, 9.6037 ], [ -2.7695, 9.6029 ], [ -2.7696, 9.6028 ], [ -2.7703, 9.602 ], [ -2.7703, 9.6019 ], [ -2.7711, 9.6011 ], [ -2.7714, 9.6004 ], [ -2.7719, 9.5991 ], [ -2.772, 9.5989 ], [ -2.772, 9.5988 ], [ -2.7719, 9.598 ], [ -2.7718, 9.5971 ], [ -2.7717, 9.5961 ], [ -2.7716, 9.5953 ], [ -2.7715, 9.5942 ], [ -2.771, 9.5935 ], [ -2.7709, 9.5931 ], [ -2.7707, 9.592 ], [ -2.7706, 9.5912 ], [ -2.7706, 9.5903 ], [ -2.7708, 9.5885 ], [ -2.7707, 9.5875 ], [ -2.7707, 9.5857 ], [ -2.7707, 9.5852 ], [ -2.7706, 9.584 ], [ -2.771, 9.5827 ], [ -2.7713, 9.5817 ], [ -2.7714, 9.581 ], [ -2.7713, 9.5802 ], [ -2.7714, 9.579 ], [ -2.7714, 9.5782 ], [ -2.7712, 9.5775 ], [ -2.7711, 9.5768 ], [ -2.7711, 9.5757 ], [ -2.7709, 9.5748 ], [ -2.7706, 9.5739 ], [ -2.7702, 9.5729 ], [ -2.7701, 9.5728 ], [ -2.7698, 9.5719 ], [ -2.7694, 9.5712 ], [ -2.7692, 9.5707 ], [ -2.7689, 9.5698 ], [ -2.7689, 9.5697 ], [ -2.7684, 9.5688 ], [ -2.7678, 9.568 ], [ -2.7673, 9.5672 ], [ -2.7667, 9.5663 ], [ -2.7657, 9.5652 ], [ -2.7656, 9.5649 ], [ -2.7655, 9.5647 ], [ -2.7654, 9.5646 ], [ -2.7648, 9.564 ], [ -2.7644, 9.5632 ], [ -2.7638, 9.5621 ], [ -2.7635, 9.5612 ], [ -2.7633, 9.5603 ], [ -2.7632, 9.5601 ], [ -2.7627, 9.5582 ], [ -2.7621, 9.5574 ], [ -2.7616, 9.5566 ], [ -2.7608, 9.5554 ], [ -2.7602, 9.5548 ], [ -2.7595, 9.554 ], [ -2.7584, 9.5532 ], [ -2.7577, 9.5526 ], [ -2.7569, 9.5516 ], [ -2.7563, 9.551 ], [ -2.7556, 9.5502 ], [ -2.7547, 9.5495 ], [ -2.7538, 9.5492 ], [ -2.7531, 9.549 ], [ -2.7514, 9.5485 ], [ -2.7496, 9.548 ], [ -2.7479, 9.547 ], [ -2.7474, 9.5465 ], [ -2.7467, 9.5458 ], [ -2.7459, 9.5451 ], [ -2.745, 9.5442 ], [ -2.7444, 9.5434 ], [ -2.7432, 9.5423 ], [ -2.7432, 9.5422 ], [ -2.7424, 9.5411 ], [ -2.741, 9.5399 ], [ -2.7403, 9.5391 ], [ -2.7396, 9.5385 ], [ -2.7387, 9.5378 ], [ -2.7383, 9.5371 ], [ -2.7377, 9.5365 ], [ -2.7369, 9.5355 ], [ -2.7364, 9.5348 ], [ -2.7356, 9.5339 ], [ -2.7346, 9.5328 ], [ -2.7336, 9.5319 ], [ -2.7327, 9.531 ], [ -2.732, 9.5303 ], [ -2.731, 9.5295 ], [ -2.7302, 9.5291 ], [ -2.729, 9.5287 ], [ -2.7276, 9.5287 ], [ -2.7268, 9.5285 ], [ -2.7263, 9.5283 ], [ -2.7244, 9.528 ], [ -2.7232, 9.5277 ], [ -2.7219, 9.5274 ], [ -2.7207, 9.5272 ], [ -2.7192, 9.5267 ], [ -2.718, 9.5262 ], [ -2.717, 9.5257 ], [ -2.716, 9.5251 ], [ -2.7151, 9.5246 ], [ -2.7144, 9.5242 ], [ -2.713, 9.5229 ], [ -2.7119, 9.5216 ], [ -2.711, 9.5205 ], [ -2.7102, 9.5193 ], [ -2.7093, 9.5175 ], [ -2.7088, 9.5166 ], [ -2.7077, 9.5153 ], [ -2.7072, 9.5148 ], [ -2.7059, 9.5138 ], [ -2.7051, 9.5133 ], [ -2.7032, 9.5122 ], [ -2.7028, 9.512 ], [ -2.7007, 9.5109 ], [ -2.7, 9.5104 ], [ -2.6994, 9.5094 ], [ -2.6983, 9.5084 ], [ -2.6974, 9.5074 ], [ -2.6959, 9.506 ], [ -2.6942, 9.5045 ], [ -2.6931, 9.5029 ], [ -2.6924, 9.5015 ], [ -2.692, 9.5007 ], [ -2.6914, 9.4994 ], [ -2.6911, 9.4986 ], [ -2.6906, 9.4975 ], [ -2.6901, 9.4967 ], [ -2.6894, 9.4955 ], [ -2.6887, 9.4937 ], [ -2.6887, 9.4936 ], [ -2.69, 9.4923 ], [ -2.6954, 9.4864 ], [ -2.7083, 9.472 ], [ -2.7094, 9.4707 ], [ -2.7132, 9.4662 ], [ -2.7224, 9.4556 ], [ -2.7237, 9.4547 ], [ -2.7248, 9.4539 ], [ -2.7268, 9.453 ], [ -2.7283, 9.4514 ], [ -2.7327, 9.4466 ], [ -2.7343, 9.4453 ], [ -2.7371, 9.443 ], [ -2.7379, 9.4417 ], [ -2.7383, 9.441 ], [ -2.7396, 9.44 ], [ -2.7428, 9.4375 ], [ -2.7457, 9.4363 ], [ -2.7467, 9.4349 ], [ -2.7478, 9.4333 ], [ -2.7504, 9.4296 ], [ -2.7527, 9.429 ], [ -2.7528, 9.4263 ], [ -2.7542, 9.4243 ], [ -2.7613, 9.416 ], [ -2.7635, 9.4158 ], [ -2.7687, 9.4153 ], [ -2.7783, 9.421 ], [ -2.7811, 9.4217 ], [ -2.7839, 9.4206 ], [ -2.7872, 9.4241 ], [ -2.8003, 9.437 ], [ -2.8004, 9.4371 ], [ -2.8044, 9.4406 ], [ -2.8082, 9.4438 ], [ -2.8137, 9.4493 ], [ -2.8181, 9.4533 ], [ -2.8212, 9.4544 ], [ -2.8263, 9.455 ], [ -2.8283, 9.4562 ], [ -2.846, 9.4766 ], [ -2.8566, 9.4888 ], [ -2.861, 9.4938 ], [ -2.8639, 9.4971 ], [ -2.8756, 9.5105 ], [ -2.878, 9.5133 ], [ -2.8785, 9.5139 ], [ -2.8887, 9.526 ], [ -2.9121, 9.553 ], [ -2.9229, 9.5651 ], [ -2.926, 9.5685 ], [ -2.9341, 9.5777 ], [ -2.9353, 9.5791 ], [ -2.9366, 9.5815 ], [ -2.9372, 9.5861 ], [ -2.9389, 9.5885 ], [ -2.9392, 9.5889 ], [ -2.9399, 9.59 ], [ -2.9407, 9.5918 ], [ -2.9412, 9.5941 ], [ -2.9424, 9.5963 ], [ -2.9429, 9.5996 ], [ -2.9429, 9.6026 ], [ -2.9432, 9.6063 ], [ -2.9437, 9.6103 ], [ -2.9437, 9.6111 ], [ -2.9437, 9.6126 ], [ -2.9438, 9.6146 ], [ -2.9443, 9.6168 ], [ -2.9453, 9.6189 ], [ -2.9462, 9.6203 ], [ -2.9466, 9.621 ], [ -2.9466, 9.6211 ], [ -2.9478, 9.6233 ], [ -2.9479, 9.6235 ], [ -2.9483, 9.6244 ], [ -2.9491, 9.6256 ], [ -2.9498, 9.6265 ], [ -2.9544, 9.6333 ], [ -2.9641, 9.6466 ], [ -2.9667, 9.6507 ], [ -2.9683, 9.6532 ], [ -2.9697, 9.6554 ], [ -2.9736, 9.665 ], [ -2.979, 9.6778 ], [ -2.9831, 9.6882 ], [ -2.9839, 9.6901 ], [ -2.987, 9.6974 ], [ -2.9888, 9.7025 ], [ -2.9927, 9.7121 ], [ -2.9936, 9.7151 ], [ -2.9958, 9.7198 ], [ -2.9988, 9.7274 ], [ -3.0, 9.729 ], [ -3.0018, 9.7314 ], [ -3.003, 9.734 ], [ -3.0061, 9.7417 ], [ -3.0062, 9.7418 ], [ -3.008, 9.7433 ], [ -3.0087, 9.7429 ], [ -3.0105, 9.7419 ], [ -3.0131, 9.7409 ], [ -3.0153, 9.7403 ], [ -3.0209, 9.7396 ], [ -3.0235, 9.7391 ], [ -3.0264, 9.7385 ], [ -3.0347, 9.7369 ], [ -3.0374, 9.736 ], [ -3.045, 9.7307 ], [ -3.0463, 9.7302 ], [ -3.051, 9.7282 ], [ -3.0539, 9.7277 ], [ -3.0565, 9.7285 ], [ -3.063, 9.73 ], [ -3.0667, 9.7335 ], [ -3.0702, 9.7375 ], [ -3.0733, 9.7423 ], [ -3.0786, 9.7515 ], [ -3.0803, 9.7532 ], [ -3.0839, 9.7568 ], [ -3.086, 9.7594 ], [ -3.0876, 9.7615 ], [ -3.0911, 9.766 ], [ -3.092, 9.7685 ], [ -3.0936, 9.7737 ], [ -3.0945, 9.7816 ], [ -3.095, 9.7898 ], [ -3.094, 9.798 ], [ -3.093, 9.8034 ], [ -3.0916, 9.8085 ], [ -3.0919, 9.81 ], [ -3.092, 9.8107 ], [ -3.092, 9.8109 ], [ -3.0941, 9.8125 ], [ -3.1006, 9.8176 ], [ -3.1042, 9.8216 ], [ -3.1113, 9.8268 ], [ -3.1197, 9.8316 ], [ -3.1261, 9.8364 ], [ -3.1296, 9.8403 ], [ -3.1308, 9.8416 ], [ -3.1348, 9.8459 ], [ -3.1402, 9.8479 ], [ -3.1422, 9.8493 ], [ -3.1466, 9.8521 ], [ -3.149, 9.8529 ], [ -3.1511, 9.8532 ], [ -3.1511, 9.8532 ], [ -3.1512, 9.8533 ], [ -3.1513, 9.8533 ], [ -3.1514, 9.8533 ], [ -3.1515, 9.8533 ], [ -3.1516, 9.8533 ], [ -3.1516, 9.8533 ], [ -3.1517, 9.8533 ], [ -3.1518, 9.8533 ], [ -3.1519, 9.8533 ], [ -3.152, 9.8533 ], [ -3.1521, 9.8533 ], [ -3.1522, 9.8533 ], [ -3.1523, 9.8533 ], [ -3.1523, 9.8532 ], [ -3.1524, 9.8532 ], [ -3.1525, 9.8532 ], [ -3.1526, 9.8532 ], [ -3.1527, 9.8532 ], [ -3.1528, 9.8531 ], [ -3.1529, 9.8531 ], [ -3.1529, 9.8531 ], [ -3.153, 9.8531 ], [ -3.1531, 9.8531 ], [ -3.1532, 9.8531 ], [ -3.1533, 9.853 ], [ -3.1534, 9.853 ], [ -3.1535, 9.853 ], [ -3.1536, 9.853 ], [ -3.1536, 9.853 ], [ -3.1537, 9.8529 ], [ -3.1538, 9.8529 ], [ -3.1539, 9.8529 ], [ -3.154, 9.8529 ], [ -3.1541, 9.8529 ], [ -3.1542, 9.8529 ], [ -3.1542, 9.8528 ], [ -3.1543, 9.8528 ], [ -3.1544, 9.8528 ], [ -3.1545, 9.8528 ], [ -3.1546, 9.8528 ], [ -3.1547, 9.8527 ], [ -3.1548, 9.8527 ], [ -3.1548, 9.8527 ], [ -3.1549, 9.8526 ], [ -3.155, 9.8526 ], [ -3.1551, 9.8525 ], [ -3.1551, 9.8525 ], [ -3.1552, 9.8524 ], [ -3.1553, 9.8524 ], [ -3.1553, 9.8523 ], [ -3.1554, 9.8522 ], [ -3.1555, 9.8522 ], [ -3.1556, 9.8521 ], [ -3.1556, 9.8521 ], [ -3.1557, 9.852 ], [ -3.1558, 9.852 ], [ -3.1559, 9.8519 ], [ -3.1559, 9.8519 ], [ -3.156, 9.8518 ], [ -3.1561, 9.8518 ], [ -3.1561, 9.8517 ], [ -3.1562, 9.8517 ], [ -3.1563, 9.8516 ], [ -3.1564, 9.8515 ], [ -3.1564, 9.8515 ], [ -3.1565, 9.8514 ], [ -3.1566, 9.8514 ], [ -3.1566, 9.8513 ], [ -3.1567, 9.8513 ], [ -3.1568, 9.8512 ], [ -3.1569, 9.8512 ], [ -3.1569, 9.8511 ], [ -3.157, 9.8511 ], [ -3.1571, 9.851 ], [ -3.1571, 9.851 ], [ -3.1572, 9.8509 ], [ -3.1573, 9.8508 ], [ -3.1574, 9.8508 ], [ -3.1574, 9.8507 ], [ -3.1575, 9.8507 ], [ -3.1576, 9.8506 ], [ -3.1576, 9.8506 ], [ -3.1577, 9.8505 ], [ -3.1578, 9.8505 ], [ -3.1578, 9.8504 ], [ -3.1579, 9.8504 ], [ -3.158, 9.8503 ], [ -3.158, 9.8503 ], [ -3.1581, 9.8502 ], [ -3.1582, 9.8502 ], [ -3.1583, 9.8501 ], [ -3.1583, 9.85 ], [ -3.1584, 9.85 ], [ -3.1585, 9.8499 ], [ -3.1585, 9.8499 ], [ -3.1586, 9.8498 ], [ -3.1587, 9.8498 ], [ -3.1587, 9.8497 ], [ -3.1588, 9.8496 ], [ -3.159, 9.8496 ], [ -3.159, 9.8495 ], [ -3.1591, 9.8495 ], [ -3.1592, 9.8494 ], [ -3.1592, 9.8493 ], [ -3.1593, 9.8493 ], [ -3.1594, 9.8492 ], [ -3.1596, 9.8491 ], [ -3.1597, 9.849 ], [ -3.1597, 9.849 ], [ -3.1598, 9.8489 ], [ -3.1598, 9.8488 ], [ -3.1599, 9.8488 ], [ -3.16, 9.8487 ], [ -3.16, 9.8486 ], [ -3.1601, 9.8486 ], [ -3.1601, 9.8485 ], [ -3.1602, 9.8484 ], [ -3.1603, 9.8484 ], [ -3.1603, 9.8483 ], [ -3.1604, 9.8482 ], [ -3.1604, 9.8482 ], [ -3.1605, 9.8481 ], [ -3.1606, 9.848 ], [ -3.1606, 9.848 ], [ -3.1607, 9.8479 ], [ -3.1607, 9.8478 ], [ -3.1608, 9.8478 ], [ -3.1609, 9.8477 ], [ -3.1609, 9.8476 ], [ -3.161, 9.8476 ], [ -3.161, 9.8475 ], [ -3.1611, 9.8474 ], [ -3.1612, 9.8474 ], [ -3.1612, 9.8473 ], [ -3.1613, 9.8472 ], [ -3.1613, 9.8472 ], [ -3.1614, 9.8471 ], [ -3.1614, 9.847 ], [ -3.1615, 9.847 ], [ -3.1616, 9.8469 ], [ -3.1616, 9.8468 ], [ -3.1617, 9.8468 ], [ -3.1617, 9.8467 ], [ -3.1618, 9.8466 ], [ -3.1619, 9.8466 ], [ -3.1619, 9.8465 ], [ -3.162, 9.8464 ], [ -3.162, 9.8464 ], [ -3.1621, 9.8463 ], [ -3.1622, 9.8462 ], [ -3.1622, 9.8462 ], [ -3.1623, 9.8461 ], [ -3.1623, 9.846 ], [ -3.1624, 9.846 ], [ -3.1625, 9.8459 ], [ -3.1625, 9.8458 ], [ -3.1626, 9.8458 ], [ -3.1626, 9.8457 ], [ -3.1627, 9.8456 ], [ -3.1628, 9.8456 ], [ -3.1628, 9.8455 ], [ -3.1629, 9.8454 ], [ -3.1629, 9.8454 ], [ -3.163, 9.8453 ], [ -3.1631, 9.8452 ], [ -3.1631, 9.8452 ], [ -3.1632, 9.8451 ], [ -3.1632, 9.845 ], [ -3.1633, 9.845 ], [ -3.1634, 9.8449 ], [ -3.1634, 9.8448 ], [ -3.1635, 9.8448 ], [ -3.1657, 9.8432 ], [ -3.1678, 9.8416 ], [ -3.1733, 9.8388 ], [ -3.1798, 9.8343 ], [ -3.1821, 9.8364 ], [ -3.1834, 9.8376 ], [ -3.1841, 9.8382 ], [ -3.1872, 9.8498 ], [ -3.1874, 9.8511 ], [ -3.1873, 9.8526 ], [ -3.1873, 9.8562 ], [ -3.1873, 9.8572 ], [ -3.1873, 9.8585 ], [ -3.1877, 9.8616 ], [ -3.1886, 9.8635 ], [ -3.1895, 9.8667 ], [ -3.19, 9.869 ], [ -3.1903, 9.8716 ], [ -3.1903, 9.873 ], [ -3.1903, 9.8745 ], [ -3.1905, 9.8762 ], [ -3.1916, 9.8787 ], [ -3.1921, 9.8809 ], [ -3.1927, 9.8831 ], [ -3.1929, 9.8844 ], [ -3.1929, 9.8867 ], [ -3.1927, 9.8895 ], [ -3.1917, 9.8923 ], [ -3.1905, 9.8958 ], [ -3.1902, 9.8976 ], [ -3.1897, 9.8995 ], [ -3.1895, 9.9008 ], [ -3.1896, 9.9022 ], [ -3.1898, 9.9032 ], [ -3.1904, 9.905 ], [ -3.1912, 9.9071 ], [ -3.1914, 9.9095 ], [ -3.1913, 9.9114 ], [ -3.1912, 9.9126 ], [ -3.1911, 9.9146 ], [ -3.1911, 9.9154 ], [ -3.1908, 9.9183 ], [ -3.1904, 9.9204 ], [ -3.1903, 9.9221 ], [ -3.1905, 9.9242 ], [ -3.1902, 9.9263 ], [ -3.1901, 9.9267 ], [ -3.19, 9.9271 ], [ -3.1898, 9.9296 ], [ -3.1883, 9.933 ], [ -3.1888, 9.9328 ], [ -3.189, 9.933 ], [ -3.1891, 9.9332 ], [ -3.1893, 9.9334 ], [ -3.1894, 9.9336 ], [ -3.1895, 9.9339 ], [ -3.1896, 9.9341 ], [ -3.1897, 9.9342 ], [ -3.1899, 9.9344 ], [ -3.1901, 9.9346 ], [ -3.1903, 9.9347 ], [ -3.1905, 9.9347 ], [ -3.1907, 9.9346 ], [ -3.1908, 9.9344 ], [ -3.1911, 9.9343 ], [ -3.1913, 9.9344 ], [ -3.1914, 9.9343 ], [ -3.1915, 9.9343 ], [ -3.1917, 9.9341 ], [ -3.1919, 9.9341 ], [ -3.1921, 9.9341 ], [ -3.1923, 9.9342 ], [ -3.1924, 9.9343 ], [ -3.1926, 9.9346 ], [ -3.193, 9.9346 ], [ -3.1932, 9.9347 ], [ -3.1933, 9.9347 ], [ -3.1934, 9.9348 ], [ -3.1937, 9.935 ], [ -3.1941, 9.9351 ], [ -3.1943, 9.9351 ], [ -3.1947, 9.9352 ], [ -3.1949, 9.9351 ], [ -3.195, 9.9349 ], [ -3.195, 9.9347 ], [ -3.195, 9.9345 ], [ -3.1948, 9.9343 ], [ -3.1948, 9.9341 ], [ -3.1948, 9.934 ], [ -3.1949, 9.9339 ], [ -3.1952, 9.9338 ], [ -3.1954, 9.9337 ], [ -3.1956, 9.9337 ], [ -3.1958, 9.9337 ], [ -3.196, 9.9336 ], [ -3.1962, 9.9335 ], [ -3.1965, 9.9333 ], [ -3.1967, 9.9333 ], [ -3.1969, 9.9332 ], [ -3.1971, 9.9331 ], [ -3.1973, 9.933 ], [ -3.1975, 9.9329 ], [ -3.1977, 9.9328 ], [ -3.1979, 9.9327 ], [ -3.1982, 9.9325 ], [ -3.1983, 9.932 ], [ -3.1988, 9.9319 ], [ -3.1991, 9.9316 ], [ -3.1992, 9.9311 ], [ -3.1996, 9.9309 ], [ -3.1996, 9.9306 ], [ -3.1997, 9.9304 ], [ -3.2, 9.93 ], [ -3.2004, 9.9298 ], [ -3.2007, 9.9296 ], [ -3.2008, 9.9292 ], [ -3.2009, 9.9291 ], [ -3.2011, 9.9289 ], [ -3.201, 9.9285 ], [ -3.2014, 9.9282 ], [ -3.2018, 9.9279 ], [ -3.2021, 9.9276 ], [ -3.2019, 9.9273 ], [ -3.2018, 9.9269 ], [ -3.2023, 9.9266 ], [ -3.2025, 9.9263 ], [ -3.2023, 9.926 ], [ -3.2024, 9.9256 ], [ -3.2024, 9.9251 ], [ -3.2023, 9.9247 ], [ -3.2021, 9.9244 ], [ -3.2021, 9.9239 ], [ -3.2021, 9.9235 ], [ -3.2023, 9.923 ], [ -3.2024, 9.9226 ], [ -3.2029, 9.9215 ], [ -3.203, 9.9214 ], [ -3.2032, 9.921 ], [ -3.2034, 9.9206 ], [ -3.2037, 9.9203 ], [ -3.2041, 9.9201 ], [ -3.2044, 9.9204 ], [ -3.2047, 9.92 ], [ -3.2051, 9.92 ], [ -3.2054, 9.9203 ], [ -3.2057, 9.9201 ], [ -3.2061, 9.9199 ], [ -3.2065, 9.9196 ], [ -3.2069, 9.9194 ], [ -3.2073, 9.9192 ], [ -3.2073, 9.9188 ], [ -3.2073, 9.9188 ], [ -3.2069, 9.9186 ], [ -3.2068, 9.9182 ], [ -3.2071, 9.9179 ], [ -3.2072, 9.9175 ], [ -3.2075, 9.9171 ], [ -3.2078, 9.9173 ], [ -3.2082, 9.9173 ], [ -3.2084, 9.9169 ], [ -3.2085, 9.9164 ], [ -3.2083, 9.9162 ], [ -3.2085, 9.9159 ], [ -3.209, 9.9157 ], [ -3.209, 9.9156 ], [ -3.2089, 9.9152 ], [ -3.2085, 9.915 ], [ -3.2084, 9.9148 ], [ -3.2084, 9.9146 ], [ -3.2084, 9.9141 ], [ -3.2086, 9.9138 ], [ -3.2087, 9.9134 ], [ -3.2084, 9.9129 ], [ -3.2083, 9.9125 ], [ -3.2079, 9.9124 ], [ -3.2079, 9.9119 ], [ -3.2078, 9.9115 ], [ -3.2078, 9.911 ], [ -3.208, 9.9108 ], [ -3.2084, 9.9108 ], [ -3.2088, 9.9107 ], [ -3.2091, 9.9105 ], [ -3.2093, 9.9101 ], [ -3.2092, 9.9097 ], [ -3.2092, 9.9093 ], [ -3.2095, 9.909 ], [ -3.2099, 9.9093 ], [ -3.2102, 9.909 ], [ -3.2102, 9.9086 ], [ -3.2105, 9.9082 ], [ -3.2109, 9.9081 ], [ -3.2114, 9.9081 ], [ -3.2115, 9.9082 ], [ -3.2117, 9.9083 ], [ -3.2121, 9.9081 ], [ -3.2126, 9.9078 ], [ -3.2129, 9.9075 ], [ -3.2133, 9.9073 ], [ -3.2137, 9.907 ], [ -3.214, 9.9067 ], [ -3.2141, 9.9063 ], [ -3.2142, 9.9058 ], [ -3.2143, 9.9054 ], [ -3.2147, 9.9052 ], [ -3.2149, 9.9048 ], [ -3.2147, 9.9044 ], [ -3.2145, 9.904 ], [ -3.2145, 9.9036 ], [ -3.2146, 9.9032 ], [ -3.2147, 9.9027 ], [ -3.2151, 9.9024 ], [ -3.2148, 9.9019 ], [ -3.215, 9.9015 ], [ -3.2153, 9.9013 ], [ -3.2158, 9.9013 ], [ -3.2161, 9.9016 ], [ -3.2163, 9.902 ], [ -3.2166, 9.9021 ], [ -3.2167, 9.9021 ], [ -3.2168, 9.9021 ], [ -3.2173, 9.9019 ], [ -3.2175, 9.9018 ], [ -3.2177, 9.9018 ], [ -3.218, 9.9015 ], [ -3.2178, 9.9012 ], [ -3.2176, 9.9008 ], [ -3.218, 9.9007 ], [ -3.2183, 9.9005 ], [ -3.2187, 9.9003 ], [ -3.2188, 9.8999 ], [ -3.2189, 9.8995 ], [ -3.2193, 9.8993 ], [ -3.2197, 9.8991 ], [ -3.2201, 9.899 ], [ -3.2204, 9.8988 ], [ -3.2208, 9.8986 ], [ -3.221, 9.899 ], [ -3.221, 9.8991 ], [ -3.2211, 9.8995 ], [ -3.2215, 9.8995 ], [ -3.222, 9.8993 ], [ -3.2222, 9.8989 ], [ -3.2223, 9.8987 ], [ -3.2227, 9.8984 ], [ -3.223, 9.8979 ], [ -3.2233, 9.8978 ], [ -3.2237, 9.8975 ], [ -3.2239, 9.897 ], [ -3.2243, 9.8972 ], [ -3.2244, 9.8975 ], [ -3.2245, 9.8976 ], [ -3.2248, 9.8979 ], [ -3.2252, 9.898 ], [ -3.2256, 9.8979 ], [ -3.2258, 9.8976 ], [ -3.226, 9.898 ], [ -3.2263, 9.8983 ], [ -3.2267, 9.8985 ], [ -3.2271, 9.8984 ], [ -3.2269, 9.8981 ], [ -3.2266, 9.8978 ], [ -3.2271, 9.8977 ], [ -3.2275, 9.8976 ], [ -3.2279, 9.8975 ], [ -3.2283, 9.8973 ], [ -3.2283, 9.8969 ], [ -3.2284, 9.8967 ], [ -3.2285, 9.8965 ], [ -3.2289, 9.8963 ], [ -3.2291, 9.8959 ], [ -3.2295, 9.8957 ], [ -3.2296, 9.8958 ], [ -3.2298, 9.896 ], [ -3.23, 9.8964 ], [ -3.2304, 9.8967 ], [ -3.2308, 9.8967 ], [ -3.2312, 9.8968 ], [ -3.2316, 9.897 ], [ -3.232, 9.8972 ], [ -3.2325, 9.8974 ], [ -3.2329, 9.8974 ], [ -3.2334, 9.8973 ], [ -3.2338, 9.8972 ], [ -3.2342, 9.897 ], [ -3.2347, 9.897 ], [ -3.2351, 9.8971 ], [ -3.2355, 9.8969 ], [ -3.2356, 9.8968 ], [ -3.2359, 9.8965 ], [ -3.2359, 9.8965 ], [ -3.2361, 9.8962 ], [ -3.2359, 9.896 ], [ -3.2358, 9.8959 ], [ -3.2354, 9.8957 ], [ -3.2355, 9.8952 ], [ -3.2356, 9.8948 ], [ -3.2353, 9.8944 ], [ -3.2353, 9.894 ], [ -3.2357, 9.8936 ], [ -3.2358, 9.8932 ], [ -3.2357, 9.8928 ], [ -3.2357, 9.8923 ], [ -3.236, 9.8921 ], [ -3.2363, 9.8917 ], [ -3.2372, 9.8914 ], [ -3.2371, 9.891 ], [ -3.237, 9.8905 ], [ -3.2372, 9.8899 ], [ -3.2375, 9.8897 ], [ -3.2377, 9.8896 ], [ -3.2379, 9.8896 ], [ -3.2381, 9.8895 ], [ -3.2383, 9.8895 ], [ -3.2385, 9.8892 ], [ -3.2386, 9.889 ], [ -3.2387, 9.8888 ], [ -3.2389, 9.8886 ], [ -3.2391, 9.8885 ], [ -3.2393, 9.8883 ], [ -3.2391, 9.8881 ], [ -3.2389, 9.8882 ], [ -3.2388, 9.888 ], [ -3.2388, 9.8878 ], [ -3.2388, 9.8876 ], [ -3.2388, 9.8873 ], [ -3.239, 9.887 ], [ -3.2391, 9.8868 ], [ -3.2392, 9.8867 ], [ -3.2393, 9.8865 ], [ -3.2393, 9.8862 ], [ -3.2393, 9.8861 ], [ -3.2393, 9.886 ], [ -3.2394, 9.8857 ], [ -3.2395, 9.8853 ], [ -3.2396, 9.8851 ], [ -3.2398, 9.8851 ], [ -3.2398, 9.8849 ], [ -3.2397, 9.8847 ], [ -3.2398, 9.8844 ], [ -3.2399, 9.8842 ], [ -3.2399, 9.884 ], [ -3.2401, 9.8838 ], [ -3.2403, 9.8837 ], [ -3.2404, 9.8835 ], [ -3.2405, 9.8832 ], [ -3.2407, 9.8831 ], [ -3.2409, 9.883 ], [ -3.2411, 9.883 ], [ -3.2414, 9.883 ], [ -3.2416, 9.883 ], [ -3.2418, 9.8829 ], [ -3.2419, 9.8827 ], [ -3.2421, 9.8825 ], [ -3.2423, 9.8825 ], [ -3.2424, 9.8823 ], [ -3.2425, 9.8821 ], [ -3.2424, 9.8818 ], [ -3.2424, 9.8816 ], [ -3.2425, 9.8812 ], [ -3.2427, 9.881 ], [ -3.243, 9.8809 ], [ -3.2432, 9.8808 ], [ -3.2434, 9.8808 ], [ -3.2436, 9.8809 ], [ -3.2438, 9.8809 ], [ -3.2439, 9.8809 ], [ -3.244, 9.8808 ], [ -3.244, 9.8807 ], [ -3.244, 9.8806 ], [ -3.2439, 9.8805 ], [ -3.2437, 9.8805 ], [ -3.2437, 9.8804 ], [ -3.2438, 9.8798 ], [ -3.2439, 9.8797 ], [ -3.244, 9.8795 ], [ -3.2442, 9.8794 ], [ -3.2444, 9.8793 ], [ -3.2446, 9.8793 ], [ -3.2448, 9.8793 ], [ -3.2449, 9.879 ], [ -3.2449, 9.8788 ], [ -3.2451, 9.8788 ], [ -3.2453, 9.8788 ], [ -3.2455, 9.8788 ], [ -3.2456, 9.8786 ], [ -3.2456, 9.8784 ], [ -3.246, 9.8785 ], [ -3.2459, 9.8781 ], [ -3.2458, 9.8777 ], [ -3.2458, 9.8774 ], [ -3.246, 9.8771 ], [ -3.2462, 9.8772 ], [ -3.2467, 9.8774 ], [ -3.247, 9.8771 ], [ -3.2471, 9.8768 ], [ -3.2474, 9.8764 ], [ -3.2478, 9.8762 ], [ -3.2482, 9.8759 ], [ -3.2485, 9.8757 ], [ -3.2485, 9.8756 ], [ -3.2487, 9.8752 ], [ -3.2484, 9.8751 ], [ -3.2486, 9.8747 ], [ -3.2488, 9.8745 ], [ -3.2489, 9.8744 ], [ -3.2492, 9.8743 ], [ -3.2493, 9.8742 ], [ -3.2496, 9.8739 ], [ -3.2495, 9.8737 ], [ -3.2494, 9.8735 ], [ -3.2494, 9.8732 ], [ -3.2496, 9.8731 ], [ -3.2497, 9.8731 ], [ -3.2498, 9.8731 ], [ -3.25, 9.8731 ], [ -3.2502, 9.8731 ], [ -3.2504, 9.8729 ], [ -3.2504, 9.8727 ], [ -3.2503, 9.8725 ], [ -3.2502, 9.8723 ], [ -3.2502, 9.872 ], [ -3.2503, 9.8718 ], [ -3.2503, 9.8716 ], [ -3.2503, 9.8713 ], [ -3.2504, 9.8711 ], [ -3.2507, 9.871 ], [ -3.2509, 9.8709 ], [ -3.251, 9.8707 ], [ -3.2512, 9.8705 ], [ -3.2514, 9.8704 ], [ -3.2515, 9.8702 ], [ -3.2516, 9.87 ], [ -3.2518, 9.8699 ], [ -3.252, 9.8699 ], [ -3.2522, 9.8699 ], [ -3.2524, 9.8697 ], [ -3.2525, 9.8695 ], [ -3.2526, 9.8694 ], [ -3.2529, 9.8694 ], [ -3.2531, 9.8695 ], [ -3.2533, 9.8693 ], [ -3.2535, 9.8692 ], [ -3.2537, 9.8693 ], [ -3.254, 9.8693 ], [ -3.2542, 9.8693 ], [ -3.2544, 9.8693 ], [ -3.2546, 9.8692 ], [ -3.2547, 9.869 ], [ -3.2546, 9.8688 ], [ -3.2545, 9.8683 ], [ -3.2545, 9.8684 ], [ -3.2547, 9.8682 ], [ -3.2548, 9.8679 ], [ -3.2548, 9.8677 ], [ -3.255, 9.8675 ], [ -3.2554, 9.8673 ], [ -3.2556, 9.8672 ], [ -3.256, 9.867 ], [ -3.2562, 9.8669 ], [ -3.2564, 9.8669 ], [ -3.2566, 9.8669 ], [ -3.2568, 9.8669 ], [ -3.257, 9.8669 ], [ -3.2572, 9.8669 ], [ -3.2575, 9.8668 ], [ -3.2576, 9.8667 ], [ -3.2577, 9.8665 ], [ -3.2579, 9.8664 ], [ -3.258, 9.8665 ], [ -3.2581, 9.8665 ], [ -3.2583, 9.8666 ], [ -3.2585, 9.8666 ], [ -3.2587, 9.8665 ], [ -3.2589, 9.8663 ], [ -3.2591, 9.8663 ], [ -3.2593, 9.8663 ], [ -3.2595, 9.8663 ], [ -3.2598, 9.8663 ], [ -3.2599, 9.8662 ], [ -3.26, 9.866 ], [ -3.2603, 9.866 ], [ -3.2605, 9.866 ], [ -3.2607, 9.866 ], [ -3.2609, 9.866 ], [ -3.2611, 9.8659 ], [ -3.2614, 9.8658 ], [ -3.2616, 9.8656 ], [ -3.2619, 9.8654 ], [ -3.2621, 9.8652 ], [ -3.2621, 9.8651 ], [ -3.2622, 9.865 ], [ -3.2622, 9.8648 ], [ -3.2624, 9.8644 ], [ -3.2625, 9.8642 ], [ -3.2624, 9.8641 ], [ -3.2622, 9.8639 ], [ -3.2622, 9.8637 ], [ -3.2624, 9.8635 ], [ -3.2625, 9.8634 ], [ -3.2626, 9.8631 ], [ -3.2624, 9.8626 ], [ -3.2624, 9.8623 ], [ -3.2623, 9.8619 ], [ -3.2623, 9.8616 ], [ -3.2624, 9.8615 ], [ -3.2626, 9.8613 ], [ -3.2626, 9.8609 ], [ -3.2627, 9.8608 ], [ -3.2629, 9.8606 ], [ -3.2631, 9.8605 ], [ -3.2633, 9.8603 ], [ -3.2634, 9.8602 ], [ -3.2638, 9.8601 ], [ -3.2638, 9.8598 ], [ -3.2641, 9.8595 ], [ -3.2644, 9.8591 ], [ -3.2644, 9.8589 ], [ -3.264, 9.8588 ], [ -3.2639, 9.8585 ], [ -3.264, 9.8582 ], [ -3.2642, 9.8577 ], [ -3.2642, 9.8576 ], [ -3.2644, 9.8574 ], [ -3.2646, 9.8572 ], [ -3.2646, 9.8567 ], [ -3.2647, 9.8561 ], [ -3.2651, 9.8559 ], [ -3.2653, 9.8555 ], [ -3.2657, 9.8551 ], [ -3.2658, 9.8551 ], [ -3.2661, 9.8548 ], [ -3.2665, 9.8545 ], [ -3.2668, 9.8543 ], [ -3.2672, 9.854 ], [ -3.2676, 9.8538 ], [ -3.2679, 9.8535 ], [ -3.2682, 9.8533 ], [ -3.2686, 9.8532 ], [ -3.2691, 9.853 ], [ -3.2694, 9.8527 ], [ -3.2696, 9.8523 ], [ -3.2696, 9.8519 ], [ -3.2696, 9.8518 ], [ -3.2696, 9.8518 ], [ -3.2692, 9.8511 ], [ -3.2693, 9.8508 ], [ -3.2693, 9.8506 ], [ -3.2692, 9.8502 ], [ -3.2691, 9.8498 ], [ -3.2693, 9.8494 ], [ -3.2694, 9.849 ], [ -3.2695, 9.8485 ], [ -3.2697, 9.8483 ], [ -3.2698, 9.8483 ], [ -3.2702, 9.8481 ], [ -3.2705, 9.8478 ], [ -3.2705, 9.8474 ], [ -3.2703, 9.847 ], [ -3.2703, 9.8466 ], [ -3.2706, 9.8463 ], [ -3.2711, 9.8463 ], [ -3.2712, 9.8461 ], [ -3.2713, 9.8459 ], [ -3.2717, 9.8458 ], [ -3.2719, 9.8462 ], [ -3.272, 9.8464 ], [ -3.272, 9.8466 ], [ -3.2723, 9.8469 ], [ -3.2724, 9.8474 ], [ -3.2729, 9.8473 ], [ -3.2733, 9.8474 ], [ -3.2737, 9.8477 ], [ -3.274, 9.8475 ], [ -3.2744, 9.8473 ], [ -3.2744, 9.8473 ], [ -3.2748, 9.8472 ], [ -3.2749, 9.8472 ], [ -3.2752, 9.8474 ], [ -3.2756, 9.8476 ], [ -3.2756, 9.848 ], [ -3.276, 9.8482 ], [ -3.2761, 9.8482 ], [ -3.2764, 9.8483 ], [ -3.2768, 9.8485 ], [ -3.2769, 9.8489 ], [ -3.277, 9.8494 ], [ -3.2771, 9.8498 ], [ -3.2772, 9.8502 ], [ -3.2773, 9.8506 ], [ -3.2776, 9.851 ], [ -3.2778, 9.8514 ], [ -3.2781, 9.8517 ], [ -3.2784, 9.8521 ], [ -3.2787, 9.8526 ], [ -3.2789, 9.853 ], [ -3.2791, 9.8533 ], [ -3.2796, 9.8534 ], [ -3.2797, 9.8538 ], [ -3.28, 9.854 ], [ -3.2805, 9.8541 ], [ -3.2804, 9.8545 ], [ -3.2806, 9.855 ], [ -3.2808, 9.8554 ], [ -3.2809, 9.8557 ], [ -3.2809, 9.8558 ], [ -3.2813, 9.856 ], [ -3.2817, 9.8561 ], [ -3.2821, 9.8563 ], [ -3.2834, 9.8572 ], [ -3.2844, 9.8575 ], [ -3.289, 9.86 ], [ -3.3017, 9.8647 ], [ -3.3148, 9.8703 ], [ -3.3157, 9.8722 ], [ -3.3153, 9.8777 ], [ -3.314, 9.8911 ], [ -3.3124, 9.8991 ], [ -3.3104, 9.9099 ], [ -3.3104, 9.91 ], [ -3.3107, 9.9105 ], [ -3.312, 9.9108 ], [ -3.3146, 9.9113 ], [ -3.3158, 9.9113 ], [ -3.3166, 9.9113 ], [ -3.3179, 9.9103 ], [ -3.3199, 9.9094 ], [ -3.3213, 9.9088 ], [ -3.3226, 9.9082 ], [ -3.3248, 9.9074 ], [ -3.3259, 9.9066 ], [ -3.3271, 9.9063 ], [ -3.3285, 9.906 ], [ -3.3295, 9.9059 ], [ -3.3316, 9.9056 ], [ -3.334, 9.9056 ], [ -3.3357, 9.9058 ], [ -3.3372, 9.9061 ], [ -3.3385, 9.9059 ], [ -3.3402, 9.9048 ], [ -3.3422, 9.9034 ], [ -3.3445, 9.9019 ], [ -3.3459, 9.9017 ], [ -3.347, 9.9015 ], [ -3.3485, 9.902 ], [ -3.3507, 9.9024 ], [ -3.3529, 9.9027 ], [ -3.3537, 9.903 ], [ -3.355, 9.9034 ], [ -3.3571, 9.9039 ], [ -3.3587, 9.9044 ], [ -3.3596, 9.9046 ], [ -3.3605, 9.9048 ], [ -3.3612, 9.9056 ], [ -3.3622, 9.9068 ], [ -3.3632, 9.9078 ], [ -3.3647, 9.909 ], [ -3.3663, 9.9099 ], [ -3.3677, 9.9106 ], [ -3.3685, 9.9115 ], [ -3.369, 9.9127 ], [ -3.3694, 9.9136 ], [ -3.3707, 9.9153 ], [ -3.3711, 9.916 ], [ -3.3723, 9.918 ], [ -3.3735, 9.9195 ], [ -3.3749, 9.9212 ], [ -3.375, 9.9213 ], [ -3.3759, 9.9222 ], [ -3.3764, 9.9227 ], [ -3.3784, 9.9235 ], [ -3.3814, 9.9241 ], [ -3.3832, 9.9245 ], [ -3.3866, 9.9248 ], [ -3.3887, 9.9256 ], [ -3.3895, 9.9258 ], [ -3.3921, 9.9264 ], [ -3.3947, 9.9271 ], [ -3.3968, 9.9275 ], [ -3.3986, 9.9281 ], [ -3.3991, 9.9282 ], [ -3.4011, 9.9287 ], [ -3.4031, 9.9289 ], [ -3.4048, 9.9299 ], [ -3.4052, 9.9301 ], [ -3.4067, 9.9308 ], [ -3.4121, 9.931 ], [ -3.4164, 9.9306 ], [ -3.4205, 9.9296 ], [ -3.4231, 9.9279 ], [ -3.4262, 9.9238 ], [ -3.4292, 9.9214 ], [ -3.4309, 9.9204 ], [ -3.4335, 9.9208 ], [ -3.4358, 9.9223 ], [ -3.4417, 9.927 ], [ -3.4489, 9.9312 ], [ -3.4515, 9.9321 ], [ -3.4595, 9.9343 ], [ -3.4649, 9.9348 ], [ -3.4703, 9.935 ], [ -3.4752, 9.9367 ], [ -3.4781, 9.9362 ], [ -3.4832, 9.9349 ], [ -3.4886, 9.9341 ], [ -3.4925, 9.9335 ], [ -3.4992, 9.9324 ], [ -3.5, 9.9324 ], [ -3.5044, 9.9323 ], [ -3.5096, 9.9337 ], [ -3.5178, 9.9332 ], [ -3.5231, 9.9329 ], [ -3.526, 9.9333 ], [ -3.5341, 9.9348 ], [ -3.545, 9.9379 ], [ -3.5528, 9.9396 ], [ -3.5609, 9.941 ], [ -3.5718, 9.9421 ], [ -3.5758, 9.9389 ], [ -3.5843, 9.9389 ], [ -3.5896, 9.9383 ], [ -3.5949, 9.938 ], [ -3.6003, 9.9378 ], [ -3.6028, 9.9389 ], [ -3.6112, 9.9494 ], [ -3.6176, 9.958 ], [ -3.6188, 9.9588 ], [ -3.6191, 9.959 ], [ -3.6194, 9.9593 ], [ -3.6196, 9.9594 ], [ -3.6218, 9.9598 ], [ -3.629, 9.9586 ], [ -3.6299, 9.9585 ], [ -3.6339, 9.9578 ], [ -3.6346, 9.9577 ], [ -3.6354, 9.9576 ], [ -3.6406, 9.9562 ], [ -3.6427, 9.955 ], [ -3.6444, 9.9527 ], [ -3.6445, 9.9526 ], [ -3.6463, 9.9471 ], [ -3.6488, 9.9425 ], [ -3.6532, 9.9393 ], [ -3.6536, 9.939 ], [ -3.6623, 9.9333 ], [ -3.6669, 9.9304 ], [ -3.6722, 9.9292 ], [ -3.6775, 9.9297 ], [ -3.6776, 9.9297 ], [ -3.6831, 9.9309 ], [ -3.6889, 9.9329 ], [ -3.694, 9.9344 ], [ -3.6995, 9.9359 ], [ -3.7, 9.936 ], [ -3.7028, 9.9365 ], [ -3.7048, 9.9369 ], [ -3.713, 9.9373 ], [ -3.719, 9.9367 ], [ -3.7191, 9.9367 ], [ -3.7193, 9.9367 ], [ -3.7211, 9.9365 ], [ -3.7263, 9.9357 ], [ -3.7317, 9.9343 ], [ -3.7394, 9.9327 ], [ -3.7449, 9.9316 ], [ -3.7534, 9.9309 ], [ -3.7616, 9.9303 ], [ -3.7652, 9.9299 ], [ -3.767, 9.9298 ], [ -3.772, 9.9282 ], [ -3.7775, 9.9272 ], [ -3.778, 9.9274 ], [ -3.778, 9.9271 ], [ -3.778, 9.9263 ], [ -3.7787, 9.9255 ], [ -3.7802, 9.9246 ], [ -3.7812, 9.9237 ], [ -3.7823, 9.923 ], [ -3.7833, 9.9223 ], [ -3.784, 9.9214 ], [ -3.784, 9.9213 ], [ -3.7841, 9.9212 ], [ -3.7845, 9.9206 ], [ -3.7852, 9.9192 ], [ -3.7858, 9.9176 ], [ -3.7869, 9.9162 ], [ -3.7883, 9.9144 ], [ -3.7891, 9.9134 ], [ -3.7899, 9.9115 ], [ -3.7903, 9.9101 ], [ -3.7908, 9.9092 ], [ -3.7909, 9.909 ], [ -3.791, 9.9089 ], [ -3.7915, 9.9082 ], [ -3.7932, 9.9067 ], [ -3.7941, 9.9054 ], [ -3.796, 9.9036 ], [ -3.7963, 9.9032 ], [ -3.7972, 9.9024 ], [ -3.7993, 9.9005 ], [ -3.8008, 9.8989 ], [ -3.8016, 9.8983 ], [ -3.8024, 9.8976 ], [ -3.8024, 9.8963 ], [ -3.803, 9.8943 ], [ -3.8038, 9.8952 ], [ -3.8057, 9.897 ], [ -3.806, 9.8975 ], [ -3.806, 9.8975 ], [ -3.8067, 9.8985 ], [ -3.8082, 9.9002 ], [ -3.8095, 9.9012 ], [ -3.811, 9.9022 ], [ -3.8124, 9.902 ], [ -3.8136, 9.9016 ], [ -3.8159, 9.9016 ], [ -3.8184, 9.9017 ], [ -3.8225, 9.9021 ], [ -3.823, 9.9022 ], [ -3.8269, 9.9026 ], [ -3.8277, 9.9025 ], [ -3.8294, 9.9022 ], [ -3.8315, 9.9008 ], [ -3.8336, 9.8996 ], [ -3.8337, 9.8995 ], [ -3.8361, 9.8994 ], [ -3.8375, 9.9002 ], [ -3.8377, 9.9003 ], [ -3.8395, 9.9012 ], [ -3.8416, 9.9017 ], [ -3.8432, 9.902 ], [ -3.8433, 9.902 ], [ -3.8434, 9.902 ], [ -3.8467, 9.903 ], [ -3.8475, 9.9031 ], [ -3.8551, 9.9034 ], [ -3.8599, 9.9034 ], [ -3.867, 9.9035 ], [ -3.8672, 9.9035 ], [ -3.8674, 9.9035 ], [ -3.8675, 9.9035 ], [ -3.8677, 9.9035 ], [ -3.8679, 9.9035 ], [ -3.8681, 9.9035 ], [ -3.8682, 9.9035 ], [ -3.8684, 9.9035 ], [ -3.8714, 9.9035 ], [ -3.8754, 9.9035 ], [ -3.8785, 9.9034 ], [ -3.8823, 9.9034 ], [ -3.8856, 9.9035 ], [ -3.8876, 9.9035 ], [ -3.888, 9.9036 ], [ -3.8903, 9.9044 ], [ -3.8945, 9.9069 ], [ -3.8952, 9.9073 ], [ -3.8957, 9.9062 ], [ -3.8959, 9.9057 ], [ -3.8961, 9.9049 ], [ -3.8968, 9.9033 ], [ -3.8978, 9.9026 ], [ -3.8989, 9.9019 ], [ -3.9, 9.9012 ], [ -3.9007, 9.9003 ], [ -3.9016, 9.8993 ], [ -3.9028, 9.8976 ], [ -3.9037, 9.8966 ], [ -3.9046, 9.8956 ], [ -3.9053, 9.8948 ], [ -3.906, 9.8939 ], [ -3.9067, 9.8922 ], [ -3.9075, 9.8903 ], [ -3.9077, 9.8887 ], [ -3.9085, 9.888 ], [ -3.9092, 9.8879 ], [ -3.9098, 9.8868 ], [ -3.9106, 9.8852 ], [ -3.911, 9.8838 ], [ -3.9117, 9.8833 ], [ -3.912, 9.883 ], [ -3.9133, 9.8829 ], [ -3.9147, 9.8833 ], [ -3.9163, 9.8834 ], [ -3.9175, 9.8835 ], [ -3.9201, 9.8834 ], [ -3.9216, 9.8829 ], [ -3.9235, 9.8823 ], [ -3.9251, 9.8814 ], [ -3.9258, 9.8806 ], [ -3.9267, 9.8797 ], [ -3.9283, 9.8792 ], [ -3.9295, 9.8787 ], [ -3.9301, 9.8777 ], [ -3.9302, 9.8762 ], [ -3.9303, 9.8756 ], [ -3.9306, 9.875 ], [ -3.9309, 9.8743 ], [ -3.9315, 9.8738 ], [ -3.9327, 9.8738 ], [ -3.9347, 9.8746 ], [ -3.9362, 9.8755 ], [ -3.9363, 9.8756 ], [ -3.9365, 9.8757 ], [ -3.9366, 9.8757 ], [ -3.9384, 9.876 ], [ -3.9402, 9.8766 ], [ -3.9426, 9.8769 ], [ -3.944, 9.8767 ], [ -3.9448, 9.8767 ], [ -3.9459, 9.8761 ], [ -3.9462, 9.8751 ], [ -3.9473, 9.8747 ], [ -3.9489, 9.8743 ], [ -3.9504, 9.8743 ], [ -3.9518, 9.8746 ], [ -3.953, 9.8743 ], [ -3.9535, 9.8749 ], [ -3.9538, 9.8752 ], [ -3.9544, 9.8756 ], [ -3.9548, 9.8759 ], [ -3.9547, 9.8765 ], [ -3.9547, 9.8771 ], [ -3.9541, 9.8783 ], [ -3.9553, 9.8789 ], [ -3.9555, 9.879 ], [ -3.9571, 9.8793 ], [ -3.9582, 9.8791 ], [ -3.9592, 9.8785 ], [ -3.9596, 9.8773 ], [ -3.9613, 9.8773 ], [ -3.962, 9.8765 ], [ -3.9623, 9.8748 ], [ -3.963, 9.8743 ], [ -3.9646, 9.8747 ], [ -3.9664, 9.8749 ], [ -3.9673, 9.8751 ], [ -3.9674, 9.8751 ], [ -3.9675, 9.8751 ], [ -3.9677, 9.8751 ], [ -3.9682, 9.8748 ], [ -3.968, 9.8734 ], [ -3.9677, 9.8722 ], [ -3.9691, 9.8721 ], [ -3.9703, 9.8713 ], [ -3.9698, 9.8703 ], [ -3.9688, 9.8696 ], [ -3.9681, 9.8689 ], [ -3.9684, 9.8672 ], [ -3.9683, 9.866 ], [ -3.9689, 9.8652 ], [ -3.9693, 9.8645 ], [ -3.9687, 9.8635 ], [ -3.9691, 9.8624 ], [ -3.9697, 9.8619 ], [ -3.9704, 9.8612 ], [ -3.9715, 9.8603 ], [ -3.9723, 9.8596 ], [ -3.9718, 9.8586 ], [ -3.9717, 9.8586 ], [ -3.9717, 9.8585 ], [ -3.9717, 9.8581 ], [ -3.9716, 9.8571 ], [ -3.9716, 9.8562 ], [ -3.9707, 9.855 ], [ -3.9712, 9.8544 ], [ -3.9716, 9.854 ], [ -3.9716, 9.852 ], [ -3.9719, 9.8508 ], [ -3.9733, 9.8503 ], [ -3.9747, 9.8497 ], [ -3.976, 9.8492 ], [ -3.9758, 9.8484 ], [ -3.9748, 9.8468 ], [ -3.974, 9.8458 ], [ -3.9732, 9.8443 ], [ -3.9726, 9.8432 ], [ -3.9725, 9.8431 ], [ -3.9716, 9.8427 ], [ -3.9707, 9.8425 ], [ -3.9695, 9.8423 ], [ -3.9688, 9.8429 ], [ -3.9684, 9.8428 ], [ -3.9679, 9.8427 ], [ -3.9667, 9.8423 ], [ -3.9659, 9.8418 ], [ -3.9663, 9.8404 ], [ -3.9677, 9.8392 ], [ -3.9692, 9.8379 ], [ -3.9696, 9.8376 ], [ -3.9702, 9.8372 ], [ -3.9711, 9.8355 ], [ -3.9724, 9.8341 ], [ -3.9737, 9.8329 ], [ -3.9742, 9.8327 ], [ -3.975, 9.8324 ], [ -3.9771, 9.8316 ], [ -3.979, 9.8311 ], [ -3.9804, 9.8307 ], [ -3.9815, 9.8309 ], [ -3.9827, 9.8304 ], [ -3.9836, 9.8296 ], [ -3.9847, 9.8295 ], [ -3.9857, 9.8297 ], [ -3.9858, 9.8298 ], [ -3.9865, 9.8302 ], [ -3.9868, 9.8303 ], [ -3.9875, 9.8307 ], [ -3.9878, 9.8306 ], [ -3.989, 9.8299 ], [ -3.9896, 9.8295 ], [ -3.99, 9.8298 ], [ -3.9902, 9.8301 ], [ -3.9905, 9.8305 ], [ -3.9913, 9.8304 ], [ -3.9918, 9.83 ], [ -3.9926, 9.8297 ], [ -3.9932, 9.8302 ], [ -3.9938, 9.8305 ], [ -3.9944, 9.8308 ], [ -3.9948, 9.8312 ], [ -3.9948, 9.8314 ], [ -3.9951, 9.8322 ], [ -3.9952, 9.8323 ], [ -3.9954, 9.8327 ], [ -3.9955, 9.8328 ], [ -3.9962, 9.8331 ], [ -3.9963, 9.833 ], [ -3.9966, 9.833 ], [ -3.9972, 9.8333 ], [ -3.9973, 9.8339 ], [ -3.9978, 9.8346 ], [ -3.9978, 9.8347 ], [ -3.9979, 9.8347 ], [ -3.999, 9.8352 ], [ -3.9995, 9.8354 ], [ -3.9998, 9.8354 ], [ -4.0, 9.8355 ], [ -4.0006, 9.8354 ], [ -4.0009, 9.8353 ], [ -4.0015, 9.8352 ], [ -4.0016, 9.8354 ], [ -4.0023, 9.8355 ], [ -4.003, 9.8358 ], [ -4.0035, 9.8362 ], [ -4.0043, 9.8365 ], [ -4.0047, 9.8367 ], [ -4.0049, 9.8367 ], [ -4.0054, 9.8368 ], [ -4.0065, 9.8367 ], [ -4.0073, 9.8365 ], [ -4.0079, 9.8363 ], [ -4.0089, 9.8361 ], [ -4.0092, 9.8362 ], [ -4.0099, 9.8365 ], [ -4.0102, 9.8367 ], [ -4.011, 9.8373 ], [ -4.0115, 9.8377 ], [ -4.012, 9.8377 ], [ -4.0129, 9.8382 ], [ -4.0134, 9.8382 ], [ -4.0138, 9.8381 ], [ -4.0146, 9.8383 ], [ -4.0153, 9.8384 ], [ -4.016, 9.8383 ], [ -4.0167, 9.8383 ], [ -4.0172, 9.8387 ], [ -4.0176, 9.8392 ], [ -4.0178, 9.8393 ], [ -4.0183, 9.8393 ], [ -4.0184, 9.8392 ], [ -4.0186, 9.8388 ], [ -4.0193, 9.8385 ], [ -4.02, 9.8383 ], [ -4.0203, 9.8381 ], [ -4.0208, 9.8378 ], [ -4.0213, 9.8376 ], [ -4.0217, 9.8376 ], [ -4.022, 9.8376 ], [ -4.0223, 9.8376 ], [ -4.0228, 9.8374 ], [ -4.0228, 9.8372 ], [ -4.0229, 9.8371 ], [ -4.0232, 9.8365 ], [ -4.0237, 9.8363 ], [ -4.0242, 9.836 ], [ -4.0246, 9.8356 ], [ -4.025, 9.8354 ], [ -4.0259, 9.8354 ], [ -4.0263, 9.8355 ], [ -4.0269, 9.8355 ], [ -4.0273, 9.8355 ], [ -4.0274, 9.8354 ], [ -4.0278, 9.8352 ], [ -4.0281, 9.8352 ], [ -4.0285, 9.8353 ], [ -4.0287, 9.8353 ], [ -4.029, 9.835 ], [ -4.0295, 9.8349 ], [ -4.0298, 9.8348 ], [ -4.0304, 9.8349 ], [ -4.0309, 9.8351 ], [ -4.0311, 9.8351 ], [ -4.0317, 9.8351 ], [ -4.0318, 9.8345 ], [ -4.0316, 9.8338 ], [ -4.0316, 9.8333 ], [ -4.0322, 9.8329 ], [ -4.0327, 9.8328 ], [ -4.0331, 9.8328 ], [ -4.0334, 9.8325 ], [ -4.0337, 9.8321 ], [ -4.034, 9.8319 ], [ -4.0342, 9.8315 ], [ -4.0343, 9.8311 ], [ -4.034, 9.8306 ], [ -4.0338, 9.83 ], [ -4.0337, 9.8296 ], [ -4.0338, 9.8291 ], [ -4.034, 9.8285 ], [ -4.0344, 9.8279 ], [ -4.0347, 9.8277 ], [ -4.0348, 9.8269 ], [ -4.0347, 9.8266 ], [ -4.0348, 9.8263 ], [ -4.0348, 9.8257 ], [ -4.0349, 9.8256 ], [ -4.0351, 9.8253 ], [ -4.0351, 9.8246 ], [ -4.0354, 9.8243 ], [ -4.0358, 9.8241 ], [ -4.0359, 9.8237 ], [ -4.0359, 9.823 ], [ -4.0357, 9.8225 ], [ -4.0353, 9.822 ], [ -4.0358, 9.8215 ], [ -4.0358, 9.8211 ], [ -4.0363, 9.8206 ], [ -4.0365, 9.8205 ], [ -4.0367, 9.8202 ], [ -4.037, 9.82 ], [ -4.0374, 9.8199 ], [ -4.038, 9.8196 ], [ -4.0383, 9.8194 ], [ -4.0386, 9.8196 ], [ -4.0388, 9.8196 ], [ -4.0391, 9.8193 ], [ -4.0395, 9.819 ], [ -4.0398, 9.8186 ], [ -4.0397, 9.8179 ], [ -4.0398, 9.8178 ], [ -4.0401, 9.8176 ], [ -4.0401, 9.8175 ], [ -4.0401, 9.8173 ], [ -4.0405, 9.817 ], [ -4.0406, 9.8164 ], [ -4.0406, 9.8163 ], [ -4.0406, 9.8156 ], [ -4.041, 9.8148 ], [ -4.0416, 9.8146 ], [ -4.0415, 9.8138 ], [ -4.0418, 9.813 ], [ -4.042, 9.8126 ], [ -4.0426, 9.8125 ], [ -4.043, 9.8125 ], [ -4.0433, 9.8125 ], [ -4.0435, 9.8123 ], [ -4.0436, 9.8119 ], [ -4.0437, 9.8117 ], [ -4.0433, 9.8114 ], [ -4.0436, 9.8109 ], [ -4.0437, 9.8103 ], [ -4.0436, 9.8098 ], [ -4.0436, 9.8091 ], [ -4.0441, 9.8088 ], [ -4.0442, 9.8087 ], [ -4.0447, 9.8085 ], [ -4.045, 9.8085 ], [ -4.0453, 9.8089 ], [ -4.0459, 9.8091 ], [ -4.0466, 9.8088 ], [ -4.0471, 9.8082 ], [ -4.0475, 9.8082 ], [ -4.0476, 9.8086 ], [ -4.0483, 9.8087 ], [ -4.0485, 9.8084 ], [ -4.0488, 9.8081 ], [ -4.0493, 9.8076 ], [ -4.0497, 9.8068 ], [ -4.0498, 9.806 ], [ -4.05, 9.8052 ], [ -4.0502, 9.8046 ], [ -4.0504, 9.8046 ], [ -4.0506, 9.8044 ], [ -4.0506, 9.8035 ], [ -4.0507, 9.803 ], [ -4.0507, 9.8028 ], [ -4.0557, 9.8046 ], [ -4.0566, 9.8067 ], [ -4.0566, 9.8068 ], [ -4.0567, 9.807 ], [ -4.0568, 9.8071 ], [ -4.0568, 9.8073 ], [ -4.057, 9.8074 ], [ -4.0589, 9.808 ], [ -4.0616, 9.808 ], [ -4.0636, 9.8074 ], [ -4.0664, 9.8077 ], [ -4.0677, 9.8082 ], [ -4.0705, 9.8093 ], [ -4.0719, 9.8096 ], [ -4.0727, 9.8097 ], [ -4.0734, 9.8098 ], [ -4.075, 9.8094 ], [ -4.0761, 9.8091 ], [ -4.0786, 9.8106 ], [ -4.0791, 9.8109 ], [ -4.0811, 9.8122 ], [ -4.0826, 9.8141 ], [ -4.0827, 9.8142 ], [ -4.084, 9.8158 ], [ -4.0849, 9.8162 ], [ -4.085, 9.8162 ], [ -4.085, 9.8163 ], [ -4.0851, 9.817 ], [ -4.0851, 9.8174 ], [ -4.0856, 9.8174 ], [ -4.0857, 9.8174 ], [ -4.0875, 9.8172 ], [ -4.0885, 9.8177 ], [ -4.0893, 9.818 ], [ -4.0895, 9.8182 ], [ -4.0904, 9.8191 ], [ -4.0918, 9.8195 ], [ -4.0924, 9.8196 ], [ -4.0928, 9.8197 ], [ -4.0942, 9.8208 ], [ -4.0948, 9.8213 ], [ -4.095, 9.8215 ], [ -4.0952, 9.8215 ], [ -4.0958, 9.8214 ], [ -4.0986, 9.821 ], [ -4.1007, 9.8212 ], [ -4.1009, 9.8212 ], [ -4.1015, 9.8217 ], [ -4.1039, 9.8234 ], [ -4.1051, 9.8245 ], [ -4.107, 9.8263 ], [ -4.109, 9.8282 ], [ -4.1091, 9.8283 ], [ -4.1096, 9.8287 ], [ -4.1106, 9.8297 ], [ -4.1108, 9.8298 ], [ -4.1118, 9.8308 ], [ -4.1119, 9.8308 ], [ -4.1123, 9.8312 ], [ -4.1123, 9.8316 ], [ -4.112, 9.8337 ], [ -4.1139, 9.8354 ], [ -4.1145, 9.836 ], [ -4.1159, 9.8373 ], [ -4.1193, 9.8419 ], [ -4.1203, 9.8444 ], [ -4.1209, 9.8467 ], [ -4.1225, 9.8475 ], [ -4.1253, 9.8484 ], [ -4.1269, 9.8484 ], [ -4.127, 9.8484 ], [ -4.1277, 9.8484 ], [ -4.1294, 9.8478 ], [ -4.1306, 9.8474 ], [ -4.1361, 9.8407 ], [ -4.1393, 9.8365 ], [ -4.14, 9.8343 ], [ -4.1409, 9.8288 ], [ -4.1426, 9.8264 ], [ -4.1427, 9.8262 ], [ -4.1449, 9.8242 ], [ -4.1467, 9.8227 ], [ -4.149, 9.8208 ], [ -4.1496, 9.8202 ], [ -4.1542, 9.8165 ], [ -4.1551, 9.8158 ], [ -4.1552, 9.8156 ], [ -4.1611, 9.8147 ], [ -4.1629, 9.8135 ], [ -4.1634, 9.8132 ], [ -4.1634, 9.8131 ], [ -4.1648, 9.8114 ], [ -4.1652, 9.811 ], [ -4.1672, 9.8084 ], [ -4.1746, 9.7964 ], [ -4.1795, 9.7892 ], [ -4.1845, 9.7856 ], [ -4.1858, 9.7833 ], [ -4.188, 9.7778 ], [ -4.1892, 9.7768 ], [ -4.1899, 9.7762 ], [ -4.1922, 9.7743 ], [ -4.1928, 9.7738 ], [ -4.1964, 9.7732 ], [ -4.1996, 9.7731 ], [ -4.2074, 9.7715 ], [ -4.2217, 9.769 ], [ -4.222, 9.7689 ], [ -4.224, 9.7686 ], [ -4.2319, 9.7672 ], [ -4.2347, 9.7669 ], [ -4.2361, 9.7666 ], [ -4.2372, 9.7664 ], [ -4.2401, 9.766 ], [ -4.2444, 9.7656 ], [ -4.2463, 9.7654 ], [ -4.2463, 9.7653 ], [ -4.2477, 9.7653 ], [ -4.2476, 9.7651 ], [ -4.2476, 9.7648 ], [ -4.2475, 9.7646 ], [ -4.2479, 9.7636 ], [ -4.2487, 9.7628 ], [ -4.2497, 9.7614 ], [ -4.2507, 9.7606 ], [ -4.251, 9.7594 ], [ -4.253, 9.7582 ], [ -4.2531, 9.7575 ], [ -4.2538, 9.7569 ], [ -4.2545, 9.7571 ], [ -4.2547, 9.7569 ], [ -4.2547, 9.7563 ], [ -4.255, 9.7565 ], [ -4.2553, 9.7564 ], [ -4.2555, 9.7552 ], [ -4.2558, 9.7549 ], [ -4.2558, 9.7548 ], [ -4.256, 9.7541 ], [ -4.2564, 9.7537 ], [ -4.257, 9.7539 ], [ -4.2577, 9.7545 ], [ -4.2579, 9.7552 ], [ -4.2578, 9.7558 ], [ -4.2583, 9.7562 ], [ -4.2587, 9.7567 ], [ -4.259, 9.7566 ], [ -4.2592, 9.7566 ], [ -4.2594, 9.7565 ], [ -4.2602, 9.7559 ], [ -4.2615, 9.7561 ], [ -4.2625, 9.7569 ], [ -4.2626, 9.7581 ], [ -4.2631, 9.7584 ], [ -4.2628, 9.7589 ], [ -4.2622, 9.7588 ], [ -4.2621, 9.759 ], [ -4.2621, 9.7598 ], [ -4.2636, 9.7609 ], [ -4.2638, 9.7611 ], [ -4.2642, 9.761 ], [ -4.2644, 9.7607 ], [ -4.2646, 9.7602 ], [ -4.2649, 9.7602 ], [ -4.2655, 9.7603 ], [ -4.2656, 9.7603 ], [ -4.266, 9.7604 ], [ -4.2664, 9.7599 ], [ -4.2664, 9.7595 ], [ -4.2659, 9.758 ], [ -4.2664, 9.7553 ], [ -4.2667, 9.7536 ], [ -4.2672, 9.7525 ], [ -4.2672, 9.7518 ], [ -4.2677, 9.751 ], [ -4.268, 9.7504 ], [ -4.2691, 9.7492 ], [ -4.2699, 9.7485 ], [ -4.2713, 9.7476 ], [ -4.2715, 9.7464 ], [ -4.2723, 9.7456 ], [ -4.2729, 9.7448 ], [ -4.2737, 9.7454 ], [ -4.2742, 9.7452 ], [ -4.275, 9.7437 ], [ -4.2758, 9.7423 ], [ -4.2768, 9.7412 ], [ -4.2764, 9.7401 ], [ -4.2749, 9.7393 ], [ -4.2737, 9.7365 ], [ -4.2723, 9.7356 ], [ -4.2715, 9.7355 ], [ -4.2702, 9.7354 ], [ -4.2681, 9.7353 ], [ -4.2662, 9.7355 ], [ -4.2651, 9.7364 ], [ -4.2647, 9.7365 ], [ -4.2639, 9.7366 ], [ -4.2632, 9.736 ], [ -4.2623, 9.7362 ], [ -4.2621, 9.737 ], [ -4.2613, 9.7365 ], [ -4.2606, 9.7367 ], [ -4.2594, 9.7374 ], [ -4.2586, 9.7372 ], [ -4.258, 9.7373 ], [ -4.2581, 9.7354 ], [ -4.2582, 9.7351 ], [ -4.2579, 9.7347 ], [ -4.2585, 9.734 ], [ -4.2586, 9.733 ], [ -4.2604, 9.7323 ], [ -4.2614, 9.7319 ], [ -4.2617, 9.7312 ], [ -4.2624, 9.7317 ], [ -4.2628, 9.7318 ], [ -4.2634, 9.7321 ], [ -4.2652, 9.7321 ], [ -4.2659, 9.7317 ], [ -4.2677, 9.7307 ], [ -4.2682, 9.7301 ], [ -4.2689, 9.7301 ], [ -4.2696, 9.7299 ], [ -4.2702, 9.7292 ], [ -4.27, 9.7281 ], [ -4.2701, 9.7277 ], [ -4.2689, 9.7276 ], [ -4.2687, 9.7271 ], [ -4.269, 9.7261 ], [ -4.2683, 9.7246 ], [ -4.2677, 9.7234 ], [ -4.2676, 9.7228 ], [ -4.2671, 9.7224 ], [ -4.2668, 9.7225 ], [ -4.2666, 9.7222 ], [ -4.2665, 9.7221 ], [ -4.266, 9.7216 ], [ -4.2663, 9.7209 ], [ -4.2664, 9.7201 ], [ -4.2663, 9.7195 ], [ -4.267, 9.7195 ], [ -4.2672, 9.7192 ], [ -4.267, 9.7187 ], [ -4.2666, 9.7177 ], [ -4.2664, 9.7174 ], [ -4.2663, 9.7173 ], [ -4.2659, 9.7171 ], [ -4.2656, 9.7159 ], [ -4.2656, 9.7149 ], [ -4.2664, 9.7147 ], [ -4.2671, 9.7135 ], [ -4.2672, 9.7122 ], [ -4.2666, 9.7117 ], [ -4.2668, 9.7107 ], [ -4.2671, 9.7105 ], [ -4.2672, 9.7104 ], [ -4.2674, 9.7089 ], [ -4.2684, 9.7086 ], [ -4.2686, 9.7102 ], [ -4.2691, 9.7102 ], [ -4.2697, 9.7102 ], [ -4.2702, 9.7098 ], [ -4.2707, 9.7094 ], [ -4.2709, 9.7094 ], [ -4.2716, 9.7094 ], [ -4.2725, 9.7089 ], [ -4.2726, 9.7084 ], [ -4.2734, 9.708 ], [ -4.274, 9.7073 ], [ -4.2742, 9.7059 ], [ -4.2741, 9.7047 ], [ -4.2733, 9.7035 ], [ -4.2732, 9.7027 ], [ -4.2729, 9.7024 ], [ -4.2723, 9.7021 ], [ -4.2718, 9.7011 ], [ -4.2716, 9.7007 ], [ -4.2716, 9.7001 ], [ -4.271, 9.6988 ], [ -4.2704, 9.6987 ], [ -4.2703, 9.6984 ], [ -4.2703, 9.697 ], [ -4.2708, 9.6965 ], [ -4.2711, 9.6962 ], [ -4.2707, 9.6957 ], [ -4.2708, 9.6951 ], [ -4.2716, 9.6941 ], [ -4.2718, 9.6937 ], [ -4.2722, 9.6933 ], [ -4.2728, 9.6937 ], [ -4.2731, 9.6935 ], [ -4.2732, 9.6929 ], [ -4.2735, 9.6927 ], [ -4.2743, 9.6924 ], [ -4.2751, 9.6927 ], [ -4.2752, 9.6944 ], [ -4.2754, 9.695 ], [ -4.2762, 9.6955 ], [ -4.2768, 9.6954 ], [ -4.2773, 9.6958 ], [ -4.2776, 9.6969 ], [ -4.2784, 9.697 ], [ -4.2786, 9.6972 ], [ -4.279, 9.6975 ], [ -4.2796, 9.6976 ], [ -4.2808, 9.6962 ], [ -4.2814, 9.6955 ], [ -4.281, 9.6917 ], [ -4.2806, 9.6901 ], [ -4.2812, 9.6891 ], [ -4.2811, 9.6884 ], [ -4.2795, 9.6877 ], [ -4.2774, 9.6876 ], [ -4.277, 9.6874 ], [ -4.2767, 9.6882 ], [ -4.2748, 9.6866 ], [ -4.2743, 9.685 ], [ -4.2747, 9.6838 ], [ -4.2741, 9.6824 ], [ -4.274, 9.6819 ], [ -4.2741, 9.6806 ], [ -4.2743, 9.6783 ], [ -4.2743, 9.678 ], [ -4.2751, 9.6775 ], [ -4.2758, 9.6777 ], [ -4.2766, 9.6772 ], [ -4.2775, 9.6771 ], [ -4.2778, 9.6771 ], [ -4.2783, 9.6773 ], [ -4.2794, 9.6763 ], [ -4.2806, 9.6751 ], [ -4.2806, 9.6746 ], [ -4.2818, 9.6738 ], [ -4.2822, 9.6736 ], [ -4.2825, 9.6733 ], [ -4.2823, 9.6725 ], [ -4.2835, 9.6722 ], [ -4.2846, 9.6724 ], [ -4.2848, 9.6725 ], [ -4.2856, 9.6729 ], [ -4.286, 9.6732 ], [ -4.2872, 9.6724 ], [ -4.2872, 9.6697 ], [ -4.2855, 9.6666 ], [ -4.2855, 9.6643 ], [ -4.2838, 9.6627 ], [ -4.2818, 9.6628 ], [ -4.2814, 9.6616 ], [ -4.2813, 9.6614 ], [ -4.283, 9.6599 ], [ -4.2835, 9.6598 ], [ -4.285, 9.6596 ], [ -4.2858, 9.6585 ], [ -4.286, 9.6582 ], [ -4.286, 9.6582 ], [ -4.287, 9.657 ], [ -4.2876, 9.655 ], [ -4.2877, 9.6535 ], [ -4.2866, 9.6529 ], [ -4.2861, 9.652 ], [ -4.2863, 9.6515 ], [ -4.2872, 9.6512 ], [ -4.2874, 9.6504 ], [ -4.2868, 9.6496 ], [ -4.2857, 9.6495 ], [ -4.2853, 9.6486 ], [ -4.2853, 9.6478 ], [ -4.2856, 9.6466 ], [ -4.2852, 9.646 ], [ -4.284, 9.6456 ], [ -4.2838, 9.6453 ], [ -4.2837, 9.6439 ], [ -4.2837, 9.6433 ], [ -4.2837, 9.6419 ], [ -4.2837, 9.6409 ], [ -4.2842, 9.64 ], [ -4.285, 9.6384 ], [ -4.2849, 9.6374 ], [ -4.2857, 9.6362 ], [ -4.2857, 9.636 ], [ -4.2857, 9.636 ], [ -4.286, 9.6348 ], [ -4.2872, 9.6353 ], [ -4.2874, 9.6353 ], [ -4.2895, 9.6346 ], [ -4.2899, 9.6342 ], [ -4.2893, 9.6332 ], [ -4.2893, 9.6329 ], [ -4.2907, 9.6309 ], [ -4.2912, 9.6303 ], [ -4.2916, 9.6293 ], [ -4.2903, 9.6261 ], [ -4.2904, 9.6253 ], [ -4.2908, 9.6242 ], [ -4.2908, 9.6232 ], [ -4.2921, 9.6217 ], [ -4.2932, 9.6203 ], [ -4.2932, 9.6201 ], [ -4.2936, 9.6184 ], [ -4.2939, 9.6181 ], [ -4.2941, 9.618 ], [ -4.2957, 9.6177 ], [ -4.2967, 9.6177 ], [ -4.2977, 9.6176 ], [ -4.2983, 9.617 ], [ -4.2994, 9.6163 ], [ -4.2996, 9.6161 ], [ -4.2998, 9.616 ], [ -4.3001, 9.6159 ], [ -4.3001, 9.6149 ], [ -4.2998, 9.6133 ], [ -4.2991, 9.6127 ], [ -4.2992, 9.6126 ], [ -4.2993, 9.6123 ], [ -4.2996, 9.6122 ], [ -4.3002, 9.6121 ], [ -4.3009, 9.6126 ], [ -4.3014, 9.6126 ], [ -4.302, 9.6114 ], [ -4.3023, 9.6107 ], [ -4.3022, 9.6098 ], [ -4.3017, 9.6091 ], [ -4.3015, 9.609 ], [ -4.301, 9.6083 ], [ -4.3013, 9.608 ], [ -4.3037, 9.6078 ], [ -4.3041, 9.6076 ], [ -4.3041, 9.6074 ], [ -4.3043, 9.6065 ], [ -4.3038, 9.6062 ], [ -4.3035, 9.606 ], [ -4.3033, 9.6054 ], [ -4.3036, 9.6047 ], [ -4.304, 9.6044 ], [ -4.306, 9.6052 ], [ -4.3074, 9.6052 ], [ -4.309, 9.6048 ], [ -4.3095, 9.6044 ], [ -4.3102, 9.6023 ], [ -4.3108, 9.602 ], [ -4.3117, 9.6016 ], [ -4.3111, 9.6004 ], [ -4.3104, 9.6001 ], [ -4.3097, 9.5996 ], [ -4.309, 9.5991 ], [ -4.3088, 9.5983 ], [ -4.3087, 9.5981 ], [ -4.3096, 9.5981 ], [ -4.3108, 9.5981 ], [ -4.3111, 9.5978 ], [ -4.3126, 9.5968 ], [ -4.3128, 9.5966 ], [ -4.3132, 9.597 ], [ -4.3136, 9.5972 ], [ -4.3141, 9.5975 ], [ -4.3147, 9.5979 ], [ -4.315, 9.5982 ], [ -4.3153, 9.5986 ], [ -4.3157, 9.5989 ], [ -4.3161, 9.5995 ], [ -4.3161, 9.5997 ], [ -4.3162, 9.5999 ], [ -4.3165, 9.6001 ], [ -4.317, 9.6004 ], [ -4.3174, 9.6006 ], [ -4.3178, 9.6007 ], [ -4.3182, 9.6007 ], [ -4.3186, 9.6009 ], [ -4.319, 9.601 ], [ -4.3194, 9.6011 ], [ -4.3199, 9.6013 ], [ -4.3205, 9.6014 ], [ -4.3208, 9.6015 ], [ -4.3213, 9.6018 ], [ -4.3217, 9.602 ], [ -4.3222, 9.6021 ], [ -4.3224, 9.6023 ], [ -4.3227, 9.6025 ], [ -4.3231, 9.6027 ], [ -4.3233, 9.6027 ], [ -4.3236, 9.6029 ], [ -4.324, 9.6032 ], [ -4.3245, 9.6034 ], [ -4.3247, 9.6036 ], [ -4.3251, 9.604 ], [ -4.3255, 9.6043 ], [ -4.3258, 9.6046 ], [ -4.326, 9.6049 ], [ -4.3263, 9.6052 ], [ -4.3266, 9.6055 ], [ -4.327, 9.606 ], [ -4.3272, 9.6064 ], [ -4.3273, 9.6065 ], [ -4.3273, 9.6067 ], [ -4.3273, 9.6068 ], [ -4.3274, 9.607 ], [ -4.3276, 9.6072 ], [ -4.3277, 9.6075 ], [ -4.3279, 9.6077 ], [ -4.328, 9.6079 ], [ -4.3281, 9.6081 ], [ -4.3283, 9.6084 ], [ -4.3286, 9.6089 ], [ -4.329, 9.6096 ], [ -4.3295, 9.6103 ], [ -4.33, 9.611 ], [ -4.3304, 9.6116 ], [ -4.3308, 9.6121 ], [ -4.3311, 9.6124 ], [ -4.3314, 9.6128 ], [ -4.3317, 9.6132 ], [ -4.3321, 9.6137 ], [ -4.3325, 9.6142 ], [ -4.3327, 9.6146 ], [ -4.333, 9.6151 ], [ -4.3332, 9.6154 ], [ -4.3335, 9.6158 ], [ -4.3337, 9.6163 ], [ -4.334, 9.6167 ], [ -4.3344, 9.6174 ], [ -4.3349, 9.618 ], [ -4.3352, 9.6184 ], [ -4.3354, 9.6187 ], [ -4.3357, 9.619 ], [ -4.3359, 9.6193 ], [ -4.3363, 9.6197 ], [ -4.3365, 9.62 ], [ -4.3368, 9.6204 ], [ -4.337, 9.6208 ], [ -4.3373, 9.6211 ], [ -4.3375, 9.6216 ], [ -4.3376, 9.6217 ], [ -4.3379, 9.6219 ], [ -4.338, 9.6222 ], [ -4.3384, 9.6226 ], [ -4.3386, 9.6229 ], [ -4.3389, 9.6231 ], [ -4.3391, 9.6233 ], [ -4.3393, 9.6235 ], [ -4.3394, 9.6237 ], [ -4.3396, 9.6238 ], [ -4.3398, 9.6239 ], [ -4.3399, 9.6241 ], [ -4.34, 9.6243 ], [ -4.3402, 9.6246 ], [ -4.3403, 9.6248 ], [ -4.3405, 9.6251 ], [ -4.3409, 9.6252 ], [ -4.3412, 9.6253 ], [ -4.3414, 9.6253 ], [ -4.3416, 9.6253 ], [ -4.3419, 9.6253 ], [ -4.3421, 9.6253 ], [ -4.3424, 9.6252 ], [ -4.3426, 9.6251 ], [ -4.3429, 9.625 ], [ -4.3432, 9.6248 ], [ -4.3434, 9.6247 ], [ -4.3436, 9.6245 ], [ -4.3438, 9.6244 ], [ -4.3442, 9.6243 ], [ -4.3445, 9.6243 ], [ -4.3449, 9.6243 ], [ -4.3454, 9.6243 ], [ -4.3457, 9.6243 ], [ -4.3461, 9.6244 ], [ -4.3465, 9.6245 ], [ -4.3467, 9.6245 ], [ -4.347, 9.6245 ], [ -4.3472, 9.6245 ], [ -4.3474, 9.6245 ], [ -4.3478, 9.6243 ], [ -4.3484, 9.6242 ], [ -4.3488, 9.6241 ], [ -4.3491, 9.6241 ], [ -4.3493, 9.624 ], [ -4.3497, 9.6239 ], [ -4.35, 9.6238 ], [ -4.3504, 9.6236 ], [ -4.3506, 9.6236 ], [ -4.3508, 9.6234 ], [ -4.3509, 9.6232 ], [ -4.3511, 9.6231 ], [ -4.3512, 9.6229 ], [ -4.3516, 9.6227 ], [ -4.3519, 9.6227 ], [ -4.3522, 9.6227 ], [ -4.3526, 9.6227 ], [ -4.353, 9.6227 ], [ -4.3535, 9.6228 ], [ -4.3537, 9.6228 ], [ -4.354, 9.6229 ], [ -4.3544, 9.6229 ], [ -4.3548, 9.6229 ], [ -4.3551, 9.623 ], [ -4.3554, 9.6231 ], [ -4.3557, 9.6231 ], [ -4.356, 9.623 ], [ -4.3562, 9.623 ], [ -4.3565, 9.623 ], [ -4.3567, 9.6229 ], [ -4.357, 9.623 ], [ -4.3572, 9.623 ], [ -4.3575, 9.623 ], [ -4.3578, 9.623 ], [ -4.3581, 9.623 ], [ -4.3583, 9.6231 ], [ -4.3584, 9.6231 ], [ -4.3588, 9.6232 ], [ -4.359, 9.6233 ], [ -4.3593, 9.6233 ], [ -4.3597, 9.6233 ], [ -4.3599, 9.6233 ], [ -4.3601, 9.6233 ], [ -4.3603, 9.6232 ], [ -4.3606, 9.6231 ], [ -4.361, 9.623 ], [ -4.3614, 9.6228 ], [ -4.3617, 9.6227 ], [ -4.362, 9.6224 ], [ -4.3623, 9.6222 ], [ -4.3625, 9.6221 ], [ -4.3627, 9.6219 ], [ -4.3631, 9.6216 ], [ -4.3635, 9.6214 ], [ -4.3636, 9.6212 ], [ -4.3638, 9.621 ], [ -4.3641, 9.6208 ], [ -4.3644, 9.6207 ], [ -4.3647, 9.6204 ], [ -4.365, 9.6203 ], [ -4.3652, 9.6202 ], [ -4.3656, 9.6201 ], [ -4.3658, 9.62 ], [ -4.366, 9.6199 ], [ -4.3661, 9.6199 ], [ -4.3665, 9.6197 ], [ -4.3667, 9.6196 ], [ -4.3669, 9.6195 ], [ -4.3672, 9.6194 ], [ -4.3674, 9.6193 ], [ -4.3677, 9.6191 ], [ -4.368, 9.6189 ], [ -4.3682, 9.6187 ], [ -4.3686, 9.6185 ], [ -4.369, 9.6183 ], [ -4.3694, 9.618 ], [ -4.3696, 9.6178 ], [ -4.3698, 9.6175 ], [ -4.37, 9.6173 ], [ -4.3702, 9.617 ], [ -4.3703, 9.6167 ], [ -4.3705, 9.6165 ], [ -4.3706, 9.6163 ], [ -4.3706, 9.6162 ], [ -4.3706, 9.6161 ], [ -4.3708, 9.6159 ], [ -4.3709, 9.6157 ], [ -4.3711, 9.6154 ], [ -4.3712, 9.6152 ], [ -4.3713, 9.6149 ], [ -4.3715, 9.6145 ], [ -4.3716, 9.6142 ], [ -4.3716, 9.6137 ], [ -4.3715, 9.6133 ], [ -4.3715, 9.6131 ], [ -4.3715, 9.6129 ], [ -4.3715, 9.6127 ], [ -4.3715, 9.6125 ], [ -4.3714, 9.612 ], [ -4.3714, 9.6118 ], [ -4.3714, 9.6115 ], [ -4.3713, 9.6114 ], [ -4.3713, 9.6113 ], [ -4.3713, 9.6111 ], [ -4.3712, 9.6108 ], [ -4.3712, 9.6106 ], [ -4.371, 9.6101 ], [ -4.371, 9.6099 ], [ -4.3709, 9.6095 ], [ -4.3709, 9.6092 ], [ -4.3709, 9.6089 ], [ -4.3708, 9.6086 ], [ -4.3708, 9.6084 ], [ -4.3707, 9.6083 ], [ -4.3707, 9.608 ], [ -4.3707, 9.6077 ], [ -4.3706, 9.6073 ], [ -4.3706, 9.607 ], [ -4.3706, 9.6065 ], [ -4.3705, 9.6062 ], [ -4.3705, 9.6059 ], [ -4.3704, 9.6058 ], [ -4.3704, 9.6055 ], [ -4.3703, 9.6052 ], [ -4.3702, 9.6048 ], [ -4.3701, 9.6045 ], [ -4.37, 9.6041 ], [ -4.3698, 9.6037 ], [ -4.3697, 9.6033 ], [ -4.3696, 9.6032 ], [ -4.3696, 9.6031 ], [ -4.3695, 9.603 ], [ -4.3695, 9.6028 ], [ -4.3694, 9.6026 ], [ -4.3694, 9.6023 ], [ -4.3694, 9.6021 ], [ -4.3694, 9.6016 ], [ -4.3693, 9.6013 ], [ -4.3693, 9.6009 ], [ -4.3693, 9.6008 ], [ -4.3691, 9.6003 ], [ -4.3691, 9.6 ], [ -4.369, 9.5999 ], [ -4.369, 9.5997 ], [ -4.3689, 9.5995 ], [ -4.3689, 9.599 ], [ -4.3688, 9.5988 ], [ -4.3688, 9.5984 ], [ -4.3689, 9.5981 ], [ -4.3689, 9.5978 ], [ -4.3689, 9.5976 ], [ -4.369, 9.5974 ], [ -4.369, 9.5971 ], [ -4.3691, 9.5968 ], [ -4.3692, 9.5965 ], [ -4.3693, 9.5962 ], [ -4.3694, 9.596 ], [ -4.3694, 9.5959 ], [ -4.3695, 9.5958 ], [ -4.3696, 9.5956 ], [ -4.3697, 9.5953 ], [ -4.3699, 9.5951 ], [ -4.3701, 9.5949 ], [ -4.3702, 9.5947 ], [ -4.3706, 9.5945 ], [ -4.371, 9.5941 ], [ -4.3714, 9.5939 ], [ -4.3717, 9.5936 ], [ -4.372, 9.5934 ], [ -4.3721, 9.5932 ], [ -4.3723, 9.5931 ], [ -4.3725, 9.593 ], [ -4.3728, 9.5927 ], [ -4.373, 9.5925 ], [ -4.3734, 9.5922 ], [ -4.3737, 9.5921 ], [ -4.3741, 9.5918 ], [ -4.3749, 9.5916 ], [ -4.3758, 9.5915 ], [ -4.3771, 9.5916 ], [ -4.3774, 9.5917 ], [ -4.3778, 9.5918 ], [ -4.3782, 9.5919 ], [ -4.3788, 9.5921 ], [ -4.3795, 9.5925 ], [ -4.3801, 9.5927 ], [ -4.3807, 9.593 ], [ -4.3813, 9.5932 ], [ -4.3821, 9.5936 ], [ -4.3834, 9.5939 ], [ -4.3842, 9.5941 ], [ -4.3848, 9.5943 ], [ -4.385, 9.5943 ], [ -4.3856, 9.5944 ], [ -4.3863, 9.5947 ], [ -4.3868, 9.5948 ], [ -4.3876, 9.5951 ], [ -4.3883, 9.5953 ], [ -4.3892, 9.5958 ], [ -4.39, 9.5961 ], [ -4.3903, 9.5963 ], [ -4.3904, 9.5964 ], [ -4.3907, 9.5967 ], [ -4.391, 9.5971 ], [ -4.3914, 9.5976 ], [ -4.3917, 9.598 ], [ -4.392, 9.5983 ], [ -4.3924, 9.5986 ], [ -4.3926, 9.5989 ], [ -4.3927, 9.599 ], [ -4.393, 9.5994 ], [ -4.3934, 9.5998 ], [ -4.3938, 9.6001 ], [ -4.3943, 9.6004 ], [ -4.3948, 9.6008 ], [ -4.3952, 9.601 ], [ -4.3957, 9.6012 ], [ -4.3964, 9.6014 ], [ -4.3972, 9.6015 ], [ -4.3977, 9.6015 ], [ -4.3984, 9.6016 ], [ -4.3986, 9.6016 ], [ -4.3988, 9.6017 ], [ -4.399, 9.6019 ], [ -4.3993, 9.6021 ], [ -4.3996, 9.6024 ], [ -4.3998, 9.6028 ], [ -4.3999, 9.6029 ], [ -4.4, 9.6031 ], [ -4.4002, 9.6033 ], [ -4.4004, 9.6036 ], [ -4.4008, 9.6043 ], [ -4.401, 9.605 ], [ -4.4011, 9.6051 ], [ -4.4015, 9.6058 ], [ -4.4018, 9.6069 ], [ -4.4021, 9.6076 ], [ -4.4025, 9.6084 ], [ -4.4027, 9.6089 ], [ -4.4029, 9.6095 ], [ -4.4031, 9.6101 ], [ -4.4033, 9.6107 ], [ -4.4035, 9.6113 ], [ -4.4038, 9.612 ], [ -4.4038, 9.6122 ], [ -4.404, 9.6128 ], [ -4.4041, 9.6135 ], [ -4.4043, 9.614 ], [ -4.4043, 9.6144 ], [ -4.4045, 9.6148 ], [ -4.4049, 9.6153 ], [ -4.4054, 9.6157 ], [ -4.4058, 9.6162 ], [ -4.4061, 9.6169 ], [ -4.4062, 9.6175 ], [ -4.4063, 9.618 ], [ -4.4065, 9.6187 ], [ -4.4067, 9.6191 ], [ -4.407, 9.6198 ], [ -4.4073, 9.6201 ], [ -4.4078, 9.6205 ], [ -4.4081, 9.621 ], [ -4.4086, 9.6219 ], [ -4.4089, 9.6225 ], [ -4.4089, 9.6229 ], [ -4.4091, 9.6235 ], [ -4.4091, 9.6243 ], [ -4.4089, 9.625 ], [ -4.4088, 9.6257 ], [ -4.4087, 9.6264 ], [ -4.4086, 9.627 ], [ -4.4085, 9.6271 ], [ -4.4084, 9.6276 ], [ -4.4084, 9.6282 ], [ -4.4085, 9.6295 ], [ -4.4085, 9.6297 ], [ -4.4085, 9.6298 ], [ -4.4086, 9.6311 ], [ -4.4086, 9.6312 ], [ -4.4086, 9.6318 ], [ -4.4085, 9.6321 ], [ -4.4083, 9.6336 ], [ -4.4082, 9.6346 ], [ -4.4081, 9.6354 ], [ -4.4082, 9.6357 ], [ -4.4081, 9.636 ], [ -4.4083, 9.6366 ], [ -4.4084, 9.6375 ], [ -4.4083, 9.6379 ], [ -4.4083, 9.6382 ], [ -4.4083, 9.6387 ], [ -4.4083, 9.6389 ], [ -4.4083, 9.6394 ], [ -4.4084, 9.6396 ], [ -4.4084, 9.6399 ], [ -4.4084, 9.6406 ], [ -4.4084, 9.6409 ], [ -4.4084, 9.6412 ], [ -4.4084, 9.6414 ], [ -4.4085, 9.6417 ], [ -4.4084, 9.6419 ], [ -4.4084, 9.6423 ], [ -4.4084, 9.6427 ], [ -4.4085, 9.643 ], [ -4.4085, 9.6432 ], [ -4.4085, 9.6434 ], [ -4.4085, 9.6435 ], [ -4.4085, 9.6437 ], [ -4.4085, 9.6439 ], [ -4.4086, 9.6441 ], [ -4.4086, 9.6443 ], [ -4.4087, 9.6445 ], [ -4.4087, 9.6447 ], [ -4.4088, 9.6449 ], [ -4.4089, 9.6451 ], [ -4.409, 9.6452 ], [ -4.4091, 9.6454 ], [ -4.4091, 9.6456 ], [ -4.4092, 9.6457 ], [ -4.4093, 9.6459 ], [ -4.4095, 9.6461 ], [ -4.4096, 9.6462 ], [ -4.4097, 9.6464 ], [ -4.4098, 9.6465 ], [ -4.4099, 9.6467 ], [ -4.4101, 9.6468 ], [ -4.4102, 9.6469 ], [ -4.4103, 9.6471 ], [ -4.4107, 9.6476 ], [ -4.411, 9.648 ], [ -4.4112, 9.6485 ], [ -4.4113, 9.6488 ], [ -4.4114, 9.6491 ], [ -4.4115, 9.6493 ], [ -4.4115, 9.6497 ], [ -4.4116, 9.6501 ], [ -4.4116, 9.6504 ], [ -4.4116, 9.6505 ], [ -4.4117, 9.6508 ], [ -4.4118, 9.6511 ], [ -4.4121, 9.6516 ], [ -4.4124, 9.652 ], [ -4.4125, 9.6523 ], [ -4.4126, 9.6525 ], [ -4.4127, 9.6526 ], [ -4.4129, 9.6529 ], [ -4.413, 9.653 ], [ -4.4131, 9.6533 ], [ -4.4132, 9.6534 ], [ -4.4134, 9.6537 ], [ -4.4136, 9.6539 ], [ -4.4137, 9.6539 ], [ -4.4138, 9.654 ], [ -4.4139, 9.654 ], [ -4.4141, 9.6542 ], [ -4.4143, 9.6543 ], [ -4.4146, 9.6544 ], [ -4.4148, 9.6544 ], [ -4.4152, 9.6546 ], [ -4.4155, 9.6547 ], [ -4.4159, 9.6548 ], [ -4.4162, 9.6549 ], [ -4.4167, 9.655 ], [ -4.4171, 9.6552 ], [ -4.4175, 9.6553 ], [ -4.4181, 9.6554 ], [ -4.4184, 9.6555 ], [ -4.4188, 9.6556 ], [ -4.4191, 9.6557 ], [ -4.4193, 9.6558 ], [ -4.4196, 9.656 ], [ -4.4197, 9.656 ], [ -4.4199, 9.6561 ], [ -4.42, 9.6562 ], [ -4.4204, 9.6565 ], [ -4.4209, 9.6568 ], [ -4.4213, 9.657 ], [ -4.4217, 9.6573 ], [ -4.4219, 9.6574 ], [ -4.4223, 9.6577 ], [ -4.423, 9.658 ], [ -4.4235, 9.6584 ], [ -4.4239, 9.6587 ], [ -4.424, 9.6588 ], [ -4.4243, 9.659 ], [ -4.4247, 9.6592 ], [ -4.4248, 9.6592 ], [ -4.425, 9.6594 ], [ -4.4251, 9.6595 ], [ -4.4253, 9.6596 ], [ -4.4254, 9.6596 ], [ -4.4256, 9.6598 ], [ -4.4258, 9.6601 ], [ -4.4259, 9.6601 ], [ -4.4262, 9.6606 ], [ -4.4262, 9.6606 ], [ -4.4264, 9.661 ], [ -4.4265, 9.6611 ], [ -4.4268, 9.6614 ], [ -4.4268, 9.6614 ], [ -4.427, 9.6618 ], [ -4.4271, 9.6619 ], [ -4.4273, 9.6622 ], [ -4.4275, 9.6626 ], [ -4.4278, 9.6628 ], [ -4.4281, 9.663 ], [ -4.4284, 9.6633 ], [ -4.4287, 9.6635 ], [ -4.4288, 9.6637 ], [ -4.4292, 9.664 ], [ -4.4297, 9.6641 ], [ -4.4301, 9.6642 ], [ -4.4307, 9.6641 ], [ -4.4312, 9.6641 ], [ -4.4316, 9.664 ], [ -4.4317, 9.664 ], [ -4.4321, 9.6639 ], [ -4.4324, 9.6638 ], [ -4.4325, 9.6637 ], [ -4.4328, 9.6636 ], [ -4.433, 9.6635 ], [ -4.4334, 9.6634 ], [ -4.434, 9.6633 ], [ -4.4345, 9.6631 ], [ -4.4352, 9.6628 ], [ -4.4358, 9.6626 ], [ -4.4358, 9.6626 ], [ -4.4363, 9.6624 ], [ -4.4367, 9.6623 ], [ -4.4371, 9.6621 ], [ -4.4379, 9.6618 ], [ -4.4379, 9.6618 ], [ -4.4383, 9.6616 ], [ -4.4385, 9.6615 ], [ -4.4388, 9.6611 ], [ -4.4391, 9.6607 ], [ -4.4392, 9.6604 ], [ -4.4393, 9.66 ], [ -4.4396, 9.6596 ], [ -4.44, 9.6592 ], [ -4.4405, 9.6586 ], [ -4.4409, 9.6583 ], [ -4.441, 9.6583 ], [ -4.4413, 9.6581 ], [ -4.4418, 9.6578 ], [ -4.4424, 9.6576 ], [ -4.4429, 9.6575 ], [ -4.4435, 9.6574 ], [ -4.4442, 9.6573 ], [ -4.4447, 9.6573 ], [ -4.4452, 9.6572 ], [ -4.4453, 9.6572 ], [ -4.4453, 9.6572 ], [ -4.4454, 9.6572 ], [ -4.4459, 9.6573 ], [ -4.4462, 9.6573 ], [ -4.4465, 9.6573 ], [ -4.4467, 9.6573 ], [ -4.4472, 9.6571 ], [ -4.4474, 9.6571 ], [ -4.4478, 9.6569 ], [ -4.4483, 9.6568 ], [ -4.4484, 9.6568 ], [ -4.4489, 9.6566 ], [ -4.4492, 9.6564 ], [ -4.4496, 9.6561 ], [ -4.4506, 9.6554 ], [ -4.4508, 9.6552 ], [ -4.4514, 9.6546 ], [ -4.4514, 9.6546 ], [ -4.4515, 9.6545 ], [ -4.4516, 9.6544 ], [ -4.4517, 9.6542 ], [ -4.4524, 9.6538 ], [ -4.4531, 9.6534 ], [ -4.4538, 9.653 ], [ -4.4539, 9.653 ], [ -4.4546, 9.6527 ], [ -4.4553, 9.6526 ], [ -4.4559, 9.6525 ], [ -4.4561, 9.6525 ], [ -4.4566, 9.6525 ], [ -4.4576, 9.6525 ], [ -4.4589, 9.6525 ], [ -4.4597, 9.6525 ], [ -4.4605, 9.6524 ], [ -4.4615, 9.6524 ], [ -4.4626, 9.6524 ], [ -4.4626, 9.6524 ], [ -4.4635, 9.6523 ], [ -4.4636, 9.6523 ], [ -4.4645, 9.6522 ], [ -4.4646, 9.6521 ], [ -4.4659, 9.6518 ], [ -4.4662, 9.6517 ], [ -4.4665, 9.6516 ], [ -4.4674, 9.6512 ], [ -4.468, 9.651 ], [ -4.4686, 9.651 ], [ -4.4697, 9.651 ], [ -4.4706, 9.6508 ], [ -4.4707, 9.6508 ], [ -4.4719, 9.6506 ], [ -4.4728, 9.6504 ], [ -4.4734, 9.6503 ], [ -4.4738, 9.6503 ], [ -4.4741, 9.6502 ], [ -4.4747, 9.6502 ], [ -4.4751, 9.6502 ], [ -4.4753, 9.6502 ], [ -4.4757, 9.6503 ], [ -4.4759, 9.6504 ], [ -4.4761, 9.6505 ], [ -4.4763, 9.6506 ], [ -4.4767, 9.6509 ], [ -4.477, 9.6511 ], [ -4.4775, 9.6514 ], [ -4.4778, 9.6516 ], [ -4.4783, 9.6519 ], [ -4.4785, 9.652 ], [ -4.4788, 9.6521 ], [ -4.479, 9.6522 ], [ -4.4796, 9.6523 ], [ -4.4802, 9.6525 ], [ -4.4803, 9.6525 ], [ -4.4825, 9.653 ], [ -4.4828, 9.6529 ], [ -4.4834, 9.653 ], [ -4.4837, 9.653 ], [ -4.4838, 9.6529 ], [ -4.4844, 9.6529 ], [ -4.4847, 9.6529 ], [ -4.4852, 9.6528 ], [ -4.4857, 9.6528 ], [ -4.4861, 9.6527 ], [ -4.4864, 9.6527 ], [ -4.4869, 9.6526 ], [ -4.4872, 9.6525 ], [ -4.4875, 9.6525 ], [ -4.4877, 9.6525 ], [ -4.4882, 9.6524 ], [ -4.4884, 9.6523 ], [ -4.4888, 9.6522 ], [ -4.489, 9.6522 ], [ -4.4895, 9.6519 ], [ -4.4899, 9.6517 ], [ -4.4902, 9.6515 ], [ -4.4905, 9.6512 ], [ -4.4908, 9.6509 ], [ -4.4911, 9.6506 ], [ -4.4913, 9.6504 ], [ -4.4916, 9.6502 ], [ -4.4919, 9.6498 ], [ -4.4921, 9.6495 ], [ -4.4925, 9.6493 ], [ -4.4927, 9.6491 ], [ -4.4931, 9.6488 ], [ -4.4935, 9.6485 ], [ -4.4937, 9.6484 ], [ -4.494, 9.6482 ], [ -4.4943, 9.648 ], [ -4.4947, 9.6479 ], [ -4.4953, 9.6478 ], [ -4.4957, 9.6478 ], [ -4.4962, 9.6478 ], [ -4.4967, 9.6479 ], [ -4.4971, 9.648 ], [ -4.4976, 9.648 ], [ -4.4978, 9.648 ], [ -4.4982, 9.648 ], [ -4.4984, 9.648 ], [ -4.4987, 9.648 ], [ -4.4988, 9.648 ], [ -4.499, 9.6479 ], [ -4.4993, 9.6478 ], [ -4.4998, 9.6478 ], [ -4.5, 9.6476 ], [ -4.5002, 9.6476 ], [ -4.5005, 9.6474 ], [ -4.5008, 9.6472 ], [ -4.5012, 9.647 ], [ -4.5016, 9.6468 ], [ -4.5019, 9.6467 ], [ -4.5021, 9.6465 ], [ -4.5024, 9.6464 ], [ -4.5025, 9.6463 ], [ -4.5027, 9.6462 ], [ -4.503, 9.6461 ], [ -4.5034, 9.646 ], [ -4.5036, 9.6461 ], [ -4.504, 9.6462 ], [ -4.5043, 9.6463 ], [ -4.5047, 9.6467 ], [ -4.5051, 9.647 ], [ -4.5054, 9.6473 ], [ -4.5058, 9.6478 ], [ -4.506, 9.6481 ], [ -4.5062, 9.6484 ], [ -4.5064, 9.6486 ], [ -4.5066, 9.6489 ], [ -4.5067, 9.6491 ], [ -4.5071, 9.6494 ], [ -4.5073, 9.6496 ], [ -4.5075, 9.6498 ], [ -4.5078, 9.6503 ], [ -4.5082, 9.6506 ], [ -4.5084, 9.6509 ], [ -4.5086, 9.6513 ], [ -4.5087, 9.6517 ], [ -4.5088, 9.652 ], [ -4.5089, 9.6523 ], [ -4.5091, 9.6525 ], [ -4.5092, 9.6527 ], [ -4.5095, 9.6529 ], [ -4.5097, 9.6531 ], [ -4.5101, 9.6531 ], [ -4.5104, 9.6532 ], [ -4.5106, 9.6532 ], [ -4.511, 9.6533 ], [ -4.5113, 9.6536 ], [ -4.5118, 9.6543 ], [ -4.5119, 9.6546 ], [ -4.5121, 9.6549 ], [ -4.5122, 9.6552 ], [ -4.5123, 9.6555 ], [ -4.5122, 9.656 ], [ -4.5122, 9.6565 ], [ -4.5121, 9.6569 ], [ -4.512, 9.6573 ], [ -4.5121, 9.6576 ], [ -4.5122, 9.658 ], [ -4.5123, 9.6582 ], [ -4.5124, 9.6586 ], [ -4.5124, 9.6588 ], [ -4.5125, 9.6592 ], [ -4.5128, 9.6595 ], [ -4.5129, 9.6598 ], [ -4.5133, 9.6601 ], [ -4.5136, 9.6602 ], [ -4.514, 9.6604 ], [ -4.5144, 9.6606 ], [ -4.5146, 9.6608 ], [ -4.5149, 9.6609 ], [ -4.515, 9.6611 ], [ -4.5153, 9.6613 ], [ -4.5155, 9.6615 ], [ -4.5157, 9.6617 ], [ -4.5161, 9.6624 ], [ -4.5164, 9.6627 ], [ -4.5166, 9.6631 ], [ -4.5169, 9.6635 ], [ -4.5171, 9.6638 ], [ -4.5172, 9.664 ], [ -4.5173, 9.6643 ], [ -4.5175, 9.6646 ], [ -4.5176, 9.6648 ], [ -4.5177, 9.6651 ], [ -4.5177, 9.6657 ], [ -4.5176, 9.6661 ], [ -4.5175, 9.6665 ], [ -4.5175, 9.6667 ], [ -4.5174, 9.6669 ], [ -4.5173, 9.6673 ], [ -4.5173, 9.6678 ], [ -4.5173, 9.6683 ], [ -4.5174, 9.6686 ], [ -4.5174, 9.6689 ], [ -4.5175, 9.6692 ], [ -4.5175, 9.6694 ], [ -4.5176, 9.6696 ], [ -4.5176, 9.6697 ], [ -4.5177, 9.6699 ], [ -4.5179, 9.6703 ], [ -4.5181, 9.6708 ], [ -4.5183, 9.6711 ], [ -4.5186, 9.6716 ], [ -4.5187, 9.672 ], [ -4.5189, 9.6723 ], [ -4.5191, 9.6726 ], [ -4.5192, 9.6727 ], [ -4.5195, 9.673 ], [ -4.5197, 9.6732 ], [ -4.52, 9.6735 ], [ -4.5202, 9.6739 ], [ -4.5204, 9.6744 ], [ -4.5207, 9.6749 ], [ -4.5208, 9.6754 ], [ -4.5209, 9.6758 ], [ -4.5209, 9.6763 ], [ -4.5208, 9.6767 ], [ -4.5207, 9.6769 ], [ -4.5206, 9.6771 ], [ -4.5206, 9.6772 ], [ -4.5201, 9.6786 ], [ -4.52, 9.6789 ], [ -4.5199, 9.6793 ], [ -4.5198, 9.6798 ], [ -4.5198, 9.6803 ], [ -4.5198, 9.6807 ], [ -4.5197, 9.681 ], [ -4.5198, 9.6813 ], [ -4.5198, 9.682 ], [ -4.5198, 9.6824 ], [ -4.5198, 9.6829 ], [ -4.5199, 9.6849 ], [ -4.5199, 9.6851 ], [ -4.5199, 9.6854 ], [ -4.5199, 9.6857 ], [ -4.52, 9.6861 ], [ -4.5201, 9.6865 ], [ -4.5203, 9.6868 ], [ -4.5204, 9.6871 ], [ -4.5205, 9.6874 ], [ -4.5205, 9.688 ], [ -4.5205, 9.6883 ], [ -4.5205, 9.6887 ], [ -4.5205, 9.689 ], [ -4.5204, 9.6893 ], [ -4.5204, 9.6897 ], [ -4.5203, 9.69 ], [ -4.5203, 9.6903 ], [ -4.5203, 9.6907 ], [ -4.5202, 9.691 ], [ -4.5202, 9.6913 ], [ -4.5202, 9.6914 ], [ -4.5201, 9.6918 ], [ -4.5201, 9.6919 ], [ -4.52, 9.6923 ], [ -4.5199, 9.6929 ], [ -4.5198, 9.6934 ], [ -4.5197, 9.6939 ], [ -4.5197, 9.6941 ], [ -4.5197, 9.6945 ], [ -4.5197, 9.6948 ], [ -4.5197, 9.6951 ], [ -4.5197, 9.6953 ], [ -4.5197, 9.6958 ], [ -4.5198, 9.6964 ], [ -4.5198, 9.6967 ], [ -4.5198, 9.697 ], [ -4.5199, 9.6973 ], [ -4.52, 9.6975 ], [ -4.5201, 9.6978 ], [ -4.5201, 9.6981 ], [ -4.5201, 9.6983 ], [ -4.5201, 9.6984 ], [ -4.5202, 9.6987 ], [ -4.5204, 9.699 ], [ -4.5205, 9.6992 ], [ -4.5206, 9.6994 ], [ -4.5207, 9.6997 ], [ -4.5207, 9.7 ], [ -4.5207, 9.7003 ], [ -4.5207, 9.7005 ], [ -4.5206, 9.7009 ], [ -4.5206, 9.7012 ], [ -4.5205, 9.7015 ], [ -4.5205, 9.7018 ], [ -4.5204, 9.7021 ], [ -4.5204, 9.7023 ], [ -4.5202, 9.7028 ], [ -4.5202, 9.7031 ], [ -4.5201, 9.7035 ], [ -4.52, 9.704 ], [ -4.52, 9.7042 ], [ -4.5199, 9.7045 ], [ -4.5197, 9.7047 ], [ -4.5196, 9.7049 ], [ -4.5194, 9.7051 ], [ -4.5191, 9.7053 ], [ -4.5188, 9.7055 ], [ -4.5184, 9.7057 ], [ -4.5181, 9.7059 ], [ -4.5178, 9.7061 ], [ -4.5176, 9.7063 ], [ -4.5173, 9.7064 ], [ -4.5171, 9.7067 ], [ -4.5168, 9.7069 ], [ -4.5166, 9.7072 ], [ -4.5165, 9.7073 ], [ -4.5163, 9.7076 ], [ -4.5161, 9.708 ], [ -4.5158, 9.7083 ], [ -4.5154, 9.7089 ], [ -4.515, 9.7093 ], [ -4.5147, 9.7097 ], [ -4.5143, 9.71 ], [ -4.5141, 9.7103 ], [ -4.514, 9.7106 ], [ -4.5137, 9.711 ], [ -4.5135, 9.7112 ], [ -4.5133, 9.7114 ], [ -4.512, 9.7127 ], [ -4.5117, 9.713 ], [ -4.5105, 9.714 ], [ -4.5098, 9.7145 ], [ -4.5095, 9.7148 ], [ -4.5091, 9.7154 ], [ -4.5089, 9.7158 ], [ -4.5083, 9.7163 ], [ -4.5082, 9.7165 ], [ -4.5079, 9.7168 ], [ -4.5076, 9.7171 ], [ -4.5074, 9.7174 ], [ -4.5071, 9.7177 ], [ -4.5069, 9.718 ], [ -4.5068, 9.7181 ], [ -4.5065, 9.7186 ], [ -4.5062, 9.719 ], [ -4.506, 9.7195 ], [ -4.5057, 9.7198 ], [ -4.5054, 9.7204 ], [ -4.5052, 9.7209 ], [ -4.505, 9.7214 ], [ -4.5046, 9.7217 ], [ -4.5041, 9.7221 ], [ -4.5036, 9.7226 ], [ -4.5035, 9.7229 ], [ -4.5033, 9.7233 ], [ -4.5032, 9.7237 ], [ -4.5031, 9.724 ], [ -4.503, 9.7243 ], [ -4.5028, 9.7249 ], [ -4.5027, 9.7255 ], [ -4.5026, 9.7261 ], [ -4.5027, 9.7268 ], [ -4.5028, 9.7273 ], [ -4.503, 9.7277 ], [ -4.503, 9.7281 ], [ -4.503, 9.7287 ], [ -4.5031, 9.7291 ], [ -4.5032, 9.7294 ], [ -4.5032, 9.7299 ], [ -4.5033, 9.7303 ], [ -4.5033, 9.7305 ], [ -4.5033, 9.7308 ], [ -4.5034, 9.7314 ], [ -4.5034, 9.7317 ], [ -4.5036, 9.7321 ], [ -4.5036, 9.7325 ], [ -4.5037, 9.7328 ], [ -4.5037, 9.7333 ], [ -4.5038, 9.7336 ], [ -4.5039, 9.7339 ], [ -4.5041, 9.7342 ], [ -4.5041, 9.7345 ], [ -4.5042, 9.7348 ], [ -4.5042, 9.7351 ], [ -4.5043, 9.7353 ], [ -4.5044, 9.7357 ], [ -4.5045, 9.7358 ], [ -4.5045, 9.736 ], [ -4.5046, 9.7361 ], [ -4.5045, 9.7362 ], [ -4.5045, 9.7364 ], [ -4.5044, 9.7366 ], [ -4.5044, 9.7368 ], [ -4.5042, 9.7369 ], [ -4.5041, 9.737 ], [ -4.504, 9.7371 ], [ -4.5038, 9.7373 ], [ -4.5037, 9.7375 ], [ -4.5037, 9.7378 ], [ -4.5035, 9.7379 ], [ -4.5034, 9.7381 ], [ -4.5034, 9.7383 ], [ -4.5034, 9.7386 ], [ -4.5034, 9.7388 ], [ -4.5032, 9.739 ], [ -4.5033, 9.7394 ], [ -4.5035, 9.7398 ], [ -4.5039, 9.7403 ], [ -4.5043, 9.7408 ], [ -4.5046, 9.7412 ], [ -4.505, 9.7416 ], [ -4.5055, 9.742 ], [ -4.5058, 9.7423 ], [ -4.5063, 9.7427 ], [ -4.5064, 9.7428 ], [ -4.5067, 9.7432 ], [ -4.5068, 9.7434 ], [ -4.507, 9.7437 ], [ -4.5072, 9.744 ], [ -4.5076, 9.7443 ], [ -4.5079, 9.7447 ], [ -4.5082, 9.7452 ], [ -4.5084, 9.7456 ], [ -4.5085, 9.7459 ], [ -4.5088, 9.7463 ], [ -4.5093, 9.7469 ], [ -4.5097, 9.7472 ], [ -4.5101, 9.7476 ], [ -4.5106, 9.7481 ], [ -4.5111, 9.7486 ], [ -4.5112, 9.7487 ], [ -4.5114, 9.749 ], [ -4.5118, 9.7494 ], [ -4.5123, 9.7498 ], [ -4.5127, 9.7501 ], [ -4.5131, 9.7504 ], [ -4.5134, 9.7505 ], [ -4.5138, 9.7508 ], [ -4.5141, 9.7509 ], [ -4.5148, 9.7511 ], [ -4.5154, 9.7512 ], [ -4.5166, 9.7514 ], [ -4.517, 9.7514 ], [ -4.5176, 9.7514 ], [ -4.518, 9.7514 ], [ -4.5184, 9.7515 ], [ -4.5188, 9.7514 ], [ -4.5197, 9.7514 ], [ -4.5204, 9.7515 ], [ -4.521, 9.7515 ], [ -4.5215, 9.7516 ], [ -4.5219, 9.7518 ], [ -4.5221, 9.752 ], [ -4.5226, 9.7523 ], [ -4.523, 9.7523 ], [ -4.5235, 9.7523 ], [ -4.5241, 9.7523 ], [ -4.5245, 9.7522 ], [ -4.5249, 9.7522 ], [ -4.5257, 9.752 ], [ -4.5264, 9.7521 ], [ -4.5271, 9.7521 ], [ -4.5277, 9.7521 ], [ -4.5283, 9.7523 ], [ -4.5285, 9.7524 ], [ -4.5286, 9.7524 ], [ -4.5294, 9.7526 ], [ -4.5302, 9.7527 ], [ -4.5309, 9.7528 ], [ -4.5319, 9.7528 ], [ -4.5326, 9.7527 ], [ -4.5332, 9.7525 ], [ -4.5343, 9.752 ], [ -4.535, 9.7517 ], [ -4.5355, 9.7514 ], [ -4.5359, 9.7511 ], [ -4.5367, 9.7509 ], [ -4.5372, 9.7508 ], [ -4.5376, 9.7508 ], [ -4.5381, 9.7508 ], [ -4.5386, 9.7507 ], [ -4.5392, 9.7505 ], [ -4.5397, 9.7505 ], [ -4.5413, 9.7501 ], [ -4.5421, 9.7501 ], [ -4.5427, 9.7501 ], [ -4.5436, 9.7499 ], [ -4.5447, 9.7498 ], [ -4.5455, 9.7495 ], [ -4.546, 9.7491 ], [ -4.5464, 9.7487 ], [ -4.5468, 9.7483 ], [ -4.5473, 9.7478 ], [ -4.5479, 9.747 ], [ -4.5483, 9.7463 ], [ -4.5488, 9.7458 ], [ -4.549, 9.7455 ], [ -4.5494, 9.7451 ], [ -4.5498, 9.7449 ], [ -4.5504, 9.7445 ], [ -4.5508, 9.7443 ], [ -4.551, 9.7442 ], [ -4.5514, 9.744 ], [ -4.5516, 9.7437 ], [ -4.5522, 9.7432 ], [ -4.5528, 9.7427 ], [ -4.5532, 9.7424 ], [ -4.5536, 9.7421 ], [ -4.5537, 9.7419 ], [ -4.5538, 9.7415 ], [ -4.5538, 9.7412 ], [ -4.5538, 9.7409 ], [ -4.5537, 9.7404 ], [ -4.5534, 9.7399 ], [ -4.5532, 9.7393 ], [ -4.553, 9.7389 ], [ -4.5527, 9.7382 ], [ -4.5525, 9.7378 ], [ -4.5523, 9.7373 ], [ -4.5519, 9.7367 ], [ -4.5516, 9.736 ], [ -4.5514, 9.7356 ], [ -4.5511, 9.7353 ], [ -4.5507, 9.7347 ], [ -4.5504, 9.7342 ], [ -4.5501, 9.7336 ], [ -4.5498, 9.7331 ], [ -4.5494, 9.7325 ], [ -4.5491, 9.732 ], [ -4.5489, 9.7317 ], [ -4.5486, 9.7312 ], [ -4.5485, 9.7308 ], [ -4.5483, 9.7303 ], [ -4.5482, 9.7297 ], [ -4.5481, 9.7293 ], [ -4.548, 9.7289 ], [ -4.5478, 9.7286 ], [ -4.5476, 9.7282 ], [ -4.5473, 9.7276 ], [ -4.547, 9.7273 ], [ -4.5468, 9.7271 ], [ -4.5466, 9.7268 ], [ -4.5462, 9.7266 ], [ -4.5459, 9.7264 ], [ -4.5457, 9.7262 ], [ -4.5455, 9.7259 ], [ -4.5453, 9.7256 ], [ -4.5451, 9.7253 ], [ -4.5447, 9.7248 ], [ -4.5444, 9.7242 ], [ -4.5442, 9.7239 ], [ -4.544, 9.7236 ], [ -4.5438, 9.7233 ], [ -4.5436, 9.7229 ], [ -4.5435, 9.7225 ], [ -4.5433, 9.722 ], [ -4.5432, 9.7216 ], [ -4.5431, 9.721 ], [ -4.543, 9.7205 ], [ -4.543, 9.7202 ], [ -4.5429, 9.7201 ], [ -4.5429, 9.7198 ], [ -4.5429, 9.7191 ], [ -4.5429, 9.7187 ], [ -4.5429, 9.7182 ], [ -4.543, 9.7179 ], [ -4.5432, 9.7176 ], [ -4.5434, 9.7173 ], [ -4.5435, 9.717 ], [ -4.5437, 9.7166 ], [ -4.5439, 9.7163 ], [ -4.5442, 9.7157 ], [ -4.5443, 9.7152 ], [ -4.5444, 9.7147 ], [ -4.5446, 9.7144 ], [ -4.5446, 9.7142 ], [ -4.5447, 9.7139 ], [ -4.5448, 9.7136 ], [ -4.5449, 9.7132 ], [ -4.5451, 9.7127 ], [ -4.5453, 9.7123 ], [ -4.5455, 9.7118 ], [ -4.5458, 9.7114 ], [ -4.5461, 9.711 ], [ -4.5465, 9.7106 ], [ -4.5469, 9.7102 ], [ -4.5474, 9.71 ], [ -4.5478, 9.7097 ], [ -4.5481, 9.7093 ], [ -4.5484, 9.7089 ], [ -4.5485, 9.7087 ], [ -4.5488, 9.7082 ], [ -4.5491, 9.7074 ], [ -4.5493, 9.7069 ], [ -4.5495, 9.7064 ], [ -4.5496, 9.7062 ], [ -4.55, 9.7055 ], [ -4.5503, 9.7051 ], [ -4.5506, 9.7047 ], [ -4.5508, 9.7043 ], [ -4.5514, 9.7038 ], [ -4.552, 9.7033 ], [ -4.5526, 9.7028 ], [ -4.5531, 9.7023 ], [ -4.5536, 9.7019 ], [ -4.5541, 9.7015 ], [ -4.5546, 9.7011 ], [ -4.5551, 9.7006 ], [ -4.5555, 9.7003 ], [ -4.5558, 9.6999 ], [ -4.5563, 9.6995 ], [ -4.5568, 9.699 ], [ -4.5571, 9.6985 ], [ -4.5574, 9.698 ], [ -4.5576, 9.6976 ], [ -4.5579, 9.6971 ], [ -4.5582, 9.6966 ], [ -4.5585, 9.6961 ], [ -4.559, 9.6955 ], [ -4.5593, 9.6951 ], [ -4.5597, 9.6947 ], [ -4.5602, 9.6942 ], [ -4.5608, 9.6938 ], [ -4.5616, 9.6934 ], [ -4.5624, 9.693 ], [ -4.5632, 9.6927 ], [ -4.5638, 9.6924 ], [ -4.5641, 9.6923 ], [ -4.5648, 9.6921 ], [ -4.5656, 9.6919 ], [ -4.5665, 9.6916 ], [ -4.5675, 9.6913 ], [ -4.5681, 9.6912 ], [ -4.569, 9.6911 ], [ -4.5694, 9.6911 ], [ -4.5706, 9.6911 ], [ -4.5713, 9.6911 ], [ -4.5727, 9.691 ], [ -4.5739, 9.691 ], [ -4.5749, 9.691 ], [ -4.5757, 9.691 ], [ -4.5767, 9.6911 ], [ -4.5777, 9.6913 ], [ -4.5782, 9.6914 ], [ -4.5787, 9.6918 ], [ -4.5792, 9.6921 ], [ -4.5798, 9.6924 ], [ -4.5804, 9.693 ], [ -4.5809, 9.6932 ], [ -4.5815, 9.6936 ], [ -4.5823, 9.6941 ], [ -4.5828, 9.6945 ], [ -4.5833, 9.6949 ], [ -4.5838, 9.6953 ], [ -4.5843, 9.6958 ], [ -4.5844, 9.696 ], [ -4.5846, 9.6964 ], [ -4.5848, 9.6967 ], [ -4.585, 9.6971 ], [ -4.585, 9.6973 ], [ -4.5851, 9.6978 ], [ -4.5854, 9.6985 ], [ -4.5857, 9.6989 ], [ -4.5859, 9.6996 ], [ -4.5861, 9.7001 ], [ -4.5861, 9.7006 ], [ -4.5861, 9.701 ], [ -4.5861, 9.7016 ], [ -4.5861, 9.702 ], [ -4.5862, 9.7026 ], [ -4.5866, 9.7032 ], [ -4.5867, 9.7034 ], [ -4.5868, 9.7035 ], [ -4.5871, 9.7037 ], [ -4.5875, 9.7041 ], [ -4.5881, 9.7045 ], [ -4.5885, 9.7051 ], [ -4.5888, 9.7055 ], [ -4.5891, 9.7063 ], [ -4.5892, 9.7072 ], [ -4.5893, 9.7078 ], [ -4.5894, 9.708 ], [ -4.5895, 9.7088 ], [ -4.5899, 9.7096 ], [ -4.5903, 9.7102 ], [ -4.5906, 9.7106 ], [ -4.5911, 9.7113 ], [ -4.5912, 9.7113 ], [ -4.592, 9.7117 ], [ -4.5931, 9.712 ], [ -4.5935, 9.712 ], [ -4.594, 9.712 ], [ -4.5946, 9.7123 ], [ -4.5952, 9.7126 ], [ -4.5958, 9.713 ], [ -4.5965, 9.7136 ], [ -4.5971, 9.7141 ], [ -4.5975, 9.7149 ], [ -4.598, 9.7157 ], [ -4.5983, 9.7162 ], [ -4.5984, 9.7166 ], [ -4.5984, 9.7173 ], [ -4.5984, 9.7174 ], [ -4.5984, 9.7178 ], [ -4.5986, 9.718 ], [ -4.599, 9.7184 ], [ -4.5995, 9.7187 ], [ -4.6003, 9.7188 ], [ -4.6013, 9.7189 ], [ -4.6024, 9.7189 ], [ -4.6037, 9.719 ], [ -4.6044, 9.7191 ], [ -4.6047, 9.7191 ], [ -4.6051, 9.7193 ], [ -4.6058, 9.7197 ], [ -4.6062, 9.7201 ], [ -4.6065, 9.7204 ], [ -4.607, 9.7212 ], [ -4.6076, 9.7217 ], [ -4.608, 9.7223 ], [ -4.6084, 9.7228 ], [ -4.6087, 9.7233 ], [ -4.6092, 9.724 ], [ -4.6097, 9.7244 ], [ -4.6102, 9.7247 ], [ -4.6109, 9.7249 ], [ -4.6118, 9.725 ], [ -4.612, 9.725 ], [ -4.6123, 9.725 ], [ -4.613, 9.7248 ], [ -4.6136, 9.7244 ], [ -4.6138, 9.7239 ], [ -4.6143, 9.7233 ], [ -4.6143, 9.7231 ], [ -4.6144, 9.7227 ], [ -4.6144, 9.7222 ], [ -4.6143, 9.7216 ], [ -4.6141, 9.721 ], [ -4.6139, 9.7201 ], [ -4.6139, 9.7192 ], [ -4.6141, 9.7184 ], [ -4.6141, 9.7182 ], [ -4.6144, 9.7177 ], [ -4.6144, 9.7175 ], [ -4.6146, 9.7171 ], [ -4.6148, 9.7168 ], [ -4.6153, 9.7164 ], [ -4.6156, 9.7156 ], [ -4.6156, 9.715 ], [ -4.6157, 9.7143 ], [ -4.6158, 9.7141 ], [ -4.6159, 9.7137 ], [ -4.6162, 9.7128 ], [ -4.6164, 9.712 ], [ -4.6167, 9.7109 ], [ -4.617, 9.71 ], [ -4.6173, 9.7088 ], [ -4.6178, 9.7078 ], [ -4.6183, 9.7072 ], [ -4.6188, 9.7066 ], [ -4.6193, 9.7061 ], [ -4.6194, 9.7059 ], [ -4.6199, 9.7051 ], [ -4.6203, 9.7039 ], [ -4.6205, 9.7033 ], [ -4.6206, 9.7028 ], [ -4.6211, 9.7026 ], [ -4.6215, 9.7024 ], [ -4.6216, 9.7023 ], [ -4.6217, 9.7023 ], [ -4.6233, 9.7025 ], [ -4.6246, 9.7029 ], [ -4.6259, 9.7033 ], [ -4.6269, 9.7037 ], [ -4.6276, 9.704 ], [ -4.6286, 9.7048 ], [ -4.6297, 9.7052 ], [ -4.6304, 9.7054 ], [ -4.6318, 9.7056 ], [ -4.6328, 9.7057 ], [ -4.6341, 9.7058 ], [ -4.6352, 9.7059 ], [ -4.6359, 9.7062 ], [ -4.6365, 9.7064 ], [ -4.6368, 9.7066 ], [ -4.6373, 9.7069 ], [ -4.6378, 9.7072 ], [ -4.638, 9.7077 ], [ -4.6381, 9.7082 ], [ -4.6381, 9.7088 ], [ -4.6384, 9.7096 ], [ -4.6388, 9.7102 ], [ -4.6393, 9.7108 ], [ -4.6397, 9.7112 ], [ -4.6404, 9.7115 ], [ -4.6411, 9.7117 ], [ -4.6419, 9.712 ], [ -4.6425, 9.7124 ], [ -4.6429, 9.7128 ], [ -4.6435, 9.7133 ], [ -4.6442, 9.7134 ], [ -4.6446, 9.7133 ], [ -4.6454, 9.7131 ], [ -4.6462, 9.7123 ], [ -4.6468, 9.7119 ], [ -4.6472, 9.7117 ], [ -4.6481, 9.7115 ], [ -4.6483, 9.7115 ], [ -4.6493, 9.7114 ], [ -4.6501, 9.7112 ], [ -4.6506, 9.7104 ], [ -4.6508, 9.7096 ], [ -4.6509, 9.7086 ], [ -4.6512, 9.7078 ], [ -4.6513, 9.707 ], [ -4.6513, 9.7068 ], [ -4.6513, 9.7062 ], [ -4.6513, 9.706 ], [ -4.6513, 9.7054 ], [ -4.6512, 9.7049 ], [ -4.651, 9.7042 ], [ -4.6511, 9.7034 ], [ -4.6516, 9.7022 ], [ -4.652, 9.7008 ], [ -4.6519, 9.6997 ], [ -4.6517, 9.6987 ], [ -4.6517, 9.6978 ], [ -4.6521, 9.697 ], [ -4.6523, 9.6964 ], [ -4.6528, 9.6958 ], [ -4.653, 9.6953 ], [ -4.6534, 9.6944 ], [ -4.654, 9.6932 ], [ -4.6542, 9.6921 ], [ -4.6542, 9.6914 ], [ -4.6544, 9.6904 ], [ -4.6548, 9.6896 ], [ -4.6551, 9.689 ], [ -4.6557, 9.6881 ], [ -4.6559, 9.6876 ], [ -4.6561, 9.6872 ], [ -4.6561, 9.6871 ], [ -4.6562, 9.6869 ], [ -4.6565, 9.6868 ], [ -4.6568, 9.6869 ], [ -4.6575, 9.6869 ], [ -4.6584, 9.6874 ], [ -4.6588, 9.6877 ], [ -4.6592, 9.688 ], [ -4.6594, 9.6883 ], [ -4.6595, 9.6884 ], [ -4.6596, 9.6886 ], [ -4.6599, 9.6887 ], [ -4.6603, 9.6887 ], [ -4.6611, 9.6886 ], [ -4.6617, 9.6883 ], [ -4.6625, 9.688 ], [ -4.6628, 9.6878 ], [ -4.663, 9.6877 ], [ -4.6634, 9.6876 ], [ -4.6637, 9.6875 ], [ -4.6641, 9.6875 ], [ -4.6651, 9.6873 ], [ -4.6659, 9.687 ], [ -4.6668, 9.6866 ], [ -4.6678, 9.6863 ], [ -4.669, 9.6859 ], [ -4.6703, 9.6853 ], [ -4.6719, 9.6845 ], [ -4.6731, 9.6838 ], [ -4.674, 9.6831 ], [ -4.6746, 9.6825 ], [ -4.6751, 9.6817 ], [ -4.6752, 9.6817 ], [ -4.676, 9.6814 ], [ -4.6761, 9.6814 ], [ -4.6763, 9.6813 ], [ -4.677, 9.6812 ], [ -4.6778, 9.6809 ], [ -4.6788, 9.6805 ], [ -4.6796, 9.68 ], [ -4.6805, 9.6796 ], [ -4.6815, 9.6793 ], [ -4.6829, 9.679 ], [ -4.6839, 9.6788 ], [ -4.685, 9.6785 ], [ -4.6861, 9.6778 ], [ -4.6865, 9.6777 ], [ -4.6872, 9.6774 ], [ -4.6879, 9.6776 ], [ -4.689, 9.6779 ], [ -4.6903, 9.6784 ], [ -4.6912, 9.6791 ], [ -4.6914, 9.6795 ], [ -4.6916, 9.68 ], [ -4.6916, 9.6807 ], [ -4.6915, 9.6812 ], [ -4.6913, 9.6823 ], [ -4.691, 9.6831 ], [ -4.6913, 9.6838 ], [ -4.6919, 9.6847 ], [ -4.6922, 9.6849 ], [ -4.6927, 9.6852 ], [ -4.6933, 9.6851 ], [ -4.6939, 9.685 ], [ -4.6953, 9.6851 ], [ -4.6966, 9.6853 ], [ -4.6967, 9.6853 ], [ -4.6968, 9.6853 ], [ -4.6976, 9.6855 ], [ -4.698, 9.6856 ], [ -4.6983, 9.6857 ], [ -4.6991, 9.6862 ], [ -4.7004, 9.6868 ], [ -4.7011, 9.6876 ], [ -4.7017, 9.6882 ], [ -4.7023, 9.689 ], [ -4.7031, 9.6896 ], [ -4.7041, 9.6902 ], [ -4.7053, 9.6909 ], [ -4.7063, 9.6919 ], [ -4.7067, 9.6928 ], [ -4.707, 9.6936 ], [ -4.7076, 9.6943 ], [ -4.7081, 9.6948 ], [ -4.7085, 9.6951 ], [ -4.7087, 9.6954 ], [ -4.7091, 9.6957 ], [ -4.7095, 9.6963 ], [ -4.7095, 9.6969 ], [ -4.7093, 9.6974 ], [ -4.7088, 9.6982 ], [ -4.7089, 9.699 ], [ -4.7093, 9.6997 ], [ -4.7099, 9.7002 ], [ -4.7106, 9.7004 ], [ -4.7114, 9.7006 ], [ -4.7119, 9.7009 ], [ -4.7121, 9.701 ], [ -4.7124, 9.7014 ], [ -4.7127, 9.702 ], [ -4.7128, 9.702 ], [ -4.7131, 9.7026 ], [ -4.7131, 9.7027 ], [ -4.7131, 9.7036 ], [ -4.713, 9.704 ], [ -4.7128, 9.7044 ], [ -4.7126, 9.705 ], [ -4.7126, 9.7059 ], [ -4.7126, 9.7069 ], [ -4.7129, 9.708 ], [ -4.7135, 9.7087 ], [ -4.714, 9.7092 ], [ -4.7141, 9.7093 ], [ -4.7143, 9.7097 ], [ -4.7145, 9.7101 ], [ -4.7147, 9.7104 ], [ -4.7148, 9.7106 ], [ -4.7149, 9.7113 ], [ -4.7152, 9.7123 ], [ -4.7154, 9.7136 ], [ -4.7159, 9.7147 ], [ -4.7164, 9.7157 ], [ -4.7172, 9.7165 ], [ -4.7184, 9.7169 ], [ -4.719, 9.7176 ], [ -4.7193, 9.718 ], [ -4.7195, 9.7183 ], [ -4.7198, 9.7186 ], [ -4.7198, 9.7187 ], [ -4.7199, 9.7189 ], [ -4.7201, 9.7193 ], [ -4.7205, 9.7198 ], [ -4.7207, 9.7206 ], [ -4.7207, 9.7214 ], [ -4.7207, 9.7222 ], [ -4.7205, 9.7233 ], [ -4.7204, 9.7242 ], [ -4.7206, 9.725 ], [ -4.7208, 9.7255 ], [ -4.7209, 9.7263 ], [ -4.7208, 9.727 ], [ -4.7206, 9.7278 ], [ -4.7205, 9.728 ], [ -4.7207, 9.7285 ], [ -4.7208, 9.7289 ], [ -4.7212, 9.7296 ], [ -4.7218, 9.73 ], [ -4.7222, 9.7306 ], [ -4.7228, 9.7311 ], [ -4.7234, 9.7316 ], [ -4.7243, 9.732 ], [ -4.7256, 9.7325 ], [ -4.7258, 9.7327 ], [ -4.7264, 9.7331 ], [ -4.7266, 9.7332 ], [ -4.7272, 9.7335 ], [ -4.728, 9.7339 ], [ -4.7291, 9.7343 ], [ -4.7295, 9.7346 ], [ -4.7299, 9.7348 ], [ -4.7308, 9.7354 ], [ -4.7316, 9.736 ], [ -4.7321, 9.7366 ], [ -4.7325, 9.7372 ], [ -4.7331, 9.7378 ], [ -4.7336, 9.7382 ], [ -4.7341, 9.7386 ], [ -4.7344, 9.7393 ], [ -4.7344, 9.74 ], [ -4.7344, 9.741 ], [ -4.7344, 9.7418 ], [ -4.7343, 9.7429 ], [ -4.7341, 9.7437 ], [ -4.7334, 9.7444 ], [ -4.7331, 9.745 ], [ -4.7328, 9.7454 ], [ -4.7328, 9.7455 ], [ -4.7327, 9.7461 ], [ -4.733, 9.7469 ], [ -4.7335, 9.7474 ], [ -4.7343, 9.7479 ], [ -4.7354, 9.7484 ], [ -4.7362, 9.7491 ], [ -4.7367, 9.7496 ], [ -4.7372, 9.7501 ], [ -4.7375, 9.7503 ], [ -4.7376, 9.7503 ], [ -4.7383, 9.7507 ], [ -4.7388, 9.751 ], [ -4.7396, 9.7513 ], [ -4.7407, 9.7519 ], [ -4.7415, 9.7523 ], [ -4.7421, 9.7525 ], [ -4.7427, 9.7526 ], [ -4.743, 9.7526 ], [ -4.7434, 9.7527 ], [ -4.744, 9.7529 ], [ -4.7449, 9.7534 ], [ -4.7455, 9.7539 ], [ -4.7465, 9.7542 ], [ -4.7476, 9.7542 ], [ -4.7488, 9.7541 ], [ -4.7499, 9.7538 ], [ -4.7505, 9.7536 ], [ -4.7517, 9.7533 ], [ -4.7527, 9.7535 ], [ -4.7536, 9.7538 ], [ -4.7546, 9.7539 ], [ -4.7551, 9.7539 ], [ -4.7556, 9.7541 ], [ -4.7559, 9.7544 ], [ -4.7564, 9.7546 ], [ -4.7569, 9.7548 ], [ -4.7574, 9.7549 ], [ -4.7581, 9.7551 ], [ -4.7589, 9.7553 ], [ -4.7596, 9.7554 ], [ -4.7606, 9.7556 ], [ -4.7613, 9.7556 ], [ -4.7618, 9.7556 ], [ -4.7624, 9.7553 ], [ -4.7633, 9.7549 ], [ -4.764, 9.7547 ], [ -4.7643, 9.7546 ], [ -4.7649, 9.7545 ], [ -4.7655, 9.7541 ], [ -4.766, 9.7535 ], [ -4.7665, 9.753 ], [ -4.7667, 9.7526 ], [ -4.7669, 9.7522 ], [ -4.767, 9.752 ], [ -4.7673, 9.7517 ], [ -4.7676, 9.7513 ], [ -4.7678, 9.751 ], [ -4.7683, 9.7507 ], [ -4.7688, 9.7502 ], [ -4.769, 9.7495 ], [ -4.7689, 9.7489 ], [ -4.7687, 9.7484 ], [ -4.7683, 9.748 ], [ -4.7677, 9.7476 ], [ -4.7675, 9.7474 ], [ -4.7669, 9.7472 ], [ -4.7668, 9.7472 ], [ -4.7663, 9.7468 ], [ -4.7657, 9.7465 ], [ -4.7651, 9.7461 ], [ -4.7645, 9.7457 ], [ -4.7639, 9.7452 ], [ -4.7636, 9.7447 ], [ -4.7634, 9.7441 ], [ -4.7634, 9.7435 ], [ -4.7637, 9.7428 ], [ -4.7639, 9.7423 ], [ -4.764, 9.7419 ], [ -4.7643, 9.7415 ], [ -4.7644, 9.7414 ], [ -4.7646, 9.7411 ], [ -4.7648, 9.7407 ], [ -4.7651, 9.7402 ], [ -4.7654, 9.7398 ], [ -4.7656, 9.7394 ], [ -4.7662, 9.7388 ], [ -4.7673, 9.7383 ], [ -4.7681, 9.7381 ], [ -4.7688, 9.7375 ], [ -4.7695, 9.7374 ], [ -4.7704, 9.7372 ], [ -4.7714, 9.737 ], [ -4.7722, 9.7367 ], [ -4.7731, 9.7366 ], [ -4.774, 9.7367 ], [ -4.7745, 9.7369 ], [ -4.7751, 9.737 ], [ -4.7753, 9.7372 ], [ -4.7754, 9.7372 ], [ -4.7757, 9.7374 ], [ -4.7758, 9.7375 ], [ -4.776, 9.7377 ], [ -4.7764, 9.7381 ], [ -4.7769, 9.7384 ], [ -4.7776, 9.7389 ], [ -4.7779, 9.7391 ], [ -4.7781, 9.7393 ], [ -4.7783, 9.7394 ], [ -4.7787, 9.7398 ], [ -4.7792, 9.7403 ], [ -4.7796, 9.7406 ], [ -4.78, 9.7411 ], [ -4.7803, 9.7415 ], [ -4.7807, 9.7419 ], [ -4.7811, 9.7425 ], [ -4.7812, 9.7431 ], [ -4.7813, 9.7438 ], [ -4.7813, 9.7445 ], [ -4.7812, 9.7453 ], [ -4.7809, 9.7464 ], [ -4.7807, 9.747 ], [ -4.7804, 9.7476 ], [ -4.7802, 9.7483 ], [ -4.78, 9.749 ], [ -4.7798, 9.7495 ], [ -4.7796, 9.75 ], [ -4.7793, 9.7507 ], [ -4.7793, 9.7507 ], [ -4.7792, 9.751 ], [ -4.7789, 9.7517 ], [ -4.7788, 9.7524 ], [ -4.779, 9.7529 ], [ -4.7793, 9.7535 ], [ -4.7796, 9.754 ], [ -4.7801, 9.7544 ], [ -4.7807, 9.7545 ], [ -4.7816, 9.7547 ], [ -4.7826, 9.7548 ], [ -4.7834, 9.7548 ], [ -4.7843, 9.755 ], [ -4.7854, 9.7551 ], [ -4.7865, 9.7553 ], [ -4.7875, 9.7555 ], [ -4.788, 9.7557 ], [ -4.7881, 9.7557 ], [ -4.7886, 9.756 ], [ -4.7887, 9.756 ], [ -4.7889, 9.7563 ], [ -4.789, 9.7564 ], [ -4.7892, 9.7566 ], [ -4.7896, 9.7568 ], [ -4.7899, 9.757 ], [ -4.7901, 9.7571 ], [ -4.7902, 9.7571 ], [ -4.7907, 9.7571 ], [ -4.7911, 9.7571 ], [ -4.7915, 9.7569 ], [ -4.7917, 9.7566 ], [ -4.792, 9.7562 ], [ -4.7922, 9.756 ], [ -4.7924, 9.7558 ], [ -4.7926, 9.7558 ], [ -4.793, 9.7558 ], [ -4.7932, 9.7558 ], [ -4.7934, 9.7561 ], [ -4.7936, 9.7564 ], [ -4.7937, 9.7568 ], [ -4.7935, 9.7572 ], [ -4.7932, 9.7577 ], [ -4.7929, 9.7581 ], [ -4.7928, 9.7587 ], [ -4.7928, 9.7593 ], [ -4.7929, 9.7598 ], [ -4.7931, 9.7602 ], [ -4.7933, 9.7604 ], [ -4.7934, 9.7606 ], [ -4.7938, 9.7612 ], [ -4.794, 9.7617 ], [ -4.7942, 9.762 ], [ -4.7943, 9.7623 ], [ -4.7943, 9.7625 ], [ -4.7941, 9.7631 ], [ -4.7938, 9.7638 ], [ -4.7936, 9.7644 ], [ -4.7933, 9.765 ], [ -4.7931, 9.7654 ], [ -4.793, 9.7656 ], [ -4.793, 9.7656 ], [ -4.7929, 9.7657 ], [ -4.7928, 9.7662 ], [ -4.7927, 9.7663 ], [ -4.7926, 9.7667 ], [ -4.7924, 9.7673 ], [ -4.7928, 9.7684 ], [ -4.7931, 9.7687 ], [ -4.7935, 9.769 ], [ -4.7941, 9.7697 ], [ -4.7943, 9.7704 ], [ -4.7945, 9.7709 ], [ -4.7948, 9.7715 ], [ -4.795, 9.772 ], [ -4.7952, 9.7723 ], [ -4.7953, 9.7724 ], [ -4.7958, 9.7731 ], [ -4.7965, 9.7731 ], [ -4.797, 9.773 ], [ -4.7977, 9.7729 ], [ -4.7985, 9.7725 ], [ -4.7994, 9.7718 ], [ -4.8006, 9.7713 ], [ -4.8018, 9.7709 ], [ -4.803, 9.7705 ], [ -4.8041, 9.7705 ], [ -4.8049, 9.7708 ], [ -4.8054, 9.7712 ], [ -4.8059, 9.7716 ], [ -4.8063, 9.7721 ], [ -4.8068, 9.7725 ], [ -4.8073, 9.773 ], [ -4.8076, 9.7734 ], [ -4.8078, 9.7735 ], [ -4.808, 9.7738 ], [ -4.8088, 9.7745 ], [ -4.8096, 9.7752 ], [ -4.8103, 9.7759 ], [ -4.811, 9.7768 ], [ -4.8115, 9.7774 ], [ -4.8122, 9.7784 ], [ -4.8126, 9.7788 ], [ -4.8129, 9.7791 ], [ -4.8135, 9.7798 ], [ -4.814, 9.7805 ], [ -4.8145, 9.7811 ], [ -4.8147, 9.7815 ], [ -4.815, 9.782 ], [ -4.8151, 9.7822 ], [ -4.8156, 9.7828 ], [ -4.8161, 9.7832 ], [ -4.8164, 9.7835 ], [ -4.8166, 9.7839 ], [ -4.8167, 9.7844 ], [ -4.8163, 9.785 ], [ -4.8162, 9.7854 ], [ -4.816, 9.7859 ], [ -4.8158, 9.7866 ], [ -4.8157, 9.7867 ], [ -4.8154, 9.787 ], [ -4.8152, 9.7872 ], [ -4.8146, 9.7878 ], [ -4.8139, 9.7882 ], [ -4.8137, 9.7882 ], [ -4.8134, 9.7881 ], [ -4.8134, 9.7881 ], [ -4.8124, 9.7881 ], [ -4.8116, 9.7878 ], [ -4.8107, 9.7874 ], [ -4.8101, 9.7873 ], [ -4.8099, 9.7872 ], [ -4.8089, 9.7869 ], [ -4.8081, 9.7865 ], [ -4.8071, 9.7861 ], [ -4.8061, 9.7859 ], [ -4.8054, 9.7858 ], [ -4.8053, 9.7858 ], [ -4.8042, 9.7859 ], [ -4.8037, 9.7861 ], [ -4.8034, 9.7862 ], [ -4.8027, 9.7865 ], [ -4.8022, 9.7869 ], [ -4.8019, 9.787 ], [ -4.8018, 9.787 ], [ -4.8012, 9.7873 ], [ -4.8002, 9.7871 ], [ -4.7997, 9.7868 ], [ -4.7995, 9.7867 ], [ -4.7991, 9.7864 ], [ -4.7988, 9.7859 ], [ -4.7988, 9.7858 ], [ -4.7986, 9.7852 ], [ -4.7982, 9.7846 ], [ -4.7976, 9.7846 ], [ -4.7972, 9.7847 ], [ -4.7966, 9.7849 ], [ -4.7962, 9.7851 ], [ -4.7962, 9.7853 ], [ -4.7961, 9.7854 ], [ -4.7956, 9.7856 ], [ -4.795, 9.7856 ], [ -4.7944, 9.7854 ], [ -4.7939, 9.7852 ], [ -4.7937, 9.7852 ], [ -4.7931, 9.7848 ], [ -4.7928, 9.7846 ], [ -4.7927, 9.7845 ], [ -4.7922, 9.7841 ], [ -4.7914, 9.7837 ], [ -4.7907, 9.7835 ], [ -4.7901, 9.7832 ], [ -4.79, 9.7832 ], [ -4.7899, 9.7832 ], [ -4.7889, 9.7828 ], [ -4.7881, 9.7824 ], [ -4.7875, 9.782 ], [ -4.7868, 9.7816 ], [ -4.7864, 9.7814 ], [ -4.7861, 9.7813 ], [ -4.7853, 9.781 ], [ -4.7851, 9.781 ], [ -4.7847, 9.7811 ], [ -4.7841, 9.7812 ], [ -4.7838, 9.7816 ], [ -4.7837, 9.7818 ], [ -4.7836, 9.7819 ], [ -4.7834, 9.7826 ], [ -4.7834, 9.7832 ], [ -4.7833, 9.7836 ], [ -4.7833, 9.7843 ], [ -4.7833, 9.7849 ], [ -4.7833, 9.7851 ], [ -4.7834, 9.7853 ], [ -4.7835, 9.7861 ], [ -4.7835, 9.7868 ], [ -4.7835, 9.7874 ], [ -4.7835, 9.7877 ], [ -4.7836, 9.7882 ], [ -4.7837, 9.7884 ], [ -4.7837, 9.7886 ], [ -4.7837, 9.7887 ], [ -4.7839, 9.789 ], [ -4.7843, 9.7894 ], [ -4.7849, 9.7897 ], [ -4.7851, 9.7897 ], [ -4.7859, 9.7899 ], [ -4.7869, 9.7902 ], [ -4.7877, 9.7907 ], [ -4.7881, 9.791 ], [ -4.7883, 9.7912 ], [ -4.7883, 9.7913 ], [ -4.7885, 9.7915 ], [ -4.789, 9.7919 ], [ -4.7896, 9.7929 ], [ -4.7901, 9.7935 ], [ -4.7905, 9.7942 ], [ -4.7909, 9.7948 ], [ -4.7911, 9.7954 ], [ -4.7911, 9.796 ], [ -4.7911, 9.796 ], [ -4.7911, 9.7965 ], [ -4.7911, 9.7973 ], [ -4.7911, 9.7976 ], [ -4.7911, 9.7979 ], [ -4.7911, 9.7988 ], [ -4.7913, 9.799 ], [ -4.7916, 9.7993 ], [ -4.7919, 9.8 ], [ -4.7921, 9.8008 ], [ -4.792, 9.8011 ], [ -4.792, 9.8013 ], [ -4.7919, 9.8019 ], [ -4.7918, 9.8022 ], [ -4.7916, 9.8024 ], [ -4.7913, 9.8028 ], [ -4.7909, 9.8033 ], [ -4.7905, 9.804 ], [ -4.7902, 9.8045 ], [ -4.7901, 9.8056 ], [ -4.7902, 9.8066 ], [ -4.7902, 9.8077 ], [ -4.79, 9.8088 ], [ -4.7898, 9.8096 ], [ -4.7897, 9.8102 ], [ -4.7897, 9.8104 ], [ -4.7896, 9.8105 ], [ -4.7896, 9.8111 ], [ -4.7897, 9.8116 ], [ -4.7897, 9.8118 ], [ -4.7896, 9.8122 ], [ -4.7896, 9.8124 ], [ -4.7896, 9.813 ], [ -4.7897, 9.8137 ], [ -4.7897, 9.8143 ], [ -4.7898, 9.8151 ], [ -4.7898, 9.8158 ], [ -4.7899, 9.8165 ], [ -4.7899, 9.8169 ], [ -4.7901, 9.8176 ], [ -4.7904, 9.8184 ], [ -4.7906, 9.8189 ], [ -4.7906, 9.819 ], [ -4.7907, 9.8193 ], [ -4.7907, 9.8202 ], [ -4.7905, 9.8209 ], [ -4.7902, 9.8218 ], [ -4.7897, 9.8225 ], [ -4.7894, 9.8226 ], [ -4.7893, 9.8227 ], [ -4.789, 9.8227 ], [ -4.7887, 9.8228 ], [ -4.7881, 9.8229 ], [ -4.7874, 9.8232 ], [ -4.7869, 9.8236 ], [ -4.7864, 9.8243 ], [ -4.7864, 9.8248 ], [ -4.7864, 9.8249 ], [ -4.7864, 9.8256 ], [ -4.7863, 9.8266 ], [ -4.7861, 9.8271 ], [ -4.786, 9.8275 ], [ -4.7853, 9.8281 ], [ -4.7844, 9.8286 ], [ -4.7839, 9.8292 ], [ -4.7831, 9.8295 ], [ -4.7826, 9.8299 ], [ -4.7823, 9.8305 ], [ -4.7822, 9.8307 ], [ -4.7823, 9.8309 ], [ -4.7825, 9.8312 ], [ -4.7828, 9.8316 ], [ -4.7837, 9.832 ], [ -4.7844, 9.8323 ], [ -4.785, 9.8328 ], [ -4.7851, 9.8333 ], [ -4.7852, 9.8337 ], [ -4.7853, 9.8345 ], [ -4.7855, 9.8352 ], [ -4.7859, 9.8357 ], [ -4.7863, 9.8358 ], [ -4.7867, 9.836 ], [ -4.7869, 9.8361 ], [ -4.7872, 9.8362 ], [ -4.7873, 9.8363 ], [ -4.7878, 9.8364 ], [ -4.7886, 9.8365 ], [ -4.7895, 9.8368 ], [ -4.7903, 9.8372 ], [ -4.7912, 9.8377 ], [ -4.7921, 9.8382 ], [ -4.7929, 9.8386 ], [ -4.7939, 9.8389 ], [ -4.795, 9.839 ], [ -4.7958, 9.8393 ], [ -4.7967, 9.8396 ], [ -4.7972, 9.8401 ], [ -4.7975, 9.8405 ], [ -4.7977, 9.841 ], [ -4.798, 9.8416 ], [ -4.7982, 9.8423 ], [ -4.7985, 9.843 ], [ -4.7987, 9.8439 ], [ -4.7988, 9.8446 ], [ -4.7995, 9.8447 ], [ -4.7997, 9.8448 ], [ -4.7997, 9.8448 ], [ -4.8001, 9.845 ], [ -4.8009, 9.8453 ], [ -4.8016, 9.8455 ], [ -4.8022, 9.8455 ], [ -4.8024, 9.8455 ], [ -4.803, 9.8455 ], [ -4.8032, 9.8455 ], [ -4.8036, 9.8457 ], [ -4.8037, 9.8458 ], [ -4.8044, 9.8459 ], [ -4.8047, 9.8459 ], [ -4.8053, 9.8459 ], [ -4.8061, 9.8455 ], [ -4.8066, 9.8451 ], [ -4.8071, 9.8447 ], [ -4.8078, 9.8439 ], [ -4.808, 9.8438 ], [ -4.808, 9.8437 ], [ -4.8083, 9.8435 ], [ -4.809, 9.843 ], [ -4.8098, 9.8426 ], [ -4.8108, 9.8424 ], [ -4.812, 9.8424 ], [ -4.8131, 9.8424 ], [ -4.814, 9.8424 ], [ -4.8148, 9.8424 ], [ -4.8156, 9.8426 ], [ -4.8164, 9.8429 ], [ -4.8172, 9.8431 ], [ -4.8178, 9.8437 ], [ -4.8184, 9.8442 ], [ -4.819, 9.8447 ], [ -4.8195, 9.8451 ], [ -4.82, 9.8456 ], [ -4.8208, 9.8464 ], [ -4.8214, 9.8468 ], [ -4.8218, 9.8471 ], [ -4.8221, 9.8471 ], [ -4.8222, 9.8472 ], [ -4.8222, 9.8472 ], [ -4.8227, 9.8472 ], [ -4.8229, 9.8472 ], [ -4.8233, 9.8472 ], [ -4.8238, 9.8473 ], [ -4.8243, 9.8476 ], [ -4.8245, 9.8479 ], [ -4.8245, 9.8483 ], [ -4.8244, 9.8488 ], [ -4.8244, 9.8492 ], [ -4.8244, 9.8498 ], [ -4.8243, 9.8505 ], [ -4.8243, 9.8513 ], [ -4.8249, 9.8519 ], [ -4.8256, 9.8522 ], [ -4.8264, 9.8523 ], [ -4.8269, 9.8526 ], [ -4.827, 9.8532 ], [ -4.8265, 9.8536 ], [ -4.826, 9.854 ], [ -4.8258, 9.8541 ], [ -4.8257, 9.8542 ], [ -4.8255, 9.8545 ], [ -4.8252, 9.8553 ], [ -4.8252, 9.8563 ], [ -4.8252, 9.8565 ], [ -4.8251, 9.8569 ], [ -4.825, 9.8572 ], [ -4.8249, 9.8577 ], [ -4.8246, 9.8586 ], [ -4.8243, 9.8595 ], [ -4.824, 9.8604 ], [ -4.8239, 9.8612 ], [ -4.8239, 9.8618 ], [ -4.8239, 9.8619 ], [ -4.824, 9.8628 ], [ -4.8242, 9.8637 ], [ -4.8247, 9.8646 ], [ -4.8249, 9.8654 ], [ -4.8254, 9.8659 ], [ -4.8258, 9.8662 ], [ -4.826, 9.8664 ], [ -4.8262, 9.8666 ], [ -4.8268, 9.8666 ], [ -4.8276, 9.8669 ], [ -4.8283, 9.8673 ], [ -4.8285, 9.8674 ], [ -4.8288, 9.8675 ], [ -4.8294, 9.8677 ], [ -4.8301, 9.8681 ], [ -4.8313, 9.8684 ], [ -4.833, 9.8689 ], [ -4.8342, 9.8693 ], [ -4.8347, 9.8695 ], [ -4.8352, 9.8697 ], [ -4.8356, 9.87 ], [ -4.836, 9.8702 ], [ -4.8369, 9.8706 ], [ -4.837, 9.8707 ], [ -4.8375, 9.871 ], [ -4.8383, 9.8714 ], [ -4.8393, 9.872 ], [ -4.84, 9.872 ], [ -4.8405, 9.872 ], [ -4.8407, 9.8718 ], [ -4.841, 9.8716 ], [ -4.8412, 9.8713 ], [ -4.8414, 9.8713 ], [ -4.8418, 9.8715 ], [ -4.8418, 9.8716 ], [ -4.8419, 9.8716 ], [ -4.8421, 9.8717 ], [ -4.8427, 9.8719 ], [ -4.8431, 9.8716 ], [ -4.8435, 9.8713 ], [ -4.8438, 9.8712 ], [ -4.8441, 9.8712 ], [ -4.8442, 9.8712 ], [ -4.8447, 9.8711 ], [ -4.8452, 9.871 ], [ -4.8457, 9.8708 ], [ -4.8462, 9.8703 ], [ -4.8463, 9.8703 ], [ -4.8466, 9.8703 ], [ -4.847, 9.8704 ], [ -4.8471, 9.8704 ], [ -4.8476, 9.8704 ], [ -4.8478, 9.8703 ], [ -4.8479, 9.8701 ], [ -4.848, 9.8698 ], [ -4.8481, 9.8697 ], [ -4.8482, 9.8696 ], [ -4.8484, 9.8695 ], [ -4.8485, 9.8692 ], [ -4.8487, 9.8689 ], [ -4.8489, 9.8687 ], [ -4.8492, 9.8687 ], [ -4.8496, 9.8686 ], [ -4.8501, 9.8686 ], [ -4.8505, 9.8687 ], [ -4.8508, 9.8687 ], [ -4.8512, 9.8688 ], [ -4.8516, 9.8689 ], [ -4.8521, 9.869 ], [ -4.8526, 9.8692 ], [ -4.8529, 9.8693 ], [ -4.8534, 9.8696 ], [ -4.854, 9.8697 ], [ -4.854, 9.8698 ], [ -4.8541, 9.8698 ], [ -4.8545, 9.87 ], [ -4.8552, 9.8703 ], [ -4.8556, 9.8704 ], [ -4.8557, 9.8705 ], [ -4.8559, 9.8706 ], [ -4.8562, 9.8707 ], [ -4.8565, 9.8708 ], [ -4.8572, 9.8711 ], [ -4.8574, 9.8713 ], [ -4.8577, 9.8714 ], [ -4.8582, 9.8715 ], [ -4.8586, 9.8716 ], [ -4.8589, 9.8716 ], [ -4.8592, 9.8717 ], [ -4.8595, 9.8717 ], [ -4.8597, 9.8718 ], [ -4.8599, 9.8719 ], [ -4.8601, 9.872 ], [ -4.8603, 9.8721 ], [ -4.8605, 9.8723 ], [ -4.8607, 9.8724 ], [ -4.861, 9.8725 ], [ -4.8613, 9.8727 ], [ -4.8615, 9.8729 ], [ -4.8617, 9.873 ], [ -4.8619, 9.8731 ], [ -4.8622, 9.8732 ], [ -4.8623, 9.8734 ], [ -4.8625, 9.8734 ], [ -4.8626, 9.8735 ], [ -4.863, 9.8737 ], [ -4.8633, 9.8739 ], [ -4.8636, 9.8741 ], [ -4.864, 9.8743 ], [ -4.8644, 9.8744 ], [ -4.8647, 9.8745 ], [ -4.8652, 9.8747 ], [ -4.8655, 9.8747 ], [ -4.8658, 9.8748 ], [ -4.8661, 9.8748 ], [ -4.8666, 9.8749 ], [ -4.8669, 9.8748 ], [ -4.8672, 9.875 ], [ -4.8677, 9.8749 ], [ -4.8679, 9.875 ], [ -4.868, 9.875 ], [ -4.8683, 9.875 ], [ -4.8687, 9.8749 ], [ -4.869, 9.8749 ], [ -4.8692, 9.8749 ], [ -4.8695, 9.8749 ], [ -4.8697, 9.8749 ], [ -4.8699, 9.8751 ], [ -4.8704, 9.8752 ], [ -4.8708, 9.8751 ], [ -4.871, 9.875 ], [ -4.8715, 9.8749 ], [ -4.8717, 9.8745 ], [ -4.8718, 9.8742 ], [ -4.872, 9.8738 ], [ -4.8722, 9.8736 ], [ -4.8724, 9.8732 ], [ -4.8726, 9.8727 ], [ -4.8729, 9.8722 ], [ -4.8734, 9.8712 ], [ -4.8735, 9.8708 ], [ -4.8736, 9.8707 ], [ -4.8738, 9.8702 ], [ -4.8741, 9.8703 ], [ -4.8744, 9.8704 ], [ -4.8746, 9.8706 ], [ -4.875, 9.8708 ], [ -4.8756, 9.8709 ], [ -4.8759, 9.8711 ], [ -4.8762, 9.8712 ], [ -4.8765, 9.8716 ], [ -4.8767, 9.872 ], [ -4.8769, 9.8724 ], [ -4.8774, 9.8726 ], [ -4.8778, 9.8731 ], [ -4.8782, 9.8737 ], [ -4.8782, 9.874 ], [ -4.8783, 9.8745 ], [ -4.8785, 9.8754 ], [ -4.8786, 9.8758 ], [ -4.8789, 9.8757 ], [ -4.8794, 9.8758 ], [ -4.8796, 9.876 ], [ -4.8797, 9.8761 ], [ -4.8799, 9.8764 ], [ -4.88, 9.8765 ], [ -4.8801, 9.8766 ], [ -4.8802, 9.8768 ], [ -4.8802, 9.877 ], [ -4.8801, 9.8774 ], [ -4.88, 9.8775 ], [ -4.8798, 9.8778 ], [ -4.8799, 9.8782 ], [ -4.8799, 9.8787 ], [ -4.8803, 9.879 ], [ -4.8805, 9.8792 ], [ -4.8808, 9.8793 ], [ -4.8809, 9.8794 ], [ -4.8812, 9.8796 ], [ -4.8817, 9.8798 ], [ -4.8822, 9.8801 ], [ -4.8826, 9.8804 ], [ -4.8833, 9.8806 ], [ -4.884, 9.881 ], [ -4.8846, 9.8812 ], [ -4.8847, 9.8812 ], [ -4.8849, 9.8812 ], [ -4.8851, 9.8812 ], [ -4.8855, 9.8813 ], [ -4.8856, 9.8815 ], [ -4.8856, 9.8816 ], [ -4.8858, 9.8817 ], [ -4.886, 9.8817 ], [ -4.8864, 9.8817 ], [ -4.8866, 9.8816 ], [ -4.8868, 9.8814 ], [ -4.8869, 9.8812 ], [ -4.887, 9.881 ], [ -4.8871, 9.8809 ], [ -4.8872, 9.8808 ], [ -4.8873, 9.8806 ], [ -4.8874, 9.8805 ], [ -4.8875, 9.8803 ], [ -4.8876, 9.8802 ], [ -4.8877, 9.8801 ], [ -4.8877, 9.8799 ], [ -4.8878, 9.8798 ], [ -4.8879, 9.8796 ], [ -4.8881, 9.8795 ], [ -4.8882, 9.8794 ], [ -4.8883, 9.8793 ], [ -4.8884, 9.8792 ], [ -4.8885, 9.8792 ], [ -4.8885, 9.879 ], [ -4.8886, 9.8789 ], [ -4.8886, 9.8789 ], [ -4.8888, 9.8787 ], [ -4.8888, 9.8786 ], [ -4.8887, 9.8784 ], [ -4.8888, 9.8783 ], [ -4.8888, 9.8781 ], [ -4.8889, 9.8779 ], [ -4.889, 9.8778 ], [ -4.8893, 9.8776 ], [ -4.8895, 9.8777 ], [ -4.8897, 9.8777 ], [ -4.8899, 9.8778 ], [ -4.8902, 9.8779 ], [ -4.8903, 9.8781 ], [ -4.8904, 9.8786 ], [ -4.8905, 9.8791 ], [ -4.8905, 9.8791 ], [ -4.8907, 9.8794 ], [ -4.8908, 9.8795 ], [ -4.891, 9.879 ], [ -4.8911, 9.8789 ], [ -4.8912, 9.8787 ], [ -4.8914, 9.8782 ], [ -4.8917, 9.8776 ], [ -4.8918, 9.8771 ], [ -4.892, 9.8768 ], [ -4.8925, 9.8763 ], [ -4.8931, 9.8764 ], [ -4.8937, 9.8769 ], [ -4.8941, 9.8769 ], [ -4.8946, 9.8769 ], [ -4.8953, 9.8768 ], [ -4.8962, 9.8766 ], [ -4.897, 9.8765 ], [ -4.8972, 9.8766 ], [ -4.8975, 9.8768 ], [ -4.8978, 9.877 ], [ -4.898, 9.8776 ], [ -4.898, 9.8779 ], [ -4.8982, 9.8789 ], [ -4.8983, 9.8805 ], [ -4.8985, 9.8822 ], [ -4.8984, 9.8836 ], [ -4.8987, 9.8852 ], [ -4.8994, 9.8864 ], [ -4.9009, 9.8874 ], [ -4.9021, 9.8883 ], [ -4.9036, 9.8892 ], [ -4.9052, 9.8899 ], [ -4.9077, 9.8906 ], [ -4.9087, 9.8908 ], [ -4.9103, 9.8912 ], [ -4.9118, 9.8913 ], [ -4.9132, 9.891 ], [ -4.9138, 9.8905 ], [ -4.9143, 9.89 ], [ -4.9151, 9.8895 ], [ -4.9163, 9.8893 ], [ -4.9173, 9.8887 ], [ -4.9189, 9.8878 ], [ -4.9204, 9.8873 ], [ -4.9227, 9.8868 ], [ -4.9249, 9.8861 ], [ -4.9265, 9.8851 ], [ -4.9288, 9.8835 ], [ -4.93, 9.8818 ], [ -4.931, 9.8804 ], [ -4.931, 9.879 ], [ -4.9305, 9.8777 ], [ -4.9296, 9.8764 ], [ -4.9289, 9.8754 ], [ -4.9279, 9.8741 ], [ -4.9276, 9.8734 ], [ -4.9274, 9.8726 ], [ -4.9272, 9.8715 ], [ -4.9271, 9.8707 ], [ -4.9274, 9.8693 ], [ -4.9277, 9.8687 ], [ -4.9283, 9.8684 ], [ -4.9294, 9.8682 ], [ -4.9304, 9.8685 ], [ -4.9316, 9.8695 ], [ -4.9329, 9.8707 ], [ -4.9337, 9.8712 ], [ -4.9349, 9.8722 ], [ -4.9366, 9.8732 ], [ -4.9387, 9.8752 ], [ -4.9393, 9.8768 ], [ -4.9401, 9.8781 ], [ -4.941, 9.8794 ], [ -4.9414, 9.8797 ], [ -4.9429, 9.8805 ], [ -4.945, 9.8814 ], [ -4.9522, 9.8831 ], [ -4.9532, 9.8832 ], [ -4.9537, 9.8831 ], [ -4.9543, 9.8831 ], [ -4.955, 9.8833 ], [ -4.9557, 9.8838 ], [ -4.9563, 9.8842 ], [ -4.9566, 9.8845 ], [ -4.9567, 9.8845 ], [ -4.957, 9.8848 ], [ -4.9575, 9.8852 ], [ -4.9582, 9.8857 ], [ -4.959, 9.8863 ], [ -4.9594, 9.8868 ], [ -4.96, 9.8873 ], [ -4.9604, 9.8878 ], [ -4.9607, 9.8881 ], [ -4.9612, 9.8885 ], [ -4.9616, 9.8887 ], [ -4.9621, 9.8892 ], [ -4.9625, 9.8895 ], [ -4.9629, 9.8899 ], [ -4.9633, 9.8904 ], [ -4.9637, 9.8906 ], [ -4.964, 9.8908 ], [ -4.9645, 9.8909 ], [ -4.9649, 9.8909 ], [ -4.9658, 9.8912 ], [ -4.9666, 9.8918 ], [ -4.9671, 9.8925 ], [ -4.9672, 9.8928 ], [ -4.9671, 9.8933 ], [ -4.967, 9.8939 ], [ -4.967, 9.8945 ], [ -4.9671, 9.8951 ], [ -4.9673, 9.8958 ], [ -4.9675, 9.896 ], [ -4.9676, 9.8962 ], [ -4.9677, 9.8966 ], [ -4.968, 9.8969 ], [ -4.9684, 9.8972 ], [ -4.9688, 9.8975 ], [ -4.9694, 9.898 ], [ -4.9698, 9.8984 ], [ -4.97, 9.8987 ], [ -4.9701, 9.8991 ], [ -4.9704, 9.8999 ], [ -4.9704, 9.9006 ], [ -4.9703, 9.9009 ], [ -4.9701, 9.901 ], [ -4.97, 9.9013 ], [ -4.9699, 9.9017 ], [ -4.97, 9.902 ], [ -4.9701, 9.9026 ], [ -4.9702, 9.9033 ], [ -4.9701, 9.9036 ], [ -4.9699, 9.9038 ], [ -4.9697, 9.9043 ], [ -4.9694, 9.9048 ], [ -4.9689, 9.9054 ], [ -4.9685, 9.9059 ], [ -4.9684, 9.9065 ], [ -4.9684, 9.9069 ], [ -4.9685, 9.9075 ], [ -4.9687, 9.9078 ], [ -4.9687, 9.9082 ], [ -4.9686, 9.9087 ], [ -4.9687, 9.9092 ], [ -4.9689, 9.9098 ], [ -4.9689, 9.9101 ], [ -4.969, 9.9111 ], [ -4.969, 9.9114 ], [ -4.9689, 9.9119 ], [ -4.9689, 9.9122 ], [ -4.9689, 9.9127 ], [ -4.969, 9.913 ], [ -4.9691, 9.9133 ], [ -4.9691, 9.9136 ], [ -4.9691, 9.9139 ], [ -4.9688, 9.9143 ], [ -4.9684, 9.9146 ], [ -4.9679, 9.9149 ], [ -4.9677, 9.9151 ], [ -4.9672, 9.9154 ], [ -4.9662, 9.9161 ], [ -4.9658, 9.9163 ], [ -4.9647, 9.917 ], [ -4.9637, 9.9177 ], [ -4.9628, 9.918 ], [ -4.9617, 9.9183 ], [ -4.9611, 9.9185 ], [ -4.9609, 9.9185 ], [ -4.9602, 9.9187 ], [ -4.9595, 9.9188 ], [ -4.959, 9.9189 ], [ -4.9583, 9.9191 ], [ -4.9577, 9.9193 ], [ -4.9572, 9.9196 ], [ -4.9569, 9.9201 ], [ -4.9569, 9.9204 ], [ -4.9573, 9.9217 ], [ -4.9576, 9.9228 ], [ -4.9579, 9.9233 ], [ -4.9583, 9.9237 ], [ -4.9586, 9.9241 ], [ -4.9588, 9.9244 ], [ -4.9589, 9.9247 ], [ -4.9588, 9.9251 ], [ -4.9587, 9.9255 ], [ -4.9585, 9.9261 ], [ -4.9583, 9.9264 ], [ -4.9581, 9.9267 ], [ -4.9581, 9.9272 ], [ -4.9579, 9.928 ], [ -4.9579, 9.9288 ], [ -4.9578, 9.9296 ], [ -4.9577, 9.9302 ], [ -4.9577, 9.9306 ], [ -4.9578, 9.9312 ], [ -4.9579, 9.9316 ], [ -4.9579, 9.9317 ], [ -4.958, 9.9323 ], [ -4.9582, 9.9329 ], [ -4.9584, 9.9334 ], [ -4.9587, 9.9338 ], [ -4.9591, 9.934 ], [ -4.9597, 9.9344 ], [ -4.9604, 9.9347 ], [ -4.9609, 9.935 ], [ -4.9611, 9.9353 ], [ -4.9613, 9.9357 ], [ -4.9615, 9.9361 ], [ -4.9615, 9.9364 ], [ -4.9614, 9.9368 ], [ -4.9614, 9.9372 ], [ -4.9616, 9.9376 ], [ -4.9619, 9.9382 ], [ -4.9621, 9.9387 ], [ -4.9623, 9.939 ], [ -4.9629, 9.94 ], [ -4.9632, 9.9408 ], [ -4.9633, 9.9414 ], [ -4.9635, 9.9423 ], [ -4.9635, 9.9428 ], [ -4.9637, 9.9438 ], [ -4.9639, 9.9444 ], [ -4.9641, 9.9449 ], [ -4.964, 9.9456 ], [ -4.9639, 9.9462 ], [ -4.9639, 9.9464 ], [ -4.9637, 9.9466 ], [ -4.9635, 9.9468 ], [ -4.9631, 9.9471 ], [ -4.9629, 9.9472 ], [ -4.9626, 9.9474 ], [ -4.9623, 9.9475 ], [ -4.9619, 9.9476 ], [ -4.9616, 9.9476 ], [ -4.9609, 9.9473 ], [ -4.9604, 9.9471 ], [ -4.9596, 9.9465 ], [ -4.959, 9.9464 ], [ -4.9583, 9.9461 ], [ -4.9575, 9.9459 ], [ -4.9568, 9.9457 ], [ -4.9564, 9.946 ], [ -4.956, 9.946 ], [ -4.9556, 9.9461 ], [ -4.9551, 9.946 ], [ -4.9545, 9.9459 ], [ -4.9542, 9.9458 ], [ -4.954, 9.9455 ], [ -4.9537, 9.9451 ], [ -4.9535, 9.945 ], [ -4.953, 9.945 ], [ -4.9524, 9.9452 ], [ -4.9522, 9.9454 ], [ -4.9519, 9.9457 ], [ -4.9514, 9.9459 ], [ -4.951, 9.946 ], [ -4.9506, 9.9459 ], [ -4.9503, 9.9457 ], [ -4.9498, 9.9455 ], [ -4.9493, 9.9454 ], [ -4.9488, 9.9456 ], [ -4.9482, 9.9458 ], [ -4.9477, 9.946 ], [ -4.9472, 9.9464 ], [ -4.9471, 9.9466 ], [ -4.947, 9.9467 ], [ -4.9467, 9.9471 ], [ -4.9462, 9.9478 ], [ -4.9459, 9.948 ], [ -4.9457, 9.9483 ], [ -4.9452, 9.9487 ], [ -4.9446, 9.949 ], [ -4.9444, 9.9492 ], [ -4.9443, 9.9493 ], [ -4.944, 9.9497 ], [ -4.9436, 9.9501 ], [ -4.9433, 9.9505 ], [ -4.943, 9.9508 ], [ -4.9425, 9.9511 ], [ -4.9421, 9.9513 ], [ -4.9415, 9.9516 ], [ -4.9411, 9.9519 ], [ -4.9408, 9.9523 ], [ -4.9404, 9.9528 ], [ -4.9404, 9.9532 ], [ -4.9403, 9.9534 ], [ -4.9403, 9.9537 ], [ -4.9404, 9.9539 ], [ -4.9405, 9.9541 ], [ -4.9406, 9.9543 ], [ -4.9407, 9.9546 ], [ -4.9408, 9.9548 ], [ -4.9411, 9.9551 ], [ -4.9415, 9.9556 ], [ -4.9419, 9.956 ], [ -4.9424, 9.9566 ], [ -4.9429, 9.9571 ], [ -4.9435, 9.9576 ], [ -4.9443, 9.9583 ], [ -4.9446, 9.9585 ], [ -4.9455, 9.9589 ], [ -4.9464, 9.9594 ], [ -4.947, 9.9596 ], [ -4.9476, 9.9598 ], [ -4.9484, 9.9596 ], [ -4.9485, 9.9596 ], [ -4.9491, 9.9594 ], [ -4.9497, 9.9594 ], [ -4.9502, 9.9597 ], [ -4.9505, 9.9599 ], [ -4.9511, 9.9604 ], [ -4.9518, 9.961 ], [ -4.9523, 9.9613 ], [ -4.9529, 9.9614 ], [ -4.9535, 9.9617 ], [ -4.9542, 9.9622 ], [ -4.9549, 9.9629 ], [ -4.9571, 9.9643 ], [ -4.9573, 9.9643 ], [ -4.9582, 9.9648 ], [ -4.9589, 9.965 ], [ -4.9594, 9.9654 ], [ -4.9599, 9.9658 ], [ -4.9601, 9.9662 ], [ -4.9602, 9.967 ], [ -4.9603, 9.9678 ], [ -4.9603, 9.969 ], [ -4.9603, 9.9692 ], [ -4.9603, 9.9696 ], [ -4.96, 9.9707 ], [ -4.9598, 9.9717 ], [ -4.9595, 9.9726 ], [ -4.9594, 9.9736 ], [ -4.9593, 9.9743 ], [ -4.9593, 9.9748 ], [ -4.9593, 9.975 ], [ -4.9594, 9.9754 ], [ -4.9595, 9.9755 ], [ -4.9596, 9.9756 ], [ -4.96, 9.9758 ], [ -4.9601, 9.9759 ], [ -4.9603, 9.976 ], [ -4.9607, 9.9761 ], [ -4.9609, 9.9761 ], [ -4.9613, 9.9761 ], [ -4.9618, 9.9762 ], [ -4.9619, 9.9762 ], [ -4.9623, 9.9762 ], [ -4.9629, 9.9762 ], [ -4.9632, 9.9762 ], [ -4.964, 9.9763 ], [ -4.9644, 9.9764 ], [ -4.965, 9.9767 ], [ -4.9653, 9.9768 ], [ -4.9656, 9.977 ], [ -4.9662, 9.9771 ], [ -4.9667, 9.9772 ], [ -4.9668, 9.9773 ], [ -4.9673, 9.9774 ], [ -4.968, 9.9776 ], [ -4.9689, 9.9779 ], [ -4.9691, 9.978 ], [ -4.9698, 9.9782 ], [ -4.9706, 9.9784 ], [ -4.9713, 9.9786 ], [ -4.9723, 9.9788 ], [ -4.9729, 9.979 ], [ -4.9736, 9.9792 ], [ -4.9744, 9.9793 ], [ -4.9749, 9.9794 ], [ -4.9757, 9.9795 ], [ -4.976, 9.9795 ], [ -4.9767, 9.9796 ], [ -4.9769, 9.9797 ], [ -4.9775, 9.9798 ], [ -4.978, 9.9796 ], [ -4.9784, 9.9794 ], [ -4.9785, 9.9794 ], [ -4.9789, 9.9795 ], [ -4.9793, 9.9797 ], [ -4.9796, 9.98 ], [ -4.98, 9.9802 ], [ -4.9802, 9.9806 ], [ -4.9807, 9.9808 ], [ -4.9809, 9.9811 ], [ -4.9813, 9.9815 ], [ -4.9816, 9.9819 ], [ -4.9818, 9.9823 ], [ -4.9822, 9.9826 ], [ -4.9828, 9.983 ], [ -4.9829, 9.983 ], [ -4.9831, 9.9831 ], [ -4.9832, 9.9831 ], [ -4.9836, 9.9837 ], [ -4.9837, 9.9837 ], [ -4.9839, 9.984 ], [ -4.984, 9.9841 ], [ -4.9842, 9.9843 ], [ -4.9845, 9.9847 ], [ -4.9846, 9.9849 ], [ -4.9846, 9.9852 ], [ -4.9849, 9.9855 ], [ -4.985, 9.9859 ], [ -4.9851, 9.986 ], [ -4.9851, 9.9861 ], [ -4.9851, 9.9862 ], [ -4.9852, 9.9866 ], [ -4.9852, 9.9868 ], [ -4.9853, 9.9869 ], [ -4.9855, 9.9871 ], [ -4.9858, 9.9872 ], [ -4.9861, 9.9873 ], [ -4.9865, 9.9874 ], [ -4.9866, 9.9876 ], [ -4.9867, 9.9878 ], [ -4.9867, 9.9879 ], [ -4.987, 9.9881 ], [ -4.987, 9.9883 ], [ -4.987, 9.9884 ], [ -4.987, 9.9885 ], [ -4.9869, 9.9887 ], [ -4.9867, 9.989 ], [ -4.9865, 9.9892 ], [ -4.9861, 9.9894 ], [ -4.9859, 9.9896 ], [ -4.9859, 9.9898 ], [ -4.9859, 9.9899 ], [ -4.9858, 9.9902 ], [ -4.9859, 9.9903 ], [ -4.9861, 9.9906 ], [ -4.9862, 9.9907 ], [ -4.9864, 9.9909 ], [ -4.9871, 9.991 ], [ -4.9874, 9.9911 ], [ -4.9875, 9.9912 ], [ -4.9875, 9.9913 ], [ -4.9876, 9.9915 ], [ -4.9876, 9.9916 ], [ -4.9877, 9.9917 ], [ -4.9876, 9.992 ], [ -4.9876, 9.9923 ], [ -4.9873, 9.9925 ], [ -4.9871, 9.9927 ], [ -4.9868, 9.9931 ], [ -4.9867, 9.9937 ], [ -4.9867, 9.9942 ], [ -4.9867, 9.9943 ], [ -4.9868, 9.9947 ], [ -4.9868, 9.9947 ], [ -4.9869, 9.9951 ], [ -4.9869, 9.9954 ], [ -4.9869, 9.9954 ], [ -4.9869, 9.9955 ], [ -4.9869, 9.9956 ], [ -4.9867, 9.9959 ], [ -4.9864, 9.9964 ], [ -4.9863, 9.9969 ], [ -4.9862, 9.9973 ], [ -4.986, 9.9977 ], [ -4.9859, 9.9979 ], [ -4.9858, 9.9981 ], [ -4.9858, 9.9984 ], [ -4.9858, 9.9985 ], [ -4.9857, 9.9986 ], [ -4.9857, 9.9988 ], [ -4.9857, 9.999 ], [ -4.9856, 9.9993 ], [ -4.9855, 9.9995 ], [ -4.9855, 9.9996 ], [ -4.9855, 9.9996 ], [ -4.9855, 9.9997 ], [ -4.9853, 9.9999 ], [ -4.9852, 10.0 ], [ -4.985, 10.0002 ], [ -4.9849, 10.0004 ], [ -4.9847, 10.0006 ], [ -4.9845, 10.0008 ], [ -4.9842, 10.0011 ], [ -4.9841, 10.0012 ], [ -4.984, 10.0014 ], [ -4.9837, 10.0018 ], [ -4.9836, 10.002 ], [ -4.9833, 10.0024 ], [ -4.9827, 10.0032 ], [ -4.9827, 10.0033 ], [ -4.9824, 10.0038 ], [ -4.9821, 10.0044 ], [ -4.9819, 10.005 ], [ -4.9817, 10.0054 ], [ -4.9816, 10.0057 ], [ -4.9816, 10.0061 ], [ -4.9816, 10.0062 ], [ -4.9817, 10.0066 ], [ -4.982, 10.0071 ], [ -4.9826, 10.0075 ], [ -4.983, 10.0078 ], [ -4.9833, 10.008 ], [ -4.9836, 10.0082 ], [ -4.9844, 10.0085 ], [ -4.9847, 10.0087 ], [ -4.9848, 10.0087 ], [ -4.9849, 10.0088 ], [ -4.9851, 10.0089 ], [ -4.9853, 10.0091 ], [ -4.9855, 10.0092 ], [ -4.9857, 10.0094 ], [ -4.986, 10.0098 ], [ -4.9861, 10.0101 ], [ -4.9861, 10.0102 ], [ -4.986, 10.0106 ], [ -4.9858, 10.011 ], [ -4.9856, 10.0113 ], [ -4.9852, 10.0121 ], [ -4.9851, 10.0124 ], [ -4.985, 10.0127 ], [ -4.9848, 10.013 ], [ -4.9847, 10.0132 ], [ -4.9845, 10.0135 ], [ -4.9844, 10.0137 ], [ -4.984, 10.014 ], [ -4.9836, 10.0142 ], [ -4.9834, 10.0143 ], [ -4.9831, 10.0143 ], [ -4.9829, 10.0144 ], [ -4.9825, 10.0144 ], [ -4.9821, 10.0143 ], [ -4.9818, 10.0142 ], [ -4.9814, 10.0139 ], [ -4.9811, 10.0136 ], [ -4.9808, 10.0133 ], [ -4.9804, 10.0128 ], [ -4.9803, 10.0127 ], [ -4.9799, 10.0125 ], [ -4.9795, 10.0122 ], [ -4.9792, 10.012 ], [ -4.9785, 10.0115 ], [ -4.9782, 10.0112 ], [ -4.9778, 10.0108 ], [ -4.9774, 10.0103 ], [ -4.977, 10.0098 ], [ -4.9769, 10.0097 ], [ -4.9762, 10.0087 ], [ -4.9755, 10.0079 ], [ -4.9748, 10.0076 ], [ -4.9742, 10.0074 ], [ -4.9737, 10.0072 ], [ -4.9731, 10.0071 ], [ -4.9727, 10.0071 ], [ -4.9725, 10.0071 ], [ -4.9723, 10.0073 ], [ -4.972, 10.0073 ], [ -4.9717, 10.0073 ], [ -4.9713, 10.0073 ], [ -4.9707, 10.0073 ], [ -4.9704, 10.0073 ], [ -4.97, 10.0072 ], [ -4.9697, 10.0071 ], [ -4.9694, 10.007 ], [ -4.969, 10.0067 ], [ -4.9687, 10.0066 ], [ -4.9684, 10.0065 ], [ -4.9681, 10.0064 ], [ -4.9679, 10.0062 ], [ -4.9677, 10.0062 ], [ -4.9674, 10.0062 ], [ -4.9673, 10.0062 ], [ -4.9667, 10.0061 ], [ -4.9663, 10.006 ], [ -4.9659, 10.0059 ], [ -4.9654, 10.0058 ], [ -4.965, 10.0059 ], [ -4.9646, 10.006 ], [ -4.9639, 10.0063 ], [ -4.9634, 10.0066 ], [ -4.9631, 10.0069 ], [ -4.9627, 10.0072 ], [ -4.9622, 10.0075 ], [ -4.9618, 10.0079 ], [ -4.9615, 10.0082 ], [ -4.9614, 10.0082 ], [ -4.9612, 10.0084 ], [ -4.9609, 10.0086 ], [ -4.9606, 10.0088 ], [ -4.9603, 10.0091 ], [ -4.9601, 10.0093 ], [ -4.96, 10.0095 ], [ -4.96, 10.0098 ], [ -4.96, 10.0099 ], [ -4.96, 10.0101 ], [ -4.96, 10.0104 ], [ -4.96, 10.0107 ], [ -4.96, 10.0111 ], [ -4.9601, 10.0114 ], [ -4.9602, 10.0118 ], [ -4.9604, 10.012 ], [ -4.9607, 10.0122 ], [ -4.9608, 10.0124 ], [ -4.961, 10.0128 ], [ -4.9612, 10.0131 ], [ -4.9613, 10.0136 ], [ -4.9615, 10.014 ], [ -4.9616, 10.0143 ], [ -4.9618, 10.0145 ], [ -4.962, 10.0148 ], [ -4.9621, 10.0153 ], [ -4.9622, 10.0155 ], [ -4.9623, 10.0158 ], [ -4.9624, 10.0161 ], [ -4.9625, 10.0164 ], [ -4.9625, 10.0166 ], [ -4.9626, 10.0169 ], [ -4.9628, 10.017 ], [ -4.9629, 10.0173 ], [ -4.963, 10.0174 ], [ -4.9633, 10.0177 ], [ -4.9634, 10.018 ], [ -4.9636, 10.0184 ], [ -4.9637, 10.0188 ], [ -4.9637, 10.0192 ], [ -4.9636, 10.0196 ], [ -4.9635, 10.0199 ], [ -4.9634, 10.0203 ], [ -4.9632, 10.0208 ], [ -4.9631, 10.0211 ], [ -4.9628, 10.0213 ], [ -4.9625, 10.0216 ], [ -4.9622, 10.022 ], [ -4.9617, 10.0223 ], [ -4.9615, 10.0227 ], [ -4.9614, 10.023 ], [ -4.9614, 10.0234 ], [ -4.9615, 10.0237 ], [ -4.9617, 10.0238 ], [ -4.9619, 10.0238 ], [ -4.9622, 10.0238 ], [ -4.9623, 10.024 ], [ -4.9622, 10.0242 ], [ -4.9622, 10.0243 ], [ -4.9622, 10.0245 ], [ -4.9621, 10.0247 ], [ -4.9621, 10.025 ], [ -4.9619, 10.0252 ], [ -4.962, 10.0255 ], [ -4.9622, 10.0258 ], [ -4.9624, 10.026 ], [ -4.9627, 10.026 ], [ -4.9628, 10.026 ], [ -4.963, 10.026 ], [ -4.9634, 10.0261 ], [ -4.9637, 10.0262 ], [ -4.9642, 10.0265 ], [ -4.9647, 10.0268 ], [ -4.965, 10.027 ], [ -4.9652, 10.0272 ], [ -4.9655, 10.0277 ], [ -4.9657, 10.0278 ], [ -4.9658, 10.0278 ], [ -4.9658, 10.0279 ], [ -4.966, 10.0282 ], [ -4.9663, 10.0285 ], [ -4.9665, 10.0287 ], [ -4.9668, 10.029 ], [ -4.9669, 10.0291 ], [ -4.967, 10.0291 ], [ -4.9672, 10.0291 ], [ -4.9674, 10.0293 ], [ -4.9676, 10.0295 ], [ -4.9679, 10.0298 ], [ -4.968, 10.0303 ], [ -4.9681, 10.0306 ], [ -4.9682, 10.0311 ], [ -4.9684, 10.0315 ], [ -4.9686, 10.0318 ], [ -4.969, 10.0322 ], [ -4.9692, 10.0325 ], [ -4.9692, 10.0325 ], [ -4.9693, 10.0326 ], [ -4.9696, 10.0329 ], [ -4.9698, 10.0333 ], [ -4.9698, 10.0335 ], [ -4.9699, 10.0337 ], [ -4.9701, 10.0341 ], [ -4.9701, 10.0342 ], [ -4.9701, 10.0347 ], [ -4.9701, 10.0353 ], [ -4.97, 10.0358 ], [ -4.9699, 10.0365 ], [ -4.9698, 10.0371 ], [ -4.9696, 10.0376 ], [ -4.9694, 10.0382 ], [ -4.9693, 10.0387 ], [ -4.9693, 10.0391 ], [ -4.9693, 10.0395 ], [ -4.9695, 10.0402 ], [ -4.9695, 10.0406 ], [ -4.9696, 10.0408 ], [ -4.9696, 10.0411 ], [ -4.9697, 10.0417 ], [ -4.9698, 10.0423 ], [ -4.9699, 10.0426 ], [ -4.9701, 10.0429 ], [ -4.9704, 10.0434 ], [ -4.9707, 10.044 ], [ -4.971, 10.0445 ], [ -4.9713, 10.0451 ], [ -4.9714, 10.0453 ], [ -4.9715, 10.0456 ], [ -4.9717, 10.046 ], [ -4.9718, 10.0465 ], [ -4.9719, 10.0469 ], [ -4.9722, 10.0473 ], [ -4.9725, 10.0478 ], [ -4.9729, 10.048 ], [ -4.9731, 10.0481 ], [ -4.9735, 10.0483 ], [ -4.9738, 10.0485 ], [ -4.9745, 10.0487 ], [ -4.975, 10.0488 ], [ -4.9758, 10.0489 ], [ -4.9765, 10.0488 ], [ -4.9768, 10.0488 ], [ -4.977, 10.0489 ], [ -4.9771, 10.0489 ], [ -4.9774, 10.049 ], [ -4.9778, 10.0492 ], [ -4.9782, 10.0494 ], [ -4.9786, 10.0497 ], [ -4.9789, 10.0499 ], [ -4.9793, 10.05 ], [ -4.9798, 10.0501 ], [ -4.9802, 10.0502 ], [ -4.9804, 10.0504 ], [ -4.9806, 10.0506 ], [ -4.9808, 10.0507 ], [ -4.981, 10.0508 ], [ -4.9812, 10.0508 ], [ -4.9815, 10.051 ], [ -4.9816, 10.051 ], [ -4.982, 10.0511 ], [ -4.9825, 10.0512 ], [ -4.9828, 10.0511 ], [ -4.9833, 10.0514 ], [ -4.9836, 10.0514 ], [ -4.9841, 10.0515 ], [ -4.9848, 10.0516 ], [ -4.9857, 10.0517 ], [ -4.9868, 10.0519 ], [ -4.9871, 10.0521 ], [ -4.9873, 10.0523 ], [ -4.9875, 10.0525 ], [ -4.9876, 10.0528 ], [ -4.9876, 10.053 ], [ -4.9877, 10.0534 ], [ -4.9876, 10.0538 ], [ -4.9876, 10.0539 ], [ -4.9876, 10.0541 ], [ -4.9876, 10.0544 ], [ -4.9875, 10.0548 ], [ -4.9874, 10.0555 ], [ -4.9872, 10.0562 ], [ -4.987, 10.0567 ], [ -4.987, 10.0569 ], [ -4.9869, 10.0575 ], [ -4.9869, 10.0577 ], [ -4.9868, 10.0583 ], [ -4.9868, 10.0584 ], [ -4.9869, 10.059 ], [ -4.987, 10.0594 ], [ -4.9871, 10.0594 ], [ -4.9872, 10.0596 ], [ -4.9874, 10.0599 ], [ -4.9877, 10.0602 ], [ -4.9882, 10.0606 ], [ -4.9884, 10.0608 ], [ -4.9885, 10.0609 ], [ -4.9888, 10.0612 ], [ -4.9891, 10.0616 ], [ -4.9896, 10.0621 ], [ -4.9899, 10.0625 ], [ -4.99, 10.0626 ], [ -4.9903, 10.0631 ], [ -4.9906, 10.0633 ], [ -4.9909, 10.0634 ], [ -4.9912, 10.0634 ], [ -4.9913, 10.0634 ], [ -4.9917, 10.0632 ], [ -4.9919, 10.0631 ], [ -4.9923, 10.063 ], [ -4.9925, 10.063 ], [ -4.9926, 10.063 ], [ -4.9929, 10.0631 ], [ -4.9932, 10.0633 ], [ -4.9934, 10.0635 ], [ -4.9935, 10.0637 ], [ -4.9936, 10.0638 ], [ -4.9939, 10.0642 ], [ -4.9943, 10.0646 ], [ -4.9947, 10.0649 ], [ -4.995, 10.0651 ], [ -4.9954, 10.0651 ], [ -4.9955, 10.0651 ], [ -4.9956, 10.0651 ], [ -4.9962, 10.0651 ], [ -4.9968, 10.0649 ], [ -4.9976, 10.0647 ], [ -4.9983, 10.0646 ], [ -4.9989, 10.0644 ], [ -4.9991, 10.0644 ], [ -4.9993, 10.0644 ], [ -4.9994, 10.0644 ], [ -5.0, 10.0643 ], [ -5.0002, 10.0643 ], [ -5.0011, 10.0642 ], [ -5.0019, 10.0641 ], [ -5.0026, 10.0639 ], [ -5.0035, 10.0636 ], [ -5.0044, 10.0633 ], [ -5.005, 10.0633 ], [ -5.0054, 10.0633 ], [ -5.0055, 10.0634 ], [ -5.0057, 10.0636 ], [ -5.006, 10.064 ], [ -5.0063, 10.0643 ], [ -5.0069, 10.0647 ], [ -5.0073, 10.0648 ], [ -5.0077, 10.0649 ], [ -5.0083, 10.0648 ], [ -5.009, 10.0651 ], [ -5.0095, 10.0656 ], [ -5.0101, 10.0666 ], [ -5.0105, 10.0674 ], [ -5.0116, 10.0684 ], [ -5.0127, 10.07 ], [ -5.0135, 10.0706 ], [ -5.0142, 10.0713 ], [ -5.0147, 10.072 ], [ -5.0152, 10.0727 ], [ -5.0152, 10.0728 ], [ -5.0152, 10.073 ], [ -5.0152, 10.0736 ], [ -5.0147, 10.0743 ], [ -5.0143, 10.0749 ], [ -5.0138, 10.0754 ], [ -5.0137, 10.0757 ], [ -5.0137, 10.0763 ], [ -5.0138, 10.0767 ], [ -5.0139, 10.0771 ], [ -5.014, 10.0774 ], [ -5.014, 10.0775 ], [ -5.014, 10.0778 ], [ -5.014, 10.078 ], [ -5.014, 10.0782 ], [ -5.0139, 10.0785 ], [ -5.0138, 10.0787 ], [ -5.0137, 10.0789 ], [ -5.0135, 10.079 ], [ -5.0134, 10.0791 ], [ -5.0133, 10.0791 ], [ -5.0131, 10.0792 ], [ -5.0129, 10.0792 ], [ -5.0128, 10.0791 ], [ -5.0124, 10.0791 ], [ -5.0121, 10.0792 ], [ -5.0117, 10.0794 ], [ -5.0116, 10.0795 ], [ -5.0111, 10.0798 ], [ -5.0109, 10.08 ], [ -5.0108, 10.0803 ], [ -5.0107, 10.0806 ], [ -5.0107, 10.0809 ], [ -5.0107, 10.0815 ], [ -5.0107, 10.0818 ], [ -5.0106, 10.082 ], [ -5.0105, 10.0823 ], [ -5.0103, 10.0826 ], [ -5.01, 10.0829 ], [ -5.0097, 10.083 ], [ -5.0094, 10.083 ], [ -5.0093, 10.083 ], [ -5.0089, 10.0831 ], [ -5.0085, 10.0833 ], [ -5.0081, 10.0836 ], [ -5.0075, 10.0841 ], [ -5.0072, 10.0843 ], [ -5.0067, 10.0846 ], [ -5.0064, 10.0848 ], [ -5.0061, 10.085 ], [ -5.006, 10.0853 ], [ -5.0059, 10.0855 ], [ -5.0058, 10.0858 ], [ -5.0058, 10.0862 ], [ -5.0056, 10.0866 ], [ -5.0054, 10.0869 ], [ -5.0052, 10.087 ], [ -5.005, 10.0871 ], [ -5.0047, 10.0872 ], [ -5.0043, 10.0873 ], [ -5.0039, 10.0875 ], [ -5.0036, 10.0879 ], [ -5.0033, 10.0884 ], [ -5.0033, 10.0888 ], [ -5.0032, 10.0889 ], [ -5.0033, 10.0892 ], [ -5.0034, 10.0893 ], [ -5.0036, 10.0895 ], [ -5.0043, 10.09 ], [ -5.0038, 10.0916 ], [ -5.0031, 10.093 ], [ -5.0022, 10.0939 ], [ -5.0015, 10.0949 ], [ -5.0014, 10.095 ], [ -5.0007, 10.0964 ], [ -5.0007, 10.0975 ], [ -5.0007, 10.0982 ], [ -5.0005, 10.0989 ], [ -5.0002, 10.1004 ], [ -5.0001, 10.1011 ], [ -5.0, 10.1013 ], [ -5.0, 10.1015 ], [ -5.0, 10.1016 ], [ -4.9998, 10.102 ], [ -4.9996, 10.1023 ], [ -4.9994, 10.1026 ], [ -4.9992, 10.103 ], [ -4.9992, 10.1034 ], [ -4.9991, 10.1037 ], [ -4.9991, 10.104 ], [ -4.9992, 10.1042 ], [ -4.9993, 10.1044 ], [ -4.9994, 10.1048 ], [ -4.9995, 10.1051 ], [ -4.9995, 10.1053 ], [ -4.9995, 10.1055 ], [ -4.9992, 10.1061 ], [ -4.9991, 10.1067 ], [ -4.9991, 10.107 ], [ -4.9992, 10.1072 ], [ -4.9994, 10.1073 ], [ -4.9995, 10.1073 ], [ -4.9997, 10.1074 ], [ -4.9998, 10.1073 ], [ -5.0, 10.1071 ], [ -5.0001, 10.107 ], [ -5.0006, 10.1066 ], [ -5.0012, 10.1062 ], [ -5.0018, 10.106 ], [ -5.0022, 10.1058 ], [ -5.0026, 10.1055 ], [ -5.0027, 10.1054 ], [ -5.0033, 10.1052 ], [ -5.0038, 10.1049 ], [ -5.0043, 10.1045 ], [ -5.0049, 10.1038 ], [ -5.0057, 10.1028 ], [ -5.0062, 10.1024 ], [ -5.0074, 10.1018 ], [ -5.0083, 10.1017 ], [ -5.0094, 10.1017 ], [ -5.0109, 10.1017 ], [ -5.0111, 10.1017 ], [ -5.0117, 10.1019 ], [ -5.0129, 10.1023 ], [ -5.0139, 10.1023 ], [ -5.0148, 10.102 ], [ -5.0156, 10.1017 ], [ -5.0167, 10.1015 ], [ -5.0175, 10.1013 ], [ -5.0185, 10.1012 ], [ -5.0188, 10.1009 ], [ -5.019, 10.1008 ], [ -5.0188, 10.1003 ], [ -5.0192, 10.0994 ], [ -5.0197, 10.0988 ], [ -5.0203, 10.0985 ], [ -5.0208, 10.0987 ], [ -5.0211, 10.0991 ], [ -5.0216, 10.0993 ], [ -5.0222, 10.0991 ], [ -5.0225, 10.099 ], [ -5.0234, 10.0985 ], [ -5.0237, 10.0983 ], [ -5.0241, 10.098 ], [ -5.0245, 10.0974 ], [ -5.0247, 10.0963 ], [ -5.0252, 10.0958 ], [ -5.0256, 10.0952 ], [ -5.0261, 10.0953 ], [ -5.0268, 10.0953 ], [ -5.0276, 10.0951 ], [ -5.0278, 10.0946 ], [ -5.0278, 10.0938 ], [ -5.0278, 10.0936 ], [ -5.0278, 10.0931 ], [ -5.0278, 10.0931 ], [ -5.0283, 10.0924 ], [ -5.0289, 10.092 ], [ -5.0297, 10.0917 ], [ -5.0302, 10.0908 ], [ -5.0307, 10.0898 ], [ -5.0313, 10.0891 ], [ -5.031, 10.0889 ], [ -5.031, 10.0883 ], [ -5.0313, 10.0879 ], [ -5.032, 10.0869 ], [ -5.0326, 10.086 ], [ -5.0331, 10.0848 ], [ -5.0339, 10.0835 ], [ -5.0348, 10.0825 ], [ -5.0352, 10.0819 ], [ -5.036, 10.0818 ], [ -5.0361, 10.0818 ], [ -5.0366, 10.0819 ], [ -5.0373, 10.0821 ], [ -5.0378, 10.0825 ], [ -5.0379, 10.0831 ], [ -5.038, 10.0833 ], [ -5.0381, 10.0836 ], [ -5.0386, 10.0842 ], [ -5.0393, 10.0847 ], [ -5.0402, 10.0851 ], [ -5.0405, 10.0847 ], [ -5.0409, 10.0843 ], [ -5.0411, 10.0843 ], [ -5.0417, 10.0842 ], [ -5.0424, 10.0842 ], [ -5.0428, 10.0846 ], [ -5.0431, 10.0853 ], [ -5.0433, 10.0859 ], [ -5.0434, 10.0861 ], [ -5.0442, 10.0866 ], [ -5.0454, 10.0869 ], [ -5.0461, 10.0867 ], [ -5.0462, 10.0866 ], [ -5.0466, 10.0862 ], [ -5.0474, 10.086 ], [ -5.0485, 10.0858 ], [ -5.0494, 10.0854 ], [ -5.0503, 10.0848 ], [ -5.0511, 10.084 ], [ -5.0519, 10.0832 ], [ -5.0524, 10.0828 ], [ -5.0538, 10.0825 ], [ -5.055, 10.0826 ], [ -5.0555, 10.0829 ], [ -5.0557, 10.0836 ], [ -5.0557, 10.0838 ], [ -5.0557, 10.0842 ], [ -5.0556, 10.0852 ], [ -5.0558, 10.0865 ], [ -5.0558, 10.0873 ], [ -5.0558, 10.088 ], [ -5.0556, 10.0884 ], [ -5.0553, 10.089 ], [ -5.055, 10.0894 ], [ -5.0543, 10.0898 ], [ -5.0537, 10.0904 ], [ -5.0533, 10.0914 ], [ -5.0528, 10.0921 ], [ -5.0519, 10.0924 ], [ -5.0514, 10.0931 ], [ -5.051, 10.0938 ], [ -5.0503, 10.0944 ], [ -5.0493, 10.0954 ], [ -5.0487, 10.0961 ], [ -5.0477, 10.0965 ], [ -5.0469, 10.0973 ], [ -5.0462, 10.0981 ], [ -5.0454, 10.0987 ], [ -5.0447, 10.0995 ], [ -5.0437, 10.0997 ], [ -5.043, 10.0999 ], [ -5.0419, 10.1005 ], [ -5.041, 10.1005 ], [ -5.0403, 10.101 ], [ -5.04, 10.1017 ], [ -5.0395, 10.1024 ], [ -5.0395, 10.1032 ], [ -5.0394, 10.104 ], [ -5.0392, 10.1047 ], [ -5.0387, 10.1058 ], [ -5.0385, 10.1065 ], [ -5.0381, 10.1076 ], [ -5.0383, 10.1082 ], [ -5.0386, 10.1088 ], [ -5.0392, 10.1093 ], [ -5.0398, 10.109 ], [ -5.0403, 10.1085 ], [ -5.0407, 10.1087 ], [ -5.0409, 10.1087 ], [ -5.0414, 10.1088 ], [ -5.0421, 10.1084 ], [ -5.0424, 10.1078 ], [ -5.0428, 10.1068 ], [ -5.0431, 10.106 ], [ -5.0438, 10.1056 ], [ -5.0445, 10.1049 ], [ -5.0454, 10.1047 ], [ -5.0469, 10.1043 ], [ -5.0479, 10.1044 ], [ -5.0483, 10.1046 ], [ -5.0493, 10.105 ], [ -5.0502, 10.1051 ], [ -5.0514, 10.1057 ], [ -5.0531, 10.1055 ], [ -5.0538, 10.1056 ], [ -5.0539, 10.1056 ], [ -5.0541, 10.1056 ], [ -5.0543, 10.1056 ], [ -5.0545, 10.1056 ], [ -5.0547, 10.1056 ], [ -5.0549, 10.1056 ], [ -5.055, 10.1056 ], [ -5.0552, 10.1057 ], [ -5.0554, 10.1057 ], [ -5.0569, 10.1059 ], [ -5.0578, 10.1062 ], [ -5.0587, 10.1068 ], [ -5.0598, 10.1074 ], [ -5.0607, 10.1079 ], [ -5.0619, 10.1076 ], [ -5.0627, 10.1078 ], [ -5.0639, 10.1082 ], [ -5.0648, 10.1082 ], [ -5.0649, 10.108 ], [ -5.0651, 10.1076 ], [ -5.0659, 10.107 ], [ -5.0672, 10.1065 ], [ -5.0683, 10.1062 ], [ -5.0693, 10.1063 ], [ -5.0694, 10.1063 ], [ -5.07, 10.1065 ], [ -5.0702, 10.1067 ], [ -5.0706, 10.1076 ], [ -5.0709, 10.1085 ], [ -5.0714, 10.109 ], [ -5.072, 10.1096 ], [ -5.0726, 10.1104 ], [ -5.073, 10.1111 ], [ -5.0733, 10.112 ], [ -5.0734, 10.1128 ], [ -5.0733, 10.1139 ], [ -5.073, 10.1153 ], [ -5.0728, 10.1162 ], [ -5.0724, 10.1169 ], [ -5.0722, 10.1181 ], [ -5.0721, 10.1189 ], [ -5.0718, 10.12 ], [ -5.0713, 10.1207 ], [ -5.0707, 10.1219 ], [ -5.0702, 10.1229 ], [ -5.0702, 10.1233 ], [ -5.0695, 10.1237 ], [ -5.0688, 10.1239 ], [ -5.068, 10.1239 ], [ -5.0674, 10.1235 ], [ -5.0666, 10.1225 ], [ -5.0659, 10.1219 ], [ -5.0652, 10.1215 ], [ -5.0644, 10.1215 ], [ -5.0637, 10.1218 ], [ -5.0629, 10.1218 ], [ -5.0624, 10.1219 ], [ -5.0617, 10.1225 ], [ -5.0609, 10.1233 ], [ -5.0602, 10.1239 ], [ -5.0588, 10.1249 ], [ -5.0573, 10.1254 ], [ -5.0562, 10.1255 ], [ -5.0559, 10.1256 ], [ -5.0552, 10.1254 ], [ -5.0542, 10.1248 ], [ -5.0534, 10.1241 ], [ -5.0527, 10.1229 ], [ -5.0522, 10.1226 ], [ -5.0519, 10.122 ], [ -5.0517, 10.1212 ], [ -5.0516, 10.1204 ], [ -5.0519, 10.1197 ], [ -5.0517, 10.1193 ], [ -5.0513, 10.1188 ], [ -5.0506, 10.1182 ], [ -5.0503, 10.1181 ], [ -5.0494, 10.1178 ], [ -5.0487, 10.1176 ], [ -5.0479, 10.1178 ], [ -5.0474, 10.118 ], [ -5.0471, 10.1181 ], [ -5.0462, 10.1183 ], [ -5.0458, 10.118 ], [ -5.0457, 10.1179 ], [ -5.045, 10.1177 ], [ -5.0441, 10.1179 ], [ -5.0437, 10.1183 ], [ -5.0435, 10.1184 ], [ -5.0429, 10.1183 ], [ -5.0422, 10.1185 ], [ -5.0411, 10.119 ], [ -5.0397, 10.1196 ], [ -5.0385, 10.1199 ], [ -5.0373, 10.1202 ], [ -5.0368, 10.1207 ], [ -5.0365, 10.1217 ], [ -5.0368, 10.1222 ], [ -5.0369, 10.1224 ], [ -5.0375, 10.1236 ], [ -5.038, 10.1243 ], [ -5.038, 10.1253 ], [ -5.0382, 10.1266 ], [ -5.0384, 10.1281 ], [ -5.0387, 10.1294 ], [ -5.0392, 10.1306 ], [ -5.0398, 10.132 ], [ -5.041, 10.1331 ], [ -5.0417, 10.1335 ], [ -5.043, 10.1338 ], [ -5.0441, 10.1338 ], [ -5.0454, 10.1339 ], [ -5.0475, 10.1337 ], [ -5.0484, 10.1336 ], [ -5.0485, 10.1335 ], [ -5.0492, 10.1334 ], [ -5.0508, 10.1334 ], [ -5.0516, 10.1333 ], [ -5.0522, 10.1333 ], [ -5.053, 10.1334 ], [ -5.0536, 10.1336 ], [ -5.0546, 10.1337 ], [ -5.0549, 10.1337 ], [ -5.0552, 10.1337 ], [ -5.0561, 10.1337 ], [ -5.0575, 10.1337 ], [ -5.0588, 10.1338 ], [ -5.0596, 10.1342 ], [ -5.0611, 10.1352 ], [ -5.0621, 10.1359 ], [ -5.0631, 10.1359 ], [ -5.0645, 10.1362 ], [ -5.0654, 10.1366 ], [ -5.0667, 10.1372 ], [ -5.0677, 10.1377 ], [ -5.0691, 10.1384 ], [ -5.0697, 10.1388 ], [ -5.0697, 10.1391 ], [ -5.0697, 10.1394 ], [ -5.0697, 10.1397 ], [ -5.0697, 10.14 ], [ -5.0698, 10.1402 ], [ -5.0697, 10.1405 ], [ -5.0697, 10.141 ], [ -5.0697, 10.1412 ], [ -5.0697, 10.1414 ], [ -5.0696, 10.1417 ], [ -5.0697, 10.1425 ], [ -5.0703, 10.1432 ], [ -5.0701, 10.144 ], [ -5.0697, 10.1449 ], [ -5.0686, 10.1461 ], [ -5.068, 10.1469 ], [ -5.0677, 10.1476 ], [ -5.0677, 10.1477 ], [ -5.0674, 10.1491 ], [ -5.0674, 10.1503 ], [ -5.068, 10.1517 ], [ -5.0685, 10.1527 ], [ -5.0691, 10.1533 ], [ -5.069, 10.1542 ], [ -5.0686, 10.1554 ], [ -5.0681, 10.1572 ], [ -5.0677, 10.1578 ], [ -5.0674, 10.1589 ], [ -5.067, 10.1597 ], [ -5.0665, 10.1609 ], [ -5.066, 10.1613 ], [ -5.0653, 10.1619 ], [ -5.0644, 10.1627 ], [ -5.0636, 10.1635 ], [ -5.0633, 10.1645 ], [ -5.0634, 10.1653 ], [ -5.0638, 10.1659 ], [ -5.0643, 10.1664 ], [ -5.0643, 10.1669 ], [ -5.0642, 10.1676 ], [ -5.0642, 10.1685 ], [ -5.0646, 10.1694 ], [ -5.0646, 10.1701 ], [ -5.0647, 10.1709 ], [ -5.0645, 10.1715 ], [ -5.0639, 10.1718 ], [ -5.0634, 10.1724 ], [ -5.0631, 10.1728 ], [ -5.0629, 10.1734 ], [ -5.0624, 10.1743 ], [ -5.0618, 10.1751 ], [ -5.0615, 10.1756 ], [ -5.0612, 10.1759 ], [ -5.0609, 10.1761 ], [ -5.0603, 10.1766 ], [ -5.06, 10.1775 ], [ -5.0598, 10.1786 ], [ -5.0598, 10.1794 ], [ -5.0599, 10.1804 ], [ -5.0609, 10.181 ], [ -5.0622, 10.1813 ], [ -5.0635, 10.1816 ], [ -5.0649, 10.1818 ], [ -5.0658, 10.1817 ], [ -5.0667, 10.182 ], [ -5.0682, 10.1822 ], [ -5.0691, 10.182 ], [ -5.0701, 10.1816 ], [ -5.0703, 10.1816 ], [ -5.0713, 10.1812 ], [ -5.0721, 10.181 ], [ -5.0734, 10.1808 ], [ -5.0735, 10.1807 ], [ -5.0747, 10.1804 ], [ -5.076, 10.18 ], [ -5.0768, 10.1797 ], [ -5.0768, 10.1793 ], [ -5.0775, 10.1787 ], [ -5.0783, 10.1782 ], [ -5.0795, 10.1778 ], [ -5.0801, 10.1771 ], [ -5.0811, 10.1764 ], [ -5.0821, 10.1759 ], [ -5.0835, 10.1754 ], [ -5.0842, 10.1754 ], [ -5.0844, 10.1754 ], [ -5.0848, 10.1758 ], [ -5.0859, 10.1755 ], [ -5.0865, 10.175 ], [ -5.087, 10.1749 ], [ -5.0878, 10.1747 ], [ -5.0884, 10.1747 ], [ -5.0889, 10.1748 ], [ -5.0897, 10.1746 ], [ -5.0902, 10.1743 ], [ -5.0904, 10.1742 ], [ -5.0909, 10.1741 ], [ -5.091, 10.1741 ], [ -5.0914, 10.174 ], [ -5.0926, 10.1739 ], [ -5.0933, 10.1735 ], [ -5.094, 10.1732 ], [ -5.0942, 10.1732 ], [ -5.0943, 10.1732 ], [ -5.0944, 10.1731 ], [ -5.0945, 10.1731 ], [ -5.0956, 10.1727 ], [ -5.0971, 10.1725 ], [ -5.0983, 10.1724 ], [ -5.0985, 10.1725 ], [ -5.0994, 10.1728 ], [ -5.1004, 10.1731 ], [ -5.1017, 10.1735 ], [ -5.1027, 10.174 ], [ -5.1036, 10.1745 ], [ -5.1043, 10.1751 ], [ -5.1044, 10.1756 ], [ -5.1048, 10.1765 ], [ -5.1044, 10.1777 ], [ -5.1039, 10.1787 ], [ -5.1029, 10.1797 ], [ -5.1019, 10.1801 ], [ -5.1011, 10.1803 ], [ -5.1003, 10.1811 ], [ -5.0994, 10.1814 ], [ -5.0983, 10.1821 ], [ -5.0975, 10.1825 ], [ -5.097, 10.1825 ], [ -5.0964, 10.1826 ], [ -5.0957, 10.1824 ], [ -5.0956, 10.1824 ], [ -5.0945, 10.1821 ], [ -5.0941, 10.1823 ], [ -5.0936, 10.1825 ], [ -5.0926, 10.1826 ], [ -5.0924, 10.1825 ], [ -5.0913, 10.1823 ], [ -5.0902, 10.1823 ], [ -5.0894, 10.1824 ], [ -5.0887, 10.1826 ], [ -5.0881, 10.1833 ], [ -5.0878, 10.184 ], [ -5.0873, 10.1848 ], [ -5.0868, 10.1855 ], [ -5.0861, 10.1866 ], [ -5.0856, 10.1875 ], [ -5.0851, 10.188 ], [ -5.0842, 10.1889 ], [ -5.0839, 10.1896 ], [ -5.0833, 10.1905 ], [ -5.0823, 10.1913 ], [ -5.0814, 10.1926 ], [ -5.0804, 10.1937 ], [ -5.0801, 10.1948 ], [ -5.0801, 10.1959 ], [ -5.0798, 10.1967 ], [ -5.0798, 10.1978 ], [ -5.0798, 10.1989 ], [ -5.08, 10.2 ], [ -5.0801, 10.2003 ], [ -5.0805, 10.2017 ], [ -5.0806, 10.203 ], [ -5.0801, 10.2044 ], [ -5.0793, 10.2061 ], [ -5.0788, 10.2079 ], [ -5.0787, 10.2091 ], [ -5.0784, 10.2107 ], [ -5.0786, 10.2122 ], [ -5.0793, 10.2132 ], [ -5.0801, 10.2142 ], [ -5.0805, 10.2151 ], [ -5.0807, 10.2159 ], [ -5.0814, 10.2164 ], [ -5.0817, 10.2172 ], [ -5.0821, 10.2188 ], [ -5.0821, 10.2203 ], [ -5.0821, 10.2217 ], [ -5.082, 10.2228 ], [ -5.0823, 10.223 ], [ -5.0828, 10.2235 ], [ -5.0835, 10.2242 ], [ -5.0843, 10.2246 ], [ -5.0853, 10.2248 ], [ -5.0868, 10.2245 ], [ -5.0875, 10.2243 ], [ -5.0876, 10.2242 ], [ -5.0884, 10.2233 ], [ -5.0891, 10.2224 ], [ -5.0893, 10.2212 ], [ -5.0897, 10.22 ], [ -5.0897, 10.219 ], [ -5.0898, 10.218 ], [ -5.0902, 10.2173 ], [ -5.0911, 10.2166 ], [ -5.0914, 10.2159 ], [ -5.0921, 10.2156 ], [ -5.0933, 10.2153 ], [ -5.0942, 10.2148 ], [ -5.0948, 10.2141 ], [ -5.0958, 10.2135 ], [ -5.0969, 10.2127 ], [ -5.098, 10.2119 ], [ -5.0987, 10.2115 ], [ -5.0995, 10.2111 ], [ -5.1004, 10.2106 ], [ -5.1021, 10.2098 ], [ -5.1039, 10.2089 ], [ -5.1058, 10.2083 ], [ -5.1072, 10.2076 ], [ -5.1089, 10.2069 ], [ -5.1101, 10.2063 ], [ -5.1118, 10.2054 ], [ -5.1131, 10.2049 ], [ -5.1145, 10.2044 ], [ -5.1153, 10.2042 ], [ -5.1155, 10.2042 ], [ -5.1156, 10.2042 ], [ -5.1158, 10.2041 ], [ -5.1159, 10.2041 ], [ -5.1161, 10.204 ], [ -5.1162, 10.2039 ], [ -5.1164, 10.2038 ], [ -5.1165, 10.2038 ], [ -5.1167, 10.2037 ], [ -5.1168, 10.2036 ], [ -5.117, 10.2036 ], [ -5.1171, 10.2035 ], [ -5.1172, 10.2034 ], [ -5.1173, 10.2034 ], [ -5.1184, 10.2034 ], [ -5.1197, 10.2033 ], [ -5.1211, 10.2036 ], [ -5.1219, 10.2042 ], [ -5.122, 10.2053 ], [ -5.122, 10.2067 ], [ -5.1219, 10.2084 ], [ -5.1215, 10.21 ], [ -5.1213, 10.2112 ], [ -5.1209, 10.2122 ], [ -5.1198, 10.213 ], [ -5.119, 10.2139 ], [ -5.1186, 10.2149 ], [ -5.1184, 10.2158 ], [ -5.1183, 10.216 ], [ -5.1181, 10.2165 ], [ -5.1179, 10.2172 ], [ -5.1177, 10.2179 ], [ -5.1173, 10.2194 ], [ -5.1168, 10.2209 ], [ -5.1163, 10.2225 ], [ -5.1157, 10.2234 ], [ -5.1154, 10.2243 ], [ -5.1152, 10.2253 ], [ -5.1146, 10.226 ], [ -5.1135, 10.2266 ], [ -5.1129, 10.2275 ], [ -5.1118, 10.2288 ], [ -5.1107, 10.2297 ], [ -5.1103, 10.2301 ], [ -5.1088, 10.2311 ], [ -5.1086, 10.2312 ], [ -5.1075, 10.2323 ], [ -5.107, 10.2331 ], [ -5.1068, 10.2344 ], [ -5.1062, 10.2356 ], [ -5.1056, 10.2365 ], [ -5.1056, 10.2367 ], [ -5.1056, 10.2376 ], [ -5.1057, 10.2389 ], [ -5.1062, 10.2397 ], [ -5.1064, 10.2399 ], [ -5.1064, 10.24 ], [ -5.1071, 10.2406 ], [ -5.1085, 10.2409 ], [ -5.1104, 10.2407 ], [ -5.1116, 10.2407 ], [ -5.1128, 10.2405 ], [ -5.1144, 10.241 ], [ -5.1159, 10.2417 ], [ -5.1171, 10.2426 ], [ -5.1181, 10.2433 ], [ -5.1184, 10.244 ], [ -5.1192, 10.2449 ], [ -5.1198, 10.2465 ], [ -5.1203, 10.2477 ], [ -5.1204, 10.249 ], [ -5.1207, 10.2502 ], [ -5.1209, 10.2515 ], [ -5.1207, 10.2527 ], [ -5.1203, 10.2539 ], [ -5.1199, 10.2553 ], [ -5.1193, 10.257 ], [ -5.1185, 10.2583 ], [ -5.1176, 10.2593 ], [ -5.1164, 10.2601 ], [ -5.1153, 10.2606 ], [ -5.1142, 10.2611 ], [ -5.1127, 10.2615 ], [ -5.1109, 10.2622 ], [ -5.1094, 10.2624 ], [ -5.1081, 10.2628 ], [ -5.1071, 10.2633 ], [ -5.1062, 10.264 ], [ -5.1048, 10.2653 ], [ -5.1036, 10.2665 ], [ -5.1026, 10.2674 ], [ -5.1016, 10.2685 ], [ -5.1008, 10.2697 ], [ -5.1004, 10.2702 ], [ -5.1003, 10.2703 ], [ -5.1, 10.2707 ], [ -5.0991, 10.2714 ], [ -5.0987, 10.2717 ], [ -5.098, 10.2722 ], [ -5.0978, 10.273 ], [ -5.098, 10.2743 ], [ -5.0983, 10.2753 ], [ -5.0994, 10.276 ], [ -5.1004, 10.2766 ], [ -5.102, 10.2775 ], [ -5.1034, 10.2783 ], [ -5.1043, 10.2786 ], [ -5.1053, 10.2788 ], [ -5.1064, 10.2787 ], [ -5.1072, 10.2789 ], [ -5.1082, 10.2787 ], [ -5.1096, 10.2793 ], [ -5.1104, 10.2799 ], [ -5.1112, 10.2802 ], [ -5.1126, 10.28 ], [ -5.1139, 10.2799 ], [ -5.1152, 10.2799 ], [ -5.1165, 10.2801 ], [ -5.1181, 10.2807 ], [ -5.119, 10.281 ], [ -5.1199, 10.2816 ], [ -5.1203, 10.2825 ], [ -5.1204, 10.2834 ], [ -5.1202, 10.2841 ], [ -5.1199, 10.2852 ], [ -5.1197, 10.2859 ], [ -5.1192, 10.2868 ], [ -5.1182, 10.2876 ], [ -5.1176, 10.2884 ], [ -5.1174, 10.2893 ], [ -5.117, 10.2902 ], [ -5.1163, 10.2907 ], [ -5.1155, 10.2907 ], [ -5.1152, 10.291 ], [ -5.1144, 10.2918 ], [ -5.114, 10.293 ], [ -5.1138, 10.2944 ], [ -5.1138, 10.2953 ], [ -5.1133, 10.2963 ], [ -5.1126, 10.2976 ], [ -5.1122, 10.2983 ], [ -5.112, 10.2987 ], [ -5.112, 10.2996 ], [ -5.1119, 10.3007 ], [ -5.1119, 10.302 ], [ -5.1115, 10.3029 ], [ -5.1109, 10.3038 ], [ -5.1104, 10.3046 ], [ -5.1102, 10.3056 ], [ -5.1102, 10.3066 ], [ -5.1109, 10.3076 ], [ -5.1116, 10.3078 ], [ -5.1126, 10.3077 ], [ -5.1134, 10.3073 ], [ -5.1135, 10.307 ], [ -5.1137, 10.3066 ], [ -5.114, 10.3063 ], [ -5.1143, 10.306 ], [ -5.1147, 10.3057 ], [ -5.1161, 10.305 ], [ -5.1171, 10.3046 ], [ -5.1174, 10.3045 ], [ -5.1183, 10.304 ], [ -5.1193, 10.3031 ], [ -5.1203, 10.3022 ], [ -5.1214, 10.301 ], [ -5.1225, 10.3008 ], [ -5.1231, 10.3009 ], [ -5.1235, 10.3009 ], [ -5.1241, 10.3013 ], [ -5.1242, 10.3021 ], [ -5.1246, 10.3032 ], [ -5.125, 10.304 ], [ -5.1256, 10.3046 ], [ -5.126, 10.3058 ], [ -5.1264, 10.3068 ], [ -5.127, 10.3082 ], [ -5.1275, 10.3092 ], [ -5.1283, 10.3098 ], [ -5.1292, 10.3105 ], [ -5.1301, 10.3108 ], [ -5.1305, 10.3103 ], [ -5.1306, 10.3101 ], [ -5.1308, 10.3096 ], [ -5.1312, 10.3087 ], [ -5.1312, 10.3078 ], [ -5.1309, 10.307 ], [ -5.1306, 10.3061 ], [ -5.1307, 10.3052 ], [ -5.1313, 10.3039 ], [ -5.132, 10.3028 ], [ -5.1329, 10.3019 ], [ -5.1337, 10.3012 ], [ -5.1344, 10.3013 ], [ -5.1346, 10.3016 ], [ -5.1347, 10.3018 ], [ -5.1355, 10.3025 ], [ -5.1362, 10.3027 ], [ -5.1368, 10.302 ], [ -5.1369, 10.3019 ], [ -5.1375, 10.3009 ], [ -5.1383, 10.3004 ], [ -5.139, 10.2998 ], [ -5.1397, 10.299 ], [ -5.1408, 10.298 ], [ -5.142, 10.2971 ], [ -5.1433, 10.2961 ], [ -5.1444, 10.2957 ], [ -5.1452, 10.2955 ], [ -5.1456, 10.2946 ], [ -5.1457, 10.2945 ], [ -5.1463, 10.293 ], [ -5.1467, 10.2919 ], [ -5.1472, 10.291 ], [ -5.1478, 10.2899 ], [ -5.1489, 10.2892 ], [ -5.1497, 10.2888 ], [ -5.1511, 10.2886 ], [ -5.1511, 10.2885 ], [ -5.1526, 10.2882 ], [ -5.1539, 10.2876 ], [ -5.1541, 10.2875 ], [ -5.1551, 10.2868 ], [ -5.1558, 10.2863 ], [ -5.1567, 10.2864 ], [ -5.157, 10.2864 ], [ -5.1586, 10.2866 ], [ -5.1592, 10.2869 ], [ -5.1612, 10.2873 ], [ -5.1618, 10.287 ], [ -5.1629, 10.2871 ], [ -5.1636, 10.2873 ], [ -5.1644, 10.2875 ], [ -5.1657, 10.2872 ], [ -5.1669, 10.287 ], [ -5.1675, 10.287 ], [ -5.1678, 10.287 ], [ -5.168, 10.2871 ], [ -5.1689, 10.2873 ], [ -5.1699, 10.2881 ], [ -5.1709, 10.2889 ], [ -5.1717, 10.2894 ], [ -5.1721, 10.2905 ], [ -5.1721, 10.2912 ], [ -5.1724, 10.292 ], [ -5.1725, 10.2932 ], [ -5.173, 10.2936 ], [ -5.1744, 10.2934 ], [ -5.1755, 10.2935 ], [ -5.1764, 10.2936 ], [ -5.1769, 10.2929 ], [ -5.1771, 10.2927 ], [ -5.1773, 10.2925 ], [ -5.1781, 10.2923 ], [ -5.1792, 10.2915 ], [ -5.1803, 10.2907 ], [ -5.1812, 10.2901 ], [ -5.1817, 10.2894 ], [ -5.1822, 10.2893 ], [ -5.1825, 10.2894 ], [ -5.1828, 10.2895 ], [ -5.1834, 10.2891 ], [ -5.1835, 10.2887 ], [ -5.1839, 10.2884 ], [ -5.184, 10.2883 ], [ -5.1842, 10.2882 ], [ -5.1851, 10.2878 ], [ -5.1862, 10.2878 ], [ -5.187, 10.2876 ], [ -5.1881, 10.2878 ], [ -5.1887, 10.2878 ], [ -5.1895, 10.2884 ], [ -5.1901, 10.289 ], [ -5.1906, 10.2902 ], [ -5.191, 10.2914 ], [ -5.1913, 10.2925 ], [ -5.1912, 10.2935 ], [ -5.1911, 10.294 ], [ -5.1909, 10.2945 ], [ -5.1905, 10.2948 ], [ -5.1903, 10.2951 ], [ -5.1899, 10.2957 ], [ -5.1892, 10.2966 ], [ -5.189, 10.2975 ], [ -5.1891, 10.2981 ], [ -5.1889, 10.2994 ], [ -5.1889, 10.2996 ], [ -5.1887, 10.3002 ], [ -5.1882, 10.3008 ], [ -5.1882, 10.3008 ], [ -5.1875, 10.3007 ], [ -5.187, 10.3 ], [ -5.1869, 10.2997 ], [ -5.1867, 10.2994 ], [ -5.1868, 10.2985 ], [ -5.1867, 10.2975 ], [ -5.1862, 10.2967 ], [ -5.1858, 10.2959 ], [ -5.1854, 10.2948 ], [ -5.1851, 10.2944 ], [ -5.1842, 10.2944 ], [ -5.1836, 10.2942 ], [ -5.1833, 10.2942 ], [ -5.1826, 10.2942 ], [ -5.1817, 10.2945 ], [ -5.1815, 10.295 ], [ -5.1818, 10.296 ], [ -5.182, 10.2967 ], [ -5.1815, 10.297 ], [ -5.1815, 10.2979 ], [ -5.1817, 10.2986 ], [ -5.1826, 10.2987 ], [ -5.1831, 10.2988 ], [ -5.184, 10.2994 ], [ -5.185, 10.3002 ], [ -5.1862, 10.3013 ], [ -5.1876, 10.3022 ], [ -5.1883, 10.3027 ], [ -5.1893, 10.3035 ], [ -5.1907, 10.3044 ], [ -5.192, 10.305 ], [ -5.1929, 10.305 ], [ -5.1937, 10.3055 ], [ -5.195, 10.306 ], [ -5.1965, 10.3066 ], [ -5.1978, 10.3067 ], [ -5.1986, 10.3073 ], [ -5.1992, 10.3081 ], [ -5.1991, 10.3086 ], [ -5.1992, 10.3093 ], [ -5.1993, 10.3098 ], [ -5.1993, 10.3107 ], [ -5.1993, 10.3108 ], [ -5.1988, 10.3118 ], [ -5.1988, 10.3119 ], [ -5.1982, 10.3123 ], [ -5.1977, 10.3128 ], [ -5.1973, 10.314 ], [ -5.1967, 10.3144 ], [ -5.1962, 10.3149 ], [ -5.1958, 10.3154 ], [ -5.1957, 10.3154 ], [ -5.1958, 10.3162 ], [ -5.1958, 10.317 ], [ -5.1956, 10.3176 ], [ -5.1956, 10.3176 ], [ -5.1955, 10.3177 ], [ -5.195, 10.3181 ], [ -5.1941, 10.3183 ], [ -5.194, 10.3189 ], [ -5.1944, 10.3194 ], [ -5.1947, 10.3197 ], [ -5.1951, 10.3203 ], [ -5.1958, 10.3206 ], [ -5.1972, 10.3211 ], [ -5.1983, 10.3215 ], [ -5.1991, 10.3212 ], [ -5.2001, 10.3211 ], [ -5.201, 10.3209 ], [ -5.2013, 10.3202 ], [ -5.2011, 10.3196 ], [ -5.2014, 10.3191 ], [ -5.2019, 10.3183 ], [ -5.2023, 10.3175 ], [ -5.2028, 10.3168 ], [ -5.203, 10.3157 ], [ -5.2032, 10.3147 ], [ -5.2035, 10.3143 ], [ -5.2037, 10.314 ], [ -5.2039, 10.314 ], [ -5.204, 10.3142 ], [ -5.2041, 10.3142 ], [ -5.2043, 10.3145 ], [ -5.2046, 10.3147 ], [ -5.2047, 10.3147 ], [ -5.2049, 10.3147 ], [ -5.205, 10.3147 ], [ -5.2052, 10.3146 ], [ -5.2054, 10.3145 ], [ -5.2057, 10.3143 ], [ -5.2058, 10.3141 ], [ -5.2061, 10.3138 ], [ -5.2062, 10.3136 ], [ -5.2062, 10.3133 ], [ -5.2063, 10.3132 ], [ -5.2064, 10.3129 ], [ -5.2073, 10.3121 ], [ -5.2074, 10.312 ], [ -5.2081, 10.3115 ], [ -5.2082, 10.3112 ], [ -5.2081, 10.311 ], [ -5.208, 10.3108 ], [ -5.2079, 10.3107 ], [ -5.2079, 10.3105 ], [ -5.2086, 10.3092 ], [ -5.2091, 10.3087 ], [ -5.2095, 10.3084 ], [ -5.2095, 10.3082 ], [ -5.2096, 10.3081 ], [ -5.2097, 10.3081 ], [ -5.2098, 10.3079 ], [ -5.2098, 10.3078 ], [ -5.2098, 10.3077 ], [ -5.2099, 10.3073 ], [ -5.21, 10.3072 ], [ -5.2101, 10.3071 ], [ -5.2101, 10.3069 ], [ -5.2104, 10.3068 ], [ -5.2111, 10.3064 ], [ -5.2129, 10.3064 ], [ -5.2139, 10.307 ], [ -5.2151, 10.3085 ], [ -5.2155, 10.309 ], [ -5.2157, 10.3094 ], [ -5.2159, 10.3095 ], [ -5.2162, 10.3095 ], [ -5.2165, 10.3094 ], [ -5.2168, 10.3094 ], [ -5.2169, 10.3094 ], [ -5.2171, 10.3094 ], [ -5.2174, 10.3097 ], [ -5.2179, 10.31 ], [ -5.2185, 10.3105 ], [ -5.2188, 10.3107 ], [ -5.2191, 10.3108 ], [ -5.2194, 10.311 ], [ -5.2201, 10.3117 ], [ -5.2203, 10.3126 ], [ -5.2206, 10.3138 ], [ -5.2211, 10.314 ], [ -5.2213, 10.3141 ], [ -5.2217, 10.3143 ], [ -5.2236, 10.3147 ], [ -5.2248, 10.3146 ], [ -5.2261, 10.3144 ], [ -5.2274, 10.3146 ], [ -5.2291, 10.3144 ], [ -5.2306, 10.3142 ], [ -5.2312, 10.3141 ], [ -5.2328, 10.3141 ], [ -5.2338, 10.3134 ], [ -5.2347, 10.313 ], [ -5.236, 10.3131 ], [ -5.2376, 10.3131 ], [ -5.2392, 10.3136 ], [ -5.2402, 10.3142 ], [ -5.2407, 10.3142 ], [ -5.2409, 10.3143 ], [ -5.2412, 10.3145 ], [ -5.2415, 10.3146 ], [ -5.2417, 10.3146 ], [ -5.2418, 10.3145 ], [ -5.242, 10.3145 ], [ -5.242, 10.3143 ], [ -5.242, 10.3143 ], [ -5.2419, 10.3141 ], [ -5.2418, 10.3138 ], [ -5.2418, 10.3137 ], [ -5.2418, 10.3135 ], [ -5.242, 10.3133 ], [ -5.2424, 10.3132 ], [ -5.2426, 10.3131 ], [ -5.2431, 10.313 ], [ -5.2434, 10.3129 ], [ -5.2438, 10.3128 ], [ -5.244, 10.3127 ], [ -5.2443, 10.3126 ], [ -5.2446, 10.3124 ], [ -5.2452, 10.312 ], [ -5.2458, 10.3118 ], [ -5.2462, 10.3117 ], [ -5.2464, 10.3117 ], [ -5.2468, 10.3118 ], [ -5.247, 10.312 ], [ -5.2472, 10.3121 ], [ -5.2473, 10.3122 ], [ -5.2475, 10.3123 ], [ -5.2476, 10.3123 ], [ -5.2477, 10.3123 ], [ -5.248, 10.3123 ], [ -5.2481, 10.3122 ], [ -5.2482, 10.3121 ], [ -5.2483, 10.312 ], [ -5.2485, 10.312 ], [ -5.2486, 10.3119 ], [ -5.2487, 10.3118 ], [ -5.2489, 10.3116 ], [ -5.2502, 10.3105 ], [ -5.2505, 10.3104 ], [ -5.251, 10.31 ], [ -5.2515, 10.3098 ], [ -5.252, 10.3094 ], [ -5.2525, 10.309 ], [ -5.2529, 10.3088 ], [ -5.2531, 10.3088 ], [ -5.2534, 10.3086 ], [ -5.2536, 10.3085 ], [ -5.2537, 10.3083 ], [ -5.2538, 10.3081 ], [ -5.2539, 10.3079 ], [ -5.254, 10.3076 ], [ -5.2541, 10.3075 ], [ -5.2546, 10.3072 ], [ -5.2555, 10.3066 ], [ -5.2562, 10.3057 ], [ -5.2563, 10.3056 ], [ -5.2567, 10.3056 ], [ -5.2572, 10.3056 ], [ -5.2587, 10.3061 ], [ -5.2598, 10.3074 ], [ -5.2602, 10.3089 ], [ -5.2606, 10.3099 ], [ -5.2609, 10.3109 ], [ -5.2611, 10.3114 ], [ -5.2614, 10.3124 ], [ -5.2622, 10.3132 ], [ -5.2637, 10.314 ], [ -5.2643, 10.314 ], [ -5.2653, 10.314 ], [ -5.2659, 10.3138 ], [ -5.2665, 10.3138 ], [ -5.2666, 10.3138 ], [ -5.2668, 10.3139 ], [ -5.267, 10.3139 ], [ -5.2671, 10.3139 ], [ -5.2675, 10.314 ], [ -5.2679, 10.3141 ], [ -5.2683, 10.3142 ], [ -5.2686, 10.3142 ], [ -5.2689, 10.3141 ], [ -5.2695, 10.3138 ], [ -5.2697, 10.3136 ], [ -5.2699, 10.3133 ], [ -5.2699, 10.3132 ], [ -5.2701, 10.313 ], [ -5.2703, 10.3128 ], [ -5.2705, 10.3128 ], [ -5.2706, 10.3127 ], [ -5.2708, 10.3125 ], [ -5.271, 10.3122 ], [ -5.2709, 10.312 ], [ -5.2708, 10.3118 ], [ -5.2708, 10.3117 ], [ -5.2706, 10.3114 ], [ -5.2705, 10.3112 ], [ -5.2701, 10.3109 ], [ -5.2699, 10.3106 ], [ -5.2697, 10.3102 ], [ -5.2693, 10.3095 ], [ -5.2691, 10.3093 ], [ -5.269, 10.3087 ], [ -5.269, 10.3084 ], [ -5.2692, 10.3081 ], [ -5.2695, 10.3079 ], [ -5.2699, 10.3077 ], [ -5.2702, 10.3077 ], [ -5.2707, 10.3077 ], [ -5.2711, 10.3078 ], [ -5.2714, 10.308 ], [ -5.2717, 10.308 ], [ -5.2719, 10.3082 ], [ -5.2725, 10.3084 ], [ -5.2728, 10.3085 ], [ -5.2733, 10.3085 ], [ -5.2737, 10.3083 ], [ -5.2741, 10.3085 ], [ -5.2746, 10.3086 ], [ -5.275, 10.3089 ], [ -5.2753, 10.309 ], [ -5.277, 10.3096 ], [ -5.2782, 10.3103 ], [ -5.2791, 10.3106 ], [ -5.2796, 10.3108 ], [ -5.2804, 10.3112 ], [ -5.2818, 10.3124 ], [ -5.2825, 10.3136 ], [ -5.2831, 10.3149 ], [ -5.2839, 10.3162 ], [ -5.2847, 10.3177 ], [ -5.2846, 10.3197 ], [ -5.2847, 10.3202 ], [ -5.2852, 10.3205 ], [ -5.2859, 10.3204 ], [ -5.2861, 10.3203 ], [ -5.2863, 10.3202 ], [ -5.2864, 10.3201 ], [ -5.2866, 10.3198 ], [ -5.2865, 10.3196 ], [ -5.2864, 10.3194 ], [ -5.2862, 10.3191 ], [ -5.2861, 10.3189 ], [ -5.286, 10.3187 ], [ -5.2859, 10.3184 ], [ -5.2859, 10.3182 ], [ -5.286, 10.318 ], [ -5.2862, 10.3179 ], [ -5.2865, 10.3179 ], [ -5.2868, 10.3179 ], [ -5.2871, 10.3179 ], [ -5.2875, 10.318 ], [ -5.2878, 10.3181 ], [ -5.2881, 10.3181 ], [ -5.2885, 10.3181 ], [ -5.2887, 10.3183 ], [ -5.2888, 10.3185 ], [ -5.2888, 10.3186 ], [ -5.2888, 10.3187 ], [ -5.2887, 10.3189 ], [ -5.2886, 10.319 ], [ -5.2885, 10.3192 ], [ -5.2885, 10.3194 ], [ -5.2885, 10.3196 ], [ -5.2887, 10.3198 ], [ -5.2888, 10.3201 ], [ -5.289, 10.3202 ], [ -5.2893, 10.3202 ], [ -5.2895, 10.3202 ], [ -5.2898, 10.3201 ], [ -5.2901, 10.32 ], [ -5.2903, 10.3198 ], [ -5.2904, 10.3197 ], [ -5.2907, 10.3195 ], [ -5.2909, 10.3195 ], [ -5.2912, 10.3193 ], [ -5.2914, 10.3192 ], [ -5.2916, 10.3191 ], [ -5.2917, 10.319 ], [ -5.2917, 10.3189 ], [ -5.2916, 10.3188 ], [ -5.2915, 10.3186 ], [ -5.2914, 10.3184 ], [ -5.2913, 10.3182 ], [ -5.2913, 10.3181 ], [ -5.2914, 10.318 ], [ -5.2916, 10.3179 ], [ -5.2917, 10.3178 ], [ -5.2919, 10.3177 ], [ -5.292, 10.3176 ], [ -5.2922, 10.3174 ], [ -5.2923, 10.3173 ], [ -5.2925, 10.317 ], [ -5.2927, 10.3168 ], [ -5.2928, 10.3167 ], [ -5.2931, 10.3166 ], [ -5.2933, 10.3165 ], [ -5.2935, 10.3164 ], [ -5.2937, 10.3163 ], [ -5.2939, 10.3163 ], [ -5.2941, 10.3162 ], [ -5.2944, 10.316 ], [ -5.2948, 10.3159 ], [ -5.2951, 10.3159 ], [ -5.2954, 10.3159 ], [ -5.2956, 10.316 ], [ -5.2958, 10.3161 ], [ -5.2962, 10.3161 ], [ -5.2965, 10.3161 ], [ -5.2969, 10.316 ], [ -5.2972, 10.3158 ], [ -5.2975, 10.3156 ], [ -5.2978, 10.3155 ], [ -5.298, 10.3154 ], [ -5.2982, 10.3154 ], [ -5.2985, 10.3153 ], [ -5.2987, 10.3152 ], [ -5.2989, 10.3151 ], [ -5.2989, 10.3149 ], [ -5.2989, 10.3147 ], [ -5.2989, 10.3146 ], [ -5.2988, 10.3144 ], [ -5.2988, 10.3142 ], [ -5.2988, 10.314 ], [ -5.2987, 10.3139 ], [ -5.2986, 10.3139 ], [ -5.2985, 10.3138 ], [ -5.2982, 10.3139 ], [ -5.2981, 10.3139 ], [ -5.2979, 10.3139 ], [ -5.2976, 10.3139 ], [ -5.2975, 10.3139 ], [ -5.2973, 10.3138 ], [ -5.2971, 10.3137 ], [ -5.297, 10.3136 ], [ -5.2969, 10.3135 ], [ -5.2967, 10.3133 ], [ -5.2965, 10.3132 ], [ -5.2961, 10.3132 ], [ -5.296, 10.3132 ], [ -5.2958, 10.3133 ], [ -5.2956, 10.3133 ], [ -5.2955, 10.3134 ], [ -5.2953, 10.3134 ], [ -5.2951, 10.3135 ], [ -5.2948, 10.3136 ], [ -5.2945, 10.3138 ], [ -5.2943, 10.3139 ], [ -5.2941, 10.314 ], [ -5.2939, 10.314 ], [ -5.2936, 10.3139 ], [ -5.2933, 10.3139 ], [ -5.2929, 10.3137 ], [ -5.2925, 10.3135 ], [ -5.2924, 10.3133 ], [ -5.2922, 10.3132 ], [ -5.292, 10.3127 ], [ -5.2919, 10.3125 ], [ -5.2918, 10.3123 ], [ -5.2918, 10.3122 ], [ -5.2917, 10.312 ], [ -5.2917, 10.3119 ], [ -5.2917, 10.3118 ], [ -5.2918, 10.3117 ], [ -5.2919, 10.3115 ], [ -5.2919, 10.3114 ], [ -5.2919, 10.3112 ], [ -5.2919, 10.311 ], [ -5.2919, 10.3107 ], [ -5.2919, 10.3103 ], [ -5.2918, 10.3101 ], [ -5.2917, 10.3095 ], [ -5.2915, 10.3091 ], [ -5.2912, 10.3086 ], [ -5.2911, 10.3079 ], [ -5.2912, 10.3074 ], [ -5.2913, 10.3073 ], [ -5.2914, 10.307 ], [ -5.2921, 10.3058 ], [ -5.2927, 10.3053 ], [ -5.2931, 10.3049 ], [ -5.2933, 10.3048 ], [ -5.2934, 10.3043 ], [ -5.2938, 10.3035 ], [ -5.294, 10.3036 ], [ -5.2943, 10.3036 ], [ -5.2945, 10.3035 ], [ -5.2948, 10.3033 ], [ -5.2949, 10.3032 ], [ -5.2951, 10.3033 ], [ -5.2954, 10.3034 ], [ -5.2954, 10.3035 ], [ -5.2956, 10.3038 ], [ -5.2959, 10.3041 ], [ -5.2961, 10.3043 ], [ -5.2966, 10.3046 ], [ -5.2971, 10.3049 ], [ -5.2976, 10.3052 ], [ -5.2982, 10.3055 ], [ -5.2984, 10.3056 ], [ -5.2986, 10.3057 ], [ -5.2988, 10.3059 ], [ -5.2991, 10.306 ], [ -5.2996, 10.3062 ], [ -5.2999, 10.3063 ], [ -5.3003, 10.3062 ], [ -5.3005, 10.306 ], [ -5.3007, 10.3057 ], [ -5.3008, 10.3054 ], [ -5.3009, 10.3051 ], [ -5.3012, 10.3047 ], [ -5.3017, 10.3042 ], [ -5.302, 10.3039 ], [ -5.3024, 10.3037 ], [ -5.3031, 10.3032 ], [ -5.3031, 10.3032 ], [ -5.3038, 10.3021 ], [ -5.3042, 10.3009 ], [ -5.3054, 10.3006 ], [ -5.3059, 10.3004 ], [ -5.3063, 10.3007 ], [ -5.3073, 10.3012 ], [ -5.3077, 10.3013 ], [ -5.3088, 10.3016 ], [ -5.3104, 10.3017 ], [ -5.3112, 10.3013 ], [ -5.3113, 10.3011 ], [ -5.3115, 10.2998 ], [ -5.3121, 10.2989 ], [ -5.3127, 10.2987 ], [ -5.3128, 10.2987 ], [ -5.313, 10.2991 ], [ -5.3131, 10.2992 ], [ -5.3133, 10.2996 ], [ -5.3145, 10.2995 ], [ -5.3149, 10.2985 ], [ -5.315, 10.2983 ], [ -5.316, 10.2976 ], [ -5.3171, 10.2966 ], [ -5.3173, 10.2966 ], [ -5.3182, 10.2964 ], [ -5.3188, 10.2959 ], [ -5.3191, 10.2953 ], [ -5.3192, 10.2949 ], [ -5.3193, 10.2942 ], [ -5.3203, 10.293 ], [ -5.3209, 10.2924 ], [ -5.3213, 10.292 ], [ -5.3218, 10.2914 ], [ -5.3222, 10.2908 ], [ -5.3227, 10.2907 ], [ -5.3231, 10.2907 ], [ -5.3241, 10.291 ], [ -5.3263, 10.2915 ], [ -5.328, 10.2927 ], [ -5.3294, 10.2941 ], [ -5.3314, 10.2954 ], [ -5.3333, 10.2963 ], [ -5.3348, 10.2971 ], [ -5.3364, 10.2979 ], [ -5.3383, 10.2987 ], [ -5.3386, 10.2988 ], [ -5.3391, 10.299 ], [ -5.3396, 10.299 ], [ -5.34, 10.2991 ], [ -5.3403, 10.2992 ], [ -5.3405, 10.2993 ], [ -5.3407, 10.2994 ], [ -5.3409, 10.2994 ], [ -5.341, 10.2994 ], [ -5.3412, 10.2995 ], [ -5.3414, 10.2996 ], [ -5.3416, 10.2997 ], [ -5.3419, 10.2997 ], [ -5.3421, 10.2998 ], [ -5.3424, 10.3001 ], [ -5.3426, 10.3001 ], [ -5.3428, 10.3002 ], [ -5.3429, 10.3003 ], [ -5.3431, 10.3004 ], [ -5.3433, 10.3006 ], [ -5.3435, 10.3007 ], [ -5.3436, 10.3009 ], [ -5.3439, 10.3011 ], [ -5.3442, 10.3012 ], [ -5.3444, 10.3013 ], [ -5.3448, 10.3013 ], [ -5.3452, 10.3013 ], [ -5.3455, 10.3014 ], [ -5.3459, 10.3016 ], [ -5.346, 10.3018 ], [ -5.3462, 10.3021 ], [ -5.3464, 10.3024 ], [ -5.3464, 10.3027 ], [ -5.3465, 10.3031 ], [ -5.3465, 10.3035 ], [ -5.3466, 10.3038 ], [ -5.3466, 10.3045 ], [ -5.3466, 10.3049 ], [ -5.3466, 10.3052 ], [ -5.3468, 10.3055 ], [ -5.3471, 10.3056 ], [ -5.3475, 10.3056 ], [ -5.3478, 10.3055 ], [ -5.3481, 10.3054 ], [ -5.3484, 10.3053 ], [ -5.3486, 10.3052 ], [ -5.3488, 10.3051 ], [ -5.3489, 10.305 ], [ -5.3491, 10.3048 ], [ -5.3501, 10.304 ], [ -5.3514, 10.3034 ], [ -5.3522, 10.3025 ], [ -5.3521, 10.3019 ], [ -5.3522, 10.3016 ], [ -5.3522, 10.301 ], [ -5.3525, 10.3002 ], [ -5.3526, 10.3 ], [ -5.3532, 10.2984 ], [ -5.353, 10.2978 ], [ -5.3529, 10.2974 ], [ -5.3531, 10.2971 ], [ -5.3534, 10.2966 ], [ -5.3537, 10.2961 ], [ -5.354, 10.2959 ], [ -5.3541, 10.2957 ], [ -5.3541, 10.2953 ], [ -5.354, 10.2947 ], [ -5.3539, 10.2945 ], [ -5.3538, 10.2942 ], [ -5.3535, 10.2937 ], [ -5.3534, 10.2934 ], [ -5.3534, 10.2929 ], [ -5.3535, 10.2925 ], [ -5.3536, 10.2923 ], [ -5.3539, 10.2923 ], [ -5.3544, 10.2922 ], [ -5.3545, 10.2919 ], [ -5.3546, 10.2917 ], [ -5.3546, 10.2914 ], [ -5.3547, 10.2911 ], [ -5.3546, 10.2909 ], [ -5.3545, 10.2908 ], [ -5.3545, 10.2901 ], [ -5.3546, 10.2895 ], [ -5.3547, 10.2893 ], [ -5.3548, 10.2892 ], [ -5.3549, 10.2887 ], [ -5.355, 10.2884 ], [ -5.355, 10.2882 ], [ -5.355, 10.2881 ], [ -5.3552, 10.2878 ], [ -5.3554, 10.2877 ], [ -5.3556, 10.2875 ], [ -5.3562, 10.2873 ], [ -5.3568, 10.2866 ], [ -5.357, 10.2862 ], [ -5.3574, 10.2858 ], [ -5.3576, 10.2856 ], [ -5.3578, 10.2853 ], [ -5.3581, 10.285 ], [ -5.3583, 10.2848 ], [ -5.3584, 10.2846 ], [ -5.3583, 10.2842 ], [ -5.3584, 10.2836 ], [ -5.3594, 10.2828 ], [ -5.3617, 10.2826 ], [ -5.3634, 10.2825 ], [ -5.3655, 10.2834 ], [ -5.3675, 10.284 ], [ -5.3682, 10.2841 ], [ -5.369, 10.2848 ], [ -5.3695, 10.2856 ], [ -5.3695, 10.2857 ], [ -5.37, 10.2871 ], [ -5.3702, 10.2884 ], [ -5.3711, 10.2901 ], [ -5.3714, 10.2912 ], [ -5.3723, 10.2928 ], [ -5.3731, 10.2947 ], [ -5.3743, 10.2956 ], [ -5.3764, 10.2959 ], [ -5.3783, 10.2955 ], [ -5.3793, 10.295 ], [ -5.3804, 10.2938 ], [ -5.3808, 10.2921 ], [ -5.3809, 10.2917 ], [ -5.3811, 10.29 ], [ -5.3816, 10.2898 ], [ -5.3819, 10.2896 ], [ -5.383, 10.2894 ], [ -5.3836, 10.2897 ], [ -5.3845, 10.2903 ], [ -5.3858, 10.292 ], [ -5.3867, 10.2922 ], [ -5.3875, 10.2916 ], [ -5.3886, 10.2924 ], [ -5.3889, 10.2933 ], [ -5.389, 10.2934 ], [ -5.39, 10.2942 ], [ -5.3907, 10.2952 ], [ -5.3921, 10.2959 ], [ -5.3928, 10.2964 ], [ -5.394, 10.2968 ], [ -5.3951, 10.297 ], [ -5.3957, 10.2967 ], [ -5.3962, 10.2965 ], [ -5.3965, 10.2964 ], [ -5.3967, 10.2963 ], [ -5.397, 10.2962 ], [ -5.3974, 10.296 ], [ -5.3975, 10.2958 ], [ -5.3976, 10.2956 ], [ -5.3978, 10.2953 ], [ -5.3979, 10.2951 ], [ -5.3981, 10.2949 ], [ -5.3983, 10.2949 ], [ -5.3985, 10.295 ], [ -5.3986, 10.295 ], [ -5.3988, 10.2951 ], [ -5.3989, 10.2953 ], [ -5.399, 10.2955 ], [ -5.3992, 10.2957 ], [ -5.3993, 10.2958 ], [ -5.3995, 10.296 ], [ -5.3998, 10.296 ], [ -5.4002, 10.2959 ], [ -5.4007, 10.2959 ], [ -5.4012, 10.296 ], [ -5.4027, 10.2959 ], [ -5.4035, 10.2962 ], [ -5.4037, 10.2962 ], [ -5.4039, 10.2962 ], [ -5.4041, 10.2964 ], [ -5.4042, 10.2965 ], [ -5.4043, 10.2966 ], [ -5.4044, 10.2968 ], [ -5.4046, 10.2972 ], [ -5.4047, 10.2974 ], [ -5.4047, 10.2976 ], [ -5.4047, 10.2978 ], [ -5.4047, 10.298 ], [ -5.4047, 10.2981 ], [ -5.4046, 10.2982 ], [ -5.4045, 10.2984 ], [ -5.4044, 10.2986 ], [ -5.4045, 10.2987 ], [ -5.4046, 10.2989 ], [ -5.4047, 10.2991 ], [ -5.4049, 10.2993 ], [ -5.4051, 10.2994 ], [ -5.4053, 10.2997 ], [ -5.4055, 10.3 ], [ -5.406, 10.3008 ], [ -5.4067, 10.3023 ], [ -5.4072, 10.3037 ], [ -5.4087, 10.3048 ], [ -5.4107, 10.3058 ], [ -5.4109, 10.3058 ], [ -5.4112, 10.3058 ], [ -5.4124, 10.3057 ], [ -5.4142, 10.3055 ], [ -5.4161, 10.3059 ], [ -5.4162, 10.3067 ], [ -5.4161, 10.3085 ], [ -5.4155, 10.3109 ], [ -5.4151, 10.3124 ], [ -5.4148, 10.3143 ], [ -5.4157, 10.3154 ], [ -5.4161, 10.3166 ], [ -5.4165, 10.3178 ], [ -5.417, 10.3189 ], [ -5.418, 10.3201 ], [ -5.4198, 10.3214 ], [ -5.4205, 10.3217 ], [ -5.4216, 10.3229 ], [ -5.4233, 10.323 ], [ -5.4241, 10.3227 ], [ -5.4249, 10.3225 ], [ -5.4259, 10.3215 ], [ -5.4262, 10.3213 ], [ -5.4263, 10.321 ], [ -5.4264, 10.3209 ], [ -5.4265, 10.3206 ], [ -5.4268, 10.3206 ], [ -5.427, 10.3206 ], [ -5.4271, 10.3206 ], [ -5.4272, 10.3204 ], [ -5.4273, 10.3201 ], [ -5.4275, 10.3199 ], [ -5.4277, 10.3195 ], [ -5.4277, 10.3193 ], [ -5.428, 10.3189 ], [ -5.428, 10.3186 ], [ -5.4283, 10.3184 ], [ -5.4287, 10.3182 ], [ -5.4288, 10.3182 ], [ -5.4298, 10.3178 ], [ -5.4314, 10.3176 ], [ -5.4319, 10.3175 ], [ -5.4322, 10.3176 ], [ -5.4325, 10.3177 ], [ -5.4329, 10.3179 ], [ -5.4332, 10.318 ], [ -5.4333, 10.3182 ], [ -5.4333, 10.3184 ], [ -5.4334, 10.3186 ], [ -5.4336, 10.3189 ], [ -5.4337, 10.3192 ], [ -5.4341, 10.3199 ], [ -5.4343, 10.3205 ], [ -5.4344, 10.3209 ], [ -5.4346, 10.3213 ], [ -5.4348, 10.3215 ], [ -5.4351, 10.3216 ], [ -5.4354, 10.3216 ], [ -5.4357, 10.3216 ], [ -5.4362, 10.3216 ], [ -5.4368, 10.3216 ], [ -5.437, 10.3216 ], [ -5.4373, 10.3217 ], [ -5.4377, 10.3222 ], [ -5.4381, 10.3225 ], [ -5.4381, 10.3237 ], [ -5.4379, 10.3259 ], [ -5.4374, 10.3275 ], [ -5.437, 10.3294 ], [ -5.4367, 10.3313 ], [ -5.4367, 10.3317 ], [ -5.4366, 10.3334 ], [ -5.4368, 10.334 ], [ -5.437, 10.3352 ], [ -5.4377, 10.337 ], [ -5.4387, 10.3386 ], [ -5.441, 10.3409 ], [ -5.4415, 10.341 ], [ -5.4429, 10.3409 ], [ -5.4434, 10.341 ], [ -5.4437, 10.341 ], [ -5.4442, 10.341 ], [ -5.4449, 10.3409 ], [ -5.4454, 10.3409 ], [ -5.4461, 10.341 ], [ -5.4474, 10.3406 ], [ -5.4479, 10.3404 ], [ -5.4499, 10.3395 ], [ -5.4507, 10.3397 ], [ -5.451, 10.3395 ], [ -5.4513, 10.3395 ], [ -5.4518, 10.3395 ], [ -5.4522, 10.3398 ], [ -5.4526, 10.3401 ], [ -5.4529, 10.3403 ], [ -5.4534, 10.3412 ], [ -5.4537, 10.3422 ], [ -5.4539, 10.3428 ], [ -5.4545, 10.3428 ], [ -5.455, 10.3428 ], [ -5.4555, 10.3429 ], [ -5.4558, 10.3433 ], [ -5.4559, 10.3438 ], [ -5.4563, 10.3445 ], [ -5.4569, 10.3452 ], [ -5.4579, 10.3454 ], [ -5.4585, 10.3455 ], [ -5.4592, 10.3456 ], [ -5.4594, 10.3457 ], [ -5.4598, 10.3459 ], [ -5.46, 10.346 ], [ -5.4603, 10.3461 ], [ -5.4606, 10.3462 ], [ -5.4611, 10.3464 ], [ -5.4612, 10.3465 ], [ -5.4614, 10.3467 ], [ -5.4616, 10.3471 ], [ -5.4619, 10.3474 ], [ -5.462, 10.3476 ], [ -5.4624, 10.3481 ], [ -5.4625, 10.3484 ], [ -5.4626, 10.3488 ], [ -5.4628, 10.3493 ], [ -5.4631, 10.3496 ], [ -5.4633, 10.35 ], [ -5.4634, 10.3502 ], [ -5.4637, 10.3507 ], [ -5.464, 10.3515 ], [ -5.4643, 10.3517 ], [ -5.4645, 10.3519 ], [ -5.4646, 10.3521 ], [ -5.4646, 10.3523 ], [ -5.4644, 10.3525 ], [ -5.4642, 10.3526 ], [ -5.4641, 10.3528 ], [ -5.464, 10.3529 ], [ -5.464, 10.3531 ], [ -5.464, 10.3532 ], [ -5.4639, 10.3532 ], [ -5.4636, 10.3533 ], [ -5.4633, 10.3533 ], [ -5.4631, 10.3533 ], [ -5.4625, 10.3532 ], [ -5.4618, 10.3527 ], [ -5.4614, 10.3521 ], [ -5.4611, 10.3516 ], [ -5.4609, 10.3512 ], [ -5.4605, 10.3509 ], [ -5.4602, 10.3507 ], [ -5.4599, 10.3507 ], [ -5.4598, 10.3508 ], [ -5.4592, 10.3514 ], [ -5.459, 10.3527 ], [ -5.4587, 10.3542 ], [ -5.4587, 10.3546 ], [ -5.4586, 10.3548 ], [ -5.4586, 10.3552 ], [ -5.4587, 10.3554 ], [ -5.4587, 10.3555 ], [ -5.459, 10.3558 ], [ -5.4591, 10.356 ], [ -5.4591, 10.3561 ], [ -5.4595, 10.3564 ], [ -5.4595, 10.3567 ], [ -5.4594, 10.3569 ], [ -5.4591, 10.3574 ], [ -5.4588, 10.3573 ], [ -5.4584, 10.357 ], [ -5.4583, 10.3568 ], [ -5.4584, 10.3565 ], [ -5.4582, 10.3562 ], [ -5.4579, 10.3562 ], [ -5.4575, 10.3562 ], [ -5.4573, 10.3563 ], [ -5.457, 10.3564 ], [ -5.457, 10.3567 ], [ -5.4571, 10.3571 ], [ -5.4572, 10.3578 ], [ -5.4578, 10.3599 ], [ -5.4586, 10.3612 ], [ -5.4589, 10.3615 ], [ -5.4593, 10.3621 ], [ -5.4598, 10.3626 ], [ -5.46, 10.3631 ], [ -5.4601, 10.3633 ], [ -5.4603, 10.3638 ], [ -5.4607, 10.3642 ], [ -5.4618, 10.3649 ], [ -5.4624, 10.366 ], [ -5.4626, 10.3665 ], [ -5.4631, 10.3676 ], [ -5.4636, 10.3688 ], [ -5.4633, 10.3705 ], [ -5.4634, 10.3716 ], [ -5.4636, 10.3725 ], [ -5.4642, 10.3734 ], [ -5.4646, 10.3737 ], [ -5.4647, 10.3739 ], [ -5.4651, 10.3744 ], [ -5.4654, 10.3751 ], [ -5.4656, 10.3755 ], [ -5.4659, 10.376 ], [ -5.4665, 10.3764 ], [ -5.4671, 10.3765 ], [ -5.4678, 10.3764 ], [ -5.4689, 10.376 ], [ -5.4697, 10.3755 ], [ -5.4712, 10.3748 ], [ -5.4714, 10.3747 ], [ -5.4718, 10.3745 ], [ -5.4722, 10.3743 ], [ -5.4738, 10.374 ], [ -5.4739, 10.374 ], [ -5.475, 10.3736 ], [ -5.4754, 10.3736 ], [ -5.4769, 10.374 ], [ -5.4785, 10.3748 ], [ -5.4802, 10.376 ], [ -5.4811, 10.3766 ], [ -5.4825, 10.3776 ], [ -5.4828, 10.3777 ], [ -5.483, 10.378 ], [ -5.483, 10.379 ], [ -5.4829, 10.3792 ], [ -5.4824, 10.3794 ], [ -5.4822, 10.3798 ], [ -5.482, 10.3801 ], [ -5.4819, 10.3806 ], [ -5.4819, 10.3809 ], [ -5.4819, 10.3812 ], [ -5.4817, 10.3816 ], [ -5.4812, 10.3819 ], [ -5.4809, 10.3823 ], [ -5.4808, 10.3826 ], [ -5.4808, 10.3831 ], [ -5.4808, 10.3833 ], [ -5.481, 10.3834 ], [ -5.4812, 10.3838 ], [ -5.4812, 10.3841 ], [ -5.4815, 10.3842 ], [ -5.4821, 10.3841 ], [ -5.4826, 10.3841 ], [ -5.4827, 10.384 ], [ -5.4833, 10.3838 ], [ -5.4836, 10.3838 ], [ -5.4839, 10.384 ], [ -5.4845, 10.3842 ], [ -5.4847, 10.3847 ], [ -5.4847, 10.385 ], [ -5.4846, 10.3852 ], [ -5.4843, 10.3858 ], [ -5.4841, 10.386 ], [ -5.484, 10.3861 ], [ -5.4841, 10.3866 ], [ -5.484, 10.387 ], [ -5.4837, 10.3873 ], [ -5.4836, 10.3876 ], [ -5.4835, 10.3881 ], [ -5.4836, 10.3884 ], [ -5.4838, 10.3888 ], [ -5.4838, 10.3892 ], [ -5.4841, 10.3895 ], [ -5.4843, 10.3899 ], [ -5.4845, 10.3903 ], [ -5.4848, 10.3908 ], [ -5.485, 10.3916 ], [ -5.4854, 10.3919 ], [ -5.4856, 10.3924 ], [ -5.4859, 10.3928 ], [ -5.4863, 10.3936 ], [ -5.4864, 10.3938 ], [ -5.4866, 10.3939 ], [ -5.4868, 10.394 ], [ -5.4868, 10.3942 ], [ -5.4867, 10.3945 ], [ -5.4866, 10.3947 ], [ -5.487, 10.3951 ], [ -5.4871, 10.3955 ], [ -5.4874, 10.3959 ], [ -5.4876, 10.3962 ], [ -5.4876, 10.3964 ], [ -5.4876, 10.3966 ], [ -5.4878, 10.3968 ], [ -5.4881, 10.3971 ], [ -5.4881, 10.3976 ], [ -5.4881, 10.3981 ], [ -5.4883, 10.3986 ], [ -5.4883, 10.399 ], [ -5.4884, 10.3995 ], [ -5.4885, 10.4 ], [ -5.4887, 10.4006 ], [ -5.4888, 10.4011 ], [ -5.4888, 10.4015 ], [ -5.4888, 10.4022 ], [ -5.4886, 10.4028 ], [ -5.4884, 10.4037 ], [ -5.4881, 10.4048 ], [ -5.4883, 10.4052 ], [ -5.4885, 10.4055 ], [ -5.4887, 10.4058 ], [ -5.489, 10.4059 ], [ -5.4893, 10.4061 ], [ -5.4897, 10.4063 ], [ -5.49, 10.4064 ], [ -5.4903, 10.4065 ], [ -5.4906, 10.4066 ], [ -5.4909, 10.4068 ], [ -5.4913, 10.4069 ], [ -5.4915, 10.4069 ], [ -5.4919, 10.4069 ], [ -5.4922, 10.4068 ], [ -5.4926, 10.4068 ], [ -5.4929, 10.4068 ], [ -5.4933, 10.407 ], [ -5.4937, 10.4071 ], [ -5.4941, 10.4071 ], [ -5.4947, 10.4071 ], [ -5.4949, 10.4073 ], [ -5.495, 10.4075 ], [ -5.4953, 10.4078 ], [ -5.4958, 10.408 ], [ -5.4961, 10.4079 ], [ -5.4966, 10.4079 ], [ -5.4969, 10.408 ], [ -5.4974, 10.4083 ], [ -5.4976, 10.4087 ], [ -5.4976, 10.4089 ], [ -5.4979, 10.4094 ], [ -5.4983, 10.4096 ], [ -5.4986, 10.4098 ], [ -5.4988, 10.4101 ], [ -5.4989, 10.4104 ], [ -5.4994, 10.4107 ], [ -5.5, 10.4113 ], [ -5.5002, 10.4116 ], [ -5.5005, 10.4121 ], [ -5.5007, 10.4125 ], [ -5.5009, 10.4134 ], [ -5.5008, 10.415 ], [ -5.501, 10.4157 ], [ -5.5008, 10.4174 ], [ -5.5, 10.4201 ], [ -5.4993, 10.4222 ], [ -5.4993, 10.4229 ], [ -5.4991, 10.4241 ], [ -5.5, 10.4245 ], [ -5.5012, 10.4239 ], [ -5.5025, 10.423 ], [ -5.5039, 10.4224 ], [ -5.506, 10.4221 ], [ -5.5074, 10.4223 ], [ -5.509, 10.4231 ], [ -5.5091, 10.4245 ], [ -5.5086, 10.4254 ], [ -5.5072, 10.4266 ], [ -5.5069, 10.4269 ], [ -5.5099, 10.4271 ], [ -5.5105, 10.4285 ], [ -5.511, 10.4298 ], [ -5.5112, 10.4305 ], [ -5.5113, 10.4307 ], [ -5.5106, 10.4324 ], [ -5.5099, 10.4346 ], [ -5.5093, 10.4368 ], [ -5.5086, 10.4376 ], [ -5.5058, 10.4422 ], [ -5.5044, 10.4451 ], [ -5.5026, 10.4482 ], [ -5.5026, 10.4495 ], [ -5.5027, 10.451 ], [ -5.503, 10.4546 ], [ -5.5037, 10.4557 ], [ -5.5042, 10.4564 ], [ -5.5046, 10.457 ], [ -5.5048, 10.4574 ], [ -5.5062, 10.4587 ], [ -5.5039, 10.4603 ], [ -5.5018, 10.4626 ], [ -5.5013, 10.4658 ], [ -5.5017, 10.4679 ], [ -5.5019, 10.4685 ], [ -5.5016, 10.4689 ], [ -5.5, 10.4693 ], [ -5.4988, 10.4697 ], [ -5.496, 10.4722 ], [ -5.4962, 10.4749 ], [ -5.4979, 10.4765 ], [ -5.4976, 10.4769 ], [ -5.4957, 10.478 ], [ -5.4932, 10.4786 ], [ -5.4917, 10.481 ], [ -5.492, 10.4843 ], [ -5.4919, 10.4871 ], [ -5.4909, 10.4868 ], [ -5.4885, 10.4862 ], [ -5.488, 10.4866 ], [ -5.4861, 10.4889 ], [ -5.4865, 10.4899 ], [ -5.4872, 10.4918 ], [ -5.4886, 10.4943 ], [ -5.4869, 10.4959 ], [ -5.4866, 10.4963 ], [ -5.4863, 10.4972 ], [ -5.4855, 10.4992 ], [ -5.485, 10.5 ], [ -5.4843, 10.5009 ], [ -5.484, 10.5013 ], [ -5.4842, 10.503 ], [ -5.4844, 10.5044 ], [ -5.4843, 10.5061 ], [ -5.4843, 10.5066 ], [ -5.4834, 10.5074 ], [ -5.4825, 10.5081 ], [ -5.4803, 10.5083 ], [ -5.4786, 10.5078 ], [ -5.478, 10.5076 ], [ -5.4778, 10.5079 ], [ -5.4773, 10.5085 ], [ -5.477, 10.509 ], [ -5.477, 10.509 ], [ -5.4766, 10.5098 ], [ -5.4762, 10.5104 ], [ -5.4762, 10.5111 ], [ -5.4757, 10.5139 ], [ -5.4752, 10.5169 ], [ -5.4753, 10.5195 ], [ -5.4761, 10.5228 ], [ -5.4751, 10.5236 ], [ -5.4745, 10.5241 ], [ -5.4736, 10.5259 ], [ -5.4723, 10.5287 ], [ -5.4708, 10.5315 ], [ -5.4706, 10.5319 ], [ -5.4705, 10.5324 ], [ -5.4705, 10.5327 ], [ -5.4704, 10.5335 ], [ -5.4702, 10.5354 ], [ -5.47, 10.5376 ], [ -5.4697, 10.54 ], [ -5.4696, 10.5413 ], [ -5.4693, 10.5421 ], [ -5.4691, 10.5428 ], [ -5.4687, 10.5436 ], [ -5.4679, 10.5449 ], [ -5.4668, 10.5464 ], [ -5.4661, 10.5472 ], [ -5.4657, 10.5478 ], [ -5.465, 10.5483 ], [ -5.4626, 10.5501 ], [ -5.4605, 10.5516 ], [ -5.4584, 10.5527 ], [ -5.4574, 10.5532 ], [ -5.4552, 10.5548 ], [ -5.4545, 10.557 ], [ -5.4554, 10.559 ], [ -5.4561, 10.5604 ], [ -5.4566, 10.5618 ], [ -5.4568, 10.5622 ], [ -5.4569, 10.5625 ], [ -5.4581, 10.5646 ], [ -5.4583, 10.5651 ], [ -5.4589, 10.5673 ], [ -5.4589, 10.5676 ], [ -5.4599, 10.5705 ], [ -5.4602, 10.5707 ], [ -5.4607, 10.5724 ], [ -5.4609, 10.573 ], [ -5.461, 10.5737 ], [ -5.4613, 10.5752 ], [ -5.4614, 10.5783 ], [ -5.4621, 10.5805 ], [ -5.4622, 10.5808 ], [ -5.4623, 10.581 ], [ -5.4637, 10.5831 ], [ -5.4647, 10.5863 ], [ -5.4636, 10.5868 ], [ -5.462, 10.5876 ], [ -5.4608, 10.5885 ], [ -5.4596, 10.5893 ], [ -5.4592, 10.5896 ], [ -5.4589, 10.5907 ], [ -5.4586, 10.5917 ], [ -5.4583, 10.5926 ], [ -5.458, 10.5953 ], [ -5.4577, 10.5977 ], [ -5.4578, 10.6022 ], [ -5.4604, 10.6043 ], [ -5.4623, 10.6054 ], [ -5.4659, 10.6088 ], [ -5.4687, 10.6088 ], [ -5.4715, 10.6075 ], [ -5.4711, 10.6089 ], [ -5.4707, 10.6105 ], [ -5.4706, 10.6118 ], [ -5.4706, 10.6132 ], [ -5.4709, 10.6154 ], [ -5.4712, 10.6186 ], [ -5.473, 10.6203 ], [ -5.4738, 10.6203 ], [ -5.4767, 10.6208 ], [ -5.4772, 10.6225 ], [ -5.4743, 10.6217 ], [ -5.4715, 10.623 ], [ -5.4687, 10.6259 ], [ -5.4661, 10.6285 ], [ -5.4642, 10.6304 ], [ -5.4626, 10.6333 ], [ -5.4617, 10.6363 ], [ -5.4605, 10.6402 ], [ -5.4606, 10.6487 ], [ -5.4628, 10.6656 ], [ -5.4622, 10.6788 ], [ -5.464, 10.6949 ], [ -5.4634, 10.6983 ], [ -5.459, 10.7106 ], [ -5.4588, 10.7138 ], [ -5.4593, 10.7173 ], [ -5.46, 10.7205 ], [ -5.4602, 10.7211 ], [ -5.4617, 10.7277 ], [ -5.4604, 10.7306 ], [ -5.4601, 10.7321 ], [ -5.4597, 10.734 ], [ -5.4594, 10.7356 ], [ -5.4591, 10.7411 ], [ -5.4581, 10.743 ], [ -5.4576, 10.7443 ], [ -5.4559, 10.7464 ], [ -5.4544, 10.7493 ], [ -5.4554, 10.752 ], [ -5.4556, 10.7525 ], [ -5.4568, 10.7554 ], [ -5.4569, 10.7555 ], [ -5.4582, 10.7568 ], [ -5.4594, 10.7578 ], [ -5.4596, 10.758 ], [ -5.4627, 10.7579 ], [ -5.465, 10.7579 ], [ -5.4669, 10.7646 ], [ -5.4654, 10.7652 ], [ -5.4645, 10.7656 ], [ -5.4642, 10.7657 ], [ -5.4611, 10.766 ], [ -5.4589, 10.7656 ], [ -5.4565, 10.765 ], [ -5.4554, 10.7646 ], [ -5.4551, 10.7645 ], [ -5.4542, 10.7645 ], [ -5.4533, 10.7641 ], [ -5.4511, 10.7639 ], [ -5.4493, 10.764 ], [ -5.4474, 10.7642 ], [ -5.4466, 10.7644 ], [ -5.4454, 10.7647 ], [ -5.4433, 10.7656 ], [ -5.4419, 10.7666 ], [ -5.4359, 10.7708 ], [ -5.4337, 10.7717 ], [ -5.4333, 10.772 ], [ -5.431, 10.7743 ], [ -5.4292, 10.7806 ], [ -5.4282, 10.7884 ], [ -5.4271, 10.7938 ], [ -5.4258, 10.7966 ], [ -5.4245, 10.7981 ], [ -5.4232, 10.7998 ], [ -5.4219, 10.8015 ], [ -5.4213, 10.8024 ], [ -5.4203, 10.805 ], [ -5.4176, 10.8143 ], [ -5.4157, 10.8188 ], [ -5.4149, 10.8198 ], [ -5.4144, 10.8233 ], [ -5.412, 10.8257 ], [ -5.4093, 10.8269 ], [ -5.4102, 10.8331 ], [ -5.4101, 10.8363 ], [ -5.4079, 10.8393 ], [ -5.4069, 10.8412 ], [ -5.4066, 10.8418 ], [ -5.4062, 10.8425 ], [ -5.4058, 10.8431 ], [ -5.4054, 10.8441 ], [ -5.4043, 10.8456 ], [ -5.4036, 10.8468 ], [ -5.403, 10.8476 ], [ -5.4018, 10.8512 ], [ -5.4022, 10.8538 ], [ -5.4022, 10.8545 ], [ -5.4043, 10.8572 ], [ -5.4064, 10.8593 ], [ -5.4112, 10.8643 ], [ -5.4126, 10.8668 ], [ -5.4154, 10.8768 ], [ -5.4172, 10.8779 ], [ -5.421, 10.8802 ], [ -5.4254, 10.8822 ], [ -5.4274, 10.8831 ], [ -5.4288, 10.8837 ], [ -5.4299, 10.8842 ], [ -5.431, 10.8849 ], [ -5.4311, 10.885 ], [ -5.4324, 10.8859 ], [ -5.4333, 10.8867 ], [ -5.435, 10.8883 ], [ -5.4361, 10.8895 ], [ -5.4365, 10.89 ], [ -5.4371, 10.8906 ], [ -5.4378, 10.891 ], [ -5.4396, 10.8919 ], [ -5.4401, 10.892 ], [ -5.4401, 10.8922 ], [ -5.442, 10.8922 ], [ -5.4436, 10.8921 ], [ -5.444, 10.8923 ], [ -5.4462, 10.8934 ], [ -5.4508, 10.8976 ], [ -5.4524, 10.9005 ], [ -5.4499, 10.9031 ], [ -5.4485, 10.9048 ], [ -5.448, 10.9055 ], [ -5.4466, 10.9083 ], [ -5.4464, 10.9123 ], [ -5.4462, 10.9171 ], [ -5.448, 10.9277 ], [ -5.451, 10.9342 ], [ -5.4521, 10.9365 ], [ -5.4528, 10.9378 ], [ -5.4569, 10.9456 ], [ -5.4558, 10.9558 ], [ -5.4556, 10.9576 ], [ -5.4556, 10.9577 ], [ -5.4517, 10.9724 ], [ -5.4531, 10.9738 ], [ -5.4621, 10.9827 ], [ -5.4624, 10.983 ], [ -5.4644, 10.9826 ], [ -5.466, 10.9823 ], [ -5.467, 10.9817 ], [ -5.4716, 10.9798 ], [ -5.4745, 10.9784 ], [ -5.4766, 10.9769 ], [ -5.4771, 10.9766 ], [ -5.4834, 10.9752 ], [ -5.4872, 10.9748 ], [ -5.4902, 10.9749 ], [ -5.4899, 10.9783 ], [ -5.4863, 10.9835 ], [ -5.4807, 10.9913 ], [ -5.4796, 10.9946 ], [ -5.4797, 11.0018 ], [ -5.4775, 11.0047 ], [ -5.4772, 11.0051 ], [ -5.476, 11.008 ], [ -5.4761, 11.0104 ], [ -5.4752, 11.0126 ], [ -5.4757, 11.014 ], [ -5.4759, 11.0147 ], [ -5.476, 11.0149 ], [ -5.4768, 11.0189 ], [ -5.4776, 11.0211 ], [ -5.4784, 11.0237 ], [ -5.4798, 11.0261 ], [ -5.48, 11.0265 ], [ -5.4855, 11.0406 ], [ -5.4876, 11.0496 ], [ -5.4876, 11.0507 ], [ -5.488, 11.0593 ], [ -5.4885, 11.072 ], [ -5.489, 11.0813 ], [ -5.4868, 11.0825 ], [ -5.4789, 11.0831 ], [ -5.4727, 11.0836 ], [ -5.4725, 11.0836 ], [ -5.4723, 11.0837 ], [ -5.4719, 11.0837 ], [ -5.4714, 11.0837 ], [ -5.4693, 11.0839 ], [ -5.4568, 11.0862 ], [ -5.4453, 11.0886 ], [ -5.434, 11.0919 ], [ -5.4281, 11.0939 ], [ -5.4261, 11.0943 ], [ -5.4207, 11.0951 ], [ -5.4097, 11.0972 ], [ -5.4072, 11.0977 ], [ -5.4012, 11.0993 ], [ -5.3971, 11.1004 ], [ -5.3947, 11.1015 ], [ -5.3908, 11.1029 ], [ -5.3811, 11.1062 ], [ -5.3716, 11.1118 ], [ -5.365, 11.1159 ], [ -5.3636, 11.1168 ], [ -5.3605, 11.1187 ], [ -5.36, 11.1189 ], [ -5.3566, 11.1205 ], [ -5.3531, 11.1222 ], [ -5.351, 11.1232 ], [ -5.3467, 11.1252 ], [ -5.3384, 11.1311 ], [ -5.3282, 11.1417 ], [ -5.3245, 11.1546 ], [ -5.3243, 11.1646 ], [ -5.3254, 11.1727 ], [ -5.3266, 11.1881 ], [ -5.3263, 11.1933 ], [ -5.3261, 11.1975 ], [ -5.3259, 11.1985 ], [ -5.3255, 11.2001 ], [ -5.3253, 11.201 ], [ -5.3249, 11.2023 ], [ -5.3237, 11.2042 ], [ -5.3235, 11.2045 ], [ -5.3234, 11.2049 ], [ -5.3233, 11.2052 ], [ -5.3231, 11.2055 ], [ -5.3229, 11.2058 ], [ -5.3228, 11.2061 ], [ -5.3226, 11.2064 ], [ -5.3224, 11.2067 ], [ -5.3222, 11.2071 ], [ -5.3221, 11.2073 ], [ -5.3219, 11.2076 ], [ -5.3217, 11.2079 ], [ -5.3215, 11.2082 ], [ -5.3212, 11.2085 ], [ -5.321, 11.2088 ], [ -5.3208, 11.2091 ], [ -5.3206, 11.2093 ], [ -5.3203, 11.2096 ], [ -5.3201, 11.2099 ], [ -5.3199, 11.2101 ], [ -5.3196, 11.2104 ], [ -5.3194, 11.2106 ], [ -5.3191, 11.2109 ], [ -5.3188, 11.2111 ], [ -5.3186, 11.2113 ], [ -5.3183, 11.2116 ], [ -5.3181, 11.2117 ], [ -5.318, 11.2118 ], [ -5.3177, 11.212 ], [ -5.3174, 11.2122 ], [ -5.3172, 11.2124 ], [ -5.3169, 11.2126 ], [ -5.3166, 11.2128 ], [ -5.3163, 11.213 ], [ -5.316, 11.2132 ], [ -5.3157, 11.2134 ], [ -5.3153, 11.2135 ], [ -5.315, 11.2137 ], [ -5.3147, 11.2139 ], [ -5.2894, 11.2277 ], [ -5.2694, 11.2338 ], [ -5.269, 11.2338 ], [ -5.2687, 11.2339 ], [ -5.2683, 11.234 ], [ -5.2679, 11.2341 ], [ -5.2676, 11.2342 ], [ -5.2672, 11.2343 ], [ -5.2668, 11.2344 ], [ -5.2665, 11.2345 ], [ -5.2661, 11.2346 ], [ -5.2657, 11.2347 ], [ -5.2654, 11.2349 ], [ -5.265, 11.235 ], [ -5.2647, 11.2351 ], [ -5.2643, 11.2353 ], [ -5.264, 11.2355 ], [ -5.2637, 11.2356 ], [ -5.2633, 11.2358 ], [ -5.263, 11.236 ], [ -5.2627, 11.2361 ], [ -5.2623, 11.2363 ], [ -5.262, 11.2365 ], [ -5.2617, 11.2367 ], [ -5.2614, 11.2369 ], [ -5.261, 11.2371 ], [ -5.2607, 11.2374 ], [ -5.2604, 11.2376 ], [ -5.2601, 11.2378 ], [ -5.2598, 11.238 ], [ -5.2595, 11.2383 ], [ -5.2593, 11.2385 ], [ -5.259, 11.2388 ], [ -5.2587, 11.239 ], [ -5.2584, 11.2393 ], [ -5.2581, 11.2396 ], [ -5.2579, 11.2398 ], [ -5.2576, 11.2401 ], [ -5.2574, 11.2403 ], [ -5.2574, 11.2404 ], [ -5.2571, 11.2407 ], [ -5.257, 11.2408 ], [ -5.2569, 11.2409 ], [ -5.2566, 11.2412 ], [ -5.2564, 11.2415 ], [ -5.2562, 11.2418 ], [ -5.2559, 11.2421 ], [ -5.2557, 11.2425 ], [ -5.2555, 11.2428 ], [ -5.2553, 11.2431 ], [ -5.2551, 11.2434 ], [ -5.2549, 11.2437 ], [ -5.2541, 11.2453 ], [ -5.2537, 11.2471 ], [ -5.2528, 11.2494 ], [ -5.2525, 11.2507 ], [ -5.2518, 11.2527 ], [ -5.2517, 11.2537 ], [ -5.2515, 11.2555 ], [ -5.2513, 11.2575 ], [ -5.2512, 11.2589 ], [ -5.2513, 11.2603 ], [ -5.2511, 11.2625 ], [ -5.2511, 11.2637 ], [ -5.2512, 11.2657 ], [ -5.2513, 11.2684 ], [ -5.2519, 11.2726 ], [ -5.2533, 11.2844 ], [ -5.2548, 11.3055 ], [ -5.2558, 11.3212 ], [ -5.2561, 11.3249 ], [ -5.2558, 11.3344 ], [ -5.2555, 11.349 ], [ -5.2544, 11.3587 ], [ -5.2538, 11.3622 ], [ -5.2526, 11.3677 ], [ -5.2499, 11.3771 ], [ -5.2496, 11.378 ], [ -5.2492, 11.3788 ], [ -5.2489, 11.3797 ], [ -5.2486, 11.3806 ], [ -5.2483, 11.3814 ], [ -5.2479, 11.3823 ], [ -5.2476, 11.3832 ], [ -5.2473, 11.3837 ], [ -5.2472, 11.384 ], [ -5.2468, 11.3849 ], [ -5.2465, 11.3857 ], [ -5.2461, 11.3866 ], [ -5.2457, 11.3874 ], [ -5.2453, 11.3883 ], [ -5.2449, 11.3891 ], [ -5.2445, 11.39 ], [ -5.2441, 11.3908 ], [ -5.2437, 11.3916 ], [ -5.2433, 11.3925 ], [ -5.2429, 11.3933 ], [ -5.2424, 11.3941 ], [ -5.242, 11.3949 ], [ -5.2396, 11.3962 ], [ -5.2303, 11.4012 ], [ -5.2293, 11.4017 ], [ -5.2186, 11.4117 ], [ -5.2165, 11.4166 ], [ -5.2158, 11.4173 ], [ -5.2149, 11.4183 ], [ -5.2134, 11.419 ], [ -5.2112, 11.4204 ], [ -5.2089, 11.4216 ], [ -5.2076, 11.4224 ], [ -5.2056, 11.4237 ], [ -5.2044, 11.4245 ], [ -5.2004, 11.4255 ], [ -5.198, 11.4314 ], [ -5.198, 11.4331 ], [ -5.1982, 11.4373 ], [ -5.1982, 11.4374 ], [ -5.1988, 11.4433 ], [ -5.2022, 11.4485 ], [ -5.2085, 11.4594 ], [ -5.2064, 11.4702 ], [ -5.205, 11.4738 ], [ -5.2043, 11.4746 ], [ -5.2038, 11.4754 ], [ -5.2033, 11.478 ], [ -5.2035, 11.4796 ], [ -5.2034, 11.4813 ], [ -5.2002, 11.4856 ], [ -5.2016, 11.4876 ], [ -5.202, 11.4879 ], [ -5.2032, 11.4901 ], [ -5.2043, 11.4923 ], [ -5.2055, 11.4942 ], [ -5.2063, 11.4954 ], [ -5.2066, 11.4963 ], [ -5.2071, 11.4979 ], [ -5.2075, 11.5 ], [ -5.2068, 11.5015 ], [ -5.2061, 11.5026 ], [ -5.206, 11.5047 ], [ -5.2063, 11.5071 ], [ -5.2063, 11.508 ], [ -5.205, 11.5126 ], [ -5.2044, 11.5137 ], [ -5.2039, 11.5154 ], [ -5.2033, 11.516 ], [ -5.2027, 11.5179 ], [ -5.2027, 11.5191 ], [ -5.2025, 11.5206 ], [ -5.2024, 11.522 ], [ -5.2019, 11.5238 ], [ -5.2011, 11.5266 ], [ -5.2007, 11.528 ], [ -5.1999, 11.5293 ], [ -5.1992, 11.5305 ], [ -5.2003, 11.5326 ], [ -5.2019, 11.5353 ], [ -5.2058, 11.5422 ], [ -5.2068, 11.5451 ], [ -5.2069, 11.5493 ], [ -5.2116, 11.5545 ], [ -5.213, 11.5561 ], [ -5.2153, 11.5785 ], [ -5.2216, 11.5879 ], [ -5.2284, 11.593 ], [ -5.2291, 11.5937 ], [ -5.2319, 11.5963 ], [ -5.232, 11.5992 ], [ -5.233, 11.6019 ], [ -5.2357, 11.6037 ], [ -5.238, 11.605 ], [ -5.2409, 11.6065 ], [ -5.2437, 11.6071 ], [ -5.2504, 11.606 ], [ -5.2529, 11.6072 ], [ -5.2619, 11.6078 ], [ -5.2653, 11.6067 ], [ -5.2675, 11.6057 ], [ -5.2707, 11.6052 ], [ -5.2732, 11.6042 ], [ -5.2756, 11.6051 ], [ -5.2781, 11.6061 ], [ -5.2804, 11.6078 ], [ -5.2822, 11.6102 ], [ -5.2839, 11.6116 ], [ -5.287, 11.6128 ], [ -5.2915, 11.6158 ], [ -5.2915, 11.6175 ], [ -5.2917, 11.6177 ], [ -5.2921, 11.6181 ], [ -5.2924, 11.6185 ], [ -5.2921, 11.6231 ], [ -5.2923, 11.624 ], [ -5.2921, 11.6271 ], [ -5.2916, 11.6297 ], [ -5.2899, 11.6312 ], [ -5.2879, 11.633 ], [ -5.2867, 11.6367 ], [ -5.2817, 11.644 ], [ -5.281, 11.6507 ], [ -5.2804, 11.6534 ], [ -5.2794, 11.6542 ], [ -5.2782, 11.655 ], [ -5.2778, 11.6555 ], [ -5.2766, 11.6576 ], [ -5.2746, 11.6604 ], [ -5.2724, 11.6626 ], [ -5.2704, 11.6664 ], [ -5.2671, 11.6759 ], [ -5.2654, 11.6778 ], [ -5.2641, 11.6807 ], [ -5.2648, 11.6835 ], [ -5.2655, 11.6949 ], [ -5.266, 11.6962 ], [ -5.266, 11.6965 ], [ -5.266, 11.6974 ], [ -5.2664, 11.6981 ], [ -5.267, 11.699 ], [ -5.2676, 11.7 ], [ -5.2686, 11.7024 ], [ -5.2692, 11.7059 ], [ -5.2682, 11.7088 ], [ -5.2666, 11.7105 ], [ -5.2666, 11.7133 ], [ -5.2662, 11.7144 ], [ -5.2654, 11.7166 ], [ -5.2646, 11.7206 ], [ -5.2629, 11.7297 ], [ -5.2615, 11.7316 ], [ -5.2609, 11.7325 ], [ -5.2606, 11.7333 ], [ -5.2602, 11.7341 ], [ -5.2599, 11.7347 ], [ -5.2595, 11.7364 ], [ -5.2593, 11.7374 ], [ -5.2593, 11.7377 ], [ -5.2592, 11.7381 ], [ -5.2589, 11.7401 ], [ -5.2588, 11.742 ], [ -5.2583, 11.7435 ], [ -5.2584, 11.7465 ], [ -5.2585, 11.748 ], [ -5.2586, 11.7494 ], [ -5.2593, 11.7507 ], [ -5.2594, 11.751 ], [ -5.2597, 11.7519 ], [ -5.2599, 11.7524 ], [ -5.261, 11.7544 ], [ -5.2603, 11.7568 ], [ -5.2594, 11.759 ], [ -5.2594, 11.7614 ], [ -5.2595, 11.7623 ], [ -5.2607, 11.7645 ], [ -5.261, 11.765 ], [ -5.2617, 11.7651 ], [ -5.2628, 11.7652 ], [ -5.2635, 11.7654 ], [ -5.2648, 11.7652 ], [ -5.2664, 11.7648 ], [ -5.2674, 11.7644 ], [ -5.2676, 11.7643 ], [ -5.2691, 11.7635 ], [ -5.2703, 11.7625 ], [ -5.2707, 11.762 ], [ -5.2714, 11.7612 ], [ -5.2719, 11.7609 ], [ -5.276, 11.7589 ], [ -5.278, 11.7595 ], [ -5.2802, 11.7613 ], [ -5.2853, 11.7623 ], [ -5.2916, 11.768 ], [ -5.2901, 11.7694 ], [ -5.2892, 11.7697 ], [ -5.2879, 11.7697 ], [ -5.2873, 11.7705 ], [ -5.2854, 11.7712 ], [ -5.2847, 11.7735 ], [ -5.2853, 11.7763 ], [ -5.2874, 11.7782 ], [ -5.2877, 11.7785 ], [ -5.2897, 11.7803 ], [ -5.2903, 11.7857 ], [ -5.2954, 11.785 ], [ -5.2984, 11.7854 ], [ -5.3004, 11.7863 ], [ -5.3029, 11.7899 ], [ -5.3032, 11.7925 ], [ -5.306, 11.7937 ], [ -5.3083, 11.7943 ], [ -5.3125, 11.7944 ], [ -5.3162, 11.7951 ], [ -5.318, 11.7973 ], [ -5.3199, 11.799 ], [ -5.3223, 11.7998 ], [ -5.3221, 11.8021 ], [ -5.323, 11.8042 ], [ -5.3234, 11.8044 ], [ -5.3255, 11.805 ], [ -5.3276, 11.8048 ], [ -5.3284, 11.8047 ], [ -5.3291, 11.8024 ], [ -5.3293, 11.8021 ], [ -5.3304, 11.8006 ], [ -5.3337, 11.8003 ], [ -5.3351, 11.8004 ], [ -5.3359, 11.8032 ], [ -5.3381, 11.8049 ], [ -5.3401, 11.8044 ], [ -5.3409, 11.8043 ], [ -5.3417, 11.8021 ], [ -5.3424, 11.8015 ], [ -5.3429, 11.8023 ], [ -5.3428, 11.8044 ], [ -5.3431, 11.807 ], [ -5.3448, 11.8085 ], [ -5.3473, 11.8086 ], [ -5.3493, 11.8071 ], [ -5.3527, 11.798 ], [ -5.3542, 11.8004 ], [ -5.3561, 11.8034 ], [ -5.357, 11.8036 ], [ -5.3577, 11.8037 ], [ -5.359, 11.8039 ], [ -5.3609, 11.8028 ], [ -5.3625, 11.8033 ], [ -5.3629, 11.8068 ], [ -5.3684, 11.8122 ], [ -5.3714, 11.8122 ], [ -5.3741, 11.8106 ], [ -5.3756, 11.8119 ], [ -5.3757, 11.812 ], [ -5.3759, 11.8124 ], [ -5.3781, 11.8177 ], [ -5.3796, 11.8191 ], [ -5.3799, 11.8191 ], [ -5.3829, 11.8198 ], [ -5.3858, 11.8186 ], [ -5.388, 11.8168 ], [ -5.3904, 11.8195 ], [ -5.3911, 11.8203 ], [ -5.3945, 11.8211 ], [ -5.3971, 11.8211 ], [ -5.3988, 11.8222 ], [ -5.4003, 11.824 ], [ -5.4022, 11.8251 ], [ -5.4028, 11.8265 ], [ -5.4016, 11.8288 ], [ -5.3992, 11.8305 ], [ -5.3963, 11.8312 ], [ -5.3936, 11.8326 ], [ -5.3915, 11.8343 ], [ -5.3883, 11.8354 ], [ -5.3801, 11.8397 ], [ -5.3818, 11.8377 ], [ -5.3827, 11.8356 ], [ -5.382, 11.8338 ], [ -5.3818, 11.8331 ], [ -5.38, 11.8329 ], [ -5.3779, 11.833 ], [ -5.3742, 11.8363 ], [ -5.3755, 11.8318 ], [ -5.3743, 11.8305 ], [ -5.3723, 11.8301 ], [ -5.3713, 11.8312 ], [ -5.3706, 11.832 ], [ -5.3687, 11.8323 ], [ -5.3677, 11.8298 ], [ -5.3657, 11.8291 ], [ -5.3631, 11.8298 ], [ -5.3609, 11.8284 ], [ -5.3598, 11.8265 ], [ -5.3581, 11.8233 ], [ -5.3571, 11.8211 ], [ -5.3567, 11.8197 ], [ -5.3545, 11.8178 ], [ -5.352, 11.8176 ], [ -5.3476, 11.8195 ], [ -5.3462, 11.8206 ], [ -5.3448, 11.8218 ], [ -5.3427, 11.8232 ], [ -5.3396, 11.824 ], [ -5.3378, 11.8247 ], [ -5.3363, 11.8265 ], [ -5.3362, 11.8266 ], [ -5.3354, 11.8288 ], [ -5.3347, 11.8296 ], [ -5.3341, 11.8306 ], [ -5.3328, 11.8315 ], [ -5.3308, 11.8328 ], [ -5.3296, 11.8335 ], [ -5.3282, 11.8349 ], [ -5.3273, 11.836 ], [ -5.3263, 11.8372 ], [ -5.3258, 11.8377 ], [ -5.3229, 11.8407 ], [ -5.3226, 11.8412 ], [ -5.322, 11.843 ], [ -5.3212, 11.8439 ], [ -5.3207, 11.8413 ], [ -5.3201, 11.8381 ], [ -5.3182, 11.8367 ], [ -5.3177, 11.8366 ], [ -5.3158, 11.837 ], [ -5.3156, 11.8371 ], [ -5.3135, 11.8367 ], [ -5.3114, 11.8351 ], [ -5.3091, 11.8347 ], [ -5.3063, 11.834 ], [ -5.304, 11.8328 ], [ -5.3014, 11.8332 ], [ -5.2976, 11.8403 ], [ -5.297, 11.8425 ], [ -5.2964, 11.845 ], [ -5.2952, 11.8462 ], [ -5.295, 11.8464 ], [ -5.293, 11.8476 ], [ -5.2916, 11.849 ], [ -5.2914, 11.8491 ], [ -5.287, 11.8495 ], [ -5.2852, 11.85 ], [ -5.2833, 11.8485 ], [ -5.2811, 11.8491 ], [ -5.2804, 11.8487 ], [ -5.2801, 11.848 ], [ -5.28, 11.845 ], [ -5.2797, 11.8432 ], [ -5.2783, 11.8397 ], [ -5.2762, 11.8375 ], [ -5.2734, 11.8359 ], [ -5.2706, 11.8362 ], [ -5.2692, 11.8379 ], [ -5.2678, 11.8362 ], [ -5.2672, 11.8343 ], [ -5.2651, 11.8324 ], [ -5.262, 11.8314 ], [ -5.2599, 11.832 ], [ -5.2582, 11.8339 ], [ -5.2577, 11.8364 ], [ -5.2568, 11.8382 ], [ -5.2544, 11.8385 ], [ -5.2522, 11.8371 ], [ -5.2474, 11.8375 ], [ -5.2464, 11.8397 ], [ -5.2464, 11.8412 ], [ -5.2464, 11.8417 ], [ -5.2464, 11.8424 ], [ -5.2469, 11.8432 ], [ -5.2478, 11.8448 ], [ -5.2474, 11.8458 ], [ -5.2452, 11.8463 ], [ -5.2448, 11.8464 ], [ -5.2436, 11.8493 ], [ -5.2459, 11.8519 ], [ -5.2462, 11.8536 ], [ -5.2441, 11.8554 ], [ -5.2432, 11.8579 ], [ -5.2446, 11.8601 ], [ -5.2437, 11.8613 ], [ -5.2419, 11.862 ], [ -5.2418, 11.8621 ], [ -5.2402, 11.8639 ], [ -5.239, 11.866 ], [ -5.2371, 11.8676 ], [ -5.235, 11.8675 ], [ -5.2329, 11.8667 ], [ -5.2303, 11.8672 ], [ -5.229, 11.8682 ], [ -5.2282, 11.8689 ], [ -5.2269, 11.8695 ], [ -5.2238, 11.8709 ], [ -5.2137, 11.8759 ], [ -5.2132, 11.8786 ], [ -5.2101, 11.8833 ], [ -5.2095, 11.8852 ], [ -5.209, 11.8862 ], [ -5.2088, 11.8876 ], [ -5.2086, 11.8882 ], [ -5.2078, 11.889 ], [ -5.207, 11.8898 ], [ -5.2053, 11.8909 ], [ -5.204, 11.8921 ], [ -5.2029, 11.8927 ], [ -5.202, 11.893 ], [ -5.2014, 11.8935 ], [ -5.2, 11.8951 ], [ -5.1981, 11.8961 ], [ -5.197, 11.8964 ], [ -5.1959, 11.8966 ], [ -5.1922, 11.8964 ], [ -5.1875, 11.8962 ], [ -5.1857, 11.8968 ], [ -5.1851, 11.8989 ], [ -5.1861, 11.9 ], [ -5.1871, 11.9012 ], [ -5.1875, 11.9034 ], [ -5.1858, 11.9033 ], [ -5.184, 11.9025 ], [ -5.1817, 11.9041 ], [ -5.1803, 11.9063 ], [ -5.1795, 11.9113 ], [ -5.1745, 11.9151 ], [ -5.1734, 11.9172 ], [ -5.1721, 11.9254 ], [ -5.1695, 11.9272 ], [ -5.168, 11.9283 ], [ -5.1676, 11.9285 ], [ -5.1668, 11.9292 ], [ -5.1659, 11.9301 ], [ -5.1647, 11.932 ], [ -5.1629, 11.9335 ], [ -5.1603, 11.9335 ], [ -5.1579, 11.9325 ], [ -5.1555, 11.9321 ], [ -5.1535, 11.9323 ], [ -5.1514, 11.9344 ], [ -5.1504, 11.9363 ], [ -5.1491, 11.9467 ], [ -5.1466, 11.9494 ], [ -5.1401, 11.946 ], [ -5.14, 11.9459 ], [ -5.1398, 11.9458 ], [ -5.135, 11.9483 ], [ -5.1325, 11.9501 ], [ -5.1302, 11.9511 ], [ -5.1261, 11.956 ], [ -5.1236, 11.9578 ], [ -5.1228, 11.9584 ], [ -5.1214, 11.9589 ], [ -5.1208, 11.9592 ], [ -5.1197, 11.9595 ], [ -5.1165, 11.9601 ], [ -5.1132, 11.9607 ], [ -5.1109, 11.9608 ], [ -5.1096, 11.9628 ], [ -5.1077, 11.964 ], [ -5.1049, 11.9629 ], [ -5.1016, 11.9629 ], [ -5.0992, 11.9633 ], [ -5.0972, 11.9645 ], [ -5.096, 11.9673 ], [ -5.0934, 11.9676 ], [ -5.0913, 11.9683 ], [ -5.0894, 11.9702 ], [ -5.0848, 11.9703 ], [ -5.0829, 11.9718 ], [ -5.0828, 11.9727 ], [ -5.0823, 11.974 ], [ -5.0818, 11.9748 ], [ -5.0812, 11.9758 ], [ -5.0811, 11.976 ], [ -5.0792, 11.9772 ], [ -5.0765, 11.9805 ], [ -5.0739, 11.9805 ], [ -5.0714, 11.9808 ], [ -5.0694, 11.9802 ], [ -5.0692, 11.9802 ], [ -5.065, 11.9782 ], [ -5.0633, 11.9776 ], [ -5.061, 11.9767 ], [ -5.0601, 11.9759 ], [ -5.0587, 11.9745 ], [ -5.0568, 11.9751 ], [ -5.056, 11.976 ], [ -5.055, 11.9771 ], [ -5.0524, 11.9778 ], [ -5.0506, 11.9796 ], [ -5.0461, 11.9803 ], [ -5.0437, 11.9808 ], [ -5.0387, 11.982 ], [ -5.0358, 11.9823 ], [ -5.0332, 11.9827 ], [ -5.0302, 11.9828 ], [ -5.03, 11.9828 ], [ -5.0291, 11.9827 ], [ -5.0275, 11.983 ], [ -5.0237, 11.9834 ], [ -5.0175, 11.9801 ], [ -5.0152, 11.982 ], [ -5.014, 11.9837 ], [ -5.01, 11.986 ], [ -5.0087, 11.9873 ], [ -5.0063, 11.9867 ], [ -5.0019, 11.9864 ], [ -4.9954, 11.9879 ], [ -4.9937, 11.9872 ], [ -4.9923, 11.9847 ], [ -4.9901, 11.9837 ], [ -4.9896, 11.9835 ], [ -4.9888, 11.9835 ], [ -4.9849, 11.9837 ], [ -4.9835, 11.9857 ], [ -4.9828, 11.9882 ], [ -4.9746, 11.9922 ], [ -4.9729, 11.9921 ], [ -4.9728, 11.992 ], [ -4.972, 11.991 ], [ -4.9674, 11.9917 ], [ -4.9664, 11.9934 ], [ -4.9651, 11.9953 ], [ -4.9626, 11.9958 ], [ -4.9603, 11.9968 ], [ -4.9583, 11.9982 ], [ -4.9555, 11.9991 ], [ -4.9533, 11.9976 ], [ -4.9513, 11.9961 ], [ -4.9486, 11.9969 ], [ -4.947, 12.0012 ], [ -4.9437, 12.0017 ], [ -4.9404, 12.0017 ], [ -4.9371, 12.0029 ], [ -4.9341, 12.0035 ], [ -4.9304, 12.0036 ], [ -4.9285, 12.0013 ], [ -4.9257, 11.9987 ], [ -4.9248, 11.9987 ], [ -4.9225, 11.9977 ], [ -4.9164, 11.9962 ], [ -4.9141, 11.9981 ], [ -4.9138, 12.0006 ], [ -4.9106, 12.001 ], [ -4.9075, 12.0022 ], [ -4.9008, 12.0025 ], [ -4.8977, 12.0015 ], [ -4.8945, 12.001 ], [ -4.8912, 12.0013 ], [ -4.8866, 12.0032 ], [ -4.884, 12.0021 ], [ -4.8815, 12.0016 ], [ -4.8798, 12.0008 ], [ -4.8783, 12.0001 ], [ -4.8678, 12.0005 ], [ -4.8629, 12.0061 ], [ -4.8607, 12.0072 ], [ -4.8587, 12.0079 ], [ -4.8545, 12.0085 ], [ -4.8493, 12.016 ], [ -4.8469, 12.0142 ], [ -4.8455, 12.0137 ], [ -4.8401, 12.0117 ], [ -4.8372, 12.0107 ], [ -4.834, 12.0151 ], [ -4.8324, 12.0173 ], [ -4.8309, 12.0146 ], [ -4.8322, 12.0121 ], [ -4.8217, 12.0062 ], [ -4.8196, 12.005 ], [ -4.8129, 12.0095 ], [ -4.7998, 12.0051 ], [ -4.796, 12.0066 ], [ -4.793, 12.0082 ], [ -4.7913, 12.0092 ], [ -4.7909, 12.0025 ], [ -4.7885, 12.0036 ], [ -4.7771, 12.0085 ], [ -4.7757, 12.0067 ], [ -4.7753, 12.0062 ], [ -4.773, 12.006 ], [ -4.7728, 12.006 ], [ -4.766, 12.0019 ], [ -4.7641, 12.0025 ], [ -4.7583, 12.004 ], [ -4.7544, 12.0051 ], [ -4.75, 12.004 ], [ -4.7491, 12.0012 ], [ -4.7401, 11.9987 ], [ -4.7368, 11.9997 ], [ -4.7346, 12.0008 ], [ -4.7319, 12.0023 ], [ -4.7298, 12.0043 ], [ -4.7291, 12.0054 ], [ -4.7284, 12.0066 ], [ -4.728, 12.0074 ], [ -4.7268, 12.0094 ], [ -4.725, 12.0113 ], [ -4.7238, 12.0147 ], [ -4.7228, 12.0176 ], [ -4.7224, 12.02 ], [ -4.7223, 12.0234 ], [ -4.7224, 12.0251 ], [ -4.7226, 12.0296 ], [ -4.7193, 12.0294 ], [ -4.7162, 12.0308 ], [ -4.7158, 12.0341 ], [ -4.7147, 12.0364 ], [ -4.7144, 12.0382 ], [ -4.7141, 12.0402 ], [ -4.7146, 12.0459 ], [ -4.7115, 12.045 ], [ -4.7095, 12.0474 ], [ -4.7068, 12.0528 ], [ -4.7037, 12.0571 ], [ -4.7006, 12.062 ], [ -4.676, 12.063 ], [ -4.6716, 12.0632 ], [ -4.6695, 12.0629 ], [ -4.6689, 12.0628 ], [ -4.6673, 12.0626 ], [ -4.6645, 12.0622 ], [ -4.6627, 12.062 ], [ -4.6581, 12.0613 ], [ -4.6563, 12.061 ], [ -4.6535, 12.0606 ], [ -4.6485, 12.0599 ], [ -4.6409, 12.0587 ], [ -4.6349, 12.0578 ], [ -4.6317, 12.0574 ], [ -4.6304, 12.0572 ], [ -4.6303, 12.0572 ], [ -4.6302, 12.0617 ], [ -4.6296, 12.0767 ], [ -4.6295, 12.0796 ], [ -4.629, 12.0959 ], [ -4.6289, 12.0991 ], [ -4.6287, 12.1101 ], [ -4.6287, 12.1122 ], [ -4.6259, 12.1146 ], [ -4.6213, 12.1186 ], [ -4.6174, 12.1219 ], [ -4.6155, 12.1236 ], [ -4.6129, 12.1258 ], [ -4.6118, 12.1278 ], [ -4.6081, 12.1339 ], [ -4.6062, 12.1372 ], [ -4.6023, 12.1377 ], [ -4.6021, 12.1377 ], [ -4.6013, 12.1378 ], [ -4.5983, 12.1381 ], [ -4.5945, 12.1379 ], [ -4.5853, 12.1373 ], [ -4.5842, 12.1372 ], [ -4.584, 12.1372 ], [ -4.5839, 12.1372 ], [ -4.5807, 12.137 ], [ -4.5765, 12.1369 ], [ -4.5646, 12.1368 ], [ -4.5645, 12.1368 ], [ -4.5551, 12.137 ], [ -4.5439, 12.1402 ], [ -4.5417, 12.1409 ], [ -4.5492, 12.1573 ], [ -4.5577, 12.1583 ], [ -4.5599, 12.1619 ], [ -4.5604, 12.1627 ], [ -4.5617, 12.1649 ], [ -4.5721, 12.1817 ], [ -4.5733, 12.1838 ], [ -4.5739, 12.1848 ], [ -4.5744, 12.1855 ], [ -4.5745, 12.1857 ], [ -4.5748, 12.1863 ], [ -4.575, 12.1864 ], [ -4.575, 12.1866 ], [ -4.5751, 12.1867 ], [ -4.5752, 12.1869 ], [ -4.5753, 12.187 ], [ -4.5754, 12.1872 ], [ -4.5755, 12.1874 ], [ -4.5766, 12.1892 ], [ -4.5777, 12.1909 ], [ -4.5779, 12.1913 ], [ -4.578, 12.1918 ], [ -4.5802, 12.1996 ], [ -4.5766, 12.2006 ], [ -4.5734, 12.2023 ], [ -4.5708, 12.2053 ], [ -4.5674, 12.2071 ], [ -4.5609, 12.2118 ], [ -4.5493, 12.2203 ], [ -4.5446, 12.2247 ], [ -4.5438, 12.2266 ], [ -4.5431, 12.2282 ], [ -4.5401, 12.229 ], [ -4.5378, 12.2311 ], [ -4.5348, 12.2333 ], [ -4.529, 12.2331 ], [ -4.5191, 12.2492 ], [ -4.4966, 12.2665 ], [ -4.4948, 12.2677 ], [ -4.491, 12.2702 ], [ -4.4869, 12.2729 ], [ -4.483, 12.2755 ], [ -4.4769, 12.2795 ], [ -4.4759, 12.2801 ], [ -4.4758, 12.2802 ], [ -4.4757, 12.2802 ], [ -4.4757, 12.2803 ], [ -4.4756, 12.2803 ], [ -4.4755, 12.2804 ], [ -4.4755, 12.2804 ], [ -4.4754, 12.2805 ], [ -4.4753, 12.2805 ], [ -4.4752, 12.2806 ], [ -4.4752, 12.2806 ], [ -4.4751, 12.2807 ], [ -4.475, 12.2807 ], [ -4.4749, 12.2807 ], [ -4.4749, 12.2808 ], [ -4.4748, 12.2808 ], [ -4.4747, 12.2809 ], [ -4.4746, 12.2809 ], [ -4.4746, 12.281 ], [ -4.4745, 12.281 ], [ -4.4744, 12.2811 ], [ -4.4743, 12.2811 ], [ -4.4743, 12.2812 ], [ -4.4742, 12.2812 ], [ -4.4741, 12.2813 ], [ -4.474, 12.2813 ], [ -4.474, 12.2814 ], [ -4.4739, 12.2814 ], [ -4.4738, 12.2815 ], [ -4.4737, 12.2815 ], [ -4.4737, 12.2816 ], [ -4.4736, 12.2816 ], [ -4.4735, 12.2817 ], [ -4.4735, 12.2817 ], [ -4.4734, 12.2818 ], [ -4.4733, 12.2818 ], [ -4.4732, 12.2819 ], [ -4.4732, 12.2819 ], [ -4.4731, 12.282 ], [ -4.473, 12.282 ], [ -4.4729, 12.2821 ], [ -4.4729, 12.2821 ], [ -4.4728, 12.2822 ], [ -4.4727, 12.2822 ], [ -4.4726, 12.2823 ], [ -4.4726, 12.2823 ], [ -4.4725, 12.2824 ], [ -4.4724, 12.2824 ], [ -4.4723, 12.2825 ], [ -4.4723, 12.2825 ], [ -4.4722, 12.2826 ], [ -4.4721, 12.2826 ], [ -4.472, 12.2826 ], [ -4.472, 12.2827 ], [ -4.4719, 12.2827 ], [ -4.4718, 12.2828 ], [ -4.4717, 12.2828 ], [ -4.4717, 12.2829 ], [ -4.4716, 12.2829 ], [ -4.4715, 12.283 ], [ -4.4714, 12.283 ], [ -4.4714, 12.2831 ], [ -4.4713, 12.2831 ], [ -4.4712, 12.2832 ], [ -4.4712, 12.2832 ], [ -4.4711, 12.2833 ], [ -4.4711, 12.2834 ], [ -4.4711, 12.2834 ], [ -4.4712, 12.2835 ], [ -4.4712, 12.2836 ], [ -4.4712, 12.2837 ], [ -4.4713, 12.2838 ], [ -4.4713, 12.2839 ], [ -4.4713, 12.284 ], [ -4.4713, 12.284 ], [ -4.4714, 12.2841 ], [ -4.4714, 12.2842 ], [ -4.4714, 12.2843 ], [ -4.4715, 12.2844 ], [ -4.4715, 12.2845 ], [ -4.4715, 12.2845 ], [ -4.4715, 12.2846 ], [ -4.4716, 12.2847 ], [ -4.4716, 12.2848 ], [ -4.4716, 12.2849 ], [ -4.4717, 12.285 ], [ -4.4717, 12.285 ], [ -4.4717, 12.2851 ], [ -4.4717, 12.2852 ], [ -4.4718, 12.2853 ], [ -4.4718, 12.2854 ], [ -4.4718, 12.2855 ], [ -4.4719, 12.2855 ], [ -4.4719, 12.2856 ], [ -4.4719, 12.2857 ], [ -4.472, 12.2858 ], [ -4.472, 12.2859 ], [ -4.472, 12.286 ], [ -4.472, 12.286 ], [ -4.4721, 12.2861 ], [ -4.4721, 12.2862 ], [ -4.4721, 12.2863 ], [ -4.4722, 12.2864 ], [ -4.4722, 12.2865 ], [ -4.4722, 12.2866 ], [ -4.4722, 12.2866 ], [ -4.4723, 12.2867 ], [ -4.4723, 12.2868 ], [ -4.4723, 12.2869 ], [ -4.4724, 12.287 ], [ -4.4724, 12.2871 ], [ -4.4724, 12.2871 ], [ -4.4724, 12.2872 ], [ -4.4725, 12.2873 ], [ -4.4725, 12.2874 ], [ -4.4725, 12.2875 ], [ -4.4726, 12.2876 ], [ -4.4726, 12.2876 ], [ -4.4726, 12.2877 ], [ -4.4727, 12.2878 ], [ -4.4727, 12.2879 ], [ -4.4727, 12.288 ], [ -4.4727, 12.2881 ], [ -4.4728, 12.2881 ], [ -4.4728, 12.2882 ], [ -4.4728, 12.2883 ], [ -4.4729, 12.2884 ], [ -4.4729, 12.2885 ], [ -4.4729, 12.2886 ], [ -4.4729, 12.2887 ], [ -4.473, 12.2887 ], [ -4.473, 12.2888 ], [ -4.473, 12.2889 ], [ -4.4731, 12.289 ], [ -4.4731, 12.2891 ], [ -4.4731, 12.2892 ], [ -4.4732, 12.2892 ], [ -4.4732, 12.2893 ], [ -4.4732, 12.2894 ], [ -4.4732, 12.2895 ], [ -4.4733, 12.2896 ], [ -4.4733, 12.2897 ], [ -4.4733, 12.2898 ], [ -4.4734, 12.2898 ], [ -4.4734, 12.2899 ], [ -4.4734, 12.29 ], [ -4.4734, 12.2901 ], [ -4.4735, 12.2902 ], [ -4.4735, 12.2903 ], [ -4.4735, 12.2903 ], [ -4.4736, 12.2904 ], [ -4.4736, 12.2905 ], [ -4.4736, 12.2906 ], [ -4.4737, 12.2907 ], [ -4.4737, 12.2908 ], [ -4.4737, 12.2909 ], [ -4.4737, 12.2909 ], [ -4.4738, 12.291 ], [ -4.4738, 12.2911 ], [ -4.4738, 12.2912 ], [ -4.4739, 12.2913 ], [ -4.4739, 12.2914 ], [ -4.4739, 12.2914 ], [ -4.4739, 12.2915 ], [ -4.474, 12.2916 ], [ -4.474, 12.2917 ], [ -4.474, 12.2918 ], [ -4.4741, 12.2919 ], [ -4.4741, 12.2919 ], [ -4.4741, 12.292 ], [ -4.4741, 12.2921 ], [ -4.4742, 12.2922 ], [ -4.4742, 12.2923 ], [ -4.4742, 12.2924 ], [ -4.4743, 12.2925 ], [ -4.4743, 12.2925 ], [ -4.4743, 12.2926 ], [ -4.4744, 12.2927 ], [ -4.4744, 12.2928 ], [ -4.4744, 12.2929 ], [ -4.4744, 12.293 ], [ -4.4745, 12.293 ], [ -4.4745, 12.2931 ], [ -4.4745, 12.2932 ], [ -4.4746, 12.2933 ], [ -4.4746, 12.2934 ], [ -4.4746, 12.2935 ], [ -4.4746, 12.2935 ], [ -4.4747, 12.2936 ], [ -4.4747, 12.2937 ], [ -4.4747, 12.2938 ], [ -4.4748, 12.2939 ], [ -4.4748, 12.294 ], [ -4.4748, 12.294 ], [ -4.4748, 12.2941 ], [ -4.4749, 12.2942 ], [ -4.4749, 12.2943 ], [ -4.4749, 12.2944 ], [ -4.475, 12.2945 ], [ -4.475, 12.2946 ], [ -4.475, 12.2946 ], [ -4.4751, 12.2947 ], [ -4.4751, 12.2948 ], [ -4.4751, 12.2949 ], [ -4.4751, 12.295 ], [ -4.4752, 12.2951 ], [ -4.4752, 12.2951 ], [ -4.4752, 12.2952 ], [ -4.4753, 12.2953 ], [ -4.4753, 12.2954 ], [ -4.4753, 12.2955 ], [ -4.4753, 12.2956 ], [ -4.4754, 12.2956 ], [ -4.4754, 12.2957 ], [ -4.4754, 12.2958 ], [ -4.4755, 12.2959 ], [ -4.4755, 12.296 ], [ -4.4755, 12.2961 ], [ -4.4755, 12.2961 ], [ -4.4756, 12.2962 ], [ -4.4756, 12.2963 ], [ -4.4756, 12.2964 ], [ -4.4757, 12.2965 ], [ -4.4757, 12.2966 ], [ -4.4757, 12.2966 ], [ -4.4757, 12.2967 ], [ -4.4757, 12.2968 ], [ -4.4757, 12.2969 ], [ -4.4757, 12.297 ], [ -4.4757, 12.2971 ], [ -4.4757, 12.2972 ], [ -4.4757, 12.2973 ], [ -4.4757, 12.2974 ], [ -4.4757, 12.2975 ], [ -4.4758, 12.2975 ], [ -4.4758, 12.2976 ], [ -4.4758, 12.2977 ], [ -4.4758, 12.2978 ], [ -4.4758, 12.2979 ], [ -4.4758, 12.298 ], [ -4.4758, 12.2981 ], [ -4.4758, 12.2982 ], [ -4.4758, 12.2983 ], [ -4.4758, 12.2983 ], [ -4.4758, 12.2984 ], [ -4.4758, 12.2985 ], [ -4.4758, 12.2986 ], [ -4.4758, 12.2987 ], [ -4.4758, 12.2988 ], [ -4.4758, 12.2989 ], [ -4.4758, 12.299 ], [ -4.4758, 12.2991 ], [ -4.4758, 12.2992 ], [ -4.4758, 12.2992 ], [ -4.4758, 12.2993 ], [ -4.4758, 12.2994 ], [ -4.4758, 12.2995 ], [ -4.4758, 12.2996 ], [ -4.4758, 12.2997 ], [ -4.4758, 12.2998 ], [ -4.4758, 12.2999 ], [ -4.4758, 12.3 ], [ -4.4758, 12.3001 ], [ -4.4758, 12.3001 ], [ -4.4758, 12.3002 ], [ -4.4758, 12.3003 ], [ -4.4759, 12.3004 ], [ -4.4759, 12.3005 ], [ -4.4759, 12.3006 ], [ -4.4759, 12.3007 ], [ -4.4759, 12.3008 ], [ -4.4759, 12.3009 ], [ -4.4759, 12.3009 ], [ -4.4759, 12.301 ], [ -4.4759, 12.3011 ], [ -4.4759, 12.3012 ], [ -4.4759, 12.3013 ], [ -4.4759, 12.3014 ], [ -4.4759, 12.3015 ], [ -4.4759, 12.3016 ], [ -4.4759, 12.3017 ], [ -4.4759, 12.3018 ], [ -4.4759, 12.3018 ], [ -4.4759, 12.3019 ], [ -4.4759, 12.302 ], [ -4.4759, 12.3021 ], [ -4.4759, 12.3022 ], [ -4.4759, 12.3023 ], [ -4.4759, 12.3024 ], [ -4.4759, 12.3025 ], [ -4.4759, 12.3026 ], [ -4.4759, 12.3027 ], [ -4.4759, 12.3027 ], [ -4.4759, 12.3028 ], [ -4.4759, 12.3029 ], [ -4.4759, 12.303 ], [ -4.4759, 12.3031 ], [ -4.4759, 12.3032 ], [ -4.476, 12.3033 ], [ -4.476, 12.3034 ], [ -4.476, 12.3035 ], [ -4.476, 12.3035 ], [ -4.476, 12.3036 ], [ -4.476, 12.3037 ], [ -4.476, 12.3038 ], [ -4.476, 12.3039 ], [ -4.476, 12.304 ], [ -4.476, 12.3041 ], [ -4.476, 12.3042 ], [ -4.476, 12.3043 ], [ -4.476, 12.3044 ], [ -4.476, 12.3044 ], [ -4.476, 12.3045 ], [ -4.476, 12.3046 ], [ -4.476, 12.3047 ], [ -4.476, 12.3048 ], [ -4.476, 12.3049 ], [ -4.476, 12.305 ], [ -4.476, 12.3051 ], [ -4.476, 12.3052 ], [ -4.476, 12.3052 ], [ -4.476, 12.3053 ], [ -4.476, 12.3054 ], [ -4.476, 12.3055 ], [ -4.476, 12.3056 ], [ -4.476, 12.3057 ], [ -4.476, 12.3058 ], [ -4.4761, 12.3059 ], [ -4.4761, 12.306 ], [ -4.4761, 12.3061 ], [ -4.4761, 12.3061 ], [ -4.4761, 12.3062 ], [ -4.4761, 12.3063 ], [ -4.4761, 12.3064 ], [ -4.4761, 12.3065 ], [ -4.4761, 12.3066 ], [ -4.4761, 12.3067 ], [ -4.4761, 12.3068 ], [ -4.4761, 12.3069 ], [ -4.4761, 12.307 ], [ -4.4761, 12.307 ], [ -4.4761, 12.3071 ], [ -4.4761, 12.3072 ], [ -4.4761, 12.3073 ], [ -4.4761, 12.3074 ], [ -4.4761, 12.3075 ], [ -4.4761, 12.3076 ], [ -4.4761, 12.3077 ], [ -4.4761, 12.3078 ], [ -4.4761, 12.3078 ], [ -4.4761, 12.3079 ], [ -4.4761, 12.308 ], [ -4.4761, 12.3081 ], [ -4.4761, 12.3082 ], [ -4.4761, 12.3083 ], [ -4.4761, 12.3084 ], [ -4.4762, 12.3085 ], [ -4.4762, 12.3087 ], [ -4.4762, 12.3087 ], [ -4.4762, 12.3088 ], [ -4.4762, 12.3089 ], [ -4.4762, 12.309 ], [ -4.4762, 12.3091 ], [ -4.4762, 12.3092 ], [ -4.4762, 12.3093 ], [ -4.4762, 12.3094 ], [ -4.4762, 12.3095 ], [ -4.4762, 12.3095 ], [ -4.4762, 12.3096 ], [ -4.4762, 12.3097 ], [ -4.4762, 12.3098 ], [ -4.4762, 12.3099 ], [ -4.4762, 12.31 ], [ -4.4762, 12.3101 ], [ -4.4762, 12.3102 ], [ -4.4762, 12.3103 ], [ -4.4762, 12.3104 ], [ -4.4762, 12.3104 ], [ -4.4762, 12.3105 ], [ -4.4762, 12.3106 ], [ -4.4762, 12.3107 ], [ -4.4762, 12.3108 ], [ -4.4762, 12.3109 ], [ -4.4762, 12.311 ], [ -4.4763, 12.3111 ], [ -4.4763, 12.3112 ], [ -4.4763, 12.3113 ], [ -4.4763, 12.3113 ], [ -4.4763, 12.3114 ], [ -4.4763, 12.3115 ], [ -4.4763, 12.3116 ], [ -4.4763, 12.3117 ], [ -4.4763, 12.3118 ], [ -4.4763, 12.3119 ], [ -4.4763, 12.312 ], [ -4.4763, 12.3121 ], [ -4.4763, 12.3121 ], [ -4.4763, 12.3122 ], [ -4.4763, 12.3123 ], [ -4.4763, 12.3124 ], [ -4.4763, 12.3125 ], [ -4.4763, 12.3126 ], [ -4.4763, 12.3127 ], [ -4.4763, 12.3128 ], [ -4.4763, 12.3129 ], [ -4.4763, 12.313 ], [ -4.4763, 12.313 ], [ -4.4763, 12.3131 ], [ -4.4763, 12.3132 ], [ -4.4763, 12.3133 ], [ -4.4763, 12.3134 ], [ -4.4763, 12.3135 ], [ -4.4762, 12.3136 ], [ -4.4762, 12.3137 ], [ -4.4762, 12.3138 ], [ -4.4762, 12.3138 ], [ -4.4762, 12.3139 ], [ -4.4762, 12.314 ], [ -4.4762, 12.3141 ], [ -4.4762, 12.3142 ], [ -4.4761, 12.3143 ], [ -4.4761, 12.3144 ], [ -4.4761, 12.3145 ], [ -4.4761, 12.3145 ], [ -4.4761, 12.3146 ], [ -4.4761, 12.3147 ], [ -4.4761, 12.3148 ], [ -4.4761, 12.3149 ], [ -4.476, 12.315 ], [ -4.476, 12.3151 ], [ -4.476, 12.3152 ], [ -4.476, 12.3153 ], [ -4.476, 12.3153 ], [ -4.476, 12.3154 ], [ -4.476, 12.3155 ], [ -4.476, 12.3156 ], [ -4.476, 12.3157 ], [ -4.4759, 12.3158 ], [ -4.4759, 12.3159 ], [ -4.4759, 12.316 ], [ -4.4759, 12.3161 ], [ -4.4759, 12.3161 ], [ -4.4759, 12.3162 ], [ -4.4759, 12.3163 ], [ -4.4759, 12.3164 ], [ -4.4758, 12.3165 ], [ -4.4758, 12.3166 ], [ -4.4758, 12.3167 ], [ -4.4758, 12.3168 ], [ -4.4758, 12.3169 ], [ -4.4758, 12.3169 ], [ -4.4758, 12.317 ], [ -4.4758, 12.3171 ], [ -4.4757, 12.3172 ], [ -4.4757, 12.3173 ], [ -4.4757, 12.3174 ], [ -4.4757, 12.3175 ], [ -4.4757, 12.3176 ], [ -4.4757, 12.3176 ], [ -4.4757, 12.3177 ], [ -4.4757, 12.3178 ], [ -4.4757, 12.3179 ], [ -4.4756, 12.318 ], [ -4.4756, 12.3181 ], [ -4.4756, 12.3182 ], [ -4.4756, 12.3183 ], [ -4.4756, 12.3184 ], [ -4.4756, 12.3184 ], [ -4.4756, 12.3185 ], [ -4.4756, 12.3186 ], [ -4.4755, 12.3187 ], [ -4.4755, 12.3188 ], [ -4.4755, 12.3189 ], [ -4.4755, 12.319 ], [ -4.4755, 12.3191 ], [ -4.4755, 12.3192 ], [ -4.4755, 12.3192 ], [ -4.4755, 12.3193 ], [ -4.4755, 12.3194 ], [ -4.4754, 12.3195 ], [ -4.4754, 12.3196 ], [ -4.4754, 12.3197 ], [ -4.4754, 12.3198 ], [ -4.4754, 12.3199 ], [ -4.4754, 12.32 ], [ -4.4754, 12.32 ], [ -4.4754, 12.3201 ], [ -4.4753, 12.3202 ], [ -4.4753, 12.3203 ], [ -4.4753, 12.3204 ], [ -4.4753, 12.3205 ], [ -4.4753, 12.3206 ], [ -4.4753, 12.3207 ], [ -4.4753, 12.3208 ], [ -4.4753, 12.3208 ], [ -4.4752, 12.3209 ], [ -4.4752, 12.321 ], [ -4.4752, 12.3211 ], [ -4.4752, 12.3212 ], [ -4.4752, 12.3213 ], [ -4.4752, 12.3214 ], [ -4.4752, 12.3215 ], [ -4.4752, 12.3216 ], [ -4.4752, 12.3216 ], [ -4.4751, 12.3217 ], [ -4.4751, 12.3218 ], [ -4.4751, 12.3219 ], [ -4.4751, 12.322 ], [ -4.4751, 12.3221 ], [ -4.4751, 12.3222 ], [ -4.4751, 12.3223 ], [ -4.4751, 12.3224 ], [ -4.475, 12.3224 ], [ -4.475, 12.3225 ], [ -4.475, 12.3226 ], [ -4.475, 12.3227 ], [ -4.475, 12.3228 ], [ -4.475, 12.3229 ], [ -4.475, 12.323 ], [ -4.475, 12.3231 ], [ -4.4749, 12.3232 ], [ -4.4749, 12.3232 ], [ -4.4749, 12.3233 ], [ -4.4749, 12.3234 ], [ -4.4749, 12.3235 ], [ -4.4749, 12.3236 ], [ -4.4749, 12.3237 ], [ -4.4749, 12.3238 ], [ -4.4749, 12.3239 ], [ -4.4748, 12.324 ], [ -4.4748, 12.324 ], [ -4.4748, 12.3241 ], [ -4.4748, 12.3242 ], [ -4.4748, 12.3243 ], [ -4.4748, 12.3244 ], [ -4.4748, 12.3245 ], [ -4.4748, 12.3246 ], [ -4.4747, 12.3247 ], [ -4.4747, 12.3247 ], [ -4.4747, 12.3248 ], [ -4.4747, 12.3249 ], [ -4.4747, 12.325 ], [ -4.4747, 12.3251 ], [ -4.4747, 12.3252 ], [ -4.4747, 12.3253 ], [ -4.4746, 12.3254 ], [ -4.4746, 12.3255 ], [ -4.4746, 12.3255 ], [ -4.4746, 12.3256 ], [ -4.4746, 12.3257 ], [ -4.4746, 12.3258 ], [ -4.4746, 12.3259 ], [ -4.4746, 12.326 ], [ -4.4746, 12.3261 ], [ -4.4745, 12.3262 ], [ -4.4745, 12.3263 ], [ -4.4745, 12.3263 ], [ -4.4745, 12.3264 ], [ -4.4745, 12.3265 ], [ -4.4745, 12.3266 ], [ -4.4745, 12.3267 ], [ -4.4745, 12.3268 ], [ -4.4744, 12.3269 ], [ -4.4744, 12.327 ], [ -4.4744, 12.3271 ], [ -4.4744, 12.3271 ], [ -4.4744, 12.3272 ], [ -4.4744, 12.3273 ], [ -4.4744, 12.3274 ], [ -4.4744, 12.3275 ], [ -4.4743, 12.3276 ], [ -4.4743, 12.3277 ], [ -4.4743, 12.3278 ], [ -4.4743, 12.3279 ], [ -4.4743, 12.3279 ], [ -4.4743, 12.328 ], [ -4.4743, 12.3281 ], [ -4.4743, 12.3282 ], [ -4.4743, 12.3283 ], [ -4.4742, 12.3284 ], [ -4.4742, 12.3285 ], [ -4.4742, 12.3286 ], [ -4.4742, 12.3287 ], [ -4.4742, 12.3287 ], [ -4.4742, 12.3288 ], [ -4.4742, 12.3289 ], [ -4.4742, 12.329 ], [ -4.4741, 12.3291 ], [ -4.4741, 12.3292 ], [ -4.4741, 12.3293 ], [ -4.4741, 12.3294 ], [ -4.4741, 12.3295 ], [ -4.4741, 12.3295 ], [ -4.4741, 12.3296 ], [ -4.4741, 12.3297 ], [ -4.474, 12.3298 ], [ -4.474, 12.3299 ], [ -4.474, 12.33 ], [ -4.474, 12.3301 ], [ -4.474, 12.3302 ], [ -4.474, 12.3303 ], [ -4.474, 12.3303 ], [ -4.474, 12.3304 ], [ -4.4739, 12.3304 ], [ -4.4738, 12.3304 ], [ -4.4737, 12.3305 ], [ -4.4736, 12.3305 ], [ -4.4735, 12.3305 ], [ -4.4734, 12.3305 ], [ -4.4733, 12.3305 ], [ -4.4733, 12.3305 ], [ -4.4732, 12.3305 ], [ -4.4731, 12.3305 ], [ -4.473, 12.3305 ], [ -4.4729, 12.3305 ], [ -4.4728, 12.3305 ], [ -4.4727, 12.3305 ], [ -4.4726, 12.3306 ], [ -4.4725, 12.3306 ], [ -4.4724, 12.3306 ], [ -4.4724, 12.3306 ], [ -4.4723, 12.3306 ], [ -4.4722, 12.3306 ], [ -4.4721, 12.3306 ], [ -4.472, 12.3306 ], [ -4.4719, 12.3306 ], [ -4.4718, 12.3306 ], [ -4.4717, 12.3306 ], [ -4.4716, 12.3306 ], [ -4.4716, 12.3307 ], [ -4.4715, 12.3307 ], [ -4.4714, 12.3307 ], [ -4.4713, 12.3307 ], [ -4.4712, 12.3307 ], [ -4.4711, 12.3307 ], [ -4.471, 12.3307 ], [ -4.4709, 12.3307 ], [ -4.4708, 12.3307 ], [ -4.4707, 12.3307 ], [ -4.4707, 12.3307 ], [ -4.4706, 12.3307 ], [ -4.4705, 12.3308 ], [ -4.4704, 12.3308 ], [ -4.4703, 12.3308 ], [ -4.4702, 12.3308 ], [ -4.4701, 12.3308 ], [ -4.47, 12.3308 ], [ -4.4699, 12.3308 ], [ -4.4699, 12.3308 ], [ -4.4698, 12.3308 ], [ -4.4697, 12.3308 ], [ -4.4696, 12.3308 ], [ -4.4695, 12.3308 ], [ -4.4694, 12.3308 ], [ -4.4693, 12.3309 ], [ -4.4692, 12.3309 ], [ -4.4691, 12.3309 ], [ -4.4691, 12.3309 ], [ -4.469, 12.3309 ], [ -4.4689, 12.3309 ], [ -4.4688, 12.3309 ], [ -4.4687, 12.3309 ], [ -4.4686, 12.3309 ], [ -4.4685, 12.3309 ], [ -4.4684, 12.3309 ], [ -4.4683, 12.3309 ], [ -4.4682, 12.331 ], [ -4.4682, 12.331 ], [ -4.4681, 12.331 ], [ -4.468, 12.331 ], [ -4.4679, 12.331 ], [ -4.4678, 12.331 ], [ -4.4677, 12.331 ], [ -4.4676, 12.331 ], [ -4.4675, 12.331 ], [ -4.4674, 12.331 ], [ -4.4674, 12.331 ], [ -4.4673, 12.331 ], [ -4.4672, 12.3311 ], [ -4.4671, 12.3311 ], [ -4.467, 12.3311 ], [ -4.4669, 12.3311 ], [ -4.4668, 12.3311 ], [ -4.4667, 12.3311 ], [ -4.4666, 12.3311 ], [ -4.4666, 12.3311 ], [ -4.4665, 12.3311 ], [ -4.4664, 12.3311 ], [ -4.4663, 12.3311 ], [ -4.4662, 12.3312 ], [ -4.4661, 12.3312 ], [ -4.466, 12.3312 ], [ -4.4659, 12.3312 ], [ -4.4658, 12.3312 ], [ -4.4657, 12.3312 ], [ -4.4657, 12.3312 ], [ -4.4656, 12.3312 ], [ -4.4655, 12.3312 ], [ -4.4654, 12.3312 ], [ -4.4653, 12.3312 ], [ -4.4652, 12.3312 ], [ -4.4651, 12.3313 ], [ -4.465, 12.3313 ], [ -4.4649, 12.3313 ], [ -4.4649, 12.3313 ], [ -4.4648, 12.3313 ], [ -4.4647, 12.3313 ], [ -4.4646, 12.3313 ], [ -4.4645, 12.3313 ], [ -4.4644, 12.3313 ], [ -4.4643, 12.3313 ], [ -4.4642, 12.3313 ], [ -4.4641, 12.3313 ], [ -4.4641, 12.3314 ], [ -4.464, 12.3314 ], [ -4.4639, 12.3314 ], [ -4.4638, 12.3314 ], [ -4.4637, 12.3314 ], [ -4.4636, 12.3314 ], [ -4.4635, 12.3314 ], [ -4.4634, 12.3314 ], [ -4.4633, 12.3314 ], [ -4.4632, 12.3314 ], [ -4.4632, 12.3314 ], [ -4.4631, 12.3314 ], [ -4.463, 12.3315 ], [ -4.4629, 12.3315 ], [ -4.4628, 12.3315 ], [ -4.4627, 12.3315 ], [ -4.4626, 12.3315 ], [ -4.4625, 12.3315 ], [ -4.4624, 12.3315 ], [ -4.4624, 12.3315 ], [ -4.4623, 12.3315 ], [ -4.4622, 12.3315 ], [ -4.4621, 12.3315 ], [ -4.462, 12.3315 ], [ -4.4619, 12.3316 ], [ -4.4618, 12.3316 ], [ -4.4617, 12.3316 ], [ -4.4616, 12.3316 ], [ -4.4615, 12.3316 ], [ -4.4615, 12.3316 ], [ -4.4614, 12.3316 ], [ -4.4613, 12.3316 ], [ -4.4612, 12.3316 ], [ -4.4611, 12.3316 ], [ -4.461, 12.3316 ], [ -4.4609, 12.3316 ], [ -4.4608, 12.3317 ], [ -4.4607, 12.3317 ], [ -4.4607, 12.3317 ], [ -4.4606, 12.3317 ], [ -4.4605, 12.3317 ], [ -4.4604, 12.3317 ], [ -4.4603, 12.3317 ], [ -4.4602, 12.3317 ], [ -4.4601, 12.3317 ], [ -4.46, 12.3317 ], [ -4.4599, 12.3317 ], [ -4.4599, 12.3317 ], [ -4.4598, 12.3318 ], [ -4.4597, 12.3318 ], [ -4.4596, 12.3318 ], [ -4.4595, 12.3318 ], [ -4.4594, 12.3318 ], [ -4.4593, 12.3318 ], [ -4.4592, 12.3318 ], [ -4.4591, 12.3318 ], [ -4.459, 12.3318 ], [ -4.459, 12.3318 ], [ -4.4589, 12.3318 ], [ -4.4588, 12.3318 ], [ -4.4587, 12.3319 ], [ -4.4586, 12.3319 ], [ -4.4585, 12.3319 ], [ -4.4584, 12.3319 ], [ -4.4583, 12.3319 ], [ -4.4582, 12.3319 ], [ -4.4582, 12.3319 ], [ -4.4581, 12.3319 ], [ -4.458, 12.3319 ], [ -4.4579, 12.3319 ], [ -4.4578, 12.3319 ], [ -4.4577, 12.332 ], [ -4.4576, 12.332 ], [ -4.4575, 12.332 ], [ -4.4574, 12.332 ], [ -4.4574, 12.332 ], [ -4.4573, 12.332 ], [ -4.4572, 12.332 ], [ -4.4571, 12.332 ], [ -4.457, 12.332 ], [ -4.4569, 12.332 ], [ -4.4568, 12.332 ], [ -4.4567, 12.332 ], [ -4.4566, 12.332 ], [ -4.4565, 12.332 ], [ -4.4565, 12.3321 ], [ -4.4564, 12.3321 ], [ -4.4563, 12.3321 ], [ -4.4562, 12.3321 ], [ -4.4561, 12.3321 ], [ -4.456, 12.3321 ], [ -4.4559, 12.3321 ], [ -4.4558, 12.3321 ], [ -4.4557, 12.3321 ], [ -4.4557, 12.3321 ], [ -4.4556, 12.3321 ], [ -4.4555, 12.3321 ], [ -4.4554, 12.3321 ], [ -4.4553, 12.3321 ], [ -4.4552, 12.3321 ], [ -4.4551, 12.3321 ], [ -4.455, 12.3322 ], [ -4.4549, 12.3322 ], [ -4.4548, 12.3322 ], [ -4.4548, 12.3322 ], [ -4.4547, 12.3322 ], [ -4.4546, 12.3322 ], [ -4.4545, 12.3322 ], [ -4.4544, 12.3322 ], [ -4.4543, 12.3322 ], [ -4.4542, 12.3322 ], [ -4.4541, 12.3322 ], [ -4.454, 12.3322 ], [ -4.4539, 12.3322 ], [ -4.4539, 12.3322 ], [ -4.4538, 12.3322 ], [ -4.4537, 12.3322 ], [ -4.4536, 12.3322 ], [ -4.4535, 12.3323 ], [ -4.4534, 12.3323 ], [ -4.4533, 12.3323 ], [ -4.4532, 12.3323 ], [ -4.4531, 12.3323 ], [ -4.4531, 12.3323 ], [ -4.453, 12.3323 ], [ -4.4529, 12.3323 ], [ -4.4528, 12.3323 ], [ -4.4527, 12.3323 ], [ -4.4526, 12.3323 ], [ -4.4525, 12.3323 ], [ -4.4524, 12.3323 ], [ -4.4523, 12.3323 ], [ -4.4522, 12.3323 ], [ -4.4522, 12.3323 ], [ -4.4521, 12.3323 ], [ -4.452, 12.3323 ], [ -4.4519, 12.3324 ], [ -4.4518, 12.3324 ], [ -4.4517, 12.3324 ], [ -4.4516, 12.3324 ], [ -4.4515, 12.3324 ], [ -4.4514, 12.3324 ], [ -4.4513, 12.3324 ], [ -4.4513, 12.3324 ], [ -4.4512, 12.3324 ], [ -4.4511, 12.3324 ], [ -4.451, 12.3324 ], [ -4.4509, 12.3324 ], [ -4.4508, 12.3324 ], [ -4.4507, 12.3324 ], [ -4.4506, 12.3324 ], [ -4.4505, 12.3324 ], [ -4.4505, 12.3324 ], [ -4.4504, 12.3325 ], [ -4.4503, 12.3325 ], [ -4.4502, 12.3325 ], [ -4.4501, 12.3325 ], [ -4.45, 12.3325 ], [ -4.4499, 12.3325 ], [ -4.4498, 12.3325 ], [ -4.4497, 12.3325 ], [ -4.4495, 12.3325 ], [ -4.4494, 12.3325 ], [ -4.4493, 12.3325 ], [ -4.4492, 12.3325 ], [ -4.4491, 12.3325 ], [ -4.449, 12.3325 ], [ -4.4489, 12.3325 ], [ -4.4488, 12.3326 ], [ -4.4488, 12.3326 ], [ -4.4487, 12.3326 ], [ -4.4486, 12.3326 ], [ -4.4485, 12.3326 ], [ -4.4484, 12.3326 ], [ -4.4483, 12.3326 ], [ -4.4482, 12.3326 ], [ -4.4481, 12.3326 ], [ -4.448, 12.3326 ], [ -4.4479, 12.3326 ], [ -4.4479, 12.3326 ], [ -4.4478, 12.3326 ], [ -4.4477, 12.3326 ], [ -4.4476, 12.3326 ], [ -4.4475, 12.3326 ], [ -4.4474, 12.3326 ], [ -4.4473, 12.3326 ], [ -4.4472, 12.3327 ], [ -4.4471, 12.3327 ], [ -4.447, 12.3327 ], [ -4.447, 12.3327 ], [ -4.4469, 12.3327 ], [ -4.4468, 12.3327 ], [ -4.4467, 12.3327 ], [ -4.4466, 12.3327 ], [ -4.4465, 12.3327 ], [ -4.4464, 12.3327 ], [ -4.4463, 12.3327 ], [ -4.4462, 12.3327 ], [ -4.4462, 12.3327 ], [ -4.4461, 12.3327 ], [ -4.446, 12.3327 ], [ -4.4459, 12.3327 ], [ -4.4458, 12.3327 ], [ -4.4457, 12.3328 ], [ -4.4456, 12.3328 ], [ -4.4455, 12.3328 ], [ -4.4454, 12.3328 ], [ -4.4453, 12.3328 ], [ -4.4453, 12.3328 ], [ -4.4452, 12.3328 ], [ -4.4451, 12.3328 ], [ -4.445, 12.3328 ], [ -4.4449, 12.3328 ], [ -4.4448, 12.3328 ], [ -4.4447, 12.3328 ], [ -4.4446, 12.3328 ], [ -4.4445, 12.3328 ], [ -4.4444, 12.3328 ], [ -4.4444, 12.3328 ], [ -4.4443, 12.3328 ], [ -4.4442, 12.3329 ], [ -4.4441, 12.3329 ], [ -4.444, 12.3329 ], [ -4.4439, 12.3329 ], [ -4.4438, 12.3329 ], [ -4.4437, 12.3329 ], [ -4.4436, 12.3329 ], [ -4.4436, 12.3329 ], [ -4.4435, 12.3329 ], [ -4.4434, 12.3329 ], [ -4.4433, 12.3329 ], [ -4.4432, 12.3329 ], [ -4.4431, 12.3329 ], [ -4.443, 12.3329 ], [ -4.4429, 12.3329 ], [ -4.4428, 12.3329 ], [ -4.4427, 12.3329 ], [ -4.4427, 12.3329 ], [ -4.4426, 12.333 ], [ -4.4425, 12.333 ], [ -4.4424, 12.333 ], [ -4.4423, 12.333 ], [ -4.4422, 12.333 ], [ -4.4421, 12.333 ], [ -4.442, 12.333 ], [ -4.4419, 12.333 ], [ -4.4418, 12.333 ], [ -4.4418, 12.333 ], [ -4.4417, 12.333 ], [ -4.4416, 12.333 ], [ -4.4415, 12.333 ], [ -4.4414, 12.333 ], [ -4.4413, 12.333 ], [ -4.4412, 12.333 ], [ -4.4412, 12.333 ], [ -4.4411, 12.333 ], [ -4.441, 12.3331 ], [ -4.4409, 12.3331 ], [ -4.4408, 12.3331 ], [ -4.4407, 12.3331 ], [ -4.4407, 12.333 ], [ -4.4406, 12.3329 ], [ -4.4406, 12.3328 ], [ -4.4405, 12.3328 ], [ -4.4405, 12.3327 ], [ -4.4404, 12.3326 ], [ -4.4404, 12.3325 ], [ -4.4404, 12.3325 ], [ -4.4403, 12.3324 ], [ -4.4403, 12.3323 ], [ -4.4402, 12.3322 ], [ -4.4402, 12.3321 ], [ -4.4401, 12.3321 ], [ -4.4401, 12.332 ], [ -4.44, 12.3319 ], [ -4.44, 12.3318 ], [ -4.4399, 12.3318 ], [ -4.4399, 12.3317 ], [ -4.4399, 12.3316 ], [ -4.4398, 12.3315 ], [ -4.4398, 12.3315 ], [ -4.4397, 12.3314 ], [ -4.4397, 12.3313 ], [ -4.4396, 12.3312 ], [ -4.4396, 12.3311 ], [ -4.4395, 12.3311 ], [ -4.4395, 12.331 ], [ -4.4395, 12.3309 ], [ -4.4394, 12.3308 ], [ -4.4394, 12.3308 ], [ -4.4393, 12.3307 ], [ -4.4393, 12.3306 ], [ -4.4392, 12.3305 ], [ -4.4392, 12.3305 ], [ -4.4391, 12.3304 ], [ -4.4391, 12.3303 ], [ -4.439, 12.3302 ], [ -4.439, 12.3301 ], [ -4.4389, 12.3301 ], [ -4.4389, 12.33 ], [ -4.4389, 12.3299 ], [ -4.4388, 12.3298 ], [ -4.4388, 12.3298 ], [ -4.4387, 12.3297 ], [ -4.4387, 12.3296 ], [ -4.4386, 12.3295 ], [ -4.4386, 12.3295 ], [ -4.4385, 12.3294 ], [ -4.4385, 12.3293 ], [ -4.4384, 12.3292 ], [ -4.4384, 12.3291 ], [ -4.4383, 12.3291 ], [ -4.4383, 12.329 ], [ -4.4383, 12.3289 ], [ -4.4382, 12.3288 ], [ -4.4382, 12.3288 ], [ -4.4381, 12.3287 ], [ -4.4381, 12.3286 ], [ -4.438, 12.3285 ], [ -4.438, 12.3285 ], [ -4.4379, 12.3284 ], [ -4.4379, 12.3283 ], [ -4.4378, 12.3282 ], [ -4.4378, 12.3281 ], [ -4.4378, 12.3281 ], [ -4.4377, 12.328 ], [ -4.4377, 12.3279 ], [ -4.4376, 12.3278 ], [ -4.4376, 12.3278 ], [ -4.4375, 12.3277 ], [ -4.4375, 12.3276 ], [ -4.4374, 12.3275 ], [ -4.4374, 12.3275 ], [ -4.4373, 12.3274 ], [ -4.4373, 12.3273 ], [ -4.4372, 12.3272 ], [ -4.4372, 12.3271 ], [ -4.4372, 12.3271 ], [ -4.4371, 12.327 ], [ -4.4371, 12.3269 ], [ -4.437, 12.3268 ], [ -4.437, 12.3268 ], [ -4.4369, 12.3267 ], [ -4.4369, 12.3266 ], [ -4.4368, 12.3265 ], [ -4.4368, 12.3265 ], [ -4.4367, 12.3264 ], [ -4.4367, 12.3263 ], [ -4.4367, 12.3262 ], [ -4.4366, 12.3261 ], [ -4.4366, 12.3261 ], [ -4.4365, 12.326 ], [ -4.4365, 12.3259 ], [ -4.4364, 12.3258 ], [ -4.4364, 12.3258 ], [ -4.4363, 12.3257 ], [ -4.4363, 12.3256 ], [ -4.4362, 12.3255 ], [ -4.4362, 12.3255 ], [ -4.4362, 12.3254 ], [ -4.4361, 12.3253 ], [ -4.4361, 12.3252 ], [ -4.436, 12.3252 ], [ -4.436, 12.3251 ], [ -4.4359, 12.325 ], [ -4.4359, 12.3249 ], [ -4.4358, 12.3248 ], [ -4.4358, 12.3248 ], [ -4.4357, 12.3247 ], [ -4.4357, 12.3246 ], [ -4.4357, 12.3245 ], [ -4.4356, 12.3245 ], [ -4.4356, 12.3244 ], [ -4.4355, 12.3243 ], [ -4.4355, 12.3242 ], [ -4.4354, 12.3242 ], [ -4.4354, 12.3241 ], [ -4.4353, 12.324 ], [ -4.4353, 12.3239 ], [ -4.4352, 12.3239 ], [ -4.4352, 12.3238 ], [ -4.4351, 12.3238 ], [ -4.435, 12.3237 ], [ -4.4349, 12.3237 ], [ -4.4348, 12.3237 ], [ -4.4348, 12.3237 ], [ -4.4347, 12.3237 ], [ -4.4346, 12.3237 ], [ -4.4345, 12.3237 ], [ -4.4344, 12.3236 ], [ -4.4343, 12.3236 ], [ -4.4342, 12.3236 ], [ -4.4341, 12.3236 ], [ -4.4341, 12.3236 ], [ -4.434, 12.3236 ], [ -4.4339, 12.3236 ], [ -4.4338, 12.3235 ], [ -4.4337, 12.3235 ], [ -4.4336, 12.3235 ], [ -4.4335, 12.3235 ], [ -4.4334, 12.3235 ], [ -4.4333, 12.3235 ], [ -4.4333, 12.3235 ], [ -4.4332, 12.3234 ], [ -4.4331, 12.3234 ], [ -4.433, 12.3234 ], [ -4.4329, 12.3234 ], [ -4.4328, 12.3234 ], [ -4.4327, 12.3234 ], [ -4.4326, 12.3234 ], [ -4.4326, 12.3233 ], [ -4.4325, 12.3233 ], [ -4.4324, 12.3233 ], [ -4.4323, 12.3233 ], [ -4.4322, 12.3233 ], [ -4.4321, 12.3233 ], [ -4.432, 12.3233 ], [ -4.4319, 12.3232 ], [ -4.4318, 12.3232 ], [ -4.4318, 12.3232 ], [ -4.4317, 12.3232 ], [ -4.4316, 12.3232 ], [ -4.4315, 12.3232 ], [ -4.4314, 12.3231 ], [ -4.4313, 12.3231 ], [ -4.4312, 12.3231 ], [ -4.4311, 12.3231 ], [ -4.431, 12.3231 ], [ -4.431, 12.3231 ], [ -4.4309, 12.3231 ], [ -4.4308, 12.323 ], [ -4.4307, 12.323 ], [ -4.4306, 12.323 ], [ -4.4305, 12.323 ], [ -4.4304, 12.323 ], [ -4.4303, 12.323 ], [ -4.4303, 12.323 ], [ -4.4302, 12.3229 ], [ -4.4301, 12.3229 ], [ -4.43, 12.3229 ], [ -4.4299, 12.3229 ], [ -4.4298, 12.3229 ], [ -4.4297, 12.3229 ], [ -4.4296, 12.3229 ], [ -4.4295, 12.3228 ], [ -4.4295, 12.3228 ], [ -4.4294, 12.3228 ], [ -4.4293, 12.3228 ], [ -4.4292, 12.3228 ], [ -4.4291, 12.3228 ], [ -4.4291, 12.3227 ], [ -4.4291, 12.3226 ], [ -4.4291, 12.3225 ], [ -4.4291, 12.3224 ], [ -4.429, 12.3223 ], [ -4.429, 12.3222 ], [ -4.429, 12.3221 ], [ -4.429, 12.3221 ], [ -4.429, 12.322 ], [ -4.429, 12.3219 ], [ -4.429, 12.3218 ], [ -4.429, 12.3217 ], [ -4.429, 12.3216 ], [ -4.4289, 12.3215 ], [ -4.4289, 12.3214 ], [ -4.4289, 12.3213 ], [ -4.4289, 12.3213 ], [ -4.4289, 12.3212 ], [ -4.4289, 12.3211 ], [ -4.4289, 12.321 ], [ -4.4289, 12.3209 ], [ -4.4289, 12.3208 ], [ -4.4288, 12.3207 ], [ -4.4288, 12.3206 ], [ -4.4288, 12.3205 ], [ -4.4288, 12.3205 ], [ -4.4288, 12.3204 ], [ -4.4288, 12.3203 ], [ -4.4288, 12.3202 ], [ -4.4288, 12.3201 ], [ -4.4287, 12.32 ], [ -4.4287, 12.3199 ], [ -4.4287, 12.3198 ], [ -4.4287, 12.3197 ], [ -4.4287, 12.3197 ], [ -4.4287, 12.3196 ], [ -4.4287, 12.3195 ], [ -4.4287, 12.3194 ], [ -4.4287, 12.3193 ], [ -4.4286, 12.3192 ], [ -4.4286, 12.3191 ], [ -4.4286, 12.319 ], [ -4.4286, 12.3189 ], [ -4.4286, 12.3189 ], [ -4.4286, 12.3188 ], [ -4.4286, 12.3187 ], [ -4.4286, 12.3186 ], [ -4.4286, 12.3185 ], [ -4.4285, 12.3184 ], [ -4.4285, 12.3183 ], [ -4.4285, 12.3182 ], [ -4.4285, 12.3181 ], [ -4.4285, 12.318 ], [ -4.4285, 12.318 ], [ -4.4285, 12.3179 ], [ -4.4285, 12.3178 ], [ -4.4284, 12.3177 ], [ -4.4284, 12.3176 ], [ -4.4284, 12.3175 ], [ -4.4284, 12.3174 ], [ -4.4284, 12.3173 ], [ -4.4284, 12.3172 ], [ -4.4284, 12.3172 ], [ -4.4284, 12.3171 ], [ -4.4284, 12.317 ], [ -4.4283, 12.3169 ], [ -4.4283, 12.3168 ], [ -4.4283, 12.3167 ], [ -4.4283, 12.3166 ], [ -4.4283, 12.3165 ], [ -4.4283, 12.3164 ], [ -4.4283, 12.3164 ], [ -4.4283, 12.3163 ], [ -4.4283, 12.3162 ], [ -4.4282, 12.3161 ], [ -4.4282, 12.316 ], [ -4.4282, 12.3159 ], [ -4.4282, 12.3158 ], [ -4.4282, 12.3157 ], [ -4.4282, 12.3156 ], [ -4.4282, 12.3156 ], [ -4.4282, 12.3155 ], [ -4.4281, 12.3154 ], [ -4.4281, 12.3153 ], [ -4.4281, 12.3152 ], [ -4.4281, 12.3151 ], [ -4.4281, 12.315 ], [ -4.4281, 12.3149 ], [ -4.4281, 12.3148 ], [ -4.4281, 12.3148 ], [ -4.4281, 12.3147 ], [ -4.428, 12.3146 ], [ -4.428, 12.3145 ], [ -4.428, 12.3144 ], [ -4.428, 12.3143 ], [ -4.428, 12.3142 ], [ -4.428, 12.3141 ], [ -4.428, 12.314 ], [ -4.428, 12.314 ], [ -4.4279, 12.3139 ], [ -4.4279, 12.3138 ], [ -4.4279, 12.3137 ], [ -4.4279, 12.3136 ], [ -4.4279, 12.3135 ], [ -4.4279, 12.3134 ], [ -4.4279, 12.3133 ], [ -4.4279, 12.3132 ], [ -4.4279, 12.3132 ], [ -4.4278, 12.3131 ], [ -4.4278, 12.313 ], [ -4.4278, 12.3129 ], [ -4.4278, 12.3128 ], [ -4.4278, 12.3127 ], [ -4.4278, 12.3126 ], [ -4.4278, 12.3125 ], [ -4.4278, 12.3124 ], [ -4.4277, 12.3123 ], [ -4.4277, 12.3123 ], [ -4.4277, 12.3122 ], [ -4.4277, 12.3121 ], [ -4.4277, 12.312 ], [ -4.4277, 12.3119 ], [ -4.4277, 12.3118 ], [ -4.4277, 12.3117 ], [ -4.4277, 12.3117 ], [ -4.4276, 12.3116 ], [ -4.4276, 12.3115 ], [ -4.4276, 12.3114 ], [ -4.4276, 12.3113 ], [ -4.4276, 12.3112 ], [ -4.4276, 12.3111 ], [ -4.4276, 12.311 ], [ -4.4276, 12.311 ], [ -4.4276, 12.3109 ], [ -4.4275, 12.3108 ], [ -4.4275, 12.3107 ], [ -4.4275, 12.3106 ], [ -4.4275, 12.3105 ], [ -4.4275, 12.3104 ], [ -4.4275, 12.3104 ], [ -4.4275, 12.3103 ], [ -4.4275, 12.3102 ], [ -4.4275, 12.3101 ], [ -4.4274, 12.31 ], [ -4.4274, 12.3099 ], [ -4.4273, 12.3099 ], [ -4.4273, 12.3098 ], [ -4.4272, 12.3098 ], [ -4.4271, 12.3097 ], [ -4.427, 12.3097 ], [ -4.427, 12.3097 ], [ -4.4269, 12.3096 ], [ -4.4268, 12.3096 ], [ -4.4267, 12.3095 ], [ -4.4267, 12.3095 ], [ -4.4266, 12.3094 ], [ -4.4265, 12.3094 ], [ -4.4264, 12.3094 ], [ -4.4264, 12.3093 ], [ -4.4263, 12.3093 ], [ -4.4262, 12.3092 ], [ -4.4261, 12.3092 ], [ -4.426, 12.3091 ], [ -4.426, 12.3091 ], [ -4.4259, 12.309 ], [ -4.4258, 12.309 ], [ -4.4257, 12.309 ], [ -4.4257, 12.3089 ], [ -4.4256, 12.3089 ], [ -4.4255, 12.3088 ], [ -4.4254, 12.3088 ], [ -4.4253, 12.3087 ], [ -4.4253, 12.3087 ], [ -4.4252, 12.3086 ], [ -4.4251, 12.3086 ], [ -4.425, 12.3086 ], [ -4.425, 12.3085 ], [ -4.4249, 12.3085 ], [ -4.4248, 12.3084 ], [ -4.4247, 12.3084 ], [ -4.4246, 12.3083 ], [ -4.4246, 12.3083 ], [ -4.4245, 12.3082 ], [ -4.4244, 12.3082 ], [ -4.4243, 12.3082 ], [ -4.4243, 12.3081 ], [ -4.4242, 12.3081 ], [ -4.4241, 12.308 ], [ -4.424, 12.308 ], [ -4.4239, 12.3079 ], [ -4.4239, 12.3079 ], [ -4.4238, 12.3078 ], [ -4.4237, 12.3078 ], [ -4.4236, 12.3078 ], [ -4.4236, 12.3077 ], [ -4.4235, 12.3077 ], [ -4.4234, 12.3076 ], [ -4.4233, 12.3076 ], [ -4.4232, 12.3075 ], [ -4.4232, 12.3075 ], [ -4.4231, 12.3074 ], [ -4.423, 12.3074 ], [ -4.4229, 12.3073 ], [ -4.4229, 12.3073 ], [ -4.4228, 12.3073 ], [ -4.4227, 12.3072 ], [ -4.4226, 12.3072 ], [ -4.4225, 12.3071 ], [ -4.4225, 12.3071 ], [ -4.4224, 12.307 ], [ -4.4223, 12.307 ], [ -4.4222, 12.3069 ], [ -4.4221, 12.3069 ], [ -4.4221, 12.3069 ], [ -4.422, 12.3068 ], [ -4.4219, 12.3068 ], [ -4.4218, 12.3067 ], [ -4.4218, 12.3067 ], [ -4.4217, 12.3066 ], [ -4.4216, 12.3066 ], [ -4.4215, 12.3065 ], [ -4.4214, 12.3065 ], [ -4.4214, 12.3065 ], [ -4.4213, 12.3064 ], [ -4.4212, 12.3064 ], [ -4.4211, 12.3063 ], [ -4.4211, 12.3063 ], [ -4.421, 12.3062 ], [ -4.4209, 12.3062 ], [ -4.4208, 12.3061 ], [ -4.4207, 12.3061 ], [ -4.4207, 12.3061 ], [ -4.4206, 12.306 ], [ -4.4205, 12.306 ], [ -4.4204, 12.3059 ], [ -4.4204, 12.3059 ], [ -4.4203, 12.3058 ], [ -4.4202, 12.3058 ], [ -4.4201, 12.3057 ], [ -4.42, 12.3057 ], [ -4.42, 12.3056 ], [ -4.4199, 12.3056 ], [ -4.4198, 12.3056 ], [ -4.4197, 12.3055 ], [ -4.4197, 12.3055 ], [ -4.4196, 12.3054 ], [ -4.4195, 12.3054 ], [ -4.4194, 12.3053 ], [ -4.4193, 12.3053 ], [ -4.4193, 12.3052 ], [ -4.4192, 12.3052 ], [ -4.4191, 12.3052 ], [ -4.419, 12.3051 ], [ -4.419, 12.3051 ], [ -4.4189, 12.305 ], [ -4.4188, 12.305 ], [ -4.4187, 12.3049 ], [ -4.4186, 12.3049 ], [ -4.4186, 12.3048 ], [ -4.4185, 12.3048 ], [ -4.4184, 12.3048 ], [ -4.4183, 12.3047 ], [ -4.4182, 12.3047 ], [ -4.4182, 12.3046 ], [ -4.4181, 12.3046 ], [ -4.418, 12.3045 ], [ -4.4179, 12.3045 ], [ -4.4179, 12.3044 ], [ -4.4178, 12.3044 ], [ -4.4177, 12.3043 ], [ -4.4176, 12.3043 ], [ -4.4175, 12.3043 ], [ -4.4175, 12.3042 ], [ -4.4174, 12.3042 ], [ -4.4173, 12.3041 ], [ -4.4172, 12.3041 ], [ -4.4172, 12.304 ], [ -4.4171, 12.304 ], [ -4.417, 12.3039 ], [ -4.4169, 12.3039 ], [ -4.4168, 12.3039 ], [ -4.4168, 12.3038 ], [ -4.4167, 12.3038 ], [ -4.4166, 12.3037 ], [ -4.4165, 12.3037 ], [ -4.4165, 12.3036 ], [ -4.4164, 12.3036 ], [ -4.4163, 12.3035 ], [ -4.4162, 12.3035 ], [ -4.4161, 12.3035 ], [ -4.4161, 12.3034 ], [ -4.416, 12.3034 ], [ -4.4159, 12.3033 ], [ -4.4158, 12.3033 ], [ -4.4158, 12.3032 ], [ -4.4157, 12.3032 ], [ -4.4156, 12.3031 ], [ -4.4155, 12.3031 ], [ -4.4154, 12.3031 ], [ -4.4154, 12.303 ], [ -4.4153, 12.303 ], [ -4.4152, 12.3029 ], [ -4.4151, 12.3029 ], [ -4.4151, 12.3028 ], [ -4.415, 12.3028 ], [ -4.4149, 12.3028 ], [ -4.4148, 12.3028 ], [ -4.4147, 12.3029 ], [ -4.4146, 12.3029 ], [ -4.4146, 12.3029 ], [ -4.4145, 12.303 ], [ -4.4144, 12.303 ], [ -4.4143, 12.303 ], [ -4.4142, 12.303 ], [ -4.4141, 12.3031 ], [ -4.414, 12.3031 ], [ -4.414, 12.3031 ], [ -4.4139, 12.3032 ], [ -4.4138, 12.3032 ], [ -4.4137, 12.3032 ], [ -4.4136, 12.3033 ], [ -4.4136, 12.3033 ], [ -4.4135, 12.3033 ], [ -4.4134, 12.3033 ], [ -4.4133, 12.3034 ], [ -4.4132, 12.3034 ], [ -4.4131, 12.3034 ], [ -4.413, 12.3035 ], [ -4.4129, 12.3035 ], [ -4.4129, 12.3035 ], [ -4.4128, 12.3036 ], [ -4.4127, 12.3036 ], [ -4.4126, 12.3036 ], [ -4.4125, 12.3036 ], [ -4.4124, 12.3037 ], [ -4.4124, 12.3037 ], [ -4.4123, 12.3037 ], [ -4.4122, 12.3038 ], [ -4.4121, 12.3038 ], [ -4.412, 12.3038 ], [ -4.4119, 12.3039 ], [ -4.4119, 12.3039 ], [ -4.4118, 12.3039 ], [ -4.4117, 12.3039 ], [ -4.4116, 12.304 ], [ -4.4115, 12.304 ], [ -4.4114, 12.304 ], [ -4.4113, 12.3041 ], [ -4.4113, 12.3041 ], [ -4.4112, 12.3041 ], [ -4.4111, 12.3041 ], [ -4.411, 12.3042 ], [ -4.4109, 12.3042 ], [ -4.4108, 12.3042 ], [ -4.4108, 12.3043 ], [ -4.4107, 12.3043 ], [ -4.4106, 12.3043 ], [ -4.4105, 12.3044 ], [ -4.4104, 12.3044 ], [ -4.4103, 12.3044 ], [ -4.4102, 12.3044 ], [ -4.4102, 12.3045 ], [ -4.4101, 12.3045 ], [ -4.41, 12.3045 ], [ -4.4099, 12.3046 ], [ -4.4098, 12.3046 ], [ -4.4097, 12.3046 ], [ -4.4097, 12.3047 ], [ -4.4096, 12.3047 ], [ -4.4095, 12.3047 ], [ -4.4094, 12.3047 ], [ -4.4093, 12.3048 ], [ -4.4092, 12.3048 ], [ -4.4091, 12.3048 ], [ -4.4091, 12.3049 ], [ -4.409, 12.3049 ], [ -4.4089, 12.3049 ], [ -4.4088, 12.3049 ], [ -4.4087, 12.305 ], [ -4.4086, 12.305 ], [ -4.4086, 12.305 ], [ -4.4085, 12.3051 ], [ -4.4084, 12.3051 ], [ -4.4083, 12.3051 ], [ -4.4082, 12.3052 ], [ -4.4081, 12.3052 ], [ -4.408, 12.3052 ], [ -4.408, 12.3052 ], [ -4.4079, 12.3053 ], [ -4.4078, 12.3053 ], [ -4.4077, 12.3053 ], [ -4.4076, 12.3054 ], [ -4.4075, 12.3054 ], [ -4.4075, 12.3054 ], [ -4.4074, 12.3055 ], [ -4.4073, 12.3055 ], [ -4.4072, 12.3055 ], [ -4.4071, 12.3055 ], [ -4.407, 12.3056 ], [ -4.4069, 12.3056 ], [ -4.4069, 12.3056 ], [ -4.4068, 12.3057 ], [ -4.4067, 12.3057 ], [ -4.4066, 12.3057 ], [ -4.4065, 12.3058 ], [ -4.4064, 12.3058 ], [ -4.4064, 12.3058 ], [ -4.4063, 12.3058 ], [ -4.4062, 12.3059 ], [ -4.4061, 12.3059 ], [ -4.406, 12.3059 ], [ -4.4059, 12.306 ], [ -4.4059, 12.306 ], [ -4.4058, 12.306 ], [ -4.4057, 12.306 ], [ -4.4056, 12.3061 ], [ -4.4055, 12.3061 ], [ -4.4054, 12.3061 ], [ -4.4053, 12.3062 ], [ -4.4053, 12.3062 ], [ -4.4052, 12.3062 ], [ -4.4051, 12.3063 ], [ -4.405, 12.3063 ], [ -4.4049, 12.3063 ], [ -4.4048, 12.3063 ], [ -4.4048, 12.3064 ], [ -4.4047, 12.3064 ], [ -4.4046, 12.3064 ], [ -4.4045, 12.3065 ], [ -4.4044, 12.3065 ], [ -4.4043, 12.3065 ], [ -4.4042, 12.3066 ], [ -4.4042, 12.3066 ], [ -4.4041, 12.3066 ], [ -4.404, 12.3066 ], [ -4.4039, 12.3067 ], [ -4.4038, 12.3067 ], [ -4.4037, 12.3067 ], [ -4.4037, 12.3068 ], [ -4.4036, 12.3068 ], [ -4.4035, 12.3068 ], [ -4.4034, 12.3069 ], [ -4.4033, 12.3069 ], [ -4.4032, 12.3069 ], [ -4.4031, 12.3069 ], [ -4.4031, 12.307 ], [ -4.403, 12.307 ], [ -4.4029, 12.307 ], [ -4.4028, 12.3071 ], [ -4.4027, 12.3071 ], [ -4.4026, 12.3071 ], [ -4.4026, 12.3071 ], [ -4.4025, 12.3072 ], [ -4.4024, 12.3072 ], [ -4.4023, 12.3072 ], [ -4.4022, 12.3073 ], [ -4.4021, 12.3073 ], [ -4.402, 12.3073 ], [ -4.402, 12.3074 ], [ -4.4019, 12.3074 ], [ -4.4018, 12.3074 ], [ -4.4017, 12.3074 ], [ -4.4016, 12.3075 ], [ -4.4015, 12.3075 ], [ -4.4015, 12.3075 ], [ -4.4014, 12.3076 ], [ -4.4013, 12.3076 ], [ -4.4012, 12.3076 ], [ -4.4011, 12.3077 ], [ -4.401, 12.3077 ], [ -4.401, 12.3077 ], [ -4.4009, 12.3077 ], [ -4.4008, 12.3078 ], [ -4.4007, 12.3078 ], [ -4.4006, 12.3078 ], [ -4.4005, 12.3079 ], [ -4.4004, 12.3079 ], [ -4.4004, 12.3079 ], [ -4.4003, 12.3079 ], [ -4.4002, 12.308 ], [ -4.4001, 12.308 ], [ -4.4, 12.308 ], [ -4.3999, 12.3081 ], [ -4.3999, 12.3081 ], [ -4.3998, 12.3081 ], [ -4.3997, 12.3082 ], [ -4.3996, 12.3082 ], [ -4.3995, 12.3082 ], [ -4.3994, 12.3082 ], [ -4.3993, 12.3083 ], [ -4.3993, 12.3083 ], [ -4.3992, 12.3083 ], [ -4.3991, 12.3084 ], [ -4.399, 12.3084 ], [ -4.3989, 12.3084 ], [ -4.3988, 12.3085 ], [ -4.3987, 12.3085 ], [ -4.3987, 12.3085 ], [ -4.3986, 12.3085 ], [ -4.3985, 12.3086 ], [ -4.3984, 12.3086 ], [ -4.3983, 12.3086 ], [ -4.3982, 12.3087 ], [ -4.3982, 12.3087 ], [ -4.3981, 12.3087 ], [ -4.398, 12.3088 ], [ -4.3979, 12.3088 ], [ -4.3978, 12.3088 ], [ -4.3977, 12.3088 ], [ -4.3976, 12.3089 ], [ -4.3976, 12.3089 ], [ -4.3975, 12.3089 ], [ -4.3974, 12.309 ], [ -4.3973, 12.309 ], [ -4.3972, 12.309 ], [ -4.3971, 12.3091 ], [ -4.3971, 12.3091 ], [ -4.397, 12.3091 ], [ -4.3969, 12.3091 ], [ -4.3968, 12.3092 ], [ -4.3967, 12.3092 ], [ -4.3966, 12.3092 ], [ -4.3965, 12.3093 ], [ -4.3965, 12.3093 ], [ -4.3964, 12.3093 ], [ -4.3963, 12.3093 ], [ -4.3962, 12.3094 ], [ -4.3961, 12.3094 ], [ -4.3977, 12.3142 ], [ -4.3981, 12.3151 ], [ -4.4009, 12.3233 ], [ -4.4022, 12.3249 ], [ -4.4024, 12.3277 ], [ -4.4053, 12.3349 ], [ -4.4098, 12.3462 ], [ -4.4138, 12.3542 ], [ -4.415, 12.3565 ], [ -4.4164, 12.359 ], [ -4.4237, 12.3723 ], [ -4.4311, 12.3861 ], [ -4.4319, 12.3877 ], [ -4.4355, 12.3943 ], [ -4.4355, 12.3944 ], [ -4.4358, 12.3948 ], [ -4.4383, 12.3994 ], [ -4.4382, 12.4014 ], [ -4.4382, 12.4017 ], [ -4.4382, 12.4035 ], [ -4.4382, 12.4177 ], [ -4.4382, 12.4201 ], [ -4.4326, 12.4357 ], [ -4.4315, 12.4387 ], [ -4.4273, 12.4536 ], [ -4.4268, 12.4542 ], [ -4.4255, 12.4555 ], [ -4.4249, 12.4586 ], [ -4.4244, 12.4609 ], [ -4.4262, 12.4653 ], [ -4.4269, 12.4727 ], [ -4.4271, 12.4737 ], [ -4.4259, 12.4767 ], [ -4.4237, 12.4824 ], [ -4.4221, 12.4867 ], [ -4.4139, 12.4954 ], [ -4.406, 12.5017 ], [ -4.399, 12.505 ], [ -4.3962, 12.5073 ], [ -4.3885, 12.5136 ], [ -4.3842, 12.5171 ], [ -4.3669, 12.5335 ], [ -4.3698, 12.538 ], [ -4.372, 12.5414 ], [ -4.3797, 12.547 ], [ -4.3825, 12.549 ], [ -4.3847, 12.5499 ], [ -4.3885, 12.5514 ], [ -4.3944, 12.5537 ], [ -4.4026, 12.5579 ], [ -4.4023, 12.5617 ], [ -4.4022, 12.5627 ], [ -4.4021, 12.5648 ], [ -4.4021, 12.565 ], [ -4.402, 12.5662 ], [ -4.4025, 12.5749 ], [ -4.4036, 12.5804 ], [ -4.4097, 12.5998 ], [ -4.4122, 12.6072 ], [ -4.4211, 12.6141 ], [ -4.434, 12.6239 ], [ -4.4364, 12.6238 ], [ -4.4532, 12.6231 ], [ -4.4558, 12.6259 ], [ -4.4594, 12.6298 ], [ -4.461, 12.6366 ], [ -4.4681, 12.6448 ], [ -4.474, 12.648 ], [ -4.4755, 12.6489 ], [ -4.4819, 12.6562 ], [ -4.4823, 12.6686 ], [ -4.4824, 12.6717 ], [ -4.4784, 12.6798 ], [ -4.4704, 12.6906 ], [ -4.4704, 12.6909 ], [ -4.4752, 12.7062 ], [ -4.4724, 12.7122 ], [ -4.4749, 12.7181 ], [ -4.4808, 12.72 ], [ -4.4799, 12.7228 ], [ -4.4794, 12.7245 ], [ -4.4785, 12.7272 ], [ -4.4784, 12.7272 ], [ -4.4695, 12.724 ], [ -4.461, 12.7233 ], [ -4.4579, 12.723 ], [ -4.4518, 12.7174 ], [ -4.4498, 12.7181 ], [ -4.4431, 12.7206 ], [ -4.4321, 12.7154 ], [ -4.4149, 12.7182 ], [ -4.4033, 12.7196 ], [ -4.3814, 12.7286 ], [ -4.3726, 12.7332 ], [ -4.3713, 12.7339 ], [ -4.3697, 12.7347 ], [ -4.366, 12.7367 ], [ -4.3608, 12.7385 ], [ -4.3527, 12.7413 ], [ -4.3459, 12.7421 ], [ -4.3428, 12.7389 ], [ -4.3403, 12.7364 ], [ -4.3336, 12.7297 ], [ -4.3329, 12.729 ], [ -4.3244, 12.7205 ], [ -4.3236, 12.7198 ], [ -4.3244, 12.7133 ], [ -4.3247, 12.7111 ], [ -4.3249, 12.7101 ], [ -4.3217, 12.7093 ], [ -4.3154, 12.7078 ], [ -4.3121, 12.707 ], [ -4.3089, 12.705 ], [ -4.3086, 12.7048 ], [ -4.3026, 12.7013 ], [ -4.3018, 12.7008 ], [ -4.2915, 12.707 ], [ -4.2891, 12.7084 ], [ -4.285, 12.7108 ], [ -4.2717, 12.7108 ], [ -4.2664, 12.7069 ], [ -4.2645, 12.7084 ], [ -4.2547, 12.7166 ], [ -4.2528, 12.7174 ], [ -4.2503, 12.7185 ], [ -4.2496, 12.7187 ], [ -4.246, 12.7202 ], [ -4.2427, 12.7262 ], [ -4.2417, 12.728 ], [ -4.2377, 12.7282 ], [ -4.2336, 12.7285 ], [ -4.2335, 12.7285 ], [ -4.2333, 12.7322 ], [ -4.2332, 12.7333 ], [ -4.2332, 12.7342 ], [ -4.2328, 12.7356 ], [ -4.2319, 12.7384 ], [ -4.2303, 12.7434 ], [ -4.2293, 12.7467 ], [ -4.2275, 12.7519 ], [ -4.2226, 12.7656 ], [ -4.2196, 12.7728 ], [ -4.2171, 12.7785 ], [ -4.2178, 12.7921 ], [ -4.2179, 12.7946 ], [ -4.218, 12.7976 ], [ -4.2181, 12.7988 ], [ -4.2181, 12.799 ], [ -4.2181, 12.7992 ], [ -4.2181, 12.7994 ], [ -4.2181, 12.7996 ], [ -4.2181, 12.7997 ], [ -4.2182, 12.8019 ], [ -4.2183, 12.8048 ], [ -4.2175, 12.8058 ], [ -4.2115, 12.8135 ], [ -4.2114, 12.8136 ], [ -4.2113, 12.8137 ], [ -4.2109, 12.8143 ], [ -4.2109, 12.8148 ], [ -4.2114, 12.8197 ], [ -4.2117, 12.8225 ], [ -4.2124, 12.8243 ], [ -4.2151, 12.8317 ], [ -4.2152, 12.8319 ], [ -4.2171, 12.837 ], [ -4.2216, 12.8493 ], [ -4.2222, 12.851 ], [ -4.2229, 12.8532 ], [ -4.2232, 12.8538 ], [ -4.2246, 12.8579 ], [ -4.2257, 12.8608 ], [ -4.2256, 12.8649 ], [ -4.2254, 12.8705 ], [ -4.2252, 12.8715 ], [ -4.2223, 12.8848 ], [ -4.2214, 12.8893 ], [ -4.2214, 12.8894 ], [ -4.2212, 12.8905 ], [ -4.2207, 12.8931 ], [ -4.2198, 12.8977 ], [ -4.2193, 12.9 ], [ -4.2182, 12.9049 ], [ -4.2168, 12.9108 ], [ -4.216, 12.9142 ], [ -4.2163, 12.9183 ], [ -4.2163, 12.9185 ], [ -4.2163, 12.9191 ], [ -4.2166, 12.9248 ], [ -4.2169, 12.9291 ], [ -4.217, 12.9312 ], [ -4.2172, 12.9345 ], [ -4.2173, 12.9367 ], [ -4.2173, 12.9369 ], [ -4.2174, 12.9371 ], [ -4.2174, 12.9373 ], [ -4.2174, 12.9375 ], [ -4.2174, 12.9376 ], [ -4.2174, 12.9377 ], [ -4.2174, 12.9378 ], [ -4.2174, 12.938 ], [ -4.2174, 12.9383 ], [ -4.2177, 12.9421 ], [ -4.218, 12.9459 ], [ -4.2182, 12.9484 ], [ -4.2184, 12.9514 ], [ -4.2186, 12.9533 ], [ -4.219, 12.9563 ], [ -4.2191, 12.9572 ], [ -4.2194, 12.9596 ], [ -4.2206, 12.9619 ], [ -4.2254, 12.9712 ], [ -4.2258, 12.972 ], [ -4.2274, 12.9727 ], [ -4.2474, 12.9813 ], [ -4.2509, 12.9828 ], [ -4.2533, 12.9838 ], [ -4.2534, 12.9838 ], [ -4.2587, 12.9861 ], [ -4.262, 12.9875 ], [ -4.2657, 12.9891 ], [ -4.2661, 12.9906 ], [ -4.2663, 12.9916 ], [ -4.2664, 12.992 ], [ -4.2676, 12.997 ], [ -4.2682, 12.9995 ], [ -4.2684, 13.0013 ], [ -4.2689, 13.0071 ], [ -4.2707, 13.0105 ], [ -4.2744, 13.0179 ], [ -4.2742, 13.0233 ], [ -4.2736, 13.0242 ], [ -4.2733, 13.0252 ], [ -4.2725, 13.0267 ], [ -4.2723, 13.0276 ], [ -4.2723, 13.0293 ], [ -4.2725, 13.0302 ], [ -4.2726, 13.0313 ], [ -4.2728, 13.0324 ], [ -4.2726, 13.0339 ], [ -4.2729, 13.0356 ], [ -4.2732, 13.0359 ], [ -4.2874, 13.0525 ], [ -4.2882, 13.0535 ], [ -4.2933, 13.0596 ], [ -4.2952, 13.0619 ], [ -4.3082, 13.0769 ], [ -4.3103, 13.0793 ], [ -4.3113, 13.0807 ], [ -4.3118, 13.0823 ], [ -4.3123, 13.0834 ], [ -4.313, 13.0849 ], [ -4.3134, 13.0858 ], [ -4.3137, 13.0864 ], [ -4.3144, 13.0875 ], [ -4.3152, 13.0885 ], [ -4.316, 13.0893 ], [ -4.3173, 13.0905 ], [ -4.3187, 13.0914 ], [ -4.3196, 13.0928 ], [ -4.3205, 13.0931 ], [ -4.3237, 13.0943 ], [ -4.3239, 13.0944 ], [ -4.3241, 13.0945 ], [ -4.3252, 13.0949 ], [ -4.3252, 13.0949 ], [ -4.3265, 13.0954 ], [ -4.3297, 13.0967 ], [ -4.3298, 13.0973 ], [ -4.3299, 13.1002 ], [ -4.33, 13.103 ], [ -4.3344, 13.1073 ], [ -4.3371, 13.1086 ], [ -4.3378, 13.109 ], [ -4.344, 13.112 ], [ -4.345, 13.1125 ], [ -4.3452, 13.1126 ], [ -4.347, 13.1134 ], [ -4.3467, 13.1143 ], [ -4.3465, 13.1152 ], [ -4.3402, 13.1415 ], [ -4.3375, 13.1437 ], [ -4.3358, 13.144 ], [ -4.3352, 13.1444 ], [ -4.3349, 13.1448 ], [ -4.3344, 13.1454 ], [ -4.3335, 13.1461 ], [ -4.3319, 13.1476 ], [ -4.3303, 13.1495 ], [ -4.3301, 13.1501 ], [ -4.3299, 13.1503 ], [ -4.3295, 13.1507 ], [ -4.3288, 13.1512 ], [ -4.3272, 13.152 ], [ -4.3251, 13.1525 ], [ -4.3233, 13.1529 ], [ -4.3221, 13.1535 ], [ -4.321, 13.1544 ], [ -4.3197, 13.1556 ], [ -4.3186, 13.1569 ], [ -4.3178, 13.1582 ], [ -4.3157, 13.1596 ], [ -4.3149, 13.1601 ], [ -4.3122, 13.162 ], [ -4.31, 13.1693 ], [ -4.2997, 13.1803 ], [ -4.2921, 13.1826 ], [ -4.2891, 13.1873 ], [ -4.2889, 13.1877 ], [ -4.2884, 13.1876 ], [ -4.2684, 13.1841 ], [ -4.2671, 13.1838 ], [ -4.2654, 13.1835 ], [ -4.2626, 13.1828 ], [ -4.2625, 13.1828 ], [ -4.2593, 13.182 ], [ -4.2542, 13.1807 ], [ -4.2386, 13.1767 ], [ -4.2384, 13.1767 ], [ -4.2382, 13.1767 ], [ -4.238, 13.1767 ], [ -4.2378, 13.1767 ], [ -4.2376, 13.1768 ], [ -4.2374, 13.1768 ], [ -4.2372, 13.1768 ], [ -4.237, 13.1768 ], [ -4.2368, 13.1769 ], [ -4.2366, 13.1769 ], [ -4.2364, 13.177 ], [ -4.2362, 13.177 ], [ -4.236, 13.1771 ], [ -4.2358, 13.1772 ], [ -4.2356, 13.1772 ], [ -4.2354, 13.1773 ], [ -4.2352, 13.1774 ], [ -4.235, 13.1775 ], [ -4.2347, 13.1776 ], [ -4.2344, 13.1777 ], [ -4.2342, 13.1779 ], [ -4.2339, 13.178 ], [ -4.2337, 13.1781 ], [ -4.2334, 13.1783 ], [ -4.2332, 13.1784 ], [ -4.233, 13.1786 ], [ -4.2327, 13.1787 ], [ -4.2325, 13.1789 ], [ -4.2323, 13.179 ], [ -4.232, 13.1792 ], [ -4.2318, 13.1794 ], [ -4.2316, 13.1796 ], [ -4.2314, 13.1798 ], [ -4.2312, 13.1799 ], [ -4.231, 13.1801 ], [ -4.2308, 13.1803 ], [ -4.2306, 13.1805 ], [ -4.2304, 13.1807 ], [ -4.2302, 13.1808 ], [ -4.23, 13.181 ], [ -4.2298, 13.1811 ], [ -4.2296, 13.1813 ], [ -4.2294, 13.1815 ], [ -4.2292, 13.1816 ], [ -4.2291, 13.1818 ], [ -4.2289, 13.182 ], [ -4.2287, 13.1822 ], [ -4.2286, 13.1824 ], [ -4.2284, 13.1825 ], [ -4.2283, 13.1827 ], [ -4.2282, 13.1829 ], [ -4.228, 13.1831 ], [ -4.2279, 13.1834 ], [ -4.2278, 13.1836 ], [ -4.2277, 13.1838 ], [ -4.2275, 13.184 ], [ -4.2274, 13.1842 ], [ -4.2273, 13.1844 ], [ -4.2272, 13.1847 ], [ -4.2272, 13.1849 ], [ -4.2271, 13.1851 ], [ -4.227, 13.1854 ], [ -4.2269, 13.1856 ], [ -4.2269, 13.1858 ], [ -4.2268, 13.1861 ], [ -4.2268, 13.1863 ], [ -4.2267, 13.1866 ], [ -4.2257, 13.1881 ], [ -4.2255, 13.1885 ], [ -4.2251, 13.1892 ], [ -4.2235, 13.1916 ], [ -4.2251, 13.1938 ], [ -4.2286, 13.1988 ], [ -4.2292, 13.1997 ], [ -4.2298, 13.2005 ], [ -4.2303, 13.2012 ], [ -4.2359, 13.2092 ], [ -4.2377, 13.2112 ], [ -4.2391, 13.2126 ], [ -4.2449, 13.2189 ], [ -4.2472, 13.2213 ], [ -4.2576, 13.2321 ], [ -4.2579, 13.2324 ], [ -4.258, 13.2325 ], [ -4.2593, 13.234 ], [ -4.2588, 13.2344 ], [ -4.258, 13.235 ], [ -4.2556, 13.2369 ], [ -4.2549, 13.2375 ], [ -4.2543, 13.2377 ], [ -4.2411, 13.2418 ], [ -4.241, 13.2419 ], [ -4.2369, 13.2432 ], [ -4.2317, 13.2449 ], [ -4.2253, 13.2479 ], [ -4.224, 13.2495 ], [ -4.2118, 13.2643 ], [ -4.2099, 13.2666 ], [ -4.2094, 13.2668 ], [ -4.208, 13.2673 ], [ -4.2001, 13.27 ], [ -4.1925, 13.2708 ], [ -4.1899, 13.2712 ], [ -4.1695, 13.2745 ], [ -4.1667, 13.275 ], [ -4.1654, 13.2768 ], [ -4.1637, 13.279 ], [ -4.1612, 13.2825 ], [ -4.1609, 13.2827 ], [ -4.1578, 13.2842 ], [ -4.1541, 13.2867 ], [ -4.1512, 13.2866 ], [ -4.1408, 13.2915 ], [ -4.139, 13.2933 ], [ -4.1389, 13.2935 ], [ -4.1339, 13.2997 ], [ -4.1334, 13.3004 ], [ -4.1329, 13.3019 ], [ -4.1302, 13.3097 ], [ -4.1245, 13.3153 ], [ -4.1212, 13.3172 ], [ -4.1182, 13.3188 ], [ -4.1175, 13.3192 ], [ -4.1162, 13.32 ], [ -4.115, 13.3221 ], [ -4.1109, 13.3293 ], [ -4.1054, 13.3374 ], [ -4.1032, 13.3457 ], [ -4.1006, 13.3569 ], [ -4.1009, 13.3582 ], [ -4.1028, 13.3678 ], [ -4.1015, 13.3831 ], [ -4.1013, 13.3835 ], [ -4.1011, 13.384 ], [ -4.1008, 13.3844 ], [ -4.1006, 13.3848 ], [ -4.1004, 13.3853 ], [ -4.1002, 13.3857 ], [ -4.0999, 13.3861 ], [ -4.0997, 13.3865 ], [ -4.0994, 13.387 ], [ -4.0992, 13.3874 ], [ -4.0989, 13.3878 ], [ -4.0987, 13.3882 ], [ -4.0984, 13.3886 ], [ -4.0981, 13.389 ], [ -4.0978, 13.3894 ], [ -4.0975, 13.3898 ], [ -4.0972, 13.3901 ], [ -4.0969, 13.3905 ], [ -4.0966, 13.3909 ], [ -4.0963, 13.3913 ], [ -4.096, 13.3916 ], [ -4.0957, 13.392 ], [ -4.0953, 13.3924 ], [ -4.095, 13.3927 ], [ -4.0947, 13.3931 ], [ -4.0943, 13.3934 ], [ -4.094, 13.3937 ], [ -4.0936, 13.3941 ], [ -4.0933, 13.3944 ], [ -4.0929, 13.3947 ], [ -4.0925, 13.3951 ], [ -4.0922, 13.3954 ], [ -4.0918, 13.3957 ], [ -4.0914, 13.396 ], [ -4.091, 13.3963 ], [ -4.0907, 13.3966 ], [ -4.0903, 13.3969 ], [ -4.0899, 13.3971 ], [ -4.0895, 13.3974 ], [ -4.0891, 13.3977 ], [ -4.0887, 13.3979 ], [ -4.0882, 13.3982 ], [ -4.0878, 13.3983 ], [ -4.0796, 13.4009 ], [ -4.0755, 13.4029 ], [ -4.0751, 13.4032 ], [ -4.0748, 13.4034 ], [ -4.0744, 13.4036 ], [ -4.0741, 13.4039 ], [ -4.0737, 13.4041 ], [ -4.0734, 13.4044 ], [ -4.073, 13.4046 ], [ -4.0727, 13.4049 ], [ -4.0724, 13.4051 ], [ -4.0721, 13.4054 ], [ -4.0717, 13.4057 ], [ -4.0714, 13.406 ], [ -4.0711, 13.4062 ], [ -4.0708, 13.4065 ], [ -4.0705, 13.4068 ], [ -4.0687, 13.4066 ], [ -4.0676, 13.4065 ], [ -4.0669, 13.4065 ], [ -4.0667, 13.4064 ], [ -4.0644, 13.4062 ], [ -4.0548, 13.4052 ], [ -4.0442, 13.4139 ], [ -4.0389, 13.4183 ], [ -4.0296, 13.4229 ], [ -4.0267, 13.4243 ], [ -4.015, 13.4375 ], [ -4.0145, 13.4375 ], [ -3.998, 13.4361 ], [ -3.9867, 13.4343 ], [ -3.984, 13.4338 ], [ -3.9837, 13.4364 ], [ -3.9833, 13.4392 ], [ -3.9836, 13.4456 ], [ -3.984, 13.4495 ], [ -3.9834, 13.452 ], [ -3.979, 13.4581 ], [ -3.9776, 13.4611 ], [ -3.9767, 13.4626 ], [ -3.9741, 13.465 ], [ -3.9677, 13.4687 ], [ -3.9652, 13.4702 ], [ -3.9624, 13.4713 ], [ -3.9589, 13.4726 ], [ -3.9604, 13.4771 ], [ -3.9605, 13.4775 ], [ -3.9614, 13.4803 ], [ -3.9615, 13.4804 ], [ -3.9616, 13.4808 ], [ -3.9621, 13.4823 ], [ -3.9644, 13.4889 ], [ -3.9662, 13.4864 ], [ -3.9665, 13.486 ], [ -3.9698, 13.481 ], [ -3.9706, 13.4799 ], [ -3.9741, 13.4746 ], [ -3.9731, 13.4737 ], [ -3.9775, 13.4696 ], [ -3.981, 13.4721 ], [ -3.9815, 13.4724 ], [ -3.9818, 13.4773 ], [ -3.9723, 13.4839 ], [ -3.9704, 13.488 ], [ -3.9696, 13.4898 ], [ -3.9695, 13.4901 ], [ -3.9709, 13.4994 ], [ -3.9689, 13.501 ], [ -3.9676, 13.5021 ], [ -3.9658, 13.5035 ], [ -3.9648, 13.5044 ], [ -3.9602, 13.4987 ], [ -3.9597, 13.4981 ], [ -3.9529, 13.495 ], [ -3.951, 13.4941 ], [ -3.9486, 13.493 ], [ -3.948, 13.4927 ], [ -3.949, 13.4874 ], [ -3.9434, 13.4797 ], [ -3.9432, 13.4794 ], [ -3.9418, 13.4774 ], [ -3.9412, 13.4766 ], [ -3.9406, 13.4741 ], [ -3.9405, 13.4736 ], [ -3.9391, 13.467 ], [ -3.9388, 13.4523 ], [ -3.9388, 13.4509 ], [ -3.9274, 13.4499 ], [ -3.9076, 13.4477 ], [ -3.9048, 13.4474 ], [ -3.9047, 13.4474 ], [ -3.9039, 13.4469 ], [ -3.899, 13.4436 ], [ -3.8989, 13.4435 ], [ -3.8988, 13.4434 ], [ -3.8952, 13.441 ], [ -3.8969, 13.4388 ], [ -3.9018, 13.4324 ], [ -3.9102, 13.4321 ], [ -3.9189, 13.4318 ], [ -3.93, 13.4311 ], [ -3.93, 13.431 ], [ -3.9301, 13.4307 ], [ -3.931, 13.4283 ], [ -3.9358, 13.4156 ], [ -3.9457, 13.4132 ], [ -3.9542, 13.4101 ], [ -3.9568, 13.4091 ], [ -3.9624, 13.4061 ], [ -3.9614, 13.4031 ], [ -3.9606, 13.399 ], [ -3.9603, 13.39 ], [ -3.9603, 13.379 ], [ -3.9536, 13.3781 ], [ -3.9473, 13.3739 ], [ -3.946, 13.373 ], [ -3.9382, 13.3782 ], [ -3.9365, 13.3784 ], [ -3.9226, 13.3793 ], [ -3.9224, 13.3794 ], [ -3.919, 13.3805 ], [ -3.9165, 13.3813 ], [ -3.9084, 13.3803 ], [ -3.8937, 13.3783 ], [ -3.8886, 13.3774 ], [ -3.8772, 13.3754 ], [ -3.8764, 13.3753 ], [ -3.857, 13.3723 ], [ -3.8553, 13.372 ], [ -3.8553, 13.372 ], [ -3.8544, 13.3718 ], [ -3.853, 13.3708 ], [ -3.8396, 13.3598 ], [ -3.8394, 13.3597 ], [ -3.8386, 13.3591 ], [ -3.8385, 13.359 ], [ -3.8384, 13.3589 ], [ -3.8382, 13.3587 ], [ -3.8381, 13.3587 ], [ -3.8372, 13.3587 ], [ -3.8191, 13.359 ], [ -3.8134, 13.3634 ], [ -3.8008, 13.3691 ], [ -3.7979, 13.3704 ], [ -3.7977, 13.3705 ], [ -3.7976, 13.3705 ], [ -3.7945, 13.3681 ], [ -3.7874, 13.3627 ], [ -3.7856, 13.3608 ], [ -3.7832, 13.3584 ], [ -3.7831, 13.3583 ], [ -3.7768, 13.3518 ], [ -3.7766, 13.3517 ], [ -3.7765, 13.3515 ], [ -3.7708, 13.3457 ], [ -3.7578, 13.3358 ], [ -3.7576, 13.3356 ], [ -3.7527, 13.3316 ], [ -3.743, 13.3238 ], [ -3.7416, 13.3226 ], [ -3.7426, 13.3193 ], [ -3.7454, 13.3106 ], [ -3.7421, 13.3082 ], [ -3.7409, 13.3073 ], [ -3.7331, 13.2987 ], [ -3.7307, 13.297 ], [ -3.7306, 13.2969 ], [ -3.7237, 13.292 ], [ -3.7236, 13.2919 ], [ -3.7225, 13.2914 ], [ -3.7192, 13.2901 ], [ -3.7108, 13.2865 ], [ -3.7107, 13.2865 ], [ -3.7106, 13.2864 ], [ -3.7039, 13.284 ], [ -3.7003, 13.2826 ], [ -3.695, 13.2807 ], [ -3.6769, 13.2747 ], [ -3.6761, 13.2745 ], [ -3.6742, 13.2739 ], [ -3.673, 13.2735 ], [ -3.6681, 13.2664 ], [ -3.6579, 13.26 ], [ -3.656, 13.2585 ], [ -3.6552, 13.2578 ], [ -3.6484, 13.2521 ], [ -3.6397, 13.2439 ], [ -3.6384, 13.2426 ], [ -3.6308, 13.2354 ], [ -3.6178, 13.2232 ], [ -3.6123, 13.2132 ], [ -3.6075, 13.2147 ], [ -3.607, 13.2149 ], [ -3.5925, 13.2045 ], [ -3.587, 13.2006 ], [ -3.5791, 13.2006 ], [ -3.5734, 13.1989 ], [ -3.5604, 13.1968 ], [ -3.5509, 13.1974 ], [ -3.5484, 13.1858 ], [ -3.5457, 13.1787 ], [ -3.5484, 13.1669 ], [ -3.5466, 13.1665 ], [ -3.5442, 13.1659 ], [ -3.5426, 13.1655 ], [ -3.5376, 13.1705 ], [ -3.5366, 13.1714 ], [ -3.536, 13.172 ], [ -3.5326, 13.1678 ], [ -3.5292, 13.1723 ], [ -3.523, 13.1663 ], [ -3.5183, 13.1698 ], [ -3.5139, 13.1666 ], [ -3.5112, 13.1682 ], [ -3.5086, 13.1698 ], [ -3.5081, 13.1698 ], [ -3.5052, 13.1698 ], [ -3.5045, 13.1699 ], [ -3.5015, 13.1701 ], [ -3.5, 13.1693 ], [ -3.4984, 13.1684 ], [ -3.4982, 13.1684 ], [ -3.4957, 13.1666 ], [ -3.4916, 13.1668 ], [ -3.4885, 13.1659 ], [ -3.4862, 13.1643 ], [ -3.4713, 13.1608 ], [ -3.4706, 13.1608 ], [ -3.4681, 13.1602 ], [ -3.4632, 13.1589 ], [ -3.4618, 13.159 ], [ -3.4614, 13.159 ], [ -3.4591, 13.1592 ], [ -3.4563, 13.1587 ], [ -3.4555, 13.1585 ], [ -3.4531, 13.158 ], [ -3.4505, 13.1574 ], [ -3.4476, 13.1576 ], [ -3.445, 13.158 ], [ -3.4423, 13.1581 ], [ -3.4403, 13.1585 ], [ -3.4402, 13.1585 ], [ -3.4394, 13.1586 ], [ -3.4384, 13.1595 ], [ -3.4383, 13.1596 ], [ -3.4378, 13.16 ], [ -3.4374, 13.1604 ], [ -3.4359, 13.1627 ], [ -3.4344, 13.1648 ], [ -3.4323, 13.1669 ], [ -3.4303, 13.1687 ], [ -3.428, 13.1705 ], [ -3.426, 13.172 ], [ -3.4237, 13.1737 ], [ -3.4223, 13.1749 ], [ -3.4217, 13.1755 ], [ -3.4217, 13.1785 ], [ -3.4224, 13.1818 ], [ -3.4237, 13.1844 ], [ -3.4251, 13.1871 ], [ -3.4254, 13.1882 ], [ -3.426, 13.1904 ], [ -3.4262, 13.1931 ], [ -3.4264, 13.1957 ], [ -3.4264, 13.196 ], [ -3.4264, 13.1965 ], [ -3.4264, 13.1975 ], [ -3.4265, 13.1988 ], [ -3.4264, 13.2016 ], [ -3.4269, 13.205 ], [ -3.4276, 13.2077 ], [ -3.4287, 13.21 ], [ -3.4306, 13.2128 ], [ -3.4316, 13.2156 ], [ -3.4327, 13.2184 ], [ -3.4334, 13.2205 ], [ -3.4335, 13.2208 ], [ -3.4335, 13.2209 ], [ -3.4343, 13.2238 ], [ -3.4344, 13.2246 ], [ -3.4346, 13.2252 ], [ -3.4349, 13.2266 ], [ -3.4352, 13.2284 ], [ -3.4353, 13.2294 ], [ -3.4358, 13.232 ], [ -3.4359, 13.2327 ], [ -3.436, 13.2331 ], [ -3.4363, 13.2348 ], [ -3.4364, 13.2354 ], [ -3.4364, 13.2363 ], [ -3.4366, 13.2376 ], [ -3.4373, 13.2405 ], [ -3.4384, 13.2436 ], [ -3.4384, 13.2437 ], [ -3.4386, 13.2441 ], [ -3.4399, 13.2465 ], [ -3.4414, 13.2477 ], [ -3.4425, 13.2487 ], [ -3.4453, 13.2506 ], [ -3.4454, 13.2508 ], [ -3.4463, 13.2527 ], [ -3.4464, 13.2529 ], [ -3.4464, 13.253 ], [ -3.4465, 13.2532 ], [ -3.4467, 13.2536 ], [ -3.4467, 13.2536 ], [ -3.4474, 13.2564 ], [ -3.4476, 13.2573 ], [ -3.4473, 13.2582 ], [ -3.4469, 13.26 ], [ -3.4467, 13.2605 ], [ -3.4454, 13.2626 ], [ -3.4449, 13.2635 ], [ -3.4423, 13.2656 ], [ -3.4406, 13.2668 ], [ -3.4406, 13.2668 ], [ -3.4399, 13.2673 ], [ -3.438, 13.2696 ], [ -3.4373, 13.2722 ], [ -3.4371, 13.2748 ], [ -3.4347, 13.2748 ], [ -3.4284, 13.2749 ], [ -3.4093, 13.2753 ], [ -3.409, 13.2753 ], [ -3.3877, 13.2754 ], [ -3.3868, 13.2755 ], [ -3.3731, 13.278 ], [ -3.3632, 13.2804 ], [ -3.3514, 13.2832 ], [ -3.348, 13.284 ], [ -3.3468, 13.2843 ], [ -3.3417, 13.2855 ], [ -3.3246, 13.2867 ], [ -3.3125, 13.2866 ], [ -3.3101, 13.2866 ], [ -3.303, 13.2868 ], [ -3.3027, 13.2868 ], [ -3.2912, 13.2871 ], [ -3.2908, 13.2871 ], [ -3.2729, 13.287 ], [ -3.2693, 13.287 ], [ -3.2551, 13.2872 ], [ -3.2436, 13.2873 ], [ -3.233, 13.2873 ], [ -3.233, 13.2887 ], [ -3.233, 13.2893 ], [ -3.2326, 13.3052 ], [ -3.2324, 13.3122 ], [ -3.2347, 13.3225 ], [ -3.2349, 13.3241 ], [ -3.2349, 13.3242 ], [ -3.2349, 13.3244 ], [ -3.2349, 13.3246 ], [ -3.2349, 13.3248 ], [ -3.2349, 13.325 ], [ -3.2349, 13.3251 ], [ -3.235, 13.3253 ], [ -3.235, 13.3255 ], [ -3.235, 13.3257 ], [ -3.235, 13.3259 ], [ -3.235, 13.326 ], [ -3.235, 13.3262 ], [ -3.235, 13.3266 ], [ -3.2352, 13.3287 ], [ -3.2359, 13.3384 ], [ -3.2367, 13.3535 ], [ -3.2367, 13.3537 ], [ -3.2388, 13.3544 ], [ -3.239, 13.3545 ], [ -3.2532, 13.3592 ], [ -3.2533, 13.3606 ], [ -3.2545, 13.3726 ], [ -3.2548, 13.375 ], [ -3.2562, 13.3953 ], [ -3.258, 13.4123 ], [ -3.2591, 13.4259 ], [ -3.2594, 13.4323 ], [ -3.2609, 13.4495 ], [ -3.2625, 13.4668 ], [ -3.2637, 13.4831 ], [ -3.2678, 13.5045 ], [ -3.2678, 13.5048 ], [ -3.2701, 13.5173 ], [ -3.2715, 13.5254 ], [ -3.2722, 13.5285 ], [ -3.2722, 13.5287 ], [ -3.2722, 13.5288 ], [ -3.2723, 13.529 ], [ -3.2723, 13.5292 ], [ -3.2724, 13.5294 ], [ -3.2724, 13.5295 ], [ -3.2724, 13.5297 ], [ -3.2725, 13.5299 ], [ -3.2725, 13.5301 ], [ -3.2725, 13.5302 ], [ -3.2726, 13.5304 ], [ -3.2726, 13.5306 ], [ -3.2727, 13.5308 ], [ -3.2727, 13.5309 ], [ -3.2727, 13.5311 ], [ -3.2728, 13.5313 ], [ -3.2748, 13.5406 ], [ -3.2756, 13.5444 ], [ -3.2777, 13.5555 ], [ -3.2776, 13.5557 ], [ -3.2677, 13.5653 ], [ -3.2585, 13.5741 ], [ -3.2578, 13.5748 ], [ -3.2504, 13.5829 ], [ -3.2503, 13.5839 ], [ -3.2498, 13.591 ], [ -3.2495, 13.5992 ], [ -3.2488, 13.6161 ], [ -3.2487, 13.6206 ], [ -3.2485, 13.6258 ], [ -3.248, 13.6426 ], [ -3.2473, 13.6615 ], [ -3.2467, 13.6804 ], [ -3.2486, 13.686 ], [ -3.2558, 13.687 ], [ -3.2634, 13.6925 ], [ -3.2656, 13.6941 ], [ -3.2748, 13.6948 ], [ -3.2688, 13.7079 ], [ -3.2643, 13.7131 ], [ -3.2636, 13.713 ], [ -3.2473, 13.7111 ], [ -3.2342, 13.7087 ], [ -3.2115, 13.705 ], [ -3.2013, 13.6923 ], [ -3.1936, 13.6817 ], [ -3.1931, 13.681 ], [ -3.1924, 13.6809 ], [ -3.188, 13.6802 ], [ -3.1872, 13.68 ], [ -3.1816, 13.6774 ], [ -3.1811, 13.6772 ], [ -3.1707, 13.6796 ], [ -3.1687, 13.68 ], [ -3.1651, 13.6797 ], [ -3.1649, 13.6797 ], [ -3.1542, 13.6788 ], [ -3.1531, 13.6794 ], [ -3.1473, 13.6824 ], [ -3.1467, 13.6827 ], [ -3.1448, 13.6826 ], [ -3.1442, 13.6826 ], [ -3.1436, 13.6826 ], [ -3.1404, 13.6824 ], [ -3.134, 13.6822 ], [ -3.13, 13.682 ], [ -3.1109, 13.6899 ], [ -3.1032, 13.6866 ], [ -3.1018, 13.686 ], [ -3.1003, 13.6853 ], [ -3.0998, 13.6851 ], [ -3.0984, 13.684 ], [ -3.0923, 13.6792 ], [ -3.087, 13.6699 ], [ -3.0829, 13.6665 ], [ -3.0765, 13.6681 ], [ -3.0678, 13.6606 ], [ -3.0663, 13.6593 ], [ -3.0583, 13.6553 ], [ -3.0563, 13.644 ], [ -3.0532, 13.6365 ], [ -3.057, 13.6287 ], [ -3.0514, 13.6214 ], [ -3.0432, 13.6164 ], [ -3.039, 13.6138 ], [ -3.0303, 13.616 ], [ -3.021, 13.631 ], [ -3.021, 13.6373 ], [ -3.0156, 13.6446 ], [ -3.0119, 13.6527 ], [ -2.999, 13.6594 ], [ -2.9918, 13.6557 ], [ -2.986, 13.6537 ], [ -2.9851, 13.6534 ], [ -2.97, 13.6528 ], [ -2.9693, 13.6516 ], [ -2.9685, 13.6505 ], [ -2.9652, 13.6452 ], [ -2.9572, 13.6386 ], [ -2.9555, 13.6346 ], [ -2.9544, 13.6321 ], [ -2.951, 13.6244 ], [ -2.9356, 13.6293 ], [ -2.9169, 13.6365 ], [ -2.9098, 13.6391 ], [ -2.9042, 13.641 ], [ -2.8967, 13.6441 ], [ -2.8944, 13.6451 ], [ -2.8852, 13.6487 ], [ -2.8748, 13.6527 ], [ -2.8809, 13.6682 ], [ -2.889, 13.6891 ], [ -2.8893, 13.6903 ], [ -2.8893, 13.6905 ], [ -2.8909, 13.6964 ], [ -2.8921, 13.7008 ], [ -2.8916, 13.7054 ], [ -2.8947, 13.71 ], [ -2.8991, 13.7165 ], [ -2.9057, 13.7262 ], [ -2.9056, 13.7405 ], [ -2.9056, 13.7424 ], [ -2.9057, 13.7576 ], [ -2.9055, 13.7812 ], [ -2.9053, 13.7928 ], [ -2.9053, 13.7943 ], [ -2.9052, 13.7962 ], [ -2.9052, 13.7982 ], [ -2.9052, 13.8004 ], [ -2.9051, 13.8167 ], [ -2.9047, 13.8226 ], [ -2.9004, 13.8292 ], [ -2.8991, 13.8311 ], [ -2.8995, 13.8351 ], [ -2.8915, 13.8415 ], [ -2.8911, 13.8424 ], [ -2.8879, 13.8497 ], [ -2.8863, 13.8549 ], [ -2.8831, 13.8583 ], [ -2.8826, 13.864 ], [ -2.8774, 13.8673 ], [ -2.8774, 13.8679 ], [ -2.8769, 13.8753 ], [ -2.8719, 13.8827 ], [ -2.8715, 13.8841 ], [ -2.8688, 13.8936 ], [ -2.8684, 13.8953 ], [ -2.8683, 13.8954 ], [ -2.8678, 13.8972 ], [ -2.8676, 13.8979 ], [ -2.8664, 13.9027 ], [ -2.8663, 13.9029 ], [ -2.8661, 13.9037 ], [ -2.8657, 13.9054 ], [ -2.8654, 13.9063 ], [ -2.8644, 13.9101 ], [ -2.8644, 13.9104 ], [ -2.8643, 13.9106 ], [ -2.8643, 13.9108 ], [ -2.8641, 13.9115 ], [ -2.8637, 13.9127 ], [ -2.8636, 13.9128 ], [ -2.8636, 13.913 ], [ -2.8635, 13.9132 ], [ -2.8634, 13.9133 ], [ -2.8634, 13.9135 ], [ -2.8633, 13.9137 ], [ -2.8633, 13.9138 ], [ -2.8632, 13.914 ], [ -2.8631, 13.9142 ], [ -2.8631, 13.9143 ], [ -2.863, 13.9145 ], [ -2.863, 13.9147 ], [ -2.8629, 13.9149 ], [ -2.8629, 13.915 ], [ -2.8628, 13.9152 ], [ -2.8627, 13.9154 ], [ -2.8627, 13.9155 ], [ -2.8626, 13.9157 ], [ -2.8626, 13.9159 ], [ -2.8625, 13.916 ], [ -2.8624, 13.9162 ], [ -2.8624, 13.9164 ], [ -2.8623, 13.9165 ], [ -2.8623, 13.9167 ], [ -2.8622, 13.9169 ], [ -2.8602, 13.9227 ], [ -2.8596, 13.9243 ], [ -2.8595, 13.9248 ], [ -2.8547, 13.9381 ], [ -2.8535, 13.9412 ], [ -2.8534, 13.9416 ], [ -2.8522, 13.9449 ], [ -2.8512, 13.9475 ], [ -2.8437, 13.9693 ], [ -2.8367, 13.9888 ], [ -2.8349, 13.9935 ], [ -2.839, 13.9993 ], [ -2.8425, 14.0016 ], [ -2.8467, 14.0044 ], [ -2.8557, 14.0051 ], [ -2.8518, 14.0163 ], [ -2.8497, 14.0225 ], [ -2.8486, 14.0256 ], [ -2.8486, 14.0258 ], [ -2.8485, 14.0259 ], [ -2.8485, 14.0261 ], [ -2.8484, 14.0263 ], [ -2.8484, 14.0264 ], [ -2.8483, 14.0266 ], [ -2.8482, 14.0268 ], [ -2.8482, 14.027 ], [ -2.8481, 14.0271 ], [ -2.8481, 14.0273 ], [ -2.848, 14.0275 ], [ -2.8479, 14.0276 ], [ -2.8479, 14.0278 ], [ -2.8478, 14.028 ], [ -2.8478, 14.0281 ], [ -2.8477, 14.0283 ], [ -2.8477, 14.0285 ], [ -2.8476, 14.0287 ], [ -2.8475, 14.0288 ], [ -2.8475, 14.029 ], [ -2.8474, 14.0292 ], [ -2.8474, 14.0293 ], [ -2.8473, 14.0295 ], [ -2.845, 14.0363 ], [ -2.8397, 14.0525 ], [ -2.8239, 14.0639 ], [ -2.8098, 14.0739 ], [ -2.8059, 14.0757 ], [ -2.7911, 14.083 ], [ -2.7909, 14.083 ], [ -2.7907, 14.0831 ], [ -2.7906, 14.0832 ], [ -2.7904, 14.0833 ], [ -2.7903, 14.0833 ], [ -2.7901, 14.0834 ], [ -2.7899, 14.0835 ], [ -2.7898, 14.0836 ], [ -2.7896, 14.0836 ], [ -2.7894, 14.0837 ], [ -2.7893, 14.0838 ], [ -2.7891, 14.0839 ], [ -2.7889, 14.0839 ], [ -2.7888, 14.084 ], [ -2.7886, 14.0841 ], [ -2.7884, 14.0842 ], [ -2.7883, 14.0842 ], [ -2.7881, 14.0843 ], [ -2.788, 14.0844 ], [ -2.7878, 14.0845 ], [ -2.7876, 14.0845 ], [ -2.7875, 14.0846 ], [ -2.7873, 14.0847 ], [ -2.7871, 14.0847 ], [ -2.787, 14.0848 ], [ -2.7868, 14.0849 ], [ -2.7866, 14.085 ], [ -2.7865, 14.085 ], [ -2.7863, 14.0851 ], [ -2.7862, 14.0852 ], [ -2.786, 14.0853 ], [ -2.7858, 14.0853 ], [ -2.7735, 14.0909 ], [ -2.7635, 14.0952 ], [ -2.735, 14.1081 ], [ -2.7312, 14.1098 ], [ -2.7091, 14.1195 ], [ -2.6887, 14.1287 ], [ -2.677, 14.134 ], [ -2.6699, 14.1404 ], [ -2.663, 14.1467 ], [ -2.6612, 14.1483 ], [ -2.6439, 14.1638 ], [ -2.6354, 14.1716 ], [ -2.6282, 14.1782 ], [ -2.6103, 14.1953 ], [ -2.5979, 14.2072 ], [ -2.5887, 14.2147 ], [ -2.5831, 14.2192 ], [ -2.5808, 14.2209 ], [ -2.5761, 14.2242 ], [ -2.5645, 14.2324 ], [ -2.5574, 14.2375 ], [ -2.5487, 14.2436 ], [ -2.5328, 14.2547 ], [ -2.5233, 14.2617 ], [ -2.5195, 14.2645 ], [ -2.5153, 14.2675 ], [ -2.506, 14.2744 ], [ -2.4971, 14.281 ], [ -2.4828, 14.2914 ], [ -2.4741, 14.298 ], [ -2.4618, 14.2954 ], [ -2.4481, 14.2916 ], [ -2.4479, 14.2915 ], [ -2.4478, 14.2915 ], [ -2.4476, 14.2914 ], [ -2.4474, 14.2914 ], [ -2.4472, 14.2914 ], [ -2.4471, 14.2913 ], [ -2.4469, 14.2913 ], [ -2.4467, 14.2912 ], [ -2.4465, 14.2912 ], [ -2.4464, 14.2911 ], [ -2.4462, 14.2911 ], [ -2.446, 14.291 ], [ -2.4459, 14.291 ], [ -2.4457, 14.2909 ], [ -2.4455, 14.2909 ], [ -2.4453, 14.2908 ], [ -2.4452, 14.2908 ], [ -2.445, 14.2907 ], [ -2.4448, 14.2907 ], [ -2.4446, 14.2906 ], [ -2.4445, 14.2906 ], [ -2.4443, 14.2905 ], [ -2.4441, 14.2905 ], [ -2.4439, 14.2904 ], [ -2.4438, 14.2904 ], [ -2.4436, 14.2903 ], [ -2.4434, 14.2903 ], [ -2.4433, 14.2902 ], [ -2.4431, 14.2902 ], [ -2.4429, 14.2902 ], [ -2.4427, 14.2901 ], [ -2.4426, 14.2901 ], [ -2.4424, 14.29 ], [ -2.4422, 14.29 ], [ -2.442, 14.2899 ], [ -2.4419, 14.2899 ], [ -2.4417, 14.2898 ], [ -2.4415, 14.2898 ], [ -2.4413, 14.2897 ], [ -2.4412, 14.2897 ], [ -2.441, 14.2896 ], [ -2.4408, 14.2896 ], [ -2.4407, 14.2895 ], [ -2.4405, 14.2895 ], [ -2.4403, 14.2894 ], [ -2.4401, 14.2894 ], [ -2.4359, 14.2882 ], [ -2.4182, 14.2831 ], [ -2.4133, 14.2818 ], [ -2.3965, 14.2772 ], [ -2.384, 14.2737 ], [ -2.3783, 14.2721 ], [ -2.3738, 14.2707 ], [ -2.3672, 14.2686 ], [ -2.3659, 14.2682 ], [ -2.3645, 14.2678 ], [ -2.362, 14.267 ], [ -2.361, 14.2667 ], [ -2.3556, 14.2651 ], [ -2.3403, 14.2606 ], [ -2.3161, 14.2535 ], [ -2.2981, 14.2483 ], [ -2.2953, 14.247 ], [ -2.2917, 14.2454 ], [ -2.2817, 14.2409 ], [ -2.2629, 14.232 ], [ -2.2621, 14.2316 ], [ -2.262, 14.2315 ], [ -2.2619, 14.2315 ], [ -2.2618, 14.2314 ], [ -2.2617, 14.2314 ], [ -2.2617, 14.2314 ], [ -2.2616, 14.2313 ], [ -2.2615, 14.2313 ], [ -2.2614, 14.2312 ], [ -2.2613, 14.2312 ], [ -2.2613, 14.2312 ], [ -2.2612, 14.2311 ], [ -2.2611, 14.2311 ], [ -2.261, 14.231 ], [ -2.2609, 14.231 ], [ -2.2609, 14.231 ], [ -2.2608, 14.2309 ], [ -2.2607, 14.2309 ], [ -2.2606, 14.2309 ], [ -2.2605, 14.2308 ], [ -2.2605, 14.2308 ], [ -2.2604, 14.2307 ], [ -2.2603, 14.2307 ], [ -2.2602, 14.2307 ], [ -2.2601, 14.2306 ], [ -2.26, 14.2306 ], [ -2.26, 14.2305 ], [ -2.2599, 14.2305 ], [ -2.2598, 14.2305 ], [ -2.2597, 14.2304 ], [ -2.2596, 14.2304 ], [ -2.2596, 14.2303 ], [ -2.2595, 14.2303 ], [ -2.2594, 14.2303 ], [ -2.2593, 14.2302 ], [ -2.2592, 14.2302 ], [ -2.2592, 14.2301 ], [ -2.2591, 14.2301 ], [ -2.259, 14.2301 ], [ -2.2589, 14.23 ], [ -2.2588, 14.23 ], [ -2.2588, 14.2299 ], [ -2.2587, 14.2299 ], [ -2.2586, 14.2299 ], [ -2.2585, 14.2298 ], [ -2.2584, 14.2298 ], [ -2.2584, 14.2297 ], [ -2.2583, 14.2297 ], [ -2.2582, 14.2297 ], [ -2.2581, 14.2296 ], [ -2.258, 14.2296 ], [ -2.258, 14.2295 ], [ -2.2579, 14.2295 ], [ -2.2578, 14.2295 ], [ -2.2577, 14.2294 ], [ -2.2576, 14.2294 ], [ -2.2576, 14.2294 ], [ -2.2575, 14.2293 ], [ -2.2574, 14.2293 ], [ -2.2573, 14.2292 ], [ -2.2572, 14.2292 ], [ -2.2572, 14.2292 ], [ -2.2571, 14.2291 ], [ -2.257, 14.2291 ], [ -2.2569, 14.229 ], [ -2.2568, 14.229 ], [ -2.2567, 14.229 ], [ -2.2567, 14.2289 ], [ -2.2566, 14.2289 ], [ -2.2565, 14.2288 ], [ -2.2564, 14.2288 ], [ -2.2563, 14.2288 ], [ -2.2563, 14.2287 ], [ -2.2562, 14.2287 ], [ -2.2561, 14.2286 ], [ -2.256, 14.2286 ], [ -2.2559, 14.2286 ], [ -2.2559, 14.2285 ], [ -2.2558, 14.2285 ], [ -2.2557, 14.2284 ], [ -2.2556, 14.2284 ], [ -2.2555, 14.2284 ], [ -2.2555, 14.2283 ], [ -2.2554, 14.2283 ], [ -2.2553, 14.2282 ], [ -2.2552, 14.2282 ], [ -2.2551, 14.2282 ], [ -2.2551, 14.2281 ], [ -2.255, 14.2281 ], [ -2.2549, 14.2281 ], [ -2.2548, 14.228 ], [ -2.2547, 14.228 ], [ -2.2547, 14.2279 ], [ -2.2546, 14.2279 ], [ -2.2545, 14.2279 ], [ -2.2544, 14.2278 ], [ -2.2543, 14.2278 ], [ -2.2543, 14.2277 ], [ -2.2542, 14.2277 ], [ -2.2541, 14.2277 ], [ -2.254, 14.2276 ], [ -2.2539, 14.2276 ], [ -2.2539, 14.2275 ], [ -2.2538, 14.2275 ], [ -2.2537, 14.2275 ], [ -2.2536, 14.2274 ], [ -2.2535, 14.2274 ], [ -2.2535, 14.2273 ], [ -2.2534, 14.2273 ], [ -2.2533, 14.2273 ], [ -2.2532, 14.2272 ], [ -2.2531, 14.2272 ], [ -2.253, 14.2271 ], [ -2.253, 14.2271 ], [ -2.2529, 14.2271 ], [ -2.2528, 14.227 ], [ -2.2527, 14.227 ], [ -2.2526, 14.2269 ], [ -2.2526, 14.2269 ], [ -2.2525, 14.2269 ], [ -2.2524, 14.2268 ], [ -2.2523, 14.2268 ], [ -2.2522, 14.2267 ], [ -2.2522, 14.2267 ], [ -2.2521, 14.2267 ], [ -2.252, 14.2266 ], [ -2.2519, 14.2266 ], [ -2.2518, 14.2266 ], [ -2.2518, 14.2265 ], [ -2.2517, 14.2265 ], [ -2.2516, 14.2264 ], [ -2.2515, 14.2264 ], [ -2.2514, 14.2264 ], [ -2.2514, 14.2263 ], [ -2.2513, 14.2263 ], [ -2.2512, 14.2262 ], [ -2.2511, 14.2262 ], [ -2.251, 14.2262 ], [ -2.251, 14.2261 ], [ -2.2509, 14.2261 ], [ -2.2508, 14.226 ], [ -2.2507, 14.226 ], [ -2.2506, 14.226 ], [ -2.2506, 14.2259 ], [ -2.2505, 14.2259 ], [ -2.2504, 14.2258 ], [ -2.2503, 14.2258 ], [ -2.2502, 14.2258 ], [ -2.2502, 14.2257 ], [ -2.2501, 14.2257 ], [ -2.25, 14.2256 ], [ -2.2499, 14.2256 ], [ -2.2498, 14.2256 ], [ -2.2497, 14.2255 ], [ -2.2497, 14.2255 ], [ -2.2496, 14.2254 ], [ -2.2495, 14.2254 ], [ -2.2494, 14.2254 ], [ -2.2493, 14.2253 ], [ -2.2493, 14.2253 ], [ -2.2492, 14.2253 ], [ -2.2491, 14.2252 ], [ -2.249, 14.2252 ], [ -2.2489, 14.2251 ], [ -2.2489, 14.2251 ], [ -2.2488, 14.2251 ], [ -2.2487, 14.225 ], [ -2.2486, 14.225 ], [ -2.2485, 14.2249 ], [ -2.2485, 14.2249 ], [ -2.2484, 14.2249 ], [ -2.2483, 14.2248 ], [ -2.2482, 14.2248 ], [ -2.2481, 14.2247 ], [ -2.2481, 14.2247 ], [ -2.248, 14.2247 ], [ -2.2479, 14.2246 ], [ -2.2478, 14.2246 ], [ -2.2477, 14.2245 ], [ -2.2477, 14.2245 ], [ -2.2476, 14.2245 ], [ -2.2475, 14.2244 ], [ -2.2474, 14.2244 ], [ -2.2474, 14.2244 ], [ -2.2473, 14.2243 ], [ -2.2472, 14.2243 ], [ -2.2471, 14.2242 ], [ -2.247, 14.2242 ], [ -2.2469, 14.2241 ], [ -2.2469, 14.2241 ], [ -2.2468, 14.2241 ], [ -2.2467, 14.224 ], [ -2.2466, 14.224 ], [ -2.2465, 14.224 ], [ -2.2464, 14.2239 ], [ -2.2464, 14.2239 ], [ -2.2463, 14.2238 ], [ -2.2462, 14.2238 ], [ -2.2461, 14.2238 ], [ -2.246, 14.2237 ], [ -2.246, 14.2237 ], [ -2.2459, 14.2236 ], [ -2.2458, 14.2236 ], [ -2.2457, 14.2236 ], [ -2.2456, 14.2235 ], [ -2.2456, 14.2235 ], [ -2.2455, 14.2234 ], [ -2.2454, 14.2234 ], [ -2.2453, 14.2234 ], [ -2.2452, 14.2233 ], [ -2.2452, 14.2233 ], [ -2.2451, 14.2232 ], [ -2.245, 14.2232 ], [ -2.2449, 14.2232 ], [ -2.2448, 14.2231 ], [ -2.2447, 14.2231 ], [ -2.2447, 14.2231 ], [ -2.2446, 14.223 ], [ -2.2445, 14.223 ], [ -2.2444, 14.2229 ], [ -2.2443, 14.2229 ], [ -2.2443, 14.2229 ], [ -2.2442, 14.2228 ], [ -2.2441, 14.2228 ], [ -2.244, 14.2227 ], [ -2.2439, 14.2227 ], [ -2.2439, 14.2227 ], [ -2.2438, 14.2226 ], [ -2.2437, 14.2226 ], [ -2.2436, 14.2226 ], [ -2.2435, 14.2225 ], [ -2.2435, 14.2225 ], [ -2.2434, 14.2224 ], [ -2.2433, 14.2224 ], [ -2.2432, 14.2224 ], [ -2.2431, 14.2223 ], [ -2.243, 14.2223 ], [ -2.243, 14.2222 ], [ -2.2429, 14.2222 ], [ -2.2428, 14.2222 ], [ -2.2427, 14.2221 ], [ -2.2426, 14.2221 ], [ -2.2426, 14.2221 ], [ -2.2425, 14.222 ], [ -2.2424, 14.222 ], [ -2.2423, 14.2219 ], [ -2.2422, 14.2219 ], [ -2.2422, 14.2219 ], [ -2.2421, 14.2218 ], [ -2.242, 14.2218 ], [ -2.2419, 14.2217 ], [ -2.2418, 14.2217 ], [ -2.2417, 14.2217 ], [ -2.2417, 14.2216 ], [ -2.2416, 14.2216 ], [ -2.2415, 14.2216 ], [ -2.2414, 14.2215 ], [ -2.2413, 14.2215 ], [ -2.2413, 14.2214 ], [ -2.2412, 14.2214 ], [ -2.2411, 14.2214 ], [ -2.241, 14.2213 ], [ -2.2409, 14.2213 ], [ -2.2408, 14.2212 ], [ -2.2408, 14.2212 ], [ -2.2407, 14.2212 ], [ -2.2406, 14.2211 ], [ -2.2405, 14.2211 ], [ -2.2404, 14.221 ], [ -2.2404, 14.221 ], [ -2.2403, 14.221 ], [ -2.2402, 14.2209 ], [ -2.2401, 14.2209 ], [ -2.24, 14.2209 ], [ -2.24, 14.2208 ], [ -2.2399, 14.2208 ], [ -2.2398, 14.2207 ], [ -2.2397, 14.2207 ], [ -2.2396, 14.2207 ], [ -2.2396, 14.2206 ], [ -2.2395, 14.2206 ], [ -2.2394, 14.2206 ], [ -2.2393, 14.2205 ], [ -2.2392, 14.2205 ], [ -2.2391, 14.2204 ], [ -2.2391, 14.2204 ], [ -2.239, 14.2204 ], [ -2.2389, 14.2203 ], [ -2.2388, 14.2203 ], [ -2.2387, 14.2202 ], [ -2.2387, 14.2202 ], [ -2.2386, 14.2202 ], [ -2.2385, 14.2201 ], [ -2.2384, 14.2201 ], [ -2.2383, 14.2201 ], [ -2.2383, 14.22 ], [ -2.2382, 14.22 ], [ -2.2381, 14.2199 ], [ -2.238, 14.2199 ], [ -2.2379, 14.2199 ], [ -2.2378, 14.2198 ], [ -2.2378, 14.2198 ], [ -2.2377, 14.2197 ], [ -2.2376, 14.2197 ], [ -2.2375, 14.2197 ], [ -2.2375, 14.2196 ], [ -2.2374, 14.2196 ], [ -2.2373, 14.2196 ], [ -2.2372, 14.2195 ], [ -2.2371, 14.2195 ], [ -2.237, 14.2194 ], [ -2.2369, 14.2194 ], [ -2.2369, 14.2194 ], [ -2.2368, 14.2193 ], [ -2.2367, 14.2193 ], [ -2.2366, 14.2192 ], [ -2.2366, 14.2192 ], [ -2.2365, 14.2192 ], [ -2.2364, 14.2191 ], [ -2.2363, 14.2191 ], [ -2.2362, 14.2191 ], [ -2.2361, 14.219 ], [ -2.2361, 14.219 ], [ -2.236, 14.2189 ], [ -2.2359, 14.2189 ], [ -2.2358, 14.2189 ], [ -2.2357, 14.2188 ], [ -2.2357, 14.2188 ], [ -2.2356, 14.2187 ], [ -2.2355, 14.2187 ], [ -2.2354, 14.2187 ], [ -2.2353, 14.2186 ], [ -2.2352, 14.2186 ], [ -2.2352, 14.2186 ], [ -2.2351, 14.2185 ], [ -2.235, 14.2185 ], [ -2.2349, 14.2184 ], [ -2.2348, 14.2184 ], [ -2.2348, 14.2184 ], [ -2.2347, 14.2183 ], [ -2.2346, 14.2183 ], [ -2.2345, 14.2182 ], [ -2.2344, 14.2182 ], [ -2.2344, 14.2182 ], [ -2.2343, 14.2181 ], [ -2.2342, 14.2181 ], [ -2.2341, 14.2181 ], [ -2.234, 14.218 ], [ -2.2339, 14.218 ], [ -2.2339, 14.2179 ], [ -2.2338, 14.2179 ], [ -2.2337, 14.2179 ], [ -2.2336, 14.2178 ], [ -2.2335, 14.2178 ], [ -2.2335, 14.2178 ], [ -2.2334, 14.2177 ], [ -2.2333, 14.2177 ], [ -2.2332, 14.2176 ], [ -2.2331, 14.2176 ], [ -2.2331, 14.2176 ], [ -2.233, 14.2175 ], [ -2.2329, 14.2175 ], [ -2.2328, 14.2174 ], [ -2.2327, 14.2174 ], [ -2.2326, 14.2174 ], [ -2.2326, 14.2173 ], [ -2.2325, 14.2173 ], [ -2.2324, 14.2173 ], [ -2.2323, 14.2172 ], [ -2.2322, 14.2172 ], [ -2.2322, 14.2171 ], [ -2.2321, 14.2171 ], [ -2.232, 14.2171 ], [ -2.2319, 14.217 ], [ -2.2318, 14.217 ], [ -2.2318, 14.2169 ], [ -2.2317, 14.2169 ], [ -2.2316, 14.2169 ], [ -2.2315, 14.2168 ], [ -2.2314, 14.2168 ], [ -2.2313, 14.2168 ], [ -2.2313, 14.2167 ], [ -2.2312, 14.2167 ], [ -2.2311, 14.2166 ], [ -2.231, 14.2166 ], [ -2.2309, 14.2166 ], [ -2.2309, 14.2165 ], [ -2.2308, 14.2165 ], [ -2.2307, 14.2165 ], [ -2.2306, 14.2164 ], [ -2.2305, 14.2164 ], [ -2.2305, 14.2163 ], [ -2.2304, 14.2163 ], [ -2.2303, 14.2163 ], [ -2.2302, 14.2162 ], [ -2.2301, 14.2162 ], [ -2.23, 14.2161 ], [ -2.23, 14.2161 ], [ -2.2299, 14.2161 ], [ -2.2298, 14.216 ], [ -2.2297, 14.216 ], [ -2.2296, 14.2159 ], [ -2.2296, 14.2159 ], [ -2.2295, 14.2159 ], [ -2.2294, 14.2158 ], [ -2.2293, 14.2158 ], [ -2.2292, 14.2158 ], [ -2.2292, 14.2157 ], [ -2.2291, 14.2157 ], [ -2.229, 14.2156 ], [ -2.2289, 14.2156 ], [ -2.2288, 14.2156 ], [ -2.2287, 14.2155 ], [ -2.2287, 14.2155 ], [ -2.2286, 14.2154 ], [ -2.2285, 14.2154 ], [ -2.2284, 14.2154 ], [ -2.2283, 14.2153 ], [ -2.2283, 14.2153 ], [ -2.2282, 14.2153 ], [ -2.2281, 14.2152 ], [ -2.228, 14.2152 ], [ -2.2279, 14.2151 ], [ -2.2279, 14.2151 ], [ -2.2278, 14.2151 ], [ -2.2277, 14.215 ], [ -2.2276, 14.215 ], [ -2.2275, 14.2149 ], [ -2.2274, 14.2149 ], [ -2.2274, 14.2149 ], [ -2.2273, 14.2148 ], [ -2.2272, 14.2148 ], [ -2.2271, 14.2148 ], [ -2.227, 14.2147 ], [ -2.227, 14.2147 ], [ -2.2269, 14.2146 ], [ -2.2268, 14.2146 ], [ -2.2267, 14.2146 ], [ -2.2266, 14.2145 ], [ -2.2266, 14.2145 ], [ -2.2265, 14.2144 ], [ -2.2264, 14.2144 ], [ -2.2263, 14.2144 ], [ -2.2262, 14.2143 ], [ -2.2261, 14.2143 ], [ -2.2261, 14.2143 ], [ -2.226, 14.2142 ], [ -2.2259, 14.2142 ], [ -2.2258, 14.2141 ], [ -2.2257, 14.2141 ], [ -2.2257, 14.2141 ], [ -2.2256, 14.214 ], [ -2.2255, 14.214 ], [ -2.2254, 14.2139 ], [ -2.2253, 14.2139 ], [ -2.2253, 14.2139 ], [ -2.2252, 14.2138 ], [ -2.2251, 14.2138 ], [ -2.225, 14.2138 ], [ -2.2249, 14.2137 ], [ -2.2248, 14.2137 ], [ -2.2248, 14.2136 ], [ -2.2247, 14.2136 ], [ -2.2246, 14.2136 ], [ -2.2245, 14.2135 ], [ -2.2244, 14.2135 ], [ -2.2244, 14.2134 ], [ -2.2243, 14.2134 ], [ -2.2242, 14.2134 ], [ -2.2241, 14.2133 ], [ -2.224, 14.2133 ], [ -2.224, 14.2133 ], [ -2.2239, 14.2132 ], [ -2.2238, 14.2132 ], [ -2.2237, 14.2131 ], [ -2.2236, 14.2131 ], [ -2.2235, 14.2131 ], [ -2.2235, 14.213 ], [ -2.2234, 14.213 ], [ -2.2233, 14.2129 ], [ -2.2232, 14.2129 ], [ -2.2231, 14.2129 ], [ -2.2231, 14.2128 ], [ -2.223, 14.2128 ], [ -2.2229, 14.2128 ], [ -2.2228, 14.2127 ], [ -2.2227, 14.2127 ], [ -2.2227, 14.2126 ], [ -2.2226, 14.2126 ], [ -2.2225, 14.2126 ], [ -2.2224, 14.2125 ], [ -2.2223, 14.2125 ], [ -2.2223, 14.2124 ], [ -2.2222, 14.2124 ], [ -2.2221, 14.2124 ], [ -2.222, 14.2123 ], [ -2.2219, 14.2123 ], [ -2.2219, 14.2122 ], [ -2.2218, 14.2122 ], [ -2.2217, 14.2122 ], [ -2.2216, 14.2121 ], [ -2.2215, 14.2121 ], [ -2.2214, 14.212 ], [ -2.2214, 14.212 ], [ -2.2213, 14.212 ], [ -2.2212, 14.2119 ], [ -2.2211, 14.2119 ], [ -2.221, 14.2118 ], [ -2.221, 14.2118 ], [ -2.2209, 14.2118 ], [ -2.2208, 14.2117 ], [ -2.2207, 14.2117 ], [ -2.2206, 14.2117 ], [ -2.2206, 14.2116 ], [ -2.2205, 14.2116 ], [ -2.2204, 14.2115 ], [ -2.2203, 14.2115 ], [ -2.2202, 14.2115 ], [ -2.2202, 14.2114 ], [ -2.2201, 14.2114 ], [ -2.22, 14.2113 ], [ -2.2199, 14.2113 ], [ -2.2198, 14.2113 ], [ -2.2198, 14.2112 ], [ -2.2197, 14.2112 ], [ -2.2196, 14.2111 ], [ -2.2195, 14.2111 ], [ -2.2195, 14.2111 ], [ -2.2194, 14.211 ], [ -2.2193, 14.211 ], [ -2.2192, 14.2109 ], [ -2.2191, 14.2109 ], [ -2.219, 14.2109 ], [ -2.219, 14.2108 ], [ -2.2189, 14.2108 ], [ -2.2188, 14.2108 ], [ -2.2187, 14.2107 ], [ -2.2186, 14.2107 ], [ -2.2186, 14.2106 ], [ -2.2185, 14.2106 ], [ -2.2184, 14.2106 ], [ -2.2183, 14.2105 ], [ -2.2182, 14.2105 ], [ -2.2182, 14.2104 ], [ -2.2181, 14.2104 ], [ -2.218, 14.2104 ], [ -2.2179, 14.2103 ], [ -2.2178, 14.2103 ], [ -2.2178, 14.2102 ], [ -2.2177, 14.2102 ], [ -2.2176, 14.2102 ], [ -2.2175, 14.2101 ], [ -2.2174, 14.2101 ], [ -2.2174, 14.21 ], [ -2.2173, 14.21 ], [ -2.2172, 14.21 ], [ -2.2171, 14.2099 ], [ -2.217, 14.2099 ], [ -2.217, 14.2098 ], [ -2.2169, 14.2098 ], [ -2.2168, 14.2098 ], [ -2.2167, 14.2097 ], [ -2.2166, 14.2097 ], [ -2.2165, 14.2096 ], [ -2.2165, 14.2096 ], [ -2.2164, 14.2096 ], [ -2.2163, 14.2095 ], [ -2.2162, 14.2095 ], [ -2.2161, 14.2095 ], [ -2.2161, 14.2094 ], [ -2.216, 14.2094 ], [ -2.2159, 14.2093 ], [ -2.2158, 14.2093 ], [ -2.2157, 14.2093 ], [ -2.2157, 14.2092 ], [ -2.2156, 14.2092 ], [ -2.2155, 14.2091 ], [ -2.2154, 14.2091 ], [ -2.2153, 14.2091 ], [ -2.2153, 14.209 ], [ -2.2152, 14.209 ], [ -2.2151, 14.2089 ], [ -2.215, 14.2089 ], [ -2.2149, 14.2089 ], [ -2.2149, 14.2088 ], [ -2.2148, 14.2088 ], [ -2.2147, 14.2088 ], [ -2.2146, 14.2087 ], [ -2.2145, 14.2087 ], [ -2.2144, 14.2087 ], [ -2.2144, 14.2086 ], [ -2.2143, 14.2086 ], [ -2.2142, 14.2085 ], [ -2.2141, 14.2085 ], [ -2.214, 14.2085 ], [ -2.2139, 14.2084 ], [ -2.2139, 14.2084 ], [ -2.2138, 14.2084 ], [ -2.2137, 14.2083 ], [ -2.2136, 14.2083 ], [ -2.2135, 14.2083 ], [ -2.2135, 14.2082 ], [ -2.2134, 14.2082 ], [ -2.2133, 14.2081 ], [ -2.2132, 14.2081 ], [ -2.2131, 14.2081 ], [ -2.213, 14.208 ], [ -2.213, 14.208 ], [ -2.2129, 14.208 ], [ -2.2128, 14.2079 ], [ -2.2127, 14.2079 ], [ -2.2126, 14.2079 ], [ -2.2126, 14.2078 ], [ -2.2125, 14.2078 ], [ -2.2124, 14.2077 ], [ -2.2123, 14.2077 ], [ -2.2122, 14.2077 ], [ -2.2121, 14.2076 ], [ -2.2121, 14.2076 ], [ -2.212, 14.2076 ], [ -2.2119, 14.2075 ], [ -2.2118, 14.2075 ], [ -2.2117, 14.2075 ], [ -2.2116, 14.2074 ], [ -2.2116, 14.2074 ], [ -2.2115, 14.2073 ], [ -2.2114, 14.2073 ], [ -2.2113, 14.2073 ], [ -2.2112, 14.2072 ], [ -2.2112, 14.2072 ], [ -2.2111, 14.2072 ], [ -2.211, 14.2071 ], [ -2.2109, 14.2071 ], [ -2.2108, 14.2071 ], [ -2.2107, 14.207 ], [ -2.2107, 14.207 ], [ -2.2106, 14.2069 ], [ -2.2105, 14.2069 ], [ -2.2104, 14.2069 ], [ -2.2103, 14.2068 ], [ -2.2102, 14.2068 ], [ -2.2102, 14.2068 ], [ -2.2101, 14.2067 ], [ -2.21, 14.2067 ], [ -2.2099, 14.2066 ], [ -2.2098, 14.2066 ], [ -2.2098, 14.2066 ], [ -2.2097, 14.2065 ], [ -2.2096, 14.2065 ], [ -2.2095, 14.2065 ], [ -2.2094, 14.2064 ], [ -2.2093, 14.2064 ], [ -2.2093, 14.2064 ], [ -2.2092, 14.2063 ], [ -2.2091, 14.2063 ], [ -2.209, 14.2062 ], [ -2.2089, 14.2062 ], [ -2.2088, 14.2062 ], [ -2.2088, 14.2061 ], [ -2.2087, 14.2061 ], [ -2.2086, 14.2061 ], [ -2.2085, 14.206 ], [ -2.2084, 14.206 ], [ -2.2084, 14.206 ], [ -2.2083, 14.2059 ], [ -2.2082, 14.2059 ], [ -2.2081, 14.2058 ], [ -2.208, 14.2058 ], [ -2.2079, 14.2058 ], [ -2.2079, 14.2057 ], [ -2.2078, 14.2057 ], [ -2.2077, 14.2057 ], [ -2.2076, 14.2056 ], [ -2.2075, 14.2056 ], [ -2.2075, 14.2056 ], [ -2.2074, 14.2055 ], [ -2.2073, 14.2055 ], [ -2.2072, 14.2054 ], [ -2.2071, 14.2054 ], [ -2.207, 14.2054 ], [ -2.207, 14.2053 ], [ -2.2069, 14.2053 ], [ -2.2068, 14.2053 ], [ -2.2067, 14.2052 ], [ -2.2066, 14.2052 ], [ -2.2065, 14.2052 ], [ -2.2065, 14.2051 ], [ -2.2064, 14.2051 ], [ -2.2063, 14.205 ], [ -2.2062, 14.205 ], [ -2.2061, 14.205 ], [ -2.2061, 14.2049 ], [ -2.206, 14.2049 ], [ -2.2059, 14.2049 ], [ -2.2058, 14.2048 ], [ -2.2057, 14.2048 ], [ -2.2056, 14.2048 ], [ -2.2056, 14.2047 ], [ -2.2055, 14.2047 ], [ -2.2054, 14.2047 ], [ -2.2053, 14.2046 ], [ -2.2052, 14.2046 ], [ -2.2051, 14.2045 ], [ -2.2051, 14.2045 ], [ -2.205, 14.2045 ], [ -2.2049, 14.2044 ], [ -2.2048, 14.2044 ], [ -2.2047, 14.2044 ], [ -2.2047, 14.2043 ], [ -2.2046, 14.2043 ], [ -2.2045, 14.2043 ], [ -2.2044, 14.2042 ], [ -2.2043, 14.2042 ], [ -2.2042, 14.2041 ], [ -2.2042, 14.2041 ], [ -2.2041, 14.2041 ], [ -2.204, 14.204 ], [ -2.2039, 14.204 ], [ -2.2038, 14.204 ], [ -2.2037, 14.2039 ], [ -2.2037, 14.2039 ], [ -2.2036, 14.2039 ], [ -2.2035, 14.2038 ], [ -2.2034, 14.2038 ], [ -2.2033, 14.2037 ], [ -2.2033, 14.2037 ], [ -2.2032, 14.2037 ], [ -2.2031, 14.2036 ], [ -2.203, 14.2036 ], [ -2.2029, 14.2035 ], [ -2.2029, 14.2035 ], [ -2.2028, 14.2035 ], [ -2.2027, 14.2034 ], [ -2.2026, 14.2034 ], [ -2.2025, 14.2034 ], [ -2.2024, 14.2033 ], [ -2.2024, 14.2033 ], [ -2.2023, 14.2032 ], [ -2.2022, 14.2032 ], [ -2.2021, 14.2032 ], [ -2.202, 14.2031 ], [ -2.202, 14.2031 ], [ -2.2019, 14.203 ], [ -2.2018, 14.203 ], [ -2.2017, 14.203 ], [ -2.2016, 14.2029 ], [ -2.2016, 14.2029 ], [ -2.2015, 14.2029 ], [ -2.2014, 14.2028 ], [ -2.2013, 14.2028 ], [ -2.2012, 14.2027 ], [ -2.2011, 14.2027 ], [ -2.2011, 14.2027 ], [ -2.201, 14.2026 ], [ -2.2009, 14.2026 ], [ -2.2008, 14.2026 ], [ -2.2007, 14.2025 ], [ -2.2007, 14.2025 ], [ -2.2006, 14.2024 ], [ -2.2005, 14.2024 ], [ -2.2004, 14.2024 ], [ -2.2003, 14.2023 ], [ -2.2003, 14.2023 ], [ -2.2002, 14.2022 ], [ -2.2001, 14.2022 ], [ -2.2, 14.2022 ], [ -2.1999, 14.2021 ], [ -2.1999, 14.2021 ], [ -2.1998, 14.2021 ], [ -2.1997, 14.202 ], [ -2.1996, 14.202 ], [ -2.1995, 14.2019 ], [ -2.1994, 14.2019 ], [ -2.1994, 14.2019 ], [ -2.1993, 14.2018 ], [ -2.1992, 14.2018 ], [ -2.1991, 14.2017 ], [ -2.199, 14.2017 ], [ -2.199, 14.2017 ], [ -2.1989, 14.2016 ], [ -2.1988, 14.2016 ], [ -2.1987, 14.2016 ], [ -2.1986, 14.2015 ], [ -2.1986, 14.2015 ], [ -2.1985, 14.2014 ], [ -2.1984, 14.2014 ], [ -2.1983, 14.2014 ], [ -2.1982, 14.2013 ], [ -2.1981, 14.2013 ], [ -2.1981, 14.2012 ], [ -2.198, 14.2012 ], [ -2.1979, 14.2012 ], [ -2.1978, 14.2011 ], [ -2.1977, 14.2011 ], [ -2.1977, 14.2011 ], [ -2.1976, 14.201 ], [ -2.1975, 14.201 ], [ -2.1974, 14.2009 ], [ -2.1973, 14.2009 ], [ -2.1973, 14.2009 ], [ -2.1972, 14.2008 ], [ -2.1971, 14.2008 ], [ -2.197, 14.2007 ], [ -2.1969, 14.2007 ], [ -2.1968, 14.2007 ], [ -2.1968, 14.2006 ], [ -2.1967, 14.2006 ], [ -2.1966, 14.2006 ], [ -2.1965, 14.2005 ], [ -2.1964, 14.2005 ], [ -2.1964, 14.2004 ], [ -2.1963, 14.2004 ], [ -2.1962, 14.2004 ], [ -2.1961, 14.2003 ], [ -2.196, 14.2003 ], [ -2.1959, 14.2002 ], [ -2.1958, 14.2002 ], [ -2.1957, 14.2001 ], [ -2.1956, 14.2001 ], [ -2.1955, 14.2001 ], [ -2.1955, 14.2 ], [ -2.1954, 14.2 ], [ -2.1953, 14.1999 ], [ -2.1952, 14.1999 ], [ -2.1951, 14.1999 ], [ -2.1951, 14.1998 ], [ -2.195, 14.1998 ], [ -2.1949, 14.1998 ], [ -2.1948, 14.1997 ], [ -2.1947, 14.1997 ], [ -2.1947, 14.1996 ], [ -2.1946, 14.1996 ], [ -2.1945, 14.1996 ], [ -2.1944, 14.1995 ], [ -2.1943, 14.1995 ], [ -2.1943, 14.1994 ], [ -2.1942, 14.1994 ], [ -2.1941, 14.1994 ], [ -2.194, 14.1993 ], [ -2.1939, 14.1993 ], [ -2.1938, 14.1993 ], [ -2.1938, 14.1992 ], [ -2.1937, 14.1992 ], [ -2.1936, 14.1991 ], [ -2.1935, 14.1991 ], [ -2.1934, 14.1991 ], [ -2.1934, 14.199 ], [ -2.1933, 14.199 ], [ -2.1932, 14.1989 ], [ -2.1931, 14.1989 ], [ -2.193, 14.1989 ], [ -2.193, 14.1988 ], [ -2.1929, 14.1988 ], [ -2.1928, 14.1988 ], [ -2.1927, 14.1987 ], [ -2.1926, 14.1987 ], [ -2.1925, 14.1986 ], [ -2.1925, 14.1986 ], [ -2.1924, 14.1986 ], [ -2.1923, 14.1985 ], [ -2.1922, 14.1985 ], [ -2.1921, 14.1985 ], [ -2.1921, 14.1984 ], [ -2.192, 14.1984 ], [ -2.1919, 14.1983 ], [ -2.1918, 14.1983 ], [ -2.1917, 14.1983 ], [ -2.1917, 14.1982 ], [ -2.1916, 14.1982 ], [ -2.1915, 14.1981 ], [ -2.1914, 14.1981 ], [ -2.1913, 14.1981 ], [ -2.1913, 14.198 ], [ -2.1912, 14.198 ], [ -2.1911, 14.198 ], [ -2.191, 14.1979 ], [ -2.1909, 14.1979 ], [ -2.1908, 14.1978 ], [ -2.1908, 14.1978 ], [ -2.1907, 14.1978 ], [ -2.1801, 14.1927 ], [ -2.1788, 14.192 ], [ -2.1783, 14.1917 ], [ -2.1735, 14.1887 ], [ -2.1677, 14.1852 ], [ -2.1573, 14.1789 ], [ -2.1569, 14.1787 ], [ -2.1533, 14.1765 ], [ -2.1406, 14.1691 ], [ -2.1351, 14.1657 ], [ -2.134, 14.165 ], [ -2.1248, 14.1593 ], [ -2.1131, 14.1525 ], [ -2.1121, 14.1519 ], [ -2.1115, 14.1516 ], [ -2.111, 14.1513 ], [ -2.1099, 14.1507 ], [ -2.1021, 14.1464 ], [ -2.1016, 14.1461 ], [ -2.099, 14.1472 ], [ -2.0967, 14.1482 ], [ -2.0959, 14.1485 ], [ -2.0957, 14.1486 ], [ -2.0948, 14.149 ], [ -2.0941, 14.1493 ], [ -2.0936, 14.1495 ], [ -2.0926, 14.1499 ], [ -2.0915, 14.1504 ], [ -2.089, 14.1515 ], [ -2.0872, 14.1522 ], [ -2.0847, 14.1533 ], [ -2.0842, 14.1535 ], [ -2.0841, 14.1536 ], [ -2.0809, 14.155 ], [ -2.0797, 14.1556 ], [ -2.0783, 14.1563 ], [ -2.0768, 14.1569 ], [ -2.0758, 14.1574 ], [ -2.075, 14.1578 ], [ -2.0743, 14.1581 ], [ -2.0732, 14.1586 ], [ -2.0725, 14.1589 ], [ -2.0719, 14.1592 ], [ -2.0713, 14.1595 ], [ -2.0707, 14.1597 ], [ -2.0704, 14.1599 ], [ -2.0693, 14.1604 ], [ -2.0687, 14.1607 ], [ -2.0683, 14.1608 ], [ -2.068, 14.161 ], [ -2.0674, 14.1613 ], [ -2.0667, 14.1616 ], [ -2.0666, 14.1616 ], [ -2.0655, 14.1621 ], [ -2.0649, 14.1624 ], [ -2.0644, 14.1626 ], [ -2.0641, 14.1627 ], [ -2.0637, 14.1629 ], [ -2.0636, 14.163 ], [ -2.0634, 14.163 ], [ -2.0633, 14.1631 ], [ -2.0631, 14.1632 ], [ -2.0629, 14.1632 ], [ -2.0628, 14.1633 ], [ -2.0626, 14.1634 ], [ -2.0625, 14.1635 ], [ -2.0623, 14.1635 ], [ -2.0621, 14.1636 ], [ -2.062, 14.1636 ], [ -2.0615, 14.1639 ], [ -2.061, 14.1641 ], [ -2.0608, 14.1642 ], [ -2.0601, 14.1645 ], [ -2.0598, 14.1646 ], [ -2.0592, 14.1649 ], [ -2.0584, 14.1652 ], [ -2.0572, 14.1658 ], [ -2.0557, 14.1664 ], [ -2.0543, 14.167 ], [ -2.0522, 14.168 ], [ -2.0495, 14.1691 ], [ -2.0483, 14.1696 ], [ -2.0449, 14.1711 ], [ -2.0405, 14.173 ], [ -2.036, 14.1749 ], [ -2.0356, 14.1751 ], [ -2.0309, 14.1771 ], [ -2.0265, 14.1791 ], [ -2.0231, 14.1806 ], [ -2.0223, 14.181 ], [ -2.0214, 14.1813 ], [ -2.0209, 14.1816 ], [ -2.0205, 14.1817 ], [ -2.0199, 14.1821 ], [ -2.0197, 14.1821 ], [ -2.0195, 14.1823 ], [ -2.0193, 14.1823 ], [ -2.0191, 14.1824 ], [ -2.0188, 14.1826 ], [ -2.0179, 14.183 ], [ -2.0175, 14.1832 ], [ -2.0169, 14.1835 ], [ -2.0159, 14.1839 ], [ -2.0151, 14.1843 ], [ -2.0145, 14.1846 ], [ -2.0135, 14.1851 ], [ -2.0124, 14.1856 ], [ -2.0109, 14.1864 ], [ -2.0103, 14.1867 ], [ -2.0081, 14.1877 ], [ -2.0067, 14.1884 ], [ -2.0063, 14.1885 ], [ -2.0056, 14.1889 ], [ -2.0049, 14.1892 ], [ -2.0047, 14.1893 ], [ -2.0044, 14.1895 ], [ -2.0036, 14.1899 ], [ -2.0027, 14.1904 ], [ -2.0022, 14.1907 ], [ -2.0016, 14.1911 ], [ -2.0007, 14.1916 ], [ -2.0, 14.1915 ], [ -1.9992, 14.1914 ], [ -1.9974, 14.1912 ], [ -1.9969, 14.1991 ], [ -1.9968, 14.2022 ], [ -1.996, 14.2161 ], [ -1.9951, 14.2293 ], [ -1.995, 14.2304 ], [ -1.9944, 14.2389 ], [ -1.9943, 14.2423 ], [ -1.9941, 14.2471 ], [ -1.9929, 14.2595 ], [ -1.992, 14.2806 ], [ -1.9912, 14.294 ], [ -1.9912, 14.2942 ], [ -1.9908, 14.3002 ], [ -1.9902, 14.3081 ], [ -1.9899, 14.3139 ], [ -1.9895, 14.3218 ], [ -1.9883, 14.3376 ], [ -1.9881, 14.3445 ], [ -1.988, 14.349 ], [ -1.987, 14.3653 ], [ -1.9861, 14.379 ], [ -1.9859, 14.3816 ], [ -1.9853, 14.3926 ], [ -1.9847, 14.4018 ], [ -1.9841, 14.4107 ], [ -1.984, 14.4193 ], [ -1.9835, 14.4284 ], [ -1.9831, 14.4375 ], [ -1.9827, 14.4448 ], [ -1.9827, 14.4466 ], [ -1.9823, 14.4563 ], [ -1.982, 14.465 ], [ -1.9808, 14.4747 ], [ -1.972, 14.4764 ], [ -1.9631, 14.4782 ], [ -1.9579, 14.4789 ], [ -1.9535, 14.4795 ], [ -1.9448, 14.4812 ], [ -1.9356, 14.4829 ], [ -1.9269, 14.4845 ], [ -1.9176, 14.4861 ], [ -1.913, 14.4872 ], [ -1.9072, 14.4886 ], [ -1.8978, 14.4873 ], [ -1.8889, 14.4869 ], [ -1.8787, 14.4869 ], [ -1.8695, 14.4866 ], [ -1.8603, 14.4856 ], [ -1.8512, 14.4851 ], [ -1.8417, 14.485 ], [ -1.8323, 14.4845 ], [ -1.8233, 14.4841 ], [ -1.814, 14.4833 ], [ -1.8043, 14.483 ], [ -1.7942, 14.4825 ], [ -1.7852, 14.4821 ], [ -1.7777, 14.4813 ], [ -1.7682, 14.483 ], [ -1.7588, 14.4848 ], [ -1.7499, 14.4864 ], [ -1.7454, 14.4873 ], [ -1.7415, 14.4881 ], [ -1.7407, 14.4882 ], [ -1.7317, 14.4901 ], [ -1.7232, 14.492 ], [ -1.7135, 14.4936 ], [ -1.7047, 14.4955 ], [ -1.6948, 14.4972 ], [ -1.6933, 14.4975 ], [ -1.6853, 14.499 ], [ -1.6786, 14.5007 ], [ -1.6712, 14.5045 ], [ -1.6698, 14.5052 ], [ -1.6621, 14.5107 ], [ -1.6577, 14.5135 ], [ -1.6545, 14.5156 ], [ -1.65, 14.5182 ], [ -1.647, 14.52 ], [ -1.6451, 14.5212 ], [ -1.6415, 14.5236 ], [ -1.6389, 14.5253 ], [ -1.6317, 14.5298 ], [ -1.6259, 14.5335 ], [ -1.6237, 14.5349 ], [ -1.6163, 14.5398 ], [ -1.6067, 14.5448 ], [ -1.5996, 14.5501 ], [ -1.5919, 14.5545 ], [ -1.5895, 14.5564 ], [ -1.5841, 14.5605 ], [ -1.5764, 14.565 ], [ -1.5689, 14.5703 ], [ -1.5613, 14.5751 ], [ -1.5532, 14.5799 ], [ -1.548, 14.5834 ], [ -1.5454, 14.5852 ], [ -1.5429, 14.5868 ], [ -1.5377, 14.5901 ], [ -1.5298, 14.5951 ], [ -1.5221, 14.6 ], [ -1.5134, 14.6045 ], [ -1.5061, 14.6099 ], [ -1.4981, 14.6149 ], [ -1.4901, 14.6199 ], [ -1.483, 14.6242 ], [ -1.4746, 14.6293 ], [ -1.4672, 14.6346 ], [ -1.4594, 14.6393 ], [ -1.4519, 14.6445 ], [ -1.4439, 14.6502 ], [ -1.4362, 14.6549 ], [ -1.4283, 14.6601 ], [ -1.4269, 14.6609 ], [ -1.4198, 14.6648 ], [ -1.4119, 14.6698 ], [ -1.404, 14.6751 ], [ -1.3961, 14.6802 ], [ -1.3913, 14.6829 ], [ -1.3886, 14.6845 ], [ -1.3859, 14.6862 ], [ -1.3806, 14.6894 ], [ -1.373, 14.6939 ], [ -1.3651, 14.6993 ], [ -1.3578, 14.7038 ], [ -1.3502, 14.7087 ], [ -1.3419, 14.714 ], [ -1.3345, 14.7187 ], [ -1.3252, 14.7238 ], [ -1.3186, 14.7288 ], [ -1.3099, 14.731 ], [ -1.3012, 14.7332 ], [ -1.292, 14.7355 ], [ -1.2832, 14.7376 ], [ -1.2737, 14.7401 ], [ -1.2681, 14.7413 ], [ -1.2647, 14.742 ], [ -1.256, 14.7445 ], [ -1.2469, 14.7468 ], [ -1.2381, 14.7489 ], [ -1.2346, 14.7496 ], [ -1.2295, 14.7506 ], [ -1.2281, 14.7509 ], [ -1.2189, 14.7534 ], [ -1.2167, 14.7538 ], [ -1.2141, 14.7541 ], [ -1.2095, 14.7548 ], [ -1.2011, 14.7568 ], [ -1.1914, 14.7589 ], [ -1.1825, 14.7613 ], [ -1.1804, 14.7619 ], [ -1.1759, 14.7632 ], [ -1.1737, 14.7638 ], [ -1.1709, 14.7644 ], [ -1.1703, 14.7646 ], [ -1.1647, 14.7658 ], [ -1.1567, 14.7676 ], [ -1.1555, 14.7679 ], [ -1.1468, 14.7702 ], [ -1.1368, 14.7721 ], [ -1.1269, 14.7745 ], [ -1.1183, 14.7766 ], [ -1.11, 14.779 ], [ -1.105, 14.7803 ], [ -1.1009, 14.7813 ], [ -1.0952, 14.7834 ], [ -1.0933, 14.7841 ], [ -1.0905, 14.784 ], [ -1.0832, 14.7839 ], [ -1.0763, 14.7838 ], [ -1.0734, 14.7838 ], [ -1.073, 14.7838 ], [ -1.0622, 14.7932 ], [ -1.0608, 14.7945 ], [ -1.0568, 14.7979 ], [ -1.0557, 14.7989 ], [ -1.0554, 14.7992 ], [ -1.0522, 14.802 ], [ -1.0512, 14.8028 ], [ -1.0505, 14.8034 ], [ -1.0494, 14.8044 ], [ -1.0383, 14.8141 ], [ -1.0104, 14.8394 ], [ -1.01, 14.8398 ], [ -1.0038, 14.8454 ], [ -1.0, 14.8484 ], [ -0.965, 14.8755 ], [ -0.9453, 14.8926 ], [ -0.9307, 14.9053 ], [ -0.9249, 14.9102 ], [ -0.8956, 14.9349 ], [ -0.8612, 14.9653 ], [ -0.8256, 14.995 ], [ -0.8198, 15.0 ], [ -0.7899, 15.026 ], [ -0.755, 15.0561 ], [ -0.7427, 15.0671 ], [ -0.7285, 15.0799 ], [ -0.7252, 15.0828 ], [ -0.7245, 15.0828 ], [ -0.7178, 15.0829 ], [ -0.7168, 15.0829 ], [ -0.7151, 15.0829 ], [ -0.7073, 15.0828 ], [ -0.6972, 15.0827 ], [ -0.689, 15.0827 ], [ -0.6796, 15.0826 ], [ -0.6693, 15.0826 ], [ -0.66, 15.0825 ], [ -0.6507, 15.0826 ], [ -0.6414, 15.0825 ], [ -0.6322, 15.0831 ], [ -0.6228, 15.083 ], [ -0.6135, 15.0829 ], [ -0.6042, 15.0828 ], [ -0.5948, 15.0827 ], [ -0.5855, 15.0826 ], [ -0.5761, 15.0826 ] ] ] } }
]
}
