{
"type": "FeatureCollection",
"name": "guinee_borders",
"crs": { "type": "name", "properties": { "name": "urn:ogc:def:crs:OGC:1.3:CRS84" } },
"features": [
{ "type": "Feature", "properties": { "ADM0_EN": "Guinea-Bissau" }, "geometry": { "type": "MultiLineString", "coordinates": [ [ [ -15.204092025999955, 10.870671272000038 ], [ -15.213254928999959, 10.859970093000072 ], [ -15.215587615999937, 10.860399246000043 ], [ -15.209890365999968, 10.869215965000024 ], [ -15.207213401999979, 10.877761841000051 ], [ -15.204092025999955, 10.870671272000038 ] ], [ [ -15.189249038999947, 10.908822060000034 ], [ -15.19223403899997, 10.905792236000025 ], [ -15.19433784499995, 10.906455040000026 ], [ -15.19464778899993, 10.912201881000044 ], [ -15.19425773599994, 10.917727470000045 ], [ -15.192417144999979, 10.919362068000055 ], [ -15.189376830999947, 10.918251991000034 ], [ -15.187453269999935, 10.913676262000024 ], [ -15.189249038999947, 10.908822060000034 ] ], [ [ -15.65207767499993, 10.964271545000031 ], [ -15.656943320999972, 10.962821007000059 ], [ -15.65934085799995, 10.967386246000046 ], [ -15.666139602999976, 10.970506668000041 ], [ -15.669020652999961, 10.976215363000051 ], [ -15.667492866999964, 10.982909203000077 ], [ -15.669260024999971, 10.99185562100007 ], [ -15.673516272999962, 10.996163368000055 ], [ -15.673100470999941, 10.999389648000033 ], [ -15.66895580299996, 11.002441406000059 ], [ -15.663154601999963, 11.003677368000069 ], [ -15.659182548999979, 11.002816200000041 ], [ -15.65750789599997, 10.99985027300005 ], [ -15.659737586999938, 10.993375778000029 ], [ -15.656623839999952, 10.987670898000033 ], [ -15.658849715999963, 10.980966568000042 ], [ -15.657865523999931, 10.977529526000069 ], [ -15.648697852999931, 10.971684456000048 ], [ -15.64679431899998, 10.968952179000041 ], [ -15.65207767499993, 10.964271545000031 ] ], [ [ -15.703969954999934, 11.008363724000048 ], [ -15.707559585999945, 10.999567986000045 ], [ -15.712232589999928, 11.000647545000049 ], [ -15.718462943999953, 11.012057304000052 ], [ -15.718781470999943, 11.017574310000043 ], [ -15.716509818999953, 11.021288872000071 ], [ -15.709752082999955, 11.020930290000024 ], [ -15.705695151999976, 11.014549255000077 ], [ -15.703969954999934, 11.008363724000048 ] ], [ [ -15.265233993999971, 11.018238068000073 ], [ -15.266828536999981, 11.015686035000044 ], [ -15.271719932999929, 11.01585102100006 ], [ -15.274784087999933, 11.018570900000043 ], [ -15.280279159999964, 11.028619766000077 ], [ -15.283550261999949, 11.029496193000057 ], [ -15.287099837999961, 11.033589363000033 ], [ -15.285500525999964, 11.035910606000073 ], [ -15.280868529999964, 11.037583351000023 ], [ -15.276668548999965, 11.036949158000027 ], [ -15.274257659999932, 11.031000137000035 ], [ -15.265233993999971, 11.018238068000073 ] ], [ [ -15.987874984999962, 11.041945457000054 ], [ -15.998728751999977, 11.036481857000069 ], [ -16.002227782999967, 11.036885262000055 ], [ -16.006269454999938, 11.041883469000027 ], [ -16.006792067999982, 11.04532432600007 ], [ -16.004957198999932, 11.04696464500006 ], [ -15.994777678999981, 11.051037788000031 ], [ -15.99005699199995, 11.047202110000057 ], [ -15.987874984999962, 11.041945457000054 ] ], [ [ -15.635014533999936, 11.021115303000045 ], [ -15.638724326999977, 11.020140648000051 ], [ -15.644156455999962, 11.025121689000059 ], [ -15.648825644999931, 11.025973320000048 ], [ -15.651421546999927, 11.028235435000056 ], [ -15.653391837999948, 11.035338402000036 ], [ -15.652128219999952, 11.044098854000026 ], [ -15.649634360999926, 11.048506737000025 ], [ -15.645023345999959, 11.051564217000077 ], [ -15.628305434999959, 11.054800034000039 ], [ -15.612651824999944, 11.05134868600004 ], [ -15.611450194999975, 11.048834801000055 ], [ -15.614156722999951, 11.043044090000024 ], [ -15.621950149999975, 11.034878731000049 ], [ -15.630032538999956, 11.030389786000057 ], [ -15.631804465999949, 11.024383545000035 ], [ -15.635014533999936, 11.021115303000045 ] ], [ [ -15.198384284999975, 11.033384323000064 ], [ -15.20661544799998, 11.022233963000076 ], [ -15.207713126999977, 11.017389297000022 ], [ -15.220935821999944, 10.996741295000049 ], [ -15.22554779099994, 10.993459702000052 ], [ -15.22997283899997, 10.993631363000077 ], [ -15.245043754999926, 11.006084442000031 ], [ -15.255341529999953, 11.010088921000033 ], [ -15.258648871999981, 11.013495445000046 ], [ -15.255533217999982, 11.023888588000034 ], [ -15.253227233999951, 11.025529861000052 ], [ -15.246017455999947, 11.026084900000058 ], [ -15.243968963999976, 11.02956295000007 ], [ -15.247731208999937, 11.03227329300006 ], [ -15.259515761999978, 11.025675774000035 ], [ -15.263711928999953, 11.026080132000061 ], [ -15.266310691999934, 11.02880573300007 ], [ -15.267069816999935, 11.033166885000071 ], [ -15.264387130999978, 11.041254044000027 ], [ -15.260622024999975, 11.046071053000048 ], [ -15.251559257999929, 11.056607246000056 ], [ -15.245317458999978, 11.059910774000059 ], [ -15.232772826999962, 11.062147141000025 ], [ -15.227229117999968, 11.065441132000046 ], [ -15.217038154999955, 11.069486618000042 ], [ -15.191434859999958, 11.074154854000028 ], [ -15.174272536999979, 11.075797081000076 ], [ -15.171678542999928, 11.073300362000055 ], [ -15.16949653599994, 11.066886902000022 ], [ -15.171040534999975, 11.060425758000065 ], [ -15.17353153199997, 11.055332184000065 ], [ -15.179505347999964, 11.049272537000036 ], [ -15.198384284999975, 11.033384323000064 ] ], [ [ -15.227891921999969, 11.130995750000068 ], [ -15.231838225999979, 11.130023003000076 ], [ -15.23326396899995, 11.132075310000062 ], [ -15.22881698599997, 11.147546768000041 ], [ -15.225565909999943, 11.148280144000069 ], [ -15.225043296999957, 11.144145966000053 ], [ -15.227891921999969, 11.130995750000068 ] ], [ [ -15.902574538999943, 11.109546661000024 ], [ -15.905402183999968, 11.097079277000034 ], [ -15.902768134999974, 11.084651947000054 ], [ -15.898544311999956, 11.076251030000037 ], [ -15.888769149999973, 11.062140465000027 ], [ -15.890498160999982, 11.053832054000054 ], [ -15.894392966999931, 11.04986000100007 ], [ -15.89909744299996, 11.052777290000051 ], [ -15.91148471799994, 11.055574417000059 ], [ -15.929351806999932, 11.05161380800007 ], [ -15.936452865999968, 11.046916962000068 ], [ -15.948655127999928, 11.050159454000038 ], [ -15.963042258999963, 11.051458359000037 ], [ -15.967355727999973, 11.054464340000038 ], [ -15.978304862999948, 11.054750443000046 ], [ -15.983464240999979, 11.056969643000059 ], [ -15.986085891999949, 11.060608864000073 ], [ -15.985669135999956, 11.063605309000025 ], [ -15.97953414899996, 11.072905540000022 ], [ -15.967067718999942, 11.079545021000058 ], [ -15.958269118999965, 11.082674980000036 ], [ -15.954982757999971, 11.081116676000022 ], [ -15.952199935999943, 11.081851006000022 ], [ -15.945793151999965, 11.088852882000026 ], [ -15.941381453999952, 11.089612961000057 ], [ -15.930872916999931, 11.087937355000065 ], [ -15.928900718999955, 11.095561028000077 ], [ -15.932918548999965, 11.099178314000028 ], [ -15.950614928999983, 11.098899841000048 ], [ -15.95911788899997, 11.09186363200007 ], [ -15.964893340999936, 11.089012146000073 ], [ -15.97023773199993, 11.088236809000023 ], [ -15.971237182999971, 11.092361450000055 ], [ -15.96937847099997, 11.106884956000044 ], [ -15.967469214999937, 11.109088898000039 ], [ -15.952002524999955, 11.126944542000047 ], [ -15.953451156999961, 11.12991237600005 ], [ -15.95838546799996, 11.132595062000064 ], [ -15.965316771999937, 11.143298149000032 ], [ -15.978860854999937, 11.173681259000034 ], [ -15.979741095999941, 11.184711456000059 ], [ -15.973449706999929, 11.198843956000076 ], [ -15.970001220999961, 11.201659203000077 ], [ -15.964889525999979, 11.202660561000073 ], [ -15.953913688999933, 11.200993538000034 ], [ -15.952845572999934, 11.200445175000027 ], [ -15.933471679999968, 11.190502167000034 ], [ -15.925884246999942, 11.182339668000054 ], [ -15.915810584999974, 11.164552689000061 ], [ -15.911439895999933, 11.153578758000037 ], [ -15.911132811999948, 11.14898204800005 ], [ -15.902389525999979, 11.141297340000051 ], [ -15.900211333999948, 11.136269569000035 ], [ -15.903932570999928, 11.121487617000071 ], [ -15.902574538999943, 11.109546661000024 ] ], [ [ -16.105728148999958, 11.203560829000025 ], [ -16.103525161999983, 11.202732086000026 ], [ -16.086778640999967, 11.204384804000028 ], [ -16.077581405999979, 11.197862625000027 ], [ -16.068672179999965, 11.194556236000039 ], [ -16.065803527999947, 11.190231323000035 ], [ -16.065479278999931, 11.184715271000073 ], [ -16.070226668999965, 11.176125526000021 ], [ -16.076467513999944, 11.159230232000027 ], [ -16.07256698599997, 11.148941040000068 ], [ -16.071733474999974, 11.140903473000037 ], [ -16.073732375999953, 11.135117531000049 ], [ -16.085845946999939, 11.135151863000033 ], [ -16.088582992999932, 11.131656647000057 ], [ -16.086664199999973, 11.128466606000075 ], [ -16.083972930999948, 11.126654625000072 ], [ -16.082660674999943, 11.125772476000066 ], [ -16.06376647899998, 11.124237061000031 ], [ -16.059358596999971, 11.125228882000044 ], [ -16.054681777999974, 11.124154091000037 ], [ -16.050657271999967, 11.120307922000052 ], [ -16.048915862999934, 11.113664627000048 ], [ -16.050258635999967, 11.110422134000032 ], [ -16.055355071999941, 11.108729362000076 ], [ -16.06213188199996, 11.110000610000043 ], [ -16.064397811999982, 11.106283188000077 ], [ -16.056385039999952, 11.100661278000075 ], [ -16.048322677999977, 11.092048645000034 ], [ -16.049692153999956, 11.090415955000026 ], [ -16.049745559999963, 11.079603195000061 ], [ -16.052648543999965, 11.072194099000058 ], [ -16.06160545299997, 11.06468772900007 ], [ -16.072288512999933, 11.062904358000026 ], [ -16.07606506299993, 11.063294411000072 ], [ -16.085437774999946, 11.058509827000023 ], [ -16.07631301899994, 11.052946091000024 ], [ -16.073423385999945, 11.047242165000057 ], [ -16.064569472999949, 11.046925545000022 ], [ -16.061893462999933, 11.040067673000067 ], [ -16.063472747999981, 11.037050247000025 ], [ -16.074506759999963, 11.028590202000032 ], [ -16.082038878999981, 11.019495964000043 ], [ -16.088039397999978, 11.016407013000048 ], [ -16.093156814999929, 11.016093254000054 ], [ -16.099260329999936, 11.018984795000051 ], [ -16.107997893999936, 11.026204109000048 ], [ -16.118991851999965, 11.029244423000023 ], [ -16.132040023999934, 11.029720306000058 ], [ -16.136747359999958, 11.032633781000072 ], [ -16.139007567999954, 11.037219048000054 ], [ -16.140123366999944, 11.039480209000033 ], [ -16.142662047999977, 11.051860809000061 ], [ -16.144578933999981, 11.055049896000071 ], [ -16.146644591999973, 11.053175926000051 ], [ -16.148870467999927, 11.047157288000051 ], [ -16.148958205999975, 11.038643837000052 ], [ -16.152288436999982, 11.029156685000032 ], [ -16.151962279999964, 11.023641586000053 ], [ -16.153306960999942, 11.020627975000025 ], [ -16.157438277999972, 11.01710891700003 ], [ -16.161624907999965, 11.016809464000062 ], [ -16.175565719999952, 11.024162292000028 ], [ -16.180656432999967, 11.026846886000044 ], [ -16.190650939999955, 11.025760651000041 ], [ -16.203399657999967, 11.03590011600005 ], [ -16.212797164999927, 11.040803909000033 ], [ -16.224861144999977, 11.051644325000041 ], [ -16.230850219999979, 11.061206818000073 ], [ -16.247924804999968, 11.078864098000054 ], [ -16.251123427999971, 11.088702202000036 ], [ -16.250328063999973, 11.096537590000025 ], [ -16.246974944999977, 11.104646683000055 ], [ -16.243221282999968, 11.108607292000045 ], [ -16.239885329999936, 11.112128258000041 ], [ -16.215454101999967, 11.127031326000065 ], [ -16.196931838999944, 11.133552551000037 ], [ -16.192972182999938, 11.133618355000067 ], [ -16.19200897199994, 11.13179397600004 ], [ -16.207908629999963, 11.108293533000051 ], [ -16.202999114999955, 11.107224464000069 ], [ -16.197923659999958, 11.11007022900003 ], [ -16.184490203999928, 11.12800788900006 ], [ -16.181566237999959, 11.134038925000027 ], [ -16.180053710999971, 11.140965462000054 ], [ -16.18131256099997, 11.146466255000064 ], [ -16.179737090999936, 11.149712563000037 ], [ -16.183603286999983, 11.157700539000075 ], [ -16.181869506999931, 11.165321350000056 ], [ -16.177267074999975, 11.168619156000034 ], [ -16.165689467999982, 11.172721863000049 ], [ -16.149095534999958, 11.183348656000021 ], [ -16.13540840099995, 11.186795235000034 ], [ -16.131740569999977, 11.190306664000047 ], [ -16.127277373999959, 11.201883316000021 ], [ -16.123624801999938, 11.206314087000067 ], [ -16.118768691999946, 11.208463669000025 ], [ -16.105728148999958, 11.203560829000025 ] ], [ [ -15.983109473999946, 11.205361366000034 ], [ -15.984073638999973, 11.20197868300005 ], [ -15.989497184999948, 11.182944298000052 ], [ -15.988647460999971, 11.173755646000075 ], [ -15.981601714999954, 11.156152725000027 ], [ -15.976134299999956, 11.135304451000025 ], [ -15.976744651999979, 11.115740776000052 ], [ -15.980780601999982, 11.10624408700005 ], [ -15.984656333999965, 11.101120949000062 ], [ -15.987562179999941, 11.093712807000031 ], [ -15.996569632999979, 11.084523201000025 ], [ -16.009321212999964, 11.071510315000069 ], [ -16.015340804999937, 11.069343567000033 ], [ -16.025144576999935, 11.070796967000035 ], [ -16.028713225999979, 11.075340271000073 ], [ -16.031999587999962, 11.076899529000059 ], [ -16.035125731999926, 11.08282947500004 ], [ -16.037141799999972, 11.091999054000041 ], [ -16.036588668999968, 11.100749969000049 ], [ -16.033393859999933, 11.104711533000057 ], [ -16.027156829999967, 11.121836662000021 ], [ -16.023714065999968, 11.124882698000022 ], [ -16.019636153999954, 11.131850243000031 ], [ -16.017234801999962, 11.14155101800003 ], [ -16.020349502999977, 11.146792412000025 ], [ -16.025882720999959, 11.143252373000053 ], [ -16.029504775999953, 11.136982918000058 ], [ -16.029439925999952, 11.133072853000044 ], [ -16.034925460999943, 11.126772881000022 ], [ -16.043794631999958, 11.127780914000027 ], [ -16.045244216999947, 11.130978584000047 ], [ -16.048772811999982, 11.132991791000052 ], [ -16.05661392199994, 11.142297745000064 ], [ -16.061460494999949, 11.152605057000073 ], [ -16.06531143199993, 11.160791397000025 ], [ -16.062856673999931, 11.167274475000056 ], [ -16.056644439999957, 11.171975136000071 ], [ -16.056943892999982, 11.175881386000071 ], [ -16.054946898999958, 11.181895256000075 ], [ -16.04239273099995, 11.197511673000065 ], [ -16.034656524999946, 11.194644928000059 ], [ -16.030960082999968, 11.196545601000025 ], [ -16.025974273999964, 11.204907417000072 ], [ -16.022285460999967, 11.207266808000043 ], [ -16.011260985999968, 11.202842712000063 ], [ -15.997333526999967, 11.206055641000034 ], [ -15.992261886999927, 11.209357262000026 ], [ -15.985732078999945, 11.209001541000077 ], [ -15.983109473999946, 11.205361366000034 ] ], [ [ -15.93187046099996, 11.206631660000028 ], [ -15.936511039999971, 11.205409050000071 ], [ -15.941435813999931, 11.207401276000041 ], [ -15.943588256999931, 11.210818291000066 ], [ -15.943404197999939, 11.213812828000073 ], [ -15.938516616999948, 11.214119911000068 ], [ -15.93265914899996, 11.212141037000038 ], [ -15.930511474999946, 11.20895385700004 ], [ -15.93187046099996, 11.206631660000028 ] ], [ [ -16.401716231999956, 11.303535461000024 ], [ -16.395782470999961, 11.297656059000076 ], [ -16.389503478999927, 11.298455238000031 ], [ -16.385749816999976, 11.297140121000041 ], [ -16.383836745999929, 11.294412613000077 ], [ -16.384948729999962, 11.291401863000033 ], [ -16.392309188999945, 11.285983086000044 ], [ -16.399787902999947, 11.274119377000034 ], [ -16.403053283999952, 11.27429294600006 ], [ -16.407072066999945, 11.277443886000071 ], [ -16.411552428999983, 11.293242455000041 ], [ -16.410499572999981, 11.299470901000063 ], [ -16.405696868999939, 11.304615974000058 ], [ -16.401716231999956, 11.303535461000024 ] ], [ [ -15.660084723999944, 11.306243896000069 ], [ -15.662236213999961, 11.294479370000033 ], [ -15.660028457999942, 11.287380219000056 ], [ -15.661576270999944, 11.281835556000033 ], [ -15.667027472999962, 11.272553444000039 ], [ -15.667847632999951, 11.265179634000049 ], [ -15.664967536999939, 11.259699821000027 ], [ -15.663884162999977, 11.249823570000046 ], [ -15.668272971999954, 11.232044220000034 ], [ -15.671704291999959, 11.227852821000056 ], [ -15.674277305999965, 11.228505135000034 ], [ -15.675186156999928, 11.230022430000076 ], [ -15.677146911999955, 11.233293533000051 ], [ -15.679211616999964, 11.246376038000051 ], [ -15.681834220999974, 11.250247955000077 ], [ -15.690532683999947, 11.255181313000037 ], [ -15.693472861999965, 11.264569283000071 ], [ -15.698415755999974, 11.267716408000069 ], [ -15.699743270999932, 11.263095856000064 ], [ -15.693831443999954, 11.242478371000061 ], [ -15.703707694999935, 11.217945099000076 ], [ -15.709474563999947, 11.214179039000044 ], [ -15.713886260999971, 11.213192940000056 ], [ -15.717662810999968, 11.216357231000075 ], [ -15.723232268999936, 11.225212097000053 ], [ -15.72411346399997, 11.226613045000022 ], [ -15.72854614299996, 11.227006912000036 ], [ -15.731730460999927, 11.221898079000027 ], [ -15.736636161999968, 11.222743988000047 ], [ -15.737470626999936, 11.216520309000032 ], [ -15.732919692999928, 11.208537102000037 ], [ -15.727841376999947, 11.211603165000042 ], [ -15.725746154999968, 11.196681023000053 ], [ -15.731305121999981, 11.179574013000035 ], [ -15.734495162999963, 11.174924850000025 ], [ -15.737963675999936, 11.173262596000029 ], [ -15.744054793999965, 11.175471306000077 ], [ -15.750271796999982, 11.17077636700003 ], [ -15.757342338999933, 11.175960541000052 ], [ -15.761039733999951, 11.174064636000026 ], [ -15.771093368999971, 11.161490440000023 ], [ -15.773637771999972, 11.160301208000021 ], [ -15.779761313999927, 11.164579391000075 ], [ -15.782894134999935, 11.171203613000046 ], [ -15.782328605999965, 11.179723740000043 ], [ -15.787771224999972, 11.199886322000054 ], [ -15.786905288999947, 11.204040527000075 ], [ -15.783024787999977, 11.209160805000067 ], [ -15.778605460999927, 11.20968818700004 ], [ -15.772505759999945, 11.207019806000062 ], [ -15.769989966999958, 11.210048676000042 ], [ -15.771295546999966, 11.219000816000062 ], [ -15.766511916999946, 11.225975037000069 ], [ -15.766773223999962, 11.227811813000073 ], [ -15.776281356999959, 11.22490692100007 ], [ -15.781905173999974, 11.226892471000042 ], [ -15.784073829999954, 11.231460571000071 ], [ -15.783665656999972, 11.235148430000038 ], [ -15.781691550999938, 11.237340927000048 ], [ -15.77106857299998, 11.249142647000042 ], [ -15.760445594999965, 11.255284309000047 ], [ -15.75678920699994, 11.259941101000038 ], [ -15.762041091999947, 11.267913818000068 ], [ -15.761610984999948, 11.270220757000061 ], [ -15.758865355999944, 11.273483276000036 ], [ -15.749606132999929, 11.277533531000074 ], [ -15.733798026999978, 11.280071259000067 ], [ -15.728970527999934, 11.284515381000062 ], [ -15.721486091999964, 11.297740936000025 ], [ -15.715291022999963, 11.30404472400005 ], [ -15.70881557499996, 11.307362556000044 ], [ -15.697393416999944, 11.307302475000029 ], [ -15.695656775999964, 11.306657791000077 ], [ -15.683094977999929, 11.301993370000048 ], [ -15.676788329999965, 11.30116653400006 ], [ -15.664081572999976, 11.308485985000061 ], [ -15.661277770999959, 11.308067322000056 ], [ -15.660084723999944, 11.306243896000069 ] ], [ [ -15.73213386499998, 11.292980194000052 ], [ -15.734878539999954, 11.28971862800006 ], [ -15.741038321999952, 11.296067238000035 ], [ -15.740633010999943, 11.299984932000029 ], [ -15.736059188999945, 11.305574417000059 ], [ -15.730050086999938, 11.308885574000044 ], [ -15.727906226999949, 11.305926323000051 ], [ -15.73213386499998, 11.292980194000052 ] ], [ [ -15.846301078999943, 11.202901840000038 ], [ -15.851144790999967, 11.199836731000062 ], [ -15.862041472999977, 11.196447372000023 ], [ -15.869498252999961, 11.196561813000073 ], [ -15.874906539999927, 11.199699402000022 ], [ -15.87981414799998, 11.20054340400003 ], [ -15.883049010999969, 11.198883057000046 ], [ -15.888177871999972, 11.199032784000053 ], [ -15.896618842999942, 11.202352524000048 ], [ -15.903932570999928, 11.207989693000059 ], [ -15.909917830999973, 11.232282639000061 ], [ -15.909863471999927, 11.233768463000047 ], [ -15.909755706999931, 11.23665618900003 ], [ -15.873370170999976, 11.29266738900003 ], [ -15.863534926999932, 11.304322243000058 ], [ -15.853588103999982, 11.309077263000063 ], [ -15.847034453999981, 11.307338715000071 ], [ -15.835050582999941, 11.301310539000042 ], [ -15.827936171999966, 11.293598175000056 ], [ -15.827743529999964, 11.29305839500006 ], [ -15.826472281999941, 11.28947925600005 ], [ -15.827564239999958, 11.284861565000028 ], [ -15.831451415999936, 11.28020000500004 ], [ -15.836082457999964, 11.278288841000062 ], [ -15.840909003999968, 11.259349823000036 ], [ -15.84270477299998, 11.240457535000075 ], [ -15.844502448999947, 11.236288071000047 ], [ -15.847508429999948, 11.234861374000047 ], [ -15.849096297999949, 11.232076645000063 ], [ -15.849954604999937, 11.227461815000026 ], [ -15.847347259999935, 11.224740982000071 ], [ -15.840580939999938, 11.224155426000038 ], [ -15.838924407999968, 11.222570419000022 ], [ -15.836980819999951, 11.217538834000038 ], [ -15.83874893199993, 11.211530685000071 ], [ -15.846301078999943, 11.202901840000038 ] ], [ [ -16.204904555999974, 11.298605919000067 ], [ -16.201152801999967, 11.297287941000036 ], [ -16.192348479999964, 11.300425529000051 ], [ -16.183731078999926, 11.300798416000077 ], [ -16.166839599999946, 11.294406891000051 ], [ -16.161674499999947, 11.278617859000065 ], [ -16.154323577999946, 11.271146774000044 ], [ -16.153297423999959, 11.265642166000077 ], [ -16.170438765999961, 11.246033669000042 ], [ -16.177806853999982, 11.240848541000048 ], [ -16.180315017999931, 11.237586975000056 ], [ -16.18296050999993, 11.228800774000035 ], [ -16.206867217999957, 11.223341942000047 ], [ -16.228464126999938, 11.220164299000032 ], [ -16.254512786999953, 11.216330528000071 ], [ -16.26280784599993, 11.224242210000057 ], [ -16.274837493999939, 11.232551575000059 ], [ -16.282825469999977, 11.236327171000028 ], [ -16.291944503999957, 11.238012314000059 ], [ -16.293651580999949, 11.242354393000028 ], [ -16.291864394999948, 11.246756554000058 ], [ -16.28541755699996, 11.251236916000039 ], [ -16.282695769999975, 11.255423546000031 ], [ -16.273008346999973, 11.287797928000032 ], [ -16.272443770999928, 11.288344383000037 ], [ -16.26865386999998, 11.29201316800004 ], [ -16.254447936999952, 11.292713165000066 ], [ -16.245420455999977, 11.296316147000027 ], [ -16.241523742999959, 11.300063133000037 ], [ -16.237031936999927, 11.309801102000051 ], [ -16.231473922999953, 11.311964989000046 ], [ -16.218902587999935, 11.312866211000028 ], [ -16.212125777999972, 11.31183147400003 ], [ -16.209056853999982, 11.309579849000045 ], [ -16.204904555999974, 11.298605919000067 ] ], [ [ -16.458309173999965, 11.313818932000061 ], [ -16.455579757999942, 11.304663658000038 ], [ -16.445655822999981, 11.297245979000024 ], [ -16.42518234299996, 11.29944419900005 ], [ -16.425783156999955, 11.293912888000023 ], [ -16.429918288999943, 11.290618896000069 ], [ -16.451517104999937, 11.286329269000021 ], [ -16.469217299999968, 11.285557747000041 ], [ -16.475854873999936, 11.278998375000072 ], [ -16.48163795499994, 11.276595116000067 ], [ -16.487733840999965, 11.278558731000032 ], [ -16.489004134999959, 11.284285545000046 ], [ -16.488525390999939, 11.296259880000036 ], [ -16.489803313999971, 11.302449226000022 ], [ -16.488252639999928, 11.306847572000038 ], [ -16.484561919999976, 11.308983803000046 ], [ -16.477825164999956, 11.310253143000068 ], [ -16.474441527999943, 11.309451103000072 ], [ -16.471504210999967, 11.308754921000059 ], [ -16.465787887999966, 11.314837456000021 ], [ -16.461826323999958, 11.314907074000075 ], [ -16.458309173999965, 11.313818932000061 ] ], [ [ -15.916572570999961, 11.312240601000042 ], [ -15.92353153199997, 11.310290337000026 ], [ -15.926353454999969, 11.311626434000061 ], [ -15.926633834999961, 11.31461334200003 ], [ -15.919946670999934, 11.319088936000071 ], [ -15.91690540299993, 11.318447113000047 ], [ -15.915223121999929, 11.315252304000069 ], [ -15.916572570999961, 11.312240601000042 ] ], [ [ -15.707267760999969, 11.327860832000056 ], [ -15.708411216999934, 11.326463699000044 ], [ -15.71168518099995, 11.32710647600004 ], [ -15.716543197999954, 11.324731827000051 ], [ -15.720745086999955, 11.32513046300005 ], [ -15.722650527999974, 11.327861786000028 ], [ -15.717015265999976, 11.340139389000058 ], [ -15.714930533999961, 11.341090202000032 ], [ -15.710710525999957, 11.339543343000059 ], [ -15.707861899999955, 11.336133957000072 ], [ -15.708747863999974, 11.333130836000066 ], [ -15.707267760999969, 11.327860832000056 ] ], [ [ -16.159223556999962, 11.340177536000056 ], [ -16.160087584999928, 11.335700989000031 ], [ -16.162876128999926, 11.335194588000036 ], [ -16.166854857999965, 11.336049080000066 ], [ -16.17255210899998, 11.339995384000076 ], [ -16.179056167999931, 11.339905739000073 ], [ -16.18159103399995, 11.33902454400004 ], [ -16.18350410499994, 11.339844704000029 ], [ -16.184175490999962, 11.34013271300006 ], [ -16.185894011999949, 11.345166206000044 ], [ -16.184606551999934, 11.35162925700007 ], [ -16.181177138999942, 11.355596542000058 ], [ -16.169223784999929, 11.351884842000061 ], [ -16.165641784999934, 11.346881866000047 ], [ -16.160007476999965, 11.344674110000028 ], [ -16.159017562999964, 11.341239929000039 ], [ -16.159223556999962, 11.340177536000056 ] ], [ [ -15.77742290499998, 11.342220306000058 ], [ -15.781597136999949, 11.340777397000068 ], [ -15.78539466899997, 11.345090866000021 ], [ -15.774172782999926, 11.357914925000046 ], [ -15.770935058999953, 11.359574318000057 ], [ -15.770195960999956, 11.357054710000057 ], [ -15.77353000599993, 11.346651077000047 ], [ -15.774786948999974, 11.345222473000035 ], [ -15.77742290499998, 11.342220306000058 ] ], [ [ -16.02552413899997, 11.341968536000024 ], [ -16.028648375999978, 11.337841034000064 ], [ -16.029878615999962, 11.327698708000071 ], [ -16.033706664999954, 11.319584846000055 ], [ -16.036926269999981, 11.317002296000055 ], [ -16.042045592999955, 11.316459656000063 ], [ -16.049591063999969, 11.321629524000059 ], [ -16.053567885999939, 11.322485924000034 ], [ -16.057727813999975, 11.32034778600007 ], [ -16.060302733999947, 11.320996284000046 ], [ -16.06414794899996, 11.327836990000037 ], [ -16.069721221999941, 11.326596260000031 ], [ -16.071504592999929, 11.321735382000043 ], [ -16.079288482999971, 11.313326836000044 ], [ -16.105375289999927, 11.298409462000052 ], [ -16.116083144999948, 11.297542572000054 ], [ -16.120540618999939, 11.299310684000034 ], [ -16.129800796999973, 11.309281349000059 ], [ -16.137062072999981, 11.325037003000034 ], [ -16.132980346999943, 11.331775665000066 ], [ -16.134538650999957, 11.340513229000067 ], [ -16.135557174999974, 11.346227646000045 ], [ -16.132532119999951, 11.346508026000038 ], [ -16.130069732999971, 11.345523834000062 ], [ -16.124786376999964, 11.343413353000074 ], [ -16.101922988999945, 11.342407227000024 ], [ -16.098499297999979, 11.340999603000057 ], [ -16.085292815999935, 11.341176033000067 ], [ -16.079856872999926, 11.347137451000037 ], [ -16.074090957999942, 11.350912094000023 ], [ -16.065534591999949, 11.354962349000061 ], [ -16.058782577999978, 11.355531693000046 ], [ -16.041399001999935, 11.361563683000043 ], [ -16.032791137999936, 11.36262226100007 ], [ -16.025388717999931, 11.352158546000055 ], [ -16.023681640999939, 11.347583771000075 ], [ -16.024532317999956, 11.343972206000046 ], [ -16.024770736999926, 11.342965126000024 ], [ -16.02552413899997, 11.341968536000024 ] ], [ [ -15.782620429999952, 11.361467361000052 ], [ -15.785840987999961, 11.358657837000067 ], [ -15.793328284999973, 11.360383987000034 ], [ -15.795163154999955, 11.35851573900004 ], [ -15.799123763999944, 11.344900131000031 ], [ -15.802018165999982, 11.334945679000043 ], [ -15.798603057999969, 11.325334549000047 ], [ -15.800336837999964, 11.317026138000074 ], [ -15.80434226999995, 11.305001259000051 ], [ -15.808471679999968, 11.300797462000048 ], [ -15.811730384999976, 11.300518036000028 ], [ -15.819190978999927, 11.300633430000062 ], [ -15.828133582999953, 11.306017876000055 ], [ -15.834527015999981, 11.312361717000044 ], [ -15.836492537999959, 11.318773270000065 ], [ -15.835895537999932, 11.32522487600005 ], [ -15.832555770999932, 11.334938049000073 ], [ -15.826150893999966, 11.342627525000069 ], [ -15.826376914999969, 11.344519615000024 ], [ -15.827494620999971, 11.353881836000028 ], [ -15.825990676999936, 11.361956596000027 ], [ -15.822567939999942, 11.366610527000034 ], [ -15.816594123999948, 11.37040329000007 ], [ -15.81402778599994, 11.372032166000054 ], [ -15.803830146999928, 11.375868797000066 ], [ -15.790562629999954, 11.377221107000025 ], [ -15.783501624999928, 11.372957230000054 ], [ -15.781298636999963, 11.366318703000047 ], [ -15.782620429999952, 11.361467361000052 ] ], [ [ -15.874311446999968, 11.336825371000032 ], [ -15.894438743999956, 11.327309608000064 ], [ -15.898664473999929, 11.329084396000042 ], [ -15.901035308999951, 11.331578255000068 ], [ -15.901553153999942, 11.33479118300005 ], [ -15.897676467999929, 11.343623161000039 ], [ -15.897280692999971, 11.344520569000053 ], [ -15.891555785999969, 11.352771759000063 ], [ -15.889534949999927, 11.355684280000048 ], [ -15.880311965999965, 11.362039566000021 ], [ -15.876216887999931, 11.368314743000042 ], [ -15.868391036999981, 11.374647141000025 ], [ -15.854523658999938, 11.382223129000067 ], [ -15.850280761999954, 11.379298210000059 ], [ -15.848127364999982, 11.375880241000061 ], [ -15.850559234999935, 11.367561340000066 ], [ -15.865695952999943, 11.351911545000064 ], [ -15.870231627999942, 11.343970299000034 ], [ -15.874311446999968, 11.336825371000032 ] ], [ [ -16.007831572999976, 11.375905991000025 ], [ -16.014541625999982, 11.37280845600003 ], [ -16.020631789999982, 11.374550819000035 ], [ -16.023262023999962, 11.378419876000066 ], [ -16.021923064999953, 11.38212204000007 ], [ -16.00482749899993, 11.391597748000038 ], [ -15.996443747999933, 11.392191887000024 ], [ -15.995491981999976, 11.391057014000069 ], [ -16.000720977999947, 11.382921219000025 ], [ -16.007831572999976, 11.375905991000025 ] ], [ [ -16.070623397999952, 11.40818119000005 ], [ -16.070388793999939, 11.394225121000034 ], [ -16.071981429999937, 11.391898155000035 ], [ -16.075466155999948, 11.391151428000057 ], [ -16.078050612999959, 11.392259598000066 ], [ -16.085151671999938, 11.398587227000064 ], [ -16.095870971999943, 11.398181915000066 ], [ -16.09972000099998, 11.391447067000058 ], [ -16.103643416999944, 11.389082909000024 ], [ -16.113647460999971, 11.387768745000074 ], [ -16.117326735999939, 11.384717941000076 ], [ -16.121389388999944, 11.376829147000024 ], [ -16.123731612999961, 11.377481461000059 ], [ -16.134168624999973, 11.38789272300005 ], [ -16.138370513999973, 11.388283730000069 ], [ -16.14406585699993, 11.38036823300007 ], [ -16.146753310999941, 11.373881340000025 ], [ -16.144390105999946, 11.372079849000045 ], [ -16.147789000999978, 11.366272926000022 ], [ -16.155313491999948, 11.370059013000059 ], [ -16.158397674999947, 11.373229980000076 ], [ -16.16764068599997, 11.387995720000049 ], [ -16.168945312999938, 11.390080452000063 ], [ -16.169143676999965, 11.401580811000031 ], [ -16.164785384999959, 11.405794144000026 ], [ -16.151773452999976, 11.40853977200004 ], [ -16.131038665999938, 11.409570694000024 ], [ -16.120370864999927, 11.412966728000072 ], [ -16.11115074199995, 11.419329643000026 ], [ -16.100940703999981, 11.422256470000036 ], [ -16.084665297999948, 11.425052643000072 ], [ -16.076221465999936, 11.422198296000033 ], [ -16.07064437899993, 11.409404755000025 ], [ -16.070623397999952, 11.40818119000005 ] ], [ [ -16.308969497999954, 11.410504341000035 ], [ -16.312204360999942, 11.408839226000055 ], [ -16.315521239999953, 11.411773682000046 ], [ -16.320716857999969, 11.428709984000022 ], [ -16.319118499999945, 11.430578232000073 ], [ -16.315168380999978, 11.431335449000073 ], [ -16.309299468999939, 11.429135323000025 ], [ -16.306648253999981, 11.424348831000032 ], [ -16.308969497999954, 11.410504341000035 ] ], [ [ -15.705175399999973, 11.433951378000074 ], [ -15.712385177999977, 11.432692528000075 ], [ -15.71845245399993, 11.433064461000072 ], [ -15.720469474999959, 11.438537598000039 ], [ -15.722835540999938, 11.44496345500005 ], [ -15.725679397999954, 11.447909355000036 ], [ -15.739018439999938, 11.450930595000045 ], [ -15.742579459999945, 11.455018044000042 ], [ -15.741239547999953, 11.458719254000073 ], [ -15.737095832999955, 11.462232590000042 ], [ -15.732673644999977, 11.462759018000042 ], [ -15.724605559999929, 11.468861580000066 ], [ -15.714861869999936, 11.472228050000069 ], [ -15.706141471999956, 11.481329918000029 ], [ -15.69955921199994, 11.493161201000021 ], [ -15.691050528999938, 11.501110077000021 ], [ -15.675511359999973, 11.506861687000026 ], [ -15.666688918999967, 11.506298065000067 ], [ -15.665212630999974, 11.504483223000022 ], [ -15.673922538999932, 11.494462013000032 ], [ -15.668930053999929, 11.488324165000051 ], [ -15.663037299999928, 11.484269142000073 ], [ -15.664404868999952, 11.482178688000033 ], [ -15.664329528999929, 11.477348328000062 ], [ -15.659164428999929, 11.475123405000033 ], [ -15.654436110999939, 11.470822334000047 ], [ -15.652506827999957, 11.466709137000066 ], [ -15.653857230999961, 11.463468552000052 ], [ -15.662943839999969, 11.462874413000065 ], [ -15.669765471999938, 11.451500893000059 ], [ -15.67784500099998, 11.446089745000052 ], [ -15.690373420999947, 11.441992760000062 ], [ -15.705175399999973, 11.433951378000074 ] ], [ [ -15.978672027999949, 11.516711235000059 ], [ -15.977942466999934, 11.514883041000076 ], [ -15.973985671999969, 11.515405655000052 ], [ -15.970781325999951, 11.519137383000043 ], [ -15.965146064999942, 11.516925812000068 ], [ -15.958751677999942, 11.511045456000033 ], [ -15.945725440999979, 11.513320923000038 ], [ -15.943928718999928, 11.517490387000066 ], [ -15.93735408799995, 11.514833450000026 ], [ -15.93134307899993, 11.518148422000024 ], [ -15.926207541999929, 11.517998695000074 ], [ -15.918911933999937, 11.513972282000054 ], [ -15.914143561999936, 11.507604599000047 ], [ -15.911932944999933, 11.487549782000031 ], [ -15.911408423999944, 11.482799530000023 ], [ -15.913245200999938, 11.452172279000024 ], [ -15.915302276999967, 11.449609756000029 ], [ -15.920609473999946, 11.446075439000026 ], [ -15.934063910999953, 11.441722870000035 ], [ -15.941433906999976, 11.436085701000025 ], [ -15.952537536999955, 11.430619240000055 ], [ -15.963458060999926, 11.428145409000024 ], [ -15.966996192999943, 11.430621147000068 ], [ -15.967801093999981, 11.437049866000052 ], [ -15.975089072999936, 11.440615654000055 ], [ -15.985128402999976, 11.441376686000069 ], [ -15.990457534999962, 11.439221382000028 ], [ -15.992723464999926, 11.435274124000046 ], [ -15.995281218999935, 11.434773445000076 ], [ -16.002958297999953, 11.447764397000071 ], [ -16.006496428999981, 11.450239182000075 ], [ -16.015796660999968, 11.44847965200006 ], [ -16.017156600999954, 11.446157455000048 ], [ -16.013288497999952, 11.437936783000055 ], [ -16.013690947999976, 11.43401908900006 ], [ -16.020639419999952, 11.431146622000028 ], [ -16.030931472999953, 11.433053017000077 ], [ -16.033702849999941, 11.431397438000033 ], [ -16.071435927999971, 11.442752838000047 ], [ -16.078157424999972, 11.44952392600004 ], [ -16.079977035999946, 11.451356888000021 ], [ -16.08122444199995, 11.456168175000073 ], [ -16.079458236999926, 11.462178230000063 ], [ -16.068193435999945, 11.471794128000056 ], [ -16.045797347999951, 11.485499382000057 ], [ -16.038490294999974, 11.494819641000049 ], [ -16.035182952999946, 11.506376266000075 ], [ -16.030649184999959, 11.514271736000069 ], [ -16.026723861999926, 11.516635895000036 ], [ -16.011335372999952, 11.517111778000071 ], [ -16.001258849999942, 11.514281273000051 ], [ -15.994258880999951, 11.514163017000044 ], [ -15.992183684999929, 11.514931679000028 ], [ -15.99101352699995, 11.515364647000069 ], [ -15.982536315999937, 11.524702072000025 ], [ -15.978354453999941, 11.525689125000042 ], [ -15.975953101999949, 11.521586418000027 ], [ -15.978672027999949, 11.516711235000059 ] ], [ [ -16.170139312999936, 11.527643204000071 ], [ -16.17673683199996, 11.517870903000073 ], [ -16.173397063999971, 11.499980927000024 ], [ -16.175415038999972, 11.495345116000067 ], [ -16.188093184999957, 11.480542183000068 ], [ -16.191041945999928, 11.47709846500004 ], [ -16.203994750999982, 11.461970329000053 ], [ -16.214862822999976, 11.456497192000029 ], [ -16.217500686999927, 11.447250366000048 ], [ -16.220258712999964, 11.444903374000035 ], [ -16.223787307999942, 11.446684837000021 ], [ -16.231018065999933, 11.446793556000046 ], [ -16.240058898999962, 11.443651199000044 ], [ -16.250064849999944, 11.44233226800003 ], [ -16.256893157999968, 11.446128845000032 ], [ -16.263444900999957, 11.447398186000044 ], [ -16.267868041999975, 11.446748734000039 ], [ -16.272285460999967, 11.446098328000062 ], [ -16.280359267999927, 11.441130638000061 ], [ -16.298982619999947, 11.439203262000035 ], [ -16.306028365999964, 11.442074776000027 ], [ -16.307722091999949, 11.444675446000076 ], [ -16.309267043999967, 11.453753471000027 ], [ -16.307479857999965, 11.458155632000057 ], [ -16.300159453999981, 11.466332436000073 ], [ -16.297145843999942, 11.468527794000067 ], [ -16.28657340999996, 11.476226807000046 ], [ -16.269926070999929, 11.48456096600006 ], [ -16.242908477999947, 11.513545036000039 ], [ -16.23434829699994, 11.517600060000063 ], [ -16.228073119999976, 11.518856049000021 ], [ -16.221151351999936, 11.523343086000068 ], [ -16.217765807999967, 11.523265839000032 ], [ -16.215318679999939, 11.523210526000071 ], [ -16.210376739999958, 11.520760536000068 ], [ -16.204305648999934, 11.520403862000023 ], [ -16.198965072999954, 11.521873474000074 ], [ -16.181621551999967, 11.530673981000064 ], [ -16.176412581999955, 11.539732933000039 ], [ -16.173391341999945, 11.540473938000048 ], [ -16.169631957999968, 11.538925171000074 ], [ -16.168624877999946, 11.534570694000024 ], [ -16.170139312999936, 11.527643204000071 ] ], [ [ -15.943078040999978, 11.522565842000063 ], [ -15.94653892499997, 11.520210266000049 ], [ -15.964349746999972, 11.525220871000045 ], [ -15.966034888999957, 11.528414726000051 ], [ -15.962085723999962, 11.543662071000028 ], [ -15.957857131999958, 11.541888237000023 ], [ -15.950958251999964, 11.533715248000021 ], [ -15.943650245999947, 11.528998375000072 ], [ -15.941723823999951, 11.525347710000062 ], [ -15.943078040999978, 11.522565842000063 ] ], [ [ -15.870726584999943, 11.549231529000053 ], [ -15.87770080599995, 11.547743797000066 ], [ -15.879618644999937, 11.550934792000021 ], [ -15.877808570999946, 11.554413795000073 ], [ -15.871559142999956, 11.557501793000029 ], [ -15.868751525999926, 11.557085037000036 ], [ -15.867312430999959, 11.554576874000077 ], [ -15.870726584999943, 11.549231529000053 ] ], [ [ -15.990939139999966, 11.525029182000026 ], [ -16.003713607999941, 11.521604538000076 ], [ -16.009550094999952, 11.521971703000077 ], [ -16.015205382999966, 11.525332451000054 ], [ -16.020774840999934, 11.537667274000057 ], [ -16.019222259999935, 11.542523384000049 ], [ -16.010963439999955, 11.554145813000048 ], [ -16.002351760999943, 11.566260338000063 ], [ -15.999306678999972, 11.579652786000054 ], [ -15.996564864999982, 11.583147049000047 ], [ -15.992843627999946, 11.583896637000066 ], [ -15.988248824999971, 11.57407760600006 ], [ -15.982544898999947, 11.567725182000061 ], [ -15.977856635999956, 11.566419601000064 ], [ -15.975241660999927, 11.563469887000053 ], [ -15.975576400999955, 11.555412292000028 ], [ -15.970820426999978, 11.549965858000064 ], [ -15.975082396999937, 11.539545059000034 ], [ -15.978756904999955, 11.536035538000021 ], [ -15.987092017999942, 11.532222748000038 ], [ -15.990939139999966, 11.525029182000026 ] ], [ [ -16.279735564999953, 11.591609955000024 ], [ -16.274528502999942, 11.587326050000058 ], [ -16.267610549999972, 11.592044830000077 ], [ -16.262708663999945, 11.591897011000071 ], [ -16.257749556999954, 11.588529587000039 ], [ -16.252899169999978, 11.578027725000027 ], [ -16.256624221999971, 11.56416130100007 ], [ -16.255838393999966, 11.559342384000047 ], [ -16.248722075999979, 11.552560806000031 ], [ -16.248407363999945, 11.547964096000044 ], [ -16.250928878999957, 11.545391083000027 ], [ -16.256740569999977, 11.54414272300005 ], [ -16.270492553999929, 11.530106544000034 ], [ -16.277053832999968, 11.518490791000033 ], [ -16.279449462999935, 11.50878715500005 ], [ -16.278326034999964, 11.49799346900005 ], [ -16.282438277999972, 11.493092537000052 ], [ -16.294870376999938, 11.497022629000071 ], [ -16.304447173999961, 11.497779846000071 ], [ -16.307453155999951, 11.496347427000046 ], [ -16.312936782999941, 11.489811897000038 ], [ -16.32131385799994, 11.488750458000027 ], [ -16.332572936999952, 11.49223709100005 ], [ -16.333866118999936, 11.493383408000057 ], [ -16.342761992999954, 11.501265526000054 ], [ -16.353775023999958, 11.504067421000059 ], [ -16.373588561999952, 11.503265381000062 ], [ -16.382152556999927, 11.512550354000041 ], [ -16.385988234999957, 11.505352020000032 ], [ -16.390003203999981, 11.508043289000057 ], [ -16.396133422999981, 11.498734474000059 ], [ -16.40355300899995, 11.496305466000024 ], [ -16.409637450999981, 11.497348785000042 ], [ -16.412742614999956, 11.501436234000039 ], [ -16.419580459999963, 11.518342018000055 ], [ -16.426359176999938, 11.526082993000045 ], [ -16.427917479999962, 11.527859688000035 ], [ -16.429286956999931, 11.539110184000037 ], [ -16.408828734999929, 11.556032181000035 ], [ -16.394718169999976, 11.562719345000062 ], [ -16.379556655999977, 11.562982559000034 ], [ -16.372289657999943, 11.561037064000061 ], [ -16.365402221999943, 11.554253578000043 ], [ -16.355270385999972, 11.548675537000065 ], [ -16.339424132999966, 11.549638748000064 ], [ -16.329299926999965, 11.556222916000024 ], [ -16.323083877999977, 11.562342644000069 ], [ -16.317399978999958, 11.570722580000051 ], [ -16.294750213999976, 11.596185684000034 ], [ -16.285669326999937, 11.597260475000041 ], [ -16.281667708999976, 11.595257759000049 ], [ -16.279735564999953, 11.591609955000024 ] ], [ [ -15.885438918999967, 11.593637466000075 ], [ -15.890304564999951, 11.591491699000073 ], [ -15.893355369999938, 11.592594147000057 ], [ -15.893413543999941, 11.596274376000054 ], [ -15.889986037999961, 11.600698471000044 ], [ -15.885564803999955, 11.601457596000046 ], [ -15.884102820999942, 11.597569466000039 ], [ -15.885438918999967, 11.593637466000075 ] ], [ [ -15.937391280999975, 11.588685036000072 ], [ -15.926886558999968, 11.588389397000071 ], [ -15.922710418999941, 11.589835167000047 ], [ -15.921881675999941, 11.596290588000045 ], [ -15.916742324999973, 11.595911026000067 ], [ -15.911175727999932, 11.583574295000062 ], [ -15.908934592999969, 11.574866295000049 ], [ -15.910740851999947, 11.570294380000064 ], [ -15.913416861999963, 11.563522339000031 ], [ -15.910999297999979, 11.558270454000024 ], [ -15.907451629999969, 11.555333138000037 ], [ -15.904296874999943, 11.547790527000075 ], [ -15.903988837999975, 11.543193817000031 ], [ -15.906199454999978, 11.535567284000024 ], [ -15.910803794999936, 11.531813622000072 ], [ -15.919613837999975, 11.528455734000033 ], [ -15.924748420999947, 11.528605461000041 ], [ -15.926776885999971, 11.529902458000038 ], [ -15.943370818999938, 11.540506363000077 ], [ -15.947718619999932, 11.545832634000021 ], [ -15.98027419999994, 11.585706711000057 ], [ -15.980120658999965, 11.590540886000042 ], [ -15.977851867999959, 11.594488144000024 ], [ -15.955511092999927, 11.612326622000069 ], [ -15.952692985999931, 11.611221313000044 ], [ -15.948461532999943, 11.604111671000055 ], [ -15.940216063999969, 11.590250969000067 ], [ -15.937391280999975, 11.588685036000072 ] ], [ [ -15.490615844999979, 11.591435432000026 ], [ -15.486599921999982, 11.588041306000036 ], [ -15.481954574999975, 11.589487076000069 ], [ -15.480940818999954, 11.583980560000043 ], [ -15.482265471999938, 11.578899384000067 ], [ -15.474196433999964, 11.569581032000031 ], [ -15.482906341999978, 11.558875084000022 ], [ -15.486134528999969, 11.556299210000077 ], [ -15.496110915999964, 11.552476883000054 ], [ -15.500788688999933, 11.553331375000027 ], [ -15.505508422999981, 11.55694580100004 ], [ -15.50790500599993, 11.56128215800004 ], [ -15.515881537999974, 11.564390182000068 ], [ -15.522603034999975, 11.561304092000057 ], [ -15.526926040999967, 11.553880692000064 ], [ -15.536366462999979, 11.545465469000021 ], [ -15.541006087999961, 11.543787003000034 ], [ -15.547610282999926, 11.545743942000058 ], [ -15.559517859999971, 11.549272537000036 ], [ -15.562470435999955, 11.543940544000066 ], [ -15.558790206999959, 11.531798363000064 ], [ -15.548869132999982, 11.523427963000074 ], [ -15.546684264999953, 11.517707825000059 ], [ -15.550097465999954, 11.511907578000034 ], [ -15.566531180999959, 11.503389359000039 ], [ -15.576606749999939, 11.506464958000038 ], [ -15.585325240999964, 11.512321472000053 ], [ -15.609034537999946, 11.522330284000077 ], [ -15.61422061899998, 11.523413658000038 ], [ -15.624479293999968, 11.525558472000057 ], [ -15.633672713999943, 11.531863213000065 ], [ -15.633070945999975, 11.538313866000067 ], [ -15.61956119499996, 11.53966140700004 ], [ -15.615195273999973, 11.544096947000071 ], [ -15.611697196999955, 11.544146538000064 ], [ -15.604473113999973, 11.560127258000023 ], [ -15.597760200999971, 11.563675880000062 ], [ -15.592314719999933, 11.573877335000077 ], [ -15.586991309999974, 11.576715469000021 ], [ -15.57459068299994, 11.574363708000021 ], [ -15.563867568999967, 11.574977875000059 ], [ -15.560646056999929, 11.57801532700006 ], [ -15.557893752999973, 11.582986832000074 ], [ -15.551785468999981, 11.594017029000042 ], [ -15.543055533999961, 11.605861664000031 ], [ -15.54059028599994, 11.610051155000065 ], [ -15.528767585999958, 11.615282059000037 ], [ -15.489742278999927, 11.62733840900006 ], [ -15.484443664999958, 11.632014275000074 ], [ -15.477904319999936, 11.631646156000045 ], [ -15.473160743999927, 11.62642097500003 ], [ -15.471467017999942, 11.622303963000036 ], [ -15.474165915999947, 11.615364075000059 ], [ -15.482480048999946, 11.609495163000076 ], [ -15.490159034999976, 11.608005524000077 ], [ -15.495206832999941, 11.602184296000075 ], [ -15.490979194999966, 11.592286110000032 ], [ -15.490615844999979, 11.591435432000026 ] ], [ [ -15.61927413899997, 11.690360069000064 ], [ -15.624390601999949, 11.689134598000066 ], [ -15.626323699999944, 11.693477631000064 ], [ -15.626902579999978, 11.70083141300006 ], [ -15.623687743999938, 11.704328537000038 ], [ -15.619514464999952, 11.706231117000073 ], [ -15.612970351999934, 11.705636024000057 ], [ -15.610816955999951, 11.702216148000048 ], [ -15.615818976999947, 11.693400383000039 ], [ -15.61927413899997, 11.690360069000064 ] ], [ [ -15.873033523999936, 11.750967979000052 ], [ -15.87536334999993, 11.750701904000039 ], [ -15.880068778999942, 11.752929687000062 ], [ -15.884103774999971, 11.75701046000006 ], [ -15.883921622999935, 11.760231972000042 ], [ -15.879757880999932, 11.762597084000049 ], [ -15.868300437999949, 11.761624336000068 ], [ -15.867094039999927, 11.759112358000039 ], [ -15.868676185999959, 11.755867004000038 ], [ -15.873033523999936, 11.750967979000052 ] ], [ [ -16.007268905999979, 11.806837082000072 ], [ -16.011919021999972, 11.805614471000069 ], [ -16.015501021999967, 11.810386658000027 ], [ -16.013521193999964, 11.81777954100005 ], [ -15.997322082999972, 11.840815544000066 ], [ -15.991993903999969, 11.843431473000066 ], [ -15.986539840999967, 11.838456154000028 ], [ -15.985082625999951, 11.835028648000048 ], [ -15.986874579999949, 11.830398560000049 ], [ -15.990507125999954, 11.824129105000054 ], [ -15.997186660999944, 11.818501472000037 ], [ -16.002889632999938, 11.810358047000022 ], [ -16.007268905999979, 11.806837082000072 ] ], [ [ -15.567716598999937, 11.848241806000033 ], [ -15.57074165299997, 11.847507477000022 ], [ -15.575452804999941, 11.850200653000059 ], [ -15.577142714999979, 11.853857040000037 ], [ -15.575782775999926, 11.856637955000053 ], [ -15.57228755999995, 11.857148170000073 ], [ -15.565889358999982, 11.851028442000029 ], [ -15.567716598999937, 11.848241806000033 ] ], [ [ -15.428548812999964, 11.849976540000057 ], [ -15.436868667999931, 11.843879700000059 ], [ -15.446225165999977, 11.844900131000031 ], [ -15.449053763999927, 11.84670066800004 ], [ -15.459538459999976, 11.861048698000047 ], [ -15.455191611999965, 11.867321014000026 ], [ -15.438752173999944, 11.877212524000072 ], [ -15.42829704299993, 11.881039619000035 ], [ -15.42268562299995, 11.880657196000072 ], [ -15.421722411999951, 11.878599167000061 ], [ -15.423981666999964, 11.857172966000064 ], [ -15.428548812999964, 11.849976540000057 ] ], [ [ -15.404615401999934, 11.874694824000073 ], [ -15.416599273999964, 11.863486290000026 ], [ -15.418287276999934, 11.867144585000062 ], [ -15.417682647999982, 11.873824120000052 ], [ -15.415420531999928, 11.878916740000022 ], [ -15.404730796999957, 11.882745743000044 ], [ -15.402806281999972, 11.878860474000021 ], [ -15.404615401999934, 11.874694824000073 ] ], [ [ -15.940734862999932, 11.87944221500004 ], [ -15.947886466999933, 11.874038696000071 ], [ -15.949766158999978, 11.87469863900003 ], [ -15.949796676999938, 11.876539230000049 ], [ -15.938626288999956, 11.884286880000047 ], [ -15.937260627999933, 11.883307457000058 ], [ -15.940734862999932, 11.87944221500004 ] ], [ [ -15.994952201999979, 11.88111686700006 ], [ -16.000339507999968, 11.871237755000038 ], [ -16.006984710999973, 11.860218048000036 ], [ -16.010332107999943, 11.850731850000045 ], [ -16.011104583999952, 11.841056824000077 ], [ -16.022817611999926, 11.829135895000036 ], [ -16.028903960999969, 11.815924644000063 ], [ -16.031860351999967, 11.797240257000055 ], [ -16.040344237999932, 11.773868561000029 ], [ -16.050209044999974, 11.763355255000022 ], [ -16.05422210699993, 11.760690689000057 ], [ -16.054826735999939, 11.760290146000045 ], [ -16.059020995999958, 11.759761810000043 ], [ -16.077993392999929, 11.763366699000073 ], [ -16.090278624999939, 11.758106232000046 ], [ -16.097034453999981, 11.757306099000061 ], [ -16.098724364999953, 11.760499001000028 ], [ -16.098688125999956, 11.772233009000047 ], [ -16.101074218999941, 11.77518653900006 ], [ -16.11498641999998, 11.783241272000055 ], [ -16.131067275999953, 11.795172691000062 ], [ -16.14790153499996, 11.810080528000071 ], [ -16.15046119699997, 11.809577942000033 ], [ -16.152421950999951, 11.807357788000047 ], [ -16.146062850999954, 11.798147202000052 ], [ -16.148124694999979, 11.795813560000056 ], [ -16.156583785999942, 11.79889392900003 ], [ -16.163320540999962, 11.81051635700004 ], [ -16.166070937999962, 11.821054459000038 ], [ -16.165052413999945, 11.829813957000056 ], [ -16.169187545999932, 11.85298347500003 ], [ -16.166858672999979, 11.867056847000072 ], [ -16.160915374999945, 11.874517441000023 ], [ -16.153913497999952, 11.874862671000074 ], [ -16.145923614999958, 11.87200546300005 ], [ -16.138359069999979, 11.873593330000062 ], [ -16.134052276999967, 11.874498367000058 ], [ -16.127506255999947, 11.874146461000066 ], [ -16.115180968999937, 11.863533974000063 ], [ -16.104187011999954, 11.862563133000037 ], [ -16.092149733999975, 11.868970871000045 ], [ -16.07933425899995, 11.870789528000046 ], [ -16.059679030999973, 11.882610321000072 ], [ -16.035469054999965, 11.887601852000046 ], [ -16.032880782999939, 11.886492729000054 ], [ -16.024938582999937, 11.876555443000029 ], [ -16.020715713999948, 11.871272087000023 ], [ -16.017936706999933, 11.87269783000005 ], [ -16.019422530999975, 11.877735138000048 ], [ -16.025394439999957, 11.885693550000042 ], [ -16.025455474999944, 11.889372826000056 ], [ -16.023153304999937, 11.891478539000047 ], [ -16.009073256999955, 11.887563705000048 ], [ -15.996918677999929, 11.887066841000035 ], [ -15.994952201999979, 11.88111686700006 ] ], [ [ -15.980340957999942, 11.901594162000038 ], [ -15.98424625399997, 11.897621155000024 ], [ -16.005550384999935, 11.894992828000056 ], [ -16.034940719999952, 11.897963524000033 ], [ -16.03919601399997, 11.900885582000058 ], [ -16.03783988999993, 11.90366840400003 ], [ -16.032947539999952, 11.904437065000025 ], [ -16.011871337999935, 11.901323318000038 ], [ -15.998796462999962, 11.901762009000038 ], [ -15.984861373999934, 11.906584740000028 ], [ -15.980887412999948, 11.906417847000057 ], [ -15.979452132999938, 11.904369354000039 ], [ -15.980340957999942, 11.901594162000038 ] ], [ [ -16.259214400999952, 11.899106979000067 ], [ -16.255239486999926, 11.898943901000052 ], [ -16.248769759999959, 11.902963638000074 ], [ -16.240402221999943, 11.905405045000066 ], [ -16.237358092999955, 11.904995918000054 ], [ -16.233581542999957, 11.902758598000048 ], [ -16.21693038899997, 11.885551453000062 ], [ -16.212457656999959, 11.883555412000021 ], [ -16.20074653599994, 11.881679535000046 ], [ -16.186735152999972, 11.881912231000058 ], [ -16.185041427999977, 11.878488541000024 ], [ -16.185686110999939, 11.875256538000031 ], [ -16.187978744999953, 11.872689247000039 ], [ -16.193778991999977, 11.870521545000031 ], [ -16.201009749999969, 11.869941711000024 ], [ -16.207735061999927, 11.867068291000066 ], [ -16.21140670799997, 11.863326073000053 ], [ -16.21220397899998, 11.860024452000062 ], [ -16.213804244999949, 11.853395462000037 ], [ -16.217460631999927, 11.848731041000065 ], [ -16.235309600999926, 11.841070175000027 ], [ -16.240921020999963, 11.841435432000026 ], [ -16.247043609999935, 11.844324112000038 ], [ -16.253585814999951, 11.844444275000058 ], [ -16.25913238499993, 11.841129303000059 ], [ -16.261407851999934, 11.840887070000065 ], [ -16.264261245999933, 11.840582848000054 ], [ -16.280578612999932, 11.852041245000066 ], [ -16.291616439999927, 11.855536461000042 ], [ -16.304462432999969, 11.855546951000065 ], [ -16.31555175799997, 11.848686218000068 ], [ -16.328491210999971, 11.853986740000039 ], [ -16.339469909999934, 11.854029655000033 ], [ -16.344173430999945, 11.855789185000049 ], [ -16.343070983999951, 11.859489441000051 ], [ -16.334943770999928, 11.862159729000041 ], [ -16.325536727999975, 11.871753693000073 ], [ -16.32091522199994, 11.882579803000056 ], [ -16.315444945999957, 11.895393372000058 ], [ -16.305753707999941, 11.941803932000028 ], [ -16.305097579999938, 11.970804214000054 ], [ -16.30211830099995, 11.974076271000058 ], [ -16.295299529999966, 11.971660614000029 ], [ -16.28981018099995, 11.965082169000027 ], [ -16.281045913999947, 11.951440811000055 ], [ -16.272993087999964, 11.938907623000034 ], [ -16.265838622999979, 11.930515289000027 ], [ -16.260280608999949, 11.92692375200005 ], [ -16.249532699999975, 11.919976234000046 ], [ -16.248067855999977, 11.916319847000068 ], [ -16.249643325999955, 11.912842751000028 ], [ -16.256776809999963, 11.906741142000044 ], [ -16.259721755999976, 11.901399612000034 ], [ -16.259214400999952, 11.899106979000067 ] ], [ [ -15.179246901999932, 12.680788040000039 ], [ -15.164466857999969, 12.679609299000049 ], [ -15.151275634999934, 12.679612160000033 ], [ -15.112443923999933, 12.679618835000042 ], [ -15.102106093999964, 12.677685738000037 ], [ -15.071684836999964, 12.680619240000055 ], [ -15.057367324999973, 12.678968430000054 ], [ -15.035119056999974, 12.679950714000029 ], [ -15.022920608999982, 12.679623604000028 ], [ -15.0, 12.679005623000023 ], [ -14.942757606999976, 12.677462578000075 ], [ -14.912904741999967, 12.678254306000042 ], [ -14.912898922999943, 12.678254460000062 ], [ -14.909495353999944, 12.678344727000024 ], [ -14.902452468999968, 12.677284241000052 ], [ -14.895204543999967, 12.678754807000075 ], [ -14.894386291999979, 12.678741455000022 ], [ -14.781530379999936, 12.676712036000026 ], [ -14.766781806999973, 12.677811623000025 ], [ -14.765636443999938, 12.677808762000041 ], [ -14.636824607999927, 12.677494049000074 ], [ -14.508012771999972, 12.677119255000036 ], [ -14.379201888999944, 12.676685333000023 ], [ -14.33965004099997, 12.676539078000076 ], [ -14.317563056999973, 12.676457405000065 ], [ -14.309812545999932, 12.674928665000039 ], [ -14.309826850999968, 12.67607879600007 ], [ -14.27046966599994, 12.676948547000052 ], [ -14.251740455999936, 12.676886559000025 ], [ -14.169473647999951, 12.67659664200005 ], [ -14.159143447999952, 12.674859047000041 ], [ -14.154476165999938, 12.676515579000068 ], [ -14.123399733999975, 12.677734375000057 ], [ -14.11440181699993, 12.675991058000022 ], [ -14.087445258999935, 12.675104141000077 ], [ -14.079962729999977, 12.67655658700005 ], [ -14.00569057499996, 12.67726516700003 ], [ -13.994995116999974, 12.676142693000031 ], [ -13.991616248999946, 12.675786972000026 ], [ -13.866203307999967, 12.675831795000022 ], [ -13.86063194299993, 12.675832748000062 ], [ -13.844479571999955, 12.675975404000042 ], [ -13.823378562999949, 12.676161766000064 ], [ -13.823390006999944, 12.677310944000055 ], [ -13.804630279999969, 12.675865173000034 ], [ -13.738528251999981, 12.676114082000026 ], [ -13.709032058999981, 12.676219940000067 ], [ -13.703690528999971, 12.655563354000037 ], [ -13.70297908799995, 12.628428459000077 ], [ -13.69970989199993, 12.60361385300007 ], [ -13.696153640999967, 12.598813057000029 ], [ -13.692532538999956, 12.586881638000023 ], [ -13.692007064999927, 12.58044624300004 ], [ -13.683659553999973, 12.553533554000069 ], [ -13.683324813999945, 12.552455902000077 ], [ -13.67962932599994, 12.532013893000055 ], [ -13.677485465999951, 12.527891159000035 ], [ -13.66332721699996, 12.515817642000059 ], [ -13.656225203999952, 12.507132530000035 ], [ -13.63877391799997, 12.466332436000073 ], [ -13.636522292999928, 12.449789047000024 ], [ -13.639030456999933, 12.440683365000041 ], [ -13.63969898199997, 12.438261986000043 ], [ -13.663054465999949, 12.40540790600005 ], [ -13.662966727999958, 12.395517349000045 ], [ -13.660499572999981, 12.38127613100005 ], [ -13.656186103999971, 12.369810104000067 ], [ -13.655168532999937, 12.360617638000065 ], [ -13.661601066999935, 12.346993446000056 ], [ -13.661239623999961, 12.332505226000023 ], [ -13.659794806999969, 12.327916145000074 ], [ -13.660769462999951, 12.324286461000042 ], [ -13.663192748999961, 12.31523704500006 ], [ -13.666206359999933, 12.311991692000049 ], [ -13.684649466999929, 12.30700874300004 ], [ -13.689990996999938, 12.302594185000032 ], [ -13.692037581999955, 12.295906067000033 ], [ -13.694401740999979, 12.291276932000073 ], [ -13.699731826999937, 12.29029369400007 ], [ -13.704591750999953, 12.283814430000064 ], [ -13.709726333999981, 12.270451546000061 ], [ -13.713935851999963, 12.253607750000072 ], [ -13.719493865999937, 12.246892929000069 ], [ -13.725096702999963, 12.245698929000071 ], [ -13.732077598999979, 12.249405861000071 ], [ -13.744422912999937, 12.263722420000022 ], [ -13.755732535999982, 12.273984909000035 ], [ -13.762996673999965, 12.275307655000063 ], [ -13.767406463999976, 12.271362305000025 ], [ -13.773093223999979, 12.251993179000067 ], [ -13.778449058999968, 12.249190331000023 ], [ -13.792010306999941, 12.248851776000038 ], [ -13.804420470999958, 12.250593185000071 ], [ -13.80865573899996, 12.253549576000069 ], [ -13.798295020999944, 12.272955894000063 ], [ -13.796980857999927, 12.28354835500005 ], [ -13.797728538999934, 12.289063454000029 ], [ -13.799530982999954, 12.291674614000044 ], [ -13.801516532999926, 12.294553757000074 ], [ -13.804549216999931, 12.293378830000051 ], [ -13.809647559999974, 12.287817001000064 ], [ -13.823916434999944, 12.260557175000031 ], [ -13.829142569999931, 12.256374359000063 ], [ -13.834200858999964, 12.259782791000077 ], [ -13.835992812999962, 12.27771186800004 ], [ -13.839992522999978, 12.28043937700005 ], [ -13.846782683999947, 12.281304359000046 ], [ -13.858456611999941, 12.278906822000067 ], [ -13.865012168999954, 12.279543877000037 ], [ -13.866197585999942, 12.273052216000053 ], [ -13.864933967999946, 12.270572662000063 ], [ -13.859513282999956, 12.265786171000059 ], [ -13.855457305999948, 12.25661754600003 ], [ -13.855183600999965, 12.25201988200007 ], [ -13.857457160999957, 12.243891716000064 ], [ -13.871899604999953, 12.237848282000073 ], [ -13.899426459999972, 12.236866951000025 ], [ -13.922397613999976, 12.236044884000023 ], [ -13.929827689999968, 12.22999954200003 ], [ -13.933199882999929, 12.215564728000061 ], [ -13.940829276999978, 12.205061913000065 ], [ -13.948981284999945, 12.201541901000041 ], [ -13.956922530999975, 12.200553894000052 ], [ -13.96502494799995, 12.19151210800004 ], [ -13.964660644999981, 12.178064346000042 ], [ -13.962760924999941, 12.173818588000074 ], [ -13.95730092499997, 12.159079614000063 ], [ -13.956049918999952, 12.155702591000022 ], [ -13.948232650999955, 12.144267082000056 ], [ -13.941763877999961, 12.13591671000006 ], [ -13.931911468999942, 12.132786751000026 ], [ -13.90584754899993, 12.131288528000027 ], [ -13.90430164299994, 12.131197929000052 ], [ -13.89281654399997, 12.128541946000041 ], [ -13.88716506999998, 12.124452591000022 ], [ -13.87833881399996, 12.106358528000044 ], [ -13.871264457999928, 12.100211143000024 ], [ -13.847323417999974, 12.090532303000032 ], [ -13.843821525999942, 12.091023445000076 ], [ -13.835382461999927, 12.088797569000064 ], [ -13.821998595999958, 12.082704544000023 ], [ -13.817757606999976, 12.079291344000069 ], [ -13.814178466999977, 12.071501732000058 ], [ -13.810875892999945, 12.060909271000071 ], [ -13.807669639999972, 12.050624847000051 ], [ -13.797736167999972, 12.038289070000076 ], [ -13.791135787999963, 12.032365799000047 ], [ -13.776103972999977, 12.024673462000067 ], [ -13.713782309999942, 12.008871078000027 ], [ -13.705561637999949, 12.004339218000041 ], [ -13.705484389999981, 12.002453804000027 ], [ -13.705261229999962, 11.996980667000059 ], [ -13.712906836999935, 11.963561058000039 ], [ -13.714870452999946, 11.922137260000056 ], [ -13.719776153999931, 11.896101952000038 ], [ -13.720344542999953, 11.881374359000063 ], [ -13.719733237999947, 11.877367973000048 ], [ -13.714137076999975, 11.840709686000025 ], [ -13.711554526999976, 11.813356400000032 ], [ -13.713459968999928, 11.791486740000039 ], [ -13.71734523799995, 11.782022476000066 ], [ -13.72000694299993, 11.766357422000056 ], [ -13.715496062999932, 11.753200531000061 ], [ -13.715209960999971, 11.752365112000064 ], [ -13.713425635999954, 11.709822655000039 ], [ -13.719706534999943, 11.707239151000067 ], [ -13.729531287999976, 11.709226608000051 ], [ -13.748313903999929, 11.695034981000049 ], [ -13.759782790999964, 11.691243172000043 ], [ -13.782382010999982, 11.686463356000047 ], [ -13.784775733999936, 11.693574905000048 ], [ -13.791510581999944, 11.689609528000062 ], [ -13.794484137999973, 11.691805840000029 ], [ -13.796442985999931, 11.693251610000061 ], [ -13.802053451999939, 11.69435691800004 ], [ -13.804405211999949, 11.696408272000042 ], [ -13.805612563999944, 11.701229095000031 ], [ -13.803786277999961, 11.706074715000057 ], [ -13.806845664999969, 11.709041595000031 ], [ -13.80060386699995, 11.716222763000076 ], [ -13.80132961299995, 11.719207764000032 ], [ -13.805533408999963, 11.719634056000075 ], [ -13.811785697999937, 11.713602066000021 ], [ -13.819725036999955, 11.713997841000037 ], [ -13.826682090999952, 11.708650589000058 ], [ -13.829715728999929, 11.708625793000067 ], [ -13.836586951999948, 11.720532417000072 ], [ -13.840794562999974, 11.721187592000035 ], [ -13.842443465999963, 11.723014832000047 ], [ -13.841787337999961, 11.728080750000061 ], [ -13.836689948999947, 11.732493401000056 ], [ -13.833464621999951, 11.73758125300003 ], [ -13.833951949999971, 11.739877701000069 ], [ -13.840040206999959, 11.742128372000025 ], [ -13.845474242999956, 11.749675751000041 ], [ -13.847323417999974, 11.747589111000025 ], [ -13.849889754999936, 11.747338295000077 ], [ -13.852712630999974, 11.749846458000036 ], [ -13.859216689999926, 11.746110916000077 ], [ -13.863235473999964, 11.751829147000024 ], [ -13.867839812999932, 11.74442958800006 ], [ -13.870811461999949, 11.737273216000062 ], [ -13.868395804999977, 11.727861404000066 ], [ -13.865339278999954, 11.725356102000035 ], [ -13.85747528099995, 11.733702660000063 ], [ -13.854875564999929, 11.730044365000026 ], [ -13.854129790999934, 11.724758148000035 ], [ -13.857339858999978, 11.71805954000007 ], [ -13.860118865999937, 11.71550846100007 ], [ -13.863721847999955, 11.702158928000074 ], [ -13.866902350999965, 11.690375328000073 ], [ -13.872286796999958, 11.692171097000028 ], [ -13.879783629999963, 11.668643951000035 ], [ -13.897239684999931, 11.667961121000076 ], [ -13.901103972999977, 11.669464111000025 ], [ -13.905909537999946, 11.671333313000048 ], [ -13.92049312599994, 11.682472229000041 ], [ -13.931956290999949, 11.684897423000052 ], [ -13.935894965999978, 11.681870461000074 ], [ -13.942251204999934, 11.663409233000039 ], [ -13.95060443899996, 11.658270836000042 ], [ -13.977117537999959, 11.648363113000073 ], [ -13.991556167999931, 11.645007133000036 ], [ -13.999958991999961, 11.644927979000045 ], [ -14.005957602999956, 11.648026466000033 ], [ -14.016150474999961, 11.653285980000021 ], [ -14.028326034999964, 11.656851768000024 ], [ -14.037422179999965, 11.656074524000076 ], [ -14.06208324399995, 11.648015976000067 ], [ -14.075518607999982, 11.637993813000037 ], [ -14.08897972099993, 11.630501747000039 ], [ -14.095052718999966, 11.630902290000051 ], [ -14.108880996999972, 11.636288643000057 ], [ -14.120078086999968, 11.647190094000052 ], [ -14.137654304999955, 11.664299965000055 ], [ -14.154234885999927, 11.664823532000071 ], [ -14.176830291999977, 11.660227776000056 ], [ -14.206608771999981, 11.672348976000023 ], [ -14.216662406999944, 11.673856735000072 ], [ -14.227868079999951, 11.673742294000022 ], [ -14.237647056999947, 11.670344353000075 ], [ -14.248333930999934, 11.666630745000077 ], [ -14.25866317699996, 11.671814919000042 ], [ -14.263398169999959, 11.677746773000024 ], [ -14.268074035999973, 11.678388596000048 ], [ -14.296078681999973, 11.635538101000066 ], [ -14.319523810999954, 11.603084564000028 ], [ -14.320308684999929, 11.602676392000035 ], [ -14.405849456999931, 11.558156967000059 ], [ -14.433764457999928, 11.543628693000073 ], [ -14.477032660999953, 11.521089554000071 ], [ -14.478157996999926, 11.517626762000077 ], [ -14.480471610999928, 11.515991211000028 ], [ -14.491401671999938, 11.512877464000042 ], [ -14.516198157999952, 11.498796463000076 ], [ -14.526456832999941, 11.498220444000026 ], [ -14.548887252999975, 11.500279427000066 ], [ -14.571068763999961, 11.50231266000003 ], [ -14.57389068599997, 11.504120827000065 ], [ -14.611046790999978, 11.508982658000036 ], [ -14.635789870999929, 11.509844780000037 ], [ -14.64160346999995, 11.508396149000077 ], [ -14.658870696999941, 11.508422852000024 ], [ -14.665381431999947, 11.506735802000037 ], [ -14.673399924999956, 11.500238419000027 ], [ -14.692173957999955, 11.485022545000049 ], [ -14.703440665999949, 11.472006798000052 ], [ -14.753647803999968, 11.402430534000075 ], [ -14.768074988999956, 11.382429123000065 ], [ -14.791187536999928, 11.331639660000064 ], [ -14.791655539999965, 11.330611229000056 ], [ -14.807993888999931, 11.288464546000057 ], [ -14.815926851999961, 11.267988693000063 ], [ -14.823008536999964, 11.249710083000025 ], [ -14.862096785999938, 11.173994064000055 ], [ -14.864603042999931, 11.169137955000053 ], [ -14.922227858999975, 11.062330246000045 ], [ -14.925082206999946, 11.057033539000031 ], [ -14.926618575999953, 11.054542542000036 ], [ -14.930805205999945, 11.05925846100007 ], [ -14.932043075999957, 11.059754372000043 ], [ -14.934036254999967, 11.050132751000035 ], [ -14.931597709999949, 11.046461105000049 ], [ -14.935795783999936, 11.039646149000021 ], [ -14.952804564999951, 11.005613327000049 ], [ -14.967211722999934, 10.986104965000038 ], [ -14.975497245999975, 10.978866577000076 ], [ -14.976579665999964, 10.976479530000063 ], [ -14.979843139999957, 10.977245331000063 ], [ -14.993785857999967, 10.972732544000053 ], [ -15.0, 10.968915939000055 ], [ -15.001585959999943, 10.967941284000062 ], [ -15.009732245999942, 10.962014198000077 ], [ -15.017868041999975, 10.956094742000062 ], [ -15.027159690999952, 10.954599380000047 ], [ -15.033142089999956, 10.949234009000065 ], [ -15.038611411999966, 10.940193176000037 ], [ -15.043214797999951, 10.936224937000077 ], [ -15.054376601999934, 10.935395241000037 ], [ -15.061473845999956, 10.926334381000061 ], [ -15.079601287999935, 10.924264908000055 ], [ -15.086361884999974, 10.925099373000023 ], [ -15.090341567999928, 10.926889420000066 ], [ -15.095295905999933, 10.931886673000065 ], [ -15.096516608999934, 10.93624210400003 ], [ -15.092170714999952, 10.942048073000024 ], [ -15.080349921999982, 10.945878983000057 ], [ -15.064639090999947, 10.954818726000042 ], [ -15.049472808999951, 10.969962120000048 ], [ -15.047831534999943, 10.987006187000077 ], [ -15.034266471999956, 10.991765976000067 ], [ -15.050230979999981, 10.992495537000025 ], [ -15.054865836999966, 10.990829468000072 ], [ -15.058294295999929, 10.985954285000048 ], [ -15.057703017999927, 10.976300240000057 ], [ -15.056022643999938, 10.972410202000049 ], [ -15.056673049999972, 10.968721390000042 ], [ -15.064946174999932, 10.960567474000072 ], [ -15.075839995999956, 10.95697784400005 ], [ -15.07790756199995, 10.954881668000041 ], [ -15.086672782999926, 10.952930450000053 ], [ -15.097635268999966, 10.950489998000023 ], [ -15.107694625999954, 10.954272270000047 ], [ -15.114285468999981, 10.959709167000028 ], [ -15.116684913999961, 10.965199471000062 ], [ -15.116513251999947, 10.969801903000075 ], [ -15.107580184999961, 10.998441696000043 ], [ -15.106543540999951, 11.008116722000068 ], [ -15.110787391999963, 11.047400475000074 ], [ -15.108128547999968, 11.057555199000035 ], [ -15.104010581999944, 11.063128471000027 ], [ -15.098454474999926, 11.065500259000032 ], [ -15.093240737999963, 11.065566063000063 ], [ -15.091236114999958, 11.065591812000036 ], [ -15.07582664499995, 11.06256675700007 ], [ -15.070487021999952, 11.06378459900003 ], [ -15.067507743999954, 11.067502975000025 ], [ -15.068472861999965, 11.07002067600007 ], [ -15.071284293999952, 11.071365356000058 ], [ -15.081762313999945, 11.071232796000061 ], [ -15.084342002999961, 11.072580338000023 ], [ -15.085907935999955, 11.085442543000056 ], [ -15.085306167999931, 11.092812538000032 ], [ -15.080739974999972, 11.099770546000059 ], [ -15.078196525999942, 11.101183891000062 ], [ -15.069800376999979, 11.100370407000071 ], [ -15.062829970999928, 11.101608276000036 ], [ -15.052957534999962, 11.112544060000062 ], [ -15.046960830999978, 11.116991043000041 ], [ -15.038175582999941, 11.114831924000043 ], [ -15.036568641999963, 11.115989685000045 ], [ -15.044267653999952, 11.124846458000036 ], [ -15.046186446999968, 11.129193306000047 ], [ -15.045291900999928, 11.131964684000025 ], [ -15.04000091599994, 11.137091637000026 ], [ -15.03442954999997, 11.138542175000055 ], [ -15.022700309999948, 11.150190353000028 ], [ -15.014702796999927, 11.162252426000066 ], [ -15.011539458999948, 11.169883728000059 ], [ -15.001265525999941, 11.18611431100004 ], [ -15.0, 11.187314987000036 ], [ -14.997043609999935, 11.190120697000054 ], [ -14.993098258999964, 11.188787460000071 ], [ -14.989497184999948, 11.195002556000077 ], [ -14.989095687999964, 11.200068474000034 ], [ -14.991274833999967, 11.206481934000067 ], [ -14.994338452999955, 11.209431347000077 ], [ -14.995521544999974, 11.210570335000057 ], [ -15.0, 11.21176147500006 ], [ -15.000664710999956, 11.211936951000041 ], [ -15.006514548999974, 11.213689804000069 ], [ -15.013142585999958, 11.203910828000062 ], [ -15.025869369999953, 11.179137230000038 ], [ -15.033660888999975, 11.169146538000064 ], [ -15.041060447999939, 11.164914131000046 ], [ -15.045181273999958, 11.159341812000036 ], [ -15.048648833999948, 11.157228470000064 ], [ -15.055411338999932, 11.157833099000072 ], [ -15.058773040999938, 11.147667885000033 ], [ -15.064048766999974, 11.141390800000067 ], [ -15.068634032999967, 11.135811806000049 ], [ -15.073280333999946, 11.13483238200007 ], [ -15.078170775999979, 11.134771347000026 ], [ -15.085453986999937, 11.139510155000039 ], [ -15.092818259999945, 11.132744789000071 ], [ -15.096302985999955, 11.13201046000006 ], [ -15.103450774999942, 11.144111633000023 ], [ -15.106931685999939, 11.143147469000041 ], [ -15.108755111999926, 11.14013385800007 ], [ -15.107130050999956, 11.122900963000063 ], [ -15.110848426999951, 11.122392654000066 ], [ -15.121017455999947, 11.133765221000033 ], [ -15.124439239999958, 11.128430367000021 ], [ -15.125080108999953, 11.124051094000038 ], [ -15.118853568999953, 11.111248970000076 ], [ -15.119956969999976, 11.106633186000067 ], [ -15.120524405999959, 11.106154442000047 ], [ -15.123650550999969, 11.103512764000072 ], [ -15.126865386999953, 11.100793839000062 ], [ -15.134127616999933, 11.096551895000061 ], [ -15.151824950999981, 11.086209297000039 ], [ -15.165267943999936, 11.081434250000029 ], [ -15.210168838999948, 11.078087807000031 ], [ -15.21270465899994, 11.076214790000051 ], [ -15.228742598999929, 11.073932648000039 ], [ -15.224556922999966, 11.085068703000047 ], [ -15.222225188999971, 11.091272354000068 ], [ -15.22278881099993, 11.098396301000037 ], [ -15.218265532999965, 11.10834789300003 ], [ -15.218110112999966, 11.10999012700006 ], [ -15.218110100999979, 11.109990253000035 ], [ -15.217044829999963, 11.121246338000049 ], [ -15.203350066999974, 11.141900063000037 ], [ -15.207723617999932, 11.155185699000072 ], [ -15.209398269999951, 11.157830238000031 ], [ -15.223912238999958, 11.180739403000075 ], [ -15.228473662999932, 11.190570831000059 ], [ -15.234795134999956, 11.18415815700007 ], [ -15.242421149999927, 11.176422119000051 ], [ -15.233053206999955, 11.167735100000073 ], [ -15.231101989999956, 11.161319733000028 ], [ -15.231973647999951, 11.156937599000059 ], [ -15.241767882999966, 11.140704155000037 ], [ -15.242075919999934, 11.129198074000044 ], [ -15.245496749999973, 11.123861313000077 ], [ -15.255251883999961, 11.12189197500004 ], [ -15.269938468999953, 11.122846603000028 ], [ -15.277543067999943, 11.126156807000029 ], [ -15.278140067999971, 11.126417160000074 ], [ -15.28092193599997, 11.125459671000044 ], [ -15.282497405999948, 11.121528625000053 ], [ -15.285261153999954, 11.11919021600005 ], [ -15.287821769999937, 11.119156837000048 ], [ -15.306411742999956, 11.125478745000066 ], [ -15.314501761999963, 11.128229141000077 ], [ -15.318263053999942, 11.130708694000077 ], [ -15.318942069999935, 11.133687973000065 ], [ -15.32352256799993, 11.140392303000056 ], [ -15.330129622999948, 11.146421432000068 ], [ -15.336139678999928, 11.143119812000066 ], [ -15.343350409999971, 11.142332077000049 ], [ -15.347801207999964, 11.144111633000023 ], [ -15.350205420999941, 11.144019127000035 ], [ -15.350768088999928, 11.143998146000058 ], [ -15.357113837999975, 11.143754005000062 ], [ -15.360646247999966, 11.146466255000064 ], [ -15.369986533999963, 11.164512634000062 ], [ -15.408141135999927, 11.20976829500006 ], [ -15.42178535499994, 11.230137825000043 ], [ -15.428142547999983, 11.239627838000047 ], [ -15.427547454999967, 11.246767998000053 ], [ -15.417461394999975, 11.258410454000057 ], [ -15.412597655999946, 11.26054954500006 ], [ -15.41088033099993, 11.263863822000076 ], [ -15.408515929999965, 11.268426895000061 ], [ -15.407417296999938, 11.273042679000071 ], [ -15.412620543999935, 11.278492928000048 ], [ -15.419887542999959, 11.281382561000044 ], [ -15.424840926999934, 11.285454750000042 ], [ -15.426804542999946, 11.292329788000075 ], [ -15.42620181999996, 11.299009323000064 ], [ -15.417883872999937, 11.312187195000035 ], [ -15.413895606999972, 11.31850528700005 ], [ -15.40032482099997, 11.347449303000076 ], [ -15.398767470999928, 11.349558830000035 ], [ -15.390033721999941, 11.36139488200007 ], [ -15.380230903999973, 11.369039536000059 ], [ -15.378752707999979, 11.370192528000075 ], [ -15.377121924999926, 11.371464729000024 ], [ -15.360670089999928, 11.378591537000034 ], [ -15.356118201999948, 11.377490997000052 ], [ -15.352849006999975, 11.380786896000075 ], [ -15.350399970999945, 11.388335228000074 ], [ -15.353613852999956, 11.390650749000031 ], [ -15.355555533999961, 11.396145821000061 ], [ -15.35381698599997, 11.406488419000027 ], [ -15.359079360999942, 11.40758323700004 ], [ -15.36394119299996, 11.410508156000049 ], [ -15.365750312999978, 11.407970428000056 ], [ -15.386067389999937, 11.39388847400005 ], [ -15.398329734999948, 11.38727760300003 ], [ -15.402976035999927, 11.386062622000054 ], [ -15.41030693099998, 11.386180878000062 ], [ -15.418367385999943, 11.386310577000074 ], [ -15.423675536999951, 11.382555962000026 ], [ -15.429530143999955, 11.36821079300006 ], [ -15.434801101999938, 11.361926079000057 ], [ -15.453390120999927, 11.348959923000052 ], [ -15.459033965999936, 11.345023155000035 ], [ -15.462067603999969, 11.345211029000041 ], [ -15.465063094999948, 11.348831177000022 ], [ -15.467524528999945, 11.351805687000024 ], [ -15.47124385799998, 11.351062775000059 ], [ -15.471416472999977, 11.348760605000052 ], [ -15.472414016999949, 11.335401535000074 ], [ -15.476522445999933, 11.329363823000051 ], [ -15.479065894999962, 11.327947617000063 ], [ -15.492812156999946, 11.327523232000033 ], [ -15.497325896999939, 11.328084946000047 ], [ -15.507758140999954, 11.329381943000044 ], [ -15.514090537999948, 11.332053185000063 ], [ -15.517231940999977, 11.339600563000033 ], [ -15.515928267999982, 11.346060753000074 ], [ -15.514363288999959, 11.348278999000058 ], [ -15.503138541999931, 11.364186287000052 ], [ -15.501522063999971, 11.367838860000063 ], [ -15.499755858999947, 11.371826172000056 ], [ -15.49750232699995, 11.393024445000037 ], [ -15.492732047999937, 11.401603699000077 ], [ -15.488724708999939, 11.414543152000022 ], [ -15.482593535999968, 11.425903320000032 ], [ -15.47672653199993, 11.429151535000074 ], [ -15.468946456999959, 11.433457375000046 ], [ -15.465405463999957, 11.446390152000049 ], [ -15.47986984299996, 11.44687652600004 ], [ -15.482018470999947, 11.450297356000021 ], [ -15.484068870999977, 11.462922096000057 ], [ -15.482291221999958, 11.468929291000052 ], [ -15.473631858999966, 11.482854843000041 ], [ -15.470586776999937, 11.481977463000021 ], [ -15.467887877999942, 11.472812653000062 ], [ -15.465522765999935, 11.470544815000039 ], [ -15.46156597099997, 11.471060753000074 ], [ -15.441040038999972, 11.486991882000041 ], [ -15.436612128999968, 11.487283707000074 ], [ -15.430256843999928, 11.483230591000051 ], [ -15.427916526999979, 11.482751846000042 ], [ -15.426046370999927, 11.482369423000023 ], [ -15.421694755999965, 11.487951279000072 ], [ -15.424122809999972, 11.494588852000049 ], [ -15.423506736999968, 11.500349045000064 ], [ -15.425185203999945, 11.503546715000027 ], [ -15.423159598999973, 11.50863647500006 ], [ -15.419663428999968, 11.50891494800004 ], [ -15.41496086099994, 11.50621891000003 ], [ -15.407360076999964, 11.49666118600004 ], [ -15.400757789999943, 11.491691589000027 ], [ -15.39691352799997, 11.483922005000068 ], [ -15.392307280999944, 11.487896919000036 ], [ -15.386447905999944, 11.485906601000067 ], [ -15.384621619999962, 11.488692284000024 ], [ -15.396438598999964, 11.499572754000042 ], [ -15.399417876999962, 11.512185097000042 ], [ -15.407043456999929, 11.523353577000023 ], [ -15.408102988999929, 11.529184341000075 ], [ -15.400707244999978, 11.534890175000044 ], [ -15.39632415799997, 11.535369873000036 ], [ -15.389652251999962, 11.527222633000065 ], [ -15.386141776999978, 11.527260780000063 ], [ -15.382219314999929, 11.532897949000073 ], [ -15.379919051999934, 11.536209106000058 ], [ -15.379476546999967, 11.536846161000028 ], [ -15.377153396999972, 11.537568092000072 ], [ -15.374789237999948, 11.535300255000038 ], [ -15.367112159999976, 11.536785126000041 ], [ -15.363130568999964, 11.535689354000056 ], [ -15.365546226999982, 11.525074005000022 ], [ -15.363410949999945, 11.522573471000044 ], [ -15.358499526999935, 11.52171897900007 ], [ -15.350955962999933, 11.516070366000065 ], [ -15.345339774999957, 11.51476669300007 ], [ -15.343523025999957, 11.518241882000041 ], [ -15.348589896999954, 11.530136108000022 ], [ -15.348177909999947, 11.534052849000034 ], [ -15.34611511199995, 11.536611557000072 ], [ -15.340741157999958, 11.535994530000039 ], [ -15.338211059999935, 11.538559914000075 ], [ -15.338719367999943, 11.541543961000059 ], [ -15.347747802999947, 11.553153992000034 ], [ -15.348749160999944, 11.557971954000038 ], [ -15.346466063999969, 11.561453819000064 ], [ -15.34389972699995, 11.561488152000038 ], [ -15.333060264999972, 11.556327820000035 ], [ -15.332075118999967, 11.550146103000031 ], [ -15.329451560999928, 11.546040535000031 ], [ -15.325274466999929, 11.547706604000041 ], [ -15.324442862999945, 11.554850578000071 ], [ -15.321922301999962, 11.558105469000054 ], [ -15.316496848999975, 11.553807259000052 ], [ -15.313344001999951, 11.561902046000057 ], [ -15.31034374199993, 11.564243317000034 ], [ -15.306109427999957, 11.561768532000031 ], [ -15.303906440999981, 11.554436684000052 ], [ -15.313861846999941, 11.532217026000069 ], [ -15.312177657999939, 11.528558731000032 ], [ -15.310061454999982, 11.527437210000073 ], [ -15.30587387099996, 11.528182983000022 ], [ -15.302037238999958, 11.53743743900003 ], [ -15.29995727499994, 11.538846016000036 ], [ -15.295004844999937, 11.535001755000053 ], [ -15.287528991999977, 11.534181595000064 ], [ -15.288500785999929, 11.536929131000022 ], [ -15.291859626999951, 11.539044380000064 ], [ -15.297443389999955, 11.542561531000047 ], [ -15.299139976999982, 11.547139168000058 ], [ -15.297130584999934, 11.553607941000053 ], [ -15.294363975999943, 11.555945396000027 ], [ -15.282036780999931, 11.558641434000037 ], [ -15.285832404999951, 11.563191414000073 ], [ -15.295443534999947, 11.566514015000052 ], [ -15.297346114999982, 11.569019318000073 ], [ -15.293706893999968, 11.575739861000045 ], [ -15.295396804999939, 11.579857826000023 ], [ -15.30306625399993, 11.577684402000045 ], [ -15.306395530999964, 11.582241058000022 ], [ -15.311974524999982, 11.580785751000064 ], [ -15.315898894999975, 11.577741623000065 ], [ -15.330280303999928, 11.57179641700003 ], [ -15.335655211999949, 11.572413445000052 ], [ -15.336378097999955, 11.574013710000031 ], [ -15.334093093999968, 11.577495575000057 ], [ -15.325993537999977, 11.584215164000057 ], [ -15.321409224999968, 11.588020325000059 ], [ -15.314631461999966, 11.587191582000059 ], [ -15.312317847999964, 11.58860302000005 ], [ -15.311200141999961, 11.592069626000068 ], [ -15.306601523999973, 11.596961975000056 ], [ -15.305317878999972, 11.605261803000076 ], [ -15.303023337999946, 11.608053207000069 ], [ -15.299253463999946, 11.605343819000041 ], [ -15.296028136999951, 11.608377457000074 ], [ -15.293925284999943, 11.608175278000033 ], [ -15.291017531999955, 11.600622177000048 ], [ -15.286574363999932, 11.599761963000049 ], [ -15.285845756999947, 11.597701073000053 ], [ -15.29131698599997, 11.588425636000068 ], [ -15.289664267999967, 11.587066650000054 ], [ -15.285040854999977, 11.590119362000053 ], [ -15.282232284999964, 11.589467049000064 ], [ -15.280761718999941, 11.584424973000068 ], [ -15.276058196999941, 11.581727028000046 ], [ -15.276656150999941, 11.574357986000052 ], [ -15.27423953999994, 11.568408012000077 ], [ -15.270029067999928, 11.567543983000064 ], [ -15.265669822999939, 11.572893143000044 ], [ -15.261073111999963, 11.568549156000074 ], [ -15.25463676499993, 11.56797885900005 ], [ -15.251409530999979, 11.570781708000027 ], [ -15.252860068999951, 11.574443817000031 ], [ -15.25874233199994, 11.578046799000049 ], [ -15.260000228999957, 11.584701538000047 ], [ -15.266155242999957, 11.591061592000074 ], [ -15.258586883999953, 11.600595474000045 ], [ -15.25954818699995, 11.602652550000073 ], [ -15.262133597999934, 11.603999138000063 ], [ -15.271228789999952, 11.603647232000071 ], [ -15.27476596799994, 11.606361389000028 ], [ -15.278614043999937, 11.614592552000033 ], [ -15.282165526999961, 11.618455887000039 ], [ -15.287543296999957, 11.619073868000044 ], [ -15.289908408999963, 11.621342659000049 ], [ -15.285993575999953, 11.625076294000053 ], [ -15.282024383999953, 11.624899864000042 ], [ -15.275897025999939, 11.620610237000051 ], [ -15.270751952999944, 11.619759560000034 ], [ -15.267368316999978, 11.611290932000031 ], [ -15.263395308999975, 11.614551544000051 ], [ -15.262522696999952, 11.615266800000029 ], [ -15.257358550999982, 11.613034248000076 ], [ -15.254440307999971, 11.621356010000056 ], [ -15.250994681999941, 11.625311852000038 ], [ -15.242414473999929, 11.612312317000033 ], [ -15.239413260999982, 11.614652634000038 ], [ -15.237692832999926, 11.625256538000031 ], [ -15.234672545999956, 11.626218796000046 ], [ -15.219337462999931, 11.613997459000075 ], [ -15.219044684999972, 11.609629631000075 ], [ -15.222004889999937, 11.604298592000077 ], [ -15.233070373999965, 11.594491005000066 ], [ -15.22930335999996, 11.592009544000064 ], [ -15.220482825999966, 11.595344543000067 ], [ -15.218814849999944, 11.592838287000063 ], [ -15.219996451999975, 11.581626892000031 ], [ -15.219058989999951, 11.57649993900003 ], [ -15.216716765999934, 11.575840950000043 ], [ -15.213756560999968, 11.581171036000057 ], [ -15.211199759999943, 11.581894875000046 ], [ -15.204221724999968, 11.566342354000028 ], [ -15.202132224999957, 11.567060471000048 ], [ -15.204928397999936, 11.584048271000029 ], [ -15.203340529999934, 11.587288857000033 ], [ -15.19166755699996, 11.586751938000077 ], [ -15.190535544999932, 11.589297295000051 ], [ -15.193390845999943, 11.59340095500005 ], [ -15.202986716999931, 11.595576286000039 ], [ -15.205590247999965, 11.598302841000077 ], [ -15.203300475999981, 11.601553917000047 ], [ -15.188861846999941, 11.60358238200007 ], [ -15.185851096999954, 11.605232239000031 ], [ -15.186570167999946, 11.606603622000023 ], [ -15.195704459999945, 11.609245300000055 ], [ -15.199829101999967, 11.611757278000027 ], [ -15.206059455999934, 11.615550995000035 ], [ -15.215270041999929, 11.623712540000042 ], [ -15.217921256999944, 11.629888535000077 ], [ -15.217262267999956, 11.632889748000025 ], [ -15.21173953999994, 11.638712883000039 ], [ -15.207796096999971, 11.640375137000035 ], [ -15.201651572999936, 11.634704590000069 ], [ -15.197426795999945, 11.63291835800004 ], [ -15.196755408999934, 11.634998322000058 ], [ -15.200115203999928, 11.64185619400007 ], [ -15.197829246999959, 11.645337105000067 ], [ -15.194559096999967, 11.645149231000062 ], [ -15.183263778999958, 11.638165474000061 ], [ -15.174144744999978, 11.636902809000048 ], [ -15.170101165999938, 11.631203651000021 ], [ -15.166825293999977, 11.630556107000075 ], [ -15.159626960999958, 11.633179665000057 ], [ -15.155414580999945, 11.632313728000042 ], [ -15.150450705999958, 11.627546310000071 ], [ -15.148247718999926, 11.624230385000033 ], [ -15.143782615999953, 11.617509842000061 ], [ -15.141841887999931, 11.612013817000047 ], [ -15.145475387999966, 11.604604721000044 ], [ -15.144269942999927, 11.60162925700007 ], [ -15.14192199699994, 11.600509644000056 ], [ -15.136819838999941, 11.602875710000035 ], [ -15.129124640999976, 11.603204727000048 ], [ -15.127758979999953, 11.605752945000063 ], [ -15.133529662999933, 11.618561745000022 ], [ -15.131027221999943, 11.623424530000023 ], [ -15.126840590999961, 11.624399185000073 ], [ -15.109916686999952, 11.615182877000052 ], [ -15.092870711999979, 11.596534729000041 ], [ -15.090234755999973, 11.591277122000065 ], [ -15.093455314999972, 11.587784767000073 ], [ -15.097454070999959, 11.588998795000066 ], [ -15.107276916999979, 11.591980934000048 ], [ -15.105779647999952, 11.584637642000075 ], [ -15.10831165299993, 11.582074165000051 ], [ -15.117163657999981, 11.581041336000055 ], [ -15.123186110999939, 11.577743530000021 ], [ -15.131623267999942, 11.580625534000035 ], [ -15.14330863999993, 11.582086563000075 ], [ -15.143930434999959, 11.576327324000033 ], [ -15.136605262999979, 11.569289207000054 ], [ -15.127759932999936, 11.570783615000039 ], [ -15.12585926099996, 11.568276405000063 ], [ -15.123849868999969, 11.557490349000034 ], [ -15.128555297999981, 11.542936325000028 ], [ -15.126630782999939, 11.538588524000033 ], [ -15.122890471999938, 11.537947655000039 ], [ -15.119200705999958, 11.541214943000057 ], [ -15.118780135999941, 11.542972565000071 ], [ -15.117875098999946, 11.546752930000025 ], [ -15.118687629999954, 11.555255890000069 ], [ -15.117422103999957, 11.565394402000038 ], [ -15.113978385999928, 11.569579124000029 ], [ -15.109116553999968, 11.572402 ], [ -15.104911803999926, 11.57199573500003 ], [ -15.104099273999964, 11.563493729000072 ], [ -15.101755141999945, 11.562602997000056 ], [ -15.099906920999956, 11.564006805000076 ], [ -15.096311568999965, 11.574405670000033 ], [ -15.092627524999955, 11.578133583000067 ], [ -15.087974547999977, 11.579112053000074 ], [ -15.084915160999969, 11.577080727000066 ], [ -15.083867072999965, 11.568351746000076 ], [ -15.081018447999952, 11.564706802000046 ], [ -15.079420089999928, 11.567256927000074 ], [ -15.08075523399998, 11.580123901000036 ], [ -15.078695296999967, 11.583140373000049 ], [ -15.074741363999976, 11.584111214000075 ], [ -15.069817542999942, 11.582332611000027 ], [ -15.065317153999956, 11.57709789300003 ], [ -15.064981460999945, 11.575252533000025 ], [ -15.06355762499993, 11.567457199000046 ], [ -15.059049605999974, 11.579477310000073 ], [ -15.056507110999974, 11.581349373000023 ], [ -15.054147719999946, 11.579309464000062 ], [ -15.051816939999981, 11.561623573000077 ], [ -15.049939155999937, 11.560727119000035 ], [ -15.047657966999964, 11.564666748000036 ], [ -15.048944472999949, 11.573852539000029 ], [ -15.046707152999943, 11.581244469000069 ], [ -15.042989730999977, 11.582439423000039 ], [ -15.035746573999972, 11.581609726000067 ], [ -15.029950141999961, 11.584442139000032 ], [ -15.024214744999938, 11.573931694000066 ], [ -15.020719527999972, 11.574435234000077 ], [ -15.015233039999941, 11.583015442000033 ], [ -15.01199722299998, 11.585355759000038 ], [ -15.0, 11.584075928000061 ], [ -14.993765830999962, 11.582820892000029 ], [ -14.991879462999975, 11.581233025000074 ], [ -14.989455222999936, 11.574131966000039 ], [ -14.98685932199993, 11.571863174000043 ], [ -14.985480308999968, 11.573490143000072 ], [ -14.984900474999961, 11.582929611000054 ], [ -14.97517204299993, 11.588340759000062 ], [ -14.97613716099994, 11.590859413000032 ], [ -14.990121840999961, 11.589767456000061 ], [ -15.0, 11.592991829000027 ], [ -15.005433082999957, 11.601080894000063 ], [ -15.004780768999979, 11.604770660000042 ], [ -15.0, 11.609037399000044 ], [ -14.999477385999967, 11.609502792000058 ], [ -14.992691039999954, 11.608139992000076 ], [ -14.990612029999966, 11.609775543000069 ], [ -15.0, 11.618382454000027 ], [ -15.000764846999971, 11.619083405000026 ], [ -15.007941245999973, 11.614624023000033 ], [ -15.012302398999964, 11.609047890000056 ], [ -15.017017364999958, 11.594726562000062 ], [ -15.019781112999965, 11.591931343000056 ], [ -15.02326869999996, 11.590968132000057 ], [ -15.027757644999951, 11.595284462000052 ], [ -15.030569076999939, 11.596169472000042 ], [ -15.034989356999972, 11.595192909000048 ], [ -15.042377471999941, 11.589118958000029 ], [ -15.059160232999943, 11.58798790000003 ], [ -15.068037032999939, 11.588796616000025 ], [ -15.07026290899995, 11.589771271000075 ], [ -15.076719283999978, 11.592597961000024 ], [ -15.084738730999959, 11.599168777000045 ], [ -15.087620734999973, 11.605343819000041 ], [ -15.085568427999931, 11.609050751000041 ], [ -15.079994201999966, 11.610961914000029 ], [ -15.08052444499998, 11.615788460000033 ], [ -15.075227736999977, 11.621144295000022 ], [ -15.062435149999942, 11.624296188000073 ], [ -15.062243461999969, 11.627519608000057 ], [ -15.067888259999961, 11.630899429000067 ], [ -15.067700385999956, 11.634352684000021 ], [ -15.06308841699996, 11.638551712000037 ], [ -15.061961173999975, 11.641556740000055 ], [ -15.063411712999937, 11.645449638000059 ], [ -15.06738471999995, 11.645859718000054 ], [ -15.070614814999942, 11.643057823000049 ], [ -15.080226897999978, 11.628675461000057 ], [ -15.089665412999977, 11.618891716000064 ], [ -15.091106414999956, 11.618982315000039 ], [ -15.095737456999927, 11.619274139000026 ], [ -15.099046706999957, 11.622453690000043 ], [ -15.09981346099994, 11.627505302000031 ], [ -15.094603538999934, 11.639533997000058 ], [ -15.096037864999971, 11.64204692800007 ], [ -15.098834990999933, 11.641780853000057 ], [ -15.106906890999937, 11.634546280000052 ], [ -15.124884604999977, 11.635237694000068 ], [ -15.127260207999939, 11.638427734000061 ], [ -15.126133918999926, 11.641432762000022 ], [ -15.117992400999981, 11.643377304000069 ], [ -15.112922667999953, 11.64827346800007 ], [ -15.111850738999976, 11.655419350000045 ], [ -15.109562873999948, 11.65889930700007 ], [ -15.102330207999955, 11.658990860000074 ], [ -15.100724219999961, 11.66108226800003 ], [ -15.101479529999949, 11.665443420000031 ], [ -15.107140540999978, 11.669973373000062 ], [ -15.108185767999942, 11.678241730000025 ], [ -15.109375953999972, 11.679241180000076 ], [ -15.110074042999941, 11.679827690000025 ], [ -15.115506171999982, 11.667105675000073 ], [ -15.119418143999951, 11.662914276000038 ], [ -15.124067306999962, 11.661474228000031 ], [ -15.126111983999976, 11.657307625000044 ], [ -15.122531890999937, 11.651371956000048 ], [ -15.123424529999966, 11.648368835000042 ], [ -15.12713432299995, 11.646482468000045 ], [ -15.133106231999932, 11.639272690000041 ], [ -15.138054847999967, 11.642889977000038 ], [ -15.14267158499996, 11.639149666000037 ], [ -15.148265838999976, 11.63861846900005 ], [ -15.150638579999963, 11.641577721000033 ], [ -15.149355887999945, 11.65033721900005 ], [ -15.151428222999982, 11.648240089000069 ], [ -15.155388831999971, 11.647728920000077 ], [ -15.15915870699996, 11.65044021600005 ], [ -15.163303374999941, 11.64624595600003 ], [ -15.173338889999968, 11.646346092000044 ], [ -15.177112578999981, 11.649288177000074 ], [ -15.178795814999944, 11.652946472000053 ], [ -15.176491736999935, 11.65966510800007 ], [ -15.176101684999935, 11.660803795000049 ], [ -15.171732902999963, 11.665691376000041 ], [ -15.165031432999967, 11.670609474000059 ], [ -15.14484119399998, 11.679153442000029 ], [ -15.138847350999981, 11.684752464000042 ], [ -15.131413459999976, 11.687376976000053 ], [ -15.127498626999966, 11.691338539000071 ], [ -15.128235816999961, 11.694089890000043 ], [ -15.135489463999932, 11.695377350000058 ], [ -15.133657454999934, 11.69816112500007 ], [ -15.133704184999942, 11.701612473000068 ], [ -15.135334968999928, 11.701360703000034 ], [ -15.139502524999955, 11.699007034000033 ], [ -15.151215552999929, 11.684592247000069 ], [ -15.155643462999933, 11.684074402000022 ], [ -15.158001899999931, 11.685884476000069 ], [ -15.16142272899998, 11.697343826000065 ], [ -15.16500091599994, 11.703049660000033 ], [ -15.16851711299995, 11.704154015000029 ], [ -15.170825957999966, 11.702283859000033 ], [ -15.171475409999971, 11.698594093000054 ], [ -15.166831969999976, 11.683010101000036 ], [ -15.167223929999977, 11.677485466000064 ], [ -15.17021465299996, 11.674223900000072 ], [ -15.173471450999955, 11.673490524000044 ], [ -15.184711455999945, 11.676104546000033 ], [ -15.187249183999938, 11.674002647000066 ], [ -15.187909125999965, 11.671003342000063 ], [ -15.185428618999936, 11.66022300700007 ], [ -15.187227248999932, 11.655138016000024 ], [ -15.191162108999947, 11.652785301000051 ], [ -15.198156356999959, 11.65223407700006 ], [ -15.207324981999932, 11.65717601800003 ], [ -15.208573340999976, 11.66314125100007 ], [ -15.207320212999946, 11.673970222000037 ], [ -15.20831966399993, 11.67878913900006 ], [ -15.211327552999933, 11.676907539000069 ], [ -15.211430549999932, 11.671831131000033 ], [ -15.211467742999957, 11.670004845000051 ], [ -15.216503142999954, 11.662807465000071 ], [ -15.215724944999977, 11.657066345000032 ], [ -15.217305182999951, 11.653134346000058 ], [ -15.221486091999964, 11.651699066000049 ], [ -15.22723102599997, 11.645181656000034 ], [ -15.230260848999933, 11.644911766000064 ], [ -15.238001822999934, 11.647800446000076 ], [ -15.243065833999935, 11.642672539000046 ], [ -15.249610900999926, 11.643506050000042 ], [ -15.258863448999932, 11.637631416000033 ], [ -15.267491340999982, 11.637056351000069 ], [ -15.269875525999964, 11.640705109000066 ], [ -15.266691207999941, 11.646729469000036 ], [ -15.260922431999973, 11.651407242000062 ], [ -15.244368552999958, 11.652547836000053 ], [ -15.237859725999954, 11.65447425800005 ], [ -15.235555648999934, 11.656574249000073 ], [ -15.234663009999963, 11.659577370000022 ], [ -15.234934806999945, 11.660469055000021 ], [ -15.235640525999941, 11.662785530000065 ], [ -15.241698264999968, 11.662014961000068 ], [ -15.244989394999948, 11.663811684000052 ], [ -15.241780280999933, 11.667993546000048 ], [ -15.240730285999973, 11.676522255000066 ], [ -15.237980842999946, 11.680239677000031 ], [ -15.232181548999961, 11.68284606900005 ], [ -15.230122565999977, 11.685864449000064 ], [ -15.231360434999942, 11.691139221000071 ], [ -15.229510306999941, 11.692314148000037 ], [ -15.219466208999961, 11.691756248000047 ], [ -15.215524672999948, 11.69364833800006 ], [ -15.212767600999939, 11.696905136000055 ], [ -15.215854644999979, 11.700776100000041 ], [ -15.221474647999969, 11.702082634000021 ], [ -15.22360324899995, 11.704125404000024 ], [ -15.224590301999967, 11.708023071000071 ], [ -15.219603538999934, 11.718901634000076 ], [ -15.220646857999952, 11.726940155000023 ], [ -15.218132972999967, 11.730884552000077 ], [ -15.215827941999976, 11.732984543000043 ], [ -15.211402892999956, 11.733733177000033 ], [ -15.204362868999965, 11.731064796000055 ], [ -15.202241897999954, 11.729342461000044 ], [ -15.193505286999937, 11.722234726000067 ], [ -15.190946578999956, 11.722958565000056 ], [ -15.190044402999945, 11.725270271000056 ], [ -15.191752433999966, 11.730769157000054 ], [ -15.197202681999954, 11.736680031000049 ], [ -15.191868781999972, 11.739279747000069 ], [ -15.19449806199998, 11.743846893000068 ], [ -15.198018073999947, 11.745181084000023 ], [ -15.214333533999934, 11.743357658000036 ], [ -15.21809482599997, 11.745148659000051 ], [ -15.223887443999956, 11.75910663600007 ], [ -15.226674079999952, 11.75791931200007 ], [ -15.227806090999934, 11.755373955000039 ], [ -15.225257873999965, 11.739763260000075 ], [ -15.226589202999946, 11.734683990000065 ], [ -15.22984409299994, 11.733720779000066 ], [ -15.24292755099998, 11.734468460000073 ], [ -15.244296073999976, 11.732150078000075 ], [ -15.24407386799993, 11.731700897000053 ], [ -15.242374419999976, 11.728264809000052 ], [ -15.236003875999927, 11.723287582000069 ], [ -15.233607291999931, 11.718717575000028 ], [ -15.233068465999963, 11.713433266000038 ], [ -15.239561080999977, 11.710356712000021 ], [ -15.241150855999933, 11.707114220000051 ], [ -15.239626883999961, 11.698162079000042 ], [ -15.242396354999926, 11.695824623000021 ], [ -15.248514174999968, 11.699425697000038 ], [ -15.251194, 11.690647125000055 ], [ -15.257907866999972, 11.686647415000039 ], [ -15.260420798999974, 11.682703018000041 ], [ -15.256610869999975, 11.677231789000075 ], [ -15.261195182999927, 11.671189308000066 ], [ -15.261352538999972, 11.665665627000067 ], [ -15.263682364999966, 11.66540432000005 ], [ -15.268383979999953, 11.667873383000028 ], [ -15.27428817699996, 11.672855377000076 ], [ -15.277187346999938, 11.679948807000073 ], [ -15.275163650999957, 11.685497284000064 ], [ -15.272038459999976, 11.687662125000031 ], [ -15.260599135999939, 11.695584297000039 ], [ -15.26133346599994, 11.698104858000022 ], [ -15.263443946999928, 11.698766708000051 ], [ -15.27780437499996, 11.690753937000068 ], [ -15.279457091999973, 11.692111969000052 ], [ -15.279968261999954, 11.695325851000064 ], [ -15.274769782999954, 11.707589149000057 ], [ -15.27414607999998, 11.713120461000074 ], [ -15.276052474999972, 11.715853691000063 ], [ -15.276597976999938, 11.72159767200003 ], [ -15.269749640999976, 11.732732773000066 ], [ -15.271967887999949, 11.741215706000048 ], [ -15.274577140999952, 11.744171143000074 ], [ -15.278039931999956, 11.741363525000054 ], [ -15.280255317999945, 11.732822418000069 ], [ -15.283688544999961, 11.727945328000033 ], [ -15.282691955999951, 11.723357201000056 ], [ -15.28610324899995, 11.716870308000068 ], [ -15.28615760799994, 11.715421677000052 ], [ -15.28661346399997, 11.703289032000043 ], [ -15.288417815999935, 11.698663712000041 ], [ -15.290520667999942, 11.698865891000025 ], [ -15.296266555999978, 11.709141731000045 ], [ -15.301477431999956, 11.714593887000035 ], [ -15.307820319999962, 11.717498779000039 ], [ -15.314822196999955, 11.717404366000039 ], [ -15.315732955999977, 11.715782166000054 ], [ -15.309085845999959, 11.707818985000074 ], [ -15.300354957999957, 11.701034546000074 ], [ -15.299609183999962, 11.697823524000057 ], [ -15.299810409999964, 11.695520401000067 ], [ -15.302578925999967, 11.693182945000046 ], [ -15.314970015999961, 11.694625854000037 ], [ -15.317740439999966, 11.692519188000063 ], [ -15.316784858999938, 11.690920830000039 ], [ -15.307162284999947, 11.687140465000027 ], [ -15.294583320999948, 11.688919067000029 ], [ -15.293032645999972, 11.688360214000056 ], [ -15.289657592999959, 11.687144279000051 ], [ -15.287988662999965, 11.684636116000036 ], [ -15.287927627999977, 11.680265427000052 ], [ -15.29678630799998, 11.679456711000057 ], [ -15.297671317999971, 11.675993919000064 ], [ -15.290625571999954, 11.672866821000071 ], [ -15.287984847999951, 11.667611122000039 ], [ -15.281860351999967, 11.663552284000048 ], [ -15.279913901999976, 11.657826424000064 ], [ -15.280293464999943, 11.651609421000046 ], [ -15.283231734999958, 11.64466857900004 ], [ -15.287658690999933, 11.644148827000038 ], [ -15.30107402799996, 11.65225124400007 ], [ -15.305182456999944, 11.662319183000022 ], [ -15.310309409999945, 11.661789894000037 ], [ -15.313290595999945, 11.658068657000058 ], [ -15.30949306499997, 11.653518677000022 ], [ -15.311296462999962, 11.648893356000031 ], [ -15.308900832999939, 11.644554138000046 ], [ -15.310526847999938, 11.638440132000028 ], [ -15.312891005999973, 11.629546165000022 ], [ -15.315882682999927, 11.62651538800003 ], [ -15.318931579999969, 11.627625465000051 ], [ -15.320635795999976, 11.63266277300005 ], [ -15.319857596999952, 11.643716812000036 ], [ -15.323719977999929, 11.652867317000073 ], [ -15.323534011999982, 11.672884941000063 ], [ -15.329464911999935, 11.679706573000033 ], [ -15.336770057999956, 11.684668541000065 ], [ -15.340980529999968, 11.685302734000061 ], [ -15.343064307999953, 11.684123993000071 ], [ -15.343092068999965, 11.68406316100004 ], [ -15.34464931499997, 11.680650711000055 ], [ -15.343203544999938, 11.677450180000051 ], [ -15.335405349999974, 11.670653343000026 ], [ -15.333460807999927, 11.665159225000025 ], [ -15.335509299999956, 11.66145038600007 ], [ -15.345766067999932, 11.660620689000041 ], [ -15.346519469999976, 11.659343719000049 ], [ -15.347133635999967, 11.65830135300007 ], [ -15.345232009999961, 11.655796051000038 ], [ -15.335159301999965, 11.653171539000027 ], [ -15.33418846099994, 11.650424957000041 ], [ -15.33576869999996, 11.646721840000055 ], [ -15.334060668999939, 11.641453743000056 ], [ -15.335428237999963, 11.639134407000029 ], [ -15.344793319999951, 11.641307831000063 ], [ -15.346387862999961, 11.638525963000063 ], [ -15.341876983999953, 11.633065224000063 ], [ -15.347142219999967, 11.625862122000058 ], [ -15.346173285999953, 11.62334442100007 ], [ -15.343367576999981, 11.622922897000024 ], [ -15.334549903999971, 11.62649345400007 ], [ -15.332667350999941, 11.62536811800004 ], [ -15.333782195999959, 11.621672630000035 ], [ -15.329492568999967, 11.615288734000046 ], [ -15.330163001999949, 11.613208771000075 ], [ -15.339248656999928, 11.612165451000067 ], [ -15.34062290199995, 11.610305786000026 ], [ -15.340077399999927, 11.604792595000049 ], [ -15.347569465999982, 11.606531143000041 ], [ -15.352280616999963, 11.609687805000021 ], [ -15.35529994999996, 11.616374969000049 ], [ -15.357338904999949, 11.620892525000045 ], [ -15.372694015999969, 11.63402652700006 ], [ -15.375489234999975, 11.650092125000072 ], [ -15.380911826999977, 11.653928757000074 ], [ -15.384250458999929, 11.654931868000062 ], [ -15.386771201999977, 11.655689240000072 ], [ -15.387428283999952, 11.65268898000005 ], [ -15.392266272999962, 11.648251534000053 ], [ -15.386386870999956, 11.645111084000064 ], [ -15.384700774999942, 11.641453743000056 ], [ -15.389692306999962, 11.63149261500007 ], [ -15.387803077999934, 11.629907608000053 ], [ -15.380599975999928, 11.632077217000074 ], [ -15.38053131099997, 11.627246857000046 ], [ -15.379101752999929, 11.625196457000072 ], [ -15.375128745999973, 11.624790192000034 ], [ -15.371577262999949, 11.621157646000029 ], [ -15.373845099999926, 11.616525650000028 ], [ -15.372885703999941, 11.614698410000074 ], [ -15.368673324999975, 11.613835335000033 ], [ -15.368815421999955, 11.610179901000038 ], [ -15.369015693999927, 11.60508823400005 ], [ -15.358873366999944, 11.597403526000051 ], [ -15.355292319999933, 11.591702461000068 ], [ -15.356659888999957, 11.589382172000057 ], [ -15.35991573299998, 11.588647842000057 ], [ -15.364023388999954, 11.591900187000022 ], [ -15.370770453999967, 11.597242355000049 ], [ -15.379234313999973, 11.601726532000043 ], [ -15.389962195999942, 11.60134983100005 ], [ -15.387796401999935, 11.596778870000037 ], [ -15.387727736999977, 11.591949463000049 ], [ -15.384882926999978, 11.588766098000065 ], [ -15.375729560999957, 11.584980965000057 ], [ -15.375153541999964, 11.577396393000072 ], [ -15.379275321999955, 11.571818352000037 ], [ -15.384172439999929, 11.571751595000023 ], [ -15.391597747999981, 11.568888664000042 ], [ -15.397479056999941, 11.572258949000059 ], [ -15.401771544999974, 11.570732117000034 ], [ -15.404210090999982, 11.569865227000037 ], [ -15.406803130999947, 11.571670532000041 ], [ -15.406455039999969, 11.579957008000065 ], [ -15.411182403999931, 11.584262848000037 ], [ -15.408572985999967, 11.596930642000075 ], [ -15.407475470999941, 11.60225868200007 ], [ -15.408303260999958, 11.611220360000061 ], [ -15.41204261799993, 11.611628532000054 ], [ -15.414033889999928, 11.604008675000046 ], [ -15.416563033999978, 11.601443291000066 ], [ -15.423321723999948, 11.600889206000033 ], [ -15.42958068799993, 11.59804153400006 ], [ -15.430024146999926, 11.596425056000044 ], [ -15.42647170999993, 11.592793465000057 ], [ -15.428161620999958, 11.580575943000042 ], [ -15.421872138999959, 11.565019608000057 ], [ -15.424858092999955, 11.561757088000036 ], [ -15.431258201999981, 11.568799973000068 ], [ -15.437895774999959, 11.592174530000023 ], [ -15.44285488099996, 11.596246719000021 ], [ -15.444673537999961, 11.593000412000038 ], [ -15.443120955999973, 11.566334724000058 ], [ -15.437602996999942, 11.555828094000049 ], [ -15.429077147999976, 11.546975136000071 ], [ -15.431832313999962, 11.543945313000052 ], [ -15.43868637099996, 11.550062180000054 ], [ -15.446393012999977, 11.550644875000046 ], [ -15.449705123999934, 11.55381965600003 ], [ -15.449105262999979, 11.560729027000036 ], [ -15.450348853999969, 11.566003799000043 ], [ -15.454040526999961, 11.568036079000024 ], [ -15.45646381399996, 11.569369316000063 ], [ -15.458660125999927, 11.576009750000026 ], [ -15.464849471999969, 11.584435463000034 ], [ -15.468028068999956, 11.594513893000055 ], [ -15.467676162999965, 11.602341652000064 ], [ -15.465026854999962, 11.612731934000067 ], [ -15.462284087999933, 11.616681099000061 ], [ -15.451589583999976, 11.619360924000034 ], [ -15.447683333999976, 11.623557091000066 ], [ -15.449346541999944, 11.625603676000026 ], [ -15.457253455999933, 11.623653412000067 ], [ -15.457312583999965, 11.627793312000051 ], [ -15.452033042999972, 11.633849144000067 ], [ -15.454230308999968, 11.640490532000058 ], [ -15.451026916999979, 11.644906044000038 ], [ -15.448014258999933, 11.646328926000024 ], [ -15.443803786999979, 11.64569664000004 ], [ -15.434104918999935, 11.636589050000055 ], [ -15.431974410999942, 11.634588242000063 ], [ -15.427291869999976, 11.633502960000044 ], [ -15.426382064999927, 11.635126114000059 ], [ -15.42786788899997, 11.641087532000029 ], [ -15.431198119999976, 11.645412445000034 ], [ -15.440600394999933, 11.650113106000049 ], [ -15.44231414799998, 11.655611038000075 ], [ -15.438404082999966, 11.65957641600005 ], [ -15.428556058999959, 11.658994638000024 ], [ -15.419484137999973, 11.658458710000048 ], [ -15.415304183999979, 11.659896851000042 ], [ -15.417447089999939, 11.662858009000047 ], [ -15.427267074999975, 11.664104462000068 ], [ -15.431767463999961, 11.668641090000051 ], [ -15.431346892999954, 11.671868324000059 ], [ -15.424475669999936, 11.680935860000034 ], [ -15.421235084999978, 11.682821274000048 ], [ -15.411424636999982, 11.682266235000043 ], [ -15.408654212999977, 11.684375763000048 ], [ -15.410560607999969, 11.687109947000067 ], [ -15.417134284999975, 11.689780235000057 ], [ -15.423430442999972, 11.689462662000039 ], [ -15.42803573599997, 11.685027122000065 ], [ -15.435718535999968, 11.683770180000067 ], [ -15.441017150999926, 11.678865433000055 ], [ -15.445464133999963, 11.663619041000061 ], [ -15.453680037999959, 11.650851250000073 ], [ -15.457375525999964, 11.648268700000074 ], [ -15.467573434999963, 11.648485423000068 ], [ -15.476985930999945, 11.648685455000077 ], [ -15.488452910999968, 11.650822639000069 ], [ -15.49107646899995, 11.654697418000069 ], [ -15.486598968999942, 11.667645454000024 ], [ -15.489828109999962, 11.680941582000059 ], [ -15.498024939999937, 11.682896614000072 ], [ -15.513795852999976, 11.691876411000067 ], [ -15.515431403999969, 11.676207542000043 ], [ -15.519127845999947, 11.673624992000043 ], [ -15.532665252999948, 11.673662186000058 ], [ -15.536896705999936, 11.675672531000032 ], [ -15.538635253999928, 11.682780266000066 ], [ -15.544253348999973, 11.683850288000031 ], [ -15.547588347999977, 11.688404083000023 ], [ -15.542488097999978, 11.703604698000049 ], [ -15.542118072999926, 11.705812454000068 ], [ -15.544956206999927, 11.712117195000076 ], [ -15.55451011699995, 11.714302063000048 ], [ -15.556436538999947, 11.718416214000058 ], [ -15.555360793999967, 11.724412918000041 ], [ -15.53386211399993, 11.754398346000073 ], [ -15.529313086999935, 11.762516022000057 ], [ -15.527341842999931, 11.771286011000029 ], [ -15.52186489099995, 11.779876709000064 ], [ -15.518231391999961, 11.783256531000063 ], [ -15.490015983999967, 11.809497833000023 ], [ -15.463582992999932, 11.83407402000006 ], [ -15.456865310999945, 11.837849617000074 ], [ -15.451498031999961, 11.838154793000058 ], [ -15.443042754999965, 11.834820747000037 ], [ -15.436974524999982, 11.835136414000033 ], [ -15.432565688999944, 11.837038040000039 ], [ -15.418288230999963, 11.851039886000024 ], [ -15.391640662999976, 11.882005692000064 ], [ -15.38044357299998, 11.883079529000042 ], [ -15.368606566999972, 11.888302803000045 ], [ -15.359742164999943, 11.889113426000051 ], [ -15.352482795999947, 11.887832642000035 ], [ -15.333401679999952, 11.876358032000041 ], [ -15.316026687999965, 11.869920731000036 ], [ -15.310253142999954, 11.869430542000032 ], [ -15.301996230999976, 11.86872863800005 ], [ -15.299489656999981, 11.868866706000063 ], [ -15.285427093999942, 11.869641304000027 ], [ -15.266370772999949, 11.876566887000024 ], [ -15.260990142999958, 11.875947952000047 ], [ -15.253428458999963, 11.869606972000042 ], [ -15.247788428999968, 11.867151260000071 ], [ -15.237741469999946, 11.866823196000041 ], [ -15.227745055999947, 11.870176315000037 ], [ -15.21980857799997, 11.870510101000036 ], [ -15.202720641999974, 11.867742538000073 ], [ -15.191997527999945, 11.869263649000061 ], [ -15.187857627999961, 11.872041702000047 ], [ -15.17486953699995, 11.880759239000042 ], [ -15.164248465999947, 11.889869690000069 ], [ -15.155644416999962, 11.892741203000071 ], [ -15.125797271999943, 11.896574974000032 ], [ -15.118618964999939, 11.901268005000077 ], [ -15.110321044999978, 11.90965557100003 ], [ -15.09428214999997, 11.933325768000032 ], [ -15.087267875999942, 11.940414429000043 ], [ -15.083415984999931, 11.941975594000041 ], [ -15.07452869399998, 11.94116783100003 ], [ -15.05878353099996, 11.934233665000022 ], [ -15.050995826999952, 11.92811965900006 ], [ -15.029433249999954, 11.922637939000026 ], [ -15.029043197999954, 11.928624153000044 ], [ -15.031270980999977, 11.938259125000059 ], [ -15.030969875999972, 11.939279730000067 ], [ -15.029704093999953, 11.943570137000052 ], [ -15.026952743999971, 11.947514534000049 ], [ -15.022307395999974, 11.949643135000031 ], [ -15.018327712999962, 11.949002266000036 ], [ -15.024861335999958, 11.966405869000027 ], [ -15.029166918999977, 11.971250098000041 ], [ -15.031737327999963, 11.974142075000032 ], [ -15.050752639999928, 11.98103618600004 ], [ -15.05542755099998, 11.981207848000054 ], [ -15.078084945999933, 11.980692863000058 ], [ -15.085527419999949, 11.978068352000037 ], [ -15.094334601999947, 11.972665787000039 ], [ -15.119088172999966, 11.971660614000029 ], [ -15.142976760999943, 11.958471298000063 ], [ -15.15766715999996, 11.94275665300006 ], [ -15.161052703999928, 11.930171013000063 ], [ -15.17096328699995, 11.920150757000044 ], [ -15.173700332999942, 11.915283203000058 ], [ -15.176930427999935, 11.912251472000037 ], [ -15.177454947999934, 11.912094116000048 ], [ -15.185770987999945, 11.909605980000038 ], [ -15.197777747999965, 11.899326324000072 ], [ -15.202670096999952, 11.898342133000028 ], [ -15.209448813999927, 11.898713112000053 ], [ -15.236647605999963, 11.906178474000058 ], [ -15.25169563299994, 11.913342476000025 ], [ -15.26772785199995, 11.923941612000021 ], [ -15.295527457999981, 11.924030304000041 ], [ -15.299981116999959, 11.92512130700004 ], [ -15.319226264999941, 11.948099136000053 ], [ -15.332206725999981, 11.957356453000045 ], [ -15.347931861999939, 11.962434769000026 ], [ -15.366448401999946, 11.966553688000033 ], [ -15.387952804999941, 11.967179298000076 ], [ -15.389979323999967, 11.966977700000029 ], [ -15.409417151999946, 11.965044022000029 ], [ -15.419422149999946, 11.962144852000051 ], [ -15.427077292999968, 11.958357811000042 ], [ -15.445528029999934, 11.941766739000059 ], [ -15.45111370099994, 11.940309525000032 ], [ -15.467741965999949, 11.939770699000064 ], [ -15.488707541999929, 11.939090729000043 ], [ -15.50566482499994, 11.932410240000024 ], [ -15.511189460999958, 11.926810265000029 ], [ -15.519094466999945, 11.908525467000061 ], [ -15.536163329999965, 11.893786430000034 ], [ -15.541280745999927, 11.892333031000021 ], [ -15.552767753999944, 11.895159721000027 ], [ -15.554219325999952, 11.890178896000066 ], [ -15.554989814999942, 11.887535095000032 ], [ -15.572547912999937, 11.874488831000065 ], [ -15.573932647999982, 11.873458862000064 ], [ -15.585892676999947, 11.861094475000073 ], [ -15.595975875999954, 11.848294258000067 ], [ -15.602117537999959, 11.837391853000042 ], [ -15.608348845999956, 11.832469940000067 ], [ -15.617409705999933, 11.82934761000007 ], [ -15.634192466999934, 11.827261925000073 ], [ -15.639524459999961, 11.824653625000053 ], [ -15.645735740999953, 11.818580627000074 ], [ -15.658306121999942, 11.800681114000042 ], [ -15.663863181999943, 11.797608376000028 ], [ -15.666418075999957, 11.79757022900003 ], [ -15.704950332999942, 11.797000885000045 ], [ -15.726125716999945, 11.792313576000026 ], [ -15.77391529099998, 11.772500038000032 ], [ -15.787704467999959, 11.763932228000044 ], [ -15.790955543999928, 11.761911392000059 ], [ -15.794031142999927, 11.760001183000043 ], [ -15.80622386899995, 11.74854278600003 ], [ -15.812011718999941, 11.745463371000028 ], [ -15.81944847099993, 11.743279457000028 ], [ -15.826516150999964, 11.747312546000046 ], [ -15.832120894999946, 11.74745845800004 ], [ -15.835494994999976, 11.754076958000041 ], [ -15.834215163999943, 11.761689186000069 ], [ -15.829026221999982, 11.773041725000041 ], [ -15.826407432999929, 11.78458499900006 ], [ -15.819849967999971, 11.798029900000074 ], [ -15.818484134999949, 11.807147794000059 ], [ -15.818482218999975, 11.807160586000066 ], [ -15.817950248999978, 11.810711861000073 ], [ -15.815403937999974, 11.812131882000074 ], [ -15.813265799999954, 11.816431999000031 ], [ -15.819835715999943, 11.816743031000044 ], [ -15.826702117999957, 11.817068100000029 ], [ -15.840248107999969, 11.80323886900004 ], [ -15.844124793999981, 11.797427177000031 ], [ -15.850216865999982, 11.769495964000043 ], [ -15.85364818599993, 11.765070915000024 ], [ -15.867445945999975, 11.766469002000065 ], [ -15.873739242999932, 11.767517090000069 ], [ -15.890309333999937, 11.765424728000028 ], [ -15.89325523399998, 11.759857178000061 ], [ -15.896959304999939, 11.757959366000023 ], [ -15.904891967999959, 11.757607460000031 ], [ -15.909586905999959, 11.759142876000055 ], [ -15.922409057999971, 11.758022308000022 ], [ -15.936572074999958, 11.753198624000049 ], [ -15.944199561999937, 11.748476982000057 ], [ -15.946359633999975, 11.746203423000054 ], [ -15.957510947999936, 11.734463692000077 ], [ -15.961249351999982, 11.734634399000072 ], [ -15.962905883999952, 11.750252724000063 ], [ -15.965568541999971, 11.755555153000046 ], [ -15.972078322999948, 11.768513680000069 ], [ -15.971487044999947, 11.775195122000071 ], [ -15.970840453999926, 11.776441574000046 ], [ -15.964871406999976, 11.787966728000072 ], [ -15.95790767699998, 11.801407814000072 ], [ -15.949631690999979, 11.809361458000069 ], [ -15.946050643999968, 11.818851471000073 ], [ -15.948675155999979, 11.822259903000031 ], [ -15.949921607999954, 11.827072144000056 ], [ -15.949566840999978, 11.833980560000043 ], [ -15.945364951999977, 11.841095924000058 ], [ -15.941613196999981, 11.847449303000076 ], [ -15.934292792999941, 11.87317562100003 ], [ -15.932998656999928, 11.877722740000024 ], [ -15.92890357999994, 11.884458542000061 ], [ -15.906275748999974, 11.90068817100007 ], [ -15.898680686999967, 11.907708168000056 ], [ -15.885013579999963, 11.929317474000072 ], [ -15.881217956999933, 11.945447922000028 ], [ -15.896390915999973, 11.950528289000033 ], [ -15.907974242999956, 11.954406738000046 ], [ -15.915442466999934, 11.956822395000074 ], [ -15.936217307999982, 11.960497856000075 ], [ -15.939069747999952, 11.94917964900003 ], [ -15.947125434999975, 11.941690445000063 ], [ -15.955453872999954, 11.936727524000048 ], [ -15.973361968999939, 11.91757965100004 ], [ -15.97962284099998, 11.914720535000072 ], [ -15.991510390999963, 11.913150787000063 ], [ -16.02424812299995, 11.915159225000025 ], [ -16.028478621999966, 11.916702271000077 ], [ -16.054931640999939, 11.919959068000026 ], [ -16.06897926299996, 11.914868355000067 ], [ -16.072428367999976, 11.913618542000052 ], [ -16.074203490999935, 11.912975311000025 ], [ -16.086462020999932, 11.905644417000076 ], [ -16.094499587999962, 11.897460937000062 ], [ -16.100105285999973, 11.883565903000033 ], [ -16.104463576999933, 11.878893852000033 ], [ -16.107709884999963, 11.877459526000052 ], [ -16.112617492999959, 11.877610207000032 ], [ -16.118265151999935, 11.88004875200005 ], [ -16.135354995999933, 11.89610385900005 ], [ -16.157703399999946, 11.905168533000051 ], [ -16.163145064999981, 11.905640602000062 ], [ -16.170572280999977, 11.906281471000057 ], [ -16.198139190999939, 11.90999221800007 ], [ -16.212743758999977, 11.913460732000033 ], [ -16.231578826999964, 11.921888351000064 ], [ -16.242441176999932, 11.928608894000035 ], [ -16.25184631299993, 11.938909531000036 ], [ -16.265346526999963, 11.969176292000043 ], [ -16.279870986999981, 11.984576225000069 ], [ -16.291410445999929, 11.989672661000043 ], [ -16.294863803999931, 11.990216679000071 ], [ -16.301956176999965, 11.991333961000066 ], [ -16.320840835999945, 11.988942146000056 ], [ -16.328582763999975, 11.990650177000077 ], [ -16.337305068999967, 11.994873047000056 ], [ -16.345886229999962, 12.004388809000034 ], [ -16.349079131999929, 12.013077736000071 ], [ -16.352098464999926, 12.03081226300003 ], [ -16.35325813299994, 12.037623405000033 ], [ -16.35640716599994, 12.04928493500006 ], [ -16.358764647999976, 12.05800533300004 ], [ -16.365880965999963, 12.06386470800004 ], [ -16.368627547999949, 12.064436913000065 ], [ -16.383243560999972, 12.067477226000051 ], [ -16.386117934999959, 12.071338654000044 ], [ -16.385732650999955, 12.075945854000054 ], [ -16.382810592999931, 12.082438469000067 ], [ -16.359931945999961, 12.110212326000067 ], [ -16.353879928999959, 12.12481021900004 ], [ -16.351211547999981, 12.14556312600007 ], [ -16.348155974999941, 12.148769379000044 ], [ -16.343408584999963, 12.153749466000022 ], [ -16.319362639999952, 12.169115067000064 ], [ -16.304996489999951, 12.176491737000049 ], [ -16.296625136999978, 12.179163933000041 ], [ -16.295303344999979, 12.179959297000039 ], [ -16.284824370999956, 12.186265945000059 ], [ -16.281326293999939, 12.186785698000051 ], [ -16.277315139999928, 12.184782982000058 ], [ -16.275356292999959, 12.17975425700007 ], [ -16.27745437599998, 12.16614437100003 ], [ -16.276700973999937, 12.163166046000072 ], [ -16.273145675999956, 12.160466194000037 ], [ -16.267999648999933, 12.160322189000055 ], [ -16.26022529599993, 12.157002449000061 ], [ -16.254848479999964, 12.157093048000036 ], [ -16.252571105999948, 12.163050652000038 ], [ -16.262704848999931, 12.165013313000031 ], [ -16.266500472999951, 12.168169975000069 ], [ -16.265804290999938, 12.181756020000023 ], [ -16.269500731999926, 12.192506790000039 ], [ -16.266212462999931, 12.204986572000053 ], [ -16.253900527999974, 12.225399017000029 ], [ -16.251211165999962, 12.229855537000049 ], [ -16.231561660999944, 12.243068695000034 ], [ -16.172740935999968, 12.277175903000057 ], [ -16.148899077999943, 12.278258324000035 ], [ -16.141696929999966, 12.279889107000031 ], [ -16.134496688999945, 12.284246445000065 ], [ -16.138407536999978, 12.291815802000031 ], [ -16.139093398999933, 12.293143272000066 ], [ -16.143026351999936, 12.290548325000032 ], [ -16.160146712999961, 12.293027878000032 ], [ -16.174167632999968, 12.292106628000056 ], [ -16.181365966999977, 12.288996696000027 ], [ -16.189090728999929, 12.289329529000042 ], [ -16.196296691999976, 12.286679268000057 ], [ -16.20611953699995, 12.286515236000071 ], [ -16.208316802999946, 12.287903786000072 ], [ -16.218509673999961, 12.286079407000045 ], [ -16.219970702999944, 12.282698631000073 ], [ -16.222450255999945, 12.281709671000044 ], [ -16.222602843999937, 12.279338837000068 ], [ -16.232776641999976, 12.272497177000048 ], [ -16.240446090999967, 12.269607544000053 ], [ -16.249212264999926, 12.262558937000051 ], [ -16.252239226999961, 12.261817932000042 ], [ -16.267414092999957, 12.246838570000023 ], [ -16.278253554999935, 12.238142967000044 ], [ -16.28012466399997, 12.238110542000072 ], [ -16.281913756999927, 12.233478546000072 ], [ -16.308605193999938, 12.208640099000036 ], [ -16.314418792999959, 12.206700325000043 ], [ -16.321935653999958, 12.208642960000077 ], [ -16.328405379999936, 12.204160690000037 ], [ -16.335159301999965, 12.20266532900007 ], [ -16.339105605999976, 12.200987816000065 ], [ -16.346614837999937, 12.189355850000027 ], [ -16.350782393999964, 12.186983109000039 ], [ -16.382209777999947, 12.187045097000066 ], [ -16.386796950999951, 12.187053680000076 ], [ -16.395219802999975, 12.190438271000062 ], [ -16.404605864999951, 12.188140869000051 ], [ -16.404775619999953, 12.185591698000053 ], [ -16.409097671999973, 12.178842545000066 ], [ -16.413034438999944, 12.176705360000028 ], [ -16.438774108999951, 12.177638054000056 ], [ -16.449016570999959, 12.175157547000026 ], [ -16.454902648999962, 12.177355766000062 ], [ -16.472660064999957, 12.176583290000053 ], [ -16.48583221399997, 12.180723190000037 ], [ -16.491271972999982, 12.184078217000035 ], [ -16.498224257999937, 12.193387985000072 ], [ -16.504524230999948, 12.21309375800007 ], [ -16.50517272899998, 12.215122223000037 ], [ -16.539094924999972, 12.253401756000073 ], [ -16.55028533899997, 12.264015198000038 ], [ -16.567033767999931, 12.271538734000046 ], [ -16.588327407999941, 12.271846771000071 ], [ -16.595857619999947, 12.274241447000065 ], [ -16.604564666999977, 12.281835556000033 ], [ -16.622734069999979, 12.297682762000022 ], [ -16.629936217999955, 12.307445526000038 ], [ -16.640661239999929, 12.317834854000068 ], [ -16.654115676999936, 12.324031830000024 ], [ -16.668689727999947, 12.337742805000062 ], [ -16.672401427999944, 12.337162971000055 ], [ -16.674436568999965, 12.334473610000032 ], [ -16.690917968999941, 12.339922905000037 ], [ -16.698421477999943, 12.340705872000058 ], [ -16.703994750999982, 12.338530540000022 ], [ -16.71574211099994, 12.32888317100003 ], [ -16.717535018999968, 12.328193665000072 ], [ -16.714017867999928, 12.333415985000045 ], [ -16.697660445999929, 12.346381187000077 ], [ -16.68002891499998, 12.354308128000071 ], [ -16.672807692999982, 12.356055260000062 ], [ -16.651725768999938, 12.355303764000041 ], [ -16.648925780999946, 12.354804993000073 ], [ -16.602632522999954, 12.346563339000056 ], [ -16.592094420999956, 12.346300125000027 ], [ -16.583440780999979, 12.346691132000046 ], [ -16.560142516999974, 12.352185249000058 ], [ -16.555974959999958, 12.354563713000061 ], [ -16.545936583999946, 12.355899811000029 ], [ -16.522611617999928, 12.353105545000062 ], [ -16.509336471999973, 12.351511955000035 ], [ -16.507190703999981, 12.349482536000039 ], [ -16.494333266999945, 12.35040760000004 ], [ -16.467769622999981, 12.356643677000022 ], [ -16.395759582999972, 12.360285759000021 ], [ -16.38989829999997, 12.360581398000022 ], [ -16.381071090999967, 12.364191055000049 ], [ -16.372547149999946, 12.371475220000036 ], [ -16.360977172999981, 12.378582954000024 ], [ -16.328712462999931, 12.393189430000064 ], [ -16.306467055999974, 12.405545235000034 ], [ -16.304178237999963, 12.408347130000038 ], [ -16.290719985999942, 12.414794922000056 ], [ -16.284494399999971, 12.419965744000024 ], [ -16.250392913999974, 12.437126160000048 ], [ -16.225851058999979, 12.452276230000052 ], [ -16.214921950999951, 12.456376076000026 ], [ -16.20135307299995, 12.457070351000027 ], [ -16.188219069999946, 12.455916405000039 ], [ -16.16915512099996, 12.450492859000065 ], [ -16.165611266999974, 12.450604439000074 ], [ -16.15324211099994, 12.450995445000046 ], [ -16.149772643999938, 12.453354836000074 ], [ -16.132457732999967, 12.454110146000062 ], [ -16.100570678999929, 12.462961197000027 ], [ -16.062715529999934, 12.469320297000024 ], [ -16.056600570999933, 12.467812538000032 ], [ -16.043252944999949, 12.467805862000034 ], [ -16.023748823999938, 12.461549223000077 ], [ -15.976091384999961, 12.446261406000076 ], [ -15.958013534999964, 12.44045925100005 ], [ -15.949102401999937, 12.439684868000029 ], [ -15.934629439999981, 12.44222164200005 ], [ -15.897211074999973, 12.444771767000077 ], [ -15.861372947999939, 12.443866730000025 ], [ -15.815139770999963, 12.437472343000024 ], [ -15.800804137999933, 12.43424892400003 ], [ -15.784635543999968, 12.433584213000074 ], [ -15.779461860999959, 12.432055473000048 ], [ -15.769595145999972, 12.432085037000036 ], [ -15.761434554999937, 12.432108879000054 ], [ -15.723584174999928, 12.426432610000063 ], [ -15.703702926999938, 12.423807144000023 ], [ -15.690358161999939, 12.423783302000061 ], [ -15.665848731999972, 12.428300858000057 ], [ -15.630908965999936, 12.439416885000071 ], [ -15.627918242999954, 12.442683220000049 ], [ -15.614437102999943, 12.448868752000067 ], [ -15.611903190999953, 12.45143795000007 ], [ -15.602353095999945, 12.456048965000036 ], [ -15.544515609999962, 12.483965874000035 ], [ -15.541983603999938, 12.486763954000025 ], [ -15.530606269999964, 12.492915154000059 ], [ -15.506386756999973, 12.501553535000028 ], [ -15.499381064999966, 12.502809525000032 ], [ -15.492191314999957, 12.507285118000027 ], [ -15.486444472999949, 12.509261131000073 ], [ -15.480800206999959, 12.511201856000071 ], [ -15.471225738999976, 12.514493942000058 ], [ -15.468704223999964, 12.517981529000053 ], [ -15.452143668999952, 12.522363663000021 ], [ -15.42962169599997, 12.535113335000062 ], [ -15.407381057999942, 12.551076889000058 ], [ -15.402087211999969, 12.557134628000028 ], [ -15.391402244999938, 12.563038826000025 ], [ -15.377753257999927, 12.573308945000065 ], [ -15.366157531999932, 12.582033157000069 ], [ -15.346070289999943, 12.601411819000077 ], [ -15.329826354999966, 12.611763 ], [ -15.28999233199994, 12.627044678000061 ], [ -15.272315024999955, 12.635802269000067 ], [ -15.268888473999937, 12.637994766000077 ], [ -15.235176085999967, 12.659550667000076 ], [ -15.194893836999938, 12.677124977000062 ], [ -15.186694144999933, 12.677236557000072 ], [ -15.179246901999932, 12.680788040000039 ] ] ] } }
]
}
