{
"type": "FeatureCollection",
"name": "niger_borders",
"crs": { "type": "name", "properties": { "name": "urn:ogc:def:crs:OGC:1.3:CRS84" } },
"features": [
{ "type": "Feature", "properties": { "ADM0_FR": "Niger (the)" }, "geometry": { "type": "MultiLineString", "coordinates": [ [ [ 6.599356003000025, 13.432272058000024 ], [ 6.579208851000033, 13.452730179000071 ], [ 6.571773052000026, 13.458356857000069 ], [ 6.564826965000066, 13.465350151000052 ], [ 6.499004364000029, 13.528334618000031 ], [ 6.451248169000053, 13.574503899000035 ], [ 6.433631897000055, 13.591983795000033 ], [ 6.421308994000071, 13.601570129000038 ], [ 6.414743900000076, 13.602809906000061 ], [ 6.412535191000075, 13.604010582000058 ], [ 6.411430836000022, 13.60461044300007 ], [ 6.344281197000043, 13.640995979000024 ], [ 6.329335213000036, 13.648319244000049 ], [ 6.314389229000028, 13.655643463000047 ], [ 6.309696674000065, 13.656394005000038 ], [ 6.30456590700004, 13.659449577000032 ], [ 6.299067974000025, 13.661199570000065 ], [ 6.283037186000058, 13.666859627000065 ], [ 6.268925667000076, 13.666582108000057 ], [ 6.263334751000059, 13.668025970000031 ], [ 6.260490894000043, 13.668760300000031 ], [ 6.225430965000044, 13.666689873000053 ], [ 6.205617905000054, 13.661890030000052 ], [ 6.195919991000039, 13.657409668000071 ], [ 6.175155163000056, 13.651701927000033 ], [ 6.156960011000024, 13.644577980000065 ], [ 6.154335499000069, 13.643971443000055 ], [ 6.149414063000052, 13.642834663000031 ], [ 6.138203144000045, 13.648489952000034 ], [ 6.134428978000074, 13.650794983000026 ], [ 6.123973846000069, 13.657179832000054 ], [ 6.08476829500006, 13.679957390000027 ], [ 6.065027237000038, 13.686805725000056 ], [ 6.04286432300006, 13.69449329400004 ], [ 6.026015759000074, 13.700904846000071 ], [ 6.007516384000041, 13.707104683000068 ], [ 5.990903854000067, 13.713740349000034 ], [ 5.982697010000038, 13.715678215000025 ], [ 5.939285562000066, 13.730243740000049 ], [ 5.939413269000056, 13.730502123000065 ], [ 5.943725586000028, 13.740112305000025 ], [ 5.939024305000032, 13.730331397000043 ], [ 5.917356968000036, 13.737601280000035 ], [ 5.88573169700004, 13.747854233000055 ], [ 5.882452965000027, 13.749041557000055 ], [ 5.844749928000056, 13.762579918000029 ], [ 5.80000209800005, 13.777339935000043 ], [ 5.753158092000035, 13.794417381000073 ], [ 5.748154163000038, 13.796644211000057 ], [ 5.741481781000061, 13.799613953000062 ], [ 5.738371771000061, 13.800996815000076 ], [ 5.735778809000067, 13.802149773000053 ], [ 5.733030796000037, 13.803380013000037 ], [ 5.627215862000071, 13.849120140000025 ], [ 5.606129169000042, 13.856929779000041 ], [ 5.583427906000054, 13.867968559000076 ], [ 5.542199825000068, 13.885383053000055 ], [ 5.540245533000075, 13.886208534000048 ], [ 5.526512146000073, 13.892009735000045 ], [ 5.511302471000022, 13.887885094000069 ], [ 5.494654179000065, 13.883370399000057 ], [ 5.486635208000052, 13.88161754600003 ], [ 5.459259987000053, 13.873849869000026 ], [ 5.454796791000035, 13.874589920000062 ], [ 5.449135780000063, 13.873270035000075 ], [ 5.444396019000067, 13.869870186000071 ], [ 5.41160011300002, 13.861009598000066 ], [ 5.354969978000042, 13.844790459000023 ], [ 5.354750694000074, 13.844551433000049 ], [ 5.339509487000043, 13.827938080000024 ], [ 5.31022596400004, 13.792830467000044 ], [ 5.293337345000054, 13.773690224000063 ], [ 5.286664009000049, 13.764789581000059 ], [ 5.270488262000072, 13.746100426000055 ], [ 5.250139236000052, 13.745527267000057 ], [ 5.233791351000036, 13.745067596000069 ], [ 5.202507019000052, 13.744440079000071 ], [ 5.200583656000049, 13.744360390000054 ], [ 5.18439197500004, 13.743689537000023 ], [ 5.179936886000064, 13.745107651000069 ], [ 5.17588710800004, 13.745597839000027 ], [ 5.171715260000042, 13.746102333000067 ], [ 5.164646149000021, 13.744560242000034 ], [ 5.147966862000033, 13.746548653000048 ], [ 5.135069370000053, 13.750572205000026 ], [ 5.128709793000041, 13.749480247000065 ], [ 5.105925083000045, 13.752442360000032 ], [ 5.089448929000071, 13.750980377000076 ], [ 5.053894997000043, 13.74623966200005 ], [ 5.030364990000066, 13.744830132000061 ], [ 5.011289120000072, 13.741780281000047 ], [ 5.001877308000076, 13.741170883000052 ], [ 5.0, 13.741390228000057 ], [ 4.987077236000061, 13.742906570000059 ], [ 4.974384785000041, 13.743700027000045 ], [ 4.944071293000036, 13.746485710000059 ], [ 4.909519196000076, 13.748609543000043 ], [ 4.898280621000026, 13.754447937000066 ], [ 4.87611103100005, 13.775309563000064 ], [ 4.87076091800003, 13.782480240000041 ], [ 4.853326797000022, 13.778940201000069 ], [ 4.830757807000055, 13.774653145000059 ], [ 4.787135601000045, 13.766366959000038 ], [ 4.773006916000043, 13.764180183000065 ], [ 4.750158787000032, 13.759759903000031 ], [ 4.742613792000043, 13.757289886000024 ], [ 4.727074146000064, 13.754879951000078 ], [ 4.698811054000032, 13.74934005700004 ], [ 4.67243385300003, 13.74448585500005 ], [ 4.626286030000074, 13.737010002000034 ], [ 4.623445034000042, 13.736255646000075 ], [ 4.616155148000075, 13.734319687000038 ], [ 4.601841153000066, 13.731201812000052 ], [ 4.600148201000025, 13.730833054000072 ], [ 4.594720840000036, 13.72964954400004 ], [ 4.583889961000068, 13.727659225000025 ], [ 4.567405224000026, 13.724329948000047 ], [ 4.563885212000059, 13.724092484000039 ], [ 4.554935932000035, 13.723489761000053 ], [ 4.550213814000074, 13.720770836000042 ], [ 4.531615257000055, 13.717681885000047 ], [ 4.480050564000067, 13.707691193000073 ], [ 4.479611397000042, 13.707056046000048 ], [ 4.478151321000041, 13.70494556400007 ], [ 4.464737892000073, 13.70343017600004 ], [ 4.459293842000022, 13.698180199000035 ], [ 4.434698105000052, 13.676739693000059 ], [ 4.411061764000067, 13.657589912000049 ], [ 4.402544022000029, 13.649140358000068 ], [ 4.349368095000045, 13.604660034000062 ], [ 4.324299812000049, 13.580220222000037 ], [ 4.321238995000044, 13.579319954000027 ], [ 4.307296276000045, 13.566993713000045 ], [ 4.295124054000041, 13.55700016000003 ], [ 4.293124676000048, 13.555358887000068 ], [ 4.248241901000029, 13.516550064000057 ], [ 4.212103367000054, 13.484127045000037 ], [ 4.197474003000025, 13.473179817000073 ], [ 4.197481155000048, 13.474329948000047 ], [ 4.181960106000076, 13.471659660000057 ], [ 4.173042774000066, 13.473320007000041 ], [ 4.130281448000062, 13.47263431500005 ], [ 4.130013943000051, 13.466659546000074 ], [ 4.127574921000075, 13.450353622000023 ], [ 4.128689289000022, 13.439544678000061 ], [ 4.129952908000064, 13.370582581000065 ], [ 4.129778385000066, 13.365645409000024 ], [ 4.128839493000044, 13.339097977000051 ], [ 4.129250050000053, 13.328289986000073 ], [ 4.129239212000073, 13.321328892000054 ], [ 4.129168400000026, 13.275843389000045 ], [ 4.129106045000071, 13.235790253000062 ], [ 4.129065514000047, 13.209912300000042 ], [ 4.128230095000049, 13.186010361000058 ], [ 4.129664898000044, 13.148302078000029 ], [ 4.127744675000031, 13.140496254000027 ], [ 4.12184, 13.108010292000074 ], [ 4.115944386000024, 13.085159302000022 ], [ 4.112102032000053, 13.068860054000027 ], [ 4.101740837000023, 13.018110275000026 ], [ 4.09962200800004, 13.009261658000071 ], [ 4.096463203000042, 12.996069908000038 ], [ 4.06810903500002, 12.95598983800005 ], [ 4.051560879000021, 12.930319786000041 ], [ 4.049681187000033, 12.929413795000073 ], [ 4.030797482000025, 12.90468215900006 ], [ 4.028567314000043, 12.900609970000062 ], [ 4.024644375000037, 12.893448830000068 ], [ 4.022537291000049, 12.889911963000031 ], [ 4.018496990000074, 12.883130074000064 ], [ 4.006469727000024, 12.868941307000057 ], [ 4.004255772000022, 12.865389824000033 ], [ 4.00032568000006, 12.859086037000054 ], [ 3.971262932000059, 12.811869621000028 ], [ 3.964877605000027, 12.800175667000076 ], [ 3.942208052000069, 12.764189720000047 ], [ 3.932326078000074, 12.755730629000027 ], [ 3.931619883000053, 12.75477027900007 ], [ 3.927609444000041, 12.749315262000039 ], [ 3.876125097000056, 12.711389542000063 ], [ 3.86649346400003, 12.705456734000052 ], [ 3.862725973000067, 12.701330185000074 ], [ 3.83885758200006, 12.68295054500004 ], [ 3.833344460000035, 12.678705215000036 ], [ 3.821321726000065, 12.670912743000031 ], [ 3.817840576000037, 12.668656349000059 ], [ 3.771068096000022, 12.63000011400004 ], [ 3.745215654000049, 12.607806206000078 ], [ 3.732294083000056, 12.597279549000064 ], [ 3.721725225000057, 12.589508057000046 ], [ 3.714433908000046, 12.581489563000048 ], [ 3.702212334000023, 12.569812775000059 ], [ 3.69587492900007, 12.565929413000049 ], [ 3.688824892000071, 12.55928993200007 ], [ 3.670648937000067, 12.543914557000051 ], [ 3.642555952000066, 12.520150185000034 ], [ 3.641324997000027, 12.503829956000061 ], [ 3.643379927000069, 12.489800453000043 ], [ 3.644232035000073, 12.467029572000058 ], [ 3.647192001000064, 12.444946289000029 ], [ 3.647330046000036, 12.434149742000045 ], [ 3.64737391500006, 12.430689812000026 ], [ 3.647659302000022, 12.425864220000051 ], [ 3.649795055000027, 12.389753342000063 ], [ 3.649723533000042, 12.37062432700003 ], [ 3.649705648000065, 12.365840912000067 ], [ 3.654019356000049, 12.330644608000057 ], [ 3.655239344000051, 12.281663895000065 ], [ 3.657529354000076, 12.268548965000036 ], [ 3.649250031000065, 12.24328994800004 ], [ 3.638824224000075, 12.206939697000053 ], [ 3.636930466000024, 12.200336456000059 ], [ 3.638063192000061, 12.190443993000031 ], [ 3.635165215000029, 12.165390968000054 ], [ 3.63437652600004, 12.14148044600006 ], [ 3.632394327000043, 12.128051645000028 ], [ 3.630780697000034, 12.117119789000071 ], [ 3.642553091000025, 12.07683658600007 ], [ 3.64717698100003, 12.063249588000076 ], [ 3.657085896000069, 12.025733948000038 ], [ 3.667938948000028, 11.991661072000056 ], [ 3.668431413000064, 11.983963558000028 ], [ 3.663879395000038, 11.984130859000061 ], [ 3.668431456000064, 11.983962881000025 ], [ 3.668821812000033, 11.977861404000066 ], [ 3.666701078000074, 11.973271370000077 ], [ 3.647235870000031, 11.953339577000065 ], [ 3.645431995000024, 11.951387405000048 ], [ 3.625425100000029, 11.92973709100005 ], [ 3.619335890000059, 11.925390244000027 ], [ 3.617670059000034, 11.916890144000035 ], [ 3.621232986000052, 11.868590355000038 ], [ 3.622575998000059, 11.852490425000042 ], [ 3.626730919000067, 11.839360237000051 ], [ 3.634174347000055, 11.831288338000036 ], [ 3.650013924000064, 11.821109772000057 ], [ 3.665852070000028, 11.810473442000045 ], [ 3.671180010000057, 11.799415588000045 ], [ 3.671396017000063, 11.79458999600007 ], [ 3.679447651000032, 11.763512611000067 ], [ 3.679194689000042, 11.758454323000024 ], [ 3.669011116000036, 11.750492096000073 ], [ 3.654611826000064, 11.739233971000033 ], [ 3.632544279000058, 11.719598770000061 ], [ 3.610127926000075, 11.702150345000064 ], [ 3.608392477000052, 11.700371742000073 ], [ 3.606263399000056, 11.698188782000045 ], [ 3.605073929000071, 11.696969986000056 ], [ 3.600804090000054, 11.700072289000047 ], [ 3.599155903000053, 11.70127010300007 ], [ 3.570249081000043, 11.717269897000051 ], [ 3.555142879000073, 11.730396271000075 ], [ 3.549798965000036, 11.737999916000035 ], [ 3.549001694000026, 11.741325378000056 ], [ 3.548418045000062, 11.74376010900005 ], [ 3.550310850000074, 11.751338005000036 ], [ 3.559461117000069, 11.765099525000039 ], [ 3.560646057000042, 11.770159721000027 ], [ 3.558566093000024, 11.776599884000063 ], [ 3.551412106000043, 11.78024005900005 ], [ 3.541422606000026, 11.779995918000054 ], [ 3.53595249600005, 11.781242039000063 ], [ 3.52630567600005, 11.783439636000026 ], [ 3.522667885000033, 11.79218959800005 ], [ 3.519669056000055, 11.804327965000027 ], [ 3.514377117000038, 11.824620247000041 ], [ 3.502963066000063, 11.83703994800004 ], [ 3.495970964000037, 11.841659546000074 ], [ 3.485036612000044, 11.854338646000031 ], [ 3.476877928000022, 11.859419823000053 ], [ 3.476026058000059, 11.859780312000055 ], [ 3.468482018000032, 11.862899780000077 ], [ 3.455161095000051, 11.85972023000005 ], [ 3.439983845000029, 11.860457420000046 ], [ 3.427391052000075, 11.866470337000067 ], [ 3.412005186000044, 11.880759239000042 ], [ 3.404769182000052, 11.883953094000049 ], [ 3.383985996000035, 11.884519577000049 ], [ 3.381638288000033, 11.88569164300003 ], [ 3.370940924000024, 11.891030312000055 ], [ 3.352031946000068, 11.887539864000075 ], [ 3.339381933000027, 11.885205269000039 ], [ 3.331644058000052, 11.886641502000032 ], [ 3.325382233000028, 11.88780403100003 ], [ 3.321868420000044, 11.885751724000045 ], [ 3.307631016000073, 11.887660027000038 ], [ 3.30205750500005, 11.894126892000031 ], [ 3.291817427000069, 11.928750038000032 ], [ 3.291024923000066, 11.931429863000062 ], [ 3.283334732000071, 11.935148239000057 ], [ 3.277508736000073, 11.93816471100007 ], [ 3.275651932000073, 11.940703392000046 ], [ 3.275228937000065, 11.943622670000025 ], [ 3.279675696000027, 11.947775703000048 ], [ 3.279287271000044, 11.945205792000024 ], [ 3.279526627000052, 11.946768815000041 ], [ 3.279691590000027, 11.947846043000027 ], [ 3.275214507000044, 11.943722255000068 ], [ 3.272485018000054, 11.962559700000043 ], [ 3.268795013000044, 11.972929955000041 ], [ 3.262531996000064, 11.982390404000057 ], [ 3.248569012000075, 11.994179726000027 ], [ 3.260565758000041, 12.011598587000037 ], [ 3.260603428000024, 12.011743546000048 ], [ 3.261755466000068, 12.01619243600004 ], [ 3.255230665000056, 12.019902229000024 ], [ 3.23520994200004, 12.036320686000067 ], [ 3.230633497000042, 12.042382240000052 ], [ 3.229117870000039, 12.04438972500003 ], [ 3.228655100000026, 12.045000076000065 ], [ 3.22475767100002, 12.050166130000036 ], [ 3.216842651000036, 12.056870461000074 ], [ 3.216524839000044, 12.057047844000067 ], [ 3.209383249000041, 12.06104278600003 ], [ 3.200547457000027, 12.069500923000021 ], [ 3.189834356000063, 12.079755783000053 ], [ 3.178915501000063, 12.094751358000053 ], [ 3.169821786000057, 12.104613611000048 ], [ 3.16891193400005, 12.105600357000071 ], [ 3.152384996000023, 12.121540070000037 ], [ 3.143296003000046, 12.128017426000042 ], [ 3.124864578000029, 12.136374474000036 ], [ 3.121127367000042, 12.140298843000039 ], [ 3.120907784000053, 12.140529633000028 ], [ 3.119997978000072, 12.146739960000048 ], [ 3.121195078000028, 12.153409958000054 ], [ 3.110924959000045, 12.157360077000021 ], [ 3.105335951000029, 12.162670135000042 ], [ 3.10581398000005, 12.165200233000064 ], [ 3.085741282000072, 12.173325539000075 ], [ 3.083779573000072, 12.174384117000045 ], [ 3.082166910000069, 12.175253868000027 ], [ 3.061244011000042, 12.18653011300006 ], [ 3.05681800800005, 12.190690041000039 ], [ 3.053335190000041, 12.196909904000051 ], [ 3.048947096000063, 12.210723877000021 ], [ 3.033423901000049, 12.224632263000046 ], [ 3.019817591000049, 12.236821175000046 ], [ 3.015117407000048, 12.251107216000037 ], [ 3.001497269000026, 12.272344589000056 ], [ 2.99565362900006, 12.275341988000037 ], [ 2.983967304000032, 12.284030914000027 ], [ 2.981400490000055, 12.285939217000077 ], [ 2.97181391700002, 12.288940430000025 ], [ 2.958488703000057, 12.294477463000021 ], [ 2.941200972000047, 12.314270020000038 ], [ 2.930965228000048, 12.324547439000071 ], [ 2.930507458000022, 12.325047830000074 ], [ 2.916431904000035, 12.339139938000073 ], [ 2.890490294000074, 12.367217064000045 ], [ 2.86664414400002, 12.38977432300004 ], [ 2.857289791000028, 12.395531654000024 ], [ 2.842399836000027, 12.402299881000033 ], [ 2.83600330400003, 12.405207634000021 ], [ 2.832494974000042, 12.407509804000028 ], [ 2.819160938000039, 12.41372966800003 ], [ 2.818860531000041, 12.413812637000035 ], [ 2.805824995000023, 12.41742038700005 ], [ 2.804916623000054, 12.417495587000076 ], [ 2.794593096000028, 12.418350220000036 ], [ 2.792252064000024, 12.416509628000028 ], [ 2.786871433000044, 12.41477489500005 ], [ 2.775166988000024, 12.411000252000065 ], [ 2.755969524000022, 12.390090942000029 ], [ 2.732929945000024, 12.362174988000049 ], [ 2.728782892000027, 12.362640381000062 ], [ 2.723381042000028, 12.355070114000057 ], [ 2.715878963000023, 12.349340439000059 ], [ 2.70527005200006, 12.318099976000042 ], [ 2.70054602600004, 12.308364868000069 ], [ 2.695822001000067, 12.298629761000029 ], [ 2.688103914000067, 12.282731056000046 ], [ 2.687706709000054, 12.282294273000048 ], [ 2.686226845000022, 12.280666351000036 ], [ 2.682013988000051, 12.279528618000029 ], [ 2.679703951000022, 12.291029930000036 ], [ 2.675976038000044, 12.296560287000034 ], [ 2.670984030000056, 12.300439835000077 ], [ 2.66943907700005, 12.30163574200003 ], [ 2.663130522000074, 12.304181099000061 ], [ 2.652835846000073, 12.303288460000033 ], [ 2.624982119000038, 12.294850349000058 ], [ 2.616564035000067, 12.295789719000027 ], [ 2.608623028000068, 12.300869942000077 ], [ 2.601836920000039, 12.299960136000038 ], [ 2.595983982000064, 12.297215462000054 ], [ 2.587802887000066, 12.299763680000069 ], [ 2.577956915000073, 12.289669037000067 ], [ 2.577330112000027, 12.288599968000028 ], [ 2.57349681900007, 12.282091141000024 ], [ 2.569986105000055, 12.280489922000072 ], [ 2.561803102000056, 12.282349586000066 ], [ 2.559175014000061, 12.281700134000062 ], [ 2.542380095000055, 12.277560234000077 ], [ 2.536059618000024, 12.274583817000064 ], [ 2.530226946000028, 12.281720161000067 ], [ 2.52251601200004, 12.285419464000029 ], [ 2.514346838000051, 12.294403076000037 ], [ 2.511071205000064, 12.293720245000031 ], [ 2.508021116000066, 12.288669586000026 ], [ 2.505661011000029, 12.277400017000048 ], [ 2.499576569000055, 12.27580738100005 ], [ 2.494419098000037, 12.268690109000033 ], [ 2.482728720000068, 12.270782471000075 ], [ 2.48000216500003, 12.270441055000049 ], [ 2.475476265000054, 12.269875526000021 ], [ 2.470101118000059, 12.27194976800007 ], [ 2.464488029000051, 12.272199631000035 ], [ 2.462368488000038, 12.270325661000072 ], [ 2.462146997000048, 12.27013015700004 ], [ 2.458615780000059, 12.257259369000053 ], [ 2.456038952000029, 12.254509926000026 ], [ 2.453525543000069, 12.254180908000023 ], [ 2.452529907000041, 12.254050255000038 ], [ 2.451945782000053, 12.25428295100005 ], [ 2.446686983000063, 12.256360054000027 ], [ 2.444190979000041, 12.25827789300007 ], [ 2.438278913000033, 12.262820244000068 ], [ 2.434552908000057, 12.263230324000062 ], [ 2.43059897400002, 12.255350113000077 ], [ 2.425458193000054, 12.251440048000063 ], [ 2.403709888000037, 12.249360085000035 ], [ 2.387346029000071, 12.242219925000029 ], [ 2.385481119000076, 12.235549927000022 ], [ 2.388070107000033, 12.218529701000023 ], [ 2.392545462000044, 12.182667732000027 ], [ 2.399828911000043, 12.142660141000022 ], [ 2.404279015000043, 12.109026020000044 ], [ 2.405325908000066, 12.106408787000021 ], [ 2.410560373000067, 12.09410779500007 ], [ 2.411345543000039, 12.087564713000063 ], [ 2.408204864000027, 12.084947481000029 ], [ 2.413177605000044, 12.083377142000074 ], [ 2.419982410000046, 12.080759909000051 ], [ 2.423384812000052, 12.078142677000073 ], [ 2.420505856000034, 12.067673747000072 ], [ 2.43123650900003, 12.056157924000047 ], [ 2.436994421000065, 12.052755522000041 ], [ 2.440396823000071, 12.048044503000028 ], [ 2.435162358000071, 12.042286592000039 ], [ 2.435685804000059, 12.039931083000056 ], [ 2.438303037000026, 12.036790404000044 ], [ 2.438041314000031, 12.032341108000026 ], [ 2.440658546000066, 12.028938706000076 ], [ 2.447986797000056, 12.025274581000076 ], [ 2.450865753000073, 12.022133902000064 ], [ 2.457408834000034, 12.015590821000046 ], [ 2.455053325000051, 12.00852429300005 ], [ 2.457670557000029, 12.005383614000039 ], [ 2.463951915000052, 12.001196042000061 ], [ 2.46447536200003, 11.993867791000071 ], [ 2.466086626000049, 11.988172531000032 ], [ 2.46589851400006, 11.986389160000044 ], [ 2.46571040200007, 11.984606743000029 ], [ 2.460943937000025, 11.979479790000028 ], [ 2.458717450000051, 11.979211289000034 ], [ 2.45557677100004, 11.983398861000069 ], [ 2.451127476000067, 11.984445754000035 ], [ 2.446464062000075, 11.982040405000077 ], [ 2.444060948000072, 11.979996459000063 ], [ 2.438041314000031, 11.976594057000057 ], [ 2.436732697000025, 11.974500271000068 ], [ 2.435685804000059, 11.969265806000067 ], [ 2.439349930000049, 11.962984448000043 ], [ 2.437517867000054, 11.956179644000031 ], [ 2.434115465000048, 11.95460930400003 ], [ 2.431235075000075, 11.955389977000038 ], [ 2.426525491000064, 11.956441367000025 ], [ 2.419720686000062, 11.95330068800007 ], [ 2.417103454000028, 11.950421732000052 ], [ 2.407866478000074, 11.949912071000028 ], [ 2.404017292000049, 11.948066223000069 ], [ 2.39781498900004, 11.945789337000065 ], [ 2.396739006000075, 11.941390038000065 ], [ 2.39523005500007, 11.935219765000056 ], [ 2.392911196000057, 11.934649467000042 ], [ 2.39055705100003, 11.934069633000036 ], [ 2.390084743000045, 11.930854797000052 ], [ 2.398478270000055, 11.920723915000053 ], [ 2.399169207000057, 11.91382408100003 ], [ 2.401968956000076, 11.911750793000067 ], [ 2.404768705000038, 11.909676552000064 ], [ 2.406164169000022, 11.905994415000066 ], [ 2.405394793000028, 11.901612282000031 ], [ 2.395828962000053, 11.912030220000076 ], [ 2.382029295000052, 11.931795120000061 ], [ 2.371741533000034, 11.941444397000055 ], [ 2.362384081000073, 11.954540253000062 ], [ 2.346709013000066, 11.976840019000065 ], [ 2.339456558000052, 11.985336304000043 ], [ 2.320735931000058, 12.010609627000065 ], [ 2.258939028000043, 12.089879990000043 ], [ 2.248636007000073, 12.102739334000034 ], [ 2.184215069000061, 12.187729836000074 ], [ 2.155156851000072, 12.224705696000058 ], [ 2.14835596100005, 12.23503971100007 ], [ 2.135467052000024, 12.249970436000069 ], [ 2.130538940000065, 12.258700371000032 ], [ 2.112018108000029, 12.281660080000051 ], [ 2.101462841000057, 12.297045708000041 ], [ 2.089504719000047, 12.311050415000068 ], [ 2.071904898000071, 12.337920189000045 ], [ 2.064868212000022, 12.346416473000033 ], [ 2.06252408000006, 12.34848022500006 ], [ 2.059466600000064, 12.352379799000062 ], [ 2.060020447000056, 12.352969170000051 ], [ 2.060600281000063, 12.353586197000027 ], [ 2.061417580000068, 12.356797218000054 ], [ 2.061913252000068, 12.358743668000045 ], [ 2.063175917000024, 12.363699913000062 ], [ 2.06762290000006, 12.369910240000024 ], [ 2.067507029000069, 12.370461464000073 ], [ 2.066220999000052, 12.376580238000031 ], [ 2.066924095000047, 12.380025864000061 ], [ 2.068005323000023, 12.380768776000025 ], [ 2.069264412000052, 12.38163471200005 ], [ 2.070670128000074, 12.389222145000076 ], [ 2.073010683000064, 12.391980171000057 ], [ 2.087986946000058, 12.395651817000044 ], [ 2.091320038000049, 12.394011497000065 ], [ 2.091729641000029, 12.393810272000053 ], [ 2.104125023000051, 12.379777908000051 ], [ 2.107400894000023, 12.379090309000048 ], [ 2.11045169800002, 12.380318642000077 ], [ 2.11062550500003, 12.380389214000047 ], [ 2.111379147000036, 12.380693436000058 ], [ 2.113253117000056, 12.38597965200006 ], [ 2.113716125000053, 12.386610985000061 ], [ 2.117466927000066, 12.391730309000025 ], [ 2.126127481000026, 12.398619652000036 ], [ 2.135020971000074, 12.401599884000063 ], [ 2.138097286000061, 12.404286385000034 ], [ 2.143448114000023, 12.408960342000057 ], [ 2.152111769000044, 12.418605804000038 ], [ 2.15515494300007, 12.419983864000073 ], [ 2.164515018000031, 12.419289589000073 ], [ 2.174112082000022, 12.424340248000021 ], [ 2.178617239000062, 12.424195290000057 ], [ 2.181601048000061, 12.424099922000039 ], [ 2.186512470000025, 12.421567917000061 ], [ 2.18991494200003, 12.421764374000077 ], [ 2.202192068000045, 12.42247390700004 ], [ 2.215523481000048, 12.414183617000049 ], [ 2.223954916000025, 12.422679901000038 ], [ 2.227231026000027, 12.422909737000055 ], [ 2.248289585000066, 12.420128822000038 ], [ 2.253199100000074, 12.415300369000022 ], [ 2.25717806800003, 12.41667079900003 ], [ 2.261163473000067, 12.42448425300006 ], [ 2.27263188400002, 12.426309586000059 ], [ 2.274272919000055, 12.428380013000037 ], [ 2.272159576000035, 12.430603027000075 ], [ 2.266875982000045, 12.436164856000062 ], [ 2.262410641000031, 12.449954987000069 ], [ 2.261220932000072, 12.463290215000029 ], [ 2.26097106900005, 12.474789619000035 ], [ 2.254404306000026, 12.484204292000072 ], [ 2.238123668000071, 12.518714388000035 ], [ 2.21642136600002, 12.525082588000032 ], [ 2.21711811800003, 12.52646997100004 ], [ 2.232082200000036, 12.554963193000049 ], [ 2.227551100000028, 12.585170530000028 ], [ 2.216312885000036, 12.593830109000066 ], [ 2.216764927000042, 12.60441017200003 ], [ 2.214412928000058, 12.611070633000054 ], [ 2.205260992000035, 12.623470306000058 ], [ 2.195647478000069, 12.630127907000031 ], [ 2.168694019000043, 12.642499924000049 ], [ 2.152194500000064, 12.649547577000021 ], [ 2.148302078000029, 12.651209831000074 ], [ 2.161094958000035, 12.657668139000066 ], [ 2.162605325000072, 12.677302908000058 ], [ 2.158074225000064, 12.687875476000045 ], [ 2.138439456000071, 12.696937677000051 ], [ 2.115783953000062, 12.705999878000057 ], [ 2.098688364000054, 12.726533890000042 ], [ 2.08458328200004, 12.716400146000069 ], [ 2.079898834000062, 12.717552185000045 ], [ 2.070998907000046, 12.72422027600004 ], [ 2.062966108000069, 12.726730347000057 ], [ 2.061393976000033, 12.727219582000032 ], [ 2.039423943000031, 12.727749825000046 ], [ 2.033682823000049, 12.72788715400003 ], [ 2.01313471800006, 12.72838211100003 ], [ 2.005169153000054, 12.730452538000065 ], [ 1.987597942000036, 12.738963127000034 ], [ 1.986292720000051, 12.738780975000054 ], [ 1.977840185000048, 12.729058266000038 ], [ 1.968029976000025, 12.717080116000034 ], [ 1.960080504000075, 12.710854530000063 ], [ 1.94886970500005, 12.697495461000074 ], [ 1.940581398000063, 12.695427310000071 ], [ 1.933029564000037, 12.693916943000033 ], [ 1.928498463000039, 12.693916943000033 ], [ 1.922456996000051, 12.680323642000076 ], [ 1.873898983000061, 12.618222237000055 ], [ 1.870152473000076, 12.618212700000072 ], [ 1.863834620000034, 12.616356850000045 ], [ 1.857979059000058, 12.616800308000052 ], [ 1.846029043000044, 12.61907005300003 ], [ 1.82881425100004, 12.624440068000069 ], [ 1.818241683000053, 12.630481535000058 ], [ 1.80464838100005, 12.638033370000073 ], [ 1.795586180000043, 12.645585204000042 ], [ 1.789544713000055, 12.650116304000051 ], [ 1.775951411000051, 12.654647405000048 ], [ 1.762358109000047, 12.669751074000033 ], [ 1.757836290000057, 12.670755922000069 ], [ 1.748764807000043, 12.672771807000061 ], [ 1.735171506000029, 12.680323642000076 ], [ 1.726109305000023, 12.689385843000025 ], [ 1.711005636000039, 12.692406576000053 ], [ 1.692881234000026, 12.705999878000057 ], [ 1.668715364000036, 12.718082813000024 ], [ 1.664184264000028, 12.725634647000049 ], [ 1.65814279600005, 12.722613913000032 ], [ 1.650590962000024, 12.728655381000067 ], [ 1.640018394000037, 12.737717582000073 ], [ 1.63699766000002, 12.736207215000036 ], [ 1.611321424000039, 12.752821250000068 ], [ 1.575072619000025, 12.776987120000058 ], [ 1.549396383000044, 12.784538954000027 ], [ 1.522209780000026, 12.802663357000029 ], [ 1.493512809000038, 12.820787759000041 ], [ 1.484991670000056, 12.825272569000049 ], [ 1.464815839000039, 12.835891427000035 ], [ 1.437629236000021, 12.850995096000077 ], [ 1.419504834000065, 12.861567664000063 ], [ 1.401380431000064, 12.87365059900003 ], [ 1.384766396000032, 12.884223167000073 ], [ 1.371173094000028, 12.887243900000044 ], [ 1.363621260000059, 12.888754267000024 ], [ 1.351538325000035, 12.89630610200004 ], [ 1.337945023000032, 12.909899403000054 ], [ 1.31226878700005, 12.923492705000058 ], [ 1.286592550000023, 12.937086007000062 ], [ 1.254874847000053, 12.952189675000056 ], [ 1.244302279000067, 12.958231142000045 ], [ 1.229198610000026, 12.962762243000043 ], [ 1.22013640900002, 12.976355545000047 ], [ 1.213765799000043, 12.97740630100003 ], [ 1.191439439000021, 12.991459213000041 ], [ 1.168783936000068, 13.000521414000048 ], [ 1.124983297000028, 13.030728751000026 ], [ 1.111389995000025, 13.036770219000061 ], [ 1.082693025000026, 13.051873887000056 ], [ 1.066078990000051, 13.057915355000034 ], [ 1.053996055000027, 13.06697755600004 ], [ 1.038892387000033, 13.076039757000046 ], [ 1.022278351000068, 13.08812269200007 ], [ 1.002643582000076, 13.097184893000076 ], [ 0.99393561200003, 13.103389271000026 ], [ 0.99393561200003, 13.134012934000054 ], [ 0.993626282000037, 13.201446860000033 ], [ 0.993316952000043, 13.205158819000076 ], [ 0.993626282000037, 13.262075527000036 ], [ 0.994244942000023, 13.313733626000044 ], [ 0.994244942000023, 13.323632184000076 ], [ 0.993316952000043, 13.374671622000051 ], [ 0.999812881000025, 13.375290282000037 ], [ 1.006618140000057, 13.374980952000044 ], [ 1.011567418000027, 13.37559961200003 ], [ 1.016826027000036, 13.369413014000031 ], [ 1.021156646000065, 13.367557034000072 ], [ 1.028714895000064, 13.366990089000069 ], [ 1.037860463000072, 13.368794354000045 ], [ 1.048377681000034, 13.368485024000051 ], [ 1.058894898000062, 13.366629044000035 ], [ 1.068793456000037, 13.361370435000026 ], [ 1.076526704000059, 13.35580249700007 ], [ 1.088590572000044, 13.348997238000038 ], [ 1.094467841000039, 13.345903939000038 ], [ 1.100035779000052, 13.343429299000036 ], [ 1.10838768800005, 13.337861360000034 ], [ 1.111790317000043, 13.337242701000037 ], [ 1.114264956000056, 13.335077391000027 ], [ 1.116430266000066, 13.333840071000054 ], [ 1.121688875000075, 13.333530741000061 ], [ 1.132206092000047, 13.336933371000043 ], [ 1.132824752000033, 13.336314711000057 ], [ 1.134062072000063, 13.337861360000034 ], [ 1.138083361000042, 13.336314711000057 ], [ 1.141485990000035, 13.335077391000027 ], [ 1.143651300000045, 13.33569605100007 ], [ 1.148909909000054, 13.332293422000077 ], [ 1.153240528000026, 13.331674762000034 ], [ 1.166232385000058, 13.328581462000045 ], [ 1.173965633000023, 13.329200122000032 ], [ 1.181389552000041, 13.328581462000045 ], [ 1.184792181000034, 13.329509452000025 ], [ 1.185410841000021, 13.331365432000041 ], [ 1.18850414000002, 13.331984092000027 ], [ 1.194381409000073, 13.331674762000034 ], [ 1.199021358000039, 13.331984092000027 ], [ 1.203970637000054, 13.332912082000064 ], [ 1.209538576000057, 13.332912082000064 ], [ 1.201495997000052, 13.368485024000051 ], [ 1.20861058600002, 13.369103684000038 ], [ 1.213869195000029, 13.368175694000058 ], [ 1.220055793000029, 13.368794354000045 ], [ 1.228407702000027, 13.368175694000058 ], [ 1.234594300000026, 13.364463735000072 ], [ 1.240780899000072, 13.359205126000063 ], [ 1.244183528000065, 13.35673048600006 ], [ 1.249442137000074, 13.352709197000024 ], [ 1.254391416000033, 13.348997238000038 ], [ 1.259031365000055, 13.345285279000052 ], [ 1.266455283000028, 13.340954660000023 ], [ 1.279152751000026, 13.349905014000058 ], [ 1.282604814000024, 13.351982117000034 ], [ 1.282974482000043, 13.352204323000024 ], [ 1.280971050000062, 13.358625412000038 ], [ 1.269155025000032, 13.373279572000058 ], [ 1.265362620000076, 13.380158424000058 ], [ 1.253450036000061, 13.393648148000068 ], [ 1.245755434000046, 13.402360916000077 ], [ 1.241758108000056, 13.403261185000076 ], [ 1.230540991000055, 13.392404556000031 ], [ 1.22164368600005, 13.387304306000033 ], [ 1.213664770000037, 13.38611602800006 ], [ 1.205530524000039, 13.389395714000045 ], [ 1.197895646000063, 13.392474174000029 ], [ 1.177909493000072, 13.39674186700006 ], [ 1.170887351000033, 13.396247864000031 ], [ 1.167344928000034, 13.395998955000039 ], [ 1.153274059000069, 13.392250061000027 ], [ 1.143640041000026, 13.393119812000066 ], [ 1.13444054100006, 13.400197029000026 ], [ 1.115815997000027, 13.412739754000029 ], [ 1.076902032000021, 13.440119743000025 ], [ 1.058802009000033, 13.442319870000063 ], [ 1.037643790000061, 13.445189476000053 ], [ 1.043602943000053, 13.470270157000073 ], [ 1.045178056000054, 13.48200988800005 ], [ 1.045015454000065, 13.484591484000077 ], [ 1.044918180000025, 13.486142159000053 ], [ 1.042297125000061, 13.49233341200005 ], [ 1.024356961000024, 13.506480217000046 ], [ 1.019139290000055, 13.514498711000044 ], [ 1.019099116000064, 13.514652252000076 ], [ 1.014810443000044, 13.531023026000071 ], [ 1.010003686000061, 13.548693657000058 ], [ 1.005950451000047, 13.55832386000003 ], [ 0.998147905000053, 13.566094398000075 ], [ 0.987774014000024, 13.571550369000022 ], [ 0.973646700000074, 13.57583999600007 ], [ 0.958576024000024, 13.580579758000056 ], [ 0.940894961000026, 13.589206696000076 ], [ 0.912775278000026, 13.612712860000045 ], [ 0.907096148000051, 13.618654251000066 ], [ 0.904296875000057, 13.622680664000029 ], [ 0.90709219200005, 13.618656482000063 ], [ 0.897423089000029, 13.62411022200007 ], [ 0.875784397000075, 13.624670029000072 ], [ 0.86215627200005, 13.625280380000049 ], [ 0.856522620000021, 13.624090195000065 ], [ 0.84641706900004, 13.623800278000033 ], [ 0.832542717000024, 13.624633789000029 ], [ 0.827357709000069, 13.626669884000023 ], [ 0.781644762000042, 13.642696381000064 ], [ 0.77944797300006, 13.654399872000056 ], [ 0.778439701000025, 13.66427993800005 ], [ 0.784488618000069, 13.673509598000066 ], [ 0.796923518000028, 13.677269936000073 ], [ 0.787718415000029, 13.68249511700003 ], [ 0.772604585000067, 13.692049980000036 ], [ 0.772598326000036, 13.69297027600004 ], [ 0.768372715000055, 13.692020416000048 ], [ 0.742035508000072, 13.69254016900004 ], [ 0.690307736000022, 13.692655563000073 ], [ 0.667728662000059, 13.693651199000044 ], [ 0.655974567000044, 13.693340302000024 ], [ 0.635518312000045, 13.693429947000027 ], [ 0.619017363000069, 13.699058533000027 ], [ 0.605298996000045, 13.709763527000064 ], [ 0.600291729000048, 13.718919754000069 ], [ 0.599734426000055, 13.730409622000025 ], [ 0.621178448000023, 13.755838394000023 ], [ 0.625575781000066, 13.765291214000058 ], [ 0.625296295000055, 13.771260262000055 ], [ 0.619368315000031, 13.777660370000035 ], [ 0.620997310000064, 13.779970169000023 ], [ 0.620477021000056, 13.786629677000064 ], [ 0.613658190000024, 13.786350250000055 ], [ 0.613213778000045, 13.778849602000037 ], [ 0.602173805000064, 13.78098011000003 ], [ 0.596683741000049, 13.783813477000024 ], [ 0.589422584000033, 13.787560463000034 ], [ 0.584662795000042, 13.794879913000045 ], [ 0.58196508900005, 13.809339523000062 ], [ 0.578173280000044, 13.812990189000061 ], [ 0.564217806000045, 13.822999954000068 ], [ 0.555006564000053, 13.827755928000045 ], [ 0.551214576000064, 13.831399918000045 ], [ 0.540372491000028, 13.83409023300004 ], [ 0.530440450000071, 13.840675354000041 ], [ 0.528496385000039, 13.844156265000038 ], [ 0.526861131000032, 13.847084045000031 ], [ 0.52623909700003, 13.866379738000035 ], [ 0.520768523000072, 13.873925209000049 ], [ 0.513352096000062, 13.879691124000033 ], [ 0.504669726000031, 13.886440277000077 ], [ 0.497348845000033, 13.88983726500004 ], [ 0.49190267900002, 13.894162178000045 ], [ 0.476477921000026, 13.910362244000055 ], [ 0.473359406000043, 13.917690277000077 ], [ 0.47161439100006, 13.929860115000054 ], [ 0.472287506000043, 13.932577133000052 ], [ 0.473437667000042, 13.937224388000061 ], [ 0.480454862000045, 13.942563057000029 ], [ 0.483209014000067, 13.951314926000066 ], [ 0.480503976000023, 13.96576976800003 ], [ 0.472559541000066, 13.958587646000069 ], [ 0.463435203000074, 13.951849937000077 ], [ 0.455213398000069, 13.949950218000026 ], [ 0.450719655000057, 13.952678680000076 ], [ 0.45057171600007, 13.954837799000074 ], [ 0.450452179000024, 13.956582069000035 ], [ 0.453405470000064, 13.96970176700006 ], [ 0.450280458000066, 13.977721214000042 ], [ 0.443404168000029, 13.983872414000075 ], [ 0.422090620000063, 13.999563217000059 ], [ 0.410461962000056, 14.010961533000057 ], [ 0.398786306000034, 14.027870178000057 ], [ 0.38746100700007, 14.059040070000037 ], [ 0.384068489000072, 14.070500374000062 ], [ 0.38432750100003, 14.095772743000055 ], [ 0.383306533000052, 14.098681450000072 ], [ 0.381914914000049, 14.102649689000032 ], [ 0.363348097000028, 14.12616539000004 ], [ 0.362866709000059, 14.12721252800003 ], [ 0.360015661000034, 14.133414268000024 ], [ 0.35734969400005, 14.139213562000066 ], [ 0.357036144000062, 14.148401260000071 ], [ 0.359237194000059, 14.166569710000033 ], [ 0.363077819000068, 14.185897827000076 ], [ 0.365055442000028, 14.188785553000059 ], [ 0.367033064000054, 14.19167232500007 ], [ 0.37814581400005, 14.214730263000035 ], [ 0.390622586000063, 14.24400711100003 ], [ 0.391339660000028, 14.264619827000047 ], [ 0.391382098000065, 14.265839577000065 ], [ 0.38227829300007, 14.283685684000034 ], [ 0.370053798000072, 14.308170319000055 ], [ 0.367354900000066, 14.320779800000025 ], [ 0.362986118000038, 14.335680008000054 ], [ 0.351794153000071, 14.349144936000073 ], [ 0.340173036000067, 14.357552528000042 ], [ 0.330713600000024, 14.361149788000034 ], [ 0.32292777300006, 14.362009048000061 ], [ 0.288967997000043, 14.364030838000076 ], [ 0.275406003000057, 14.378392220000023 ], [ 0.266576886000053, 14.390489578000029 ], [ 0.224178746000064, 14.439068794000036 ], [ 0.214639738000074, 14.449448586000074 ], [ 0.201556399000026, 14.463685036000072 ], [ 0.191291675000059, 14.477379799000062 ], [ 0.182258099000023, 14.485340118000067 ], [ 0.176769197000056, 14.492420197000058 ], [ 0.167994499000031, 14.523349762000066 ], [ 0.166250497000021, 14.533439636000026 ], [ 0.177591845000052, 14.58268642400003 ], [ 0.180018142000051, 14.601080894000063 ], [ 0.18439319700002, 14.612830162000023 ], [ 0.185300410000025, 14.618782997000039 ], [ 0.188844904000064, 14.642040253000062 ], [ 0.198722094000061, 14.723420143000055 ], [ 0.200591207000059, 14.751449585000046 ], [ 0.202436, 14.756290436000029 ], [ 0.202613503000066, 14.762720108000053 ], [ 0.196344495000062, 14.777130127000078 ], [ 0.19314369600005, 14.791569710000033 ], [ 0.190880507000031, 14.806710243000055 ], [ 0.197034895000058, 14.830869675000031 ], [ 0.204009607000046, 14.842869759000052 ], [ 0.228093788000024, 14.869245529000068 ], [ 0.234455124000021, 14.883251190000067 ], [ 0.23573620600007, 14.886071205000064 ], [ 0.23446247000004, 14.896392822000053 ], [ 0.229003802000022, 14.978083611000045 ], [ 0.229351267000027, 14.989669800000058 ], [ 0.231496900000025, 14.989812851000067 ], [ 0.268592, 14.989659309000047 ], [ 0.284436613000025, 14.987950325000043 ], [ 0.295321822000062, 14.985974312000053 ], [ 0.305249900000035, 14.985366821000071 ], [ 0.319454700000051, 14.982040405000077 ], [ 0.328179687000045, 14.980733871000041 ], [ 0.336959928000056, 14.979422569000064 ], [ 0.352585167000029, 14.975643158000025 ], [ 0.365359098000056, 14.973677635000058 ], [ 0.401775777000069, 14.969599724000034 ], [ 0.418517411000039, 14.973401070000023 ], [ 0.441375464000032, 14.980463028000031 ], [ 0.47012591400005, 14.989399910000031 ], [ 0.499599934000059, 14.996740341000077 ], [ 0.504301608000048, 15.0 ], [ 0.505425632000026, 15.0 ], [ 0.512084961000028, 15.001423836000072 ], [ 0.513870716000042, 15.0 ], [ 0.537763417000065, 14.980949402000022 ], [ 0.560190022000029, 14.98318004600003 ], [ 0.572739482000031, 14.979590416000065 ], [ 0.588583112000038, 14.977640152000049 ], [ 0.594041228000037, 14.974464417000036 ], [ 0.609376729000076, 14.970224380000047 ], [ 0.619832277000057, 14.96913528400006 ], [ 0.627890229000059, 14.965749741000025 ], [ 0.642568886000049, 14.961489677000031 ], [ 0.659833610000021, 14.958849907000058 ], [ 0.66505074500003, 14.956130028000075 ], [ 0.672150671000054, 14.954339981000032 ], [ 0.694170833000044, 14.947373390000052 ], [ 0.698171258000059, 14.946684837000078 ], [ 0.703158379000058, 14.945825577000051 ], [ 0.707871020000027, 14.94746017500006 ], [ 0.719126999000025, 14.959018707000041 ], [ 0.745731592000027, 14.961677551000037 ], [ 0.748635471000057, 14.961970329000053 ], [ 0.762569129000042, 14.962515831000076 ], [ 0.785708487000022, 14.964269638000076 ], [ 0.806963921000033, 14.965096474000063 ], [ 0.814517260000059, 14.966061592000074 ], [ 0.83293694300005, 14.96709442100007 ], [ 0.847810209000045, 14.96856021900004 ], [ 0.872686267000063, 14.969786644000067 ], [ 0.885124326000039, 14.970399857000075 ], [ 0.892431080000051, 14.972970009000051 ], [ 0.904246986000032, 14.972350121000034 ], [ 0.923619926000072, 14.972229958000071 ], [ 0.931642950000025, 14.973660469000038 ], [ 0.95691466300002, 14.974724770000023 ], [ 0.973189235000063, 14.978951454000025 ], [ 0.99811446700005, 15.0 ], [ 1.029837966000059, 15.026789665000024 ], [ 1.048418283000046, 15.041355133000025 ], [ 1.055285454000057, 15.047788620000063 ], [ 1.058523536000052, 15.050822258000039 ], [ 1.079221964000055, 15.067461967000042 ], [ 1.089264241000024, 15.075915171000076 ], [ 1.092953324000064, 15.07902050000007 ], [ 1.126969218000056, 15.107655525000041 ], [ 1.151203990000056, 15.127519608000057 ], [ 1.156494617000021, 15.131978989000061 ], [ 1.176144958000066, 15.148539543000027 ], [ 1.201345444000026, 15.16610527000006 ], [ 1.209344268000052, 15.174716949000072 ], [ 1.21098291900006, 15.176481247000027 ], [ 1.24653005600004, 15.205801964000045 ], [ 1.265844107000021, 15.220353127000067 ], [ 1.268903017000071, 15.223349571000028 ], [ 1.27232790000005, 15.226613998000062 ], [ 1.285845995000045, 15.239500046000046 ], [ 1.311050057000045, 15.259579659000053 ], [ 1.324029684000038, 15.265145302000064 ], [ 1.347682595000038, 15.266571999000064 ], [ 1.381482959000039, 15.26861000100007 ], [ 1.38927602800004, 15.271169662000034 ], [ 1.406543016000057, 15.270549774000074 ], [ 1.42379605800005, 15.273150444000066 ], [ 1.435621977000039, 15.273200035000059 ], [ 1.475813985000059, 15.276339531000076 ], [ 1.501164122000034, 15.278116078000039 ], [ 1.517428160000065, 15.279255867000074 ], [ 1.52218997500006, 15.279340744000024 ], [ 1.549827933000074, 15.279835701000025 ], [ 1.557441831000062, 15.281656265000038 ], [ 1.557624578000059, 15.281700134000062 ], [ 1.604680657000074, 15.284392357000058 ], [ 1.689805031000049, 15.290410042000076 ], [ 1.704723835000038, 15.291743279000059 ], [ 1.708485007000036, 15.292079926000042 ], [ 1.741826057000026, 15.294710159000033 ], [ 1.757434011000043, 15.295439720000047 ], [ 1.771147966000058, 15.296629906000078 ], [ 1.810005427000021, 15.299440427000036 ], [ 1.873307109000052, 15.30401897400003 ], [ 1.890808940000056, 15.304752350000058 ], [ 1.912565470000061, 15.306181908000042 ], [ 1.918946505000065, 15.308262825000043 ], [ 1.939288855000029, 15.308311462000063 ], [ 2.004796982000073, 15.313960075000068 ], [ 2.026552439000056, 15.316530228000033 ], [ 2.026904821000073, 15.316551208000021 ], [ 2.049966335000022, 15.317952156000047 ], [ 2.063210011000024, 15.319350243000031 ], [ 2.10861897500007, 15.323461533000057 ], [ 2.143385887000022, 15.326609612000027 ], [ 2.156867981000062, 15.327320099000076 ], [ 2.189270496000063, 15.330576897000071 ], [ 2.203461885000024, 15.331509590000053 ], [ 2.231371403000026, 15.334535599000048 ], [ 2.246746540000061, 15.335243225000056 ], [ 2.30020403900005, 15.339429855000049 ], [ 2.322832108000057, 15.341971397000066 ], [ 2.345618963000049, 15.344530106000036 ], [ 2.365015984000024, 15.345459938000033 ], [ 2.396477699000059, 15.348007202000076 ], [ 2.456089973000076, 15.353549957000041 ], [ 2.477380991000075, 15.354940414000055 ], [ 2.492994070000066, 15.357239723000077 ], [ 2.499145031000069, 15.357928276000052 ], [ 2.512156963000052, 15.358160973000054 ], [ 2.537942648000069, 15.361150742000063 ], [ 2.548825979000071, 15.361379623000062 ], [ 2.585731983000073, 15.364369392000071 ], [ 2.607434273000024, 15.365756035000061 ], [ 2.628790140000035, 15.367120743000044 ], [ 2.65126562100005, 15.365281105000065 ], [ 2.691248894000069, 15.363204002000032 ], [ 2.707809448000035, 15.362050056000044 ], [ 2.724370003000047, 15.360896111000045 ], [ 2.775470018000021, 15.357430458000067 ], [ 2.791033268000035, 15.357087135000029 ], [ 2.797235012000044, 15.356949806000046 ], [ 2.830354452000051, 15.354860306000035 ], [ 2.841236115000072, 15.353010178000034 ], [ 2.851881981000076, 15.353234291000035 ], [ 2.896592379000026, 15.350895882000032 ], [ 2.913827658000059, 15.351059914000075 ], [ 2.918121338000049, 15.351100922000057 ], [ 2.956916332000048, 15.348529816000053 ], [ 2.98908805800005, 15.346650124000064 ], [ 3.006593227000053, 15.345936775000041 ], [ 3.012941864000027, 15.389921776000051 ], [ 3.025024798000061, 15.432212048000054 ], [ 3.138302312000064, 15.417108379000069 ], [ 3.194185886000071, 15.411066912000024 ], [ 3.222882856000069, 15.403515078000055 ], [ 3.233455424000056, 15.398983977000057 ], [ 3.236476158000073, 15.394452877000049 ], [ 3.24855909300004, 15.39596324300004 ], [ 3.272724962000041, 15.391432143000031 ], [ 3.307463400000074, 15.386901042000034 ], [ 3.336160370000073, 15.383880309000062 ], [ 3.366367707000052, 15.382369942000025 ], [ 3.389023210000062, 15.376328474000047 ], [ 3.404126878000056, 15.377838841000028 ], [ 3.422251281000058, 15.374818107000067 ], [ 3.444906784000068, 15.367266273000041 ], [ 3.458500085000026, 15.368776640000021 ], [ 3.460010452000063, 15.365755906000061 ], [ 3.493238523000059, 15.359714439000072 ], [ 3.520425126000021, 15.370287007000059 ], [ 3.525722027000029, 15.37430954000007 ], [ 3.528328896000062, 15.383199692000062 ], [ 3.531704426000033, 15.394712448000064 ], [ 3.536989689000052, 15.418331146000071 ], [ 3.537739038000041, 15.430030823000038 ], [ 3.534957409000071, 15.447480202000065 ], [ 3.531493664000038, 15.473420143000055 ], [ 3.533420324000076, 15.483281136000073 ], [ 3.538171053000042, 15.488309860000072 ], [ 3.565923691000023, 15.505428314000028 ], [ 3.592702627000051, 15.513824463000049 ], [ 3.594291996000038, 15.515135337000061 ], [ 3.607660294000027, 15.526161194000053 ], [ 3.617177963000074, 15.539429665000057 ], [ 3.633702640000024, 15.584759100000042 ], [ 3.660889243000042, 15.617987171000038 ], [ 3.674482545000046, 15.633090839000033 ], [ 3.694117314000039, 15.648194508000074 ], [ 3.707710616000043, 15.657256709000023 ], [ 3.72154903400002, 15.648245811000038 ], [ 3.727473021000037, 15.65088653600003 ], [ 3.731751204000034, 15.652792931000022 ], [ 3.739814997000053, 15.65528011300006 ], [ 3.756642342000021, 15.65819835700006 ], [ 3.791945934000069, 15.661029816000053 ], [ 3.824008864000064, 15.669339644000047 ], [ 3.839112532000058, 15.688974413000039 ], [ 3.854216201000042, 15.702567715000043 ], [ 3.861768035000068, 15.710119549000069 ], [ 3.869319869000037, 15.714650649000077 ], [ 3.872340603000055, 15.716161016000058 ], [ 3.875361337000072, 15.720692117000056 ], [ 3.880179416000033, 15.729158857000073 ], [ 3.88430850900005, 15.734113769000032 ], [ 3.889813967000066, 15.742647229000056 ], [ 3.895044152000025, 15.749804324000024 ], [ 3.904403431000048, 15.763843242000064 ], [ 3.907431433000056, 15.775679977000038 ], [ 3.908532524000066, 15.781185435000054 ], [ 3.911285253000074, 15.789994167000032 ], [ 3.922846715000048, 15.832936739000047 ], [ 3.931244910000032, 15.852094033000071 ], [ 3.938261997000041, 15.868446943000038 ], [ 3.947621276000064, 15.889092410000046 ], [ 3.95753110000004, 15.909462605000044 ], [ 3.961935466000057, 15.921574612000029 ], [ 3.966064560000063, 15.929282253000054 ], [ 3.973772201000031, 15.93423716500007 ], [ 3.983957298000064, 15.939742623000029 ], [ 3.996344578000048, 15.946624446000044 ], [ 4.008456586000023, 15.953506268000069 ], [ 4.008181313000023, 15.961489182000037 ], [ 4.007630767000023, 15.977455010000028 ], [ 4.007630767000023, 15.984061560000043 ], [ 4.005703857000071, 15.993971384000076 ], [ 4.005153311000072, 15.999476842000036 ], [ 4.003226401000063, 16.013240487000076 ], [ 4.001574763000065, 16.02507722100006 ], [ 4.001024218000055, 16.033060135000028 ], [ 3.999923126000056, 16.041593595000052 ], [ 3.998822034000057, 16.053430330000026 ], [ 3.997720943000047, 16.059211061000042 ], [ 3.997445670000047, 16.064165973000058 ], [ 3.996069305000049, 16.074075797000035 ], [ 3.994692941000039, 16.087013623000075 ], [ 4.00995492900006, 16.124870300000055 ], [ 4.024972960000071, 16.164640580000025 ], [ 4.035433330000046, 16.18969041400004 ], [ 4.041764606000072, 16.207032606000041 ], [ 4.050848612000038, 16.230706076000047 ], [ 4.056354070000054, 16.244469720000041 ], [ 4.061033709000071, 16.257407547000071 ], [ 4.065162803000021, 16.266766825000047 ], [ 4.070392988000037, 16.28218210700004 ], [ 4.070117715000038, 16.29484466100007 ], [ 4.070117715000038, 16.306956668000055 ], [ 4.071218806000047, 16.31769231100003 ], [ 4.070392988000037, 16.326225771000054 ], [ 4.070668261000037, 16.338062505000039 ], [ 4.070392988000037, 16.346045420000053 ], [ 4.070392988000037, 16.371645799000078 ], [ 4.070668261000037, 16.401650545000052 ], [ 4.070668261000037, 16.420093829000052 ], [ 4.070668261000037, 16.443767298000068 ], [ 4.070392988000037, 16.462761128000068 ], [ 4.070668261000037, 16.471019315000035 ], [ 4.070668261000037, 16.483406595000076 ], [ 4.070392988000037, 16.494142238000052 ], [ 4.070668261000037, 16.505978973000026 ], [ 4.070668261000037, 16.537635356000067 ], [ 4.070668261000037, 16.556353913000066 ], [ 4.070392988000037, 16.579476836000026 ], [ 4.070668261000037, 16.597920120000026 ], [ 4.070584404000044, 16.601442101000032 ], [ 4.079166111000063, 16.602142617000027 ], [ 4.070584375000067, 16.601443304000043 ], [ 4.070392988000037, 16.609481582000058 ], [ 4.070392988000037, 16.622419408000042 ], [ 4.070668261000037, 16.641688511000041 ], [ 4.070668261000037, 16.677198715000031 ], [ 4.070668261000037, 16.707203461000063 ], [ 4.070392988000037, 16.723719834000065 ], [ 4.070392988000037, 16.735281296000039 ], [ 4.070392988000037, 16.763359132000062 ], [ 4.070943533000047, 16.778774414000054 ], [ 4.070392988000037, 16.790611148000039 ], [ 4.070943533000047, 16.801622064000071 ], [ 4.070668261000037, 16.80740279500003 ], [ 4.070392988000037, 16.87649629200007 ], [ 4.070668261000037, 16.910354859000051 ], [ 4.076758385000062, 16.912309647000029 ], [ 4.09092044800002, 16.919713974000047 ], [ 4.120217382000021, 16.935679965000077 ], [ 4.165637410000045, 16.959078161000036 ], [ 4.224545810000052, 16.989908726000067 ], [ 4.234180362000075, 16.994863638000027 ], [ 4.241612730000043, 16.998717459000034 ], [ 4.249320371000067, 17.002846552000051 ], [ 4.248219279000068, 17.020188745000041 ], [ 4.247944006000068, 17.055423675000043 ], [ 4.247393461000058, 17.072215322000034 ], [ 4.246842915000059, 17.093411335000042 ], [ 4.246567642000059, 17.109101890000034 ], [ 4.24546655000006, 17.155072464000057 ], [ 4.24546655000006, 17.179571752000072 ], [ 4.244916004000061, 17.210952862000056 ], [ 4.244090186000051, 17.230221965000055 ], [ 4.243814913000051, 17.243985610000038 ], [ 4.242989094000052, 17.285827090000055 ], [ 4.242438548000052, 17.32794384400006 ], [ 4.241612730000043, 17.369510051000077 ], [ 4.241062184000043, 17.392357702000027 ], [ 4.240786911000043, 17.40226752600006 ], [ 4.240511638000044, 17.409149348000028 ], [ 4.239961092000044, 17.424014085000067 ], [ 4.239490032000049, 17.444959641000025 ], [ 4.239243031000058, 17.466299057000072 ], [ 4.239104271000031, 17.495456696000076 ], [ 4.239391804000036, 17.539291382000044 ], [ 4.237758909000036, 17.559173077000025 ], [ 4.238034182000035, 17.571560358000056 ], [ 4.237758909000036, 17.616154567000024 ], [ 4.237758909000036, 17.650013133000073 ], [ 4.237208363000036, 17.654417500000022 ], [ 4.237208363000036, 17.679467333000048 ], [ 4.237483636000036, 17.695708434000039 ], [ 4.237483636000036, 17.715528083000038 ], [ 4.237758909000036, 17.767279387000031 ], [ 4.237758909000036, 17.809671414000036 ], [ 4.237483636000036, 17.839125614000068 ], [ 4.236933090000036, 17.851237621000053 ], [ 4.237208363000036, 17.869405632000053 ], [ 4.237208363000036, 17.931066761000068 ], [ 4.237483636000036, 17.978964245000043 ], [ 4.237483636000036, 17.986671886000067 ], [ 4.237208363000036, 18.008143172000075 ], [ 4.237758909000036, 18.023833728000056 ], [ 4.237208363000036, 18.05521483800004 ], [ 4.237758909000036, 18.083567946000073 ], [ 4.237208363000036, 18.134768705000056 ], [ 4.237758909000036, 18.227810944000055 ], [ 4.237483636000036, 18.242675681000037 ], [ 4.238309455000035, 18.262495329000046 ], [ 4.241705894000063, 18.325809479000043 ], [ 4.241537571000038, 18.340291977000049 ], [ 4.24162721600004, 18.35724067700005 ], [ 4.242345810000074, 18.369279861000052 ], [ 4.243814913000051, 18.389396135000027 ], [ 4.24519127700006, 18.429861251000034 ], [ 4.249870917000067, 18.523178763000033 ], [ 4.251522554000076, 18.562542787000041 ], [ 4.252073100000075, 18.587867894000055 ], [ 4.254275283000027, 18.622552279000047 ], [ 4.254550556000027, 18.660264666000046 ], [ 4.250204071000041, 18.675658467000062 ], [ 4.247944006000068, 18.683662862000062 ], [ 4.247118188000059, 18.729908709000028 ], [ 4.24546655000006, 18.793772021000052 ], [ 4.244968414000027, 18.81000709500006 ], [ 4.244260788000076, 18.821483612000065 ], [ 4.24433755900003, 18.913623810000047 ], [ 4.243980885000042, 18.944240570000034 ], [ 4.244227886000033, 18.972410202000049 ], [ 4.243286610000041, 19.003839493000044 ], [ 4.24373722100006, 19.088600159000066 ], [ 4.242960930000038, 19.13043022200003 ], [ 4.242887974000041, 19.136716843000045 ], [ 4.336151123000036, 19.156589508000025 ], [ 4.447795868000071, 19.178398132000041 ], [ 4.562339783000027, 19.201330185000074 ], [ 4.672812939000039, 19.222982407000075 ], [ 4.724979877000067, 19.233169556000064 ], [ 4.77612352400007, 19.242969513000048 ], [ 4.824817181000071, 19.252300262000063 ], [ 4.964968204000058, 19.277500153000062 ], [ 5.0, 19.284048080000048 ], [ 5.098989010000025, 19.302549362000036 ], [ 5.139694214000031, 19.310590744000024 ], [ 5.182459831000074, 19.319040298000061 ], [ 5.288579464000065, 19.338325500000053 ], [ 5.391017914000031, 19.357530594000025 ], [ 5.477021217000072, 19.373500824000075 ], [ 5.510766983000053, 19.379869461000055 ], [ 5.550279140000043, 19.387426376000064 ], [ 5.675836563000075, 19.410840988000075 ], [ 5.710242376000053, 19.422870064000051 ], [ 5.731470326000021, 19.43029185100005 ], [ 5.794452867000075, 19.44440862700003 ], [ 5.866665608000062, 19.509020027000076 ], [ 5.881868290000057, 19.522593850000078 ], [ 5.909558890000028, 19.544854921000024 ], [ 5.937249490000056, 19.567115991000037 ], [ 5.950280360000022, 19.57960390900007 ], [ 6.030637395000042, 19.64421530900006 ], [ 6.119681677000074, 19.716971002000037 ], [ 6.198952806000023, 19.782668308000041 ], [ 6.230204582000056, 19.804769516000022 ], [ 6.295598429000052, 19.85868171900006 ], [ 6.371068888000025, 19.922750166000071 ], [ 6.448711158000037, 19.993334048000065 ], [ 6.45522659300002, 19.998220624000055 ], [ 6.480745381000077, 20.019395789000043 ], [ 6.505178263000062, 20.038942095000039 ], [ 6.546985640000059, 20.072062224000035 ], [ 6.573590334000073, 20.095952153000042 ], [ 6.618655428000068, 20.130701141000031 ], [ 6.653404416000058, 20.160020600000053 ], [ 6.666435286000024, 20.171422612000072 ], [ 6.70118427400007, 20.201285023000025 ], [ 6.765252721000024, 20.253408506000028 ], [ 6.813575532000073, 20.293587023000043 ], [ 6.83040707400005, 20.309875611000052 ], [ 6.842352038000058, 20.320191717000057 ], [ 6.878729885000041, 20.343538693000028 ], [ 6.884159414000067, 20.353854799000032 ], [ 6.912935920000052, 20.375572917000056 ], [ 6.953114438000057, 20.409235999000032 ], [ 6.97537550800007, 20.428239352000048 ], [ 7.013382214000046, 20.458101763000059 ], [ 7.087766766000072, 20.52217021000007 ], [ 7.129777908000051, 20.591428757000074 ], [ 7.147322178000024, 20.606569290000039 ], [ 7.151070118000064, 20.610450745000037 ], [ 7.160676956000032, 20.619380951000039 ], [ 7.170683861000043, 20.625955582000074 ], [ 7.184031010000069, 20.635250092000035 ], [ 7.185908318000031, 20.637140274000046 ], [ 7.189047813000059, 20.640300751000041 ], [ 7.191981316000067, 20.644187927000075 ], [ 7.206366062000029, 20.656059265000067 ], [ 7.218290806000027, 20.665901184000063 ], [ 7.273006916000043, 20.709304810000049 ], [ 7.335686684000052, 20.757713318000071 ], [ 7.375402927000039, 20.788290024000048 ], [ 7.413041115000055, 20.816930771000045 ], [ 7.44567823400007, 20.842470169000023 ], [ 7.479531288000032, 20.863306046000048 ], [ 7.493300438000063, 20.871564865000039 ], [ 7.511551380000071, 20.882993698000064 ], [ 7.535346031000074, 20.897720337000067 ], [ 7.559146881000061, 20.912755966000077 ], [ 7.580351353000026, 20.925636292000036 ], [ 7.603165627000067, 20.939493179000067 ], [ 7.640020370000059, 20.961711884000067 ], [ 7.677537918000041, 20.984222412000065 ], [ 7.706913471000064, 21.002534866000076 ], [ 7.745104790000028, 21.025630951000039 ], [ 7.757174492000047, 21.031917572000054 ], [ 7.766807079000046, 21.03776550300006 ], [ 7.776439667000034, 21.043611526000063 ], [ 7.831329823000033, 21.078409195000063 ], [ 7.888180256000055, 21.112257004000071 ], [ 7.945059776000051, 21.14639091500004 ], [ 8.002943993000031, 21.18110084500006 ], [ 8.02170181300005, 21.192474365000066 ], [ 8.031081200000074, 21.19816017200003 ], [ 8.051372528000059, 21.210729599000047 ], [ 8.058896065000056, 21.214906693000046 ], [ 8.069043159000046, 21.221189499000047 ], [ 8.119461060000049, 21.251989365000043 ], [ 8.181688309000037, 21.289636612000038 ], [ 8.252461433000065, 21.332029343000045 ], [ 8.334100723000063, 21.381269455000051 ], [ 8.376092911000057, 21.406919479000067 ], [ 8.390866280000068, 21.416477203000056 ], [ 8.399568558000055, 21.422149658000023 ], [ 8.408270836000042, 21.427822113000047 ], [ 8.448299408000025, 21.451049805000025 ], [ 8.501500130000068, 21.483833313000048 ], [ 8.558656693000046, 21.518373489000055 ], [ 8.601714134000076, 21.544872284000064 ], [ 8.652661324000064, 21.575199127000076 ], [ 8.674028397000029, 21.58768653900006 ], [ 8.696729660000074, 21.601970673000039 ], [ 8.739823341000033, 21.627826691000053 ], [ 8.790177345000075, 21.658430099000043 ], [ 8.866552353000031, 21.703847885000073 ], [ 8.920259476000069, 21.736801147000051 ], [ 8.970678329000066, 21.767049789000055 ], [ 9.005285263000076, 21.787496567000062 ], [ 9.030025482000042, 21.802923203000034 ], [ 9.07190227500007, 21.827499390000071 ], [ 9.126025200000072, 21.860687256000062 ], [ 9.146270752000021, 21.872823715000038 ], [ 9.18676090200006, 21.897094727000024 ], [ 9.256769180000049, 21.938789368000073 ], [ 9.320872307000059, 21.977226257000041 ], [ 9.334396362000064, 21.983980179000071 ], [ 9.338528633000067, 21.986495972000057 ], [ 9.34266090400007, 21.989009857000042 ], [ 9.36480522200003, 22.001998901000036 ], [ 9.373747826000056, 22.008075714000029 ], [ 9.382690430000025, 22.014152527000078 ], [ 9.398895264000032, 22.023899078000056 ], [ 9.425037384000063, 22.04015731800007 ], [ 9.437274933000026, 22.047336578000056 ], [ 9.461749077000036, 22.061693192000064 ], [ 9.516030312000055, 22.094449997000027 ], [ 9.545659065000052, 22.111995697000054 ], [ 9.575287819000039, 22.12953949000007 ], [ 9.62792778000005, 22.159858704000044 ], [ 9.663722992000032, 22.181669235000072 ], [ 9.672982216000037, 22.186359406000065 ], [ 9.68258380900005, 22.191650391000053 ], [ 9.731967926000038, 22.220785141000079 ], [ 9.746888161000072, 22.229614258000026 ], [ 9.765112877000035, 22.239894867000032 ], [ 9.800270081000065, 22.260782242000062 ], [ 9.856006622000052, 22.293710709000038 ], [ 9.876075745000037, 22.305160522000051 ], [ 9.896144867000032, 22.316610336000053 ], [ 9.988436699000033, 22.370330811000031 ], [ 10.0, 22.377695084000038 ], [ 10.002883911000026, 22.379531860000043 ], [ 10.005065918000071, 22.380922318000046 ], [ 10.015720367000029, 22.387990952000052 ], [ 10.051884651000023, 22.407287598000039 ], [ 10.071160316000032, 22.418729782000071 ], [ 10.139639854000052, 22.45859527600004 ], [ 10.211179733000051, 22.501399994000053 ], [ 10.244439125000042, 22.520418167000059 ], [ 10.307707787000027, 22.55820465100004 ], [ 10.354660034000062, 22.58569908100003 ], [ 10.386320114000057, 22.604429245000063 ], [ 10.422286034000024, 22.62486648600003 ], [ 10.427150726000036, 22.628122330000053 ], [ 10.451685905000033, 22.644544601000064 ], [ 10.482999802000052, 22.662040710000042 ], [ 10.536694527000066, 22.693588257000044 ], [ 10.571372032000056, 22.713058472000057 ], [ 10.577701569000055, 22.716611862000036 ], [ 10.597756386000071, 22.729499817000033 ], [ 10.633801460000029, 22.750501633000056 ], [ 10.679179192000049, 22.776130676000037 ], [ 10.703240395000023, 22.790729523000039 ], [ 10.717613220000032, 22.799488068000073 ], [ 10.73121261600005, 22.807317734000037 ], [ 10.734312057000068, 22.809101105000025 ], [ 10.76506233200007, 22.827474594000023 ], [ 10.82421398200006, 22.861833572000023 ], [ 10.913510323000025, 22.914230347000057 ], [ 10.972068792000073, 22.948560159000067 ], [ 11.020268440000052, 22.976457596000046 ], [ 11.059441566000032, 22.999113083000054 ], [ 11.07166290300006, 23.006256104000045 ], [ 11.120077133000052, 23.034549713000047 ], [ 11.199159622000025, 23.080089569000052 ], [ 11.241165161000026, 23.104303360000074 ], [ 11.272589684000025, 23.122419357000069 ], [ 11.341691971000046, 23.16209602400005 ], [ 11.389019966000035, 23.189609528000062 ], [ 11.398098946000061, 23.195125580000024 ], [ 11.41308403000005, 23.203823090000071 ], [ 11.432016373000067, 23.214811325000028 ], [ 11.505211830000064, 23.256132126000068 ], [ 11.559630394000067, 23.286739349000072 ], [ 11.57233238200007, 23.293916702000047 ], [ 11.623479843000041, 23.322820663000073 ], [ 11.669219971000075, 23.348789215000068 ], [ 11.699870110000063, 23.367309570000032 ], [ 11.706265450000046, 23.369955063000077 ], [ 11.737019539000073, 23.387289047000024 ], [ 11.777317047000054, 23.410425186000055 ], [ 11.815420151000069, 23.431640625000057 ], [ 11.833712578000075, 23.442195892000029 ], [ 11.85991954800005, 23.457319260000077 ], [ 11.892094612000051, 23.475299835000044 ], [ 11.901042938000046, 23.480573654000068 ], [ 11.917140007000057, 23.489740372000028 ], [ 11.925707817000045, 23.495204926000042 ], [ 11.946760178000034, 23.506719589000056 ], [ 11.950314522000042, 23.508504868000045 ], [ 11.958849907000058, 23.512790680000023 ], [ 11.979550362000055, 23.525030136000055 ], [ 11.985292898000068, 23.523411335000048 ], [ 11.999695305000046, 23.519296361000045 ], [ 12.010805733000041, 23.516827377000027 ], [ 12.078689575000055, 23.499059677000048 ], [ 12.107163429000025, 23.490917206000063 ], [ 12.109629631000075, 23.490209579000066 ], [ 12.12185192100003, 23.489461899000048 ], [ 12.152772318000075, 23.482261600000072 ], [ 12.158480644000065, 23.481473923000067 ], [ 12.230680466000024, 23.466819763000046 ], [ 12.240373611000052, 23.464715958000056 ], [ 12.371688905000042, 23.439877374000048 ], [ 12.377449868000042, 23.439054379000027 ], [ 12.384856820000039, 23.436585395000066 ], [ 12.437116983000067, 23.426297961000046 ], [ 12.509952013000031, 23.411895554000068 ], [ 12.570442123000078, 23.399962131000052 ], [ 12.580729556000051, 23.396258655000054 ], [ 12.591016990000071, 23.394612666000057 ], [ 12.618175815000029, 23.389263200000073 ], [ 12.628874746000065, 23.386382719000039 ], [ 12.641631163000056, 23.384325232000037 ], [ 12.65150710000006, 23.382267745000036 ], [ 12.730926087000057, 23.36539635400004 ], [ 12.747385981000036, 23.362104375000058 ], [ 12.758907907000037, 23.35963539100004 ], [ 12.765080367000053, 23.35840089900006 ], [ 12.770018335000032, 23.356754910000063 ], [ 12.778659779000066, 23.355520418000026 ], [ 12.792239192000068, 23.352228439000044 ], [ 12.904989464000039, 23.329184588000032 ], [ 13.007863800000052, 23.308609721000039 ], [ 13.023089202000051, 23.305729239000073 ], [ 13.032965139000055, 23.303671752000071 ], [ 13.036668615000053, 23.303671752000071 ], [ 13.042018080000048, 23.302437260000033 ], [ 13.063827439000022, 23.298322287000076 ], [ 13.15435685500006, 23.28186239300004 ], [ 13.183161669000071, 23.272397954000041 ], [ 13.195506590000036, 23.267871483000079 ], [ 13.204559531000029, 23.265402499000061 ], [ 13.224722901000064, 23.259230039000045 ], [ 13.242417287000023, 23.254292071000066 ], [ 13.301483154000039, 23.236520767000059 ], [ 13.310310364000031, 23.234310150000056 ], [ 13.370804459000055, 23.217257310000036 ], [ 13.382326384000066, 23.213553834000038 ], [ 13.396728792000033, 23.209027363000075 ], [ 13.404958738000062, 23.206969876000073 ], [ 13.411954193000042, 23.204912390000061 ], [ 13.430471574000023, 23.199562924000077 ], [ 13.444873981000057, 23.194624956000041 ], [ 13.511948048000022, 23.160059179000029 ], [ 13.529642434000039, 23.150183243000072 ], [ 13.542398852000076, 23.144422280000072 ], [ 13.555978264000032, 23.13660383000007 ], [ 13.623052331000054, 23.09380810600004 ], [ 13.641981209000051, 23.080640191000043 ], [ 13.655972119000069, 23.073233239000047 ], [ 13.672020515000042, 23.058830832000069 ], [ 13.685188430000039, 23.048131901000033 ], [ 13.723869181000055, 23.016446606000045 ], [ 13.738683085000048, 23.004513183000029 ], [ 13.757611963000045, 22.98805328900005 ], [ 13.771602873000063, 22.97776585500003 ], [ 13.861309294000023, 22.903284836000068 ], [ 13.876534696000022, 22.889705423000066 ], [ 13.907808494000051, 22.864192588000037 ], [ 13.919330420000051, 22.854316652000023 ], [ 13.936201811000046, 22.840737239000077 ], [ 13.967887106000035, 22.813989912000068 ], [ 13.998749407000048, 22.793003547000069 ], [ 14.024262243000067, 22.774897664000036 ], [ 14.060474009000075, 22.749796326000023 ], [ 14.07163715400003, 22.742641449000075 ], [ 14.128371071000061, 22.700828142000034 ], [ 14.137835510000059, 22.69424418400007 ], [ 14.144419467000034, 22.690129211000055 ], [ 14.151826420000077, 22.684368248000055 ], [ 14.157998880000036, 22.679430280000076 ], [ 14.165405832000033, 22.670788836000042 ], [ 14.174870271000032, 22.660912900000028 ], [ 14.178162250000071, 22.658032418000062 ], [ 14.185980699000027, 22.65144846100003 ], [ 14.290501025000026, 22.698359158000073 ], [ 14.37238899700003, 22.73374793000005 ], [ 14.383087928000066, 22.739097395000044 ], [ 14.394609853000077, 22.743623866000064 ], [ 14.40489728700004, 22.748150337000027 ], [ 14.414361726000038, 22.752265310000041 ], [ 14.450984989000062, 22.768313707000061 ], [ 14.513944083000069, 22.795884029000035 ], [ 14.523408522000068, 22.80123349400003 ], [ 14.536164940000049, 22.806171462000066 ], [ 14.547275368000044, 22.81152092800005 ], [ 14.589248097000052, 22.829215314000066 ], [ 14.605707991000031, 22.836210769000047 ], [ 14.610645959000067, 22.838679753000065 ], [ 14.617229917000031, 22.842383229000063 ], [ 14.657556657000043, 22.860077615000023 ], [ 14.685126979000074, 22.871188043000075 ], [ 14.698294894000071, 22.877360503000034 ], [ 14.71352029600007, 22.883944461000056 ], [ 14.781828855000072, 22.913983767000047 ], [ 14.811045166000042, 22.925094195000042 ], [ 14.849725917000058, 22.943200078000075 ], [ 14.859601853000072, 22.947726549000038 ], [ 14.867420303000074, 22.951018528000077 ], [ 14.872358271000053, 22.953076014000033 ], [ 14.878119234000053, 22.95554499900004 ], [ 14.882645704000026, 22.958013983000058 ], [ 14.892933138000046, 22.962128956000072 ], [ 14.899105598000062, 22.964597940000033 ], [ 14.904455064000047, 22.967066924000051 ], [ 14.93079089400004, 22.978588850000051 ], [ 14.95177725800005, 22.98805328900005 ], [ 14.961241697000048, 22.992991257000028 ], [ 14.985520041000029, 23.003278691000048 ], [ 14.987577527000042, 22.997106230000043 ], [ 14.989223517000028, 22.985172807000026 ], [ 14.992515495000077, 22.970770400000049 ], [ 14.995395977000044, 22.953487512000038 ], [ 15.010209881000037, 22.870776545000069 ], [ 15.016793839000059, 22.840325742000061 ], [ 15.01885132600006, 22.829626811000026 ], [ 15.033665230000054, 22.751442315000077 ], [ 15.038603198000033, 22.719757020000031 ], [ 15.063704536000046, 22.62346664100005 ], [ 15.094344139000043, 22.506664276000038 ], [ 15.122960154000054, 22.401258075000044 ], [ 15.128309619000049, 22.379037218000065 ], [ 15.132836090000069, 22.366280800000027 ], [ 15.13530507400003, 22.358462351000071 ], [ 15.134893577000071, 22.351055399000074 ], [ 15.133659085000033, 22.290153792000069 ], [ 15.132836090000069, 22.259291491000056 ], [ 15.131601598000032, 22.244477586000073 ], [ 15.130778603000067, 22.232544163000057 ], [ 15.129955609000035, 22.221845232000078 ], [ 15.134482080000055, 22.207442825000044 ], [ 15.153822455000068, 22.13131581600004 ], [ 15.18386176100006, 22.017331052000031 ], [ 15.18386176100006, 21.990995222000038 ], [ 15.184273258000076, 21.974123831000043 ], [ 15.187153740000042, 21.880302436000022 ], [ 15.188799729000038, 21.84326767500005 ], [ 15.19085721600004, 21.779485587000067 ], [ 15.191680210000072, 21.767963661000067 ], [ 15.192091708000078, 21.755618740000045 ], [ 15.196020126000064, 21.631689072000029 ], [ 15.199498660000074, 21.531764185000043 ], [ 15.199498660000074, 21.523122741000066 ], [ 15.199087163000058, 21.517773275000025 ], [ 15.200321655000039, 21.513658302000067 ], [ 15.202790639000057, 21.510777820000044 ], [ 15.21307807200003, 21.496786910000026 ], [ 15.270687701000043, 21.428478351000024 ], [ 15.283855616000039, 21.414487441000063 ], [ 15.29414304900007, 21.402554018000046 ], [ 15.314717917000053, 21.377864178000038 ], [ 15.328297329000065, 21.361404284000059 ], [ 15.366566582000075, 21.314905084000031 ], [ 15.393313910000074, 21.279104815000039 ], [ 15.443049431000077, 21.215408325000055 ], [ 15.455038511000055, 21.19639384900006 ], [ 15.467794929000036, 21.176641976000042 ], [ 15.47371006000003, 21.170330048000039 ], [ 15.477259368000034, 21.162651066000024 ], [ 15.48343182800005, 21.154421119000062 ], [ 15.495776748000026, 21.134257750000074 ], [ 15.514705626000023, 21.107510422000075 ], [ 15.576018731000033, 21.015746514000057 ], [ 15.598651085000029, 20.982826727000031 ], [ 15.610584508000045, 20.965132341000071 ], [ 15.588775148000025, 20.925217098000076 ], [ 15.580133704000048, 20.911637686000063 ], [ 15.575607233000028, 20.902584744000023 ], [ 15.567788784000072, 20.891885813000044 ], [ 15.561204826000051, 20.879540893000069 ], [ 15.552974879000033, 20.866784475000031 ], [ 15.549271403000034, 20.859377523000035 ], [ 15.55420937100007, 20.845798111000022 ], [ 15.569434773000069, 20.795595435000052 ], [ 15.573138249000067, 20.782839017000072 ], [ 15.585320318000072, 20.770276258000024 ], [ 15.586306164000064, 20.769259604000069 ], [ 15.612641994000057, 20.739631796000026 ], [ 15.636920338000039, 20.716999442000031 ], [ 15.656672210000067, 20.697247569000069 ], [ 15.684654030000047, 20.670088744000054 ], [ 15.716339325000035, 20.640872433000027 ], [ 15.737325690000034, 20.619063074000053 ], [ 15.755020076000051, 20.602191682000068 ], [ 15.771068472000024, 20.586143286000038 ], [ 15.785470879000059, 20.560630451000065 ], [ 15.803165265000075, 20.531414139000049 ], [ 15.817567672000052, 20.508370288000037 ], [ 15.824974624000049, 20.498494351000033 ], [ 15.840200026000048, 20.472981516000061 ], [ 15.85501393100003, 20.460636596000029 ], [ 15.878880777000063, 20.438004242000034 ], [ 15.908920083000055, 20.411256914000035 ], [ 15.92003051100005, 20.400557983000056 ], [ 15.974759658000039, 20.350766805000035 ], [ 15.996980515000075, 20.330603435000057 ], [ 15.924968479000029, 20.21209219900004 ], [ 15.918384522000053, 20.200981771000045 ], [ 15.902747623000039, 20.175057438000067 ], [ 15.845549492000032, 20.081647541000052 ], [ 15.841434518000028, 20.074240589000055 ], [ 15.834850561000053, 20.061895668000034 ], [ 15.795346816000063, 19.99729058500003 ], [ 15.769833980000044, 19.954083364000041 ], [ 15.762015531000031, 19.942561438000041 ], [ 15.758723552000049, 19.93556598300006 ], [ 15.756666065000047, 19.922398068000064 ], [ 15.754197081000029, 19.909230153000067 ], [ 15.75378558400007, 19.900177212000074 ], [ 15.745967134000068, 19.842156086000045 ], [ 15.744732642000031, 19.829399668000065 ], [ 15.738148685000056, 19.782077474000062 ], [ 15.738148685000056, 19.776316511000061 ], [ 15.736091198000054, 19.770967045000077 ], [ 15.73650269500007, 19.765206083000066 ], [ 15.735268203000032, 19.756976136000048 ], [ 15.729095743000073, 19.712945920000038 ], [ 15.727038256000071, 19.692371053000045 ], [ 15.724980770000059, 19.684552603000043 ], [ 15.724569272000053, 19.677145651000046 ], [ 15.723334780000073, 19.666446720000067 ], [ 15.721688791000076, 19.654513297000051 ], [ 15.720865796000055, 19.646694847000049 ], [ 15.716750823000041, 19.617478536000078 ], [ 15.713047347000042, 19.584970246000069 ], [ 15.707286384000042, 19.547523987000034 ], [ 15.706051892000062, 19.534767569000053 ], [ 15.703171410000039, 19.515015697000024 ], [ 15.69823344200006, 19.474688957000069 ], [ 15.696998950000022, 19.458640561000038 ], [ 15.688769003000061, 19.399796440000046 ], [ 15.686711517000049, 19.383748044000072 ], [ 15.684654030000047, 19.368934139000032 ], [ 15.683831035000026, 19.356177722000041 ], [ 15.680127559000027, 19.335602854000058 ], [ 15.66695964400003, 19.229025042000046 ], [ 15.665313655000034, 19.218737608000026 ], [ 15.664902157000029, 19.21133065600003 ], [ 15.661610178000046, 19.191578784000058 ], [ 15.660375686000066, 19.182114345000059 ], [ 15.657906702000048, 19.164831456000059 ], [ 15.64967675500003, 19.106810331000077 ], [ 15.648853761000055, 19.096522897000057 ], [ 15.646384777000037, 19.086646961000042 ], [ 15.643504295000071, 19.068541078000067 ], [ 15.640212317000078, 19.040147761000071 ], [ 15.640212317000078, 19.031917814000053 ], [ 15.630747878000022, 18.970604709000042 ], [ 15.628690391000077, 18.960728773000028 ], [ 15.620048947000043, 18.89077422400004 ], [ 15.617991460000042, 18.878017807000049 ], [ 15.616345471000045, 18.867730373000029 ], [ 15.611407502000077, 18.837691067000037 ], [ 15.606469534000041, 18.798187322000047 ], [ 15.605646540000066, 18.787076894000052 ], [ 15.603177556000048, 18.773497481000049 ], [ 15.601120069000046, 18.763621545000035 ], [ 15.598651085000029, 18.741400688000056 ], [ 15.598651085000029, 18.728644271000064 ], [ 15.597005095000043, 18.710538387000042 ], [ 15.589670181000031, 18.638803482000071 ], [ 15.58918664600003, 18.622889453000028 ], [ 15.587670326000023, 18.612140656000065 ], [ 15.587670326000023, 18.596290588000045 ], [ 15.586306164000064, 18.585031697000034 ], [ 15.583880424000029, 18.512880325000026 ], [ 15.581137657000056, 18.461101532000043 ], [ 15.578899212000067, 18.334429814000032 ], [ 15.578899212000067, 18.316323931000056 ], [ 15.576430228000049, 18.213038097000037 ], [ 15.576430228000049, 18.201516172000026 ], [ 15.576430228000049, 18.145141035000051 ], [ 15.574784239000053, 18.082181942000034 ], [ 15.573138249000067, 18.003585949000069 ], [ 15.573138249000067, 17.99412151000007 ], [ 15.57190375700003, 17.952971775000037 ], [ 15.570669265000049, 17.922109474000024 ], [ 15.57149226000007, 17.908118565000052 ], [ 15.568611779000037, 17.881371237000053 ], [ 15.568200281000031, 17.853800915000022 ], [ 15.568200281000031, 17.838575513000023 ], [ 15.568200281000031, 17.829934069000046 ], [ 15.568200281000031, 17.819646635000026 ], [ 15.564496805000033, 17.724179251000066 ], [ 15.564085308000074, 17.709776844000032 ], [ 15.563673810000068, 17.703604384000073 ], [ 15.563262313000052, 17.693728448000059 ], [ 15.55997033400007, 17.610605984000074 ], [ 15.559558837000054, 17.602376037000056 ], [ 15.559558837000054, 17.593734593000022 ], [ 15.558324345000074, 17.574805715000025 ], [ 15.55420937100007, 17.448476030000052 ], [ 15.550505895000072, 17.323792335000064 ], [ 15.549271403000034, 17.304040462000046 ], [ 15.548859906000075, 17.285523082000054 ], [ 15.547213917000022, 17.237789390000046 ], [ 15.546802419000073, 17.222152490000042 ], [ 15.545979425000041, 17.201577623000048 ], [ 15.545567927000036, 17.184706232000053 ], [ 15.545156430000077, 17.168657836000023 ], [ 15.54392193800004, 17.15384393100004 ], [ 15.542687446000059, 17.115163181000071 ], [ 15.541864451000038, 17.095411308000052 ], [ 15.541864451000038, 17.075247938000075 ], [ 15.541041456000073, 17.060845531000041 ], [ 15.540218462000041, 17.041916653000044 ], [ 15.538983970000061, 17.005293390000077 ], [ 15.538160975000039, 16.982249538000076 ], [ 15.537749478000023, 16.962497666000047 ], [ 15.536926483000059, 16.946449269000027 ], [ 15.536103488000037, 16.917232958000056 ], [ 15.534046002000025, 16.871145255000044 ], [ 15.531577017000075, 16.826703542000075 ], [ 15.523347071000046, 16.697904873000027 ], [ 15.500714717000051, 16.681444979000048 ], [ 15.467794929000036, 16.656755138000051 ], [ 15.423353216000066, 16.623012356000061 ], [ 15.385906957000032, 16.594619039000065 ], [ 15.364920593000022, 16.579393638000056 ], [ 15.345580218000066, 16.564579733000073 ], [ 15.32335936100003, 16.548119839000037 ], [ 15.281798129000038, 16.516434544000049 ], [ 15.179746787000056, 16.429608604000066 ], [ 15.097447318000036, 16.359242558000062 ], [ 15.068231007000065, 16.334552717000065 ], [ 15.023377796000034, 16.295048972000075 ], [ 14.999922448000063, 16.27488560200004 ], [ 14.986754533000067, 16.263363677000029 ], [ 14.956303729000069, 16.237027846000046 ], [ 14.885114688000044, 16.176126239000041 ], [ 14.861247842000068, 16.157197362000034 ], [ 14.844376451000073, 16.143617949000031 ], [ 14.828739552000059, 16.130038537000075 ], [ 14.80322671700003, 16.110698162000062 ], [ 14.79129329400007, 16.100410728000043 ], [ 14.747674575000076, 16.051031047000038 ], [ 14.711874306000027, 16.011938799000063 ], [ 14.685949973000049, 15.982722487000046 ], [ 14.67525104200007, 15.972023556000067 ], [ 14.667021096000042, 15.962147620000053 ], [ 14.65920264600004, 15.953917673000035 ], [ 14.652618689000064, 15.947745213000076 ], [ 14.636570292000044, 15.928816335000022 ], [ 14.619698901000049, 15.910710452000046 ], [ 14.595420558000058, 15.883551627000031 ], [ 14.582900050000035, 15.869350974000042 ], [ 14.570352245000038, 15.856142757000043 ], [ 14.561106493000068, 15.845576185000027 ], [ 14.552521153000043, 15.834349201000066 ], [ 14.534029650000036, 15.811234823000063 ], [ 14.518840202000035, 15.793403731000069 ], [ 14.506952807000062, 15.776893461000043 ], [ 14.491763359000061, 15.758401959000025 ], [ 14.477234321000026, 15.740570867000031 ], [ 14.466007338000054, 15.724721008000074 ], [ 14.44421378100003, 15.698304575000066 ], [ 14.414495295000052, 15.661981981000054 ], [ 14.395343382000021, 15.63688637100006 ], [ 14.387418452000077, 15.627640619000033 ], [ 14.375531058000036, 15.618394868000053 ], [ 14.366285306000066, 15.606507474000068 ], [ 14.358360377000054, 15.600563776000058 ], [ 14.349114625000027, 15.588676382000074 ], [ 14.338548053000068, 15.576128577000077 ], [ 14.328641890000029, 15.567543236000063 ], [ 14.323358604000077, 15.559618307000051 ], [ 14.315433674000076, 15.552353788000062 ], [ 14.308829566000043, 15.545749680000029 ], [ 14.294960940000067, 15.529899820000026 ], [ 14.287696421000021, 15.519333248000066 ], [ 14.275148615000035, 15.508106264000048 ], [ 14.263921632000063, 15.496218869000074 ], [ 14.254675880000036, 15.484991886000046 ], [ 14.240146843000048, 15.470462848000068 ], [ 14.224296984000034, 15.453292167000029 ], [ 14.207786713000075, 15.435461075000035 ], [ 14.196559730000047, 15.421592449000059 ], [ 14.181370281000056, 15.408384233000049 ], [ 14.172124530000076, 15.395836427000063 ], [ 14.162878779000039, 15.38593026500007 ], [ 14.148349741000061, 15.369419995000044 ], [ 14.137122757000043, 15.359513833000051 ], [ 14.129197828000031, 15.349607671000058 ], [ 14.120612487000074, 15.340361920000078 ], [ 14.111366736000036, 15.331776579000064 ], [ 14.104102217000047, 15.322530828000026 ], [ 14.095516877000023, 15.31592672000005 ], [ 14.082969072000026, 15.300076861000036 ], [ 14.070421266000039, 15.284887412000046 ], [ 14.059194283000068, 15.275641661000066 ], [ 14.052590175000034, 15.26507508800006 ], [ 14.037610054000027, 15.253809929000056 ], [ 14.03573226900005, 15.248525620000066 ], [ 14.028180122000037, 15.240469933000043 ], [ 14.014286348000041, 15.225450440000031 ], [ 14.007682240000065, 15.221487975000059 ], [ 13.999757310000064, 15.206958937000024 ], [ 13.97466170000007, 15.177900862000058 ], [ 13.964095127000064, 15.164032235000036 ], [ 13.951547322000067, 15.146861554000054 ], [ 13.938999516000024, 15.132992927000032 ], [ 13.931734997000035, 15.123747176000052 ], [ 13.923810068000023, 15.116482657000063 ], [ 13.917205960000047, 15.107236906000026 ], [ 13.909281030000045, 15.096009922000064 ], [ 13.905978976000029, 15.09336827900006 ], [ 13.898054046000027, 15.083462117000067 ], [ 13.882864598000026, 15.057706096000061 ], [ 13.874939668000025, 15.039875004000066 ], [ 13.870977204000042, 15.029308431000061 ], [ 13.860410631000036, 15.012798161000035 ], [ 13.856448166000064, 15.004212821000067 ], [ 13.851825290000022, 14.996287891000065 ], [ 13.850504469000043, 14.989023372000077 ], [ 13.843900361000067, 14.977135978000035 ], [ 13.830042839000043, 14.956595421000031 ], [ 13.824170113000037, 14.945779800000025 ], [ 13.804275712000049, 14.896565860000067 ], [ 13.796489716000053, 14.877706528000033 ], [ 13.796350783000037, 14.868168195000067 ], [ 13.798332015000028, 14.859582855000042 ], [ 13.797671604000072, 14.850337103000072 ], [ 13.798992426000041, 14.841751763000048 ], [ 13.798992426000041, 14.827883136000025 ], [ 13.797011194000049, 14.817976974000032 ], [ 13.798992426000041, 14.802787526000031 ], [ 13.794139862000065, 14.797283173000039 ], [ 13.799153328000045, 14.78006362900004 ], [ 13.816163107000023, 14.751935894000042 ], [ 13.820785982000075, 14.740708910000023 ], [ 13.809558999000046, 14.734104802000047 ], [ 13.796350783000037, 14.730142337000075 ], [ 13.786444621000044, 14.724859051000067 ], [ 13.777198869000074, 14.722217407000073 ], [ 13.769273940000062, 14.720236175000025 ], [ 13.762009421000073, 14.716934121000065 ], [ 13.756726134000075, 14.71561329900004 ], [ 13.753424080000059, 14.712971656000036 ], [ 13.746159562000059, 14.710990424000045 ], [ 13.733611756000073, 14.702405083000031 ], [ 13.707195324000054, 14.673347008000064 ], [ 13.699270395000042, 14.666742900000031 ], [ 13.690685054000028, 14.657497149000051 ], [ 13.689364233000049, 14.648911808000037 ], [ 13.688043411000024, 14.642968111000073 ], [ 13.688703822000036, 14.635043181000071 ], [ 13.690024643000072, 14.625137019000022 ], [ 13.690258980000067, 14.615182877000052 ], [ 13.69250011400004, 14.612939835000077 ], [ 13.691820145000065, 14.606960297000057 ], [ 13.692005876000053, 14.578908263000073 ], [ 13.683420535000039, 14.566360458000077 ], [ 13.668231087000038, 14.551171009000029 ], [ 13.66294780000004, 14.547868955000069 ], [ 13.657664514000032, 14.539283615000045 ], [ 13.649739584000031, 14.538623204000032 ], [ 13.643135476000054, 14.537962793000077 ], [ 13.637191779000034, 14.536641972000041 ], [ 13.629927260000045, 14.535981561000028 ], [ 13.620021098000052, 14.53466073900006 ], [ 13.606812882000042, 14.534000328000047 ], [ 13.594265077000045, 14.531358685000043 ], [ 13.585679736000031, 14.529377453000052 ], [ 13.572471520000022, 14.520792112000038 ], [ 13.543413445000056, 14.503621431000056 ], [ 13.518978245000028, 14.494375680000076 ], [ 13.493882635000034, 14.488431983000055 ], [ 13.491240991000041, 14.47984664300003 ], [ 13.489704321000033, 14.47583009300007 ], [ 13.486670494000066, 14.467900276000023 ], [ 13.483316062000029, 14.456732264000038 ], [ 13.478693186000044, 14.447486513000058 ], [ 13.474070310000059, 14.434278297000048 ], [ 13.468126613000038, 14.416447205000054 ], [ 13.479640007000057, 14.379630089000045 ], [ 13.479925156000036, 14.378720284000053 ], [ 13.481080055000064, 14.375040054000067 ], [ 13.485630035000042, 14.358269691000032 ], [ 13.485832214000027, 14.357190132000028 ], [ 13.488040924000074, 14.345409393000068 ], [ 13.49380016300006, 14.321519852000051 ], [ 13.496524278000038, 14.303516958000046 ], [ 13.500996590000057, 14.292586327000038 ], [ 13.518520355000021, 14.215640068000027 ], [ 13.528590202000032, 14.173379898000064 ], [ 13.532670021000058, 14.156840324000029 ], [ 13.535079956000061, 14.142129898000064 ], [ 13.551147461000028, 14.072986603000061 ], [ 13.557129860000032, 14.048410416000024 ], [ 13.560729980000076, 14.031869888000074 ], [ 13.562983513000063, 14.018115044000069 ], [ 13.563630104000026, 14.014169693000042 ], [ 13.56769084900003, 13.999470711000072 ], [ 13.576870918000054, 13.95956039400005 ], [ 13.578471184000023, 13.952602386000024 ], [ 13.585892677000061, 13.92089653000005 ], [ 13.590669632000072, 13.902059555000051 ], [ 13.594530106000036, 13.879540443000053 ], [ 13.601929665000057, 13.85173988300005 ], [ 13.614609718000054, 13.795900345000064 ], [ 13.616928101000042, 13.784804344000065 ], [ 13.61845016500007, 13.777520180000067 ], [ 13.620820045000073, 13.77132034300007 ], [ 13.622859955000024, 13.756897926000022 ], [ 13.622999191000076, 13.755914688000075 ], [ 13.62609481800007, 13.746036530000026 ], [ 13.628009796000072, 13.737070084000038 ], [ 13.63350772900003, 13.713635445000023 ], [ 13.634550095000066, 13.710680008000054 ], [ 13.616580009000074, 13.710590363000051 ], [ 13.612822533000042, 13.708739281000021 ], [ 13.611795425000025, 13.70894527400003 ], [ 13.607173920000037, 13.709871292000059 ], [ 13.592112541000063, 13.710741043000041 ], [ 13.58694362600005, 13.70934391000003 ], [ 13.581529617000058, 13.710020065000037 ], [ 13.561298370000031, 13.710176468000043 ], [ 13.558394432000057, 13.710691452000049 ], [ 13.554941177000046, 13.711304665000057 ], [ 13.542947769000023, 13.710342407000041 ], [ 13.474960327000076, 13.710559845000034 ], [ 13.465310097000042, 13.710289955000064 ], [ 13.465317726000023, 13.709553719000041 ], [ 13.465318680000053, 13.70936965900006 ], [ 13.456839561000038, 13.711179733000051 ], [ 13.443200111000067, 13.710430145000032 ], [ 13.430970192000075, 13.709466934000034 ], [ 13.386095208000029, 13.710056415000054 ], [ 13.385836888000028, 13.709798095000053 ], [ 13.37049102800006, 13.713592529000039 ], [ 13.362501144000078, 13.711720467000077 ], [ 13.353783607000025, 13.714444160000028 ], [ 13.349099159000048, 13.710054398000068 ], [ 13.341100693000044, 13.710021019000067 ], [ 13.34098625200005, 13.709851265000054 ], [ 13.338765144000035, 13.70656204200003 ], [ 13.336100578000071, 13.696112633000041 ], [ 13.335741043000041, 13.69470119500005 ], [ 13.334794044000034, 13.693294525000056 ], [ 13.333502769000063, 13.692625999000029 ], [ 13.332608223000022, 13.692162514000074 ], [ 13.33126068100006, 13.691465378000032 ], [ 13.317850113000077, 13.691040039000029 ], [ 13.314787865000028, 13.689438820000078 ], [ 13.313599586000066, 13.682999611000071 ], [ 13.308650970000031, 13.681175232000044 ], [ 13.306281090000027, 13.674741745000063 ], [ 13.299459457000069, 13.674299240000039 ], [ 13.297808647000068, 13.672693253000034 ], [ 13.298744202000023, 13.670620918000054 ], [ 13.300374985000076, 13.664176941000051 ], [ 13.298480034000022, 13.657970428000056 ], [ 13.297632217000057, 13.658200264000072 ], [ 13.293310165000037, 13.659370422000052 ], [ 13.283169746000056, 13.651570320000076 ], [ 13.274459839000031, 13.647453308000024 ], [ 13.271156311000027, 13.643091202000051 ], [ 13.275145531000021, 13.639631271000042 ], [ 13.275378227000033, 13.638250351000067 ], [ 13.269963264000069, 13.635734558000024 ], [ 13.265012741000021, 13.631146431000047 ], [ 13.261464119000038, 13.622414589000073 ], [ 13.257220268000026, 13.617826462000039 ], [ 13.249923706000061, 13.615082741000037 ], [ 13.248270035000075, 13.61301994300004 ], [ 13.252260208000052, 13.609560013000078 ], [ 13.254139900000041, 13.606329918000029 ], [ 13.254818916000033, 13.596899986000039 ], [ 13.262113571000043, 13.598722458000054 ], [ 13.265159607000044, 13.594120026000041 ], [ 13.264220238000064, 13.592510223000033 ], [ 13.25691413900006, 13.587924957000041 ], [ 13.257141113000046, 13.584474564000061 ], [ 13.254782677000037, 13.581489563000048 ], [ 13.251720428000056, 13.580579758000056 ], [ 13.239749908000022, 13.586359978000075 ], [ 13.235509872000023, 13.58475971200005 ], [ 13.232430458000067, 13.573490143000072 ], [ 13.233126640000023, 13.571651459000066 ], [ 13.238539696000032, 13.572099686000058 ], [ 13.239944458000025, 13.571290016000034 ], [ 13.241350174000047, 13.570480347000057 ], [ 13.242051125000046, 13.567029953000031 ], [ 13.241100311000025, 13.563579559000061 ], [ 13.237564087000067, 13.558300018000068 ], [ 13.232150078000075, 13.555319786000041 ], [ 13.221563339000056, 13.552817345000051 ], [ 13.22014045700007, 13.546609879000073 ], [ 13.218491554000025, 13.546154022000053 ], [ 13.215682030000039, 13.551450729000067 ], [ 13.214268684000047, 13.550303459000077 ], [ 13.209296227000038, 13.534214020000036 ], [ 13.208339691000049, 13.526625633000037 ], [ 13.200101852000046, 13.522503853000046 ], [ 13.198683739000046, 13.518825531000061 ], [ 13.199850082000069, 13.515139580000039 ], [ 13.200078011000073, 13.511463165000066 ], [ 13.199518204000071, 13.511009216000048 ], [ 13.198664665000024, 13.510316849000048 ], [ 13.194899559000021, 13.510789871000043 ], [ 13.191622734000077, 13.514932632000068 ], [ 13.186479568000038, 13.530119896000031 ], [ 13.183900833000052, 13.532199860000048 ], [ 13.179199219000054, 13.532440186000031 ], [ 13.165319443000044, 13.528329849000045 ], [ 13.162730217000046, 13.526269913000021 ], [ 13.162960052000074, 13.521889687000055 ], [ 13.161779404000072, 13.521436691000076 ], [ 13.158009529000026, 13.51776409100006 ], [ 13.159413338000036, 13.514081001000022 ], [ 13.158000946000072, 13.512933731000032 ], [ 13.155179024000063, 13.512709618000031 ], [ 13.149542809000025, 13.515481949000048 ], [ 13.143190384000036, 13.514800072000071 ], [ 13.142024994000053, 13.518027306000022 ], [ 13.145339012000022, 13.529750824000075 ], [ 13.144412041000066, 13.536654472000066 ], [ 13.149840355000038, 13.544919968000045 ], [ 13.148200035000059, 13.54769039200005 ], [ 13.145609856000021, 13.547229767000033 ], [ 13.139011383000025, 13.540114403000075 ], [ 13.133131027000047, 13.539207458000021 ], [ 13.129839897000068, 13.539212227000064 ], [ 13.12419796000006, 13.539683342000046 ], [ 13.12254619600003, 13.536236763000034 ], [ 13.128643990000057, 13.528404236000029 ], [ 13.126525879000042, 13.527258873000051 ], [ 13.125349998000047, 13.524729729000057 ], [ 13.127455711000039, 13.521506310000063 ], [ 13.12744998900007, 13.518980026000065 ], [ 13.122980118000044, 13.519680023000035 ], [ 13.105620384000076, 13.535349846000031 ], [ 13.100669861000029, 13.530759811000053 ], [ 13.093589783000027, 13.51628017400003 ], [ 13.090768814000057, 13.514676094000038 ], [ 13.089193344000023, 13.516951561000042 ], [ 13.086782455000048, 13.520433426000068 ], [ 13.083250046000046, 13.519519806000062 ], [ 13.079731941000034, 13.521595955000066 ], [ 13.071975708000025, 13.523220062000064 ], [ 13.067049980000036, 13.52713966400006 ], [ 13.067522049000047, 13.531048775000045 ], [ 13.071525574000077, 13.53495216400006 ], [ 13.075286865000066, 13.534944534000033 ], [ 13.081885338000063, 13.543674469000052 ], [ 13.081418037000049, 13.545744896000031 ], [ 13.079770088000032, 13.546669960000031 ], [ 13.075539589000073, 13.547369957000058 ], [ 13.064959526000052, 13.547149658000023 ], [ 13.057662964000031, 13.540266037000038 ], [ 13.054840088000049, 13.53935146300006 ], [ 13.049202919000038, 13.542580605000069 ], [ 13.047554970000022, 13.541433334000033 ], [ 13.044953346000057, 13.532007217000057 ], [ 13.045989990000066, 13.529009819000066 ], [ 13.046708107000029, 13.524407387000053 ], [ 13.043521881000061, 13.525131226000042 ], [ 13.041764259000047, 13.525530815000025 ], [ 13.030205727000066, 13.532139778000044 ], [ 13.027462959000047, 13.531333923000034 ], [ 13.026220322000029, 13.530969620000064 ], [ 13.011980057000073, 13.513870239000028 ], [ 13.007761955000035, 13.511089325000057 ], [ 13.004470825000055, 13.511071205000064 ], [ 13.001162529000055, 13.514043808000054 ], [ 12.995118141000034, 13.513782501000037 ], [ 12.986140251000052, 13.509819984000046 ], [ 12.975799561000031, 13.509530067000071 ], [ 12.974128723000035, 13.513895035000075 ], [ 12.970591545000048, 13.515484810000032 ], [ 12.966398239000057, 13.509482384000023 ], [ 12.961174965000055, 13.497218132000057 ], [ 12.958201408000036, 13.504376411000067 ], [ 12.954172134000032, 13.509643555000025 ], [ 12.946927071000061, 13.502934456000048 ], [ 12.937776566000025, 13.500121117000049 ], [ 12.930532455000048, 13.49341011000007 ], [ 12.924012184000048, 13.483252525000069 ], [ 12.906163216000039, 13.481081009000036 ], [ 12.901200294000034, 13.485192299000062 ], [ 12.892500877000032, 13.485601425000027 ], [ 12.891510010000047, 13.49302005800007 ], [ 12.87705993700007, 13.497050285000057 ], [ 12.873760223000033, 13.494979858000022 ], [ 12.872579575000032, 13.488080025000045 ], [ 12.873519897000051, 13.483940125000061 ], [ 12.879388809000034, 13.477492332000054 ], [ 12.879855156000076, 13.473350525000058 ], [ 12.878683090000038, 13.470680237000067 ], [ 12.878441811000073, 13.47013187400006 ], [ 12.874449730000038, 13.47037029300003 ], [ 12.865755081000032, 13.477046967000035 ], [ 12.858470917000034, 13.480044365000026 ], [ 12.856119156000034, 13.475910187000068 ], [ 12.852120399000057, 13.47406959500006 ], [ 12.849295616000063, 13.470392227000048 ], [ 12.849916458000052, 13.469783783000025 ], [ 12.851174355000069, 13.468550682000057 ], [ 12.85225868200007, 13.468453407000027 ], [ 12.853759766000053, 13.468317986000045 ], [ 12.861280441000076, 13.467849731000058 ], [ 12.862454414000069, 13.465549469000052 ], [ 12.861040115000037, 13.46325016000003 ], [ 12.85980033900006, 13.460683823000068 ], [ 12.857040405000077, 13.454970360000061 ], [ 12.855388641000047, 13.449454308000043 ], [ 12.855586052000035, 13.448872566000034 ], [ 12.856326103000072, 13.446693420000031 ], [ 12.861727715000029, 13.441166878000047 ], [ 12.862199783000051, 13.438870430000065 ], [ 12.861249924000049, 13.43657016800006 ], [ 12.854438782000045, 13.438414574000035 ], [ 12.847860336000053, 13.439109802000075 ], [ 12.841750145000049, 13.443719864000059 ], [ 12.837759972000072, 13.442569733000028 ], [ 12.835401535000074, 13.437973022000051 ], [ 12.838686943000027, 13.431758881000064 ], [ 12.83798027000006, 13.428999901000054 ], [ 12.834454536000067, 13.429002762000039 ], [ 12.832105637000041, 13.430844307000029 ], [ 12.829759598000066, 13.430620193000038 ], [ 12.827639580000039, 13.426250458000027 ], [ 12.816829681000058, 13.425569534000033 ], [ 12.81517982500003, 13.423270226000056 ], [ 12.816120148000039, 13.421199799000021 ], [ 12.829039574000035, 13.419810295000048 ], [ 12.831620216000033, 13.417269707000059 ], [ 12.833965302000024, 13.404390335000073 ], [ 12.83161068000004, 13.397951126000066 ], [ 12.827850342000033, 13.396800041000063 ], [ 12.827467918000025, 13.39749908400006 ], [ 12.826210022000055, 13.399800301000028 ], [ 12.826910019000024, 13.403479576000052 ], [ 12.825269699000046, 13.407159805000049 ], [ 12.822219849000021, 13.40555000300003 ], [ 12.81915760000004, 13.400723457000026 ], [ 12.821035385000073, 13.396580696000058 ], [ 12.81962204000007, 13.393131256000061 ], [ 12.818801880000024, 13.392622948000053 ], [ 12.805517197000029, 13.38440227500007 ], [ 12.801871300000073, 13.381973267000035 ], [ 12.800345421000031, 13.380955696000058 ], [ 12.79753017400003, 13.380729675000055 ], [ 12.797060013000078, 13.379810333000023 ], [ 12.795201302000066, 13.376636505000022 ], [ 12.794230461000041, 13.374979973000052 ], [ 12.795410156000059, 13.371760368000025 ], [ 12.794230461000041, 13.368769646000032 ], [ 12.787409782000054, 13.361183167000036 ], [ 12.785747528000059, 13.360264778000044 ], [ 12.782004356000073, 13.358196259000067 ], [ 12.78059005700004, 13.357740402000047 ], [ 12.77237033800003, 13.35406017300005 ], [ 12.762969971000075, 13.351769447000038 ], [ 12.754750252000065, 13.352009773000077 ], [ 12.753339767000057, 13.353619576000028 ], [ 12.740409851000038, 13.340279579000025 ], [ 12.737588882000068, 13.334992409000051 ], [ 12.738527298000065, 13.331771851000042 ], [ 12.742989540000053, 13.32878017400003 ], [ 12.742050171000074, 13.325099945000034 ], [ 12.738289833000067, 13.321419716000037 ], [ 12.730533600000058, 13.318893433000028 ], [ 12.714558601000022, 13.31683158900006 ], [ 12.713853836000055, 13.314532280000037 ], [ 12.72066402400003, 13.309007645000065 ], [ 12.721599579000042, 13.306710243000055 ], [ 12.717635155000039, 13.304653168000073 ], [ 12.714319229000068, 13.304180145000032 ], [ 12.709389687000055, 13.308320045000073 ], [ 12.70374965700006, 13.313389778000044 ], [ 12.698109627000065, 13.312239647000069 ], [ 12.692944527000066, 13.313161850000029 ], [ 12.69059562700005, 13.308792114000028 ], [ 12.693881989000033, 13.300509453000075 ], [ 12.689180374000046, 13.290390015000071 ], [ 12.676489830000037, 13.274290085000075 ], [ 12.673674583000036, 13.272912025000039 ], [ 12.669681549000074, 13.273142815000028 ], [ 12.668272972000068, 13.273834229000045 ], [ 12.667099953000047, 13.278659821000076 ], [ 12.663809776000051, 13.284649849000061 ], [ 12.659819603000074, 13.285570145000065 ], [ 12.655119896000031, 13.28349971800003 ], [ 12.650893211000039, 13.283731461000059 ], [ 12.648308754000027, 13.286031723000065 ], [ 12.648447037000039, 13.286340714000062 ], [ 12.648770332000026, 13.28707027400003 ], [ 12.647175789000073, 13.293723106000073 ], [ 12.647089958000038, 13.29407978100005 ], [ 12.647040367000045, 13.30051994300004 ], [ 12.643522263000023, 13.300260544000025 ], [ 12.640257835000057, 13.297019005000038 ], [ 12.63381004300004, 13.279720306000058 ], [ 12.626111984000033, 13.272311211000044 ], [ 12.618129730000021, 13.271800041000063 ], [ 12.609399796000048, 13.276570320000076 ], [ 12.597669601000064, 13.275799751000022 ], [ 12.58957386000003, 13.277718544000038 ], [ 12.589189529000066, 13.277810097000042 ], [ 12.588740349000034, 13.275970459000064 ], [ 12.592329979000056, 13.267479897000044 ], [ 12.591417313000022, 13.263333321000061 ], [ 12.581031799000073, 13.270161629000029 ], [ 12.57893180800005, 13.268306732000042 ], [ 12.577150371000073, 13.256099880000022 ], [ 12.568725586000028, 13.26788330100004 ], [ 12.577150345000064, 13.256099701000039 ], [ 12.574609756000029, 13.249875069000041 ], [ 12.565990448000036, 13.240150452000023 ], [ 12.566249847000051, 13.237395287000027 ], [ 12.572400093000056, 13.231229782000071 ], [ 12.56820964800005, 13.226140022000038 ], [ 12.557439804000069, 13.222610474000021 ], [ 12.553473473000054, 13.219133377000048 ], [ 12.552889824000033, 13.203720093000072 ], [ 12.550089836000041, 13.200940132000028 ], [ 12.547036171000059, 13.201145172000054 ], [ 12.540605545000062, 13.212830544000042 ], [ 12.540097237000055, 13.212859154000057 ], [ 12.536549568000055, 13.213060379000069 ], [ 12.536060333000023, 13.21243 ], [ 12.537469864000059, 13.207360268000059 ], [ 12.536762238000051, 13.203682899000057 ], [ 12.540287018000072, 13.195861816000047 ], [ 12.543575287000067, 13.192411423000067 ], [ 12.548272133000069, 13.190570831000059 ], [ 12.553202629000054, 13.191031456000076 ], [ 12.559071541000037, 13.19724369000005 ], [ 12.561418533000051, 13.198163986000054 ], [ 12.565177917000028, 13.193102837000026 ], [ 12.555553436000025, 13.181369781000058 ], [ 12.553440094000052, 13.176079750000042 ], [ 12.552969933000043, 13.167799950000074 ], [ 12.554149628000062, 13.161359787000038 ], [ 12.557573318000038, 13.158672333000027 ], [ 12.558846474000063, 13.157674789000055 ], [ 12.553212166000037, 13.154223442000045 ], [ 12.549925804000054, 13.153302193000059 ], [ 12.546170235000034, 13.149161339000045 ], [ 12.542416573000025, 13.140419006000059 ], [ 12.539600372000052, 13.139269829000057 ], [ 12.537956238000049, 13.140418053000076 ], [ 12.537019730000054, 13.146169662000034 ], [ 12.532079697000029, 13.146860123000067 ], [ 12.526220322000029, 13.146169662000034 ], [ 12.518699646000073, 13.149849892000077 ], [ 12.512129784000024, 13.143170357000031 ], [ 12.504385948000049, 13.13903141000003 ], [ 12.49476528200006, 13.128906250000057 ], [ 12.490779877000023, 13.120849609000061 ], [ 12.49077892300005, 13.119703293000043 ], [ 12.494538307000028, 13.112803459000077 ], [ 12.494966507000072, 13.112121582000043 ], [ 12.496417046000033, 13.109811783000055 ], [ 12.491725922000057, 13.101758957000072 ], [ 12.492429733000051, 13.098310471000048 ], [ 12.496890068000027, 13.093709946000047 ], [ 12.494126320000021, 13.092099190000056 ], [ 12.490558624000073, 13.090024948000064 ], [ 12.491732597000066, 13.088185310000028 ], [ 12.49643039700004, 13.08703994800004 ], [ 12.496899605000067, 13.08382034300007 ], [ 12.49596023600003, 13.08289527900007 ], [ 12.484224319000077, 13.084041595000031 ], [ 12.480937958000027, 13.083580017000031 ], [ 12.479296684000076, 13.081048965000036 ], [ 12.482589722000057, 13.070699692000062 ], [ 12.480480194000052, 13.064720154000042 ], [ 12.476724625000031, 13.062413216000039 ], [ 12.470859528000062, 13.063329697000029 ], [ 12.469364166000048, 13.064293861000067 ], [ 12.461230278000073, 13.069540024000048 ], [ 12.452779770000063, 13.071840286000054 ], [ 12.446105003000071, 13.071681023000053 ], [ 12.442689896000047, 13.071599960000071 ], [ 12.433529854000028, 13.071140289000027 ], [ 12.420787811000025, 13.075105667000059 ], [ 12.418040276000056, 13.075960159000033 ], [ 12.416376114000059, 13.076519012000063 ], [ 12.409819603000074, 13.078720093000072 ], [ 12.407010078000042, 13.078949928000043 ], [ 12.406270027000062, 13.078462601000069 ], [ 12.404899597000053, 13.077560425000058 ], [ 12.400439262000077, 13.074110031000032 ], [ 12.402079582000056, 13.077331543000071 ], [ 12.396450043000073, 13.077790260000029 ], [ 12.379999161000057, 13.076123238000037 ], [ 12.378141403000029, 13.075935364000031 ], [ 12.370389938000073, 13.076620102000049 ], [ 12.368750572000067, 13.078459740000028 ], [ 12.369065285000033, 13.081364632000032 ], [ 12.369448662000025, 13.084901810000076 ], [ 12.369374275000041, 13.085119247000023 ], [ 12.368741989000057, 13.086972237000055 ], [ 12.365690231000031, 13.089730263000035 ], [ 12.362400055000023, 13.090189934000023 ], [ 12.361700058000054, 13.088120461000074 ], [ 12.361709595000036, 13.080760002000034 ], [ 12.355369568000071, 13.078450203000045 ], [ 12.352085114000033, 13.079367638000065 ], [ 12.343393326000069, 13.086492538000073 ], [ 12.340814590000036, 13.084189415000026 ], [ 12.339650154000026, 13.073149681000075 ], [ 12.336836815000026, 13.071763039000075 ], [ 12.336048126000037, 13.072469711000053 ], [ 12.334017754000058, 13.074291229000039 ], [ 12.332839966000051, 13.077739716000053 ], [ 12.334710121000057, 13.083040237000034 ], [ 12.329781532000027, 13.08487033800003 ], [ 12.32320880900005, 13.085784912000065 ], [ 12.322270393000053, 13.086469650000026 ], [ 12.316630363000058, 13.088999748000049 ], [ 12.311228752000034, 13.093826294000053 ], [ 12.307236671000055, 13.095663071000047 ], [ 12.297378540000068, 13.096114159000024 ], [ 12.294327736000071, 13.095420837000063 ], [ 12.291028976000064, 13.093852043000027 ], [ 12.287055016000068, 13.091961861000073 ], [ 12.280489922000072, 13.08620357500007 ], [ 12.282372475000045, 13.083675385000049 ], [ 12.288009644000056, 13.082300186000055 ], [ 12.288476944000024, 13.081151009000052 ], [ 12.287140846000057, 13.080057144000023 ], [ 12.27768039700004, 13.080909729000041 ], [ 12.274860382000043, 13.083209991000047 ], [ 12.272509575000072, 13.088729858000022 ], [ 12.272970200000032, 13.095399857000075 ], [ 12.270375252000065, 13.103218079000044 ], [ 12.268147469000041, 13.105990410000061 ], [ 12.265199661000054, 13.109649658000023 ], [ 12.259588242000063, 13.112947464000058 ], [ 12.256979942000044, 13.114480019000041 ], [ 12.241250038000032, 13.114689827000063 ], [ 12.239542007000068, 13.113911629000029 ], [ 12.238203049000049, 13.113304138000046 ], [ 12.233751297000026, 13.107316971000046 ], [ 12.23023033100003, 13.107769966000035 ], [ 12.218483925000044, 13.113969803000032 ], [ 12.210969925000029, 13.114879608000024 ], [ 12.207206726000038, 13.120397568000044 ], [ 12.202742577000038, 13.122692108000024 ], [ 12.194762230000038, 13.122220993000042 ], [ 12.188426971000069, 13.12037181900007 ], [ 12.183965683000054, 13.121056557000031 ], [ 12.178560257000072, 13.125189781000074 ], [ 12.176919937000036, 13.120360374000029 ], [ 12.178739548000067, 13.116458893000072 ], [ 12.179280281000047, 13.11530017900003 ], [ 12.187509537000039, 13.106570244000068 ], [ 12.180239677000031, 13.103799820000063 ], [ 12.177430153000046, 13.098270416000048 ], [ 12.173201561000042, 13.100565910000057 ], [ 12.170379639000032, 13.103782654000042 ], [ 12.163575172000037, 13.102162361000069 ], [ 12.161930084000062, 13.103309631000059 ], [ 12.157696724000061, 13.108135223000033 ], [ 12.150888443000042, 13.108584404000055 ], [ 12.149015427000052, 13.105590820000032 ], [ 12.150530815000025, 13.100507736000054 ], [ 12.151141167000048, 13.09846305800005 ], [ 12.149267197000029, 13.096851349000076 ], [ 12.142219543000067, 13.09914016700003 ], [ 12.139399529000059, 13.099370003000047 ], [ 12.134699821000027, 13.104189873000053 ], [ 12.134041786000068, 13.103541374000031 ], [ 12.131420135000042, 13.10095977800006 ], [ 12.129845619000037, 13.091150284000037 ], [ 12.123029709000036, 13.091549873000076 ], [ 12.119625092000035, 13.091999054000041 ], [ 12.118100166000033, 13.092200279000053 ], [ 12.114126205000048, 13.090325356000051 ], [ 12.104240417000028, 13.093460083000025 ], [ 12.07355022400003, 13.111829758000056 ], [ 12.047354698000049, 13.12654972100006 ], [ 12.045446396000045, 13.129753113000049 ], [ 12.040974617000074, 13.130864143000053 ], [ 12.027028084000051, 13.140862465000055 ], [ 12.014719963000061, 13.151329994000037 ], [ 12.011599541000066, 13.158206940000071 ], [ 11.995019913000021, 13.17323970800004 ], [ 11.98911380800007, 13.17686653100003 ], [ 11.935172081000076, 13.217781067000033 ], [ 11.928782463000061, 13.222783089000075 ], [ 11.910601616000065, 13.232504845000051 ], [ 11.884637833000056, 13.245373726000025 ], [ 11.884626389000061, 13.246523857000057 ], [ 11.876357079000059, 13.249342918000025 ], [ 11.875430107000057, 13.24965953800006 ], [ 11.819649696000056, 13.261320114000057 ], [ 11.810230255000022, 13.263990402000047 ], [ 11.785750389000043, 13.268580437000026 ], [ 11.777063370000064, 13.268493652000075 ], [ 11.771860123000067, 13.271892548000039 ], [ 11.764570236000054, 13.272509575000072 ], [ 11.751150131000031, 13.275369644000023 ], [ 11.743869781000058, 13.275529861000052 ], [ 11.738913536000041, 13.27777767200007 ], [ 11.728320122000071, 13.279970169000023 ], [ 11.695590019000065, 13.287010193000071 ], [ 11.671786308000037, 13.294585228000074 ], [ 11.665664673000038, 13.295903206000048 ], [ 11.661399841000048, 13.299309731000051 ], [ 11.65198040000007, 13.301739693000059 ], [ 11.637607574000072, 13.305276871000046 ], [ 11.625569344000041, 13.310443878000058 ], [ 11.609749794000038, 13.317179680000038 ], [ 11.601510048000023, 13.319165230000067 ], [ 11.590640068000027, 13.325260162000063 ], [ 11.539630890000069, 13.347956657000054 ], [ 11.52219677000005, 13.352141380000035 ], [ 11.522185326000056, 13.353060722000066 ], [ 11.517250061000027, 13.352780342000074 ], [ 11.485489845000075, 13.356809616000021 ], [ 11.480093956000076, 13.356058121000046 ], [ 11.46879959100005, 13.357769966000035 ], [ 11.464304924000032, 13.360026360000063 ], [ 11.450889587000063, 13.361949921000075 ], [ 11.437009811000053, 13.363639832000047 ], [ 11.395580292000034, 13.370079994000037 ], [ 11.36758995100007, 13.372065544000066 ], [ 11.367090411000049, 13.372079442000029 ], [ 11.326456070000063, 13.373209953000071 ], [ 11.32627773300004, 13.373210907000043 ], [ 11.302249908000022, 13.373390198000038 ], [ 11.302260399000033, 13.372469902000034 ], [ 11.295901299000036, 13.373780251000028 ], [ 11.283914566000021, 13.374102592000042 ], [ 11.26132965100004, 13.374349594000023 ], [ 11.212706566000065, 13.374881744000049 ], [ 11.212695122000071, 13.375801086000024 ], [ 11.205652237000038, 13.375258446000032 ], [ 11.180986404000066, 13.374734879000073 ], [ 11.174625397000057, 13.376040459000023 ], [ 11.166883469000027, 13.37502670300006 ], [ 11.144077301000038, 13.376132965000068 ], [ 11.132576942000071, 13.375074387000041 ], [ 11.080799103000061, 13.374256134000063 ], [ 11.068675041000063, 13.374064445000045 ], [ 11.065130234000037, 13.375631332000069 ], [ 11.059988022000027, 13.374153137000064 ], [ 11.059277534000046, 13.373949051000068 ], [ 11.034850121000034, 13.373419762000026 ], [ 11.029990196000028, 13.372901917000036 ], [ 11.024990082000045, 13.372369766000077 ], [ 11.024979591000033, 13.373290062000024 ], [ 10.98550033600003, 13.373720169000023 ], [ 10.977290154000059, 13.372229576000052 ], [ 10.923524857000075, 13.369249344000025 ], [ 10.911560059000067, 13.368180275000043 ], [ 10.901450157000056, 13.368280411000057 ], [ 10.881030083000041, 13.36639976500004 ], [ 10.860353470000064, 13.366591454000059 ], [ 10.849091530000067, 13.365294456000072 ], [ 10.821850777000066, 13.364246368000067 ], [ 10.79156017300005, 13.362689972000055 ], [ 10.755176544000051, 13.360138893000055 ], [ 10.737560272000053, 13.359900475000074 ], [ 10.70421886400004, 13.358069420000049 ], [ 10.68731021900004, 13.357379913000045 ], [ 10.669230461000041, 13.356900215000053 ], [ 10.662229538000076, 13.355586052000035 ], [ 10.654697418000069, 13.35417079900003 ], [ 10.617067337000037, 13.340766907000045 ], [ 10.600489616000061, 13.333640099000036 ], [ 10.586689949000061, 13.329299927000022 ], [ 10.572210312000038, 13.32380676300005 ], [ 10.561459541000033, 13.320199966000075 ], [ 10.546528816000034, 13.313092232000031 ], [ 10.542162895000047, 13.311803818000044 ], [ 10.533432007000044, 13.309226036000041 ], [ 10.484379768000053, 13.290809631000059 ], [ 10.466419220000034, 13.282500267000046 ], [ 10.451865196000028, 13.281828880000035 ], [ 10.439200401000051, 13.280260086000055 ], [ 10.431920052000066, 13.280619621000028 ], [ 10.425570488000062, 13.279887199000029 ], [ 10.413629532000073, 13.278510094000069 ], [ 10.403308868000067, 13.277439117000029 ], [ 10.385470390000023, 13.276720047000026 ], [ 10.335709572000042, 13.274140358000068 ], [ 10.325380325000026, 13.273980141000038 ], [ 10.300735474000021, 13.272463799000036 ], [ 10.28806114200006, 13.271813393000059 ], [ 10.269289017000062, 13.270608902000049 ], [ 10.257766724000021, 13.271353722000072 ], [ 10.250509262000037, 13.269863129000044 ], [ 10.207086563000075, 13.267818451000039 ], [ 10.196809769000026, 13.263979912000025 ], [ 10.189862251000022, 13.260986328000058 ], [ 10.161363602000051, 13.248706818000073 ], [ 10.145520210000029, 13.241100311000025 ], [ 10.125459671000044, 13.232729912000025 ], [ 10.12291336100003, 13.230392456000061 ], [ 10.100056648000077, 13.220830917000058 ], [ 10.086459160000061, 13.214784622000025 ], [ 10.060894966000035, 13.203416824000044 ], [ 10.049510002000034, 13.196100235000074 ], [ 10.039522171000044, 13.189732552000066 ], [ 10.033288956000035, 13.18342113500006 ], [ 10.026958466000053, 13.180321693000053 ], [ 10.016288757000041, 13.175097466000068 ], [ 10.0, 13.165360451000026 ], [ 9.996532440000067, 13.163275719000069 ], [ 9.991482735000034, 13.156519890000027 ], [ 9.985450745000037, 13.152283669000042 ], [ 9.984539032000043, 13.150691032000054 ], [ 9.983855247000065, 13.149497032000056 ], [ 9.981908798000063, 13.149604797000052 ], [ 9.979028702000051, 13.143437386000073 ], [ 9.941012383000043, 13.101639748000025 ], [ 9.912679784000034, 13.070570115000066 ], [ 9.907724380000047, 13.066049576000069 ], [ 9.901127815000052, 13.060029984000039 ], [ 9.886538506000022, 13.048745155000063 ], [ 9.872682571000041, 13.03586006200004 ], [ 9.86939811700006, 13.035807610000063 ], [ 9.84676647200007, 13.014949799000021 ], [ 9.832784653000033, 12.996083260000034 ], [ 9.816587448000064, 12.97004318200004 ], [ 9.811965942000029, 12.966053963000036 ], [ 9.803277969000021, 12.95325374600003 ], [ 9.797310829000025, 12.945790291000037 ], [ 9.794327736000071, 12.942058563000046 ], [ 9.79037284900005, 12.940150261000042 ], [ 9.776782036000043, 12.926115990000028 ], [ 9.76989936800004, 12.917490005000047 ], [ 9.762962341000048, 12.911849976000042 ], [ 9.739519119000022, 12.888027191000049 ], [ 9.71021556900007, 12.858249664000027 ], [ 9.695456505000038, 12.844425201000035 ], [ 9.688586235000059, 12.835330009000074 ], [ 9.665972710000062, 12.815154076000056 ], [ 9.650238991000037, 12.803606033000051 ], [ 9.617137909000064, 12.805559158000051 ], [ 9.590634346000058, 12.805784225000025 ], [ 9.583170891000066, 12.807389259000047 ], [ 9.580745697000054, 12.807910919000051 ], [ 9.572783470000047, 12.807310104000067 ], [ 9.553791046000072, 12.807200432000059 ], [ 9.546731949000048, 12.808459282000058 ], [ 9.531233788000065, 12.809563637000053 ], [ 9.513890266000033, 12.809023857000057 ], [ 9.489235878000045, 12.81065273300004 ], [ 9.470886230000076, 12.817077637000068 ], [ 9.489229078000051, 12.810653825000031 ], [ 9.435132027000066, 12.819339752000076 ], [ 9.429696083000067, 12.821539879000056 ], [ 9.416323662000025, 12.821758270000032 ], [ 9.390265465000027, 12.823122978000072 ], [ 9.381879807000075, 12.820207596000046 ], [ 9.36528396600005, 12.817370415000028 ], [ 9.353327751000052, 12.817151070000023 ], [ 9.346109390000038, 12.814487457000041 ], [ 9.327386856000032, 12.812529564000045 ], [ 9.323244095000064, 12.812277794000067 ], [ 9.305603027000075, 12.811204910000072 ], [ 9.291965485000048, 12.813021660000061 ], [ 9.287998199000072, 12.812029839000047 ], [ 9.280432701000052, 12.815106392000075 ], [ 9.258296013000063, 12.81974983200007 ], [ 9.254364014000032, 12.822047234000024 ], [ 9.251415253000062, 12.823769569000035 ], [ 9.243416786000068, 12.824999809000076 ], [ 9.229824066000049, 12.824509621000061 ], [ 9.22602272000006, 12.826969147000057 ], [ 9.220363617000032, 12.828472137000063 ], [ 9.204102113000033, 12.828252034000059 ], [ 9.178863525000054, 12.827910423000048 ], [ 9.169425011000044, 12.830725670000049 ], [ 9.166579247000072, 12.832280159000049 ], [ 9.165260315000069, 12.832577705000062 ], [ 9.159982681000031, 12.833769798000048 ], [ 9.147079468000072, 12.83397960700006 ], [ 9.143355370000052, 12.832530022000071 ], [ 9.138160706000065, 12.834269524000035 ], [ 9.107416153000031, 12.835289955000064 ], [ 9.101775169000064, 12.83586692800003 ], [ 9.09332084700003, 12.83639431000006 ], [ 9.081152916000065, 12.835009575000072 ], [ 9.073364258000026, 12.83738994600003 ], [ 9.060474396000075, 12.836904526000069 ], [ 9.056112289000055, 12.837081909000062 ], [ 9.014700890000029, 12.838770866000061 ], [ 9.015319824000073, 12.840881348000039 ], [ 9.013913870000067, 12.83886086900003 ], [ 8.997538567000049, 12.840733528000044 ], [ 8.983735085000035, 12.839080811000031 ], [ 8.975409508000041, 12.833394051000028 ], [ 8.969788551000022, 12.833052635000058 ], [ 8.956509590000053, 12.839921951000065 ], [ 8.950110435000056, 12.841547966000064 ], [ 8.948964119000038, 12.841839790000051 ], [ 8.939523697000027, 12.844646454000042 ], [ 8.934302330000037, 12.847530365000068 ], [ 8.922516823000024, 12.850289345000022 ], [ 8.882371902000045, 12.86305999800004 ], [ 8.870720863000031, 12.870420456000033 ], [ 8.860633850000056, 12.870445251000035 ], [ 8.852832794000051, 12.873279572000058 ], [ 8.830378532000054, 12.881110191000062 ], [ 8.824522972000068, 12.880760193000071 ], [ 8.809592247000069, 12.887820244000068 ], [ 8.787895203000062, 12.893127441000047 ], [ 8.78125, 12.89667034100006 ], [ 8.772568703000047, 12.896725655000068 ], [ 8.760315895000076, 12.899230003000071 ], [ 8.725772858000028, 12.912560463000034 ], [ 8.71494102500003, 12.914409637000063 ], [ 8.713684082000043, 12.926513672000056 ], [ 8.71494, 12.91441 ], [ 8.709796906000065, 12.913608551000038 ], [ 8.707333565000056, 12.914662361000069 ], [ 8.703639030000033, 12.916242599000043 ], [ 8.696353912000063, 12.916780472000028 ], [ 8.690895081000065, 12.919658661000028 ], [ 8.678099632000055, 12.925374985000076 ], [ 8.67811965900006, 12.924455643000044 ], [ 8.674098969000056, 12.927248001000066 ], [ 8.671686172000022, 12.928922653000029 ], [ 8.661516190000043, 12.932621956000048 ], [ 8.648480415000051, 12.938559532000056 ], [ 8.646268845000066, 12.943072319000066 ], [ 8.644794464000029, 12.946080208000069 ], [ 8.64458084100005, 12.955738068000073 ], [ 8.640002251000055, 12.961159706000046 ], [ 8.631669998000064, 12.977096558000028 ], [ 8.626478195000061, 12.983659744000022 ], [ 8.621287346000031, 12.990223885000034 ], [ 8.601825714000029, 13.010519981000073 ], [ 8.599981308000054, 13.011174202000063 ], [ 8.59875106800007, 13.011610031000032 ], [ 8.592987061000031, 13.017469406000032 ], [ 8.591749191000076, 13.018593788000032 ], [ 8.585560799000064, 13.024214745000052 ], [ 8.564825058000054, 13.038269997000043 ], [ 8.551115303000074, 13.045940808000069 ], [ 8.544618607000075, 13.049575806000064 ], [ 8.531079292000072, 13.056650162000039 ], [ 8.515917778000073, 13.062769890000027 ], [ 8.499373436000042, 13.067709923000052 ], [ 8.486416817000077, 13.069729805000065 ], [ 8.468829155000037, 13.068889618000071 ], [ 8.441997528000059, 13.061639786000057 ], [ 8.421723366000037, 13.055210114000033 ], [ 8.415628433000052, 13.054849625000031 ], [ 8.400721550000071, 13.070170403000077 ], [ 8.388061523000033, 13.079560280000067 ], [ 8.388035774000059, 13.080710411000041 ], [ 8.38115692100007, 13.08378028900006 ], [ 8.376576424000064, 13.088972092000063 ], [ 8.374814987000036, 13.090401649000057 ], [ 8.365809441000067, 13.097709656000063 ], [ 8.356262207000043, 13.114529610000034 ], [ 8.347680092000076, 13.120089531000076 ], [ 8.327896118000069, 13.132769585000062 ], [ 8.316082184000038, 13.146080523000023 ], [ 8.314689636000026, 13.148469925000029 ], [ 8.313163757000041, 13.151092529000039 ], [ 8.311186790000022, 13.154490471000031 ], [ 8.307510376000039, 13.161079407000045 ], [ 8.293985367000062, 13.166992188000052 ], [ 8.28753471400006, 13.171680450000053 ], [ 8.272805214000073, 13.188839912000049 ], [ 8.266609192000033, 13.195980072000054 ], [ 8.262424469000052, 13.200802803000045 ], [ 8.255923271000029, 13.207559586000059 ], [ 8.211730003000071, 13.218995094000036 ], [ 8.204983711000068, 13.222805977000064 ], [ 8.19958686800004, 13.225853920000077 ], [ 8.196687698000062, 13.229240417000028 ], [ 8.191205978000028, 13.232569695000052 ], [ 8.184484482000073, 13.238628387000063 ], [ 8.176074982000046, 13.246491432000028 ], [ 8.164507866000065, 13.258653641000024 ], [ 8.158107758000028, 13.261039734000065 ], [ 8.156403542000021, 13.263529778000077 ], [ 8.153262138000059, 13.265761375000068 ], [ 8.145409584000049, 13.271340370000075 ], [ 8.126408577000063, 13.279879570000048 ], [ 8.106679916000076, 13.289319038000031 ], [ 8.085242271000027, 13.296006203000047 ], [ 8.081370114000038, 13.297215943000026 ], [ 8.078508377000048, 13.298110008000037 ], [ 8.067594528000029, 13.302459717000033 ], [ 8.062417030000063, 13.302799225000058 ], [ 8.046347618000027, 13.30657005300003 ], [ 8.042606354000043, 13.30578994800004 ], [ 8.036953926000024, 13.306349754000053 ], [ 8.035039902000051, 13.307755470000075 ], [ 8.033604622000041, 13.308810234000077 ], [ 8.02583789800002, 13.309317589000045 ], [ 8.022974968000028, 13.311090469000021 ], [ 8.00669193300007, 13.313935280000067 ], [ 7.997704983000062, 13.315405846000033 ], [ 7.986553192000031, 13.31723022500006 ], [ 7.947474003000025, 13.32359886200004 ], [ 7.942714146000071, 13.327790760000028 ], [ 7.94746999900002, 13.3236 ], [ 7.916382790000057, 13.326549530000023 ], [ 7.910712242000045, 13.327797890000056 ], [ 7.904125214000032, 13.328100204000066 ], [ 7.891621113000042, 13.330109596000057 ], [ 7.88176250500004, 13.329645157000073 ], [ 7.877869129000032, 13.331244469000069 ], [ 7.874876976000053, 13.332473755000024 ], [ 7.860014915000022, 13.333159447000071 ], [ 7.848526955000068, 13.333689690000028 ], [ 7.840466976000073, 13.336488724000048 ], [ 7.83292913400004, 13.337229729000057 ], [ 7.824880123000071, 13.339570045000073 ], [ 7.815503120000074, 13.338660240000024 ], [ 7.80409908300004, 13.334239960000048 ], [ 7.780453205000072, 13.321478844000069 ], [ 7.77074194000005, 13.31525993300005 ], [ 7.757229805000065, 13.306022644000052 ], [ 7.752958298000067, 13.303101540000057 ], [ 7.748989582000036, 13.302084923000052 ], [ 7.748567104000074, 13.299888611000029 ], [ 7.748367310000049, 13.298849106000034 ], [ 7.746247768000046, 13.299030304000041 ], [ 7.741615772000046, 13.296380043000056 ], [ 7.719625950000022, 13.283428192000031 ], [ 7.710157871000035, 13.276989937000053 ], [ 7.702507569000034, 13.272294789000057 ], [ 7.661356926000053, 13.247039795000035 ], [ 7.653294086000074, 13.240859985000043 ], [ 7.650465012000041, 13.241250038000032 ], [ 7.649586201000034, 13.238920212000039 ], [ 7.645853043000045, 13.237914085000057 ], [ 7.640079021000076, 13.234090805000051 ], [ 7.631794453000055, 13.227444649000063 ], [ 7.622995377000052, 13.224002838000047 ], [ 7.621614456000032, 13.221442223000054 ], [ 7.618797302000075, 13.221372604000067 ], [ 7.616877079000062, 13.220019341000068 ], [ 7.615363357000035, 13.218952688000059 ], [ 7.613722324000037, 13.217796326000041 ], [ 7.60215902300007, 13.210840225000027 ], [ 7.599231720000034, 13.209486008000056 ], [ 7.594266891000075, 13.207189560000074 ], [ 7.593369961000064, 13.206527710000046 ], [ 7.584588051000026, 13.200050354000041 ], [ 7.578996658000051, 13.198301315000037 ], [ 7.560260296000024, 13.187252998000076 ], [ 7.546411037000041, 13.179193497000028 ], [ 7.54557800300006, 13.17870903000005 ], [ 7.519777298000065, 13.163695335000057 ], [ 7.505888939000045, 13.15598011000003 ], [ 7.502231598000037, 13.152212143000042 ], [ 7.493169785000021, 13.148533821000058 ], [ 7.484409809000056, 13.142331123000076 ], [ 7.474181652000027, 13.138392448000047 ], [ 7.466334820000043, 13.132788658000038 ], [ 7.457818508000059, 13.126706123000076 ], [ 7.453186989000073, 13.124290466000048 ], [ 7.451247215000024, 13.123707771000056 ], [ 7.448993206000068, 13.123029709000036 ], [ 7.42631483100007, 13.110493660000031 ], [ 7.40071868900003, 13.101790428000072 ], [ 7.383417130000055, 13.099051476000056 ], [ 7.370751858000062, 13.098500252000065 ], [ 7.357340813000064, 13.099539757000059 ], [ 7.33146858200007, 13.101175308000052 ], [ 7.310251236000056, 13.104311943000027 ], [ 7.272113800000056, 13.107930183000065 ], [ 7.244559765000076, 13.110899925000069 ], [ 7.22788715400003, 13.110930443000029 ], [ 7.221741199000064, 13.103859901000021 ], [ 7.217574120000052, 13.101684570000032 ], [ 7.214951515000052, 13.098855019000041 ], [ 7.212331018000043, 13.096027741000057 ], [ 7.213697419000027, 13.118875142000036 ], [ 7.212329999000076, 13.096029999000052 ], [ 7.211935997000069, 13.093250275000059 ], [ 7.208910465000031, 13.09225368500006 ], [ 7.198655605000056, 13.080941200000041 ], [ 7.193107128000065, 13.077804565000065 ], [ 7.187184334000051, 13.071206093000058 ], [ 7.179252148000046, 13.060870171000033 ], [ 7.151635170000077, 13.03230381000003 ], [ 7.142652512000041, 13.026083946000028 ], [ 7.138556480000034, 13.024168968000026 ], [ 7.136389999000073, 13.02316 ], [ 7.124723911000046, 13.020779610000034 ], [ 7.100553989000048, 13.012089729000024 ], [ 7.091131687000029, 13.009585381000022 ], [ 7.086108208000041, 13.008250237000027 ], [ 7.067111015000023, 13.002243042000032 ], [ 7.063073158000066, 13.00096607200004 ], [ 7.050206184000047, 12.999469757000043 ], [ 7.039051533000077, 12.997591972000066 ], [ 7.02922391900006, 12.995525360000045 ], [ 7.010058403000073, 12.991496086000041 ], [ 7.0, 12.990980148000062 ], [ 6.946560383000076, 12.991404533000036 ], [ 6.934085846000073, 12.988610268000059 ], [ 6.928008080000041, 12.989852905000077 ], [ 6.91348266600005, 13.005711555000062 ], [ 6.904776096000035, 13.018719673000021 ], [ 6.901848793000056, 13.021628380000038 ], [ 6.891612053000074, 13.031800270000076 ], [ 6.88886976200007, 13.036437988000046 ], [ 6.849344254000073, 13.082290649000072 ], [ 6.832007274000034, 13.102402986000072 ], [ 6.818586349000043, 13.117972374000033 ], [ 6.807367802000044, 13.136073112000076 ], [ 6.797179222000068, 13.151002884000036 ], [ 6.791992188000052, 13.158604622000041 ], [ 6.789282799000034, 13.165541649000033 ], [ 6.76457500500004, 13.207290649000072 ], [ 6.750847816000032, 13.230710030000068 ], [ 6.74840854100006, 13.235133716000064 ], [ 6.742097378000039, 13.246579170000075 ], [ 6.736914158000047, 13.255979538000076 ], [ 6.729096889000061, 13.266900063000037 ], [ 6.717455864000044, 13.288909912000065 ], [ 6.714724064000052, 13.293549538000036 ], [ 6.709671974000059, 13.302129745000059 ], [ 6.699371338000049, 13.319747925000058 ], [ 6.698340893000022, 13.321310997000069 ], [ 6.685136318000048, 13.341334343000028 ], [ 6.677833557000042, 13.355463028000031 ], [ 6.664392948000057, 13.367609978000075 ], [ 6.65515136700003, 13.377859116000025 ], [ 6.653097630000048, 13.379702568000027 ], [ 6.636145592000048, 13.394914627000048 ], [ 6.599356003000025, 13.432272058000024 ] ] ] } }
]
}
